v_Intercept,v_coherence_signed,a,z,g,t,k,gain,seed_filter
0.1149004244709014,9.039915,0.9021182,0.5568648,0.9994601,0.38,10.0,1.2,42
0.1285635441207885,9.1247635,0.9129698,0.5515186,0.97138786,0.38,10.0,1.2,42
0.0626158865594863,8.816207,0.91835845,0.5550974,0.91121554,0.38,10.0,1.2,42
0.0952177554750442,9.0577345,0.90303254,0.5462103,0.99144244,0.38,10.0,1.2,42
0.0577071569824218,9.426697,0.9264124,0.55159193,0.8988224,0.38,10.0,1.2,42
0.089261635389328,8.989199,0.9060302,0.56514305,0.96741223,0.38,10.0,1.2,42
0.0942496723651886,8.610334,0.9057983,0.56009954,0.9199016,0.38,10.0,1.2,42
0.0698659470319748,8.484082,0.90141183,0.5539758,0.97874725,0.38,10.0,1.2,42
0.0546320179748535,9.160095,0.916492,0.5602292,0.9927553,0.38,10.0,1.2,42
0.119298639588356,9.057609,0.90584785,0.5358704,0.9866946,0.38,10.0,1.2,42
0.1088284640359878,9.033042,0.89233947,0.5529491,0.9914186,0.38,10.0,1.2,42
0.0573340659618377,9.351168,0.9189774,0.5694113,0.9889718,0.38,10.0,1.2,42
0.0968011479187011,9.109665,0.9135658,0.5436592,0.96778023,0.38,10.0,1.2,42
0.1385799283742904,8.860345,0.8954428,0.55320525,0.99639916,0.38,10.0,1.2,42
0.0947142103958129,9.441429,0.9216076,0.55054814,0.94123936,0.38,10.0,1.2,42
0.0661806424903869,9.164959,0.9104646,0.5502904,0.9851191,0.38,10.0,1.2,42
0.083044702720642,8.952751,0.9075506,0.5671181,0.9699973,0.38,10.0,1.2,42
0.070427382864952,8.79886,0.90545017,0.5461519,0.9968606,0.38,10.0,1.2,42
0.0806086156654357,8.611523,0.8985975,0.5544072,0.98009264,0.38,10.0,1.2,42
0.1033660961055755,8.487375,0.9021174,0.5555427,0.955111,0.38,10.0,1.2,42
0.1010499079990387,9.315344,0.89745927,0.5552851,0.9949374,0.38,10.0,1.2,42
0.078035773897171,9.228544,0.9061778,0.55490977,0.98391247,0.38,10.0,1.2,42
0.0494355431556701,9.206219,0.92993224,0.55960923,0.9048078,0.38,10.0,1.2,42
0.0401534078645706,9.228221,0.90388703,0.558101,0.9971385,0.38,10.0,1.2,42
0.1100650948524475,8.955746,0.908696,0.5440467,0.99926376,0.38,10.0,1.2,42
0.0435669342088699,9.10535,0.904365,0.56409043,0.9440509,0.38,10.0,1.2,42
0.1346179691839218,9.12758,0.8979115,0.5287235,0.9950237,0.38,10.0,1.2,42
0.1056032728910446,8.991094,0.9109584,0.55125684,0.9528893,0.38,10.0,1.2,42
0.0911043850088119,8.730996,0.8981061,0.553,0.93204653,0.38,10.0,1.2,42
0.1239315572881698,9.080995,0.9178904,0.55118114,0.99112535,0.38,10.0,1.2,42
0.1037134397315979,9.161602,0.9141253,0.55993015,0.94463074,0.38,10.0,1.2,42
0.1171468290328979,9.4576645,0.909645,0.5368941,0.9887266,0.38,10.0,1.2,42
0.05803025806427,8.884102,0.90313905,0.5565586,0.99882627,0.38,10.0,1.2,42
0.0565689158344268,9.207762,0.9088998,0.5638491,0.9877144,0.38,10.0,1.2,42
0.0375289321947097,9.25336,0.9126855,0.5603067,0.9715527,0.38,10.0,1.2,42
0.0758436491298675,9.040476,0.9008829,0.54766613,0.91222477,0.38,10.0,1.2,42
0.0352388306760787,9.195531,0.8966093,0.56667864,0.9876336,0.38,10.0,1.2,42
0.0795732440519332,8.879872,0.9163538,0.5418526,0.9650042,0.38,10.0,1.2,42
0.1049703899288177,9.24917,0.92253935,0.56611603,0.996734,0.38,10.0,1.2,42
0.0587069539308547,8.719096,0.91807586,0.5547741,0.88353515,0.38,10.0,1.2,42
0.0894831659078598,9.184442,0.9206344,0.54730445,0.98343635,0.38,10.0,1.2,42
0.0611158224248886,9.055818,0.9153921,0.5565816,0.9631624,0.38,10.0,1.2,42
0.0764629809141159,8.906255,0.9080879,0.5571232,0.9953797,0.38,10.0,1.2,42
0.0658212624311447,9.318509,0.9284061,0.5565813,0.8727468,0.38,10.0,1.2,42
0.1039351336622238,8.833631,0.8936931,0.5522256,0.99617946,0.38,10.0,1.2,42
0.0882925756120681,8.804172,0.89949167,0.5500876,0.98371947,0.38,10.0,1.2,42
0.0788171283864975,9.165032,0.9208801,0.558959,0.9514024,0.38,10.0,1.2,42
0.1147579390096664,9.226571,0.90856737,0.5476186,0.9615184,0.38,10.0,1.2,42
0.0556024097967147,9.25438,0.9247598,0.5618965,0.92549706,0.38,10.0,1.2,42
0.0413312248039245,9.271198,0.909181,0.55692405,0.9890152,0.38,10.0,1.2,42
0.0302913666963577,9.110713,0.91853577,0.5614516,0.8977053,0.38,10.0,1.2,42
0.0397133275794982,9.581295,0.9010487,0.5651706,0.99602115,0.38,10.0,1.2,42
0.0843092135429382,8.904438,0.9044563,0.5479279,0.9507601,0.38,10.0,1.2,42
0.1122705411100387,9.2712145,0.9103832,0.5481341,0.87846696,0.38,10.0,1.2,42
0.0915488616132736,9.65463,0.91328055,0.5550334,0.9985286,0.38,10.0,1.2,42
0.0777590579175949,9.146665,0.90660393,0.55904824,0.9709239,0.38,10.0,1.2,42
0.0738535378742218,9.078642,0.909771,0.5536137,0.9873979,0.38,10.0,1.2,42
0.0695748134994506,9.034508,0.9011551,0.5535061,0.99240124,0.38,10.0,1.2,42
0.0701468245267868,9.512792,0.92082965,0.562863,0.90981865,0.38,10.0,1.2,42
0.0619312935590743,8.580747,0.89486337,0.5555324,0.99718344,0.38,10.0,1.2,42
0.112350000219345,9.27157,0.9172789,0.5435572,0.93958926,0.38,10.0,1.2,42
0.1162258552455902,9.219568,0.9051203,0.5492863,0.9630585,0.38,10.0,1.2,42
0.031867679195404,9.335896,0.90820795,0.56679004,0.96862924,0.38,10.0,1.2,42
0.1329259834575653,8.458696,0.9147973,0.56143874,0.92859054,0.38,10.0,1.2,42
0.0545590809726715,8.898275,0.9158358,0.5588315,0.9428868,0.38,10.0,1.2,42
0.1545231730222702,8.365331,0.8989406,0.54561895,0.9866787,0.38,10.0,1.2,42
0.1954027300024032,9.153169,0.9084144,0.53978205,0.9222219,0.38,10.0,1.2,42
0.0333919167566299,8.958083,0.91508025,0.5666309,0.96862006,0.38,10.0,1.2,42
0.0684965621948242,8.96019,0.9081309,0.54941285,0.9164064,0.38,10.0,1.2,42
0.0755132410907745,9.135054,0.91012996,0.5596358,0.9956032,0.38,10.0,1.2,42
0.0563424617052078,9.01401,0.92954946,0.5586162,0.9713074,0.38,10.0,1.2,42
0.0629897982740402,8.904965,0.905722,0.55552346,0.9247502,0.38,10.0,1.2,42
0.1351577263402938,9.174958,0.9264636,0.55302924,0.9306085,0.38,10.0,1.2,42
0.0648714267158508,9.308498,0.91406405,0.5637944,0.9551296,0.38,10.0,1.2,42
0.1316769772529602,9.161205,0.91787076,0.54968214,0.92675066,0.38,10.0,1.2,42
0.098149780087471,8.755961,0.9181752,0.5495058,0.9603298,0.38,10.0,1.2,42
0.0457222711133956,8.67735,0.8943249,0.5645275,0.9837879,0.38,10.0,1.2,42
0.0864050411462783,9.612594,0.9072051,0.5593796,0.97164655,0.38,10.0,1.2,42
0.1154530742406845,9.026246,0.9049702,0.5531363,0.90029514,0.38,10.0,1.2,42
0.0810844586753845,8.750065,0.9087622,0.54977065,0.9961175,0.38,10.0,1.2,42
0.1088668586015701,8.94382,0.9217086,0.542365,0.94203424,0.38,10.0,1.2,42
0.1140596670293807,9.599183,0.9100271,0.560782,0.9860784,0.38,10.0,1.2,42
0.0606725023794174,8.849908,0.9082527,0.5613602,0.9946283,0.38,10.0,1.2,42
0.0918837672710418,9.1481495,0.9146742,0.56100756,0.9040158,0.38,10.0,1.2,42
0.0637634992027282,8.78928,0.9056548,0.5605632,0.9989853,0.38,10.0,1.2,42
0.0475165575551986,8.974267,0.91611147,0.5589846,0.9638884,0.38,10.0,1.2,42
0.0914861493873596,8.393093,0.8972573,0.55144,0.9599339,0.38,10.0,1.2,42
0.0793883096694946,8.736076,0.91679144,0.5492403,0.94535863,0.38,10.0,1.2,42
0.0802796101093292,9.376707,0.88987607,0.5570863,0.98487103,0.38,10.0,1.2,42
0.0523704213285446,9.029363,0.8984375,0.54672366,0.98454165,0.38,10.0,1.2,42
0.0373580701017379,9.426625,0.9093585,0.5632752,0.99095166,0.38,10.0,1.2,42
0.0182334527301788,8.419004,0.9107251,0.5641486,0.99035525,0.38,10.0,1.2,42
0.0631460908555984,9.654391,0.92373276,0.55765057,0.9196521,0.38,10.0,1.2,42
0.0706411236524581,8.894086,0.91490453,0.56542534,0.9367957,0.38,10.0,1.2,42
0.043363889503479,9.347496,0.91473603,0.57243925,0.96015644,0.38,10.0,1.2,42
0.0574642335319519,9.374302,0.9067225,0.5503219,0.9745327,0.38,10.0,1.2,42
0.078114881234169,9.107467,0.9265053,0.545672,0.929252,0.38,10.0,1.2,42
0.0791748980331421,9.3174515,0.91098416,0.5426447,0.96493566,0.38,10.0,1.2,42
0.0826924492168426,8.952623,0.90443397,0.54307574,0.97868323,0.38,10.0,1.2,42
0.0755173239040374,9.4237,0.9246353,0.561059,0.93805194,0.38,10.0,1.2,42
0.0697492276239395,8.534957,0.9053633,0.56128496,0.9985212,0.38,10.0,1.2,42
0.0838383670854568,8.675815,0.915813,0.5544624,0.92164063,0.38,10.0,1.2,42
0.106469628458023,8.945852,0.9085822,0.55888164,0.99389446,0.38,10.0,1.2,42
0.1085804810285568,8.895535,0.9175102,0.5457234,0.95249164,0.38,10.0,1.2,42
0.0729441219615936,9.072405,0.9035927,0.5507956,0.9744071,0.38,10.0,1.2,42
0.0531246679925918,8.628524,0.90731734,0.566547,0.9896183,0.38,10.0,1.2,42
0.0299519221115112,9.020439,0.9043172,0.55412877,0.9703207,0.38,10.0,1.2,42
0.0666151366710662,8.921633,0.90480494,0.55811936,0.9799541,0.38,10.0,1.2,42
0.0872087655544281,9.119043,0.9147402,0.5504845,0.9652381,0.38,10.0,1.2,42
0.1130059057712555,9.184866,0.914035,0.5476531,0.9711487,0.38,10.0,1.2,42
0.1372621352958679,9.489094,0.9069843,0.5553075,0.9922515,0.38,10.0,1.2,42
0.0556602995872497,9.478245,0.9055277,0.55605286,0.96297526,0.38,10.0,1.2,42
0.06235694419384,8.974851,0.90863615,0.5569588,0.9828136,0.38,10.0,1.2,42
0.0800732535028457,8.64569,0.8998461,0.55664575,0.9988686,0.38,10.0,1.2,42
0.0377066723632812,9.410492,0.9217712,0.5598396,0.971812,0.38,10.0,1.2,42
0.1463382584095001,8.689909,0.9003132,0.5452982,0.99596226,0.38,10.0,1.2,42
0.1088966251850128,9.655409,0.9237845,0.5513391,0.9913784,0.38,10.0,1.2,42
0.0731524768400192,8.934346,0.90104395,0.5616082,0.9971583,0.38,10.0,1.2,42
0.1164286968708038,8.731794,0.90993106,0.5471113,0.9407753,0.38,10.0,1.2,42
0.0638556959056854,9.0005665,0.9048945,0.5623369,0.98757946,0.38,10.0,1.2,42
0.0697470683717727,9.233745,0.917029,0.5569723,0.9732472,0.38,10.0,1.2,42
0.0754528478193283,9.160901,0.9186711,0.5615986,0.88865745,0.38,10.0,1.2,42
0.057677745604515,9.290795,0.91582197,0.56463045,0.95830345,0.38,10.0,1.2,42
0.0486339546346664,9.447396,0.9033896,0.5551862,0.99900484,0.38,10.0,1.2,42
0.0530538064146041,8.811391,0.89349765,0.55220324,0.9828768,0.38,10.0,1.2,42
0.0943573841238021,9.4521265,0.916544,0.5648797,0.9874158,0.38,10.0,1.2,42
0.0972453667402267,9.753308,0.9275274,0.5701801,0.9331764,0.38,10.0,1.2,42
0.0638738321828842,9.095117,0.91784954,0.57333046,0.9608722,0.38,10.0,1.2,42
0.1085059916877746,9.013927,0.9122977,0.56280595,0.982991,0.38,10.0,1.2,42
0.0979731045389175,8.821204,0.9082271,0.5512624,0.99402,0.38,10.0,1.2,42
0.0560981683254241,8.9257145,0.90630114,0.5698791,0.9554546,0.38,10.0,1.2,42
0.0545987366914749,9.249721,0.9119679,0.55052936,0.9835553,0.38,10.0,1.2,42
0.0549293659830093,9.363425,0.9071593,0.5699626,0.9779737,0.38,10.0,1.2,42
0.118733599281311,9.365196,0.911773,0.54228985,0.99196506,0.38,10.0,1.2,42
0.0921687505960464,8.943,0.90759903,0.5638619,0.97818494,0.38,10.0,1.2,42
0.0855683672189712,9.251685,0.89667726,0.5444385,0.9874643,0.38,10.0,1.2,42
0.0849357443237304,9.336899,0.9224256,0.56241685,0.9037012,0.38,10.0,1.2,42
0.0819683175849914,8.818432,0.89948195,0.5585113,0.9997802,0.38,10.0,1.2,42
0.061682629160881,9.102765,0.90834063,0.56693304,0.99993706,0.38,10.0,1.2,42
0.0719696626234054,8.780118,0.91260576,0.5579322,0.9896929,0.38,10.0,1.2,42
0.0211464670658111,8.870764,0.8960863,0.5637586,0.94449914,0.38,10.0,1.2,42
0.0732338550567626,9.175644,0.91144025,0.55826175,0.9852264,0.38,10.0,1.2,42
0.1000969986486434,8.9297495,0.89944977,0.553963,0.9872261,0.38,10.0,1.2,42
0.0793505047559738,9.3209505,0.8974799,0.5435651,0.9952043,0.38,10.0,1.2,42
0.1149962983512878,9.363697,0.9214508,0.54030526,0.90851593,0.38,10.0,1.2,42
0.0718343531608581,8.722248,0.9161468,0.56073713,0.9409547,0.38,10.0,1.2,42
0.0550135586738586,9.045849,0.9024466,0.5614949,0.9823909,0.38,10.0,1.2,42
0.0871032070207595,9.224521,0.909122,0.55803764,0.94476414,0.38,10.0,1.2,42
0.0775805134296417,9.0814495,0.8950318,0.55698067,0.99140084,0.38,10.0,1.2,42
0.1073553901338577,9.131053,0.910012,0.5516799,0.95935035,0.38,10.0,1.2,42
0.1326608387994766,9.239455,0.9112094,0.56181586,0.91793644,0.38,10.0,1.2,42
0.0549226576566696,8.649526,0.90304726,0.5610779,0.98851776,0.38,10.0,1.2,42
0.0962840930700302,8.900056,0.9169265,0.5501266,0.9760573,0.38,10.0,1.2,42
0.0875654284715652,9.067721,0.9121881,0.5648404,0.9523585,0.38,10.0,1.2,42
0.0827082517862319,9.322181,0.9226563,0.56397665,0.9773139,0.38,10.0,1.2,42
0.0642341647434234,9.00849,0.9018463,0.55866987,0.9724848,0.38,10.0,1.2,42
0.0935877082157135,8.988882,0.9165194,0.54829717,0.9863436,0.38,10.0,1.2,42
0.081025146484375,8.972931,0.90487105,0.54619265,0.98533523,0.38,10.0,1.2,42
0.0638595393466949,8.863684,0.92762184,0.57243514,0.94302905,0.38,10.0,1.2,42
0.074260361790657,9.14371,0.8986869,0.55299747,0.9891114,0.38,10.0,1.2,42
0.0339234500408172,8.948717,0.9071692,0.55688745,0.97662485,0.38,10.0,1.2,42
0.1205643206644058,9.011222,0.9024306,0.547994,0.97880435,0.38,10.0,1.2,42
0.0731043686628341,9.105344,0.9064164,0.5590811,0.9996375,0.38,10.0,1.2,42
0.086179048089981,8.973776,0.9202347,0.56153214,0.9104252,0.38,10.0,1.2,42
0.0672544199943542,9.008732,0.9216913,0.56682307,0.9203005,0.38,10.0,1.2,42
0.0686476303625106,9.245072,0.9131576,0.55271643,0.98564935,0.38,10.0,1.2,42
0.0810111738586425,9.136169,0.91244507,0.5485639,0.99279785,0.38,10.0,1.2,42
0.076507474899292,9.653473,0.91463846,0.5430637,0.96749437,0.38,10.0,1.2,42
0.0966265739965438,8.801194,0.90133226,0.54993755,0.9942694,0.38,10.0,1.2,42
0.0828198568964004,9.050887,0.9037874,0.5538813,0.952279,0.38,10.0,1.2,42
0.0720847087144851,9.089236,0.9153697,0.55959666,0.96681833,0.38,10.0,1.2,42
0.0912302085447311,8.803426,0.9157424,0.56431234,0.9992521,0.38,10.0,1.2,42
0.0868688437366485,8.994749,0.8989924,0.55165315,0.9676719,0.38,10.0,1.2,42
0.0874179508972168,8.872925,0.9035245,0.5616179,0.9872539,0.38,10.0,1.2,42
0.1392704279470443,9.1799555,0.9115866,0.5519708,0.9839306,0.38,10.0,1.2,42
0.0130866809749603,8.436258,0.91014594,0.57596475,0.95178545,0.38,10.0,1.2,42
0.1028176655817031,8.613616,0.9009339,0.54257375,0.9881184,0.38,10.0,1.2,42
0.0734825582504272,9.032631,0.89822996,0.5570975,0.96883094,0.38,10.0,1.2,42
0.0730327188014984,8.839731,0.9119234,0.55535185,0.9702666,0.38,10.0,1.2,42
0.0841910450983047,9.036437,0.91818506,0.56598955,0.9704933,0.38,10.0,1.2,42
0.0746884253644943,8.877805,0.915847,0.54253143,0.9534217,0.38,10.0,1.2,42
0.1216850438117981,8.833218,0.91087466,0.5532319,0.93432045,0.38,10.0,1.2,42
0.0394676440000534,8.853917,0.9171484,0.5496684,0.95800996,0.38,10.0,1.2,42
0.067110335650444,8.612111,0.8916167,0.56314397,0.990237,0.38,10.0,1.2,42
0.0779418831634521,8.780762,0.907481,0.56770366,0.9975518,0.38,10.0,1.2,42
0.1279982777833938,9.336162,0.9174719,0.5628635,0.8989352,0.38,10.0,1.2,42
0.0777138470697403,8.760558,0.9077937,0.55729896,0.99582374,0.38,10.0,1.2,42
0.0870184322118759,9.051194,0.93227243,0.5692728,0.87687445,0.38,10.0,1.2,42
0.0877410278224945,9.137857,0.9139321,0.5614525,0.95270026,0.38,10.0,1.2,42
0.0823458049058914,9.452624,0.91644454,0.54147416,0.99076295,0.38,10.0,1.2,42
0.074121871843338,9.348982,0.90655005,0.5483267,0.9984046,0.38,10.0,1.2,42
0.0356879850769042,8.821838,0.92090154,0.57072407,0.864455,0.38,10.0,1.2,42
0.1103081884384155,9.563255,0.906644,0.5473705,0.9862777,0.38,10.0,1.2,42
0.0865658401298522,8.945423,0.9045691,0.55484194,0.96602476,0.38,10.0,1.2,42
0.0853996811056137,9.025949,0.90740156,0.5574475,0.9803041,0.38,10.0,1.2,42
0.0822990856695175,8.886567,0.9177035,0.54222196,0.9345732,0.38,10.0,1.2,42
0.074108214597702,9.224535,0.91234183,0.5623855,0.9644656,0.38,10.0,1.2,42
0.1138021229171752,9.11866,0.9091453,0.54861474,0.9864918,0.38,10.0,1.2,42
0.1366742088603973,9.214998,0.9169487,0.54628,0.97744703,0.38,10.0,1.2,42
0.0675633928442001,8.696397,0.90307117,0.56036794,0.9942931,0.38,10.0,1.2,42
0.0663302080392837,9.302802,0.9164024,0.5548107,0.92584515,0.38,10.0,1.2,42
0.1136525214910507,9.028459,0.9039181,0.5477824,0.99691343,0.38,10.0,1.2,42
0.0602288711452484,9.091471,0.91197085,0.5594761,0.9606812,0.38,10.0,1.2,42
0.0969942317008972,9.3419075,0.9246706,0.54984576,0.88977027,0.38,10.0,1.2,42
0.1282537858009338,9.113827,0.9036918,0.55237937,0.9628359,0.38,10.0,1.2,42
0.0832330743360519,9.4151125,0.9137848,0.5517301,0.97248757,0.38,10.0,1.2,42
0.0827046415710449,8.914459,0.91725105,0.5564044,0.9577209,0.38,10.0,1.2,42
0.1060107405185699,9.229803,0.9048544,0.5602961,0.9870192,0.38,10.0,1.2,42
0.0414510109424591,8.872557,0.89826035,0.55522907,0.9892411,0.38,10.0,1.2,42
0.081971446442604,8.994422,0.92256135,0.54429466,0.90759873,0.38,10.0,1.2,42
0.0776421932744979,8.420487,0.9098955,0.56689245,0.93270934,0.38,10.0,1.2,42
0.0960177405595779,9.212604,0.9001,0.5617484,0.9585494,0.38,10.0,1.2,42
0.069404290189743,9.194506,0.9117018,0.55592114,0.96421635,0.38,10.0,1.2,42
0.0764921379232406,8.784478,0.90292126,0.5544279,0.9999492,0.38,10.0,1.2,42
0.1184270428466796,9.025055,0.9356844,0.55009514,0.9075401,0.38,10.0,1.2,42
0.0688827823066711,8.47636,0.8976139,0.5540932,0.98061275,0.38,10.0,1.2,42
0.0718010100603103,8.881793,0.9051548,0.548543,0.9706056,0.38,10.0,1.2,42
0.0537090010166168,9.378042,0.9182076,0.5688964,0.98868155,0.38,10.0,1.2,42
0.0711660519647598,8.76155,0.8885753,0.55956733,0.98765886,0.38,10.0,1.2,42
0.0650591269063949,8.835641,0.9073552,0.5541764,0.9787059,0.38,10.0,1.2,42
0.0909549669885635,9.967788,0.92051214,0.54289937,0.9636636,0.38,10.0,1.2,42
0.0515058214569091,8.598984,0.9095993,0.5668868,0.9687824,0.38,10.0,1.2,42
0.0475382950544357,9.115415,0.91105795,0.5578124,0.9432118,0.38,10.0,1.2,42
0.0764730164813995,8.615995,0.9227085,0.5571983,0.8889928,0.38,10.0,1.2,42
0.1189164573097229,8.761471,0.904364,0.56046945,0.9624313,0.38,10.0,1.2,42
0.0813183235788345,8.83425,0.89915615,0.55670375,0.9721024,0.38,10.0,1.2,42
0.0260503952550888,9.298402,0.9144383,0.54829764,0.996274,0.38,10.0,1.2,42
0.104166079788208,9.104858,0.9222408,0.55938333,0.9988351,0.38,10.0,1.2,42
0.0383274604940414,8.761819,0.9177928,0.56155044,0.91897905,0.38,10.0,1.2,42
0.098516344666481,9.389091,0.91643214,0.55422395,0.9297638,0.38,10.0,1.2,42
0.0858480506181716,8.700137,0.89854485,0.546388,0.9658773,0.38,10.0,1.2,42
0.0287440293359756,8.757964,0.908076,0.5605501,0.9878093,0.38,10.0,1.2,42
0.1053436132335662,9.209688,0.9251444,0.5473612,0.9258648,0.38,10.0,1.2,42
0.103100145201683,8.83999,0.9161233,0.55864316,0.9521929,0.38,10.0,1.2,42
0.032934116244316,9.389424,0.91444355,0.56129014,0.9887155,0.38,10.0,1.2,42
0.0598766429805755,8.981226,0.9134741,0.56122357,0.89120877,0.38,10.0,1.2,42
0.1012006602048873,9.326024,0.9123283,0.535862,0.9555005,0.38,10.0,1.2,42
0.0548784692764282,9.0942,0.9068005,0.5514348,0.9621222,0.38,10.0,1.2,42
0.088254082159996,9.694978,0.91055983,0.55953294,0.9693445,0.38,10.0,1.2,42
0.1197872021007537,9.194017,0.9091827,0.55548275,0.9787202,0.38,10.0,1.2,42
0.1205246054935455,8.932425,0.904895,0.5416319,0.9536562,0.38,10.0,1.2,42
0.077908119931221,8.933681,0.91531634,0.5688351,0.9314276,0.38,10.0,1.2,42
0.0791717742967605,8.507358,0.90108883,0.5451713,0.9918872,0.38,10.0,1.2,42
0.0888483314895629,8.859108,0.91560805,0.55558383,0.9913609,0.38,10.0,1.2,42
0.1052479275941848,8.869395,0.90456915,0.55394536,0.98577785,0.38,10.0,1.2,42
0.0899332170867919,8.264969,0.8926521,0.55222833,0.99119294,0.38,10.0,1.2,42
0.064032637181282,9.232333,0.89750946,0.57034165,0.99364185,0.38,10.0,1.2,42
0.0890920546817779,8.865591,0.9110939,0.55238354,0.9956391,0.38,10.0,1.2,42
0.0509076649475097,9.432236,0.9223932,0.56734675,0.9867394,0.38,10.0,1.2,42
0.0998956745910644,9.00827,0.91647637,0.56676507,0.97097373,0.38,10.0,1.2,42
0.0896823608636856,8.991332,0.9113173,0.55392414,0.9879886,0.38,10.0,1.2,42
0.0626982762575149,9.569545,0.9068493,0.5700414,0.96774495,0.38,10.0,1.2,42
0.0756887376785278,8.89164,0.9198369,0.5388141,0.8975675,0.38,10.0,1.2,42
0.0821933095502853,9.248334,0.90923035,0.564744,0.99476254,0.38,10.0,1.2,42
0.0665063862800598,8.605099,0.91173536,0.5548068,0.89426744,0.38,10.0,1.2,42
0.0917438387203216,9.100214,0.9116392,0.56368697,0.98686934,0.38,10.0,1.2,42
0.0245137253570556,8.675095,0.9138983,0.57848793,0.97945666,0.38,10.0,1.2,42
0.1098233428144454,9.527677,0.90748024,0.55808234,0.99351037,0.38,10.0,1.2,42
0.1093535113239288,9.200132,0.913652,0.5460865,0.9472326,0.38,10.0,1.2,42
0.11840554625988,8.652463,0.9036534,0.5404652,0.9912101,0.38,10.0,1.2,42
0.0967330795097351,8.8136635,0.90643257,0.55522233,0.9826238,0.38,10.0,1.2,42
0.0497435470724105,8.8565,0.9202292,0.5674079,0.96745956,0.38,10.0,1.2,42
0.0467409673929214,8.948874,0.9041764,0.5455152,0.98764825,0.38,10.0,1.2,42
0.0487749133825302,9.095826,0.900817,0.56237066,0.9913207,0.38,10.0,1.2,42
0.0511258374977111,9.000317,0.91485816,0.55854106,0.9852631,0.38,10.0,1.2,42
0.1352373637247085,9.275352,0.9145645,0.54323417,0.8884189,0.38,10.0,1.2,42
0.101001260523796,9.199887,0.9117662,0.53588176,0.9997468,0.38,10.0,1.2,42
0.0382379308462142,8.754983,0.9093893,0.5698648,0.99467456,0.38,10.0,1.2,42
0.1123231014490127,9.218917,0.90757525,0.54847026,0.9624826,0.38,10.0,1.2,42
0.1075794586706161,8.99994,0.9103755,0.5532703,0.96672904,0.38,10.0,1.2,42
0.0514562712812423,8.87872,0.9118788,0.5503097,0.8984597,0.38,10.0,1.2,42
0.057914351978302,8.776424,0.9213431,0.56956273,0.8862796,0.38,10.0,1.2,42
0.0724264404582977,9.537722,0.9188818,0.54994494,0.9664781,0.38,10.0,1.2,42
0.1116595126056671,9.126814,0.9197137,0.56330293,0.9831344,0.38,10.0,1.2,42
0.1048790533924102,9.147642,0.907333,0.5483407,0.97881424,0.38,10.0,1.2,42
0.1052425805854797,9.078136,0.9200684,0.56010157,0.91986775,0.38,10.0,1.2,42
0.0896661164331436,9.467574,0.9170891,0.5452077,0.9861555,0.38,10.0,1.2,42
0.05360055706501,8.921046,0.91022944,0.5688067,0.98654187,0.38,10.0,1.2,42
0.0734160170936584,8.813427,0.9151674,0.5561754,0.9680058,0.38,10.0,1.2,42
0.0553824585437774,8.967848,0.90918744,0.55497867,0.937865,0.38,10.0,1.2,42
0.0704890129089355,9.344711,0.9157512,0.55692774,0.9818846,0.38,10.0,1.2,42
0.0659384896564483,8.861662,0.90550685,0.561963,0.9786737,0.38,10.0,1.2,42
0.1208786874914169,9.348786,0.89601904,0.5573984,0.99974704,0.38,10.0,1.2,42
0.0904834027051925,9.053464,0.9029197,0.5634475,0.9897826,0.38,10.0,1.2,42
0.0886243227863311,9.250181,0.9132956,0.5579874,0.9600687,0.38,10.0,1.2,42
0.0989311268138885,9.32181,0.9145686,0.5445958,0.98873043,0.38,10.0,1.2,42
0.0629843807983398,9.158798,0.9137337,0.56849045,0.98549616,0.38,10.0,1.2,42
0.0609996949243545,9.431411,0.913945,0.55713934,0.9896045,0.38,10.0,1.2,42
0.1188305291318893,8.932851,0.9030422,0.531281,0.98572266,0.38,10.0,1.2,42
0.0686861016035079,9.017072,0.90104336,0.5513924,0.98533165,0.38,10.0,1.2,42
0.063616977148056,9.221903,0.9192941,0.5559829,0.98754704,0.38,10.0,1.2,42
0.0940244145536422,8.843511,0.9191004,0.5546531,0.9752476,0.38,10.0,1.2,42
0.0698147161293029,8.994137,0.9136269,0.57162195,0.9112332,0.38,10.0,1.2,42
0.0621316034793853,9.151602,0.9216757,0.5607458,0.9515959,0.38,10.0,1.2,42
0.0737103467988967,9.43513,0.9176272,0.5596784,0.95080686,0.38,10.0,1.2,42
0.0739868003511428,9.177897,0.9046933,0.55050015,0.9870931,0.38,10.0,1.2,42
0.1131332231664657,8.862794,0.90884876,0.55963755,0.9704704,0.38,10.0,1.2,42
0.0523843169355392,8.668607,0.9023782,0.5593088,0.9913498,0.38,10.0,1.2,42
0.0815870849275589,9.264873,0.9031312,0.5582953,0.99541616,0.38,10.0,1.2,42
0.1317546545410156,9.75148,0.91658103,0.54836416,0.9431802,0.38,10.0,1.2,42
0.0583248435306549,8.965689,0.9168589,0.5610221,0.95435464,0.38,10.0,1.2,42
0.0538924349451065,8.785308,0.90481484,0.5695024,0.9868338,0.38,10.0,1.2,42
0.0742323221969604,9.24337,0.9130045,0.5470548,0.9905442,0.38,10.0,1.2,42
0.0827371892595291,9.052356,0.91677046,0.5587436,0.97875094,0.38,10.0,1.2,42
0.0742122137355804,8.944345,0.89253217,0.5579362,0.99235845,0.38,10.0,1.2,42
0.1198943639087677,9.193312,0.9044925,0.54488677,0.9405463,0.38,10.0,1.2,42
0.1085411132955551,9.806512,0.9206471,0.5566605,0.9922881,0.38,10.0,1.2,42
0.1103833833360672,9.123614,0.91703,0.55411106,0.9659469,0.38,10.0,1.2,42
0.072804592680931,9.009042,0.9055846,0.5704512,0.9684355,0.38,10.0,1.2,42
0.0938117644453048,9.561856,0.9068581,0.54023653,0.9951011,0.38,10.0,1.2,42
0.0533235959672927,8.455737,0.91096675,0.55001026,0.9541557,0.38,10.0,1.2,42
0.1178870884799957,9.757116,0.9142181,0.55685425,0.96419716,0.38,10.0,1.2,42
0.1303866354274749,8.885675,0.9061414,0.56426346,0.98468435,0.38,10.0,1.2,42
0.0936866376161575,9.11407,0.9039898,0.5549848,0.9987465,0.38,10.0,1.2,42
0.0660560784339904,8.930874,0.9077239,0.57002324,0.9530585,0.38,10.0,1.2,42
0.0697700611257553,8.833993,0.9163401,0.5486885,0.9641602,0.38,10.0,1.2,42
0.0660793636465072,9.398416,0.9194526,0.55811477,0.9274045,0.38,10.0,1.2,42
0.097649811553955,9.274063,0.9161476,0.5396253,0.98084867,0.38,10.0,1.2,42
0.064063794183731,9.089193,0.91184413,0.5539662,0.9769933,0.38,10.0,1.2,42
0.1206388222455978,8.703504,0.91463023,0.557096,0.94834566,0.38,10.0,1.2,42
0.0941424069547653,9.700673,0.91250324,0.55324125,0.95322335,0.38,10.0,1.2,42
0.0643363445663452,8.819588,0.90042514,0.5586133,0.9738735,0.38,10.0,1.2,42
0.1118928530597686,9.188078,0.90359604,0.5494954,0.99392664,0.38,10.0,1.2,42
0.1017718673944473,9.179854,0.9127885,0.55476815,0.9725616,0.38,10.0,1.2,42
0.1090619154834747,8.751448,0.917763,0.5487562,0.9354663,0.38,10.0,1.2,42
0.0646883981132507,8.434666,0.90549767,0.5543443,0.9740398,0.38,10.0,1.2,42
0.0712835205554962,8.926268,0.91113544,0.5456309,0.9297955,0.38,10.0,1.2,42
0.1076017458820343,9.185789,0.9054497,0.5529027,0.9649191,0.38,10.0,1.2,42
0.0678939087057113,8.915933,0.9209742,0.554913,0.99027646,0.38,10.0,1.2,42
0.0363568011808395,9.055577,0.9146185,0.5626592,0.9911338,0.38,10.0,1.2,42
0.097410838894844,9.306041,0.9176319,0.55654824,0.8467226,0.38,10.0,1.2,42
0.0522529316568374,8.476737,0.9030338,0.5572131,0.9659116,0.38,10.0,1.2,42
0.1142954673671722,9.259546,0.91487104,0.5545433,0.97554326,0.38,10.0,1.2,42
0.0325213598060607,9.213406,0.9200994,0.58215517,0.96705997,0.38,10.0,1.2,42
0.0794002354764938,8.662465,0.9117938,0.56175375,0.9800805,0.38,10.0,1.2,42
0.1153182562255859,9.149368,0.90701765,0.552811,0.9712051,0.38,10.0,1.2,42
0.101001254787445,9.052647,0.91533875,0.54539,0.9801012,0.38,10.0,1.2,42
0.0349492301368713,8.897808,0.9205413,0.55882174,0.9759269,0.38,10.0,1.2,42
0.0382666590976715,8.915182,0.9119507,0.55084825,0.93217695,0.38,10.0,1.2,42
0.0675183809041976,8.875756,0.9024698,0.5486551,0.95197594,0.38,10.0,1.2,42
0.1630851808834076,9.3071995,0.91791624,0.5485299,0.9206861,0.38,10.0,1.2,42
0.1152472833442688,8.890682,0.8966904,0.55331475,0.9781164,0.38,10.0,1.2,42
0.0529122194814681,9.780999,0.9032688,0.5544686,0.98367,0.38,10.0,1.2,42
0.0916652027988433,8.738592,0.9097464,0.55349326,0.99106574,0.38,10.0,1.2,42
0.0896015358495712,9.448091,0.9197276,0.56154835,0.9441532,0.38,10.0,1.2,42
0.0838003549003601,8.950642,0.9128407,0.55269206,0.9570806,0.38,10.0,1.2,42
0.1079402960681915,8.810728,0.9032151,0.54670054,0.9737103,0.38,10.0,1.2,42
0.0725611824083328,8.879672,0.9084921,0.54826766,0.9957607,0.38,10.0,1.2,42
0.0363385913610458,8.818727,0.91706383,0.555037,0.88044226,0.38,10.0,1.2,42
0.0894375593948364,8.625542,0.91603106,0.5468095,0.91590655,0.38,10.0,1.2,42
0.0776388865232467,9.153905,0.9139316,0.55552536,0.99629235,0.38,10.0,1.2,42
0.1161054468297958,8.93039,0.90036494,0.5479808,0.9747608,0.38,10.0,1.2,42
0.072550779056549,8.614864,0.91111946,0.5471668,0.95211315,0.38,10.0,1.2,42
0.1284143690347671,9.042869,0.9049467,0.5502886,0.94514906,0.38,10.0,1.2,42
0.0882875680351257,8.951405,0.9088532,0.55573577,0.9420475,0.38,10.0,1.2,42
0.0612270710134506,9.494622,0.9115596,0.5598986,0.8910508,0.38,10.0,1.2,42
0.074472079706192,8.824148,0.9140993,0.5532377,0.95250034,0.38,10.0,1.2,42
0.0363539797592163,9.242455,0.9159774,0.56307745,0.9901583,0.38,10.0,1.2,42
0.0772500357866287,9.275775,0.91451937,0.5629438,0.98243356,0.38,10.0,1.2,42
0.0699133283185958,9.377728,0.9086977,0.5548041,0.9336121,0.38,10.0,1.2,42
0.0569585658931732,9.264734,0.92132854,0.5645064,0.94845927,0.38,10.0,1.2,42
0.0705435165452957,9.374438,0.90265226,0.54732394,0.9892397,0.38,10.0,1.2,42
0.0547915733146667,9.372364,0.9206048,0.5545629,0.97350657,0.38,10.0,1.2,42
0.0670922313451767,8.399644,0.9123459,0.53592175,0.8961686,0.38,10.0,1.2,42
0.0605838627386093,9.405442,0.91064996,0.5577018,0.953431,0.38,10.0,1.2,42
0.0601621030807495,9.649162,0.9327452,0.5532014,0.92358565,0.38,10.0,1.2,42
0.070893096628189,8.835485,0.899566,0.5582783,0.9792932,0.38,10.0,1.2,42
0.1015442783117294,8.685288,0.9118337,0.54362124,0.92565703,0.38,10.0,1.2,42
0.1103492787027358,8.74018,0.9095119,0.5631287,0.99708414,0.38,10.0,1.2,42
0.0811340294170379,9.259783,0.9117687,0.5476967,0.8937696,0.38,10.0,1.2,42
0.130158613409996,9.15912,0.91395915,0.54831797,0.9939511,0.38,10.0,1.2,42
0.0608355991744995,9.144676,0.90484405,0.55709857,0.9965285,0.38,10.0,1.2,42
0.0916537989521026,9.138792,0.90382874,0.55698407,0.971717,0.38,10.0,1.2,42
0.1275620128202438,9.470616,0.90369016,0.5425129,0.9942324,0.38,10.0,1.2,42
0.0788201827335357,9.081045,0.90199316,0.55512744,0.96896756,0.38,10.0,1.2,42
0.077442877035141,8.739496,0.9028779,0.5543002,0.98878014,0.38,10.0,1.2,42
0.075259006524086,8.854156,0.90463454,0.56185895,0.9545466,0.38,10.0,1.2,42
0.0330071215200424,9.094735,0.90561396,0.55785376,0.9717715,0.38,10.0,1.2,42
0.0699706058740615,8.760695,0.9063466,0.55711657,0.9267037,0.38,10.0,1.2,42
0.0449955719137191,9.246209,0.90069103,0.55770767,0.97325015,0.38,10.0,1.2,42
0.0705058155059814,9.171677,0.91173756,0.55699164,0.986055,0.38,10.0,1.2,42
0.0815951654911041,9.827566,0.91208065,0.5658772,0.9967879,0.38,10.0,1.2,42
0.1148644080543518,9.10487,0.9090707,0.5598693,0.9959527,0.38,10.0,1.2,42
0.1033648446559905,9.870691,0.91032493,0.5561379,0.97639084,0.38,10.0,1.2,42
0.0536342627334594,9.221474,0.90856445,0.55916864,0.9853467,0.38,10.0,1.2,42
0.08300579600811,9.4348345,0.91295856,0.54688466,0.99666274,0.38,10.0,1.2,42
0.0899614131832122,9.612177,0.912095,0.5542544,0.9923967,0.38,10.0,1.2,42
0.0806451473045349,8.86562,0.9064839,0.55055404,0.9997158,0.38,10.0,1.2,42
0.1287585750246048,9.092143,0.9164227,0.54812264,0.94720364,0.38,10.0,1.2,42
0.0406785558986663,9.580866,0.9101084,0.5669134,0.98886,0.38,10.0,1.2,42
0.0422936116838455,8.819888,0.9078287,0.562671,0.9942845,0.38,10.0,1.2,42
0.058809752368927,9.350185,0.9207658,0.55838263,0.98807013,0.38,10.0,1.2,42
0.0873095484304428,8.9497,0.90519315,0.55513793,0.98035204,0.38,10.0,1.2,42
0.1064331502437591,8.777704,0.9067474,0.5557534,0.9668536,0.38,10.0,1.2,42
0.0860856349992752,8.810702,0.91573715,0.5461105,0.99315846,0.38,10.0,1.2,42
0.0433025272750854,8.831795,0.9174843,0.5597038,0.96365786,0.38,10.0,1.2,42
0.1019923345565795,8.9798355,0.91999406,0.56417316,0.964594,0.38,10.0,1.2,42
0.1032454674053192,9.013582,0.9103381,0.5425076,0.9496871,0.38,10.0,1.2,42
0.0728760129022598,8.817626,0.91491634,0.555873,0.96187305,0.38,10.0,1.2,42
0.1062702946472168,9.103943,0.9135813,0.56029946,0.99176824,0.38,10.0,1.2,42
-0.0290382793140411,9.373,0.8958244,0.4523704,0.97310257,0.38,10.0,1.2,43
-0.0381148392677307,8.733015,0.8999331,0.4558725,0.97894514,0.38,10.0,1.2,43
-0.0326356960964202,8.852637,0.89251107,0.45768347,0.98513293,0.38,10.0,1.2,43
0.0313435297298431,8.818324,0.8858567,0.44069496,0.9927503,0.38,10.0,1.2,43
-0.041173390674591,8.907814,0.90018475,0.46311677,0.8552741,0.38,10.0,1.2,43
0.0519215192127227,8.708642,0.9084984,0.44287428,0.87543225,0.38,10.0,1.2,43
0.0153640080547332,8.538314,0.8957553,0.44548526,0.9927505,0.38,10.0,1.2,43
-0.0234829949569702,8.406103,0.90306175,0.4488445,0.945938,0.38,10.0,1.2,43
0.0039434782791137,9.056042,0.91626686,0.44716457,0.9333334,0.38,10.0,1.2,43
0.0179101969718933,8.76853,0.88266444,0.44726154,0.9901192,0.38,10.0,1.2,43
-0.0088331237030029,8.877447,0.900951,0.44226396,0.98843765,0.38,10.0,1.2,43
0.0384488683032989,8.554872,0.8822214,0.43993616,0.97589505,0.38,10.0,1.2,43
0.0123438243484497,8.606869,0.9067628,0.46011263,0.993278,0.38,10.0,1.2,43
0.0229305381393432,8.798939,0.91244197,0.44340092,0.9617684,0.38,10.0,1.2,43
-0.0008634217453002,8.82716,0.9007869,0.44038117,0.93973875,0.38,10.0,1.2,43
-0.0426478967189788,8.913474,0.8921251,0.46009555,0.99218524,0.38,10.0,1.2,43
-0.0234585909080505,9.003056,0.9081392,0.45553663,0.9872824,0.38,10.0,1.2,43
-0.0249081630134582,8.622948,0.88606876,0.45371243,0.99808466,0.38,10.0,1.2,43
-0.0267462382030487,8.399756,0.8906763,0.45073807,0.9952408,0.38,10.0,1.2,43
-0.0319451217555999,9.034787,0.8999363,0.46716753,0.9824867,0.38,10.0,1.2,43
0.0152753244209289,8.977449,0.90095925,0.43998224,0.9860635,0.38,10.0,1.2,43
-0.0334018301486968,8.740716,0.9031998,0.45534095,0.88298905,0.38,10.0,1.2,43
0.038606843547821,8.765829,0.90324956,0.43520015,0.98001206,0.38,10.0,1.2,43
-0.0283116371822357,9.007934,0.90299517,0.45257276,0.9932362,0.38,10.0,1.2,43
-0.0035770375442504,9.32556,0.90563995,0.45654467,0.9230777,0.38,10.0,1.2,43
-0.0198982174777984,8.864957,0.911826,0.45952928,0.97750926,0.38,10.0,1.2,43
-0.032430846042633,9.151075,0.9197767,0.4521299,0.9946903,0.38,10.0,1.2,43
-0.0205906065940856,8.8389015,0.9060261,0.4549802,0.96333385,0.38,10.0,1.2,43
0.0091745858478546,8.938964,0.9073931,0.46265233,0.99570084,0.38,10.0,1.2,43
0.0162386564826965,9.410578,0.9041179,0.46295646,0.9924123,0.38,10.0,1.2,43
-0.0258802277946472,8.877407,0.896076,0.44963625,0.98565376,0.38,10.0,1.2,43
0.0163305006599426,9.137026,0.88263214,0.45561215,0.9873203,0.38,10.0,1.2,43
-0.008755612039566,8.754621,0.9090075,0.4455515,0.963261,0.38,10.0,1.2,43
-0.0306383629035949,8.961561,0.9081912,0.462235,0.99358475,0.38,10.0,1.2,43
0.0003655982589721,8.982197,0.9049725,0.44060758,0.99707747,0.38,10.0,1.2,43
-0.0294529858779907,8.77363,0.896479,0.4526315,0.9145075,0.38,10.0,1.2,43
-0.0597021491527557,9.061265,0.90068734,0.44846666,0.98392045,0.38,10.0,1.2,43
-0.0253323783874511,8.371925,0.88177544,0.46438137,0.97961175,0.38,10.0,1.2,43
0.0170129409408569,8.919636,0.90761304,0.4261986,0.9765191,0.38,10.0,1.2,43
0.0161301702976226,8.779187,0.9037297,0.45632014,0.9971796,0.38,10.0,1.2,43
-0.0136791928482055,8.8297825,0.8918938,0.46631837,0.9837934,0.38,10.0,1.2,43
0.0034136368846893,8.974486,0.90876365,0.46287486,0.93667364,0.38,10.0,1.2,43
0.0362240645885467,8.742309,0.919273,0.45169902,0.9039531,0.38,10.0,1.2,43
-0.0281318658065795,8.531902,0.8998023,0.45178598,0.9940777,0.38,10.0,1.2,43
-0.0120640546512603,8.584369,0.91249895,0.45767358,0.9536427,0.38,10.0,1.2,43
0.0090828168392181,8.506656,0.89800596,0.44519052,0.99357927,0.38,10.0,1.2,43
-0.0027867168617248,8.834112,0.8990749,0.45494005,0.97891223,0.38,10.0,1.2,43
0.0004915908432006,8.785578,0.8963495,0.4515585,0.9576186,0.38,10.0,1.2,43
0.0241790302753448,8.553681,0.898304,0.44311225,0.9960114,0.38,10.0,1.2,43
-0.0170435910224914,8.561087,0.89330745,0.4503008,0.9881387,0.38,10.0,1.2,43
0.0327488939380645,8.67756,0.8970813,0.4368171,0.9860219,0.38,10.0,1.2,43
0.0153707798480987,8.260903,0.89843816,0.4589039,0.9463732,0.38,10.0,1.2,43
-0.0149135324478149,8.756237,0.8959727,0.44980228,0.9808409,0.38,10.0,1.2,43
-0.0466346816539764,8.84748,0.8937027,0.46273234,0.9961033,0.38,10.0,1.2,43
-0.0031944088649749,9.150823,0.895424,0.45745856,0.98511887,0.38,10.0,1.2,43
0.0006241255760192,8.96636,0.89775217,0.4475219,0.9595088,0.38,10.0,1.2,43
0.0314625795364379,8.923893,0.91259706,0.45528302,0.9212115,0.38,10.0,1.2,43
-0.0310874948406219,8.634912,0.88776547,0.47063926,0.96777177,0.38,10.0,1.2,43
-0.0192174082660675,9.701539,0.90474856,0.46334273,0.9946499,0.38,10.0,1.2,43
0.0071992927360534,9.023893,0.90347815,0.46275002,0.9866625,0.38,10.0,1.2,43
-0.0438280680847168,8.743284,0.90974426,0.45563638,0.9618046,0.38,10.0,1.2,43
0.0612317427158355,8.857427,0.8954369,0.44547346,0.9510555,0.38,10.0,1.2,43
-0.0349582294368743,9.056111,0.9027823,0.4655706,0.9860172,0.38,10.0,1.2,43
-0.0050055586528778,8.110106,0.900514,0.45644036,0.9768342,0.38,10.0,1.2,43
0.0273168400287628,8.692155,0.8976824,0.44530743,0.96979535,0.38,10.0,1.2,43
-0.0369543283843994,8.881737,0.8988094,0.45320067,0.9818814,0.38,10.0,1.2,43
0.0231348162746429,8.320209,0.9133673,0.43832183,0.9328184,0.38,10.0,1.2,43
0.0454936049270629,8.521183,0.89925504,0.44991368,0.98489785,0.38,10.0,1.2,43
-0.0272763344669342,8.781711,0.8972662,0.45459342,0.9661238,0.38,10.0,1.2,43
0.0039461594676971,9.156819,0.90724784,0.4522427,0.9330429,0.38,10.0,1.2,43
0.006128180770874,9.067972,0.8948715,0.44622502,0.98877025,0.38,10.0,1.2,43
0.0353737317562103,8.919253,0.8965603,0.4525098,0.97974265,0.38,10.0,1.2,43
-0.0164095605373382,9.108319,0.903218,0.45643952,0.9752674,0.38,10.0,1.2,43
-0.0316687500667572,9.129003,0.9020177,0.46092945,0.96870303,0.38,10.0,1.2,43
0.0304132595062255,8.540535,0.9064549,0.4346517,0.9933078,0.38,10.0,1.2,43
-0.0061367470455169,8.393157,0.8933243,0.45801985,0.9699998,0.38,10.0,1.2,43
-0.0133778912067413,8.713279,0.8993881,0.4449115,0.97629,0.38,10.0,1.2,43
0.0094159186172485,9.22633,0.91074777,0.44769126,0.9240172,0.38,10.0,1.2,43
-0.0498273146820068,8.842133,0.89681953,0.45883384,0.99672186,0.38,10.0,1.2,43
-0.0774427446842193,9.095387,0.8938387,0.46602213,0.9621626,0.38,10.0,1.2,43
-0.030793206167221,8.505445,0.8895296,0.46540293,0.98777044,0.38,10.0,1.2,43
-0.0398251908779144,8.336034,0.895978,0.46411526,0.98776007,0.38,10.0,1.2,43
0.0078087871551513,8.963089,0.8948938,0.45073676,0.9275855,0.38,10.0,1.2,43
-0.0141090786361694,8.869253,0.9018011,0.46035248,0.970525,0.38,10.0,1.2,43
-0.029296131029129,8.2772455,0.8931638,0.45985612,0.94795513,0.38,10.0,1.2,43
0.0279620060443878,8.723779,0.9002491,0.4467326,0.97841334,0.38,10.0,1.2,43
-0.0262800632667541,8.424871,0.8992847,0.45409298,0.988634,0.38,10.0,1.2,43
-0.0111600725078582,8.934823,0.9050545,0.45650312,0.8862281,0.38,10.0,1.2,43
-0.0305627101898193,8.834753,0.8952618,0.46899116,0.94988704,0.38,10.0,1.2,43
0.0080083706855773,8.75576,0.9006933,0.46171972,0.9742117,0.38,10.0,1.2,43
-0.0252236168098449,8.980473,0.9107962,0.4686534,0.95837474,0.38,10.0,1.2,43
-0.0120505661869049,8.730899,0.8949977,0.4562298,0.92040837,0.38,10.0,1.2,43
-0.0390220186424255,9.248407,0.9035956,0.46997255,0.97670174,0.38,10.0,1.2,43
-0.026970177526474,8.899587,0.8980124,0.45926422,0.98673236,0.38,10.0,1.2,43
-0.0014075199985504,9.01517,0.906561,0.4552603,0.99381363,0.38,10.0,1.2,43
0.0014702402591705,9.305491,0.9029856,0.44337678,0.9828541,0.38,10.0,1.2,43
0.023395324230194,9.203482,0.90572214,0.45655617,0.9151815,0.38,10.0,1.2,43
-0.0241901213550567,9.094659,0.8913235,0.45638263,0.9878484,0.38,10.0,1.2,43
-0.0317352696609497,8.8949375,0.9048676,0.45738482,0.90788007,0.38,10.0,1.2,43
-0.0393090258789062,8.753174,0.8991607,0.45885703,0.9913151,0.38,10.0,1.2,43
-0.0164729264450073,8.810757,0.91003734,0.4371687,0.95591235,0.38,10.0,1.2,43
-0.0228465802192688,8.611898,0.89681494,0.46675324,0.98810446,0.38,10.0,1.2,43
0.0408800251293182,8.816627,0.9033996,0.44643283,0.98943675,0.38,10.0,1.2,43
0.0434252345085144,8.979864,0.8957118,0.44758198,0.9782934,0.38,10.0,1.2,43
-0.004550109386444,8.395624,0.890422,0.46273822,0.99524367,0.38,10.0,1.2,43
-0.0176238541793823,8.563784,0.8980582,0.4595627,0.9464221,0.38,10.0,1.2,43
-0.0184054308605194,8.701776,0.8908557,0.44243026,0.957073,0.38,10.0,1.2,43
-0.0402247308731079,8.927212,0.90783715,0.45091972,0.9633086,0.38,10.0,1.2,43
-0.0079769652557373,8.742426,0.8944448,0.46350172,0.98018944,0.38,10.0,1.2,43
0.0008034447479248,8.879679,0.8955352,0.45300752,0.97837174,0.38,10.0,1.2,43
-0.0774854866504669,8.427558,0.89559907,0.47270018,0.9817833,0.38,10.0,1.2,43
0.0063198435592651,9.2637615,0.8974786,0.4488008,0.9882932,0.38,10.0,1.2,43
-0.0264126584053039,8.693533,0.89274466,0.45524454,0.9447887,0.38,10.0,1.2,43
0.0114943461036682,8.602816,0.90731096,0.44669878,0.9852133,0.38,10.0,1.2,43
-0.0286378293895721,8.00376,0.88401926,0.45044994,0.99220777,0.38,10.0,1.2,43
-0.058085776014328,8.977998,0.9106779,0.46362385,0.9532622,0.38,10.0,1.2,43
0.0031121058940887,9.327893,0.8950094,0.4651736,0.99452686,0.38,10.0,1.2,43
0.0105241206645965,8.81804,0.90404856,0.47280994,0.9767951,0.38,10.0,1.2,43
0.0069269916152954,8.637501,0.89474994,0.4508084,0.9337076,0.38,10.0,1.2,43
-0.008276570148468,9.540556,0.90029037,0.4556744,0.9629427,0.38,10.0,1.2,43
-0.0322171467208862,8.75609,0.894435,0.4542079,0.9911326,0.38,10.0,1.2,43
-0.0206062292957305,8.898459,0.9016056,0.4530853,0.96075,0.38,10.0,1.2,43
0.0141795908737182,8.594654,0.8915655,0.44787264,0.97920036,0.38,10.0,1.2,43
0.0130443878269195,8.927022,0.90413475,0.43271604,0.98999476,0.38,10.0,1.2,43
-0.0012655954360961,8.932066,0.900931,0.45329583,0.95760214,0.38,10.0,1.2,43
-0.0203601025009155,8.979679,0.8991929,0.45654723,0.9925357,0.38,10.0,1.2,43
-0.0460803647994995,8.990231,0.90127546,0.47592452,0.98740876,0.38,10.0,1.2,43
0.0057558832168579,8.772945,0.909574,0.45108452,0.9254029,0.38,10.0,1.2,43
0.0167899581909179,8.8700485,0.90614617,0.45411906,0.9835663,0.38,10.0,1.2,43
-0.0328587310504913,8.76036,0.8911961,0.45129243,0.94670916,0.38,10.0,1.2,43
0.0242141011333465,8.756438,0.8905684,0.46442735,0.97482145,0.38,10.0,1.2,43
-0.0448879217338562,9.116114,0.9022588,0.45881787,0.9869559,0.38,10.0,1.2,43
0.0242289011096954,9.015161,0.8866608,0.4628954,0.96425974,0.38,10.0,1.2,43
-0.0229425516986846,9.200288,0.8997566,0.46161684,0.98360527,0.38,10.0,1.2,43
0.0037742869186401,9.096811,0.9039986,0.44693395,0.9686265,0.38,10.0,1.2,43
-0.0017862711143493,9.073236,0.89548767,0.45053723,0.9863415,0.38,10.0,1.2,43
0.028747493314743,8.792357,0.8986712,0.43920583,0.9202653,0.38,10.0,1.2,43
-0.0057577806472778,9.08288,0.9137017,0.45667782,0.94645274,0.38,10.0,1.2,43
-0.0234272620105743,9.025613,0.89667124,0.45336828,0.9999404,0.38,10.0,1.2,43
-0.0167174870491027,8.54228,0.89493716,0.46087864,0.9941821,0.38,10.0,1.2,43
-0.0237934082889556,8.573171,0.90736455,0.452448,0.9770802,0.38,10.0,1.2,43
0.0163343639373779,9.292793,0.9038928,0.44928566,0.93245184,0.38,10.0,1.2,43
-0.05967510764122,8.720744,0.90479296,0.45373723,0.96923673,0.38,10.0,1.2,43
0.026354931602478,8.886181,0.89782566,0.44668496,0.99226546,0.38,10.0,1.2,43
-0.0305071848869323,9.13969,0.8974407,0.44770503,0.9820806,0.38,10.0,1.2,43
0.0107970643043518,9.181976,0.9058247,0.45128503,0.9895601,0.38,10.0,1.2,43
-0.0193370403480529,8.725203,0.8873318,0.462495,0.9966266,0.38,10.0,1.2,43
0.0048416183471679,8.995562,0.9026317,0.4500878,0.9413637,0.38,10.0,1.2,43
0.0136322596549987,8.8880825,0.90067655,0.43508208,0.9909909,0.38,10.0,1.2,43
-0.0166311289310455,8.347354,0.9019737,0.45535076,0.92295134,0.38,10.0,1.2,43
-0.0383513469886779,8.714798,0.89665425,0.45105526,0.9890522,0.38,10.0,1.2,43
-0.0117729161453247,8.671091,0.89607286,0.4549204,0.99174607,0.38,10.0,1.2,43
-0.0160255829238891,8.812328,0.89287496,0.46658736,0.9753592,0.38,10.0,1.2,43
0.0207641584873199,8.606267,0.90165377,0.44986543,0.97142863,0.38,10.0,1.2,43
0.033985417804718,8.810526,0.9021399,0.4494141,0.9897618,0.38,10.0,1.2,43
-0.002064289894104,8.7281475,0.9084475,0.45157325,0.96376014,0.38,10.0,1.2,43
-0.0285463518810272,8.512671,0.89504564,0.4557387,0.99677324,0.38,10.0,1.2,43
0.0100127471733093,8.761757,0.89820147,0.4519609,0.980479,0.38,10.0,1.2,43
0.0073515028572082,8.94652,0.8916363,0.4422935,0.98994446,0.38,10.0,1.2,43
0.0117381397533416,8.594411,0.90092117,0.45370916,0.92124844,0.38,10.0,1.2,43
-0.0548627028942108,8.945794,0.88864917,0.4587334,0.9791235,0.38,10.0,1.2,43
-0.0070443286323547,8.694998,0.8962114,0.45605737,0.98567474,0.38,10.0,1.2,43
-0.0085384316921234,8.445973,0.8901472,0.45258164,0.93400383,0.38,10.0,1.2,43
-0.0173394612312316,8.615074,0.9055531,0.46433896,0.9523163,0.38,10.0,1.2,43
0.0122892231750488,8.759048,0.9002711,0.4340499,0.98352194,0.38,10.0,1.2,43
-0.0598679279994964,8.286603,0.90165937,0.46459946,0.97654986,0.38,10.0,1.2,43
-0.0224701234054565,8.78145,0.8964973,0.4563869,0.9958972,0.38,10.0,1.2,43
-0.0150139612579345,9.372536,0.89523566,0.4564448,0.9963505,0.38,10.0,1.2,43
-0.0291420845222473,9.061468,0.90102905,0.456895,0.9103954,0.38,10.0,1.2,43
-0.0213180669784545,8.574495,0.88973296,0.46359313,0.93395436,0.38,10.0,1.2,43
-0.0172628929519653,8.957087,0.8987254,0.46595925,0.9463643,0.38,10.0,1.2,43
-0.0484926937007904,8.623296,0.8939381,0.44867462,0.98917246,0.38,10.0,1.2,43
0.008568508939743,8.834327,0.902561,0.44245934,0.99722314,0.38,10.0,1.2,43
0.0070219390964508,8.726779,0.89893025,0.45226502,0.9682473,0.38,10.0,1.2,43
-0.0167787811756134,9.049201,0.8863409,0.44737795,0.96044934,0.38,10.0,1.2,43
-0.0482335484886169,8.46789,0.90912884,0.46042627,0.92558265,0.38,10.0,1.2,43
0.0108406368827819,8.841301,0.89356756,0.4516154,0.9933394,0.38,10.0,1.2,43
-0.0077383025550842,8.908773,0.8938451,0.47070158,0.9902686,0.38,10.0,1.2,43
-0.0531945348644256,8.539773,0.9044111,0.4586535,0.9822918,0.38,10.0,1.2,43
0.0250660246181488,8.685458,0.8915555,0.4497764,0.9957892,0.38,10.0,1.2,43
-0.0155069528293609,9.111331,0.91063577,0.45141855,0.9938599,0.38,10.0,1.2,43
0.0292287004089355,8.625351,0.9021166,0.4560408,0.93599164,0.38,10.0,1.2,43
-0.0416281293392181,8.480468,0.89389634,0.4643387,0.96917343,0.38,10.0,1.2,43
-0.0100100023651123,9.14086,0.8946734,0.46679527,0.9756012,0.38,10.0,1.2,43
-0.0220497984790802,9.064208,0.8951191,0.4592527,0.9448397,0.38,10.0,1.2,43
0.0503290144729614,9.114216,0.9088541,0.45077425,0.91401064,0.38,10.0,1.2,43
-0.0200336215496063,8.7168455,0.89311796,0.45292506,0.99703205,0.38,10.0,1.2,43
-0.0058749666404724,9.175709,0.90309,0.4551618,0.983904,0.38,10.0,1.2,43
0.0117239807224273,8.932105,0.90468943,0.45421165,0.97308743,0.38,10.0,1.2,43
0.044080828332901,8.86704,0.8923178,0.44657442,0.9954827,0.38,10.0,1.2,43
0.0298511035728454,8.731802,0.91682184,0.44775957,0.8712814,0.38,10.0,1.2,43
-0.0201017004966735,9.034138,0.9126339,0.45699885,0.87560165,0.38,10.0,1.2,43
0.0042475911140441,9.276924,0.9006562,0.4542485,0.9887941,0.38,10.0,1.2,43
-0.010159821653366,8.953652,0.9007712,0.4544688,0.98102057,0.38,10.0,1.2,43
-0.0001672421169281,8.783744,0.909021,0.45034462,0.9663465,0.38,10.0,1.2,43
-0.0377841478729248,8.529898,0.89120173,0.4589377,0.9845438,0.38,10.0,1.2,43
-0.0056492514324188,8.879836,0.8932834,0.45649183,0.9884975,0.38,10.0,1.2,43
0.0143704739379882,8.846367,0.89166707,0.44639277,0.97688913,0.38,10.0,1.2,43
0.0464521334457397,9.020908,0.8899556,0.4577253,0.9796064,0.38,10.0,1.2,43
-0.0032711105537414,8.658436,0.9007283,0.44161573,0.97850037,0.38,10.0,1.2,43
-0.0088909444808959,9.218121,0.90095484,0.4548633,0.94592583,0.38,10.0,1.2,43
0.0144028496265411,8.836694,0.8898219,0.44580173,0.99679244,0.38,10.0,1.2,43
0.0161535583305358,8.414305,0.9063927,0.43751532,0.9343538,0.38,10.0,1.2,43
-0.0213608149242401,9.030526,0.89529383,0.46272922,0.96756494,0.38,10.0,1.2,43
0.0147989988613128,8.791812,0.9029448,0.45300752,0.9421412,0.38,10.0,1.2,43
0.0045407838821411,9.2103,0.90785754,0.44293278,0.9719689,0.38,10.0,1.2,43
-0.0120551227092742,8.617082,0.9017166,0.45585865,0.97551537,0.38,10.0,1.2,43
-0.0495544585609436,8.615414,0.8994647,0.45550266,0.93699694,0.38,10.0,1.2,43
-0.0215853185558319,8.840571,0.89984137,0.43626216,0.96744895,0.38,10.0,1.2,43
0.0021278561115264,8.787141,0.89791083,0.4565658,0.95130086,0.38,10.0,1.2,43
-0.029888579006195,8.365696,0.90157413,0.46722353,0.94146156,0.38,10.0,1.2,43
-0.048115063047409,8.91458,0.8945911,0.4547193,0.9898503,0.38,10.0,1.2,43
-0.0117098957920074,8.557263,0.892291,0.45385793,0.98054373,0.38,10.0,1.2,43
0.0103699593353271,8.945349,0.8848695,0.45114398,0.99963987,0.38,10.0,1.2,43
0.0089048291301727,8.678742,0.9013144,0.46948177,0.97966695,0.38,10.0,1.2,43
0.0303980717754364,8.583365,0.9020439,0.43542156,0.98551893,0.38,10.0,1.2,43
-0.0249762726211547,8.408934,0.89774096,0.45136216,0.9546194,0.38,10.0,1.2,43
-0.0317212839794158,9.1715555,0.9105145,0.46655497,0.9859415,0.38,10.0,1.2,43
-0.016430753250122,8.602121,0.8910016,0.44379395,0.9894006,0.38,10.0,1.2,43
-0.0158583856773376,8.522003,0.8913065,0.4554458,0.9891994,0.38,10.0,1.2,43
-0.0144684003353118,9.750285,0.894841,0.45737758,0.96517205,0.38,10.0,1.2,43
-0.0460078198623657,8.637722,0.9074798,0.457654,0.9324819,0.38,10.0,1.2,43
-0.0143536468982696,8.761535,0.90804976,0.45584702,0.9693618,0.38,10.0,1.2,43
-0.025643346376419,9.243033,0.89555407,0.4534765,0.9870486,0.38,10.0,1.2,43
0.0255404176330566,8.524948,0.898721,0.4528509,0.93356025,0.38,10.0,1.2,43
-0.0195267739009857,8.686049,0.8973193,0.4449279,0.9751018,0.38,10.0,1.2,43
-0.0269359647464752,8.308232,0.8945793,0.47359744,0.94634795,0.38,10.0,1.2,43
-0.0110951717567443,8.868406,0.89735156,0.4712749,0.99881625,0.38,10.0,1.2,43
0.0360092856025695,8.773447,0.88944626,0.4538158,0.9803262,0.38,10.0,1.2,43
-0.0198124438476562,8.917969,0.8943822,0.46203125,0.9935535,0.38,10.0,1.2,43
-0.0131353050231933,9.222832,0.9096474,0.46505973,0.9102174,0.38,10.0,1.2,43
-0.0019136008644104,8.922735,0.91673017,0.44635266,0.8560405,0.38,10.0,1.2,43
0.01188556848526,9.192463,0.8991953,0.46270233,0.956452,0.38,10.0,1.2,43
-0.0234369997215271,8.7148075,0.89104664,0.4665552,0.9497452,0.38,10.0,1.2,43
-0.0527174438667297,8.965767,0.8947884,0.4636274,0.98820794,0.38,10.0,1.2,43
-0.0336026168346405,8.795686,0.903502,0.45861068,0.9301859,0.38,10.0,1.2,43
-0.0295651280593872,8.678921,0.91139346,0.4542154,0.89163446,0.38,10.0,1.2,43
-0.0382040359401702,8.852712,0.89104533,0.45429766,0.9183457,0.38,10.0,1.2,43
0.0092590093421936,9.5907,0.91817385,0.44808713,0.9592515,0.38,10.0,1.2,43
0.0340278484821319,9.155297,0.90166014,0.4551574,0.9761797,0.38,10.0,1.2,43
0.0158275767898559,8.669926,0.8836133,0.45070672,0.96960855,0.38,10.0,1.2,43
-0.0083186117076873,8.699609,0.9097744,0.4572947,0.9139453,0.38,10.0,1.2,43
0.0266896363067626,8.603943,0.8930962,0.45120534,0.9736408,0.38,10.0,1.2,43
-0.0022764167213439,8.979717,0.88633525,0.45668536,0.9823843,0.38,10.0,1.2,43
-0.0270275179576873,8.804811,0.89009,0.45390594,0.9767215,0.38,10.0,1.2,43
0.0350647716045379,8.457656,0.9050374,0.45386884,0.92305756,0.38,10.0,1.2,43
-0.0214190550804138,9.111347,0.90646005,0.4516335,0.9475262,0.38,10.0,1.2,43
0.0211069425868988,8.765338,0.90614384,0.44629753,0.9876876,0.38,10.0,1.2,43
0.0146776985168457,9.354248,0.90149117,0.46233153,0.96774566,0.38,10.0,1.2,43
0.028786209487915,8.663406,0.9040453,0.45859402,0.98487806,0.38,10.0,1.2,43
-0.0080116413307189,8.599089,0.89923805,0.45564783,0.99401975,0.38,10.0,1.2,43
0.0411781930541992,8.554131,0.8873954,0.44514245,0.9820031,0.38,10.0,1.2,43
0.0136869481372833,9.13688,0.9086811,0.44907725,0.9941369,0.38,10.0,1.2,43
-0.0121427796268463,8.956843,0.91032445,0.44840363,0.97931314,0.38,10.0,1.2,43
-0.0081279474639892,9.300467,0.8946459,0.45169204,0.9647064,0.38,10.0,1.2,43
0.0010975798225402,8.758684,0.90025973,0.45662057,0.99035454,0.38,10.0,1.2,43
-0.0070731466770172,8.784976,0.8800394,0.45337766,0.99327374,0.38,10.0,1.2,43
0.0087386452960968,9.156421,0.89721835,0.45738107,0.9956486,0.38,10.0,1.2,43
-0.0181415380382537,8.83381,0.8966577,0.45356578,0.9758562,0.38,10.0,1.2,43
-0.01958851313591,8.147502,0.876045,0.46370143,0.98752415,0.38,10.0,1.2,43
0.0252276304721832,8.439908,0.89330757,0.45773667,0.9897356,0.38,10.0,1.2,43
0.0446137553977966,8.63323,0.9140527,0.43460515,0.9119842,0.38,10.0,1.2,43
0.0313944592952728,8.458095,0.90809953,0.45047784,0.90667367,0.38,10.0,1.2,43
-0.0304331659698486,8.78121,0.8838661,0.46190166,0.9857285,0.38,10.0,1.2,43
-0.0192249664974212,8.799108,0.902664,0.46039173,0.9565705,0.38,10.0,1.2,43
0.0205623407649993,9.051402,0.8947062,0.4452957,0.96630824,0.38,10.0,1.2,43
-0.0499589926242828,8.770261,0.890412,0.47566015,0.9731116,0.38,10.0,1.2,43
-0.0110219405651092,8.689322,0.91058874,0.4511624,0.86764956,0.38,10.0,1.2,43
0.0167823626613616,9.034091,0.9024384,0.44551456,0.9761653,0.38,10.0,1.2,43
0.0208981323242187,8.781433,0.90256953,0.45045292,0.97865367,0.38,10.0,1.2,43
0.0501595827674865,8.6954365,0.91279805,0.44785312,0.9798753,0.38,10.0,1.2,43
-0.0809397102832794,8.963904,0.9080583,0.4631512,0.9912449,0.38,10.0,1.2,43
-0.0120957998466491,9.235514,0.8893862,0.44925967,0.9857633,0.38,10.0,1.2,43
-0.0441603392791748,8.82696,0.8989571,0.45242956,0.9535254,0.38,10.0,1.2,43
-0.0171021916294097,8.80026,0.885388,0.45890844,0.9885433,0.38,10.0,1.2,43
-0.0091226509284973,8.737801,0.8991842,0.46415645,0.985307,0.38,10.0,1.2,43
-0.0249054123783111,9.273997,0.88573384,0.4613919,0.992154,0.38,10.0,1.2,43
0.0050710779762268,8.54509,0.89932406,0.44409382,0.9943962,0.38,10.0,1.2,43
0.0144050403404235,8.43395,0.9055785,0.45684534,0.95491123,0.38,10.0,1.2,43
-0.0094651192092895,8.6159,0.8943345,0.45027518,0.93253016,0.38,10.0,1.2,43
-0.0043703528881073,8.938441,0.8946254,0.45102295,0.9854729,0.38,10.0,1.2,43
-0.0032488488864898,8.678325,0.90391576,0.45604306,0.9944116,0.38,10.0,1.2,43
0.0350007438755035,9.030782,0.898949,0.44195235,0.9994904,0.38,10.0,1.2,43
-0.0135965259075164,8.936095,0.886295,0.4615427,0.97316015,0.38,10.0,1.2,43
-0.009214900150299,8.785244,0.89992154,0.4488246,0.9413816,0.38,10.0,1.2,43
-0.0465310023021698,8.630851,0.89515656,0.4605123,0.98997116,0.38,10.0,1.2,43
0.0028006521320343,8.963319,0.9031231,0.4533215,0.93282914,0.38,10.0,1.2,43
-0.014915348997116,9.130965,0.91088665,0.44455034,0.9516697,0.38,10.0,1.2,43
0.0240426451492309,8.612011,0.8804825,0.4457897,0.9395926,0.38,10.0,1.2,43
0.0130406060028076,8.864143,0.8960619,0.44007707,0.97415245,0.38,10.0,1.2,43
0.0448229176998138,8.814883,0.892486,0.45630872,0.94957817,0.38,10.0,1.2,43
-0.006122037858963,8.650716,0.89181197,0.46755052,0.9712944,0.38,10.0,1.2,43
0.0027401372528076,8.605553,0.89181006,0.45827696,0.99725604,0.38,10.0,1.2,43
0.0018908405303955,8.782387,0.89268774,0.446425,0.9884126,0.38,10.0,1.2,43
-0.0325641512584686,8.471139,0.9012545,0.45080927,0.9199368,0.38,10.0,1.2,43
0.0041648253250122,9.054249,0.89359003,0.4455138,0.99608684,0.38,10.0,1.2,43
0.0306892582511901,8.646322,0.90322435,0.45018786,0.9756582,0.38,10.0,1.2,43
-0.0186635180473327,8.411827,0.90639615,0.44437602,0.994318,0.38,10.0,1.2,43
-0.0242432536125183,9.021721,0.897192,0.44642332,0.99609876,0.38,10.0,1.2,43
0.0071720745372772,9.085753,0.892552,0.45536378,0.97651863,0.38,10.0,1.2,43
-0.0247165597343444,9.353615,0.89536715,0.4564022,0.91988146,0.38,10.0,1.2,43
-0.0231752338314056,8.284627,0.89948076,0.45326686,0.991295,0.38,10.0,1.2,43
-0.0320826798343658,8.975316,0.8901359,0.46055478,0.9930936,0.38,10.0,1.2,43
-0.026685758228302,9.109419,0.9011526,0.45874587,0.9186374,0.38,10.0,1.2,43
-0.0075399834060668,8.77833,0.8971858,0.44607425,0.99000967,0.38,10.0,1.2,43
0.0444637560844421,8.991003,0.8981558,0.44120097,0.9312544,0.38,10.0,1.2,43
-0.0160191867065429,8.892448,0.90708464,0.44738024,0.97502697,0.38,10.0,1.2,43
0.0018482066154479,8.953199,0.89108515,0.456959,0.9867425,0.38,10.0,1.2,43
-0.0183071807575225,8.674567,0.8992325,0.44921175,0.9359909,0.38,10.0,1.2,43
0.0060293900012969,8.788362,0.8908369,0.45279753,0.98665476,0.38,10.0,1.2,43
-0.0442227543830871,8.143148,0.88822365,0.45835534,0.97294545,0.38,10.0,1.2,43
-0.0281368450355529,9.24815,0.9057097,0.44454324,0.989056,0.38,10.0,1.2,43
-0.0182614963436126,8.988124,0.89569885,0.44589597,0.98484707,0.38,10.0,1.2,43
-0.0001192292594909,9.007135,0.8895544,0.44793606,0.9981276,0.38,10.0,1.2,43
-0.0089583638572692,9.004427,0.8962152,0.45145628,0.9638525,0.38,10.0,1.2,43
-0.0131811956405639,8.628902,0.89767206,0.4576109,0.94879425,0.38,10.0,1.2,43
-0.0337966547489166,9.250016,0.9041792,0.4587027,0.90914774,0.38,10.0,1.2,43
-0.0460264908981323,8.850344,0.89801896,0.4641964,0.9980835,0.38,10.0,1.2,43
-0.0156467218780517,8.905846,0.89824206,0.4553346,0.9652915,0.38,10.0,1.2,43
-0.024492515964508,8.46051,0.8854127,0.4605037,0.9951972,0.38,10.0,1.2,43
0.0047115581607818,9.4339285,0.9024129,0.44878775,0.946134,0.38,10.0,1.2,43
-0.014360265340805,8.7174425,0.9006815,0.4428378,0.9408721,0.38,10.0,1.2,43
0.0229810101985931,8.943629,0.9005803,0.4404754,0.9824413,0.38,10.0,1.2,43
0.0158824034214019,8.907323,0.90846854,0.45152676,0.9884733,0.38,10.0,1.2,43
0.0181896149730682,8.621245,0.900005,0.45606112,0.92933834,0.38,10.0,1.2,43
0.0140060548305511,8.713717,0.89403164,0.44312653,0.9644147,0.38,10.0,1.2,43
-0.0238410051822662,8.8945055,0.8939213,0.4572788,0.96533895,0.38,10.0,1.2,43
0.0161704067230224,8.948746,0.8993954,0.45047948,0.9947133,0.38,10.0,1.2,43
0.0156379377841949,8.920789,0.90909696,0.44754303,0.96146655,0.38,10.0,1.2,43
-0.0422275909137725,9.065764,0.90430737,0.45715716,0.9834802,0.38,10.0,1.2,43
0.0355687925434112,9.226686,0.91086924,0.45280832,0.9418398,0.38,10.0,1.2,43
-0.0309838645648956,8.196738,0.89592546,0.45599434,0.9952551,0.38,10.0,1.2,43
-0.0177062689495086,8.84825,0.89751774,0.45496833,0.95535755,0.38,10.0,1.2,43
-0.0458836939048767,9.25742,0.9160373,0.46849692,0.9456526,0.38,10.0,1.2,43
-0.0356251552009582,8.831678,0.90484613,0.4511892,0.9503118,0.38,10.0,1.2,43
-0.0279682490730285,8.914219,0.9115521,0.45087892,0.9075128,0.38,10.0,1.2,43
0.0449504836654663,9.11655,0.90572596,0.4565605,0.9632468,0.38,10.0,1.2,43
-0.0668324190998077,8.817855,0.8999428,0.4713326,0.97566235,0.38,10.0,1.2,43
-0.0644669242572784,8.656095,0.89108,0.46459568,0.9566716,0.38,10.0,1.2,43
-0.0044469265651702,8.4215,0.89426196,0.4548394,0.99140394,0.38,10.0,1.2,43
0.027845479183197,8.863829,0.88892525,0.46994314,0.9668144,0.38,10.0,1.2,43
0.0110763830757141,8.429867,0.89442015,0.445544,0.9816711,0.38,10.0,1.2,43
0.0088793431282043,9.525738,0.9127406,0.45592,0.9735589,0.38,10.0,1.2,43
0.001677825975418,9.040217,0.8944054,0.465149,0.9930173,0.38,10.0,1.2,43
-0.0145292427253723,8.878334,0.8968748,0.4517917,0.9870105,0.38,10.0,1.2,43
-0.0085502973556518,8.776417,0.8930224,0.46088985,0.954389,0.38,10.0,1.2,43
0.0107261211013793,9.204794,0.88934076,0.44351533,0.9936495,0.38,10.0,1.2,43
-0.0283684922599792,9.107872,0.8994231,0.45509258,0.9468168,0.38,10.0,1.2,43
-0.061394887676239,8.541714,0.887382,0.473657,0.9348737,0.38,10.0,1.2,43
0.0156393490123748,8.537276,0.89193153,0.46091223,0.98808086,0.38,10.0,1.2,43
0.0183572343444824,8.775803,0.90480435,0.46581972,0.995463,0.38,10.0,1.2,43
-5.841197013854889e-05,9.024735,0.9024497,0.4612286,0.92729497,0.38,10.0,1.2,43
-0.0029600426864624,9.201677,0.907984,0.45908388,0.9336848,0.38,10.0,1.2,43
0.0305000470733642,8.769318,0.89834297,0.45002168,0.9422599,0.38,10.0,1.2,43
0.0191895232772827,8.85593,0.898138,0.45484045,0.9589418,0.38,10.0,1.2,43
0.0004353596687316,9.368629,0.91450894,0.4426049,0.87228334,0.38,10.0,1.2,43
-0.0236187564563751,8.980096,0.89636225,0.45320007,0.97195685,0.38,10.0,1.2,43
0.0027418906021118,8.940075,0.91797197,0.46069977,0.9770529,0.38,10.0,1.2,43
-0.0342762712669372,8.9723,0.90530586,0.45645496,0.9885826,0.38,10.0,1.2,43
-0.0458003527069091,8.901831,0.89439285,0.45164147,0.9673562,0.38,10.0,1.2,43
-0.0389312227249145,9.002562,0.907233,0.45980164,0.99450886,0.38,10.0,1.2,43
-0.0055912538909912,9.147974,0.8979703,0.44582564,0.9660603,0.38,10.0,1.2,43
-0.0383958493614196,8.763977,0.89827603,0.4621464,0.96639276,0.38,10.0,1.2,43
0.0098513331222534,8.993366,0.9118091,0.44295728,0.9943775,0.38,10.0,1.2,43
-0.0253279384517669,9.101363,0.9062853,0.4461165,0.9704279,0.38,10.0,1.2,43
-0.0235247532558441,9.359372,0.908352,0.45343137,0.9863906,0.38,10.0,1.2,43
-5.537023544312236e-06,8.753644,0.8992595,0.4467879,0.97001696,0.38,10.0,1.2,43
0.0105487342453002,8.414713,0.8910965,0.45531133,0.9522133,0.38,10.0,1.2,43
0.0106900712013244,8.392868,0.9063612,0.453717,0.9982616,0.38,10.0,1.2,43
0.0165204493999481,8.86457,0.9016549,0.45707363,0.9940605,0.38,10.0,1.2,43
-0.0257563156318664,9.012211,0.9158545,0.44827226,0.966709,0.38,10.0,1.2,43
-0.0386495022678375,8.872424,0.89380014,0.4559715,0.9957701,0.38,10.0,1.2,43
-0.0021253426551818,8.8607025,0.9012019,0.44841158,0.9770551,0.38,10.0,1.2,43
0.0211568275547027,9.1106615,0.8951389,0.4430735,0.9952774,0.38,10.0,1.2,43
-0.0056783473968505,8.46488,0.9102282,0.45103344,0.94144154,0.38,10.0,1.2,43
-0.0008264291667938,8.63865,0.8962575,0.4505994,0.9853152,0.38,10.0,1.2,43
-0.0250627814292907,9.270945,0.90778196,0.46444514,0.9776101,0.38,10.0,1.2,43
-5.817651748656755e-06,8.568501,0.8928044,0.44537172,0.95484245,0.38,10.0,1.2,43
0.0020071595668792,8.817706,0.9046795,0.44760802,0.9488505,0.38,10.0,1.2,43
-0.0403071826934814,8.975897,0.8992025,0.44719625,0.9836793,0.38,10.0,1.2,43
-0.001056559009552,8.464277,0.9030715,0.4505835,0.9369415,0.38,10.0,1.2,43
-0.0283029071044921,9.502714,0.9073789,0.45881528,0.9935355,0.38,10.0,1.2,43
-0.0388322762203216,8.557981,0.89735574,0.4595705,0.9663725,0.38,10.0,1.2,43
0.0131586093044281,9.605218,0.9036828,0.4512025,0.97102463,0.38,10.0,1.2,43
-0.0284739192676544,9.158271,0.8969141,0.4566585,0.973194,0.38,10.0,1.2,43
0.0172839465904235,9.332502,0.8975278,0.4543494,0.95658135,0.38,10.0,1.2,43
0.0070748961544036,9.463445,0.90556276,0.44900683,0.9895884,0.38,10.0,1.2,43
-0.0421792882347106,8.469988,0.88761616,0.4541457,0.9960413,0.38,10.0,1.2,43
0.0328639230346679,8.827454,0.8909805,0.4623682,0.959293,0.38,10.0,1.2,43
-0.0251782108211517,9.219981,0.89954865,0.45170796,0.99684286,0.38,10.0,1.2,43
-0.0470548493099212,8.618224,0.89874756,0.45843303,0.9956858,0.38,10.0,1.2,43
-0.0195610308647155,9.2384815,0.89974314,0.4663183,0.9865042,0.38,10.0,1.2,43
0.0077933257102966,8.829575,0.90105677,0.44681168,0.9231211,0.38,10.0,1.2,43
0.0187902246570587,8.486672,0.9044925,0.44945216,0.9397682,0.38,10.0,1.2,43
0.0146072885799407,8.456996,0.8962502,0.44901446,0.96614325,0.38,10.0,1.2,43
-0.0415555902481079,8.688154,0.8961374,0.46780276,0.9687898,0.38,10.0,1.2,43
0.009457508687973,8.802789,0.8984568,0.47003978,0.99329937,0.38,10.0,1.2,43
-0.0294561128139495,8.461003,0.8828657,0.45857808,0.9965874,0.38,10.0,1.2,43
-0.0047775732040405,8.296528,0.9122837,0.45155224,0.9208387,0.38,10.0,1.2,43
-0.0231042301654815,8.623242,0.8976347,0.4526548,0.9821719,0.38,10.0,1.2,43
-0.0411728206840721,8.885613,0.9309323,0.4762547,0.9732102,0.37,10.0,1.2,44
-0.0594891545078059,8.639847,0.937175,0.47012365,0.9501561,0.37,10.0,1.2,44
-0.0473550982375044,8.561948,0.92938757,0.48337743,0.97662044,0.37,10.0,1.2,44
-0.0537642928215118,8.748474,0.9451875,0.4745893,0.93138015,0.37,10.0,1.2,44
-0.0136406708909226,8.595239,0.92141986,0.45987365,0.99045634,0.37,10.0,1.2,44
0.0140464393512622,8.127454,0.93873423,0.45923054,0.9192647,0.37,10.0,1.2,44
0.0171243785594676,8.427487,0.93576586,0.46408454,0.9140314,0.37,10.0,1.2,44
-0.0372463448054797,8.6298,0.9334107,0.47724888,0.96795106,0.37,10.0,1.2,44
-0.0101687415226085,8.706708,0.9500447,0.46400964,0.8578212,0.37,10.0,1.2,44
0.0053250713749332,8.340459,0.92148733,0.46807674,0.99075747,0.37,10.0,1.2,44
-0.0428551927343145,8.341727,0.93837786,0.48672643,0.95800054,0.37,10.0,1.2,44
0.0196521048789267,8.419185,0.91646254,0.45623064,0.97618735,0.37,10.0,1.2,44
-0.0174807853526897,8.102174,0.93848723,0.4657655,0.98665917,0.37,10.0,1.2,44
0.0480208532946245,8.55341,0.93759024,0.45209706,0.9901328,0.37,10.0,1.2,44
-0.0048194568508022,8.318103,0.93640643,0.46228808,0.9369894,0.37,10.0,1.2,44
-0.0408881905988171,8.705485,0.9292956,0.47437894,0.9871974,0.37,10.0,1.2,44
-0.0203246213365961,8.664887,0.9389843,0.46751186,0.96082723,0.37,10.0,1.2,44
-0.0203906751752973,8.232642,0.91972333,0.46518856,0.9982456,0.37,10.0,1.2,44
-0.0417997217894316,8.04246,0.9248232,0.46990037,0.9966202,0.37,10.0,1.2,44
-0.0483144450832057,8.735161,0.9317081,0.48135662,0.9452684,0.37,10.0,1.2,44
0.0154494013514246,8.74208,0.93343,0.45434487,0.93703616,0.37,10.0,1.2,44
-0.0520846503990906,8.343592,0.93646353,0.47492594,0.85837746,0.37,10.0,1.2,44
0.0273157765557458,8.361273,0.9435994,0.45287713,0.9404868,0.37,10.0,1.2,44
0.015535195525344,8.539162,0.9273652,0.47170296,0.9866581,0.37,10.0,1.2,44
-0.0068736840726376,8.844879,0.9418146,0.46552813,0.9521967,0.37,10.0,1.2,44
-0.0162857775645213,8.548425,0.94591755,0.47401583,0.92166746,0.37,10.0,1.2,44
0.0092242718315697,8.075205,0.90443045,0.47162074,0.9985503,0.37,10.0,1.2,44
0.0005169258461342,8.700085,0.9335089,0.46395412,0.96564007,0.37,10.0,1.2,44
-0.0073862082965381,8.90069,0.9413497,0.48443592,0.9885889,0.37,10.0,1.2,44
-0.0243296312283467,8.58471,0.95698893,0.4858987,0.83768487,0.37,10.0,1.2,44
-0.0039002149026315,8.484629,0.9344951,0.4550665,0.9700639,0.37,10.0,1.2,44
-0.019400516401182,8.615792,0.9381708,0.46302554,0.99816465,0.37,10.0,1.2,44
-0.0155841027007804,8.5393505,0.93667257,0.47008094,0.97579825,0.37,10.0,1.2,44
-0.013463618590667,8.116941,0.9355675,0.47189423,0.94378746,0.37,10.0,1.2,44
0.0116324061030024,8.258691,0.9385927,0.4560998,0.9229113,0.37,10.0,1.2,44
-0.0430494472572395,8.580171,0.9289319,0.46733105,0.9576341,0.37,10.0,1.2,44
0.0175235956209199,8.59855,0.9309773,0.4698997,0.9736812,0.37,10.0,1.2,44
-0.004550902191941,8.526459,0.94815695,0.45897397,0.90801954,0.37,10.0,1.2,44
-0.0073704784338896,8.783593,0.93859136,0.44616055,0.99172664,0.37,10.0,1.2,44
-0.0007936464487253,8.595126,0.9350677,0.46134093,0.9969971,0.37,10.0,1.2,44
-0.0308325639429751,8.50662,0.9369565,0.46521646,0.9156431,0.37,10.0,1.2,44
-0.0402447628688525,8.750711,0.940393,0.46478814,0.96116555,0.37,10.0,1.2,44
0.0221920757179145,8.471857,0.95315444,0.46561778,0.93371713,0.37,10.0,1.2,44
-0.0510992425053685,8.384893,0.9299451,0.47172186,0.99457884,0.37,10.0,1.2,44
0.0183445218805078,8.554292,0.93571824,0.44962326,0.99347365,0.37,10.0,1.2,44
-0.0093426792972438,8.312069,0.9287499,0.46000507,0.95460486,0.37,10.0,1.2,44
-0.0133903093595762,8.456786,0.9359185,0.46875155,0.90860283,0.37,10.0,1.2,44
-0.0044020319128179,8.491454,0.93795896,0.46015787,0.9622195,0.37,10.0,1.2,44
0.0106960355913316,8.28231,0.93003106,0.45949495,0.98607624,0.37,10.0,1.2,44
-0.0195596525976965,8.3184,0.92933863,0.46723354,0.98041034,0.37,10.0,1.2,44
0.0057891579648037,8.282288,0.9317485,0.4652847,0.98321927,0.37,10.0,1.2,44
0.0112235471794197,7.810594,0.9302262,0.4774243,0.9741044,0.37,10.0,1.2,44
-0.0218285596120106,8.396581,0.92823523,0.4625145,0.9189578,0.37,10.0,1.2,44
-0.0564461194788729,8.498004,0.9273536,0.47547364,0.99633527,0.37,10.0,1.2,44
-0.0016226315426754,8.758751,0.9311183,0.47354713,0.97599745,0.37,10.0,1.2,44
-0.029245879571359,8.492714,0.9372043,0.4585179,0.9286504,0.37,10.0,1.2,44
0.0164863860499751,8.810969,0.9390309,0.4704322,0.9226514,0.37,10.0,1.2,44
-0.0518344547011114,8.314631,0.9141544,0.47750056,0.9851383,0.37,10.0,1.2,44
-0.0378443336486816,9.389697,0.93913877,0.48128724,0.9869399,0.37,10.0,1.2,44
-0.0338880114727192,8.127422,0.93041193,0.47051477,0.9898838,0.37,10.0,1.2,44
-0.0360260645262113,8.63395,0.9502933,0.46315625,0.9300853,0.37,10.0,1.2,44
0.0249146242685862,8.5508375,0.93240744,0.4555534,0.97269356,0.37,10.0,1.2,44
-0.0455289804899656,8.966408,0.9425916,0.47286478,0.97516763,0.37,10.0,1.2,44
-0.0157684072431501,7.7462034,0.9326126,0.4806351,0.98451555,0.37,10.0,1.2,44
0.0145908504921394,8.682025,0.9279494,0.46099558,0.97714496,0.37,10.0,1.2,44
-0.1048615276348125,9.028452,0.9320049,0.48496363,0.9880253,0.37,10.0,1.2,44
-0.0517922914421952,8.988838,0.92774713,0.4827811,0.98839056,0.37,10.0,1.2,44
0.0372524638648505,8.413573,0.9338147,0.46463686,0.9336641,0.37,10.0,1.2,44
-0.0375626124419249,8.341489,0.9339539,0.46967247,0.9571203,0.37,10.0,1.2,44
-0.0241089372019152,8.7106495,0.9337595,0.47148108,0.9868926,0.37,10.0,1.2,44
-0.0083703972341062,8.861075,0.9262568,0.46316898,0.98606026,0.37,10.0,1.2,44
0.0211664585021881,8.516645,0.93348867,0.46802002,0.96659076,0.37,10.0,1.2,44
-0.003952418719684,8.246779,0.92507,0.47120512,0.9338627,0.37,10.0,1.2,44
-0.0039673199238361,8.398145,0.9382962,0.47557473,0.9292643,0.37,10.0,1.2,44
-0.065503762756382,8.683891,0.9329958,0.48906547,0.98703027,0.37,10.0,1.2,44
-0.010701356743191,8.253803,0.9266131,0.4764231,0.94879687,0.37,10.0,1.2,44
-0.0037101801451262,8.960967,0.9356673,0.4857763,0.9244704,0.37,10.0,1.2,44
-0.0005047742310944,9.034338,0.94781834,0.46738458,0.9795511,0.37,10.0,1.2,44
-0.0587834768109135,8.470764,0.93153554,0.4763655,0.9969629,0.37,10.0,1.2,44
-0.0889545330414185,8.741679,0.93015885,0.48141134,0.960904,0.37,10.0,1.2,44
-0.0433904824457369,8.07366,0.9257545,0.47947708,0.96163034,0.37,10.0,1.2,44
-0.0478624459286709,8.087994,0.9330905,0.47803602,0.9723877,0.37,10.0,1.2,44
-0.0068499799318857,8.706744,0.93685913,0.46833465,0.92363906,0.37,10.0,1.2,44
-0.0212215693576915,8.627632,0.9357326,0.47965404,0.9462789,0.37,10.0,1.2,44
-0.0383508198325698,8.141187,0.9361301,0.4753148,0.95692694,0.37,10.0,1.2,44
0.0042764983019671,8.319759,0.9340387,0.4676768,0.9646499,0.37,10.0,1.2,44
0.0285104505292646,7.956772,0.92760664,0.46196494,0.895334,0.37,10.0,1.2,44
-0.0235244022618542,8.824659,0.9444955,0.47688615,0.916082,0.37,10.0,1.2,44
-0.0412435292195271,8.182662,0.92902243,0.49216667,0.9393805,0.37,10.0,1.2,44
-0.0270154323735394,8.791674,0.9513001,0.48354915,0.8864726,0.37,10.0,1.2,44
-0.0191012771995933,8.613687,0.94525385,0.45407605,0.9140669,0.37,10.0,1.2,44
-0.0729760395299207,8.780199,0.92836154,0.48427683,0.95246625,0.37,10.0,1.2,44
-0.0433955492987647,9.08748,0.93710726,0.48614123,0.9486948,0.37,10.0,1.2,44
-0.0576554296682546,8.475554,0.93552786,0.47782028,0.96964717,0.37,10.0,1.2,44
0.0064375487032595,8.081199,0.9199183,0.46642596,0.92838144,0.37,10.0,1.2,44
-0.0251248202166399,8.887963,0.93680763,0.46284539,0.97795916,0.37,10.0,1.2,44
0.0240930179790691,8.662702,0.9380754,0.46770754,0.97438776,0.37,10.0,1.2,44
-0.0435542377337321,8.477648,0.9251826,0.47226727,0.99084485,0.37,10.0,1.2,44
-0.0257132578970075,8.624528,0.9454143,0.47698438,0.87843716,0.37,10.0,1.2,44
-0.0621176405855127,8.46058,0.9308437,0.4791906,0.9941437,0.37,10.0,1.2,44
-0.0287246890254206,8.528948,0.9427418,0.45316163,0.93007433,0.37,10.0,1.2,44
-0.0286992485458786,8.050618,0.93798375,0.47295737,0.90425026,0.37,10.0,1.2,44
0.0265614277894074,8.539379,0.94051015,0.46190175,0.9839325,0.37,10.0,1.2,44
0.0246948033696538,8.697196,0.93310755,0.4623599,0.9505458,0.37,10.0,1.2,44
-0.0431892157818104,8.297282,0.92291534,0.45973122,0.9701451,0.37,10.0,1.2,44
-0.037764041488235,8.296909,0.93435323,0.47562227,0.9416157,0.37,10.0,1.2,44
-0.01845488745887,8.429993,0.932317,0.46031192,0.9187616,0.37,10.0,1.2,44
0.0040489684210883,8.568064,0.9330865,0.46384355,0.968593,0.37,10.0,1.2,44
-0.0203533395990595,8.740554,0.92920256,0.4730742,0.9748682,0.37,10.0,1.2,44
0.0075134418246982,8.744436,0.93289346,0.47367775,0.9414607,0.37,10.0,1.2,44
-0.0701329492735075,8.219601,0.92923623,0.4912355,0.9828806,0.37,10.0,1.2,44
-0.0013993030983406,8.853434,0.9379836,0.46465382,0.95018685,0.37,10.0,1.2,44
-0.0199460333174055,8.560929,0.9316031,0.4682528,0.93497694,0.37,10.0,1.2,44
-0.0088684989883376,8.855877,0.93298614,0.46684667,0.9137775,0.37,10.0,1.2,44
-0.0635588004066421,8.681211,0.94946396,0.47604644,0.96380746,0.37,10.0,1.2,44
-0.0617856402654905,8.677182,0.9434432,0.4799683,0.9207679,0.37,10.0,1.2,44
-0.0162176137285547,9.07841,0.9296543,0.4740124,0.987774,0.37,10.0,1.2,44
-0.0206244491671656,8.577579,0.9378612,0.4891374,0.9724481,0.37,10.0,1.2,44
-0.0186139762580573,8.8236,0.9391975,0.46736312,0.995121,0.37,10.0,1.2,44
-0.019090275721507,9.24119,0.93464273,0.4692624,0.9560087,0.37,10.0,1.2,44
-0.0310333923606185,8.398865,0.92710745,0.4698645,0.979571,0.37,10.0,1.2,44
-0.0363512396884036,8.640469,0.9407449,0.47238833,0.9056114,0.37,10.0,1.2,44
0.0020969106485177,8.318673,0.92527795,0.46409532,0.9787648,0.37,10.0,1.2,44
-0.0476406493129672,9.114228,0.94032955,0.46534285,0.9969306,0.37,10.0,1.2,44
-0.0314707606046407,9.01691,0.9389449,0.47227237,0.96697974,0.37,10.0,1.2,44
-0.0536259275728517,8.512505,0.9186689,0.47142607,0.98721933,0.37,10.0,1.2,44
-0.0629335288886909,8.641229,0.9337198,0.49164796,0.98816097,0.37,10.0,1.2,44
-0.0012062720851497,8.3665,0.92765087,0.46076548,0.9732176,0.37,10.0,1.2,44
0.009733634553514,8.489631,0.9378835,0.47094902,0.99168265,0.37,10.0,1.2,44
0.0003148975887814,8.018809,0.92827433,0.479708,0.9916266,0.37,10.0,1.2,44
0.002272259566161,8.533565,0.9202814,0.475615,0.9651501,0.37,10.0,1.2,44
-0.0364092789326344,8.880179,0.92929345,0.47523922,0.9748212,0.37,10.0,1.2,44
-0.0306850376931038,8.59222,0.94473827,0.4626098,0.9736692,0.37,10.0,1.2,44
0.0045168184160112,8.254872,0.93946457,0.47301137,0.9370158,0.37,10.0,1.2,44
-0.0026455718260985,8.759967,0.9406389,0.46319157,0.94590414,0.37,10.0,1.2,44
-0.0144777390477177,8.74157,0.9263915,0.46294022,0.98557556,0.37,10.0,1.2,44
0.0150265676767618,8.491643,0.93196726,0.45286137,0.9098486,0.37,10.0,1.2,44
-0.0444544346268112,8.364063,0.92415226,0.4776622,0.9975195,0.37,10.0,1.2,44
-0.041194103107796,8.491931,0.93738216,0.47848827,0.99998856,0.37,10.0,1.2,44
-0.0275072216056846,8.742472,0.9383243,0.47014865,0.9552789,0.37,10.0,1.2,44
-0.0074292560669036,8.281959,0.94365895,0.47440192,0.9695791,0.37,10.0,1.2,44
0.0183948755980253,8.943596,0.9386303,0.46832234,0.91303587,0.37,10.0,1.2,44
-0.0669505623081424,8.360818,0.94073755,0.4690863,0.9327811,0.37,10.0,1.2,44
0.001304573969798,8.770629,0.93019485,0.4626714,0.9921186,0.37,10.0,1.2,44
-0.0193606721101938,8.6507015,0.92003876,0.4791935,0.95153594,0.37,10.0,1.2,44
0.0150624299836946,8.689292,0.9358162,0.46484002,0.99386716,0.37,10.0,1.2,44
-0.025090739934652,8.519667,0.92185926,0.47912538,0.99414754,0.37,10.0,1.2,44
-0.0096976774232881,8.666654,0.93639606,0.46427274,0.9470408,0.37,10.0,1.2,44
0.0007982135749794,8.66149,0.93578196,0.4520312,0.9850627,0.37,10.0,1.2,44
-0.0265362848891868,8.245002,0.938088,0.4734042,0.9145212,0.37,10.0,1.2,44
-0.0511629720707913,8.420811,0.9281187,0.46724784,0.9893961,0.37,10.0,1.2,44
-0.027216044181102,8.3593,0.93534505,0.46953544,0.9824567,0.37,10.0,1.2,44
-0.0033151773504308,8.811928,0.9400318,0.4592803,0.9128463,0.37,10.0,1.2,44
0.0082280176466291,8.262847,0.9356249,0.46553272,0.9534954,0.37,10.0,1.2,44
0.0210080854742376,8.149801,0.9264456,0.4674864,0.9896556,0.37,10.0,1.2,44
-0.0076354576374317,8.589132,0.93809164,0.45988286,0.92611074,0.37,10.0,1.2,44
-0.0402683402110148,8.281303,0.9277427,0.47292158,0.9951203,0.37,10.0,1.2,44
-0.0045456661189998,8.461922,0.9311158,0.4720482,0.98154914,0.37,10.0,1.2,44
-0.0071699492709414,8.644196,0.9224453,0.45422494,0.9966841,0.37,10.0,1.2,44
-0.0209365889617988,8.7500725,0.93125695,0.461901,0.98433256,0.37,10.0,1.2,44
-0.0066453241514372,8.634034,0.9467159,0.4738506,0.9691013,0.37,10.0,1.2,44
0.0068249244518108,8.546937,0.9323179,0.46942675,0.9893484,0.37,10.0,1.2,44
-0.0463750094050043,8.2589445,0.94209725,0.4706704,0.985891,0.37,10.0,1.2,44
-0.0177816367793727,8.683079,0.94308805,0.46248782,0.9347079,0.37,10.0,1.2,44
-0.0449863074420092,8.481026,0.9350462,0.48493123,0.9699383,0.37,10.0,1.2,44
-0.0349149176451537,8.2561455,0.94127655,0.4769858,0.9397346,0.37,10.0,1.2,44
0.0016569344059483,8.5939245,0.92671555,0.46606538,0.9704279,0.37,10.0,1.2,44
-0.0299035609019053,8.941982,0.92834496,0.47725058,0.9969044,0.37,10.0,1.2,44
-0.029576148184928,8.781722,0.93380016,0.47164625,0.9132037,0.37,10.0,1.2,44
0.0176715601958312,8.556917,0.92946124,0.46335146,0.91087055,0.37,10.0,1.2,44
-0.0326755235574624,8.682902,0.9316486,0.48163846,0.9477136,0.37,10.0,1.2,44
-0.0157432342148399,8.812721,0.94366485,0.4580687,0.89322555,0.37,10.0,1.2,44
-0.0017918049465786,8.642962,0.9352473,0.45990738,0.98112404,0.37,10.0,1.2,44
-0.0492330413394504,8.652962,0.92792624,0.4789916,0.97307706,0.37,10.0,1.2,44
0.0041045592711852,8.498969,0.9352523,0.4737388,0.99527,0.37,10.0,1.2,44
-0.0583797691462634,8.076119,0.9519302,0.47579208,0.88232994,0.37,10.0,1.2,44
-0.0116777566460159,8.588228,0.927138,0.4698022,0.9881172,0.37,10.0,1.2,44
-0.0179552736010279,8.428169,0.9299416,0.4566872,0.9960147,0.37,10.0,1.2,44
-0.0545506254831949,8.306242,0.9371013,0.4737224,0.99681914,0.37,10.0,1.2,44
-0.0179208158444355,8.527229,0.94597864,0.47288644,0.86293066,0.37,10.0,1.2,44
-0.0334512409934768,8.8480215,0.9423082,0.46413624,0.99302983,0.37,10.0,1.2,44
0.0141194932668416,8.313714,0.9385679,0.47219834,0.92981887,0.37,10.0,1.2,44
-0.0518445706295895,8.290012,0.9269223,0.47883487,0.9679878,0.37,10.0,1.2,44
-0.027256224685245,8.864148,0.92799276,0.48395145,0.9644562,0.37,10.0,1.2,44
0.0075214623975324,8.157394,0.93952024,0.46506146,0.9876565,0.37,10.0,1.2,44
-0.0558006304949969,8.418739,0.91872615,0.47856164,0.98124385,0.37,10.0,1.2,44
0.0012029396091495,8.661993,0.9471345,0.4707275,0.9989513,0.37,10.0,1.2,44
-0.0195171808695291,8.830957,0.94024146,0.4731725,0.9706292,0.37,10.0,1.2,44
-0.0310212772171776,8.375974,0.93054307,0.47395346,0.96761084,0.37,10.0,1.2,44
0.0283682358372318,8.655258,0.932004,0.46762586,0.9916302,0.37,10.0,1.2,44
-0.0159869684900965,8.943909,0.9274856,0.4681019,0.99678016,0.37,10.0,1.2,44
-0.040096594957976,8.449203,0.9443457,0.4766568,0.861969,0.37,10.0,1.2,44
-0.010132331354124,8.977089,0.93220544,0.46992406,0.9824419,0.37,10.0,1.2,44
-0.026144628302829,8.76029,0.93558663,0.46979755,0.9796226,0.37,10.0,1.2,44
-0.0103459322416746,8.507514,0.94371593,0.46722013,0.9558034,0.37,10.0,1.2,44
-0.0610209428941881,8.243583,0.9181931,0.47992778,0.9913142,0.37,10.0,1.2,44
-0.0171760988665056,8.419075,0.92793757,0.47434798,0.98951244,0.37,10.0,1.2,44
-0.0092698249015006,8.335085,0.9363872,0.47243688,0.9512743,0.37,10.0,1.2,44
0.0400717419403809,8.69804,0.9291329,0.4721644,0.983268,0.37,10.0,1.2,44
-0.0129505516315723,8.560868,0.94111264,0.46439126,0.8741188,0.37,10.0,1.2,44
-0.0221611754457513,8.910857,0.9351643,0.47077644,0.9435109,0.37,10.0,1.2,44
0.0070968669456046,8.581591,0.9238889,0.4588323,0.9970033,0.37,10.0,1.2,44
-0.0082826641300419,8.860996,0.9546346,0.46064925,0.9417769,0.37,10.0,1.2,44
-0.0298983879705091,8.713658,0.9324391,0.47952482,0.9664241,0.37,10.0,1.2,44
-0.0113989280150817,8.892946,0.9215066,0.47816834,0.98956287,0.37,10.0,1.2,44
-0.0101738805169457,8.899083,0.94295734,0.45921522,0.964743,0.37,10.0,1.2,44
-0.0227117307622869,8.359745,0.93656176,0.4724686,0.9472091,0.37,10.0,1.2,44
-0.0128411731204471,8.723187,0.93622184,0.46988446,0.98894143,0.37,10.0,1.2,44
-0.0630404620342426,8.48374,0.9365793,0.47143924,0.9566939,0.37,10.0,1.2,44
-0.0091464942282026,8.492651,0.93228006,0.47272718,0.9521854,0.37,10.0,1.2,44
-0.0431581113503143,8.154042,0.9343751,0.4841607,0.90106416,0.37,10.0,1.2,44
-0.0605662602275699,8.660458,0.92869055,0.47149187,0.9900068,0.37,10.0,1.2,44
-0.020483736769931,8.2759905,0.92686415,0.46956345,0.9718665,0.37,10.0,1.2,44
-0.0058526614192011,8.562695,0.91852194,0.467539,0.9997971,0.37,10.0,1.2,44
-0.002939782930208,8.378192,0.9375195,0.48641002,0.9667095,0.37,10.0,1.2,44
0.017210632644974,8.31745,0.93470377,0.45045227,0.985554,0.37,10.0,1.2,44
-0.017480777018779,8.541587,0.93265504,0.45973828,0.9590877,0.37,10.0,1.2,44
-0.0451177626830321,8.929551,0.9439631,0.48292768,0.97115266,0.37,10.0,1.2,44
-0.0275741184509552,8.353646,0.92309165,0.45877105,0.97356355,0.37,10.0,1.2,44
-0.018944146232204,8.245092,0.9218396,0.46800566,0.99274015,0.37,10.0,1.2,44
-0.0302807680479399,9.441857,0.93086725,0.4734984,0.9599632,0.37,10.0,1.2,44
-0.0459070950800234,8.357211,0.94225,0.4772269,0.87547946,0.37,10.0,1.2,44
-0.0050017860630253,8.408454,0.9434004,0.47236165,0.9399489,0.37,10.0,1.2,44
-0.0057133941822223,8.874355,0.93035126,0.45858893,0.9749235,0.37,10.0,1.2,44
-0.0275402405025722,8.741261,0.9374337,0.47638395,0.9876838,0.37,10.0,1.2,44
-0.0262702989936232,8.3997755,0.93189734,0.46106696,0.94721997,0.37,10.0,1.2,44
-0.0468604003702914,8.09278,0.9281272,0.49315754,0.97665167,0.37,10.0,1.2,44
0.0070945511207924,8.384734,0.9422494,0.46849996,0.8644583,0.37,10.0,1.2,44
-0.055909783926096,8.079789,0.9322514,0.4834956,0.9937949,0.37,10.0,1.2,44
0.0071833300089334,8.754995,0.92907757,0.47277713,0.9698895,0.37,10.0,1.2,44
-0.0241687387818688,8.917185,0.9465938,0.48137897,0.8805742,0.37,10.0,1.2,44
-0.0227732115679675,8.523664,0.9487226,0.4653422,0.94434047,0.37,10.0,1.2,44
-0.0002581115241523,8.848772,0.93585217,0.47964346,0.95302415,0.37,10.0,1.2,44
-0.0531615653267135,8.509596,0.9250809,0.47157252,0.89099777,0.37,10.0,1.2,44
-0.0611606901257603,8.720251,0.9280828,0.47863024,0.9883045,0.37,10.0,1.2,44
-0.024901076050492,8.695192,0.92619264,0.4609489,0.9953728,0.37,10.0,1.2,44
-0.0155469823313188,8.56103,0.9495822,0.4755124,0.84664476,0.37,10.0,1.2,44
-0.0481869608432323,8.563099,0.92831945,0.46999115,0.951812,0.37,10.0,1.2,44
-0.036987237293083,8.9569435,0.9310031,0.47570902,0.96850526,0.37,10.0,1.2,44
0.018390793471007,8.85665,0.9365511,0.47147998,0.96989465,0.37,10.0,1.2,44
0.0062038853218605,8.382913,0.918072,0.46600264,0.95833266,0.37,10.0,1.2,44
-0.0185815792541962,8.413901,0.94548464,0.47320667,0.8992801,0.37,10.0,1.2,44
0.0006742456224229,7.734645,0.928001,0.4581721,0.9274076,0.37,10.0,1.2,44
-0.0142301541620546,8.685582,0.91982645,0.47334215,0.98881006,0.37,10.0,1.2,44
-0.0431018403772119,8.520368,0.9250494,0.47030458,0.9769455,0.37,10.0,1.2,44
0.0113876057816697,7.9462147,0.9396415,0.46258563,0.90840507,0.37,10.0,1.2,44
-0.0335652142100863,8.791424,0.94096816,0.46786729,0.92745805,0.37,10.0,1.2,44
-0.0336458810814866,8.438759,0.92843795,0.47553885,0.9964864,0.37,10.0,1.2,44
-0.0009795907739404,9.02658,0.93756557,0.47741607,0.9605477,0.37,10.0,1.2,44
0.0210808112456633,8.480825,0.9447817,0.4712078,0.95169985,0.37,10.0,1.2,44
0.0004865959957913,8.390179,0.93054396,0.47659868,0.99244785,0.37,10.0,1.2,44
0.0271797273538492,8.247579,0.9203996,0.46066248,0.99643886,0.37,10.0,1.2,44
-0.001106647972588,8.834281,0.9440924,0.46573967,0.98903453,0.37,10.0,1.2,44
-0.01090426427824,8.807419,0.9439665,0.46656615,0.98560286,0.37,10.0,1.2,44
-0.022041482696304,8.136331,0.93521845,0.4669317,0.90806603,0.37,10.0,1.2,44
-0.0118099507984814,8.4724045,0.93482053,0.47276315,0.9888978,0.37,10.0,1.2,44
0.0232681735786231,8.477214,0.92793775,0.4681721,0.9942907,0.37,10.0,1.2,44
-0.0687592364646293,8.652892,0.94091076,0.4785536,0.9521527,0.37,10.0,1.2,44
-0.026697753499578,8.534269,0.9322997,0.47003514,0.9574379,0.37,10.0,1.2,44
-0.0318208359598039,7.8675427,0.90921193,0.4805423,0.9917362,0.37,10.0,1.2,44
0.0152161552383377,8.158126,0.9258981,0.47364193,0.99112225,0.37,10.0,1.2,44
0.0234078755822625,8.287722,0.95381296,0.45310205,0.79969156,0.37,10.0,1.2,44
0.0190916335475337,8.180586,0.94297135,0.46675184,0.8850796,0.37,10.0,1.2,44
-0.0410097316650298,8.470681,0.9195988,0.47857505,0.9869317,0.37,10.0,1.2,44
-0.026081438472679,8.494137,0.93884665,0.4759996,0.9275646,0.37,10.0,1.2,44
0.0080626575653259,8.767019,0.92905617,0.46144184,0.9540578,0.37,10.0,1.2,44
-0.054319645800032,8.562355,0.9211923,0.49211332,0.9655256,0.37,10.0,1.2,44
-0.0231338931418753,8.393117,0.9467459,0.466979,0.8458282,0.37,10.0,1.2,44
-0.0011434246613098,8.726669,0.9384554,0.461813,0.9666436,0.37,10.0,1.2,44
0.0081483825477393,8.485153,0.93776584,0.46668077,0.96849346,0.37,10.0,1.2,44
0.03725335748346,8.42298,0.94581556,0.46390155,0.9711101,0.37,10.0,1.2,44
-0.0871891386301309,8.682099,0.94427234,0.479617,0.9787071,0.37,10.0,1.2,44
-0.0400069891654693,8.894726,0.9360107,0.47084984,0.9792155,0.37,10.0,1.2,44
-0.015974068426871,8.581424,0.94225144,0.47760224,0.9709116,0.37,10.0,1.2,44
-0.0294450241524177,8.681626,0.93015593,0.47079328,0.9583616,0.37,10.0,1.2,44
-0.0141908409717204,8.465562,0.9333709,0.48046625,0.9729464,0.37,10.0,1.2,44
-0.0384995171042891,8.980576,0.91972107,0.47652733,0.99047804,0.37,10.0,1.2,44
-0.0064296557165838,8.216501,0.9323852,0.45921233,0.9923676,0.37,10.0,1.2,44
0.0026374454899235,8.139117,0.9413486,0.4717413,0.92687833,0.37,10.0,1.2,44
-0.0213493356547198,8.361109,0.9279191,0.46593633,0.9022684,0.37,10.0,1.2,44
-0.0171850654599186,8.671704,0.9295517,0.46704152,0.98745024,0.37,10.0,1.2,44
-0.0199332012070549,8.426108,0.9357154,0.46994185,0.9944327,0.37,10.0,1.2,44
-0.0351270838900729,8.494978,0.94035316,0.47171187,0.98455083,0.37,10.0,1.2,44
-0.0285312778240925,8.679113,0.9187189,0.47988582,0.99616075,0.37,10.0,1.2,44
-0.018834338753789,8.531921,0.9309063,0.46448666,0.9539224,0.37,10.0,1.2,44
-0.0618153365882667,8.633966,0.93206835,0.47788215,0.9749776,0.37,10.0,1.2,44
-0.016532575475561,8.625107,0.9414177,0.4703852,0.952459,0.37,10.0,1.2,44
0.0050528701289638,8.352435,0.9177457,0.47202167,0.97415245,0.37,10.0,1.2,44
0.0186162185382556,8.138485,0.92396206,0.4650742,0.97763884,0.37,10.0,1.2,44
-0.0183391566176314,8.719464,0.9365264,0.46026847,0.9541992,0.37,10.0,1.2,44
0.0289028049159694,8.460176,0.93183637,0.47637415,0.94963396,0.37,10.0,1.2,44
-0.0270947139542382,8.293405,0.92156225,0.48796964,0.9859295,0.37,10.0,1.2,44
-0.0078636444008744,8.296528,0.92581606,0.47445095,0.9941379,0.37,10.0,1.2,44
-0.0230968591042825,8.598044,0.9328661,0.47379816,0.9778081,0.37,10.0,1.2,44
-0.0125358470209367,8.915844,0.944575,0.47753772,0.97238016,0.37,10.0,1.2,44
0.0070242824497165,8.66735,0.92268187,0.458716,0.97496784,0.37,10.0,1.2,44
0.0186291573212311,8.37312,0.9378207,0.46553123,0.9718561,0.37,10.0,1.2,44
-0.0153407724411995,8.256779,0.93415326,0.46203467,0.9795759,0.37,10.0,1.2,44
-0.0354806841672719,8.774877,0.9298427,0.46321297,0.9942384,0.37,10.0,1.2,44
-0.0070640367430609,8.727393,0.9302466,0.4697511,0.9767529,0.37,10.0,1.2,44
-0.0399343953977475,8.486806,0.934837,0.48295853,0.987555,0.37,10.0,1.2,44
-0.0409955318267638,8.278909,0.9223237,0.46549731,0.9411199,0.37,10.0,1.2,44
-0.0430520578261252,8.6772375,0.92526674,0.47602585,0.98730004,0.37,10.0,1.2,44
-0.0337017207890301,8.840113,0.9348366,0.47558892,0.9109398,0.37,10.0,1.2,44
-0.0298341884054579,8.605348,0.93998164,0.472149,0.97968113,0.37,10.0,1.2,44
0.0285385065107374,8.675567,0.93343866,0.45632693,0.92917,0.37,10.0,1.2,44
-0.0294527978224081,8.551095,0.94251245,0.46245852,0.9622654,0.37,10.0,1.2,44
-0.016037839139188,8.63302,0.92708516,0.47113547,0.9859159,0.37,10.0,1.2,44
-0.0276004147959185,8.458772,0.94345194,0.46891326,0.88685346,0.37,10.0,1.2,44
0.0095162358727899,8.296614,0.93271637,0.4771085,0.9964895,0.37,10.0,1.2,44
-0.0151012689859659,8.600483,0.93012875,0.47114736,0.9826573,0.37,10.0,1.2,44
-0.0376197348629032,9.005576,0.9397763,0.4623829,0.97591317,0.37,10.0,1.2,44
-0.0256269497341579,8.70021,0.9319502,0.46197423,0.97646856,0.37,10.0,1.2,44
-0.0148763806970269,8.716035,0.9220655,0.4645604,0.9972745,0.37,10.0,1.2,44
-0.0056598557079876,8.497217,0.9520894,0.47002923,0.8519274,0.37,10.0,1.2,44
-0.0238009254853646,8.346167,0.9326599,0.47323892,0.93595207,0.37,10.0,1.2,44
-0.04429957707007,8.946649,0.94007754,0.47545764,0.90677226,0.37,10.0,1.2,44
0.0044648803390182,8.680091,0.9474401,0.45214698,0.9543482,0.37,10.0,1.2,44
-0.0269030126437052,8.615792,0.9326204,0.47117627,0.95656383,0.37,10.0,1.2,44
-0.0276863161508027,8.087969,0.92643803,0.47644803,0.99035597,0.37,10.0,1.2,44
-0.0109609778936918,9.124517,0.9366274,0.46404275,0.92780733,0.37,10.0,1.2,44
-0.0200042107155373,8.449438,0.93586904,0.45939922,0.9336102,0.37,10.0,1.2,44
0.0104180105742033,8.6630945,0.9336114,0.4565576,0.9789076,0.37,10.0,1.2,44
-0.0159381513552622,8.567479,0.94699657,0.46745688,0.9800452,0.37,10.0,1.2,44
0.0043115076002058,8.256645,0.9361198,0.471788,0.9370891,0.37,10.0,1.2,44
0.0050279519937417,8.504496,0.9270274,0.459011,0.9447067,0.37,10.0,1.2,44
-0.0346401465189707,8.689194,0.9256898,0.47601914,0.9511503,0.37,10.0,1.2,44
0.0067355773685214,8.666631,0.9326885,0.4670981,0.9941691,0.37,10.0,1.2,44
0.0026702741101697,8.615929,0.9444916,0.46332368,0.94913447,0.37,10.0,1.2,44
-0.055221508759278,8.755639,0.93852067,0.4749059,0.97751105,0.37,10.0,1.2,44
0.0191054151151273,8.894504,0.94627696,0.46902198,0.9277257,0.37,10.0,1.2,44
-0.0360183194950894,7.974386,0.929688,0.47145927,0.99348605,0.37,10.0,1.2,44
-0.0096776567923056,8.451611,0.93593735,0.46249712,0.95513177,0.37,10.0,1.2,44
-0.0504026963617708,9.019945,0.9501238,0.4866885,0.9236069,0.37,10.0,1.2,44
-0.0032409245259052,8.336452,0.94333017,0.47523314,0.91683793,0.37,10.0,1.2,44
-0.0390007625900589,8.628009,0.947327,0.46581587,0.8749417,0.37,10.0,1.2,44
-0.0969418948978275,8.744932,0.9369579,0.47480157,0.9628196,0.37,10.0,1.2,44
-0.0766402804457747,8.525343,0.9340633,0.4891419,0.9659827,0.37,10.0,1.2,44
-0.0703467340154332,8.437994,0.9247664,0.48087385,0.92781496,0.37,10.0,1.2,44
-0.0377235939552834,8.384018,0.9224003,0.4672404,0.95344925,0.37,10.0,1.2,44
-0.0152293220368233,8.714169,0.91837776,0.473878,0.9962914,0.37,10.0,1.2,44
-0.0016627936033873,8.175883,0.928372,0.4598845,0.97759855,0.37,10.0,1.2,44
-0.0063691828845141,9.112044,0.94893175,0.47429088,0.9644228,0.37,10.0,1.2,44
-0.0165501395861307,8.7899065,0.9286839,0.4765189,0.9911475,0.37,10.0,1.2,44
-0.014298212900534,8.663131,0.9299588,0.46995482,0.9656774,0.37,10.0,1.2,44
-0.0213115490234649,8.477182,0.9280261,0.4754454,0.9431548,0.37,10.0,1.2,44
-0.0072821255632348,8.890574,0.9250461,0.4581939,0.99289584,0.37,10.0,1.2,44
-0.0131960622326389,8.374983,0.9317039,0.4714989,0.9959202,0.37,10.0,1.2,44
-0.0566585872337982,8.5129,0.927943,0.48593163,0.95732117,0.37,10.0,1.2,44
0.0053660006709285,8.2887945,0.92678124,0.47847092,0.98470294,0.37,10.0,1.2,44
-0.013590989492319,8.54238,0.937823,0.47118232,0.9801817,0.37,10.0,1.2,44
-0.0340717715544027,8.492026,0.9449374,0.4666451,0.98054075,0.37,10.0,1.2,44
-0.0224436731667847,8.117228,0.9337513,0.46616182,0.96034336,0.37,10.0,1.2,44
0.013482181073667,8.435594,0.9330568,0.4662962,0.93808985,0.37,10.0,1.2,44
0.0006097945651492,8.556307,0.9386596,0.47126138,0.92633414,0.37,10.0,1.2,44
0.0046424204164797,8.578033,0.9375693,0.4631667,0.98940885,0.37,10.0,1.2,44
-0.0368562049049514,8.659533,0.930926,0.46790034,0.9687711,0.37,10.0,1.2,44
-0.0109432125950718,8.65428,0.953498,0.4775501,0.95549977,0.37,10.0,1.2,44
-0.0457157333763512,8.704513,0.9404341,0.47239354,0.98257434,0.37,10.0,1.2,44
-0.0618839181722463,8.626252,0.9297063,0.46961358,0.966979,0.37,10.0,1.2,44
-0.0521482359181653,8.719225,0.94271713,0.47547686,0.98966575,0.37,10.0,1.2,44
-0.0131713192384164,8.865399,0.93394274,0.4626927,0.9697739,0.37,10.0,1.2,44
-0.0435163681714742,8.487197,0.9306056,0.47799337,0.97748244,0.37,10.0,1.2,44
0.0017776078290051,8.768196,0.9452893,0.4582621,0.99517226,0.37,10.0,1.2,44
-0.0431967039151234,8.785692,0.9379147,0.46874204,0.9151341,0.37,10.0,1.2,44
-0.0495786490096702,9.000509,0.9446201,0.46909058,0.9780052,0.37,10.0,1.2,44
-0.0087791064265254,8.481713,0.93602353,0.46271983,0.95853317,0.37,10.0,1.2,44
0.0012662481474088,8.124004,0.9256767,0.47179294,0.9411011,0.37,10.0,1.2,44
-0.0019319541461474,8.157568,0.9389962,0.46918958,0.9980686,0.37,10.0,1.2,44
0.0036189765185565,8.53683,0.93749535,0.47261426,0.9936925,0.37,10.0,1.2,44
-0.0354493230455988,8.728953,0.9519969,0.4627002,0.9325695,0.37,10.0,1.2,44
-0.0484045479820297,8.609398,0.9272895,0.4709127,0.99397945,0.37,10.0,1.2,44
-0.0137101526518125,8.569842,0.93678045,0.46411076,0.9628099,0.37,10.0,1.2,44
-0.0256276555963464,8.475823,0.93604195,0.4809461,0.93927515,0.37,10.0,1.2,44
-0.0123255178233882,7.9089513,0.9487985,0.47106597,0.8874457,0.37,10.0,1.2,44
-0.0070937492109991,8.390532,0.9307351,0.4665076,0.9774337,0.37,10.0,1.2,44
-0.0077435776063271,8.26491,0.93564355,0.46765155,0.93614435,0.37,10.0,1.2,44
-0.0422332684342209,8.807546,0.93585575,0.47108597,0.9036578,0.37,10.0,1.2,44
-0.0107835450115146,8.520366,0.9396619,0.4632216,0.9396179,0.37,10.0,1.2,44
-0.0471359882769999,8.685089,0.935288,0.4636676,0.98380625,0.37,10.0,1.2,44
-0.0118320136886459,8.213785,0.9383703,0.46621868,0.9199276,0.37,10.0,1.2,44
-0.0417779518390918,9.200461,0.9426489,0.4738225,0.99783325,0.37,10.0,1.2,44
0.0083395843677692,8.58044,0.94011736,0.46540633,0.9953766,0.37,10.0,1.2,44
-0.043602040379613,8.652917,0.95464534,0.47351274,0.862741,0.37,10.0,1.2,44
-0.051773280288364,8.835147,0.9311745,0.4692557,0.9532434,0.37,10.0,1.2,44
-0.0054425151641662,9.16081,0.9265762,0.4677621,0.96258354,0.37,10.0,1.2,44
-0.0081938213557452,9.1320095,0.9402182,0.46562564,0.9843224,0.37,10.0,1.2,44
-0.052154528815467,8.213056,0.92008984,0.47115958,0.9962342,0.37,10.0,1.2,44
0.0162657065004915,8.526395,0.92231464,0.47546554,0.9867033,0.37,10.0,1.2,44
-0.0577702921145671,9.122789,0.9396747,0.4742118,0.98240125,0.37,10.0,1.2,44
-0.0555866968882334,8.390675,0.9327589,0.4750141,0.9909437,0.37,10.0,1.2,44
-0.026832278147116,8.870824,0.932402,0.48248637,0.9788389,0.37,10.0,1.2,44
-0.0022777762140955,8.529158,0.93590486,0.46300372,0.9077709,0.37,10.0,1.2,44
0.0065729273260534,8.204148,0.9397898,0.4660346,0.9198755,0.37,10.0,1.2,44
-0.0341612579371478,8.226691,0.9158266,0.48267433,0.99847865,0.37,10.0,1.2,44
-0.0505252078846768,8.431692,0.929047,0.4850442,0.959916,0.37,10.0,1.2,44
0.0207423237637356,8.619149,0.9306942,0.48020124,0.9455708,0.37,10.0,1.2,44
-0.0293099660844774,8.167131,0.9154092,0.47825104,0.9884827,0.37,10.0,1.2,44
-0.0154062183483226,7.982958,0.9488801,0.46905017,0.90185046,0.37,10.0,1.2,44
0.0189320395300696,8.932195,0.9420476,0.47171542,0.9893713,0.37,10.0,1.2,44
0.0066307528972625,9.299808,0.9341577,0.46101275,0.93158674,0.36,10.0,1.2,45
-0.0101218120002746,8.846796,0.9258809,0.45252612,0.98354757,0.36,10.0,1.2,45
-0.0186094701766967,9.034357,0.930113,0.46437868,0.96070707,0.36,10.0,1.2,45
0.0087644304847717,8.777159,0.9257738,0.4713811,0.9927726,0.36,10.0,1.2,45
0.023922351989746,9.258202,0.93789786,0.44266805,0.8961941,0.36,10.0,1.2,45
0.018531763381958,9.230667,0.9356189,0.44824684,0.97360694,0.36,10.0,1.2,45
0.0432612972259521,9.166145,0.9343037,0.44494417,0.9913368,0.36,10.0,1.2,45
-0.0127332341194152,9.159603,0.9370185,0.45848244,0.9306668,0.36,10.0,1.2,45
0.0173072636699676,9.1212015,0.92828375,0.44960654,0.99690413,0.36,10.0,1.2,45
0.0298934718322753,9.020706,0.93204063,0.45249888,0.9196038,0.36,10.0,1.2,45
0.0149156229591369,9.217985,0.9330838,0.44106376,0.9721497,0.36,10.0,1.2,45
0.059542596502304,8.948766,0.9385074,0.4399491,0.95985734,0.36,10.0,1.2,45
0.0239063561630249,8.575207,0.9308132,0.45572177,0.9990821,0.36,10.0,1.2,45
0.072530384979248,8.930557,0.9377886,0.4348434,0.9899478,0.36,10.0,1.2,45
0.015523303194046,8.759604,0.9266763,0.44650832,0.98805547,0.36,10.0,1.2,45
0.0465759699821472,8.935633,0.9241193,0.44563386,0.98229206,0.36,10.0,1.2,45
0.019915909576416,9.26384,0.9242251,0.45119002,0.9753953,0.36,10.0,1.2,45
0.0113457213020324,8.867453,0.94661766,0.45106712,0.9052743,0.36,10.0,1.2,45
-0.0035493328952789,8.677953,0.9310209,0.45333382,0.9728253,0.36,10.0,1.2,45
-0.0128923737525939,9.44356,0.92161876,0.4692662,0.9414811,0.36,10.0,1.2,45
0.0387690788936615,9.154187,0.92524064,0.44051084,0.99707437,0.36,10.0,1.2,45
-0.0154538777637481,8.858262,0.9091754,0.45829615,0.98467875,0.36,10.0,1.2,45
0.0541042035770416,8.773395,0.9322719,0.43834493,0.96682847,0.36,10.0,1.2,45
-0.0142282416343688,9.082642,0.9357235,0.45325983,0.98917985,0.36,10.0,1.2,45
0.028677582950592,9.085775,0.9194257,0.45429677,0.98234284,0.36,10.0,1.2,45
0.03083806391716,9.123033,0.92180276,0.45884675,0.97529113,0.36,10.0,1.2,45
0.0301207773399353,8.69639,0.9480063,0.45569378,0.6984142,0.36,10.0,1.2,45
0.040699391336441,9.144832,0.9320532,0.4518155,0.9608116,0.36,10.0,1.2,45
0.0483591510391235,8.800724,0.9247661,0.4583303,0.9926938,0.36,10.0,1.2,45
0.0038573233699798,9.421676,0.93334126,0.4664437,0.9911778,0.36,10.0,1.2,45
0.0263843880367279,9.075337,0.92468584,0.4603429,0.97894394,0.36,10.0,1.2,45
0.0180542501926422,8.9231825,0.9231925,0.44713745,0.99609995,0.36,10.0,1.2,45
-0.0028503187656402,9.119697,0.9324851,0.4502622,0.9787046,0.36,10.0,1.2,45
0.0121203582286834,8.530879,0.9152656,0.45514143,0.9745711,0.36,10.0,1.2,45
0.0226597287368774,9.111286,0.921755,0.44484144,0.94189525,0.36,10.0,1.2,45
-0.0056380696105957,9.216658,0.926595,0.45179492,0.9828843,0.36,10.0,1.2,45
0.0387405044174194,8.943203,0.92683977,0.45335868,0.9439913,0.36,10.0,1.2,45
0.0526016927337646,9.4048,0.9226885,0.4424453,0.9994358,0.36,10.0,1.2,45
0.0360563632202148,9.457489,0.918073,0.42614448,0.9798739,0.36,10.0,1.2,45
0.0074632074928283,8.737143,0.91644907,0.46020675,0.97291434,0.36,10.0,1.2,45
0.0130252382755279,8.982348,0.9241083,0.4502126,0.99270415,0.36,10.0,1.2,45
0.018132207365036,9.090234,0.92112684,0.46698532,0.9943459,0.36,10.0,1.2,45
0.0627110994052887,8.989421,0.91534996,0.45320296,0.9940746,0.36,10.0,1.2,45
-0.0195286038684844,8.920966,0.9375904,0.4527183,0.97350967,0.36,10.0,1.2,45
0.0140064626693725,8.913021,0.9130939,0.46247187,0.9845116,0.36,10.0,1.2,45
0.0223502562141418,8.719595,0.9250609,0.4423648,0.93265307,0.36,10.0,1.2,45
0.0144576769924163,8.967603,0.9227446,0.45600942,0.9641298,0.36,10.0,1.2,45
0.0432738043785095,9.099398,0.92639685,0.4532384,0.9751483,0.36,10.0,1.2,45
0.0426927036762237,8.809028,0.9334328,0.44313174,0.8881719,0.36,10.0,1.2,45
-0.0003518338108062,8.70622,0.92858845,0.45086944,0.95842314,0.36,10.0,1.2,45
0.0504561392498016,9.167825,0.9376705,0.43741113,0.9600936,0.36,10.0,1.2,45
0.0271621473407745,8.228896,0.9287618,0.45627922,0.8911644,0.36,10.0,1.2,45
0.0251625144958496,8.845367,0.9215396,0.4550699,0.9635577,0.36,10.0,1.2,45
-0.0301826350975036,9.092117,0.9326427,0.462214,0.92480934,0.36,10.0,1.2,45
0.0112130145168304,9.389928,0.9287633,0.4644882,0.9883877,0.36,10.0,1.2,45
0.0279707268333435,9.068621,0.9216783,0.4493797,0.9728353,0.36,10.0,1.2,45
-0.0189716127204895,9.052492,0.92846805,0.45342332,0.9766718,0.36,10.0,1.2,45
-0.0012102444076538,8.846767,0.91524756,0.47127008,0.99502826,0.36,10.0,1.2,45
0.0071791670036315,9.91819,0.9398536,0.4592271,0.9516442,0.36,10.0,1.2,45
0.0074113282203674,9.127111,0.9118185,0.4689023,0.9766444,0.36,10.0,1.2,45
-0.0075160109329223,9.01795,0.928245,0.45028698,0.99893963,0.36,10.0,1.2,45
0.0641962882232666,8.890053,0.9200001,0.44385827,0.9771112,0.36,10.0,1.2,45
-0.0025968541049957,9.297717,0.93339074,0.46641946,0.96598005,0.36,10.0,1.2,45
0.0113847887706756,8.4839735,0.9209997,0.45759,0.9613334,0.36,10.0,1.2,45
0.0552739978981018,9.141966,0.9355792,0.4436425,0.97660136,0.36,10.0,1.2,45
-0.0741149900245666,9.559036,0.93190503,0.4697459,0.94500923,0.36,10.0,1.2,45
-0.0174951346302032,9.580224,0.9419817,0.46803758,0.987031,0.36,10.0,1.2,45
-0.0243325043106079,9.285038,0.9300844,0.45517468,0.97588265,0.36,10.0,1.2,45
-0.0013217915821075,8.792335,0.926671,0.45723107,0.95737803,0.36,10.0,1.2,45
0.0226438154315948,9.191611,0.91630036,0.45417723,0.9864875,0.36,10.0,1.2,45
0.0247991954040527,9.188744,0.9171641,0.4558465,0.9930644,0.36,10.0,1.2,45
0.052741883277893,9.003544,0.9314641,0.4534768,0.94287694,0.36,10.0,1.2,45
-0.0010151705551147,9.244123,0.92871124,0.45616302,0.9891515,0.36,10.0,1.2,45
-0.0128557357311248,9.207358,0.92242205,0.46047723,0.9848788,0.36,10.0,1.2,45
-0.0159533303165435,9.233754,0.9268663,0.4786167,0.99191415,0.36,10.0,1.2,45
0.0215320913982391,8.839837,0.9249762,0.45696062,0.96982336,0.36,10.0,1.2,45
0.009500683221817,8.904651,0.9278023,0.4459004,0.9792304,0.36,10.0,1.2,45
0.0135796880435943,9.13911,0.92678416,0.4511786,0.970044,0.36,10.0,1.2,45
-0.0284850773715972,9.114917,0.94011927,0.4583274,0.93214333,0.36,10.0,1.2,45
-0.0555786041736602,9.257808,0.92882323,0.46719763,0.9307152,0.36,10.0,1.2,45
0.0020927202892303,8.666841,0.9338306,0.4683682,0.9560549,0.36,10.0,1.2,45
0.0013701506805419,9.352346,0.9230981,0.46164432,0.97250664,0.36,10.0,1.2,45
0.0061845202445983,8.848047,0.9276334,0.45645997,0.9877794,0.36,10.0,1.2,45
0.0168541573143005,8.821238,0.9271641,0.44764745,0.9608332,0.36,10.0,1.2,45
0.0079361640548706,9.206799,0.9258139,0.4550417,0.9928156,0.36,10.0,1.2,45
0.0415775350189209,8.793724,0.9237475,0.45185995,0.9634533,0.36,10.0,1.2,45
0.0666855805397033,8.484068,0.91348237,0.44681203,0.9619535,0.36,10.0,1.2,45
0.0106557135295867,9.26776,0.9282421,0.4608388,0.9863565,0.36,10.0,1.2,45
-0.0342632620239257,8.32506,0.92252254,0.46495047,0.969427,0.36,10.0,1.2,45
-0.022157199935913,9.33169,0.9129051,0.4598744,0.9947858,0.36,10.0,1.2,45
0.0486441275310516,8.838235,0.9245419,0.45479977,0.9863101,0.36,10.0,1.2,45
-0.0433398507022857,9.362834,0.91916287,0.47270125,0.9687964,0.36,10.0,1.2,45
-0.0127692379951477,9.491968,0.92951995,0.47124645,0.9883375,0.36,10.0,1.2,45
-0.0142615891456604,9.119196,0.9239299,0.46003968,0.9604888,0.36,10.0,1.2,45
0.0247878382396697,8.766786,0.92503345,0.446892,0.9906894,0.36,10.0,1.2,45
0.0203076922416687,9.51787,0.92472756,0.44725955,0.98884964,0.36,10.0,1.2,45
0.0470095549297332,9.153062,0.9349232,0.45378616,0.9731518,0.36,10.0,1.2,45
0.0036083743095397,9.214411,0.9305006,0.4570237,0.96446717,0.36,10.0,1.2,45
0.0008556211471557,9.208956,0.92031956,0.46394792,0.9995991,0.36,10.0,1.2,45
0.0029444897174835,8.918166,0.9202569,0.45736638,0.95284796,0.36,10.0,1.2,45
0.0040217866134643,9.02947,0.9150043,0.43752596,0.9879923,0.36,10.0,1.2,45
0.0053766243076324,8.534282,0.9288276,0.4580841,0.9956274,0.36,10.0,1.2,45
0.0576365796184539,8.954537,0.9330411,0.44848973,0.9963888,0.36,10.0,1.2,45
0.0324675213050842,8.832785,0.9310058,0.45977214,0.9259044,0.36,10.0,1.2,45
0.0346506002044677,8.660133,0.9350103,0.46511322,0.8942045,0.36,10.0,1.2,45
-0.012233080625534,8.813214,0.9276646,0.45566788,0.988482,0.36,10.0,1.2,45
-0.0343535264015197,9.06621,0.9224994,0.44682744,0.98090243,0.36,10.0,1.2,45
0.0359072226047515,9.0545225,0.92374575,0.44613963,0.95845425,0.36,10.0,1.2,45
0.0139191297721862,8.953844,0.92811286,0.46491224,0.94373536,0.36,10.0,1.2,45
0.0270491640090942,9.224758,0.93323016,0.45424837,0.9624499,0.36,10.0,1.2,45
-0.0522329780387878,8.837181,0.9179801,0.4730485,0.98847306,0.36,10.0,1.2,45
0.0460287122821807,8.447059,0.9264094,0.45667082,0.96195495,0.36,10.0,1.2,45
0.0196315844535827,9.246721,0.93047124,0.45767438,0.9883009,0.36,10.0,1.2,45
0.0071579466342925,9.357419,0.9219646,0.45899355,0.9695898,0.36,10.0,1.2,45
-0.0111530688667297,8.700922,0.9265524,0.46332023,0.99628353,0.36,10.0,1.2,45
-0.0402893440723419,9.14619,0.9150796,0.46556693,0.9938463,0.36,10.0,1.2,45
0.009165665102005,9.645019,0.93821394,0.45284227,0.94518113,0.36,10.0,1.2,45
0.0436698440647125,9.3954115,0.9412362,0.4612307,0.86837864,0.36,10.0,1.2,45
0.0306679166793823,8.902187,0.92401564,0.4508345,0.92939055,0.36,10.0,1.2,45
0.0086443602657318,9.537404,0.92036176,0.45765233,0.98005974,0.36,10.0,1.2,45
-0.004539785413742,8.873511,0.9306158,0.45321977,0.9414567,0.36,10.0,1.2,45
-0.0027863406658172,8.998313,0.9173029,0.45909044,0.9810295,0.36,10.0,1.2,45
0.0376836441516876,8.828406,0.9331676,0.44793475,0.9290327,0.36,10.0,1.2,45
-0.0174527156257629,9.553774,0.9486327,0.4535491,0.98377275,0.36,10.0,1.2,45
0.0442470371246337,9.133301,0.91874135,0.4638885,0.9746206,0.36,10.0,1.2,45
0.0065276754856109,9.067254,0.9463341,0.46090838,0.9932473,0.36,10.0,1.2,45
-0.0241220352172851,9.215584,0.9343551,0.47720656,0.9737054,0.36,10.0,1.2,45
0.0160555221271514,8.952819,0.92670584,0.46143577,0.9989774,0.36,10.0,1.2,45
0.0377976947784423,9.170036,0.92722946,0.45468944,0.9827714,0.36,10.0,1.2,45
-0.0092726560878753,8.919354,0.9201938,0.451022,0.97971106,0.36,10.0,1.2,45
0.0414829209518432,8.914906,0.94102275,0.46406382,0.9799683,0.36,10.0,1.2,45
-0.0404877254867553,9.271915,0.9327512,0.4573545,0.98374224,0.36,10.0,1.2,45
-0.0117222207927703,8.959258,0.92771924,0.44963923,0.9949447,0.36,10.0,1.2,45
0.0397366603088378,8.722168,0.9223602,0.45835328,0.9729427,0.36,10.0,1.2,45
0.020382804775238,9.165926,0.9266456,0.44753274,0.98149323,0.36,10.0,1.2,45
0.0449404283142089,8.771179,0.94666255,0.4469376,0.8904252,0.36,10.0,1.2,45
0.051057674703598,9.020398,0.92076284,0.43992892,0.95724,0.36,10.0,1.2,45
0.0094588140583038,9.319594,0.915704,0.4564137,0.9922718,0.36,10.0,1.2,45
0.007111731262207,9.247805,0.93599117,0.45613733,0.9972367,0.36,10.0,1.2,45
0.0031278382492065,8.811327,0.9297164,0.46209413,0.9590111,0.36,10.0,1.2,45
0.0055029780483245,9.28716,0.91893554,0.45633018,0.97069895,0.36,10.0,1.2,45
0.0350687449169158,9.357682,0.9241224,0.45510137,0.984779,0.36,10.0,1.2,45
-0.0390457830238342,8.836428,0.91911054,0.4559044,0.98569703,0.36,10.0,1.2,45
0.0524986552238464,9.287996,0.9426613,0.44538778,0.967769,0.36,10.0,1.2,45
0.0185409911632537,9.1813135,0.9187851,0.46167263,0.92349243,0.36,10.0,1.2,45
-0.0016618139266967,8.758249,0.9282566,0.4619089,0.9657624,0.36,10.0,1.2,45
-0.0034542653465271,8.991058,0.93482685,0.46174583,0.99282753,0.36,10.0,1.2,45
0.0390491235351562,9.35994,0.9245379,0.4544123,0.9791564,0.36,10.0,1.2,45
0.0375297306060791,9.067383,0.93639284,0.43812665,0.95195377,0.36,10.0,1.2,45
0.0250004065608978,9.038709,0.9320089,0.45049465,0.9671246,0.36,10.0,1.2,45
-0.0130905521202087,9.070326,0.9240432,0.45035574,0.98256004,0.36,10.0,1.2,45
0.0112699215888977,8.932056,0.9313506,0.4563856,0.9793341,0.36,10.0,1.2,45
0.0013474090099334,8.981681,0.92751443,0.46533424,0.98326993,0.36,10.0,1.2,45
0.0066512580013275,9.269317,0.9384324,0.46187288,0.95147264,0.36,10.0,1.2,45
-0.0020792093753814,9.267697,0.92976856,0.46815988,0.9904696,0.36,10.0,1.2,45
0.0216835489368438,9.001906,0.9322975,0.4510219,0.97132087,0.36,10.0,1.2,45
-0.0076490997219085,8.7879305,0.9402137,0.455598,0.94422734,0.36,10.0,1.2,45
0.0245094640731811,9.073391,0.9279561,0.44860175,0.948014,0.36,10.0,1.2,45
0.0291715667819976,9.111712,0.94240224,0.44308585,0.9623164,0.36,10.0,1.2,45
-0.0042775722789764,9.305593,0.93554807,0.45064425,0.9411732,0.36,10.0,1.2,45
-0.0324569539833068,9.1849,0.93072623,0.45798612,0.95805013,0.36,10.0,1.2,45
0.0267102055168151,8.691042,0.9333873,0.4471767,0.966143,0.36,10.0,1.2,45
0.0314788712215423,8.961125,0.9332325,0.43214822,0.9848865,0.36,10.0,1.2,45
0.0148686201095581,8.875904,0.9253783,0.4554689,0.9733857,0.36,10.0,1.2,45
0.0340004916381835,8.960548,0.9387057,0.43542072,0.9544972,0.36,10.0,1.2,45
0.0095242157077789,9.454425,0.925826,0.46710837,0.91761553,0.36,10.0,1.2,45
0.0457896142196655,9.084812,0.9302918,0.44601,0.9859377,0.36,10.0,1.2,45
0.0153437531661987,9.426838,0.9411335,0.4638673,0.9667038,0.36,10.0,1.2,45
0.003620680398941,8.991176,0.92726755,0.45861405,0.9661987,0.36,10.0,1.2,45
0.0286319652080535,8.766046,0.9101894,0.45593476,0.96928227,0.36,10.0,1.2,45
0.0023410517311096,9.254101,0.92001194,0.46645054,0.9737841,0.36,10.0,1.2,45
0.0125784544563293,8.8548355,0.9392407,0.47018898,0.9913293,0.36,10.0,1.2,45
0.0293790511131286,8.954592,0.9312435,0.4444237,0.96685314,0.36,10.0,1.2,45
-0.0282085404205322,9.29586,0.93704236,0.46686912,0.9402422,0.36,10.0,1.2,45
0.0001275607681274,9.252146,0.9285698,0.4482474,0.94709635,0.36,10.0,1.2,45
-0.0289261120319366,8.45613,0.91833925,0.4631431,0.9989934,0.36,10.0,1.2,45
0.0180982303333282,8.963157,0.92791545,0.46474826,0.96237993,0.36,10.0,1.2,45
-0.0159253832626342,9.170252,0.92152363,0.4615473,0.99208045,0.36,10.0,1.2,45
0.0276883024692535,9.15092,0.9379907,0.44593483,0.9770485,0.36,10.0,1.2,45
0.007604014263153,9.161079,0.91465944,0.46073005,0.98540497,0.36,10.0,1.2,45
0.005804292974472,9.288142,0.93919754,0.45268476,0.9945698,0.36,10.0,1.2,45
0.0466086092090606,8.76921,0.9196546,0.4582093,0.9696369,0.36,10.0,1.2,45
-0.0115847932624816,9.061342,0.9360696,0.45983797,0.9322375,0.36,10.0,1.2,45
0.011382383737564,9.465936,0.92573357,0.4675642,0.9332882,0.36,10.0,1.2,45
-0.0103300137329101,9.371153,0.9228205,0.4577297,0.94661283,0.36,10.0,1.2,45
-0.0338796461009979,8.860772,0.9359758,0.46050116,0.95701075,0.36,10.0,1.2,45
0.0031523868179321,8.979633,0.9220271,0.453201,0.94915617,0.36,10.0,1.2,45
0.0154340555667877,8.71284,0.93714994,0.44546556,0.9193679,0.36,10.0,1.2,45
-0.0141361946392059,8.995801,0.9298582,0.45695072,0.96413946,0.36,10.0,1.2,45
0.0089648581123352,9.721897,0.9345116,0.44736785,0.9857354,0.36,10.0,1.2,45
0.0217956778144836,9.463385,0.94847596,0.45735756,0.92166686,0.36,10.0,1.2,45
-0.0380575310134887,8.966387,0.9161281,0.47140124,0.985054,0.36,10.0,1.2,45
0.0122318206310272,8.510079,0.9233407,0.45609176,0.9940964,0.36,10.0,1.2,45
0.0068267227649688,9.245629,0.92758626,0.45321992,0.9821862,0.36,10.0,1.2,45
0.0083495860671997,9.151981,0.9227669,0.44829878,0.98929703,0.36,10.0,1.2,45
-0.0149374779701232,8.851318,0.9262001,0.46021932,0.9305959,0.36,10.0,1.2,45
0.0171010856819152,9.179464,0.92961615,0.4559586,0.91102743,0.36,10.0,1.2,45
0.0403123177528381,8.941526,0.9270211,0.44702747,0.97404814,0.36,10.0,1.2,45
0.0004098788833618,9.116819,0.9293312,0.44138128,0.9916264,0.36,10.0,1.2,45
0.0338094709014892,9.141357,0.9217111,0.44929266,0.97729826,0.36,10.0,1.2,45
0.003869189043045,9.367791,0.9211278,0.4580159,0.9758527,0.36,10.0,1.2,45
0.0358910411834716,9.132881,0.94521224,0.44700375,0.9262843,0.36,10.0,1.2,45
0.02181139087677,8.981991,0.92085564,0.46116728,0.9544692,0.36,10.0,1.2,45
0.0019385349464416,9.147335,0.92274475,0.4653523,0.9534621,0.36,10.0,1.2,45
0.0291818735694885,9.173544,0.9215647,0.45697913,0.96319926,0.36,10.0,1.2,45
0.0210173849296569,9.238039,0.9189729,0.445585,0.98457503,0.36,10.0,1.2,45
0.0276722980976104,9.083266,0.92398703,0.44127154,0.9947121,0.36,10.0,1.2,45
0.0232912920188903,9.290987,0.9338675,0.45279655,0.9761878,0.36,10.0,1.2,45
0.0071884415149688,9.050298,0.9310981,0.43749166,0.9499419,0.36,10.0,1.2,45
0.0267419376564025,9.029547,0.9309109,0.4567995,0.966882,0.36,10.0,1.2,45
-0.0098230552101135,8.57725,0.9213626,0.46892536,0.9770473,0.36,10.0,1.2,45
-0.022274640417099,9.272761,0.9407088,0.45271194,0.9707558,0.36,10.0,1.2,45
0.0086572738361358,8.774978,0.9308006,0.45568514,0.92094576,0.36,10.0,1.2,45
-0.0190576151847839,9.312325,0.9579224,0.446256,0.9035144,0.36,10.0,1.2,45
0.0293044085502624,8.865213,0.91532475,0.47073746,0.96759033,0.36,10.0,1.2,45
0.0540969265651702,8.865758,0.92556024,0.4347693,0.98430765,0.36,10.0,1.2,45
-0.0066840487003326,8.752284,0.9254868,0.44905373,0.95676374,0.36,10.0,1.2,45
-0.0140475893020629,9.289265,0.9347352,0.46836522,0.99930334,0.36,10.0,1.2,45
-0.0004796627521514,8.707614,0.93357635,0.44388878,0.9300262,0.36,10.0,1.2,45
-0.0087440170574188,8.784944,0.9269444,0.46093398,0.99534166,0.36,10.0,1.2,45
-0.0082404877948761,9.542361,0.93204117,0.45530012,0.99250233,0.36,10.0,1.2,45
-0.0063097136497497,8.739767,0.9294258,0.45776355,0.93895376,0.36,10.0,1.2,45
0.0090343256473541,9.124532,0.9183379,0.45792574,0.9754932,0.36,10.0,1.2,45
0.0127346353626251,8.617766,0.92336047,0.46840298,0.98225784,0.36,10.0,1.2,45
0.0409720738410949,8.781805,0.9223655,0.45384124,0.9755281,0.36,10.0,1.2,45
-0.0002841889858245,8.829236,0.92305326,0.44694513,0.9761492,0.36,10.0,1.2,45
-0.0456432630062103,9.101634,0.93091834,0.46398118,0.9205649,0.36,10.0,1.2,45
0.0128392161464691,9.215215,0.94600105,0.47321457,0.93962777,0.36,10.0,1.2,45
0.0539123316764831,9.058886,0.9163641,0.45392486,0.99300504,0.36,10.0,1.2,45
0.0189437038516998,9.064715,0.92976236,0.4708343,0.9564922,0.36,10.0,1.2,45
0.0036667018413543,9.3410635,0.9261178,0.46670794,0.99652135,0.36,10.0,1.2,45
0.0110264032936096,8.942211,0.9246439,0.45114836,0.9989172,0.36,10.0,1.2,45
0.0089695717048645,9.148642,0.9229743,0.45951408,0.97657037,0.36,10.0,1.2,45
-0.0212075114059448,9.09206,0.91503817,0.4550954,0.9269346,0.36,10.0,1.2,45
-0.0506221964263916,9.179743,0.9313727,0.45836937,0.98928714,0.36,10.0,1.2,45
-0.0078415400409698,8.915589,0.9140153,0.4566743,0.99233055,0.36,10.0,1.2,45
0.0460322196578979,8.862217,0.94745326,0.44758937,0.9383148,0.36,10.0,1.2,45
-0.0115125570201873,9.038146,0.91921574,0.45633435,0.9909353,0.36,10.0,1.2,45
0.0297414681625366,9.720303,0.9274224,0.44952926,0.99371696,0.36,10.0,1.2,45
0.0089843439292907,9.045969,0.9176945,0.47115996,0.9138119,0.36,10.0,1.2,45
0.0428611829948425,8.975702,0.9322884,0.4464419,0.90628433,0.36,10.0,1.2,45
0.0193464495658874,9.294901,0.92913187,0.452421,0.9784404,0.36,10.0,1.2,45
0.0342718569278717,8.214183,0.92607987,0.44395146,0.9150481,0.36,10.0,1.2,45
0.0220548382854461,9.309304,0.93478453,0.4561149,0.9612125,0.36,10.0,1.2,45
-0.0089575230407714,9.044891,0.92802376,0.4545863,0.90422213,0.36,10.0,1.2,45
0.0569866438484191,8.644102,0.91711885,0.45427668,0.97874,0.36,10.0,1.2,45
-0.0050170145511627,9.269271,0.93248206,0.45322716,0.99806094,0.36,10.0,1.2,45
-0.0116919228076934,9.241967,0.916482,0.45952022,0.9904133,0.36,10.0,1.2,45
0.0173895854663848,9.383346,0.92910886,0.4607283,0.9695163,0.36,10.0,1.2,45
0.0510072951507568,8.985153,0.9275988,0.4575446,0.99669623,0.36,10.0,1.2,45
0.0045631907558441,9.139607,0.92321074,0.44517264,0.98440766,0.36,10.0,1.2,45
-0.0018813490676879,9.483067,0.929944,0.45045075,0.98430765,0.36,10.0,1.2,45
0.0363288940048217,9.359539,0.9386062,0.4486309,0.9880388,0.36,10.0,1.2,45
0.0183280248355865,9.175921,0.926158,0.45314956,0.9959867,0.36,10.0,1.2,45
0.0080468614292144,8.592311,0.9171732,0.4526694,0.96965826,0.36,10.0,1.2,45
0.0272049249839782,8.803926,0.9277362,0.4486769,0.98924935,0.36,10.0,1.2,45
-0.0279142269039154,8.722795,0.9288699,0.46515942,0.9991547,0.36,10.0,1.2,45
0.0434641094875335,9.355527,0.92824125,0.44933435,0.9677526,0.36,10.0,1.2,45
0.0064040273284912,9.187782,0.9282323,0.45155373,0.97549117,0.36,10.0,1.2,45
0.0039902006149291,8.411531,0.9362245,0.46292406,0.9267703,0.36,10.0,1.2,45
0.0293964212036132,8.55542,0.9291376,0.45550287,0.96189547,0.36,10.0,1.2,45
-0.0080252292442321,9.056784,0.9199649,0.46031937,0.9978299,0.36,10.0,1.2,45
0.048147685432434,8.666439,0.9174099,0.45249072,0.99440336,0.36,10.0,1.2,45
-0.0066812664985656,8.957806,0.9383905,0.46155047,0.9579135,0.36,10.0,1.2,45
0.0002467118835449,8.933809,0.9276418,0.462659,0.99650156,0.36,10.0,1.2,45
-0.0049580460071563,8.90821,0.94554096,0.4479709,0.9879695,0.36,10.0,1.2,45
-0.0323089660072326,9.046343,0.9297572,0.48345476,0.99980855,0.36,10.0,1.2,45
-0.0021030365467071,8.408265,0.9131722,0.45539966,0.99742603,0.36,10.0,1.2,45
0.0386620250797271,9.237063,0.9161839,0.44837877,0.9729037,0.36,10.0,1.2,45
0.0390530057621002,9.037715,0.9260559,0.4499814,0.9673871,0.36,10.0,1.2,45
0.0579899768447876,8.8391,0.92838633,0.4520884,0.99896014,0.36,10.0,1.2,45
0.049374857339859,8.643916,0.9099096,0.43818632,0.991678,0.36,10.0,1.2,45
0.0361373446655273,9.571129,0.92671776,0.45726898,0.92368424,0.36,10.0,1.2,45
0.0268802347660064,8.859744,0.9249932,0.46452808,0.96612275,0.36,10.0,1.2,45
0.0249765648937225,9.229119,0.9286332,0.45878872,0.9769399,0.36,10.0,1.2,45
0.0094222403526306,8.97439,0.9294736,0.4637439,0.9472581,0.36,10.0,1.2,45
-0.0032582907199859,9.559407,0.9402359,0.46213222,0.94603956,0.36,10.0,1.2,45
-0.0296053976821899,8.809439,0.9367874,0.46475375,0.9976039,0.36,10.0,1.2,45
0.0363695822238922,8.632388,0.91318303,0.4588721,0.9831525,0.36,10.0,1.2,45
0.020137743730545,8.992568,0.9192186,0.44755208,0.9439784,0.36,10.0,1.2,45
0.0246200249195098,9.60176,0.92452216,0.4493745,0.9795866,0.36,10.0,1.2,45
0.0061814343070983,8.9931755,0.9301509,0.45149705,0.9920713,0.36,10.0,1.2,45
-0.0110296589756011,8.921073,0.91146743,0.45302242,0.9928341,0.36,10.0,1.2,45
0.0099436929225921,9.261203,0.92821693,0.45302096,0.99908113,0.36,10.0,1.2,45
0.0076081735229492,8.986595,0.91993827,0.45115948,0.9715761,0.36,10.0,1.2,45
0.0653958291721343,9.234096,0.9318012,0.44578236,0.96274173,0.36,10.0,1.2,45
-0.0143227110671997,9.00086,0.9290854,0.4522286,0.8959284,0.36,10.0,1.2,45
0.0040610030174255,9.378662,0.92999375,0.45359772,0.99630463,0.36,10.0,1.2,45
0.0505583469963073,8.904703,0.92573273,0.4448662,0.9876143,0.36,10.0,1.2,45
0.0134979252052307,9.173666,0.92822397,0.44508153,0.9833,0.36,10.0,1.2,45
-0.0339244151878357,9.271513,0.9275302,0.46607724,0.9946741,0.36,10.0,1.2,45
0.0125185181808471,8.829714,0.9322839,0.4697797,0.9106264,0.36,10.0,1.2,45
0.0248724925136566,9.150212,0.92937934,0.4541798,0.9865122,0.36,10.0,1.2,45
0.0162278614044189,9.037781,0.93298835,0.45080778,0.9580307,0.36,10.0,1.2,45
0.0222450383281707,9.407876,0.93374175,0.46262497,0.9867538,0.36,10.0,1.2,45
0.0038894584655761,9.251585,0.9291544,0.45311502,0.95150006,0.36,10.0,1.2,45
0.0021537488555908,9.022558,0.9193078,0.46502885,0.99883676,0.36,10.0,1.2,45
0.0060664099216461,9.280543,0.92598903,0.45620733,0.9577657,0.36,10.0,1.2,45
-0.0015256348609924,9.306641,0.93622094,0.4463073,0.9482429,0.36,10.0,1.2,45
0.0303599442195892,9.319707,0.9406746,0.45361078,0.95533335,0.36,10.0,1.2,45
-0.0086085562610626,8.455117,0.9319438,0.4636389,0.9766437,0.36,10.0,1.2,45
-0.0050095368766784,8.556831,0.9261439,0.45274085,0.9496478,0.36,10.0,1.2,45
-0.0137903610038757,9.275137,0.9360017,0.45962632,0.90968084,0.36,10.0,1.2,45
0.0162386070442199,9.047361,0.9246649,0.46006733,0.9789078,0.36,10.0,1.2,45
0.0005029247283935,9.247627,0.9362358,0.4594324,0.9050765,0.36,10.0,1.2,45
0.0668074712753295,9.170818,0.92168003,0.44248736,0.9339427,0.36,10.0,1.2,45
0.0031816664409637,9.112435,0.9274312,0.44846368,0.98749614,0.36,10.0,1.2,45
0.0260984706401824,9.1758585,0.92985994,0.4607819,0.9525074,0.36,10.0,1.2,45
0.0053754389858245,8.665822,0.91428876,0.45564628,0.9590384,0.36,10.0,1.2,45
0.0505957164382934,9.39204,0.94344354,0.44613373,0.901739,0.36,10.0,1.2,45
-0.0159740705776214,8.384896,0.9306203,0.4574274,0.9382689,0.36,10.0,1.2,45
-0.0076826666259765,9.3762665,0.92283213,0.4449159,0.99748266,0.36,10.0,1.2,45
-0.0108936445999145,9.196306,0.9297426,0.47025242,0.99699116,0.36,10.0,1.2,45
0.0307788600540161,8.978146,0.9356424,0.44756404,0.9929986,0.36,10.0,1.2,45
0.0193675516319274,9.055429,0.9189565,0.4574714,0.998104,0.36,10.0,1.2,45
0.0090270836925506,8.836625,0.9230206,0.4586661,0.95745575,0.36,10.0,1.2,45
-0.020438375377655,8.938627,0.9257958,0.46002084,0.9920937,0.36,10.0,1.2,45
-0.0220462974929809,9.027813,0.9383605,0.46995822,0.9449862,0.36,10.0,1.2,45
0.0056323533535003,9.151998,0.9293922,0.4564495,0.9670446,0.36,10.0,1.2,45
-0.0411741965103149,8.875156,0.91824216,0.46896145,0.9367459,0.36,10.0,1.2,45
0.0261512102603912,9.593043,0.9268428,0.4509977,0.99093485,0.36,10.0,1.2,45
0.0033445921039581,8.893903,0.91753286,0.44385892,0.9656086,0.36,10.0,1.2,45
0.0653088890743255,9.236585,0.92514783,0.45087683,0.98322916,0.36,10.0,1.2,45
0.0342248546600341,9.308777,0.92465854,0.44806647,0.99818563,0.36,10.0,1.2,45
0.0360219912719726,8.857361,0.9240552,0.45696703,0.98223794,0.36,10.0,1.2,45
0.0473837829685211,8.522571,0.9201394,0.4532371,0.947057,0.36,10.0,1.2,45
-0.0026774126052856,9.12549,0.9391271,0.45879847,0.9010992,0.36,10.0,1.2,45
0.0355354409885406,9.264499,0.9270482,0.447703,0.9847821,0.36,10.0,1.2,45
0.0271040213584899,8.878984,0.9154813,0.45162204,0.99576414,0.36,10.0,1.2,45
0.0647967528057098,8.686753,0.9314159,0.45019114,0.92302895,0.36,10.0,1.2,45
0.0128167457771301,8.869711,0.8998694,0.44777837,0.98829055,0.36,10.0,1.2,45
-0.012709442281723,8.344607,0.9179026,0.45771992,0.9636494,0.36,10.0,1.2,45
0.0232029414844512,8.913642,0.9244746,0.44606417,0.93662846,0.36,10.0,1.2,45
-0.0283091758155822,9.243944,0.930432,0.47582853,0.9965501,0.36,10.0,1.2,45
0.0497350715732574,9.2062025,0.9367196,0.45083985,0.9026886,0.36,10.0,1.2,45
-0.0106735345745086,8.896087,0.92246747,0.4541824,0.9953799,0.36,10.0,1.2,45
0.0591494448280334,9.36981,0.9438806,0.46005845,0.8837398,0.36,10.0,1.2,45
-0.0594728120708465,8.99936,0.9290587,0.4697274,0.9319867,0.36,10.0,1.2,45
-0.0427878543853759,8.954277,0.91067576,0.46459153,0.97560763,0.36,10.0,1.2,45
-0.0091545446205139,9.188248,0.92428696,0.4546417,0.9966929,0.36,10.0,1.2,45
0.0269318078136444,9.252618,0.9313631,0.4608157,0.99805975,0.36,10.0,1.2,45
0.0369668673706054,8.746277,0.93060005,0.44593424,0.9153254,0.36,10.0,1.2,45
0.0241263629627227,9.703361,0.9377243,0.4562703,0.97952425,0.36,10.0,1.2,45
0.0540946137523651,8.939927,0.9194998,0.45117557,0.9862648,0.36,10.0,1.2,45
0.0031018762779235,9.149185,0.92243516,0.4529202,0.9836564,0.36,10.0,1.2,45
0.0142983204841613,9.023008,0.9229291,0.46210265,0.9254285,0.36,10.0,1.2,45
0.058266353855133,9.183462,0.9287437,0.4489885,0.9924594,0.36,10.0,1.2,45
-0.0020547184753417,9.31708,0.9187164,0.4571017,0.9820775,0.36,10.0,1.2,45
-0.0389020081329345,8.804117,0.91418695,0.47388285,0.9259093,0.36,10.0,1.2,45
0.0327801841831207,8.590701,0.9166264,0.46174988,0.93755555,0.36,10.0,1.2,45
0.0226591594791412,9.142039,0.9286647,0.46089584,0.9799895,0.36,10.0,1.2,45
0.0009739621353149,8.678776,0.9261943,0.4528898,0.9965681,0.36,10.0,1.2,45
0.0115831721878051,8.533657,0.91847193,0.45223674,0.9420506,0.36,10.0,1.2,45
0.054813479681015,9.187451,0.9314371,0.43693992,0.9357387,0.36,10.0,1.2,45
0.0041563330268859,8.847425,0.9239031,0.4589298,0.9290385,0.36,10.0,1.2,45
0.0211298887729644,9.42924,0.9197,0.4443473,0.9988786,0.36,10.0,1.2,45
0.0272484487628936,8.739951,0.9239991,0.45885837,0.9914392,0.36,10.0,1.2,45
0.0066678308105468,8.918989,0.9152888,0.4562602,0.9958347,0.36,10.0,1.2,45
0.0077894287300109,9.129158,0.9237217,0.46238488,0.9956025,0.36,10.0,1.2,45
-0.0238852610874176,9.200192,0.9327455,0.4541433,0.95238054,0.36,10.0,1.2,45
0.0067689004898071,9.321003,0.9188619,0.45935208,0.9650645,0.36,10.0,1.2,45
0.0119117834186553,9.290116,0.92713165,0.44521257,0.9915366,0.36,10.0,1.2,45
-0.0219678858280181,8.859725,0.9243162,0.46284953,0.996894,0.36,10.0,1.2,45
0.0138314800930023,9.24471,0.9253437,0.45999175,0.85463154,0.36,10.0,1.2,45
-0.0030793054485321,9.239524,0.9285587,0.44684464,0.9894048,0.36,10.0,1.2,45
0.0198879906368255,8.639394,0.93818736,0.4421697,0.9356768,0.36,10.0,1.2,45
0.0348580242156982,8.951263,0.923717,0.44465443,0.9747757,0.36,10.0,1.2,45
0.0372380924224853,8.655548,0.92675257,0.4546889,0.93795395,0.36,10.0,1.2,45
0.0351586660575866,8.662401,0.93527734,0.4537862,0.9758073,0.36,10.0,1.2,45
0.0012434072685241,8.975807,0.9254278,0.4571463,0.9681293,0.36,10.0,1.2,45
-0.0071058225536346,9.082778,0.92485034,0.45136273,0.9992831,0.36,10.0,1.2,45
-0.0150228482246398,9.123583,0.9363001,0.4572418,0.91024506,0.36,10.0,1.2,45
0.0226596210193634,9.067908,0.92889756,0.44810593,0.9896641,0.36,10.0,1.2,45
0.0171378132820129,9.2415905,0.93429816,0.44924998,0.9729489,0.36,10.0,1.2,45
0.0207798391532897,8.46953,0.9170747,0.45679244,0.9852344,0.36,10.0,1.2,45
0.0165255586719512,8.907645,0.930001,0.45195785,0.94056356,0.36,10.0,1.2,45
-0.0033744832897186,9.36148,0.92625993,0.46563897,0.9709357,0.36,10.0,1.2,45
-0.011413811712265,9.251452,0.9331226,0.45480797,0.9861635,0.36,10.0,1.2,45
0.0127022417259216,9.120089,0.93699706,0.4642665,0.9572413,0.36,10.0,1.2,45
-0.019329094543457,9.261978,0.9264688,0.45512447,0.9497454,0.36,10.0,1.2,45
0.0365654225063323,9.146596,0.93483984,0.4521305,0.96395147,0.36,10.0,1.2,45
0.0310313688278198,8.656864,0.9123714,0.445736,0.989637,0.36,10.0,1.2,45
-0.0076658570098876,9.095436,0.92140895,0.45785046,0.9716693,0.36,10.0,1.2,45
0.0394922535896301,9.875479,0.9309272,0.45215553,0.96597874,0.36,10.0,1.2,45
-0.0106812128353118,9.302217,0.93039966,0.4579406,0.96465445,0.36,10.0,1.2,45
0.0260129287815093,9.5145445,0.9225914,0.4512575,0.94685864,0.36,10.0,1.2,45
0.0274922525501251,9.670203,0.9380784,0.45029795,0.9854338,0.36,10.0,1.2,45
-0.0146575068473815,8.694487,0.93237036,0.4541049,0.96645546,0.36,10.0,1.2,45
0.0543142323207855,9.066297,0.92136407,0.4641623,0.93860626,0.36,10.0,1.2,45
-0.029561951379776,9.528056,0.9347261,0.46016893,0.9815253,0.36,10.0,1.2,45
-0.003093600025177,8.875902,0.9250061,0.46786714,0.94774866,0.36,10.0,1.2,45
-0.0029218171596527,9.353633,0.9331669,0.46852508,0.96534264,0.36,10.0,1.2,45
-0.0104842129707336,8.9072895,0.91921306,0.45698375,0.9728571,0.36,10.0,1.2,45
0.0340538678264617,8.812936,0.9268902,0.45248672,0.9732264,0.36,10.0,1.2,45
0.0197053573608398,8.45417,0.94699275,0.45956117,0.8350849,0.36,10.0,1.2,45
-0.0153861869621276,8.880468,0.92435217,0.46811077,0.9381299,0.36,10.0,1.2,45
0.021473774728775,8.967708,0.92502415,0.46826112,0.99085104,0.36,10.0,1.2,45
0.0020138848876953,8.57538,0.92100847,0.46345735,0.9123081,0.36,10.0,1.2,45
0.0167624441814422,8.338128,0.9178038,0.45484698,0.98869836,0.36,10.0,1.2,45
0.0461869383907318,9.137929,0.922713,0.45861694,0.9505857,0.36,10.0,1.2,45
-0.019500036239624,9.479761,0.9148927,0.4938742,0.9403701,0.36,10.0,1.2,46
-0.0500773532676696,9.042812,0.9143024,0.48400036,0.9425123,0.36,10.0,1.2,46
-0.0118139622211456,9.123874,0.9007708,0.48666918,0.96432734,0.36,10.0,1.2,46
-0.0380606134319305,9.050696,0.91323686,0.47830743,0.95235765,0.36,10.0,1.2,46
-0.0684237187385559,9.033976,0.9136125,0.482916,0.9485167,0.36,10.0,1.2,46
-0.0465532464885711,9.447463,0.9156408,0.49362072,0.9797524,0.36,10.0,1.2,46
-0.0041148952770233,9.320241,0.9258848,0.4673832,0.9189745,0.36,10.0,1.2,46
-0.0371604573249816,9.020128,0.9053894,0.47732955,0.9497336,0.36,10.0,1.2,46
-0.0297482061767578,9.093111,0.93334055,0.48075533,0.77138877,0.36,10.0,1.2,46
-0.0103760542869567,9.263563,0.9035133,0.48548508,0.9693464,0.36,10.0,1.2,46
0.0022260434818267,9.343568,0.91589415,0.48619187,0.8011631,0.36,10.0,1.2,46
-0.0490926225662231,9.399996,0.9241433,0.47785413,0.97071326,0.36,10.0,1.2,46
-0.0248042787456512,8.707154,0.9303694,0.49958313,0.8529407,0.36,10.0,1.2,46
0.0194087894439697,9.246483,0.9167331,0.49217868,0.9219557,0.36,10.0,1.2,46
-0.0217196982383728,8.97151,0.92297196,0.48325357,0.80850065,0.36,10.0,1.2,46
-0.0491313642024993,9.236712,0.898382,0.49053353,0.9810327,0.36,10.0,1.2,46
-0.0564496984863281,9.563797,0.9149775,0.48653376,0.96146727,0.36,10.0,1.2,46
-0.0536598904514312,8.874743,0.898311,0.49404392,0.9372258,0.36,10.0,1.2,46
-0.0427127140045166,8.745728,0.90291876,0.49086627,0.9353734,0.36,10.0,1.2,46
-0.0248806496143341,9.355292,0.91120934,0.48915485,0.9911579,0.36,10.0,1.2,46
-0.0155053372764587,9.404867,0.9201413,0.4715874,0.96338856,0.36,10.0,1.2,46
-0.0175706069278717,9.084645,0.90824294,0.4672485,0.9940537,0.36,10.0,1.2,46
0.0178454143619537,8.934062,0.914457,0.48339227,0.8759413,0.36,10.0,1.2,46
0.0110066425991058,9.241429,0.90124404,0.45543668,0.9599806,0.36,10.0,1.2,46
-0.0377516219615936,9.417367,0.93376464,0.50354594,0.7621068,0.36,10.0,1.2,46
0.0173039084625244,9.372421,0.9140264,0.4785566,0.962466,0.36,10.0,1.2,46
-0.0202357146167755,8.752559,0.88081473,0.48788878,0.97708976,0.36,10.0,1.2,46
-0.0263021498966217,9.196111,0.9089438,0.48083064,0.9473103,0.36,10.0,1.2,46
-0.0323860849380493,8.909826,0.90191126,0.48082855,0.9541527,0.36,10.0,1.2,46
-0.0092090404891967,8.960035,0.9213057,0.49914342,0.8994577,0.36,10.0,1.2,46
-0.0375179189491272,9.109446,0.9029058,0.48732364,0.9053067,0.36,10.0,1.2,46
0.009930035123825,9.3778925,0.8889431,0.48396194,0.97000515,0.36,10.0,1.2,46
0.0151787050437927,8.913141,0.9250829,0.4750581,0.862766,0.36,10.0,1.2,46
0.0009272397613525,9.940088,0.90707755,0.47457442,0.9840498,0.36,10.0,1.2,46
-0.0634237306594848,9.254751,0.90501326,0.4894515,0.99657,0.36,10.0,1.2,46
0.0026304258441925,9.074309,0.9186603,0.46013278,0.9231304,0.36,10.0,1.2,46
-0.0719925374031067,9.256344,0.9194901,0.4929034,0.94765306,0.36,10.0,1.2,46
-0.0238982952404022,8.583318,0.88691044,0.48206958,0.99319947,0.36,10.0,1.2,46
-0.0127687553787231,9.41181,0.912978,0.45931807,0.9347583,0.36,10.0,1.2,46
-0.0408607799339294,8.986145,0.9152452,0.4707069,0.9330447,0.36,10.0,1.2,46
-0.0219717328071594,9.009972,0.9265263,0.48344836,0.8372084,0.36,10.0,1.2,46
0.0128443941688537,9.263866,0.9119041,0.47169697,0.8825929,0.36,10.0,1.2,46
-0.0767209751415252,9.08207,0.8992087,0.49927592,0.96471846,0.36,10.0,1.2,46
-0.046139685716629,9.10311,0.9035431,0.5004851,0.85793626,0.36,10.0,1.2,46
-0.003104107131958,9.404953,0.9134528,0.4651623,0.9809989,0.36,10.0,1.2,46
-0.0145682434558868,8.99817,0.9127752,0.47785246,0.9086584,0.36,10.0,1.2,46
-0.0250748046779632,9.168637,0.91367614,0.48093328,0.98048437,0.36,10.0,1.2,46
0.0060665381908416,9.467797,0.90893114,0.4750774,0.9343487,0.36,10.0,1.2,46
-0.0283228195476532,9.4142065,0.91016674,0.476225,0.99644005,0.36,10.0,1.2,46
-0.0165876289367675,9.190865,0.8991524,0.4735337,0.95785093,0.36,10.0,1.2,46
-0.0027268655586242,9.197069,0.9215646,0.48970732,0.87405264,0.36,10.0,1.2,46
0.0114942445945739,8.709351,0.9166588,0.47439748,0.9521661,0.36,10.0,1.2,46
-0.0311654027843475,9.280456,0.91614026,0.46807563,0.8510231,0.36,10.0,1.2,46
-0.0869763029575347,9.183688,0.90672404,0.49396726,0.9520991,0.36,10.0,1.2,46
-0.0174497988128662,9.721191,0.9164512,0.485365,0.96653795,0.36,10.0,1.2,46
-0.0349996323013305,9.0768795,0.9184758,0.48040882,0.9358623,0.36,10.0,1.2,46
-0.0090488298797607,9.352854,0.9178926,0.4842296,0.8661115,0.36,10.0,1.2,46
-0.0180628197669982,8.92931,0.8980837,0.47170764,0.99426186,0.36,10.0,1.2,46
-0.059190236749649,9.678481,0.90803456,0.48432758,0.9935547,0.36,10.0,1.2,46
-0.0085273073196411,8.613501,0.89943236,0.48998308,0.9171864,0.36,10.0,1.2,46
0.0194338004112243,9.428606,0.91695136,0.47902024,0.88342834,0.36,10.0,1.2,46
0.055024631614685,9.251781,0.91015375,0.4721071,0.98661685,0.36,10.0,1.2,46
-0.0413066979694366,9.34064,0.9135207,0.4919254,0.90170515,0.36,10.0,1.2,46
-0.0066232409858703,8.454674,0.9088391,0.48131347,0.993253,0.36,10.0,1.2,46
0.018872827720642,9.264812,0.90437025,0.4792408,0.9360428,0.36,10.0,1.2,46
0.0489200915050506,8.978768,0.9138038,0.47399175,0.88131547,0.36,10.0,1.2,46
-0.0576664086818695,9.354978,0.9300411,0.4837548,0.9979389,0.36,10.0,1.2,46
-0.0645805222320556,9.356171,0.9207631,0.48218527,0.899125,0.36,10.0,1.2,46
-0.031646154680252,8.800834,0.9116247,0.48387155,0.97248554,0.36,10.0,1.2,46
-0.0214889595413208,8.9393215,0.9178668,0.4764252,0.898731,0.36,10.0,1.2,46
-0.0393943867015838,8.766013,0.90280676,0.4913025,0.9247637,0.36,10.0,1.2,46
-0.0170857284927368,8.824327,0.9207442,0.47023165,0.8115909,0.36,10.0,1.2,46
-0.057474438123703,9.521657,0.9157386,0.48859704,0.9766344,0.36,10.0,1.2,46
-0.0512280120372772,9.442534,0.9161031,0.48482063,0.9401823,0.36,10.0,1.2,46
-0.0112619098186492,8.734412,0.92670137,0.4906427,0.94471824,0.36,10.0,1.2,46
-0.0197818762779235,8.832159,0.8985989,0.47672608,0.9752753,0.36,10.0,1.2,46
0.0120218858718872,9.55348,0.9067158,0.47535923,0.9785676,0.36,10.0,1.2,46
-0.0188801780700683,9.358139,0.91635835,0.4760301,0.9084617,0.36,10.0,1.2,46
-0.0769886223793029,9.129658,0.9106571,0.49819666,0.96284735,0.36,10.0,1.2,46
-0.0828149281024932,9.351525,0.90278256,0.48993123,0.96345377,0.36,10.0,1.2,46
0.0062328796577453,9.072653,0.89605314,0.48018157,0.9959245,0.36,10.0,1.2,46
-0.0370635114002227,8.610011,0.902195,0.48600435,0.9656062,0.36,10.0,1.2,46
0.0138315953254699,9.332533,0.91412383,0.46944296,0.9387584,0.36,10.0,1.2,46
-0.0461666706085205,9.086618,0.9081983,0.4881505,0.87166333,0.36,10.0,1.2,46
-0.0227943003082275,9.241684,0.9247191,0.47658956,0.8959564,0.36,10.0,1.2,46
0.0218131716251373,8.970714,0.9196559,0.48372057,0.8798435,0.36,10.0,1.2,46
0.0268868475914001,9.050112,0.9133956,0.4692797,0.8795234,0.36,10.0,1.2,46
-0.0417343953037262,9.200566,0.9128991,0.49032557,0.9197569,0.36,10.0,1.2,46
0.0217805778217315,9.79663,0.9119869,0.47781885,0.8279438,0.36,10.0,1.2,46
-0.0177216085910797,9.491076,0.91369957,0.4816946,0.91478956,0.36,10.0,1.2,46
-0.0289311164665222,9.271093,0.9217036,0.48275045,0.97013724,0.36,10.0,1.2,46
-0.0604305786609649,8.5402155,0.9231966,0.48787317,0.80423605,0.36,10.0,1.2,46
-0.0315133261203765,9.804645,0.9114214,0.48501045,0.94050205,0.36,10.0,1.2,46
-0.0275076251506805,9.049592,0.92556036,0.48356366,0.92874575,0.36,10.0,1.2,46
-0.0429990087795257,8.962079,0.9009882,0.46974054,0.9725332,0.36,10.0,1.2,46
-0.0552060542488098,9.336727,0.923159,0.47416902,0.7778511,0.36,10.0,1.2,46
0.0011632724952697,9.0738735,0.9304468,0.47944042,0.7181965,0.36,10.0,1.2,46
-0.019428526058197,9.471357,0.89906573,0.4772593,0.96918523,0.36,10.0,1.2,46
-0.0205990438365936,9.235938,0.9095085,0.47753152,0.975757,0.36,10.0,1.2,46
-0.0499862665653228,9.117427,0.9107526,0.49460992,0.9966109,0.36,10.0,1.2,46
-0.0506682405471801,8.84099,0.9113777,0.47618714,0.8019483,0.36,10.0,1.2,46
-0.0243879121303558,8.938212,0.91260064,0.4712528,0.9546964,0.36,10.0,1.2,46
0.005056816625595,9.166112,0.9194081,0.4858649,0.8707148,0.36,10.0,1.2,46
-0.0354487331295013,9.012788,0.90829474,0.47716457,0.995782,0.36,10.0,1.2,46
-0.0083075280475616,8.682443,0.9022798,0.48897654,0.98440576,0.36,10.0,1.2,46
-0.0342004019737243,8.851471,0.9145088,0.49274004,0.912933,0.36,10.0,1.2,46
0.0079307464218139,8.9813595,0.90706646,0.48872292,0.99235487,0.36,10.0,1.2,46
-0.041973369731903,9.466017,0.91314244,0.4839532,0.9126961,0.36,10.0,1.2,46
-0.0304665676879882,8.991819,0.9000862,0.48393887,0.9888643,0.36,10.0,1.2,46
0.0023883218002319,9.195553,0.90679026,0.4824505,0.9738951,0.36,10.0,1.2,46
0.0405576786231994,9.241758,0.92359495,0.48850635,0.98022985,0.36,10.0,1.2,46
-0.0447590457439422,9.012418,0.89876693,0.48975375,0.9620825,0.36,10.0,1.2,46
-0.0021033304023742,9.220148,0.9107899,0.47427067,0.9841846,0.36,10.0,1.2,46
-0.0165081420898437,9.294243,0.9097144,0.47552723,0.9309248,0.36,10.0,1.2,46
-0.0209668589019775,9.8589115,0.9309988,0.46822694,0.9825314,0.36,10.0,1.2,46
-0.0164151790142059,8.929181,0.9139917,0.49782327,0.9505191,0.36,10.0,1.2,46
0.0002234298419952,9.628402,0.9107054,0.485727,0.9912685,0.36,10.0,1.2,46
-0.0142475310802459,9.169631,0.90662044,0.47589555,0.99400365,0.36,10.0,1.2,46
-0.0360154146003723,9.173342,0.9132939,0.49707234,0.93776214,0.36,10.0,1.2,46
-0.0135235551357269,8.501382,0.9133109,0.48168412,0.8301089,0.36,10.0,1.2,46
0.0009699525928497,9.169753,0.9174841,0.4729451,0.926425,0.36,10.0,1.2,46
-0.0352966790676117,9.388623,0.9137155,0.4746698,0.96436346,0.36,10.0,1.2,46
-0.0395665227222442,9.388133,0.912959,0.48164135,0.98549116,0.36,10.0,1.2,46
0.0687869243335723,8.7136755,0.89899486,0.4573956,0.89039373,0.36,10.0,1.2,46
0.0158948803043365,9.226306,0.9069527,0.4731651,0.9948205,0.36,10.0,1.2,46
-0.0150073601055145,9.409638,0.91181326,0.49551377,0.99499035,0.36,10.0,1.2,46
-0.0741229883670806,8.997731,0.9115797,0.4922724,0.9827175,0.36,10.0,1.2,46
-0.049481937789917,9.415703,0.92408186,0.48140323,0.90256286,0.36,10.0,1.2,46
-0.0035106121826171,9.116417,0.9166728,0.4796743,0.81975687,0.36,10.0,1.2,46
-0.0117717662715911,8.643344,0.8995329,0.48751783,0.9393095,0.36,10.0,1.2,46
0.0007887329196929,9.152749,0.9010759,0.4807581,0.9485042,0.36,10.0,1.2,46
-0.0234098861503601,9.4031105,0.926291,0.49019828,0.8651519,0.36,10.0,1.2,46
-0.0534144518852233,9.385023,0.92796034,0.4823914,0.8510623,0.36,10.0,1.2,46
0.0249147926998138,9.094487,0.9071778,0.48497298,0.95440876,0.36,10.0,1.2,46
-0.0217934045124053,9.15249,0.91213864,0.4850672,0.95764303,0.36,10.0,1.2,46
-0.0086042948150634,9.084433,0.9017326,0.48757446,0.9404893,0.36,10.0,1.2,46
-0.0093447340011596,9.015522,0.9118046,0.47302163,0.96881115,0.36,10.0,1.2,46
-0.0542329734802246,8.763533,0.9048867,0.49191025,0.9545951,0.36,10.0,1.2,46
-0.0839634218978881,9.097515,0.92100257,0.50333035,0.86712587,0.36,10.0,1.2,46
-0.0552943300628662,8.933685,0.90402424,0.4836211,0.9457166,0.36,10.0,1.2,46
-0.0750079900741577,8.900585,0.92093426,0.48435563,0.93480444,0.36,10.0,1.2,46
-0.0485870266819,8.755353,0.91007125,0.48690724,0.94358516,0.36,10.0,1.2,46
-0.0724023706436157,8.950176,0.9209133,0.47731903,0.8987951,0.36,10.0,1.2,46
-0.008480945110321,9.262657,0.9115454,0.48178446,0.96074927,0.36,10.0,1.2,46
-0.0012190635967254,9.350692,0.89724326,0.46830836,0.9629681,0.36,10.0,1.2,46
0.0268241073322296,9.137832,0.9123898,0.49029136,0.88906527,0.36,10.0,1.2,46
-0.0265327805995941,8.864703,0.88996005,0.4751895,0.9762411,0.36,10.0,1.2,46
-0.0048897214221954,9.244157,0.9046428,0.48301932,0.9613093,0.36,10.0,1.2,46
-0.0096708544254303,9.299703,0.9122671,0.47240123,0.9917511,0.36,10.0,1.2,46
-0.0090071068286895,9.262595,0.9054374,0.48029506,0.95556307,0.36,10.0,1.2,46
0.0254210769176483,9.135766,0.90614885,0.47427514,0.9743444,0.36,10.0,1.2,46
-0.0348507973098754,9.037388,0.91312647,0.47709155,0.9580431,0.36,10.0,1.2,46
-0.0159757345581054,9.168032,0.9256178,0.48331362,0.90601075,0.36,10.0,1.2,46
-0.0526137499713897,9.241183,0.908932,0.48230338,0.97858405,0.36,10.0,1.2,46
0.0165981319999694,8.37816,0.90555364,0.4684242,0.9717494,0.36,10.0,1.2,46
-0.0075662355709075,9.022141,0.9219379,0.47874522,0.94860137,0.36,10.0,1.2,46
-0.0069302598381042,9.34676,0.9139606,0.47660983,0.92249894,0.36,10.0,1.2,46
0.0362053018283844,9.283572,0.9202006,0.4729185,0.8513979,0.36,10.0,1.2,46
0.0113595492839813,9.075379,0.90397555,0.4745459,0.9718294,0.36,10.0,1.2,46
-0.0078318880844116,9.060665,0.91224134,0.47640714,0.904461,0.36,10.0,1.2,46
-0.0299766589164733,9.244604,0.9070167,0.48947653,0.96642756,0.36,10.0,1.2,46
-0.0318300592422485,8.757391,0.90129876,0.47853997,0.9841887,0.36,10.0,1.2,46
-0.0083262669372558,9.28784,0.9021727,0.4837364,0.9979172,0.36,10.0,1.2,46
-0.024849318408966,8.895998,0.9203901,0.4730365,0.9890034,0.36,10.0,1.2,46
0.0022155656814575,9.13496,0.9206696,0.48090595,0.9015155,0.36,10.0,1.2,46
-0.0616797505760192,9.493053,0.900669,0.4800592,0.9710187,0.36,10.0,1.2,46
-0.0513783106708526,9.450133,0.91301537,0.49004826,0.96985316,0.36,10.0,1.2,46
-0.0429245232582092,9.643869,0.8974789,0.4859513,0.9824642,0.36,10.0,1.2,46
-0.0095616727161407,8.98018,0.91594136,0.48308948,0.94577146,0.36,10.0,1.2,46
-0.0100547319412231,9.256382,0.92799217,0.48393238,0.8563062,0.36,10.0,1.2,46
-0.0193054701709747,9.238313,0.90497553,0.4831996,0.9973818,0.36,10.0,1.2,46
-0.0123092679882049,9.71206,0.90089554,0.4778158,0.9572443,0.36,10.0,1.2,46
-0.0089192454624176,9.478513,0.91212356,0.47663367,0.91446996,0.36,10.0,1.2,46
0.0285975196361541,9.006333,0.92199624,0.46841678,0.84448373,0.36,10.0,1.2,46
-0.0662963656330108,9.064591,0.90140665,0.47564444,0.9421452,0.36,10.0,1.2,46
-0.053275534992218,8.559748,0.90700233,0.47882462,0.9149207,0.36,10.0,1.2,46
0.0120573085021972,8.9778,0.90501875,0.4822768,0.9720626,0.36,10.0,1.2,46
0.0034388023853301,9.125371,0.902671,0.4702058,0.9915203,0.36,10.0,1.2,46
-0.0098585717487335,9.208861,0.8950776,0.48792955,0.96064985,0.36,10.0,1.2,46
-0.0152990210342407,9.495426,0.91539776,0.47276977,0.9773936,0.36,10.0,1.2,46
-0.0332732257652282,9.054104,0.90128785,0.47920287,0.97725236,0.36,10.0,1.2,46
0.0171209624004364,9.017983,0.91025674,0.4740409,0.8745506,0.36,10.0,1.2,46
0.0109681922531127,9.3447,0.92789614,0.4794464,0.8638406,0.36,10.0,1.2,46
-0.0349774527549743,8.796215,0.9112783,0.48660624,0.7857846,0.36,10.0,1.2,46
0.0511934913349151,8.821174,0.9091443,0.4679405,0.9559511,0.36,10.0,1.2,46
-0.0449807087898254,9.084597,0.9045931,0.4774988,0.9457263,0.36,10.0,1.2,46
-0.0040167656898498,9.181948,0.91357523,0.46449354,0.9684831,0.36,10.0,1.2,46
-0.0266427288055419,9.01742,0.9062824,0.47633803,0.9980407,0.36,10.0,1.2,46
-0.0199485984230041,9.556168,0.91317207,0.48590836,0.95950055,0.36,10.0,1.2,46
0.0072086730575561,8.924578,0.9209596,0.48081568,0.8224956,0.36,10.0,1.2,46
-0.049106295337677,9.494455,0.9059715,0.49502254,0.9881716,0.36,10.0,1.2,46
-0.0800994725227356,9.111071,0.9171704,0.4731164,0.98250175,0.36,10.0,1.2,46
-0.0279961020946502,9.447837,0.89897317,0.48737898,0.9637686,0.36,10.0,1.2,46
-0.0151072474861145,9.433163,0.9219841,0.4873611,0.9240546,0.36,10.0,1.2,46
-0.0092882669925689,9.354634,0.9115264,0.48946553,0.9084463,0.36,10.0,1.2,46
-0.0531894299030304,8.543878,0.9030826,0.48338515,0.93663204,0.36,10.0,1.2,46
-0.0626646737861633,9.04471,0.9041517,0.4937115,0.9151876,0.36,10.0,1.2,46
0.007322193069458,8.989273,0.89854187,0.4803977,0.9898088,0.36,10.0,1.2,46
0.0374501970291137,9.424915,0.90614104,0.48291862,0.98325634,0.36,10.0,1.2,46
-0.0137917146682739,9.559345,0.9101646,0.48439068,0.92194855,0.36,10.0,1.2,46
-0.0261570019626617,9.278186,0.91084015,0.46954837,0.9970033,0.36,10.0,1.2,46
-0.0186712421798706,9.167622,0.9060464,0.49345696,0.9537649,0.36,10.0,1.2,46
-0.0218270742797851,8.9429455,0.92820895,0.47148246,0.7888576,0.36,10.0,1.2,46
-0.0133444550800323,9.424029,0.89859664,0.47332045,0.9965097,0.36,10.0,1.2,46
-0.0622236581230163,8.815496,0.910799,0.4843264,0.8487388,0.36,10.0,1.2,46
-0.0057726945781707,9.082826,0.9171962,0.48056155,0.8389083,0.36,10.0,1.2,46
0.0084172783088684,9.029881,0.911033,0.4661846,0.8643267,0.36,10.0,1.2,46
-0.0261976407814025,9.259745,0.90726876,0.4765539,0.9771972,0.36,10.0,1.2,46
0.0310638340091705,9.31084,0.9133756,0.47267365,0.96729505,0.36,10.0,1.2,46
-0.0356075540351867,9.221016,0.9214475,0.4772496,0.85487556,0.36,10.0,1.2,46
-0.0775071659564971,9.101043,0.9144992,0.491938,0.9499376,0.36,10.0,1.2,46
-0.0310014604091644,9.407754,0.9042052,0.49328658,0.9759362,0.36,10.0,1.2,46
-0.0001168041610717,8.918207,0.91724646,0.47389156,0.91265595,0.36,10.0,1.2,46
-0.0453731986331939,8.956309,0.9165833,0.4814643,0.9593849,0.36,10.0,1.2,46
0.0055762350749969,9.062854,0.90504324,0.4677451,0.9982377,0.36,10.0,1.2,46
-0.013378230228424,9.131372,0.9113764,0.47585514,0.93277574,0.36,10.0,1.2,46
0.0040032449817657,9.524835,0.9350957,0.47769347,0.7683809,0.36,10.0,1.2,46
-0.0673692175197601,9.38737,0.93768954,0.4956448,0.8826113,0.36,10.0,1.2,46
-0.0524288000392913,8.741313,0.9113294,0.4941597,0.90466535,0.36,10.0,1.2,46
-0.0169603872108459,9.4875965,0.9214434,0.47302353,0.84757996,0.36,10.0,1.2,46
-0.0330307104873657,9.599901,0.91512144,0.4843248,0.96546304,0.36,10.0,1.2,46
-0.0662353428173065,9.003316,0.911302,0.48092774,0.8955959,0.36,10.0,1.2,46
-0.0262949655342102,8.969189,0.91187584,0.4725119,0.9186411,0.36,10.0,1.2,46
-0.0002058646202087,8.798828,0.9029932,0.47524548,0.98813105,0.36,10.0,1.2,46
-0.0084909251499176,8.915959,0.90963316,0.47820672,0.87460494,0.36,10.0,1.2,46
-0.0376643489360809,8.872743,0.91615796,0.48024356,0.91176724,0.36,10.0,1.2,46
-0.0649269575977325,9.156831,0.89672714,0.49002072,0.99185646,0.36,10.0,1.2,46
-0.0683033273983001,9.005748,0.9010236,0.48325357,0.93899536,0.36,10.0,1.2,46
-0.042524244441986,8.944166,0.89809,0.49881977,0.9934523,0.36,10.0,1.2,46
-0.0103952807426452,9.267311,0.9277798,0.46700513,0.9495444,0.36,10.0,1.2,46
-0.027363172340393,9.080753,0.9157697,0.48302624,0.8349149,0.36,10.0,1.2,46
-0.0208443320178985,9.130424,0.8958601,0.484469,0.98452544,0.36,10.0,1.2,46
-0.0169199445724487,9.480724,0.9127542,0.47803167,0.95608246,0.36,10.0,1.2,46
0.0039775594234466,9.296231,0.90738666,0.47092816,0.9795513,0.36,10.0,1.2,46
-0.0836264437103271,9.451273,0.9017185,0.49068406,0.9204482,0.36,10.0,1.2,46
-0.022968051328659,9.259522,0.9197094,0.47526604,0.84553397,0.36,10.0,1.2,46
-0.0228355248451232,9.4476795,0.89858305,0.48391566,0.9266046,0.36,10.0,1.2,46
0.0235238315296173,8.687697,0.8919241,0.4889623,0.97522926,0.36,10.0,1.2,46
-0.0190015935707092,9.737459,0.92719996,0.48170158,0.9258498,0.36,10.0,1.2,46
-0.0677409678745269,8.981534,0.9132705,0.48119032,0.9014573,0.36,10.0,1.2,46
-0.0066345964336395,8.870223,0.90128994,0.47597265,0.9817277,0.36,10.0,1.2,46
-0.0219600987720489,9.291459,0.8952719,0.48776796,0.92802155,0.36,10.0,1.2,46
-0.0080477981376647,8.585516,0.90335727,0.48382944,0.9441755,0.36,10.0,1.2,46
-0.0084059800434112,9.229356,0.89232033,0.4874283,0.99753916,0.36,10.0,1.2,46
0.0135449915981292,9.047711,0.91180325,0.48118648,0.9724562,0.36,10.0,1.2,46
-0.0446256660747528,9.6134,0.91087556,0.4828832,0.9935336,0.36,10.0,1.2,46
-0.0405883065223693,9.175272,0.9077523,0.48468497,0.9201387,0.36,10.0,1.2,46
-0.010550631570816,9.011159,0.9181901,0.48577046,0.947893,0.36,10.0,1.2,46
-0.0264164509201049,9.666393,0.91195816,0.48389173,0.9895257,0.36,10.0,1.2,46
0.0216743204689025,9.324224,0.9163561,0.48076156,0.9402529,0.36,10.0,1.2,46
0.0053038973808288,9.144878,0.9061767,0.4897492,0.98776484,0.36,10.0,1.2,46
-0.0393221189785003,8.958713,0.91059136,0.48417473,0.9672655,0.36,10.0,1.2,46
-0.0372837190532684,8.811553,0.897362,0.47457543,0.9651495,0.36,10.0,1.2,46
-0.0065413133144378,9.223514,0.90618163,0.4726318,0.96561015,0.36,10.0,1.2,46
-0.0222443055152893,9.595232,0.91531473,0.4878869,0.9621022,0.36,10.0,1.2,46
-0.0123933358001709,9.076706,0.89998144,0.475192,0.94139886,0.36,10.0,1.2,46
-0.0291773007678985,9.324037,0.9140531,0.4774236,0.9974284,0.36,10.0,1.2,46
-0.0838336707878112,9.159142,0.91367453,0.4898477,0.9417355,0.36,10.0,1.2,46
0.0172569782447814,9.259726,0.8944953,0.47191614,0.98302114,0.36,10.0,1.2,46
-0.0057106818675994,8.635726,0.88590664,0.4887205,0.9778305,0.36,10.0,1.2,46
-0.0113886575126647,8.497475,0.9048185,0.48084536,0.81322384,0.36,10.0,1.2,46
0.0164224455833435,9.837236,0.9165095,0.47569346,0.9959245,0.36,10.0,1.2,46
-0.0003597782135009,9.204779,0.9239473,0.487868,0.91566813,0.36,10.0,1.2,46
-0.0128045018482208,9.176646,0.91985434,0.47679067,0.8399662,0.36,10.0,1.2,46
-0.0075320609569549,9.496398,0.9014175,0.4743415,0.96127033,0.36,10.0,1.2,46
-0.06149266040802,9.354254,0.8944331,0.4834587,0.96518886,0.36,10.0,1.2,46
-0.0144590624809265,8.9636135,0.8941844,0.47316357,0.988564,0.36,10.0,1.2,46
-0.0171311024570465,9.105838,0.9265477,0.46542338,0.9029778,0.36,10.0,1.2,46
-0.0097181194210052,9.417575,0.90929127,0.47948673,0.97631836,0.36,10.0,1.2,46
-0.0600519626140594,9.189343,0.90818584,0.4828818,0.93457603,0.36,10.0,1.2,46
0.0133169512939453,9.126297,0.92434394,0.47967383,0.8423954,0.36,10.0,1.2,46
-0.0223556508350372,9.145194,0.9017774,0.48199943,0.9457159,0.36,10.0,1.2,46
-0.0233991109848022,9.250441,0.90681946,0.48826382,0.9663031,0.36,10.0,1.2,46
-0.050856845998764,9.19662,0.9150435,0.47710353,0.8874676,0.36,10.0,1.2,46
-0.0266458558940887,8.994086,0.90977824,0.4850541,0.96800005,0.36,10.0,1.2,46
0.0089290638637542,9.144765,0.9047295,0.48432025,0.9615787,0.36,10.0,1.2,46
-0.0586435860919952,9.353667,0.9143324,0.49503052,0.98543954,0.36,10.0,1.2,46
0.0310312865924835,9.705039,0.9173189,0.4665213,0.91019285,0.36,10.0,1.2,46
-0.0319733559417724,9.683853,0.91061574,0.4870476,0.9405066,0.36,10.0,1.2,46
0.0150635829639434,8.8909445,0.9270977,0.47922915,0.8444122,0.36,10.0,1.2,46
-0.0138215663909912,9.5241165,0.91938764,0.47816962,0.89508176,0.36,10.0,1.2,46
-0.0231175076961517,9.3051195,0.90946335,0.4891306,0.9609592,0.36,10.0,1.2,46
-0.0525617745876312,8.834453,0.90155137,0.47361508,0.99931884,0.36,10.0,1.2,46
-0.0246910417938232,9.180334,0.9046048,0.48235634,0.9789432,0.36,10.0,1.2,46
-0.0294518151283264,8.618164,0.91484874,0.490578,0.93071234,0.36,10.0,1.2,46
-0.0765457327747345,9.054988,0.90761626,0.48666346,0.9926481,0.36,10.0,1.2,46
0.0170528517341613,9.118269,0.9147836,0.47244537,0.93070567,0.36,10.0,1.2,46
0.0079434945297241,9.543301,0.929239,0.48376718,0.85296977,0.36,10.0,1.2,46
0.0141311381816863,8.668427,0.9035158,0.46993446,0.987991,0.36,10.0,1.2,46
-0.0318978856563568,9.126658,0.9119271,0.4843772,0.943802,0.36,10.0,1.2,46
0.0041879512786865,9.102974,0.9232841,0.46832412,0.90596104,0.36,10.0,1.2,46
-0.0270281715679168,9.217454,0.92192084,0.4877831,0.9676702,0.36,10.0,1.2,46
0.0043907482337951,9.115721,0.9103454,0.4909787,0.9648944,0.36,10.0,1.2,46
-0.0346651941680908,9.208048,0.90784127,0.4844426,0.9678961,0.36,10.0,1.2,46
-0.0220907900810241,9.520445,0.91814524,0.47864297,0.9720297,0.36,10.0,1.2,46
-0.0166274449729919,9.043272,0.9160333,0.47813296,0.8304751,0.36,10.0,1.2,46
0.010031922674179,9.009414,0.9160144,0.48119837,0.8406708,0.36,10.0,1.2,46
-0.0068076691532135,9.737666,0.90894353,0.4732964,0.9923171,0.36,10.0,1.2,46
-0.0045081204700469,9.092599,0.9054841,0.47227043,0.95548606,0.36,10.0,1.2,46
-0.0400034718418121,8.602698,0.9230697,0.47695148,0.75773823,0.36,10.0,1.2,46
-0.0091228828907012,8.957419,0.90938574,0.47051033,0.9840448,0.36,10.0,1.2,46
-0.0287924357700347,8.660193,0.90749925,0.48316953,0.883875,0.36,10.0,1.2,46
-0.0491958696842193,8.64532,0.9171814,0.48474565,0.90426517,0.36,10.0,1.2,46
-0.005871161403656,9.225796,0.90943116,0.46773493,0.92255974,0.36,10.0,1.2,46
0.0043249993038177,8.9633,0.9020673,0.48244473,0.9938657,0.36,10.0,1.2,46
0.0277648968791961,9.136041,0.9141476,0.47179636,0.95797336,0.36,10.0,1.2,46
-0.0418660328292846,9.049709,0.90919876,0.4944891,0.93842566,0.36,10.0,1.2,46
-0.0364765931129455,9.033604,0.9104288,0.49078786,0.90837157,0.36,10.0,1.2,46
-0.0246101049900054,9.160056,0.89105356,0.48369426,0.97203016,0.36,10.0,1.2,46
-0.0392761844158172,8.800645,0.90048254,0.47019315,0.9788443,0.36,10.0,1.2,46
-0.0505184701824188,8.470214,0.8950134,0.48618183,0.96247125,0.36,10.0,1.2,46
-0.0356565255069732,8.577788,0.9059309,0.48303935,0.97966325,0.36,10.0,1.2,46
-0.0618974019432067,9.218443,0.89989054,0.4908518,0.98001504,0.36,10.0,1.2,46
0.0070712995052337,9.165845,0.9147469,0.47434065,0.91598594,0.36,10.0,1.2,46
-0.0268779350662231,9.19627,0.89573103,0.48523155,0.9637532,0.36,10.0,1.2,46
0.0022629665374755,9.013815,0.91685176,0.47045058,0.8828362,0.36,10.0,1.2,46
-0.0434458003520965,9.09451,0.9131227,0.48210344,0.986827,0.36,10.0,1.2,46
-0.1053473198890686,9.200535,0.9104874,0.49550575,0.95862615,0.36,10.0,1.2,46
-0.0406519100475311,9.151021,0.9126774,0.48487508,0.9288273,0.36,10.0,1.2,46
0.0136335196018218,9.515557,0.9214045,0.4842726,0.9935914,0.36,10.0,1.2,46
-0.0010417970180511,9.010501,0.924364,0.47290328,0.94161236,0.36,10.0,1.2,46
-0.0383201812553405,9.052082,0.91161746,0.47354472,0.8784089,0.36,10.0,1.2,46
0.0060989059066772,9.029806,0.92722553,0.47836375,0.88036597,0.36,10.0,1.2,46
0.0125414215755462,9.101878,0.9089213,0.4778094,0.97451305,0.36,10.0,1.2,46
0.0013865788650512,9.140593,0.9048399,0.47096872,0.96085465,0.36,10.0,1.2,46
0.0134705690574645,8.543764,0.9229455,0.46726954,0.7585211,0.36,10.0,1.2,46
-0.0352015662002563,9.412495,0.92388666,0.48509553,0.874998,0.36,10.0,1.2,46
0.0091061870288848,9.086524,0.9068562,0.47358707,0.9189583,0.36,10.0,1.2,46
0.0336865091896057,9.083174,0.9303553,0.4593331,0.8683511,0.36,10.0,1.2,46
0.0105966928005218,9.04758,0.9234803,0.46446338,0.9201952,0.36,10.0,1.2,46
-0.0012164501476287,9.229165,0.9175922,0.45155466,0.87893736,0.36,10.0,1.2,46
-0.0044711664676666,9.300323,0.9121169,0.48824143,0.90081036,0.36,10.0,1.2,46
-0.0055853285694122,9.129556,0.92468214,0.47521603,0.89660716,0.36,10.0,1.2,46
-0.0501620180988311,9.509414,0.92791045,0.49074265,0.94018626,0.36,10.0,1.2,46
-0.0228112978458404,8.995595,0.9223574,0.47408012,0.8837614,0.36,10.0,1.2,46
-0.0383181966686248,8.967269,0.917899,0.4779925,0.8519983,0.36,10.0,1.2,46
0.0246342529964447,8.817197,0.88866556,0.488062,0.965785,0.36,10.0,1.2,46
0.0400619485378265,9.170842,0.91900516,0.47407869,0.9611641,0.36,10.0,1.2,46
0.0167782889842987,9.020371,0.9270521,0.4865839,0.8383565,0.36,10.0,1.2,46
-0.0533030825996398,9.183968,0.90358335,0.47906044,0.948956,0.36,10.0,1.2,46
-0.0215048525714874,9.451287,0.8898529,0.48572758,0.99807763,0.36,10.0,1.2,46
-0.0539097225189209,9.471216,0.91386116,0.4788052,0.94185686,0.36,10.0,1.2,46
-0.017794769039154,9.541662,0.9185691,0.48314652,0.94774604,0.36,10.0,1.2,46
-0.0045854006671905,9.2958,0.90794134,0.48661527,0.9865223,0.36,10.0,1.2,46
-0.0149910414218902,8.916736,0.90934014,0.4827907,0.97146916,0.36,10.0,1.2,46
-0.0123586506748199,9.226687,0.91267896,0.47646677,0.9761331,0.36,10.0,1.2,46
0.0034902206516265,9.280694,0.90183806,0.47211486,0.9985765,0.36,10.0,1.2,46
-0.0384801295661926,9.529427,0.9135401,0.48527902,0.95499885,0.36,10.0,1.2,46
-0.0016649565219879,9.773364,0.9203793,0.48354694,0.9561621,0.36,10.0,1.2,46
-0.024183219423294,8.6953,0.90109044,0.47687456,0.949394,0.36,10.0,1.2,46
-0.0079548128986358,9.14718,0.91352177,0.48765042,0.9508978,0.36,10.0,1.2,46
-0.0058863711166381,9.280649,0.89606243,0.47851133,0.97429156,0.36,10.0,1.2,46
-0.0689744226455688,9.336367,0.91288507,0.5051313,0.95056915,0.36,10.0,1.2,46
-0.037176522283554,9.111501,0.9031521,0.4885894,0.99768436,0.36,10.0,1.2,46
-0.0098854953765869,9.063187,0.9407612,0.47716117,0.81397474,0.36,10.0,1.2,46
0.009713164730072,9.755693,0.93189913,0.4766237,0.8549361,0.36,10.0,1.2,46
0.016695020532608,8.813052,0.9156544,0.47668672,0.94616127,0.36,10.0,1.2,46
-0.023327625541687,9.344889,0.92204726,0.48359993,0.9710666,0.36,10.0,1.2,46
-0.0140823959827423,8.945384,0.9138654,0.49334204,0.97089064,0.36,10.0,1.2,46
-0.0584734401130676,9.025906,0.914811,0.48493087,0.9325943,0.36,10.0,1.2,46
-0.037275601606369,9.288398,0.9112477,0.47634736,0.98893476,0.36,10.0,1.2,46
-0.0277369298362731,9.5252495,0.9111317,0.47715127,0.9459572,0.36,10.0,1.2,46
0.0120611218452453,9.269781,0.91640216,0.474256,0.90440524,0.36,10.0,1.2,46
-0.0299721615219116,9.861429,0.94520307,0.48442924,0.84408724,0.36,10.0,1.2,46
0.0003427020168304,9.401095,0.91814756,0.48383063,0.9775466,0.36,10.0,1.2,46
-0.047756569480896,9.142084,0.8910206,0.48672292,0.9518645,0.36,10.0,1.2,46
-0.0293488852024078,9.05972,0.9062733,0.48987314,0.9833262,0.36,10.0,1.2,46
-0.0080913912582397,8.885389,0.9071188,0.47854888,0.9392462,0.36,10.0,1.2,46
0.0192046242237091,8.796515,0.913885,0.48102203,0.9689412,0.36,10.0,1.2,46
-0.0343275207805633,9.234696,0.90661085,0.46872765,0.9345943,0.36,10.0,1.2,46
-0.0412897531986236,9.196019,0.9095316,0.47599548,0.9985236,0.36,10.0,1.2,46
-0.010481237745285,9.148259,0.9063376,0.48341477,0.9477705,0.36,10.0,1.2,46
-0.0202604278564453,8.820086,0.9047003,0.48821786,0.98512256,0.36,10.0,1.2,46
-0.0033245724201202,8.917947,0.91060734,0.4660973,0.9921862,0.36,10.0,1.2,46
-0.0006921503543853,8.577418,0.92480916,0.47186428,0.85886335,0.36,10.0,1.2,46
-0.0422675075054168,8.760419,0.90544397,0.49080873,0.93798375,0.36,10.0,1.2,46
-0.029369547548294,9.419511,0.9200412,0.4789738,0.9206896,0.36,10.0,1.2,46
-0.027622406797409,9.380876,0.91016436,0.47638512,0.9175539,0.36,10.0,1.2,46
-0.0063268145084381,9.004302,0.92360604,0.47986105,0.82003057,0.36,10.0,1.2,46
-0.0431936850452423,9.319337,0.9116038,0.48997554,0.97718596,0.36,10.0,1.2,46
0.0037124913215637,9.312811,0.9162227,0.47473884,0.9719279,0.36,10.0,1.2,46
-0.06385929646492,9.862046,0.917148,0.4937995,0.9650215,0.36,10.0,1.2,46
-0.0006852021980285,9.147821,0.91357845,0.48856458,0.9296925,0.36,10.0,1.2,46
0.0013078369808196,9.964229,0.9171807,0.47714484,0.970063,0.36,10.0,1.2,46
-0.0532852263927459,9.464011,0.9068565,0.48604083,0.9265137,0.36,10.0,1.2,46
-0.0199252344417572,9.21342,0.92063105,0.46720147,0.9841037,0.36,10.0,1.2,46
-0.0550112287425994,8.992789,0.9155004,0.4911351,0.9220842,0.36,10.0,1.2,46
-0.0541531592750549,8.687103,0.8961343,0.4764253,0.9722154,0.36,10.0,1.2,46
0.0072959747886657,9.05237,0.90092015,0.46227384,0.9572029,0.36,10.0,1.2,46
0.0198904636478424,8.874629,0.9148535,0.46680465,0.8667139,0.36,10.0,1.2,46
-0.0670010218143463,9.020915,0.9066453,0.4987572,0.8602773,0.36,10.0,1.2,46
-0.0254015927696228,8.942764,0.92766964,0.46999148,0.81482375,0.36,10.0,1.2,46
0.0081319863033294,9.100781,0.9158889,0.47767943,0.89418125,0.36,10.0,1.2,46
-0.0326468770503997,8.976674,0.9090774,0.48108575,0.9853556,0.36,10.0,1.2,46
-0.0080669125938415,9.041403,0.9061125,0.48415393,0.98174226,0.36,10.0,1.2,46
-0.0433275794029235,9.534912,0.90331423,0.48255646,0.98256874,0.36,10.0,1.2,46
-0.0174509243965148,9.3744755,0.90994453,0.48004034,0.9989506,0.36,10.0,1.2,46
0.0013184738826751,9.190684,0.91278505,0.47940755,0.9622061,0.36,10.0,1.2,46
-0.0404719972515106,9.27852,0.9040551,0.49028197,0.97024524,0.36,10.0,1.2,46
-0.0132533570575714,9.183761,0.9121276,0.47674346,0.941478,0.36,10.0,1.2,46
-0.0687840011787414,9.410416,0.86606205,0.47206044,0.9100919,0.37,10.0,1.2,47
-0.1019431305837631,9.114581,0.86545324,0.47884116,0.93294096,0.37,10.0,1.2,47
-0.0705788713550567,8.715799,0.8527445,0.4728333,0.9815217,0.37,10.0,1.2,47
-0.0678086340045929,9.213026,0.8574065,0.4880065,0.9899162,0.37,10.0,1.2,47
-0.0272154510593414,9.215868,0.86922014,0.4705009,0.9595829,0.37,10.0,1.2,47
-0.0777630247688293,9.339817,0.87372726,0.4756023,0.7992388,0.37,10.0,1.2,47
-0.0100582769870758,9.028368,0.87030554,0.46385065,0.9339436,0.37,10.0,1.2,47
-0.0425431014060974,9.308319,0.8565066,0.46723637,0.909943,0.37,10.0,1.2,47
-0.0834067970991134,9.07146,0.8683833,0.48138955,0.92613244,0.37,10.0,1.2,47
-0.0357400837373733,9.151498,0.86657226,0.4603054,0.9251833,0.37,10.0,1.2,47
-0.0609167527770996,9.029205,0.8519,0.47364014,0.9941883,0.37,10.0,1.2,47
0.0016132746124267,8.997925,0.8710318,0.4509595,0.9095441,0.37,10.0,1.2,47
-0.0639576598405838,8.590531,0.86950123,0.49029067,0.9278058,0.37,10.0,1.2,47
-0.0058861657857895,9.15462,0.8745327,0.47391775,0.8505957,0.37,10.0,1.2,47
-0.0629132198429107,9.333437,0.8557749,0.47351983,0.98930335,0.37,10.0,1.2,47
-0.0718191873407364,9.301484,0.86894333,0.46496177,0.9558736,0.37,10.0,1.2,47
-0.0699731983375549,9.239021,0.86650467,0.47848696,0.9322635,0.37,10.0,1.2,47
-0.0318569436788559,8.902011,0.88109976,0.4567498,0.8055891,0.37,10.0,1.2,47
-0.048037513346672,8.716231,0.8653463,0.46506158,0.9280597,0.37,10.0,1.2,47
-0.0308925999116897,8.746224,0.8560274,0.47526324,0.9215795,0.37,10.0,1.2,47
-0.0276472167921066,9.438277,0.86801773,0.4679836,0.9628928,0.37,10.0,1.2,47
-0.041634398779869,9.321483,0.8650965,0.4668801,0.91027546,0.37,10.0,1.2,47
-0.012997401356697,8.753419,0.8725009,0.47024968,0.87787235,0.37,10.0,1.2,47
-0.0487353279066085,9.179412,0.8404428,0.46813688,0.99917233,0.37,10.0,1.2,47
-0.0388060011720657,9.328607,0.8926697,0.48013085,0.67726886,0.37,10.0,1.2,47
-0.0697972640609741,9.364708,0.8645355,0.4788391,0.97059476,0.37,10.0,1.2,47
-0.0132127753734588,8.821173,0.8643488,0.44903922,0.8176702,0.37,10.0,1.2,47
-0.0610801068973541,9.154573,0.8808047,0.47507223,0.81811595,0.37,10.0,1.2,47
-0.0272974826288223,8.869954,0.86171365,0.4829589,0.9618051,0.37,10.0,1.2,47
-0.1114086387825012,9.172569,0.8733746,0.48924118,0.86189854,0.37,10.0,1.2,47
-0.0312766428184509,9.183117,0.8516455,0.47710362,0.98832595,0.37,10.0,1.2,47
0.020933006620407,8.882685,0.8582864,0.45975983,0.9062884,0.37,10.0,1.2,47
-0.0555518855094909,8.773537,0.8464963,0.48256648,0.9534496,0.37,10.0,1.2,47
-0.1034120963573455,8.296518,0.84895134,0.4851313,0.9114344,0.37,10.0,1.2,47
-0.0225425391674041,8.552923,0.86710066,0.46534577,0.90715826,0.37,10.0,1.2,47
-0.0461347286558151,8.970454,0.85072,0.4688915,0.9497062,0.37,10.0,1.2,47
-0.0056532609176635,9.06263,0.8588051,0.4603925,0.99087894,0.37,10.0,1.2,47
-0.0440224659538269,9.522961,0.8579881,0.4892563,0.91473126,0.37,10.0,1.2,47
-0.0302809783697128,9.714427,0.8476677,0.4592209,0.9562367,0.37,10.0,1.2,47
-0.0580872725343704,9.146283,0.8539729,0.4711875,0.99109745,0.37,10.0,1.2,47
-0.0531981898403167,8.969095,0.86229724,0.48472148,0.92376184,0.37,10.0,1.2,47
-0.0330175752162933,9.113417,0.8536254,0.47465122,0.9450618,0.37,10.0,1.2,47
-0.0787132660341262,9.1786585,0.8739346,0.46565273,0.81446373,0.37,10.0,1.2,47
-0.0436901453256607,9.519753,0.8532693,0.4698627,0.99857295,0.37,10.0,1.2,47
-0.0654501847505569,9.040036,0.84864926,0.46931747,0.9943552,0.37,10.0,1.2,47
-0.0530121956348419,8.888998,0.85648155,0.47145802,0.82603824,0.37,10.0,1.2,47
-0.0465369363641739,9.057649,0.858861,0.48012033,0.9450947,0.37,10.0,1.2,47
-0.0310750702476501,9.230831,0.8788043,0.4634333,0.87254786,0.37,10.0,1.2,47
-0.021643007979393,8.740237,0.87546533,0.4692963,0.8860829,0.37,10.0,1.2,47
-0.0493978296136856,8.971532,0.85659856,0.45845717,0.9419569,0.37,10.0,1.2,47
-0.0014406297302246,8.96344,0.8729967,0.47026983,0.8842393,0.37,10.0,1.2,47
-0.0430381519174575,8.579648,0.85203284,0.47411323,0.9980818,0.37,10.0,1.2,47
-0.0515405512332916,8.992662,0.85462373,0.46862653,0.9684974,0.37,10.0,1.2,47
-0.0964936980581283,9.132255,0.8769298,0.47631612,0.79209185,0.37,10.0,1.2,47
-0.0255034214687347,8.598295,0.85473144,0.46920204,0.8230814,0.37,10.0,1.2,47
-0.0643824349117279,8.943449,0.8608041,0.47760248,0.943007,0.37,10.0,1.2,47
-0.0489926416110992,8.911577,0.8708081,0.4769439,0.77365744,0.37,10.0,1.2,47
-0.046262486667633,8.967834,0.85494936,0.45467973,0.95996547,0.37,10.0,1.2,47
-0.0806549196100235,10.034993,0.8690609,0.4822061,0.9786515,0.37,10.0,1.2,47
-0.05249748005867,8.59973,0.8645398,0.4650789,0.92238903,0.37,10.0,1.2,47
-0.0931205829238891,9.007099,0.86015415,0.49036652,0.8456582,0.37,10.0,1.2,47
-0.0082575698709488,9.083875,0.85628754,0.4652414,0.98719597,0.37,10.0,1.2,47
-0.0245232669305801,8.4552965,0.8637055,0.46060252,0.9101074,0.37,10.0,1.2,47
-0.0081509666776657,8.554404,0.85164005,0.47323704,0.957688,0.37,10.0,1.2,47
0.0043148022794723,9.204553,0.8674503,0.45851272,0.86991084,0.37,10.0,1.2,47
-0.0926607942533493,9.139873,0.85117894,0.47532687,0.9482094,0.37,10.0,1.2,47
-0.0495554781866073,9.817439,0.85776025,0.46156996,0.9910402,0.37,10.0,1.2,47
0.0042213048839568,8.921717,0.86266255,0.4611849,0.8794167,0.37,10.0,1.2,47
-0.0727235584020614,8.817821,0.8624213,0.47337398,0.9746227,0.37,10.0,1.2,47
-0.0676403424978256,8.838458,0.85220337,0.47654718,0.9140626,0.37,10.0,1.2,47
-0.0445511144638061,8.7319565,0.87418747,0.4634341,0.81478405,0.37,10.0,1.2,47
-0.0392211505031585,8.737925,0.85947484,0.47552228,0.8414695,0.37,10.0,1.2,47
-0.0746578082990646,9.39479,0.8629712,0.4869924,0.950624,0.37,10.0,1.2,47
-0.0738313591575622,9.353207,0.8559303,0.4771595,0.97608745,0.37,10.0,1.2,47
-0.0460844760036468,8.776854,0.8755547,0.4825355,0.9363911,0.37,10.0,1.2,47
-0.0474703880405426,9.0807705,0.8581444,0.45847535,0.92420423,0.37,10.0,1.2,47
-0.0237857563829422,9.536164,0.857441,0.46902907,0.9883406,0.37,10.0,1.2,47
-0.0420408889055252,9.6205,0.8665323,0.47968072,0.9478489,0.37,10.0,1.2,47
-0.0807574278593063,9.131541,0.8741695,0.47893894,0.8223908,0.37,10.0,1.2,47
-0.1221646451950073,9.362221,0.85950804,0.47282612,0.9832275,0.37,10.0,1.2,47
-0.0417991238546371,8.7354,0.86209226,0.4649885,0.97481143,0.37,10.0,1.2,47
-0.0666875799369812,8.460461,0.8544808,0.47606456,0.97123075,0.37,10.0,1.2,47
-0.0384081679582596,9.255052,0.8571341,0.46753252,0.9591261,0.37,10.0,1.2,47
-0.0439541209888458,9.016825,0.8620324,0.4716325,0.83381283,0.37,10.0,1.2,47
-0.0859980590772628,9.131137,0.85648686,0.48262465,0.9960451,0.37,10.0,1.2,47
-0.0154021584510803,8.777866,0.8619285,0.48073012,0.81938195,0.37,10.0,1.2,47
-0.0132966913414001,8.5356865,0.85473454,0.4702717,0.9373493,0.37,10.0,1.2,47
-0.0585312586784362,9.3849945,0.85870063,0.48263872,0.9308418,0.37,10.0,1.2,47
-0.022419201464653,9.898215,0.8651315,0.4743737,0.8696027,0.37,10.0,1.2,47
-0.056115729470253,8.915826,0.8705977,0.4584261,0.80980396,0.37,10.0,1.2,47
-0.0751184430837631,9.050784,0.8656163,0.47794634,0.93338,0.37,10.0,1.2,47
-0.0626234260511398,8.575469,0.8452176,0.49222258,0.8895844,0.37,10.0,1.2,47
-0.068479139137268,9.706154,0.85940135,0.4798885,0.99701774,0.37,10.0,1.2,47
-0.0477024907779693,9.072023,0.8554115,0.4724309,0.9986005,0.37,10.0,1.2,47
-0.0263019923686981,9.24674,0.85973215,0.4779322,0.9946915,0.37,10.0,1.2,47
-0.0536038920021057,9.53614,0.8635363,0.4747767,0.88178706,0.37,10.0,1.2,47
-0.0841229874563217,9.343825,0.86723816,0.4790517,0.9798279,0.37,10.0,1.2,47
-0.0502874270296096,9.12927,0.8694907,0.46150997,0.93566084,0.37,10.0,1.2,47
-0.0443928623533249,9.1228895,0.8626522,0.47054124,0.95731115,0.37,10.0,1.2,47
-0.0643510192871093,9.169693,0.8769207,0.47570026,0.8780309,0.37,10.0,1.2,47
-0.0766712774515152,8.917298,0.85317886,0.48062038,0.99525034,0.37,10.0,1.2,47
-0.0548099907827377,8.87601,0.85599256,0.46544603,0.9771569,0.37,10.0,1.2,47
-0.0055996786355972,9.258771,0.864499,0.47645038,0.9323056,0.37,10.0,1.2,47
-0.0380262940835952,9.481412,0.87505084,0.46775836,0.9371728,0.37,10.0,1.2,47
-0.0047174478006363,8.696881,0.86525124,0.46639383,0.8550261,0.37,10.0,1.2,47
-0.0653875061941147,8.7336645,0.8637476,0.4881249,0.91202927,0.37,10.0,1.2,47
-0.0050997531127929,9.042603,0.86008716,0.47419217,0.9918244,0.37,10.0,1.2,47
-0.1080940315675735,9.1713915,0.86541396,0.4840594,0.90063,0.37,10.0,1.2,47
-0.0660887298345565,9.129577,0.8524789,0.46724758,0.9990859,0.37,10.0,1.2,47
-0.0111536282157898,9.373119,0.8665931,0.46252087,0.94317937,0.37,10.0,1.2,47
0.0299916419744491,9.375997,0.86404705,0.47549158,0.99363434,0.37,10.0,1.2,47
-0.0318733183813095,8.907329,0.8635951,0.47091335,0.9566083,0.37,10.0,1.2,47
-0.0588324369621277,8.833233,0.84409976,0.4704764,0.96401787,0.37,10.0,1.2,47
-0.0739571464014053,8.962728,0.8659586,0.48446837,0.93654823,0.37,10.0,1.2,47
-0.0086165242767334,9.697617,0.8724692,0.48979506,0.9798907,0.37,10.0,1.2,47
-0.0244850382661819,8.883813,0.8774151,0.46922544,0.89140904,0.37,10.0,1.2,47
-0.0183242258787155,9.754233,0.8678188,0.46792236,0.993189,0.37,10.0,1.2,47
0.0015335716390609,9.294827,0.86188275,0.45389736,0.9779506,0.37,10.0,1.2,47
-0.0388111465215683,8.819957,0.8474442,0.4805179,0.9694449,0.37,10.0,1.2,47
-0.0460064661598205,8.676575,0.85655814,0.47277316,0.96453416,0.37,10.0,1.2,47
-0.0519381842947006,9.085982,0.8517941,0.4772451,0.94742703,0.37,10.0,1.2,47
-0.0559410937309265,9.099331,0.8482578,0.47555304,0.9666678,0.37,10.0,1.2,47
-0.0802589867925644,9.337504,0.8552682,0.48266035,0.98195386,0.37,10.0,1.2,47
0.0018440011644363,8.577941,0.8358707,0.46381208,0.9836918,0.37,10.0,1.2,47
-0.026903503704071,9.26527,0.85231084,0.47389376,0.9914321,0.37,10.0,1.2,47
-0.0552640996551513,9.158218,0.87670374,0.47673237,0.9892831,0.37,10.0,1.2,47
-0.0860106795310974,9.653225,0.8605106,0.48472953,0.998965,0.37,10.0,1.2,47
-0.0511009728145599,8.7836895,0.8618658,0.47764185,0.9192667,0.37,10.0,1.2,47
-0.0358250910615921,9.021676,0.860312,0.47361225,0.8883362,0.37,10.0,1.2,47
-0.0332012727928161,8.744274,0.863502,0.46836764,0.9754492,0.37,10.0,1.2,47
-0.0722480532646179,9.082375,0.85891813,0.4816871,0.88556683,0.37,10.0,1.2,47
-0.0918287890911102,9.398584,0.8622199,0.4858717,0.9509126,0.37,10.0,1.2,47
-0.0858745061731338,9.347737,0.8606611,0.48133206,0.9382485,0.37,10.0,1.2,47
-0.0826027820825577,9.10357,0.859905,0.48324585,0.946203,0.37,10.0,1.2,47
-0.0546239909267425,9.042376,0.85458505,0.48302802,0.9606384,0.37,10.0,1.2,47
-0.0631719722986221,9.243913,0.87313896,0.47428447,0.89845085,0.37,10.0,1.2,47
-0.0446714614629745,8.880401,0.8697368,0.47722876,0.96581244,0.37,10.0,1.2,47
-0.0449000950813293,9.6422,0.8557237,0.474832,0.9840287,0.37,10.0,1.2,47
-0.103517926621437,9.248319,0.8794358,0.4894438,0.88951194,0.37,10.0,1.2,47
-0.0442566435289383,8.89063,0.86715686,0.4751729,0.9702587,0.37,10.0,1.2,47
-0.1027022600603103,8.95485,0.85974807,0.4829217,0.9577625,0.37,10.0,1.2,47
-0.0825396773290634,8.654033,0.85756946,0.48189598,0.9533355,0.37,10.0,1.2,47
-0.0402801683664322,9.125409,0.8583013,0.4736407,0.99005353,0.37,10.0,1.2,47
-0.0432769639492035,8.819437,0.8453422,0.48157972,0.99196887,0.37,10.0,1.2,47
-0.0189634213781356,8.629649,0.8515518,0.47683358,0.9925848,0.37,10.0,1.2,47
-0.003858196234703,9.135585,0.8723649,0.47116163,0.8428105,0.37,10.0,1.2,47
-0.0109248528480529,8.961964,0.8481883,0.45730108,0.99315655,0.37,10.0,1.2,47
-0.0679398914432525,9.017828,0.8653072,0.47670627,0.8518647,0.37,10.0,1.2,47
-0.0578288415622711,9.152914,0.8506758,0.47504327,0.9950515,0.37,10.0,1.2,47
-0.0295948104000091,9.325712,0.86310625,0.46623054,0.9353601,0.37,10.0,1.2,47
-0.0143540689086914,9.294861,0.8584772,0.47298658,0.99789035,0.37,10.0,1.2,47
-0.0831196594953537,8.887038,0.8583727,0.47184646,0.94361174,0.37,10.0,1.2,47
-0.030696995139122,9.257579,0.86358595,0.47875428,0.8215034,0.37,10.0,1.2,47
-0.0768866541004181,9.31669,0.8562856,0.4774205,0.95502985,0.37,10.0,1.2,47
0.008564931397438,8.439685,0.85345185,0.46333674,0.98667574,0.37,10.0,1.2,47
-0.0613616145467758,8.89519,0.85766923,0.48267627,0.9343451,0.37,10.0,1.2,47
-0.0548942973566055,9.274293,0.8509636,0.4835403,0.98703146,0.37,10.0,1.2,47
-0.0502047554206848,9.04491,0.86105824,0.4565389,0.9672282,0.37,10.0,1.2,47
-0.0183725117063522,8.535941,0.8483882,0.46500084,0.996768,0.37,10.0,1.2,47
-0.0301455181837082,8.86476,0.85306036,0.46467385,0.9870802,0.37,10.0,1.2,47
-0.0920246553134918,9.115797,0.8623541,0.46707225,0.9616232,0.37,10.0,1.2,47
-0.0376439409255981,9.520912,0.85807556,0.47843698,0.9279387,0.37,10.0,1.2,47
-0.0339814117383957,9.30194,0.8619983,0.46705613,0.9985205,0.37,10.0,1.2,47
-0.0660705564117431,8.889053,0.84313416,0.4845633,0.94928575,0.37,10.0,1.2,47
-0.0743436196994781,8.902575,0.860315,0.46973255,0.8387743,0.37,10.0,1.2,47
-0.0703910901975631,9.51604,0.85918057,0.4657976,0.9641063,0.37,10.0,1.2,47
-0.0564739076566696,8.866797,0.85453546,0.47272915,0.97285664,0.37,10.0,1.2,47
-0.0506591159772873,9.696685,0.85951996,0.45901746,0.98122346,0.37,10.0,1.2,47
-0.0803521153402328,9.20478,0.8538449,0.47959527,0.9933517,0.37,10.0,1.2,47
-0.0677318629455566,9.19334,0.8659982,0.4789695,0.99821484,0.37,10.0,1.2,47
-0.0298957541084289,9.433506,0.8489317,0.47672874,0.99531245,0.37,10.0,1.2,47
-0.0416310478162765,9.863692,0.8616961,0.46288204,0.98567736,0.37,10.0,1.2,47
-0.0512447262525558,9.264216,0.86716354,0.46632388,0.97130656,0.37,10.0,1.2,47
-0.0382002392721176,8.755237,0.85535324,0.4835378,0.89215267,0.37,10.0,1.2,47
-0.0481389409542083,9.462233,0.8590625,0.46290457,0.92974865,0.37,10.0,1.2,47
0.0039368712902068,9.664774,0.8562718,0.45996436,0.9693327,0.37,10.0,1.2,47
-0.0113473571395874,8.807686,0.86827856,0.46187565,0.8988364,0.37,10.0,1.2,47
-0.0050410565710067,9.081233,0.85615915,0.46465448,0.9879396,0.37,10.0,1.2,47
-0.0124454145145416,9.238726,0.85638225,0.46219644,0.9704888,0.37,10.0,1.2,47
-0.0462966658830642,9.319501,0.8447089,0.47992504,0.93159497,0.37,10.0,1.2,47
-0.0431285377931595,9.427472,0.8769406,0.4622347,0.7962235,0.37,10.0,1.2,47
-0.011055529756546,8.901087,0.8525493,0.47322363,0.92803955,0.37,10.0,1.2,47
-0.063013624343872,8.924454,0.8585299,0.46713457,0.95786893,0.37,10.0,1.2,47
-0.0741514768791198,8.58049,0.8685441,0.4740879,0.7917391,0.37,10.0,1.2,47
0.0199872711467742,8.726755,0.85447943,0.46486506,0.98699284,0.37,10.0,1.2,47
-0.0999731259441375,8.901785,0.85596853,0.4685557,0.972819,0.37,10.0,1.2,47
-0.0633744106006622,8.767038,0.8427009,0.47239056,0.90068805,0.37,10.0,1.2,47
-0.0410713725757599,8.9139805,0.848508,0.48560724,0.9573842,0.37,10.0,1.2,47
-0.0542405884742736,9.542122,0.8666767,0.47836694,0.93160284,0.37,10.0,1.2,47
-0.0340982510757446,8.941704,0.8724813,0.4661025,0.92900634,0.37,10.0,1.2,47
-0.0480407880067825,9.557042,0.87998474,0.4654963,0.8523028,0.37,10.0,1.2,47
-0.0188880498647689,9.102435,0.8766881,0.46618694,0.8109386,0.37,10.0,1.2,47
-0.0406040242910385,9.625125,0.867656,0.46396226,0.9391962,0.37,10.0,1.2,47
-0.0490142169237136,9.3121,0.8679035,0.47704542,0.87943685,0.37,10.0,1.2,47
-0.0502251804351806,9.079208,0.8646491,0.4748276,0.9257175,0.37,10.0,1.2,47
-0.0624598075866699,8.625946,0.8568007,0.47178495,0.96417284,0.37,10.0,1.2,47
-0.0630430785751342,9.089439,0.8750202,0.46477926,0.89508224,0.37,10.0,1.2,47
-0.0099183800172805,9.008218,0.8559023,0.46561995,0.9607376,0.37,10.0,1.2,47
0.0111335644054412,9.437357,0.8668556,0.46412718,0.9807844,0.37,10.0,1.2,47
-0.0583029836416244,8.794665,0.8621558,0.4776058,0.9041295,0.37,10.0,1.2,47
-0.0583601303529739,9.220544,0.85704195,0.48542714,0.9951637,0.37,10.0,1.2,47
-0.0174363021230697,9.165729,0.880025,0.46340978,0.8124006,0.37,10.0,1.2,47
-0.0340539619302749,8.618939,0.8650556,0.48019665,0.8797195,0.37,10.0,1.2,47
-0.041827574968338,9.5694065,0.8602802,0.46766055,0.99618065,0.37,10.0,1.2,47
-0.0690508572292327,9.1426525,0.85463953,0.47427312,0.87704694,0.37,10.0,1.2,47
-0.0703975688171386,9.3621025,0.8571186,0.4783011,0.8929421,0.37,10.0,1.2,47
-0.0261155132246017,9.0220175,0.8469699,0.4750239,0.95809543,0.37,10.0,1.2,47
-0.0503492243289947,9.131289,0.85828483,0.46708757,0.978467,0.37,10.0,1.2,47
-0.0018560092544555,9.295891,0.85489774,0.4649515,0.95288324,0.37,10.0,1.2,47
-0.0774926575374603,8.963514,0.86004835,0.4786352,0.90751326,0.37,10.0,1.2,47
-0.1297063919734954,8.858839,0.85503304,0.48974696,0.9876989,0.37,10.0,1.2,47
-0.0244536708927154,9.287661,0.86221963,0.47547334,0.89381754,0.37,10.0,1.2,47
-0.0134128863286972,9.0534315,0.85674894,0.4744548,0.9266499,0.37,10.0,1.2,47
-0.0637305571985245,9.002019,0.8547381,0.48127297,0.97370374,0.37,10.0,1.2,47
-0.0136895006990432,8.989022,0.83788544,0.46678603,0.98952746,0.37,10.0,1.2,47
-0.0510823718643188,8.70034,0.8762034,0.47997656,0.89089704,0.37,10.0,1.2,47
-0.0681809027147293,8.296205,0.86883223,0.4651497,0.78702724,0.37,10.0,1.2,47
-0.0534245620012283,8.805318,0.85573554,0.47082505,0.9652821,0.37,10.0,1.2,47
-0.0598665994405746,8.73363,0.880107,0.47635472,0.8203441,0.37,10.0,1.2,47
-0.0524458065748214,9.297786,0.85679287,0.48311776,0.9610615,0.37,10.0,1.2,47
-0.0435487438058853,10.318311,0.84756386,0.46160102,0.99616075,0.37,10.0,1.2,47
-0.0430280258274078,8.6195545,0.8628876,0.46601403,0.8861611,0.37,10.0,1.2,47
-0.0757068520879745,9.114192,0.8559966,0.47611356,0.98318815,0.37,10.0,1.2,47
-0.0684526558828354,9.325915,0.8511838,0.47222006,0.9820235,0.37,10.0,1.2,47
-0.0472465976810455,9.377592,0.8705988,0.4634461,0.9215127,0.37,10.0,1.2,47
-0.0403149376821518,8.815413,0.8585824,0.47333035,0.96375716,0.37,10.0,1.2,47
-0.0755115855789184,9.330776,0.86726487,0.47353178,0.9742751,0.37,10.0,1.2,47
-0.0729795875406265,9.428266,0.85374916,0.4809132,0.93107855,0.37,10.0,1.2,47
-0.1105196330070495,8.539257,0.86585,0.48269022,0.9852457,0.37,10.0,1.2,47
-0.053366155052185,9.258385,0.8621053,0.48255742,0.9592271,0.37,10.0,1.2,47
-0.0810250956773758,9.4367075,0.85974634,0.48710132,0.968905,0.37,10.0,1.2,47
-0.0101368268251419,9.060464,0.86265516,0.4591634,0.99342585,0.37,10.0,1.2,47
-0.1081951728582382,9.117064,0.8578944,0.4843551,0.9350544,0.37,10.0,1.2,47
-0.0927679439401626,9.408124,0.8509438,0.46513093,0.9441633,0.37,10.0,1.2,47
-0.1353343547058105,9.562336,0.867246,0.48119172,0.9250282,0.37,10.0,1.2,47
-0.0420451707077026,9.021488,0.8565458,0.46874678,0.9252547,0.37,10.0,1.2,47
-0.0627816351413727,9.171801,0.86323196,0.46437243,0.9622098,0.37,10.0,1.2,47
-0.0665223059272766,9.050949,0.8512553,0.46111983,0.8943738,0.37,10.0,1.2,47
-0.0355540089464187,9.483293,0.85516167,0.47539067,0.9547659,0.37,10.0,1.2,47
-0.0859138460588455,8.747998,0.859709,0.4831943,0.89841735,0.37,10.0,1.2,47
-0.0427273051214218,9.113799,0.8604747,0.46241617,0.91490126,0.37,10.0,1.2,47
-0.0826754089784622,8.969708,0.8521007,0.4936352,0.95214295,0.37,10.0,1.2,47
-0.0209586950778961,8.4663105,0.8525651,0.46656805,0.98960567,0.37,10.0,1.2,47
-0.02004676653862,9.219595,0.85887873,0.46227577,0.9923116,0.37,10.0,1.2,47
-0.0216299236774444,8.7230015,0.8603304,0.4754385,0.96455324,0.37,10.0,1.2,47
-0.0622548829317093,9.931111,0.8592548,0.477973,0.9912336,0.37,10.0,1.2,47
-0.0734628889656067,9.106491,0.84903586,0.46613416,0.99240696,0.37,10.0,1.2,47
-0.0258579608917236,9.172974,0.85427034,0.47098354,0.8886775,0.37,10.0,1.2,47
-0.0572960517024994,9.585722,0.859128,0.4674731,0.97653496,0.37,10.0,1.2,47
-0.0633837691259384,9.404689,0.8586831,0.46125355,0.9630883,0.37,10.0,1.2,47
-0.0791214420413971,9.060152,0.8539203,0.48029876,0.8997977,0.37,10.0,1.2,47
-0.0145645882320404,9.074751,0.86302006,0.45685703,0.96668994,0.37,10.0,1.2,47
-0.0216501105499267,9.182297,0.8591257,0.47658855,0.91068757,0.37,10.0,1.2,47
-0.0544797856760025,9.125901,0.8592696,0.47533244,0.9588388,0.37,10.0,1.2,47
-0.0639276683092117,9.60875,0.8688012,0.47841075,0.8739902,0.37,10.0,1.2,47
-0.023636508769989,8.950649,0.8627728,0.46309274,0.95139587,0.37,10.0,1.2,47
-0.0526297234773635,8.950009,0.8724766,0.48517805,0.84764063,0.37,10.0,1.2,47
-0.0956617344856262,9.171696,0.8676605,0.47881815,0.9745451,0.37,10.0,1.2,47
-0.0463472374534607,9.204033,0.85286725,0.46925208,0.9329127,0.37,10.0,1.2,47
0.0036760128402709,9.392326,0.8553684,0.46637505,0.9318886,0.37,10.0,1.2,47
-0.0234798769092559,8.533686,0.85801816,0.47432774,0.9724076,0.37,10.0,1.2,47
-0.0680828918886184,9.1643915,0.84793407,0.48937944,0.97870433,0.37,10.0,1.2,47
-0.0046562705516815,9.08927,0.8598976,0.48060971,0.91152084,0.37,10.0,1.2,47
-0.0472227363348007,9.053855,0.8583977,0.46309713,0.9986936,0.37,10.0,1.2,47
-0.0510192416858673,9.223581,0.8651098,0.47299358,0.9692236,0.37,10.0,1.2,47
-0.0947977049446106,8.791588,0.86985534,0.4863595,0.91735077,0.37,10.0,1.2,47
-0.0706515896081924,9.04036,0.86959934,0.50065696,0.9702157,0.37,10.0,1.2,47
-0.0704903461551666,8.687742,0.84503096,0.48579043,0.95388186,0.37,10.0,1.2,47
-0.0457540029001236,9.1781435,0.85128164,0.4654271,0.9115442,0.37,10.0,1.2,47
-0.07501170525074,9.130555,0.8617164,0.477466,0.91695833,0.37,10.0,1.2,47
-0.0305517718029022,8.840719,0.8621801,0.4754005,0.9597976,0.37,10.0,1.2,47
-0.0203268031311035,8.653656,0.8417318,0.4783169,0.9019419,0.37,10.0,1.2,47
-0.0381625333023071,9.096428,0.8618057,0.46959752,0.78857875,0.37,10.0,1.2,47
-0.0445142865896225,9.073958,0.86447406,0.46816862,0.91897583,0.37,10.0,1.2,47
-0.0701859929418564,9.09138,0.86437005,0.4561228,0.89973986,0.37,10.0,1.2,47
-0.0266255024909973,9.092731,0.86007303,0.46994725,0.9099599,0.37,10.0,1.2,47
-0.0766215155601501,9.739437,0.8627725,0.46502584,0.91633284,0.37,10.0,1.2,47
-0.0547075618934631,8.879963,0.8647328,0.47157568,0.9928961,0.37,10.0,1.2,47
-0.0334033690452575,9.411602,0.8599121,0.46214557,0.9611815,0.37,10.0,1.2,47
-0.0842973826503753,9.1622715,0.85508865,0.47856027,0.92461705,0.37,10.0,1.2,47
-0.0711961842775344,9.07824,0.86019146,0.4741088,0.936409,0.37,10.0,1.2,47
-0.0643616379356384,9.0575485,0.8581627,0.47039753,0.9471642,0.37,10.0,1.2,47
-0.0590625399780273,8.889404,0.8410482,0.47449175,0.97309446,0.37,10.0,1.2,47
-0.042835080537796,9.324854,0.8642848,0.46440715,0.9745554,0.37,10.0,1.2,47
-0.0514269855451584,9.359637,0.8619963,0.46624953,0.9817512,0.37,10.0,1.2,47
-0.0915986549139022,8.971705,0.85787684,0.47635746,0.9505404,0.37,10.0,1.2,47
-0.0746987374639511,8.895286,0.84645027,0.47178522,0.98341453,0.37,10.0,1.2,47
-0.0453707546806335,8.759411,0.8616762,0.47016266,0.95237577,0.37,10.0,1.2,47
0.0113812813758849,8.700085,0.85433805,0.46005014,0.97310066,0.37,10.0,1.2,47
-0.0314723757505417,9.167838,0.87066025,0.4765549,0.94927144,0.37,10.0,1.2,47
-0.1712940742015838,9.373159,0.8573771,0.4936303,0.99265397,0.37,10.0,1.2,47
-0.057741570944786,8.788825,0.8654289,0.46381038,0.9693787,0.37,10.0,1.2,47
-0.0430545913934707,8.978372,0.8620608,0.4679546,0.97331655,0.37,10.0,1.2,47
-0.0279765285444259,8.875915,0.8704331,0.46871728,0.80497277,0.37,10.0,1.2,47
-0.0780126689291,9.37279,0.85727143,0.4725568,0.9205049,0.37,10.0,1.2,47
-0.0571550331115722,8.858013,0.84838533,0.4768489,0.9508227,0.37,10.0,1.2,47
-0.0170154415798187,8.882872,0.86407644,0.47243828,0.875782,0.37,10.0,1.2,47
-0.0467696605539322,9.083112,0.8594403,0.4762962,0.98021746,0.37,10.0,1.2,47
-0.0525196234464645,9.240546,0.8708122,0.47547746,0.8361927,0.37,10.0,1.2,47
-0.0304233652114868,9.733086,0.8673936,0.4599224,0.91542685,0.37,10.0,1.2,47
-0.050202511138916,9.563862,0.84887695,0.46912092,0.9949113,0.37,10.0,1.2,47
-0.0885441885948181,8.440762,0.84881324,0.47397685,0.9615631,0.37,10.0,1.2,47
-0.0386574752664566,8.820432,0.8637932,0.48782742,0.9597775,0.37,10.0,1.2,47
-0.0570661218881607,9.228311,0.8573652,0.47870883,0.9700413,0.37,10.0,1.2,47
-0.0985756522369384,9.028412,0.8702148,0.48000905,0.89473164,0.37,10.0,1.2,47
-0.0580356457090377,8.841041,0.8578428,0.4782164,0.94426763,0.37,10.0,1.2,47
-0.0619104516267776,8.932595,0.85463285,0.4702861,0.93596864,0.37,10.0,1.2,47
-0.0311868254184723,9.244127,0.8713515,0.47272673,0.8378458,0.37,10.0,1.2,47
-0.04175616106987,9.301977,0.8556433,0.45684394,0.9779531,0.37,10.0,1.2,47
-0.0597194663715362,9.151712,0.85388476,0.46853134,0.98247635,0.37,10.0,1.2,47
-0.0654172200632095,8.505784,0.8614659,0.46343374,0.90991366,0.37,10.0,1.2,47
-0.0606018850660324,8.9655905,0.868726,0.47401756,0.9996996,0.37,10.0,1.2,47
-0.0023782522058487,8.7217455,0.85240996,0.47693887,0.9280937,0.37,10.0,1.2,47
-0.0647105001783371,9.050906,0.85927147,0.47703174,0.9201486,0.37,10.0,1.2,47
-0.0415806310653686,9.266033,0.86072016,0.46169847,0.93837976,0.37,10.0,1.2,47
-0.0583711817836761,8.931864,0.859545,0.47367725,0.937819,0.37,10.0,1.2,47
-0.0976832315063476,9.445541,0.84861463,0.4779346,0.9322591,0.37,10.0,1.2,47
-0.0384567576026916,9.005726,0.8517092,0.45973867,0.9595046,0.37,10.0,1.2,47
-0.0655127317667007,9.2493105,0.8634794,0.47527367,0.89692473,0.37,10.0,1.2,47
-0.0761144976329803,8.9054165,0.84804416,0.46243918,0.99989295,0.37,10.0,1.2,47
-0.0579810178518295,8.733268,0.8746377,0.46646917,0.8905629,0.37,10.0,1.2,47
-0.0745631168222427,8.878797,0.85394704,0.47603595,0.83371437,0.37,10.0,1.2,47
0.0012842854642867,9.281381,0.86068666,0.46447504,0.9210769,0.37,10.0,1.2,47
0.0005214528322219,9.242377,0.8631995,0.46718436,0.92953587,0.37,10.0,1.2,47
-0.0207857441997528,8.765982,0.8571793,0.46917212,0.9737792,0.37,10.0,1.2,47
-0.0563996151208877,8.571801,0.8661348,0.4800955,0.9487095,0.37,10.0,1.2,47
-0.0948221818637848,9.189383,0.87565756,0.4729665,0.9219284,0.37,10.0,1.2,47
-0.0721848099470138,9.354491,0.86792666,0.48189187,0.91312945,0.37,10.0,1.2,47
-0.0614368115186691,8.853946,0.8463774,0.47853005,0.9973097,0.37,10.0,1.2,47
-0.0942729981279373,9.17043,0.86758876,0.4761368,0.95478797,0.37,10.0,1.2,47
-0.0609075840091705,8.805883,0.82862085,0.4720537,0.9757657,0.37,10.0,1.2,47
-0.073675586938858,8.334684,0.8516241,0.47268164,0.9584054,0.37,10.0,1.2,47
-0.0378083214139938,8.968223,0.8557167,0.46592423,0.9163315,0.37,10.0,1.2,47
-0.0412804726696014,8.969515,0.85499215,0.4734005,0.991447,0.37,10.0,1.2,47
-0.0727346863746643,9.334755,0.863157,0.47523263,0.95582664,0.37,10.0,1.2,47
-0.0721793581342697,9.296916,0.85476476,0.48250794,0.9765601,0.37,10.0,1.2,47
-0.0720037836551666,9.661303,0.86451507,0.4965421,0.9056629,0.37,10.0,1.2,47
-0.1234878460359573,9.121438,0.8599781,0.479345,0.9845048,0.37,10.0,1.2,47
-0.0487756537294387,8.944104,0.87703836,0.4605399,0.68622494,0.37,10.0,1.2,47
-0.0915329712629318,9.024978,0.8554626,0.4640269,0.9056032,0.37,10.0,1.2,47
-0.0184068261814117,9.531847,0.8553376,0.4570719,0.9968151,0.37,10.0,1.2,47
-0.0863882417869568,9.538361,0.8583915,0.47812632,0.9742632,0.37,10.0,1.2,47
-0.0483086466264724,9.61958,0.8684157,0.4785765,0.94642925,0.37,10.0,1.2,47
-0.0411567555189132,9.436641,0.86876965,0.46529087,0.9418838,0.37,10.0,1.2,47
-0.0395729262781143,8.978082,0.8445926,0.4717935,0.9524101,0.37,10.0,1.2,47
-0.0490023947715759,9.141903,0.86283255,0.47088966,0.9548645,0.37,10.0,1.2,47
-0.0278446055412292,9.103756,0.8732978,0.47155234,0.8911438,0.37,10.0,1.2,47
-0.0789323301076889,9.446006,0.86149096,0.47511363,0.9307507,0.37,10.0,1.2,47
-0.0567001776647567,9.0949545,0.8762894,0.4660898,0.74100554,0.37,10.0,1.2,47
-0.0586338741970062,9.407469,0.8782315,0.47948796,0.84817874,0.37,10.0,1.2,47
-0.0428054388713836,9.094168,0.8640363,0.4779133,0.96927536,0.37,10.0,1.2,47
-0.0028213116645813,9.421406,0.8605639,0.4586208,0.9225259,0.37,10.0,1.2,47
-0.0452382752180099,9.335341,0.8569878,0.48023337,0.96907055,0.37,10.0,1.2,47
-0.0299991041135788,9.134513,0.8536277,0.47034135,0.980024,0.37,10.0,1.2,47
-0.0136427529907226,9.266022,0.8578876,0.46883887,0.9157398,0.37,10.0,1.2,47
-0.0708839032125473,8.5639105,0.8592484,0.47649837,0.96339405,0.37,10.0,1.2,47
-0.0225190309762954,8.8283205,0.85420144,0.47501534,0.97961855,0.37,10.0,1.2,47
-0.0708862877941131,9.254721,0.84821725,0.4863238,0.93751776,0.37,10.0,1.2,47
-0.0354131291723251,8.963664,0.873474,0.47407568,0.8686893,0.37,10.0,1.2,47
-0.061126404094696,9.012642,0.85705376,0.47134358,0.8797003,0.37,10.0,1.2,47
-0.0655399593448639,9.190672,0.86762536,0.47535482,0.89309275,0.37,10.0,1.2,47
-0.0404189196825027,9.2500925,0.8600278,0.47528136,0.9948311,0.37,10.0,1.2,47
-0.0636967598438263,9.263296,0.8676446,0.46521264,0.90249336,0.37,10.0,1.2,47
-0.0365832802629471,9.323228,0.86113286,0.46401983,0.9614012,0.37,10.0,1.2,47
-0.0665906832885742,9.429108,0.8571215,0.47273302,0.9737402,0.37,10.0,1.2,47
-0.0550400957822799,8.763843,0.87100786,0.47111854,0.78888035,0.37,10.0,1.2,47
-0.0477924622964859,9.115754,0.867255,0.470687,0.91370475,0.37,10.0,1.2,47
-0.043992646741867,8.911886,0.8626291,0.4681337,0.94421387,0.37,10.0,1.2,47
-0.0739689778327942,9.356041,0.8511263,0.4680096,0.96544826,0.37,10.0,1.2,47
-0.0595823475122451,9.312463,0.85048807,0.46750033,0.93986106,0.37,10.0,1.2,47
-0.043828531665802,9.307209,0.8696492,0.46293652,0.9029064,0.37,10.0,1.2,47
-0.0349153926134109,9.1654825,0.87283766,0.47404474,0.8261689,0.37,10.0,1.2,47
-0.0661273882627487,9.424491,0.8572899,0.47865152,0.962893,0.37,10.0,1.2,47
-0.0411079928159713,8.830371,0.8504715,0.47008646,0.9868251,0.37,10.0,1.2,47
-0.0648560368490219,8.425818,0.8483801,0.47357452,0.98083556,0.37,10.0,1.2,47
-0.0448701474380493,8.874565,0.86922663,0.47421703,0.91089666,0.37,10.0,1.2,47
-0.0524452518320083,9.699414,0.8679548,0.47919127,0.83037484,0.37,10.0,1.2,47
-0.021945088148117,9.001684,0.86068475,0.46704194,0.9531367,0.37,10.0,1.2,47
-0.0605375265693664,8.973892,0.8599428,0.48534834,0.9766325,0.37,10.0,1.2,47
-0.0719795510721206,9.2123995,0.859937,0.48170808,0.9451903,0.37,10.0,1.2,47
-0.069673725862503,9.424444,0.8508682,0.46948922,0.9884746,0.37,10.0,1.2,47
-0.0962171309232712,9.921451,0.8622558,0.4833724,0.96057355,0.37,10.0,1.2,47
-0.0062299892663955,8.974843,0.8651974,0.47052768,0.94963324,0.37,10.0,1.2,47
-0.039245681066513,9.911772,0.86368155,0.47593534,0.91851723,0.37,10.0,1.2,47
-0.0700157209253311,9.44341,0.86551845,0.47783664,0.95771337,0.37,10.0,1.2,47
-0.0663550450277328,9.515582,0.8513082,0.47455224,0.9485769,0.37,10.0,1.2,47
-0.0542202934217453,9.871169,0.87184966,0.47256678,0.92014575,0.37,10.0,1.2,47
-0.0660936054086685,9.1751795,0.852679,0.4683037,0.96676624,0.37,10.0,1.2,47
-0.0094267986631393,9.014686,0.8536917,0.468577,0.9654262,0.37,10.0,1.2,47
-0.0043886039686203,8.511916,0.8546112,0.46677727,0.9106349,0.37,10.0,1.2,47
-0.0768976606464386,8.923548,0.87095463,0.48170343,0.80852747,0.37,10.0,1.2,47
-0.0817210159301757,8.621979,0.86064696,0.47917885,0.94217515,0.37,10.0,1.2,47
-0.0534089690160751,8.915645,0.86367357,0.47465327,0.93522584,0.37,10.0,1.2,47
-0.0598832175827026,8.928631,0.860093,0.47167814,0.9224316,0.37,10.0,1.2,47
-0.0345609200334549,8.891862,0.86572653,0.46244043,0.9686667,0.37,10.0,1.2,47
-0.028184850821495,8.814738,0.84679693,0.4767654,0.9341104,0.37,10.0,1.2,47
-0.0409899620485305,9.373437,0.8572687,0.4684836,0.9910606,0.37,10.0,1.2,47
-0.0730430019950866,9.199169,0.8612639,0.48411936,0.9455731,0.37,10.0,1.2,47
-0.028478470749855,8.767758,0.8512245,0.48210138,0.9485278,0.37,10.0,1.2,47
-0.0338714901542663,9.1376,0.854217,0.48002255,0.9708177,0.37,10.0,1.2,47
-0.0121075466156005,9.116362,0.8669646,0.5729349,0.9402411,0.37,10.0,1.2,48
0.0012471973896026,8.584857,0.8673241,0.55801904,0.93113947,0.37,10.0,1.2,48
-0.0212256971359252,8.965689,0.86682445,0.571876,0.9712653,0.37,10.0,1.2,48
-0.0083684850215911,8.80564,0.8810639,0.5723197,0.84957814,0.37,10.0,1.2,48
0.0264820224285125,8.906766,0.8568933,0.5622168,0.9718276,0.37,10.0,1.2,48
0.0275540585517883,8.818464,0.884356,0.56823695,0.81884205,0.37,10.0,1.2,48
0.0512048704147338,8.967388,0.8648423,0.5560827,0.9732727,0.37,10.0,1.2,48
0.0346106490135192,9.221369,0.8712238,0.57395583,0.9779662,0.37,10.0,1.2,48
0.0372175357341766,9.253278,0.883952,0.5580333,0.8144392,0.37,10.0,1.2,48
0.0506337441921234,8.837884,0.8535026,0.557416,0.9836334,0.37,10.0,1.2,48
0.0123992055892944,8.839031,0.87598807,0.5762192,0.899153,0.37,10.0,1.2,48
0.0570300419330596,8.907847,0.8508004,0.5523158,0.95945203,0.37,10.0,1.2,48
0.029738458776474,8.80581,0.8609945,0.55851805,0.96281755,0.37,10.0,1.2,48
0.0734747842788696,9.081493,0.8734229,0.5557858,0.94595635,0.37,10.0,1.2,48
0.0110940470695495,8.543024,0.8764333,0.5598107,0.9211372,0.37,10.0,1.2,48
0.0536388757228851,9.116731,0.877483,0.5625983,0.91468644,0.37,10.0,1.2,48
0.0242139276504516,9.060818,0.87566376,0.5654251,0.9442222,0.37,10.0,1.2,48
0.0095858088970184,8.697186,0.8576301,0.5637055,0.9898038,0.37,10.0,1.2,48
-0.005997529554367,8.329213,0.858063,0.5632084,0.9872668,0.37,10.0,1.2,48
-0.0117284181594848,9.068964,0.8692487,0.5746569,0.9285588,0.37,10.0,1.2,48
0.07190458984375,9.305809,0.863392,0.54693514,0.9581708,0.37,10.0,1.2,48
-0.0058152568817138,8.635195,0.87075657,0.56986517,0.7953708,0.37,10.0,1.2,48
0.065721845626831,8.586884,0.8779915,0.55213314,0.9112613,0.37,10.0,1.2,48
0.0457045292854309,8.884573,0.8711027,0.56481594,0.98749304,0.37,10.0,1.2,48
0.0444924563884735,9.088338,0.87116337,0.55824953,0.9993553,0.37,10.0,1.2,48
0.00743631234169,8.9775,0.8762752,0.5592182,0.86407983,0.37,10.0,1.2,48
0.0519214303493499,8.63276,0.8504905,0.56614333,0.98958933,0.37,10.0,1.2,48
0.0046064764976501,8.974016,0.873389,0.55835205,0.92529094,0.37,10.0,1.2,48
0.0463713587760925,8.738161,0.883798,0.565611,0.8750073,0.37,10.0,1.2,48
-0.0450543737411499,9.375429,0.88602597,0.56918997,0.89229417,0.37,10.0,1.2,48
0.0309549235343933,8.733049,0.87172365,0.5485124,0.9100965,0.37,10.0,1.2,48
0.058609131526947,9.079798,0.86764246,0.5555844,0.9947417,0.37,10.0,1.2,48
0.0392972644805908,8.649307,0.88062006,0.55900544,0.8050785,0.37,10.0,1.2,48
0.0328607017993927,8.485751,0.8811661,0.56533974,0.7363144,0.37,10.0,1.2,48
0.0712532805919647,8.770497,0.86932474,0.55025434,0.85742056,0.37,10.0,1.2,48
0.0290551396846771,8.843881,0.86637515,0.56450236,0.9997053,0.37,10.0,1.2,48
0.067943161869049,8.83782,0.8718231,0.5709196,0.98102856,0.37,10.0,1.2,48
0.00794447889328,8.787409,0.87599075,0.56470305,0.9383701,0.37,10.0,1.2,48
0.0581994025707244,9.51447,0.86507875,0.56371605,0.9953115,0.37,10.0,1.2,48
0.0638909778118133,9.190534,0.8673782,0.55061316,0.9965422,0.37,10.0,1.2,48
0.0138293608665466,8.7842045,0.86769915,0.5567389,0.987831,0.37,10.0,1.2,48
0.0177540470600128,9.161426,0.8718099,0.5593801,0.8511795,0.37,10.0,1.2,48
0.0638015792369842,8.855214,0.8847983,0.5624073,0.9040139,0.37,10.0,1.2,48
-0.036171331167221,8.732781,0.86549014,0.56567997,0.9880786,0.37,10.0,1.2,48
0.0236602003097534,9.037769,0.88286585,0.5759071,0.9118755,0.37,10.0,1.2,48
0.0270342757701873,8.4812975,0.8621418,0.5671349,0.9798515,0.37,10.0,1.2,48
0.0183166320323944,8.825498,0.8771484,0.5607304,0.865116,0.37,10.0,1.2,48
0.0472874352931976,9.013619,0.86965185,0.5545195,0.9236573,0.37,10.0,1.2,48
0.0503516821861267,8.605738,0.8628998,0.5517121,0.98114693,0.37,10.0,1.2,48
0.0433448438644409,8.728428,0.8662522,0.56337756,0.955639,0.37,10.0,1.2,48
0.0705706080436706,8.801752,0.860261,0.5579527,0.97673404,0.37,10.0,1.2,48
0.0709093694686889,8.275433,0.8601023,0.5670722,0.9317434,0.37,10.0,1.2,48
0.0143161436557769,8.826667,0.86846006,0.56045854,0.87846005,0.37,10.0,1.2,48
0.0033276599884033,9.173103,0.874836,0.56879246,0.9692756,0.37,10.0,1.2,48
0.0172809480667114,9.270588,0.860101,0.57185894,0.9843985,0.37,10.0,1.2,48
0.0157221485614776,8.718921,0.8651135,0.57376486,0.9636091,0.37,10.0,1.2,48
0.0278435517787933,8.9523325,0.8703322,0.56443,0.8574027,0.37,10.0,1.2,48
0.0095217622756958,8.669163,0.8557471,0.57782847,0.9143745,0.37,10.0,1.2,48
-0.0082179268360137,9.671079,0.87663895,0.577334,0.9705783,0.37,10.0,1.2,48
0.0698493108749389,9.287586,0.86529225,0.5644743,0.8513254,0.37,10.0,1.2,48
0.0118841407299041,9.003797,0.8872726,0.5591463,0.7697047,0.37,10.0,1.2,48
0.0671116432666778,8.771632,0.8672828,0.55030423,0.953845,0.37,10.0,1.2,48
0.0631812107086181,8.661278,0.8664036,0.5628177,0.9494448,0.37,10.0,1.2,48
0.0231688732147216,8.240219,0.86482996,0.5737542,0.9772643,0.37,10.0,1.2,48
0.0703238351345062,9.0273905,0.8634947,0.5596201,0.9883028,0.37,10.0,1.2,48
-0.0727331621646881,9.396882,0.87074846,0.58059794,0.97755,0.37,10.0,1.2,48
0.0092194754123687,9.42752,0.86366755,0.56711537,0.9917401,0.37,10.0,1.2,48
-0.0008286343574523,8.938242,0.8694462,0.5576704,0.9260901,0.37,10.0,1.2,48
-0.005708256816864,8.578039,0.86420995,0.5607828,0.9160359,0.37,10.0,1.2,48
0.0263517264366149,8.967958,0.8682114,0.56429374,0.9788275,0.37,10.0,1.2,48
0.0195603381633758,8.819905,0.89133227,0.56619316,0.76229525,0.37,10.0,1.2,48
0.0341237575054168,9.044667,0.86431885,0.56055593,0.9584675,0.37,10.0,1.2,48
0.0126111228466033,8.587651,0.85686505,0.55993867,0.91580963,0.37,10.0,1.2,48
0.0012895464897155,9.099245,0.878469,0.5707862,0.8848089,0.37,10.0,1.2,48
0.0043585350513458,8.926425,0.865781,0.5612932,0.99754846,0.37,10.0,1.2,48
0.0262366073131561,8.539052,0.8602617,0.56510115,0.9577422,0.37,10.0,1.2,48
0.0569460809230804,9.359002,0.86777896,0.57327557,0.9124452,0.37,10.0,1.2,48
0.0509427578449249,9.085994,0.87472105,0.5626948,0.8880322,0.37,10.0,1.2,48
-0.0236301353931427,8.706695,0.8644979,0.5704989,0.99389946,0.37,10.0,1.2,48
-0.040865643787384,9.171274,0.8667951,0.57091904,0.944795,0.37,10.0,1.2,48
0.0083008856296539,8.558333,0.8617766,0.5829295,0.9591141,0.37,10.0,1.2,48
-0.021496553993225,8.177229,0.86561984,0.5748272,0.9486283,0.37,10.0,1.2,48
0.0302454399108886,8.943192,0.8611373,0.56235677,0.8994845,0.37,10.0,1.2,48
0.0241938334941864,8.91573,0.8693788,0.571769,0.9238347,0.37,10.0,1.2,48
0.0077892348766326,8.599629,0.87288594,0.56851166,0.88229656,0.37,10.0,1.2,48
0.0226769401550292,8.525818,0.869726,0.563561,0.92674863,0.37,10.0,1.2,48
0.0492213680744171,8.154521,0.8591387,0.55989796,0.9517709,0.37,10.0,1.2,48
0.0251990332126617,9.000152,0.881142,0.5712576,0.79733944,0.37,10.0,1.2,48
0.0025414211273193,8.23735,0.8656989,0.5766846,0.97608817,0.37,10.0,1.2,48
0.0274452638149261,8.945115,0.8872163,0.5803738,0.8362329,0.37,10.0,1.2,48
0.0505156364440918,8.770523,0.87705994,0.56255966,0.85425425,0.37,10.0,1.2,48
-0.0408349405288696,8.7421665,0.8659494,0.574054,0.8711666,0.37,10.0,1.2,48
-0.0151751378059387,9.462212,0.8789685,0.58245164,0.94857395,0.37,10.0,1.2,48
-0.0043321279048919,8.954984,0.8754879,0.5801934,0.9472934,0.37,10.0,1.2,48
0.0473147655963897,8.602954,0.8519328,0.5575324,0.99481905,0.37,10.0,1.2,48
0.0068342959880828,9.239697,0.87033886,0.5597747,0.9658103,0.37,10.0,1.2,48
0.0448717934608459,9.096373,0.8793402,0.550904,0.8096781,0.37,10.0,1.2,48
0.009355675125122,8.976532,0.8576112,0.5627093,0.9851588,0.37,10.0,1.2,48
0.0219032143592834,8.921209,0.8775759,0.5715106,0.8066355,0.37,10.0,1.2,48
0.0732573997974395,9.245563,0.8750318,0.56152445,0.9000596,0.37,10.0,1.2,48
0.0149869844436645,8.87389,0.8788511,0.5458563,0.88368356,0.37,10.0,1.2,48
-0.0047677598953247,8.591915,0.8703335,0.57478124,0.9834014,0.37,10.0,1.2,48
0.0549851230621337,8.736168,0.87110794,0.56122154,0.9499115,0.37,10.0,1.2,48
0.0476091609001159,8.68844,0.85697186,0.5669201,0.95238686,0.37,10.0,1.2,48
0.0344524461269378,8.475038,0.8580218,0.5685256,0.987556,0.37,10.0,1.2,48
-0.0216660948753356,8.797346,0.86866623,0.56599915,0.9099797,0.37,10.0,1.2,48
-0.0072226359844207,8.796563,0.8653629,0.55332524,0.9470426,0.37,10.0,1.2,48
-0.0013237695693969,9.051495,0.8683479,0.56808335,0.9248681,0.37,10.0,1.2,48
0.0200608722686767,8.766487,0.8645873,0.5730513,0.96500695,0.37,10.0,1.2,48
0.0359295432567596,8.911176,0.867505,0.5621676,0.9692291,0.37,10.0,1.2,48
-0.0632261315345764,8.441025,0.8669652,0.57788914,0.9819958,0.37,10.0,1.2,48
-0.0036725843906402,8.821193,0.86482936,0.56732124,0.94256437,0.37,10.0,1.2,48
0.0136891224384307,8.8188505,0.87610364,0.57171494,0.8756772,0.37,10.0,1.2,48
0.0457386924743652,9.412735,0.8724181,0.55904084,0.86494124,0.37,10.0,1.2,48
0.0617526130199432,9.018949,0.86031526,0.5677673,0.9957236,0.37,10.0,1.2,48
-0.0331274817466735,9.077423,0.88482106,0.57243615,0.9254688,0.37,10.0,1.2,48
0.0280465485572814,9.5204525,0.8647083,0.56883633,0.9872544,0.37,10.0,1.2,48
0.0176989576816558,8.914962,0.8779159,0.57902473,0.96348095,0.37,10.0,1.2,48
0.0431929005622863,8.742262,0.8621004,0.5595955,0.8859073,0.37,10.0,1.2,48
0.0095962378978729,8.943143,0.8549353,0.5655369,0.98600054,0.37,10.0,1.2,48
-0.0006407549858093,8.855627,0.86396956,0.5631273,0.9822272,0.37,10.0,1.2,48
8.083486557008968e-06,8.973924,0.8796455,0.56746984,0.80413437,0.37,10.0,1.2,48
0.0460031752586364,8.6518955,0.8589002,0.55689687,0.95835066,0.37,10.0,1.2,48
-0.0127855203151702,9.497628,0.86977625,0.5635673,0.99153686,0.37,10.0,1.2,48
0.0380604147911071,9.082079,0.8726204,0.55922717,0.9129075,0.37,10.0,1.2,48
0.006344660949707,9.2561035,0.8655462,0.5690953,0.9301772,0.37,10.0,1.2,48
-0.019961422252655,9.029272,0.8703561,0.58613735,0.9682586,0.37,10.0,1.2,48
0.0352073832988739,8.803159,0.87867695,0.5619048,0.84263337,0.37,10.0,1.2,48
0.0550775096416473,8.884778,0.8752843,0.5676856,0.9326767,0.37,10.0,1.2,48
-0.014751795053482,8.8778925,0.8623999,0.5597115,0.92262125,0.37,10.0,1.2,48
0.0445202714443206,8.464738,0.8725811,0.56530225,0.9902854,0.37,10.0,1.2,48
-0.031076036787033,9.062139,0.8773055,0.5660252,0.9731345,0.37,10.0,1.2,48
-0.0011421689987182,9.135637,0.8871243,0.5587596,0.94476795,0.37,10.0,1.2,48
0.0052390999794006,9.260778,0.870681,0.573464,0.94344175,0.37,10.0,1.2,48
0.0295372778415679,9.11605,0.87462986,0.5590373,0.884061,0.37,10.0,1.2,48
0.0335489838123321,9.135623,0.8589953,0.5605636,0.97380984,0.37,10.0,1.2,48
0.0629000329017639,8.8498745,0.86245203,0.54908633,0.87470865,0.37,10.0,1.2,48
0.0170277280807495,8.88422,0.86224914,0.5639909,0.9980502,0.37,10.0,1.2,48
0.0403997094631195,8.874993,0.85492563,0.5583978,0.9999263,0.37,10.0,1.2,48
0.0077683992385864,8.595829,0.86213213,0.57257867,0.9726951,0.37,10.0,1.2,48
0.0202316703796386,8.938751,0.8651407,0.56096935,0.9068332,0.37,10.0,1.2,48
0.0017973260879516,8.720608,0.8713854,0.57196003,0.843776,0.37,10.0,1.2,48
-0.0289414112567901,8.785205,0.8761074,0.56732005,0.85800016,0.37,10.0,1.2,48
0.0010497648715972,8.368545,0.8836962,0.55954605,0.8300452,0.37,10.0,1.2,48
-0.0030485301971435,9.212156,0.8628172,0.5601243,0.95367396,0.37,10.0,1.2,48
0.0131019546031951,8.506108,0.86937165,0.5727869,0.96006966,0.37,10.0,1.2,48
-0.0033773636817932,8.8692665,0.8599609,0.5676692,0.9968921,0.37,10.0,1.2,48
0.038185207748413,9.046188,0.8694535,0.560283,0.8988608,0.37,10.0,1.2,48
0.0497567791938781,8.972578,0.866481,0.5488469,0.95887756,0.37,10.0,1.2,48
0.006533480644226,8.780804,0.8730236,0.56679684,0.93489575,0.37,10.0,1.2,48
-0.0014741857528686,8.796957,0.8630822,0.56054527,0.98044884,0.37,10.0,1.2,48
0.0208440882205963,8.67755,0.86305976,0.5658821,0.9359648,0.37,10.0,1.2,48
-0.0106152525424957,8.836434,0.86616516,0.5671302,0.9634912,0.37,10.0,1.2,48
0.0361143716812133,8.828884,0.88211447,0.5643481,0.8565842,0.37,10.0,1.2,48
0.0046340887546539,9.218497,0.8790543,0.5797345,0.9406469,0.37,10.0,1.2,48
0.0262757882118225,9.049803,0.86989444,0.56343484,0.95140433,0.37,10.0,1.2,48
0.0046790303707122,8.610528,0.8637297,0.56068045,0.99407816,0.37,10.0,1.2,48
0.0359776569843292,8.86159,0.8685663,0.55707127,0.9634745,0.37,10.0,1.2,48
0.0379009599208831,8.956826,0.85555035,0.55049294,0.99735224,0.37,10.0,1.2,48
0.0436573635578155,8.65182,0.8717738,0.5632147,0.8839755,0.37,10.0,1.2,48
-0.0252460430145263,8.981102,0.8584899,0.5698066,0.9725977,0.37,10.0,1.2,48
0.0243186015605926,8.784307,0.86535525,0.56382376,0.9616803,0.37,10.0,1.2,48
0.001757302236557,9.226258,0.87112725,0.56100124,0.9856472,0.37,10.0,1.2,48
0.0161018966674804,8.7742,0.8909467,0.5732639,0.8772067,0.37,10.0,1.2,48
0.0443053386211395,8.804097,0.86438406,0.5448366,0.96923304,0.37,10.0,1.2,48
-0.0175860064029693,8.431582,0.87800014,0.5671839,0.93644583,0.37,10.0,1.2,48
0.0584601747989654,8.8258505,0.865326,0.55295235,0.95507085,0.37,10.0,1.2,48
0.010513175868988,9.448458,0.8645499,0.56489235,0.973961,0.37,10.0,1.2,48
0.0186088649749755,8.982399,0.87710804,0.567385,0.8720155,0.37,10.0,1.2,48
0.0248332118988037,9.139442,0.870721,0.5694964,0.8056103,0.37,10.0,1.2,48
0.0113906879425048,9.032898,0.8690631,0.5756902,0.9158937,0.37,10.0,1.2,48
0.053277965259552,9.009016,0.8730875,0.55470043,0.79979277,0.37,10.0,1.2,48
0.0446519112586975,8.870268,0.869344,0.55333847,0.9791454,0.37,10.0,1.2,48
-0.0095583632946014,9.05922,0.87518275,0.5718096,0.8938757,0.37,10.0,1.2,48
0.0087134906768798,9.136246,0.85217667,0.5564985,0.9601393,0.37,10.0,1.2,48
0.0168086133003234,9.2958355,0.8806845,0.57584,0.946278,0.37,10.0,1.2,48
0.044235986661911,8.926671,0.86216646,0.5611164,0.97040546,0.37,10.0,1.2,48
-0.0126088658332824,9.040171,0.8653511,0.56738514,0.9752376,0.37,10.0,1.2,48
-0.0230157304286956,8.635171,0.8719612,0.56800807,0.995486,0.37,10.0,1.2,48
0.0154413149356842,9.172072,0.8774749,0.5673045,0.9366573,0.37,10.0,1.2,48
0.0024426388740539,8.561087,0.8694552,0.56191546,0.9581022,0.37,10.0,1.2,48
0.058235087776184,8.682667,0.8744645,0.566001,0.8865564,0.37,10.0,1.2,48
-0.0150213278293609,8.522645,0.86438096,0.57154465,0.95292616,0.37,10.0,1.2,48
0.0564178614139556,9.418586,0.87436473,0.566155,0.95211744,0.37,10.0,1.2,48
0.0186550187587738,9.162934,0.8610293,0.5729789,0.9039341,0.37,10.0,1.2,48
0.073926549577713,9.176608,0.8782169,0.5617826,0.84517,0.37,10.0,1.2,48
0.0504621297836303,9.020985,0.8691366,0.56564033,0.9925972,0.37,10.0,1.2,48
0.0206550554752349,9.249976,0.87538284,0.56857514,0.90522146,0.37,10.0,1.2,48
-0.0060193264961242,8.826836,0.86488795,0.5605661,0.90986407,0.37,10.0,1.2,48
0.0205575202941894,8.354965,0.88373566,0.5632623,0.9437376,0.37,10.0,1.2,48
0.0324449352264404,9.280716,0.85461223,0.56747776,0.99372876,0.37,10.0,1.2,48
0.077335064792633,8.975302,0.85629636,0.55262786,0.99439454,0.37,10.0,1.2,48
0.0186347245693206,8.333047,0.8692347,0.5656727,0.88725126,0.37,10.0,1.2,48
0.0177510408878326,9.014228,0.8695884,0.565167,0.9547787,0.37,10.0,1.2,48
0.0436000797271728,8.656166,0.87789494,0.56039417,0.9073206,0.37,10.0,1.2,48
0.0408595022678375,8.8917,0.8687114,0.5624229,0.99158454,0.37,10.0,1.2,48
0.0369155647754669,9.095035,0.8732548,0.5644106,0.905548,0.37,10.0,1.2,48
0.0437216769695282,8.705464,0.87570065,0.56321865,0.9010025,0.37,10.0,1.2,48
0.0898617345809936,9.186161,0.8577486,0.56482583,0.96876144,0.37,10.0,1.2,48
0.0353973471164703,8.731261,0.8705906,0.5548039,0.9581953,0.37,10.0,1.2,48
0.0225007204532623,9.377578,0.86659014,0.5676475,0.99317694,0.37,10.0,1.2,48
0.0301287326812744,9.015503,0.8563032,0.5582214,0.99427986,0.37,10.0,1.2,48
0.0076637308120727,8.36375,0.85847867,0.5720225,0.9811739,0.37,10.0,1.2,48
0.0118417379379272,9.116886,0.87087405,0.5764893,0.9356867,0.37,10.0,1.2,48
0.0294614385604858,8.753506,0.86695665,0.56619555,0.8912711,0.37,10.0,1.2,48
0.0333510793685913,9.311939,0.8781153,0.55525094,0.8969691,0.37,10.0,1.2,48
0.0222819346904754,8.666051,0.87342745,0.5702285,0.91463923,0.37,10.0,1.2,48
-0.0204804521083831,8.7785845,0.87027425,0.5661631,0.89910245,0.37,10.0,1.2,48
-0.0209342804431915,9.014628,0.8692939,0.5646308,0.96115434,0.37,10.0,1.2,48
0.038878773355484,8.925429,0.8658319,0.5664069,0.9229562,0.37,10.0,1.2,48
-0.0128887239456176,8.40469,0.8725869,0.5802032,0.80892885,0.37,10.0,1.2,48
-0.0175776911258697,9.0759115,0.86392236,0.56489235,0.9840559,0.37,10.0,1.2,48
0.0201005724906921,8.595644,0.8610097,0.56287795,0.947175,0.37,10.0,1.2,48
0.0414942628383636,9.070321,0.85030806,0.56126213,0.99851215,0.37,10.0,1.2,48
0.0420356065273284,8.796235,0.873714,0.5780937,0.96557796,0.37,10.0,1.2,48
0.0630916855335235,8.639827,0.86514205,0.54482156,0.9585242,0.37,10.0,1.2,48
0.0204062267780303,8.794337,0.87740403,0.563449,0.8756348,0.37,10.0,1.2,48
-0.0111897407531738,9.229303,0.8853868,0.58061165,0.8418324,0.37,10.0,1.2,48
0.0034506103515625,8.606766,0.85869545,0.5538624,0.94717026,0.37,10.0,1.2,48
-0.0027222095489501,8.777739,0.88018805,0.57172555,0.8618337,0.37,10.0,1.2,48
0.0215840610980987,9.864352,0.862247,0.5649677,0.9480181,0.37,10.0,1.2,48
-0.0224198899269103,8.672342,0.8815331,0.5718788,0.831419,0.37,10.0,1.2,48
0.0030450446605682,8.822827,0.87890995,0.564254,0.96327853,0.37,10.0,1.2,48
0.0207019340038299,8.5118685,0.87433136,0.57567275,0.8473902,0.37,10.0,1.2,48
0.0498847787380218,8.527322,0.8717237,0.56380016,0.8588531,0.37,10.0,1.2,48
0.0098224371910095,8.704325,0.8673591,0.55757165,0.90361285,0.37,10.0,1.2,48
-0.0252065825939178,8.739121,0.8657166,0.5677661,0.9242469,0.37,10.0,1.2,48
0.0211935864925384,8.92376,0.8654544,0.58002496,0.9971274,0.37,10.0,1.2,48
-0.0449983936309814,8.540245,0.872051,0.5851505,0.97675455,0.37,10.0,1.2,48
0.0340452677726745,8.902872,0.86140966,0.58223015,0.953305,0.37,10.0,1.2,48
0.0164248666286468,8.961175,0.8787964,0.57277876,0.9200053,0.37,10.0,1.2,48
0.0254921814918518,8.865927,0.891654,0.55882263,0.8438928,0.37,10.0,1.2,48
0.0472260329246521,9.2829685,0.87550217,0.5752758,0.95100653,0.37,10.0,1.2,48
0.0012015031814575,8.74435,0.8568726,0.5706828,0.8944582,0.37,10.0,1.2,48
0.0207900037765502,9.119663,0.8726554,0.54962087,0.8308319,0.37,10.0,1.2,48
0.0094150137901306,8.877802,0.8721924,0.5616689,0.90117335,0.37,10.0,1.2,48
0.011639202260971,9.2066965,0.85233605,0.56328595,0.96229863,0.37,10.0,1.2,48
-0.0072898934841155,8.834554,0.8602494,0.56113726,0.9070338,0.37,10.0,1.2,48
0.0137871743679046,9.218217,0.860679,0.5655416,0.9465711,0.37,10.0,1.2,48
0.0669346203327179,9.179347,0.8704627,0.5661606,0.9438093,0.37,10.0,1.2,48
0.0542743944644928,8.67575,0.85055137,0.55799115,0.9466131,0.37,10.0,1.2,48
0.006265234708786,8.842626,0.89390427,0.57192695,0.8013334,0.37,10.0,1.2,48
0.0301277322769165,8.1394005,0.86393523,0.5520095,0.8819914,0.37,10.0,1.2,48
0.0479576487541198,9.188585,0.88023645,0.55930907,0.9695096,0.37,10.0,1.2,48
-0.0068158569812774,8.907674,0.8620039,0.56429905,0.9632224,0.37,10.0,1.2,48
0.0136081309318542,9.215097,0.8568914,0.5641402,0.9873589,0.37,10.0,1.2,48
0.0147141518115997,9.313624,0.8803953,0.5660752,0.8545463,0.37,10.0,1.2,48
0.0141776099205017,8.751879,0.8640646,0.57428575,0.9891522,0.37,10.0,1.2,48
0.0103261450767517,9.260164,0.8708725,0.5742181,0.98573625,0.37,10.0,1.2,48
0.0610613853931427,8.819919,0.8804573,0.56706536,0.9407811,0.37,10.0,1.2,48
0.0310526101112365,8.805731,0.86333865,0.56601727,0.9862008,0.37,10.0,1.2,48
0.0781070892810821,8.458896,0.859644,0.5525989,0.9222357,0.37,10.0,1.2,48
0.0037616924762725,8.805087,0.85640365,0.5763529,0.9942976,0.37,10.0,1.2,48
0.0445032255649566,8.945556,0.8674704,0.56312364,0.86944115,0.37,10.0,1.2,48
0.0126813687324523,8.480574,0.86909014,0.5627397,0.8292072,0.37,10.0,1.2,48
0.0224581604003906,8.505745,0.8549144,0.556876,0.966007,0.37,10.0,1.2,48
0.0283896624565124,9.166201,0.8687879,0.5747742,0.9352951,0.37,10.0,1.2,48
0.0378135788440704,9.189677,0.8658262,0.568679,0.98933387,0.37,10.0,1.2,48
0.0229073052406311,8.968039,0.86452025,0.56020814,0.9568509,0.37,10.0,1.2,48
0.0945720014095306,9.477494,0.8930749,0.5644011,0.9293481,0.37,10.0,1.2,48
0.0564621636390686,8.364485,0.86130255,0.5669744,0.9617902,0.37,10.0,1.2,48
-0.0007403163909912,8.76091,0.8871772,0.5714429,0.8132001,0.37,10.0,1.2,48
0.0569006192684173,8.426499,0.8748926,0.56102014,0.818696,0.37,10.0,1.2,48
-0.0023147974967956,8.870817,0.85437185,0.57208735,0.9679688,0.37,10.0,1.2,48
0.0179826075553894,8.800066,0.8652515,0.5690025,0.9926808,0.37,10.0,1.2,48
0.0047853066444396,8.641928,0.87151647,0.56730336,0.99968696,0.37,10.0,1.2,48
-0.031142760515213,8.6999655,0.87110686,0.5894276,0.93208706,0.37,10.0,1.2,48
0.017261604309082,8.423195,0.8913901,0.56680757,0.7518097,0.37,10.0,1.2,48
0.0566093640327453,9.1328335,0.8744737,0.55609137,0.9489348,0.37,10.0,1.2,48
0.0531614508152008,8.852141,0.8713689,0.5605729,0.9589226,0.37,10.0,1.2,48
0.0625681278705597,8.662143,0.88434684,0.56388396,0.9680654,0.37,10.0,1.2,48
-0.0602933729171752,8.953436,0.8824298,0.5765975,0.94635344,0.37,10.0,1.2,48
0.0235238691806793,9.251052,0.858687,0.55840933,0.93640804,0.37,10.0,1.2,48
0.0198870047569274,8.923441,0.8760112,0.5700669,0.95458865,0.37,10.0,1.2,48
0.0105148465633392,8.892159,0.8525551,0.5662992,0.9855492,0.37,10.0,1.2,48
0.0285661647319793,8.880582,0.8665677,0.5706198,0.97658193,0.37,10.0,1.2,48
-0.0079689500808715,9.35046,0.85685897,0.56487864,0.99613726,0.37,10.0,1.2,48
-0.0336252100944519,8.512571,0.8681542,0.58060366,0.98563755,0.37,10.0,1.2,48
0.0367049775123596,8.412733,0.87590086,0.56612957,0.9123157,0.37,10.0,1.2,48
0.0228174021244049,8.76287,0.864121,0.5583176,0.8728999,0.37,10.0,1.2,48
0.0046106128692626,8.945961,0.8607198,0.57027984,0.96283615,0.37,10.0,1.2,48
0.0270434941291809,8.771635,0.8699343,0.5661667,0.99121606,0.37,10.0,1.2,48
0.0114819395542144,8.611274,0.8798179,0.5722161,0.959725,0.37,10.0,1.2,48
0.0182099713802337,9.111016,0.8714733,0.56918544,0.99295676,0.37,10.0,1.2,48
0.0012589255809783,9.430753,0.8618882,0.5625528,0.991621,0.37,10.0,1.2,48
-0.014050459909439,8.640845,0.8686849,0.57714176,0.90186644,0.37,10.0,1.2,48
0.0231505011558532,9.090487,0.87007964,0.5628023,0.86635983,0.37,10.0,1.2,48
0.0334330303668975,8.594661,0.8565679,0.5618749,0.98100793,0.37,10.0,1.2,48
0.0766166679859161,8.603091,0.8563949,0.5554611,0.9732524,0.37,10.0,1.2,48
0.0192742640018463,9.056922,0.86790603,0.5532517,0.9207641,0.37,10.0,1.2,48
-0.0343255811214447,8.982146,0.88115144,0.5770567,0.9726286,0.37,10.0,1.2,48
0.0107754461765289,8.504386,0.8544817,0.5775885,0.9625808,0.37,10.0,1.2,48
0.0405278746604919,8.659723,0.8583267,0.56983674,0.980453,0.37,10.0,1.2,48
0.0232408590316772,8.664494,0.8616724,0.56531674,0.94815147,0.37,10.0,1.2,48
-0.0140118266105651,8.500639,0.87843204,0.5654745,0.89331675,0.37,10.0,1.2,48
0.0191130773067474,8.904229,0.8540099,0.55933243,0.9801742,0.37,10.0,1.2,48
0.0087594968318939,8.86757,0.8792744,0.5773509,0.9059918,0.37,10.0,1.2,48
0.0347680601596832,8.1711035,0.874555,0.55239594,0.9662492,0.37,10.0,1.2,48
0.0001630611419677,9.188538,0.86347353,0.5595503,0.97885835,0.37,10.0,1.2,48
0.0500517913818359,9.206818,0.86645967,0.5602109,0.9823284,0.37,10.0,1.2,48
0.0174975538253784,9.384251,0.8737505,0.56917685,0.9724206,0.37,10.0,1.2,48
0.005165727519989,8.377443,0.8584509,0.56273675,0.9881351,0.37,10.0,1.2,48
-0.0169963734149932,9.07865,0.85606474,0.56896186,0.97995055,0.37,10.0,1.2,48
0.0258278315067291,9.042068,0.8739561,0.56753415,0.8725828,0.37,10.0,1.2,48
0.0115409249305725,9.036299,0.8720364,0.5614565,0.90979314,0.37,10.0,1.2,48
-0.0115697592258453,8.69896,0.8601862,0.57610095,0.9786922,0.37,10.0,1.2,48
5.373787879944065e-05,9.145169,0.85662746,0.57590157,0.9471688,0.37,10.0,1.2,48
0.0192211949825286,8.930421,0.86280996,0.56292015,0.90985405,0.37,10.0,1.2,48
0.0183504492759704,8.934916,0.85618484,0.5715807,0.9811542,0.37,10.0,1.2,48
-0.0159611976623535,9.065683,0.87320036,0.5645941,0.98707664,0.37,10.0,1.2,48
-0.0164369318485259,8.221087,0.85583675,0.5660761,0.95297277,0.37,10.0,1.2,48
0.0244461400032043,9.135473,0.8715197,0.5604768,0.89528394,0.37,10.0,1.2,48
-0.0032037430763244,8.814379,0.8693691,0.57599306,0.9904022,0.37,10.0,1.2,48
0.0386243483543396,8.976076,0.8602527,0.5603771,0.9929894,0.37,10.0,1.2,48
0.0186971460819244,8.973304,0.8547666,0.5639793,0.98202276,0.37,10.0,1.2,48
0.0501729084491729,8.772899,0.8718278,0.5595678,0.8750248,0.37,10.0,1.2,48
0.0220769814968109,8.81286,0.8759807,0.565883,0.95443726,0.37,10.0,1.2,48
-0.0374083043098449,8.729616,0.86906254,0.569731,0.9946295,0.37,10.0,1.2,48
0.0233927009105682,9.007611,0.86888224,0.56555575,0.9244857,0.37,10.0,1.2,48
0.0529806811809539,9.214215,0.8876279,0.56204265,0.78699875,0.37,10.0,1.2,48
0.0242158869743347,8.805262,0.86619174,0.55796987,0.928862,0.37,10.0,1.2,48
-0.0022684019565582,8.790704,0.8687759,0.5527256,0.8182876,0.37,10.0,1.2,48
0.0817411343574524,9.198454,0.8610014,0.5540949,0.8862351,0.37,10.0,1.2,48
0.0081479370594024,8.554339,0.86492515,0.5719616,0.92174983,0.37,10.0,1.2,48
0.0516152489185333,8.916926,0.863824,0.561786,0.88824594,0.37,10.0,1.2,48
0.0087207886695861,8.563421,0.8752814,0.5519796,0.810374,0.37,10.0,1.2,48
0.0202696437358856,9.0965395,0.8666576,0.5633244,0.8857366,0.37,10.0,1.2,48
0.0401394075870513,9.075606,0.86597335,0.5607715,0.9906963,0.37,10.0,1.2,48
0.0574606542110443,9.146455,0.87660456,0.5531213,0.93513227,0.37,10.0,1.2,48
0.0172195905685424,8.761402,0.85989064,0.5746293,0.97931826,0.37,10.0,1.2,48
-0.0276233437061309,8.861699,0.8775358,0.56778276,0.75266945,0.37,10.0,1.2,48
0.0179972447395324,8.45101,0.861601,0.55822104,0.9162439,0.37,10.0,1.2,48
0.0067673413276672,8.903006,0.86855644,0.5697896,0.9345776,0.37,10.0,1.2,48
-0.0024482645988464,8.715763,0.8706864,0.5604433,0.87555575,0.37,10.0,1.2,48
0.0045454356193542,9.150408,0.86622274,0.5708217,0.9650613,0.37,10.0,1.2,48
0.0009508805274963,8.583517,0.8865961,0.5666287,0.7512183,0.37,10.0,1.2,48
-0.0512318744659423,8.567085,0.8743377,0.5689532,0.89173746,0.37,10.0,1.2,48
0.0593300525665283,9.085777,0.8683116,0.54110545,0.9092314,0.37,10.0,1.2,48
-0.0241126732826232,9.145527,0.8696062,0.56533223,0.87307847,0.37,10.0,1.2,48
0.0020892302513122,8.845118,0.85786474,0.55519253,0.94913566,0.37,10.0,1.2,48
0.0349742374420166,9.048119,0.85575616,0.566164,0.9532058,0.37,10.0,1.2,48
-0.0175861937999725,9.126515,0.87585485,0.570237,0.92048025,0.37,10.0,1.2,48
0.0345371943950653,9.461232,0.87104464,0.55892015,0.91769195,0.37,10.0,1.2,48
0.0227502688407897,8.688837,0.87993383,0.5593202,0.8867022,0.37,10.0,1.2,48
-0.0098427720546722,8.894876,0.88086635,0.57191133,0.9274534,0.37,10.0,1.2,48
-0.011202505159378,8.721412,0.861135,0.5629887,0.9472265,0.37,10.0,1.2,48
0.045401049375534,9.129529,0.85109663,0.5507452,0.97078574,0.37,10.0,1.2,48
0.0127471048831939,9.247832,0.8737877,0.57129043,0.9645153,0.37,10.0,1.2,48
-0.0126495745658874,8.56056,0.8599757,0.5737615,0.8666289,0.37,10.0,1.2,48
0.0316603662490844,8.92989,0.8621025,0.56268746,0.99034727,0.37,10.0,1.2,48
0.0489264001369476,8.880609,0.87573224,0.57429135,0.9789386,0.37,10.0,1.2,48
-0.0032620466232299,8.776958,0.8865746,0.5645013,0.7978045,0.37,10.0,1.2,48
0.0384016339302063,9.133223,0.86840475,0.5725566,0.9783168,0.37,10.0,1.2,48
-0.0239854462146759,8.9478445,0.87320536,0.58376473,0.85156035,0.37,10.0,1.2,48
0.0197157098770141,8.525341,0.8457869,0.5730351,0.97283435,0.37,10.0,1.2,48
-0.0244894371032714,8.43502,0.8602815,0.5680459,0.8913406,0.37,10.0,1.2,48
0.0369874610424041,8.760541,0.8772938,0.5724926,0.91463864,0.37,10.0,1.2,48
0.0173892316818237,9.078541,0.8781146,0.5741627,0.96428716,0.37,10.0,1.2,48
-0.0078510136604309,9.047527,0.8722486,0.57014024,0.90123737,0.37,10.0,1.2,48
0.0161273409843444,9.02807,0.8691467,0.56770873,0.96047044,0.37,10.0,1.2,48
0.0592534220218658,8.4445715,0.858244,0.5514567,0.99712574,0.37,10.0,1.2,48
0.057210691833496,9.093338,0.872403,0.57111055,0.9231832,0.37,10.0,1.2,48
-0.0178943119525909,8.654302,0.87073296,0.56563896,0.9069474,0.37,10.0,1.2,48
0.0334177042484283,8.89144,0.8775662,0.5532761,0.97551906,0.37,10.0,1.2,48
0.0111530039310455,9.218993,0.8765757,0.56611305,0.962674,0.37,10.0,1.2,48
0.0568849948883056,8.993088,0.86762035,0.5630144,0.9386116,0.37,10.0,1.2,48
0.0355293917179107,8.923324,0.86249244,0.561603,0.9185909,0.37,10.0,1.2,48
0.0164833127975463,9.128292,0.86516887,0.5643938,0.9639864,0.37,10.0,1.2,48
0.0080691230297088,9.130406,0.86964136,0.56017226,0.99166024,0.37,10.0,1.2,48
0.0194143308639526,8.88126,0.8621646,0.5597769,0.9879087,0.37,10.0,1.2,48
0.0692699775218963,8.497785,0.8568233,0.56502235,0.98025346,0.37,10.0,1.2,48
0.037221831703186,8.92429,0.86249197,0.55724764,0.9836936,0.37,10.0,1.2,48
0.0026780065536499,9.159046,0.8691428,0.5639148,0.96477544,0.37,10.0,1.2,48
0.0643718473911285,9.282584,0.86122525,0.5529134,0.98634195,0.37,10.0,1.2,48
-0.0066486852169036,8.193879,0.8685118,0.56932986,0.8686602,0.37,10.0,1.2,48
0.0090636556148529,8.573098,0.86119395,0.56170464,0.97831416,0.37,10.0,1.2,48
-0.0024388223648071,8.927723,0.87462544,0.5738247,0.9385843,0.37,10.0,1.2,48
0.0601880385875701,8.84522,0.86511284,0.565972,0.9634954,0.37,10.0,1.2,48
0.0240614821434021,9.039515,0.8739026,0.5636579,0.92185855,0.37,10.0,1.2,48
-0.0031071240901947,8.736892,0.8722697,0.5689758,0.95076084,0.37,10.0,1.2,48
0.0237345623016357,8.503548,0.8676092,0.55910593,0.8671186,0.37,10.0,1.2,48
0.0054290553569793,9.61321,0.8700941,0.5724398,0.98543525,0.37,10.0,1.2,48
0.0430381478309631,9.126783,0.8595809,0.5595572,0.99998546,0.37,10.0,1.2,48
0.0422564716339111,9.601097,0.88100016,0.5509799,0.9130019,0.37,10.0,1.2,48
0.011850778055191,9.177154,0.86768943,0.5709517,0.979584,0.37,10.0,1.2,48
0.0235169061660766,8.932835,0.8715205,0.5641879,0.810277,0.37,10.0,1.2,48
0.009796379995346,8.258813,0.8628031,0.56581545,0.94371533,0.37,10.0,1.2,48
0.0202684713840484,9.125281,0.8686261,0.55985165,0.8523437,0.37,10.0,1.2,48
0.1022025389194488,9.098876,0.8616042,0.56007504,0.9202101,0.37,10.0,1.2,48
0.0314726671218872,8.341366,0.8746655,0.5658632,0.91360044,0.37,10.0,1.2,48
-0.0206214554309844,8.795018,0.8622869,0.56878024,0.97418725,0.37,10.0,1.2,48
0.0161071199417114,9.053799,0.8587181,0.5784834,0.9832802,0.37,10.0,1.2,48
0.0491613702774047,8.813114,0.87312204,0.55118376,0.93071234,0.37,10.0,1.2,48
0.0423829231262207,8.870544,0.87100637,0.5626355,0.89016414,0.37,10.0,1.2,48
0.0184313840389251,8.592332,0.86937153,0.5543352,0.89500415,0.37,10.0,1.2,48
-0.0195723586082458,9.095793,0.86295474,0.5779953,0.97554326,0.37,10.0,1.2,48
0.0565100788593292,9.09241,0.8606583,0.57390547,0.971943,0.37,10.0,1.2,48
0.0250109611988067,9.26427,0.8725821,0.568115,0.9896474,0.37,10.0,1.2,48
0.0424393023490905,8.651949,0.8754908,0.5681954,0.8318944,0.37,10.0,1.2,48
0.0407394811153411,8.922845,0.8739678,0.5631107,0.9666288,0.37,10.0,1.2,48
-0.160493275642395,9.307199,0.9130341,0.4655013,0.96426,0.39,10.0,1.2,49
-0.1690566131591797,8.825963,0.91418296,0.46380126,0.9812099,0.39,10.0,1.2,49
-0.150227660369873,9.314392,0.9100514,0.47146666,0.9810548,0.39,10.0,1.2,49
-0.1062893543243408,8.737602,0.8976233,0.45950675,0.96048605,0.39,10.0,1.2,49
-0.1856859091758728,8.850194,0.91034603,0.46312526,0.98701096,0.39,10.0,1.2,49
-0.1549389779090881,9.176257,0.9120363,0.46911514,0.9508724,0.39,10.0,1.2,49
-0.1365011662483215,8.443295,0.911541,0.4530874,0.9795102,0.39,10.0,1.2,49
-0.1643310537338256,9.053049,0.9227251,0.45664287,0.96963584,0.39,10.0,1.2,49
-0.1584477806091308,8.657074,0.93274736,0.45977926,0.9020722,0.39,10.0,1.2,49
-0.1516458549499511,8.321652,0.89846313,0.45906535,0.99545324,0.39,10.0,1.2,49
-0.1359666847229003,8.794766,0.9093349,0.45702246,0.99860525,0.39,10.0,1.2,49
-0.1207116087913513,8.511182,0.89559937,0.4616849,0.9832212,0.39,10.0,1.2,49
-0.183243665599823,8.757978,0.9195085,0.46527195,0.98640966,0.39,10.0,1.2,49
-0.1246294486045837,9.073809,0.9124803,0.4620552,0.98795533,0.39,10.0,1.2,49
-0.1291889142036437,9.155804,0.90792745,0.4578086,0.99600756,0.39,10.0,1.2,49
-0.1715719215393066,8.93967,0.90298015,0.46947253,0.99221313,0.39,10.0,1.2,49
-0.1792639817237854,9.342757,0.91411483,0.46591958,0.98291874,0.39,10.0,1.2,49
-0.1794568591117858,8.697553,0.8991481,0.47327006,0.97809684,0.39,10.0,1.2,49
-0.1629790741920471,8.287795,0.9079023,0.47281444,0.94214094,0.39,10.0,1.2,49
-0.118899680519104,8.574763,0.91746926,0.45913795,0.9895891,0.39,10.0,1.2,49
-0.0948451981544494,8.9965725,0.9152516,0.45316038,0.9289342,0.39,10.0,1.2,49
-0.1890206796646118,8.807643,0.9120993,0.46524867,0.9909774,0.39,10.0,1.2,49
-0.1034458770751953,8.641515,0.91520226,0.462572,0.9240352,0.39,10.0,1.2,49
-0.1124562761306762,8.912676,0.90324944,0.43577915,0.98199296,0.39,10.0,1.2,49
-0.1191505438804626,8.609255,0.9176887,0.45577118,0.9808061,0.39,10.0,1.2,49
-0.1477008041381836,8.983036,0.9225454,0.45072305,0.93526316,0.39,10.0,1.2,49
-0.1314559024810791,8.581506,0.88029665,0.46747437,0.985433,0.39,10.0,1.2,49
-0.1439881112098693,8.841479,0.9149025,0.46698344,0.99808514,0.39,10.0,1.2,49
-0.1737189806938171,8.730069,0.90203875,0.45749867,0.99188256,0.39,10.0,1.2,49
-0.1408805564880371,9.409572,0.9194487,0.47812334,0.991199,0.39,10.0,1.2,49
-0.1589225839614868,8.799845,0.9082284,0.4664893,0.9487227,0.39,10.0,1.2,49
-0.1213769087791442,8.91346,0.89700043,0.46176866,0.9856999,0.39,10.0,1.2,49
-0.1702131478309631,8.737991,0.9149041,0.46398795,0.9986353,0.39,10.0,1.2,49
-0.1535066689491272,8.977977,0.92495453,0.4653564,0.970224,0.39,10.0,1.2,49
-0.1259090916633606,8.812092,0.92051345,0.44280046,0.9739487,0.39,10.0,1.2,49
-0.1319754075050354,8.807951,0.91478544,0.4428778,0.94868875,0.39,10.0,1.2,49
-0.1920367593765258,9.078889,0.91822666,0.4723177,0.9760573,0.39,10.0,1.2,49
-0.1436924459457397,8.381117,0.89148045,0.46180165,0.9958725,0.39,10.0,1.2,49
-0.1369420762062072,9.080915,0.9157446,0.48050904,0.99755967,0.39,10.0,1.2,49
-0.1550440711975097,8.752804,0.9154832,0.44704497,0.9975078,0.39,10.0,1.2,49
-0.1354083826065063,8.805573,0.9250618,0.46290252,0.94861853,0.39,10.0,1.2,49
-0.1160317286491394,8.985134,0.9166127,0.4498379,0.9498811,0.39,10.0,1.2,49
-0.1916075115203857,8.924813,0.9001086,0.47546154,0.97745824,0.39,10.0,1.2,49
-0.16184983959198,8.856946,0.9118689,0.47782224,0.908901,0.39,10.0,1.2,49
-0.1259415711402893,8.697597,0.92386806,0.43985784,0.99118793,0.39,10.0,1.2,49
-0.1324147768020629,8.527713,0.9112886,0.45983723,0.9892404,0.39,10.0,1.2,49
-0.1478942446708679,8.848233,0.914636,0.46069482,0.994254,0.39,10.0,1.2,49
-0.1062854762077331,9.046583,0.91161495,0.45079917,0.96940434,0.39,10.0,1.2,49
-0.1538001095771789,9.091166,0.91881037,0.4547971,0.9940343,0.39,10.0,1.2,49
-0.1408762557029724,8.643373,0.90194225,0.45765865,0.9433203,0.39,10.0,1.2,49
-0.1216697973251342,9.226786,0.9079006,0.46385208,0.95875335,0.39,10.0,1.2,49
-0.124649393081665,8.065848,0.90582746,0.45959532,0.9908843,0.39,10.0,1.2,49
-0.129683488368988,8.771195,0.9110608,0.44739744,0.94913745,0.39,10.0,1.2,49
-0.1936200727462768,8.958045,0.9093929,0.46971792,0.9804194,0.39,10.0,1.2,49
-0.1407956230163574,9.178474,0.9079771,0.4589348,0.9969531,0.39,10.0,1.2,49
-0.140399127960205,9.071841,0.91177124,0.4568023,0.9665737,0.39,10.0,1.2,49
-0.17003037109375,8.934871,0.91877955,0.4640581,0.98145175,0.39,10.0,1.2,49
-0.1250261601448059,8.628031,0.9016435,0.44950598,0.9994011,0.39,10.0,1.2,49
-0.1714826349258423,9.464956,0.9149375,0.46191674,0.99690866,0.39,10.0,1.2,49
-0.1253413345336914,9.060824,0.90751284,0.4462647,0.9944439,0.39,10.0,1.2,49
-0.1053312558174133,9.140621,0.91458476,0.4588261,0.97062874,0.39,10.0,1.2,49
-0.0976181723594665,8.706105,0.9124554,0.44534388,0.993543,0.39,10.0,1.2,49
-0.1432499897003173,8.720925,0.9175501,0.46354187,0.9581466,0.39,10.0,1.2,49
-0.1196561529159545,8.326567,0.9077848,0.46017683,0.9987,0.39,10.0,1.2,49
-0.10197761220932,8.996628,0.9066888,0.4590046,0.97321737,0.39,10.0,1.2,49
-0.0783809704780578,8.72026,0.9130024,0.45457837,0.955546,0.39,10.0,1.2,49
-0.1918587225914001,8.691202,0.9211768,0.46743092,0.99818707,0.39,10.0,1.2,49
-0.0955609199523925,8.518832,0.9076427,0.45240024,0.95323384,0.39,10.0,1.2,49
-0.1493622679710388,9.246354,0.917861,0.4576988,0.95784104,0.39,10.0,1.2,49
-0.1391106214523315,9.195409,0.9218312,0.4513209,0.974772,0.39,10.0,1.2,49
-0.1541599054336548,8.589511,0.9004407,0.47075534,0.9881501,0.39,10.0,1.2,49
-0.1430596358299255,8.585413,0.91851586,0.45001462,0.9351437,0.39,10.0,1.2,49
-0.0884917063713073,8.838873,0.9095081,0.4568919,0.9993479,0.39,10.0,1.2,49
-0.1481352450370788,9.20676,0.916067,0.45626903,0.98346543,0.39,10.0,1.2,49
-0.1247831186294555,8.563276,0.92408407,0.4687855,0.9843781,0.39,10.0,1.2,49
-0.135289370059967,8.498487,0.9055669,0.45569623,0.9858264,0.39,10.0,1.2,49
-0.1753924195289611,8.720968,0.927792,0.46704853,0.98032117,0.39,10.0,1.2,49
-0.1073885358810424,9.123579,0.9281627,0.46481743,0.95055985,0.39,10.0,1.2,49
-0.1947261552810669,8.803244,0.9137076,0.47552654,0.9797758,0.39,10.0,1.2,49
-0.2021341151237488,9.196125,0.90291035,0.46840337,0.98257315,0.39,10.0,1.2,49
-0.1581274518966675,8.403363,0.90377396,0.46007815,0.99820304,0.39,10.0,1.2,49
-0.1479833106040954,8.425714,0.9071813,0.46589828,0.98535264,0.39,10.0,1.2,49
-0.1616173045158386,8.728407,0.91795284,0.47270116,0.97067535,0.39,10.0,1.2,49
-0.1469514283180236,8.742615,0.90924096,0.46331888,0.9683131,0.39,10.0,1.2,49
-0.1498037707328796,8.978298,0.9257873,0.45538142,0.97223485,0.39,10.0,1.2,49
-0.0911062576293945,8.751286,0.9183012,0.4632591,0.9625691,0.39,10.0,1.2,49
-0.1339653668403625,9.3112135,0.9082104,0.4524229,0.9961382,0.39,10.0,1.2,49
-0.1418170986175537,8.9785,0.9198057,0.4546374,0.9685935,0.39,10.0,1.2,49
-0.1422770613670349,8.91379,0.9086835,0.4605058,0.99874127,0.39,10.0,1.2,49
-0.1509171936035156,9.301465,0.9217419,0.46333143,0.94981945,0.39,10.0,1.2,49
-0.145582511138916,9.165996,0.9282003,0.45947608,0.9778428,0.39,10.0,1.2,49
-0.1522752618789672,8.180881,0.91938734,0.45755124,0.9721904,0.39,10.0,1.2,49
-0.1641737746238708,9.426194,0.90712714,0.45853937,0.99416816,0.39,10.0,1.2,49
-0.1555433256149292,8.86534,0.91395855,0.45733938,0.99146545,0.39,10.0,1.2,49
-0.1599962961196899,8.820227,0.8998592,0.4512893,0.9860958,0.39,10.0,1.2,49
-0.1702360447883606,9.277125,0.9202964,0.45520288,0.96939075,0.39,10.0,1.2,49
-0.1418258867263793,9.065142,0.91065407,0.46592876,0.987373,0.39,10.0,1.2,49
-0.16684734582901,9.166145,0.8985462,0.46379256,0.9907608,0.39,10.0,1.2,49
-0.1318521151542663,8.966627,0.9131608,0.45329738,0.99072886,0.39,10.0,1.2,49
-0.1709062670707702,8.949429,0.91590357,0.47105378,0.99242675,0.39,10.0,1.2,49
-0.1223096086502075,8.909739,0.9255059,0.4562656,0.99503016,0.39,10.0,1.2,49
-0.1461285464286804,8.559988,0.9094283,0.45409244,0.98086905,0.39,10.0,1.2,49
-0.1057193924903869,8.7344055,0.9249785,0.46352702,0.9321002,0.39,10.0,1.2,49
-0.1642738253593444,8.785542,0.91570616,0.46015644,0.9923698,0.39,10.0,1.2,49
-0.1347634396553039,8.164039,0.9095572,0.46510082,0.9939883,0.39,10.0,1.2,49
-0.1840347356796264,8.693891,0.9157579,0.4684717,0.9659209,0.39,10.0,1.2,49
-0.0864792350769042,8.79047,0.91822946,0.4593987,0.99629474,0.39,10.0,1.2,49
-0.1767618593215942,9.045263,0.9145485,0.46629682,0.96928096,0.39,10.0,1.2,49
-0.1516853773117065,8.908132,0.90163386,0.458478,0.99018073,0.39,10.0,1.2,49
-0.1379745223045349,8.853806,0.9159267,0.45580906,0.9748956,0.39,10.0,1.2,49
-0.0803352456092834,9.095306,0.91916746,0.45922363,0.99706864,0.39,10.0,1.2,49
-0.1304470860481262,8.585909,0.9141449,0.4498852,0.9744637,0.39,10.0,1.2,49
-0.1340768957138061,8.732533,0.90951073,0.45112187,0.98266447,0.39,10.0,1.2,49
-0.1550349170684814,8.492859,0.9173127,0.46430618,0.99790144,0.39,10.0,1.2,49
-0.1098482660293579,9.333063,0.9339629,0.45381728,0.96117306,0.39,10.0,1.2,49
-0.1161940910339355,8.6225395,0.9052598,0.46878505,0.99201536,0.39,10.0,1.2,49
-0.1317482457160949,9.433832,0.91479146,0.4667894,0.9979446,0.39,10.0,1.2,49
-0.1314549207687378,9.00948,0.91190374,0.45553562,0.9993377,0.39,10.0,1.2,49
-0.1757650804519653,8.9470625,0.91591,0.4743917,0.97920644,0.39,10.0,1.2,49
-0.1406182947158813,8.393512,0.90521926,0.46068445,0.9413967,0.39,10.0,1.2,49
-0.1338575654029846,8.6935,0.9117943,0.45402363,0.9968481,0.39,10.0,1.2,49
-0.1241012563705444,8.940992,0.91536707,0.45971343,0.9852936,0.39,10.0,1.2,49
-0.158741802406311,9.162639,0.9185659,0.4604716,0.9886285,0.39,10.0,1.2,49
-0.0844141401290893,8.514658,0.9050312,0.43558267,0.96413946,0.39,10.0,1.2,49
-0.1576094331741332,8.447752,0.9081154,0.46475592,0.8883548,0.39,10.0,1.2,49
-0.1792092747688293,8.619266,0.91257215,0.46779063,0.9789599,0.39,10.0,1.2,49
-0.1981286370277404,8.86009,0.9127058,0.47307754,0.9980148,0.39,10.0,1.2,49
-0.1503879713058471,9.225565,0.9294222,0.46043146,0.9553528,0.39,10.0,1.2,49
-0.158189255619049,9.4025955,0.9167166,0.45140895,0.94457304,0.39,10.0,1.2,49
-0.1192087909698486,8.576267,0.9090285,0.4632119,0.9970931,0.39,10.0,1.2,49
-0.1484922304153442,8.846316,0.9300791,0.46325037,0.96733606,0.39,10.0,1.2,49
-0.1663186458587646,8.967949,0.9098009,0.46383712,0.9924294,0.39,10.0,1.2,49
-0.1715679310798645,9.343844,0.93108684,0.46251,0.90335953,0.39,10.0,1.2,49
-0.1326209978103637,8.48713,0.90899205,0.4541615,0.9751588,0.39,10.0,1.2,49
-0.1190316948890686,8.961716,0.92124724,0.4547179,0.9022311,0.39,10.0,1.2,49
-0.1470472054481506,8.891602,0.9046052,0.46645397,0.98171234,0.39,10.0,1.2,49
-0.130747190952301,8.750448,0.92144513,0.46158433,0.9961835,0.39,10.0,1.2,49
-0.1605190639495849,8.558602,0.91175306,0.46880952,0.9923301,0.39,10.0,1.2,49
-0.1888015954017639,8.75027,0.9016443,0.4707293,0.9742166,0.39,10.0,1.2,49
-0.1789445890426635,8.824864,0.9016464,0.46648553,0.9898486,0.39,10.0,1.2,49
-0.100376776599884,8.905307,0.916013,0.45712045,0.99859595,0.39,10.0,1.2,49
-0.1443254787445068,8.540757,0.914765,0.46160787,0.9592507,0.39,10.0,1.2,49
-0.1887753591537475,8.688059,0.9178571,0.45586908,0.96845925,0.39,10.0,1.2,49
-0.1266155867576599,8.800454,0.91653043,0.44980246,0.9976698,0.39,10.0,1.2,49
-0.1031539339065551,8.387457,0.9163825,0.45614764,0.99638736,0.39,10.0,1.2,49
-0.1299099264144897,9.155645,0.92035097,0.45605394,0.9489131,0.39,10.0,1.2,49
-0.1341931716918945,8.933208,0.8979066,0.45312127,0.9998307,0.39,10.0,1.2,49
-0.1416228506088256,9.166282,0.9194303,0.4565941,0.97940576,0.39,10.0,1.2,49
-0.1308821077346801,8.9083,0.91415757,0.44972837,0.998791,0.39,10.0,1.2,49
-0.1330555421829223,9.076579,0.9125729,0.46167636,0.9721426,0.39,10.0,1.2,49
-0.1807814085006713,8.699277,0.913122,0.4676168,0.91516733,0.39,10.0,1.2,49
-0.1489969834327697,8.602949,0.9143549,0.46829236,0.98376584,0.39,10.0,1.2,49
-0.1239952992439269,9.094649,0.92267424,0.46101096,0.926867,0.39,10.0,1.2,49
-0.1714964935302734,8.935397,0.9171008,0.46042866,0.96836686,0.39,10.0,1.2,49
-0.1749375450134277,9.243801,0.9109331,0.46654952,0.9894937,0.39,10.0,1.2,49
-0.1445495985984802,8.652669,0.92118275,0.46055725,0.9886832,0.39,10.0,1.2,49
-0.1084162162780761,9.22926,0.9171476,0.45117158,0.9890015,0.39,10.0,1.2,49
-0.1056117903709411,8.976152,0.91367424,0.45452884,0.94127965,0.39,10.0,1.2,49
-0.1308537783622741,8.982644,0.90905476,0.46369156,0.9870635,0.39,10.0,1.2,49
-0.1209262372970581,8.682478,0.91384983,0.45295727,0.9602474,0.39,10.0,1.2,49
-0.1282189679145813,9.193468,0.90933937,0.44794104,0.9975047,0.39,10.0,1.2,49
-0.1361917318344116,8.44132,0.89863414,0.46471003,0.9570924,0.39,10.0,1.2,49
-0.135722234916687,8.913215,0.9266481,0.47637853,0.86632514,0.39,10.0,1.2,49
-0.1388295783996582,8.85788,0.9143579,0.4531061,0.99252355,0.39,10.0,1.2,49
-0.1661947617530823,8.705559,0.9044632,0.4666878,0.99873435,0.39,10.0,1.2,49
-0.1645808061599731,8.933183,0.9078919,0.45739266,0.98675644,0.39,10.0,1.2,49
-0.1900188740730285,9.054919,0.9201697,0.47057366,0.9811163,0.39,10.0,1.2,49
-0.1465863771438598,9.428935,0.9032887,0.4593846,0.98316205,0.39,10.0,1.2,49
-0.1282363256454467,8.662101,0.9153828,0.4633696,0.96462023,0.39,10.0,1.2,49
-0.1920703472137451,9.084693,0.9163331,0.47884843,0.9916165,0.39,10.0,1.2,49
-0.1564019293785095,8.745961,0.91419405,0.4725462,0.9528887,0.39,10.0,1.2,49
-0.1717524304389953,9.153042,0.9060095,0.45019403,0.96757185,0.39,10.0,1.2,49
-0.1471524333953857,8.782172,0.9137963,0.47059655,0.9985031,0.39,10.0,1.2,49
-0.1006394960403442,8.85309,0.91164017,0.45205298,0.95133126,0.39,10.0,1.2,49
-0.1831986188888549,8.803129,0.90173215,0.45544362,0.9799311,0.39,10.0,1.2,49
-0.1293392300605774,9.269595,0.9171231,0.44804594,0.99062777,0.39,10.0,1.2,49
-0.1360585805892944,9.250181,0.90633893,0.45925844,0.97380006,0.39,10.0,1.2,49
-0.1048348767280578,8.702381,0.9230238,0.45694092,0.96985686,0.39,10.0,1.2,49
-0.1970395345687866,8.792882,0.924713,0.4663297,0.96939933,0.39,10.0,1.2,49
-0.1401523094177246,8.825417,0.9208645,0.46034968,0.9936696,0.39,10.0,1.2,49
-0.1469510374069214,8.583798,0.90486234,0.45313552,0.9900595,0.39,10.0,1.2,49
-0.1148409999847412,8.737579,0.911677,0.45670894,0.98763716,0.39,10.0,1.2,49
-0.1526309899330139,8.739401,0.9091201,0.4522972,0.9770888,0.39,10.0,1.2,49
-0.1465392661094665,8.52375,0.91554594,0.47465423,0.96577346,0.39,10.0,1.2,49
-0.0850403175354004,8.472409,0.9146211,0.4520113,0.9837328,0.39,10.0,1.2,49
-0.1757597381591797,8.697422,0.90418833,0.46347916,0.9800887,0.39,10.0,1.2,49
-0.1160212067604064,8.939339,0.9067562,0.44036815,0.9472195,0.39,10.0,1.2,49
-0.119195363998413,8.98468,0.9135372,0.44892338,0.93594646,0.39,10.0,1.2,49
-0.1788238829612732,8.849107,0.9095034,0.4685744,0.97726285,0.39,10.0,1.2,49
-0.1432363842964172,8.463412,0.9180697,0.45465308,0.9650116,0.39,10.0,1.2,49
-0.1671785372734069,9.4039545,0.9065612,0.47505933,0.9658592,0.39,10.0,1.2,49
-0.1119109354019165,8.78953,0.90928406,0.465223,0.9881209,0.39,10.0,1.2,49
-0.1469037189483642,9.228263,0.9060236,0.46427545,0.9747906,0.39,10.0,1.2,49
-0.1502809578895569,8.940013,0.91755587,0.4632971,0.97872174,0.39,10.0,1.2,49
-0.1343629360198974,9.202957,0.91318536,0.4685719,0.97062624,0.39,10.0,1.2,49
-0.1509956030845642,8.640833,0.90256643,0.45706645,0.9913002,0.39,10.0,1.2,49
-0.1826752054214477,8.775666,0.8956867,0.4686145,0.9648963,0.39,10.0,1.2,49
-0.1292923807144165,8.734828,0.9069843,0.45772398,0.9792615,0.39,10.0,1.2,49
-0.088289892578125,9.107715,0.9060314,0.45930046,0.9911686,0.39,10.0,1.2,49
-0.1505564631462097,8.70525,0.9190836,0.45628077,0.9298792,0.39,10.0,1.2,49
-0.119100188922882,9.121197,0.9248041,0.4675888,0.99517465,0.39,10.0,1.2,49
-0.1349710671424865,8.911441,0.90653133,0.47017178,0.969476,0.39,10.0,1.2,49
-0.1335516266822815,9.347243,0.9260007,0.46578324,0.9542178,0.39,10.0,1.2,49
-0.1595655344963073,8.863908,0.9138746,0.4628952,0.9956875,0.39,10.0,1.2,49
-0.1363992599487304,8.956028,0.91022635,0.4595679,0.9539138,0.39,10.0,1.2,49
-0.1584763435363769,8.459521,0.89970297,0.46670538,0.977875,0.39,10.0,1.2,49
-0.1412175965309143,8.692908,0.91262114,0.45524114,0.98822224,0.39,10.0,1.2,49
-0.1479194173812866,8.87567,0.9107094,0.46327537,0.99307585,0.39,10.0,1.2,49
-0.1632751035690307,8.749318,0.92064935,0.45736313,0.9798267,0.39,10.0,1.2,49
-0.1294765598297119,8.865078,0.90975714,0.45676467,0.9901959,0.39,10.0,1.2,49
-0.1813236417770385,8.597121,0.9157218,0.4695737,0.9892715,0.39,10.0,1.2,49
-0.1309302799224853,8.772538,0.92248553,0.46085358,0.8924717,0.39,10.0,1.2,49
-0.1693572373390197,8.72808,0.9094552,0.46954897,0.9769299,0.39,10.0,1.2,49
-0.160164579296112,9.032098,0.9003187,0.47836447,0.9664986,0.39,10.0,1.2,49
-0.1076604625701904,8.834236,0.9105345,0.44718832,0.9992012,0.39,10.0,1.2,49
-0.1549297351837158,8.54147,0.9259904,0.46727455,0.9568753,0.39,10.0,1.2,49
-0.1548307031631469,8.574663,0.90367806,0.46697247,0.98838246,0.39,10.0,1.2,49
-0.1434884316444397,8.90251,0.91568935,0.46752614,0.9937078,0.39,10.0,1.2,49
-0.1505875648498535,8.477679,0.9080614,0.4642605,0.9400133,0.39,10.0,1.2,49
-0.1452403115272522,8.784729,0.90989524,0.46686375,0.96470904,0.39,10.0,1.2,49
-0.1752419211387634,8.752358,0.9167306,0.4661069,0.9382663,0.39,10.0,1.2,49
-0.167011182308197,8.336854,0.9068112,0.46172604,0.9826535,0.39,10.0,1.2,49
-0.149012684726715,8.66521,0.92236924,0.45727527,0.9600582,0.39,10.0,1.2,49
-0.1182817219734191,8.416658,0.9148687,0.45081103,0.9949111,0.39,10.0,1.2,49
-0.1626962822914123,9.03772,0.91470677,0.46365958,0.9950892,0.39,10.0,1.2,49
-0.0969499291419982,8.864037,0.9214967,0.44715655,0.9749956,0.39,10.0,1.2,49
-0.1835735445022583,9.181471,0.9082994,0.48181358,0.9902643,0.39,10.0,1.2,49
-0.1210567781448364,9.191697,0.9240133,0.44886273,0.97680044,0.39,10.0,1.2,49
-0.132910338306427,9.396716,0.90016145,0.4592323,0.99879885,0.39,10.0,1.2,49
-0.1429037318229675,8.676853,0.90764534,0.46162024,0.9982239,0.39,10.0,1.2,49
-0.1503670413017273,9.024389,0.9230542,0.4613997,0.9939985,0.39,10.0,1.2,49
-0.1445295044898986,8.861487,0.93288636,0.46042132,0.8243388,0.39,10.0,1.2,49
-0.1491279494285583,8.909395,0.9190313,0.45798257,0.9633231,0.39,10.0,1.2,49
-0.0840331559181213,8.980365,0.9197682,0.45993888,0.99481475,0.39,10.0,1.2,49
-0.1726940722465515,8.866482,0.9062284,0.4642605,0.98939073,0.39,10.0,1.2,49
-0.1552238642692565,8.833769,0.91228,0.4489031,0.98987436,0.39,10.0,1.2,49
-0.1533568181991577,8.954535,0.8915621,0.46230933,0.9871247,0.39,10.0,1.2,49
-0.1662915295600891,8.925997,0.9051945,0.45074332,0.97859037,0.39,10.0,1.2,49
-0.1824730972290039,8.880139,0.90333647,0.46303397,0.9819864,0.39,10.0,1.2,49
-0.0990817048072814,9.122742,0.9118025,0.4587746,0.9854729,0.39,10.0,1.2,49
-0.1417430567741394,8.539987,0.90955955,0.4593782,0.993292,0.39,10.0,1.2,49
-0.1858517971038818,8.753262,0.9148085,0.46567348,0.9747796,0.39,10.0,1.2,49
-0.1279117894172668,8.050013,0.9078315,0.45562285,0.96695685,0.39,10.0,1.2,49
-0.1074303183555603,9.062924,0.9022009,0.46503404,0.9983803,0.39,10.0,1.2,49
-0.118358559513092,8.468085,0.91293603,0.45197803,0.9691057,0.39,10.0,1.2,49
-0.181024496269226,9.124845,0.9044396,0.4720481,0.9882965,0.39,10.0,1.2,49
-0.154563868522644,8.963079,0.89833575,0.4583421,0.9995433,0.39,10.0,1.2,49
-0.1400544065475464,8.991729,0.91841084,0.45491254,0.9466741,0.39,10.0,1.2,49
-0.132289286994934,9.17801,0.91607255,0.46238148,0.9914566,0.39,10.0,1.2,49
-0.1311447400093078,8.959185,0.90774536,0.44929847,0.93316317,0.39,10.0,1.2,49
-0.1387242676734924,8.631576,0.90936,0.46573818,0.9939544,0.39,10.0,1.2,49
-0.1082572813034057,8.75905,0.9059311,0.45515302,0.9797889,0.39,10.0,1.2,49
-0.1419429353713989,8.726169,0.8975348,0.46217355,0.99264574,0.39,10.0,1.2,49
-0.1085647747039794,8.696526,0.9075799,0.45331776,0.9874799,0.39,10.0,1.2,49
-0.1527666949272155,8.46253,0.9099808,0.45411813,0.95976925,0.39,10.0,1.2,49
-0.1251389392852783,8.47263,0.8988478,0.4524439,0.9710355,0.39,10.0,1.2,49
-0.1363691000938415,8.923955,0.89598584,0.46569523,0.9965551,0.39,10.0,1.2,49
-0.192568688583374,8.933247,0.9156614,0.46098828,0.99128366,0.39,10.0,1.2,49
-0.1284262523651123,9.003963,0.9224075,0.45740956,0.9734045,0.39,10.0,1.2,49
-0.1199625844955444,8.323102,0.8952067,0.4584472,0.99495614,0.39,10.0,1.2,49
-0.1653519975662231,8.996919,0.8989045,0.46544117,0.98614347,0.39,10.0,1.2,49
-0.1644852004051208,8.843293,0.9242066,0.45991087,0.9970572,0.39,10.0,1.2,49
-0.1099879972457885,8.434103,0.9234079,0.4560239,0.94607747,0.39,10.0,1.2,49
-0.1511040657997131,8.960067,0.9230507,0.4549792,0.9078274,0.39,10.0,1.2,49
-0.1211490340232849,8.968072,0.91245896,0.45577264,0.9541329,0.39,10.0,1.2,49
-0.1801872878074646,8.629389,0.9189737,0.47624448,0.9544257,0.39,10.0,1.2,49
-0.1561857328414917,8.992162,0.9135589,0.4644428,0.97269094,0.39,10.0,1.2,49
-0.1399335305213928,8.493064,0.927638,0.4470113,0.9475126,0.39,10.0,1.2,49
-0.1298352551460266,8.7215185,0.9143659,0.4457091,0.9454651,0.39,10.0,1.2,49
-0.1392076441764831,8.812016,0.91428566,0.46360767,0.95965254,0.39,10.0,1.2,49
-0.1463251673698425,9.159902,0.91043216,0.44046155,0.9883424,0.39,10.0,1.2,49
-0.1799195582389831,8.920224,0.91974854,0.4673429,0.9978663,0.39,10.0,1.2,49
-0.1541375441551208,9.184341,0.9114654,0.45212606,0.97959423,0.39,10.0,1.2,49
-0.1394838595390319,8.921003,0.9078346,0.4538144,0.9595417,0.39,10.0,1.2,49
-0.1573780583381653,8.983451,0.9028832,0.4649177,0.98901594,0.39,10.0,1.2,49
-0.1369650983810424,8.891082,0.91064614,0.45622626,0.9957799,0.39,10.0,1.2,49
-0.1385264271736145,8.930002,0.9124954,0.45371684,0.9729408,0.39,10.0,1.2,49
-0.106565035533905,9.255817,0.9198305,0.45096597,0.9817413,0.39,10.0,1.2,49
-0.1258230842590332,8.52193,0.918921,0.44950473,0.9750595,0.39,10.0,1.2,49
-0.1624798159599304,8.838291,0.9129723,0.45472312,0.9625163,0.39,10.0,1.2,49
-0.1452222599029541,9.025613,0.91084516,0.4614994,0.9888061,0.39,10.0,1.2,49
-0.1465108145713806,8.679811,0.9193993,0.4677692,0.9811362,0.39,10.0,1.2,49
-0.1168860511779785,8.920331,0.90846455,0.47129643,0.95026827,0.39,10.0,1.2,49
-0.1755348291397094,9.17109,0.9030342,0.4694699,0.9881916,0.39,10.0,1.2,49
-0.1464617772102356,8.775454,0.9212255,0.4689785,0.9801085,0.39,10.0,1.2,49
-0.1786495164871215,8.765245,0.9112959,0.46287888,0.9874754,0.39,10.0,1.2,49
-0.0955359761238098,8.70714,0.90686136,0.4535199,0.9488182,0.39,10.0,1.2,49
-0.1410197703361511,9.41665,0.92472976,0.4653989,0.93753076,0.39,10.0,1.2,49
-0.1085167839050293,8.581436,0.91824174,0.44935647,0.99520576,0.39,10.0,1.2,49
-0.1405730972290039,9.103241,0.9216533,0.4694664,0.9908626,0.39,10.0,1.2,49
-0.1462209331512451,9.035066,0.9284243,0.45888174,0.9873631,0.39,10.0,1.2,49
-0.120659797668457,9.409828,0.92247206,0.45393005,0.98447573,0.39,10.0,1.2,49
-0.1368864247322082,8.659189,0.90761614,0.4634369,0.9927304,0.39,10.0,1.2,49
-0.1458347274780273,8.792317,0.90905845,0.46546823,0.9434756,0.39,10.0,1.2,49
-0.1409366497039794,9.337135,0.9114019,0.45788705,0.979131,0.39,10.0,1.2,49
-0.1805384931564331,9.130373,0.9027283,0.47575247,0.9925629,0.39,10.0,1.2,49
-0.1475274974822998,8.806141,0.9190764,0.46438456,0.99187946,0.39,10.0,1.2,49
-0.1581155909538269,8.46819,0.9215924,0.46806797,0.91592515,0.39,10.0,1.2,49
-0.1083335766792297,8.98725,0.908846,0.45494908,0.947765,0.39,10.0,1.2,49
-0.1025415114402771,9.241272,0.90203005,0.45941818,0.9907341,0.39,10.0,1.2,49
-0.1549612309455871,9.266818,0.9155959,0.44293857,0.994557,0.39,10.0,1.2,49
-0.1514615144729614,8.754573,0.90601724,0.46027115,0.96228373,0.39,10.0,1.2,49
-0.1040813778877258,9.216219,0.9153464,0.4493932,0.97714376,0.39,10.0,1.2,49
-0.1640563416481018,9.227943,0.9156841,0.45895353,0.95432115,0.39,10.0,1.2,49
-0.187487057685852,8.721838,0.91418725,0.4774097,0.9242643,0.39,10.0,1.2,49
-0.0958704051017761,8.987089,0.91037273,0.44789535,0.94751465,0.39,10.0,1.2,49
-0.1277277519226074,8.116901,0.9182993,0.4511881,0.9023105,0.39,10.0,1.2,49
-0.1211138598442077,8.666561,0.9169456,0.45608258,0.98889613,0.39,10.0,1.2,49
-0.1251191854476928,8.771658,0.91781706,0.45830736,0.9505578,0.39,10.0,1.2,49
-0.169240897655487,9.315267,0.90442705,0.47204077,0.9882171,0.39,10.0,1.2,49
-0.1351008467674255,8.8825655,0.90919036,0.46549502,0.9694897,0.39,10.0,1.2,49
-0.1464423398017883,9.2442045,0.91578084,0.44747582,0.9699023,0.39,10.0,1.2,49
-0.0886555718421936,8.578735,0.9172162,0.4617819,0.9506005,0.39,10.0,1.2,49
-0.1614676760673523,8.996922,0.9058934,0.46496284,0.9761504,0.39,10.0,1.2,49
-0.1465691194534301,9.113755,0.9104279,0.46704227,0.9857776,0.39,10.0,1.2,49
-0.1459425699234008,8.695295,0.9104979,0.45508388,0.98677635,0.39,10.0,1.2,49
-0.1918885256767273,8.932317,0.91505206,0.45368564,0.9857657,0.39,10.0,1.2,49
-0.0963440868377685,8.904975,0.9216571,0.45184112,0.90755594,0.39,10.0,1.2,49
-0.1535379790306091,8.988839,0.9118083,0.46295953,0.9707757,0.39,10.0,1.2,49
-0.1366233028411865,8.60025,0.895965,0.46211752,0.98146486,0.39,10.0,1.2,49
-0.131594425868988,9.436462,0.9139349,0.45185304,0.9956759,0.39,10.0,1.2,49
-0.1562806536674499,8.802236,0.91413146,0.46283555,0.9885154,0.39,10.0,1.2,49
-0.0798552645683288,9.205738,0.90852916,0.45307565,0.99805665,0.39,10.0,1.2,49
-0.1134162324905395,9.145151,0.9171768,0.45957437,0.9677156,0.39,10.0,1.2,49
-0.127984815788269,8.698705,0.91321206,0.4497542,0.9896717,0.39,10.0,1.2,49
-0.1176670515060424,8.472302,0.91283774,0.46248195,0.98724306,0.39,10.0,1.2,49
-0.1393308784484863,8.574093,0.90291446,0.46211344,0.9794011,0.39,10.0,1.2,49
-0.1383289832115173,8.988629,0.9154468,0.46252,0.959344,0.39,10.0,1.2,49
-0.1058914560317993,8.99602,0.9219427,0.44537473,0.9550878,0.39,10.0,1.2,49
-0.0964305746078491,8.7433605,0.9054879,0.44674727,0.9923459,0.39,10.0,1.2,49
-0.124990720462799,9.045904,0.9219811,0.42809346,0.9494747,0.39,10.0,1.2,49
-0.141175422668457,8.34682,0.90626955,0.4593,0.9470209,0.39,10.0,1.2,49
-0.1368042916297912,8.775531,0.9118669,0.45304385,0.96205974,0.39,10.0,1.2,49
-0.1532532572746276,9.186268,0.9247511,0.4661653,0.9861778,0.39,10.0,1.2,49
-0.1138788393974304,8.760382,0.916633,0.4615147,0.9481889,0.39,10.0,1.2,49
-0.1627637076377868,8.982849,0.923748,0.4593294,0.9840617,0.39,10.0,1.2,49
-0.1861195649147033,9.031859,0.9075971,0.46090448,0.99915373,0.39,10.0,1.2,49
-0.1166837265014648,8.388103,0.9069678,0.44381577,0.98559713,0.39,10.0,1.2,49
-0.0914858073234558,8.922158,0.9242753,0.4655728,0.9317316,0.39,10.0,1.2,49
-0.1555222005844116,8.747988,0.9105675,0.45667905,0.99023104,0.39,10.0,1.2,49
-0.1084524731636047,8.732433,0.9118818,0.4611841,0.99823964,0.39,10.0,1.2,49
-0.1375426694869995,8.815496,0.9106811,0.45715225,0.9366417,0.39,10.0,1.2,49
-0.1650217293739319,9.585386,0.9218711,0.45878989,0.96870875,0.39,10.0,1.2,49
-0.1615016543388366,9.038785,0.90714705,0.46336278,0.9939288,0.39,10.0,1.2,49
-0.1679132895469665,8.932848,0.9178934,0.46724153,0.95975363,0.39,10.0,1.2,49
-0.1472401866912842,8.877816,0.9051398,0.45931894,0.99092543,0.39,10.0,1.2,49
-0.1349312409400939,9.175154,0.9027,0.46258906,0.93726623,0.39,10.0,1.2,49
-0.1354181782722473,9.225748,0.91246736,0.45769602,0.9758215,0.39,10.0,1.2,49
-0.1795855586051941,8.714293,0.9014998,0.4576085,0.99612296,0.39,10.0,1.2,49
-0.1427318245887756,8.204277,0.9014081,0.4478325,0.9834833,0.39,10.0,1.2,49
-0.1377665705680847,8.913236,0.91689193,0.4586722,0.9876492,0.39,10.0,1.2,49
-0.1502201646804809,8.7844715,0.919087,0.46664256,0.86189795,0.39,10.0,1.2,49
-0.1444491081237792,8.344455,0.90409255,0.4535791,0.9673774,0.39,10.0,1.2,49
-0.1348351814270019,8.929146,0.8995533,0.45704406,0.97701097,0.39,10.0,1.2,49
-0.1425571680068969,8.4683895,0.88831234,0.46354616,0.9974921,0.39,10.0,1.2,49
-0.1530098547935486,9.345827,0.9283996,0.44485107,0.95729387,0.39,10.0,1.2,49
-0.157640839767456,9.005001,0.91629714,0.46711135,0.98284733,0.39,10.0,1.2,49
-0.1565954730033874,9.062856,0.92564243,0.45801586,0.9949132,0.39,10.0,1.2,49
-0.1267876114845275,9.087405,0.91681755,0.46046692,0.9747436,0.39,10.0,1.2,49
-0.169572151184082,8.900375,0.9074781,0.4566494,0.9949981,0.39,10.0,1.2,49
-0.1773508793830871,9.105404,0.91588324,0.45664728,0.9941193,0.39,10.0,1.2,49
-0.1411328382492065,9.184675,0.91166544,0.4547744,0.9353062,0.39,10.0,1.2,49
-0.177781971168518,8.717306,0.91435975,0.45976132,0.96177936,0.39,10.0,1.2,49
-0.1777384800910949,9.209375,0.9086583,0.4497375,0.98874354,0.39,10.0,1.2,49
-0.154684501171112,9.107156,0.91583157,0.45597985,0.9889653,0.39,10.0,1.2,49
-0.1576088584899902,8.307472,0.91352487,0.4694713,0.9760065,0.39,10.0,1.2,49
-0.122222906589508,8.876548,0.9105923,0.45481718,0.9817233,0.39,10.0,1.2,49
-0.1246460382461547,8.473013,0.8995557,0.45084906,0.9747745,0.39,10.0,1.2,49
-0.1408919322013855,8.542016,0.91265404,0.46071535,0.96827686,0.39,10.0,1.2,49
-0.1151241564750671,8.887029,0.91499317,0.46320367,0.9877019,0.39,10.0,1.2,49
-0.1515005101203918,9.042088,0.91154087,0.45609188,0.99983263,0.39,10.0,1.2,49
-0.1696065993309021,8.970909,0.9069937,0.4735589,0.98819375,0.39,10.0,1.2,49
-0.1450945388793945,8.823803,0.91527367,0.45995712,0.96420133,0.39,10.0,1.2,49
-0.1463979620933532,8.606081,0.9148187,0.45172405,0.9915364,0.39,10.0,1.2,49
-0.1301091536521911,8.807512,0.91836154,0.4568504,0.96343195,0.39,10.0,1.2,49
-0.1542449355125427,8.873582,0.91211665,0.46143612,0.9834994,0.39,10.0,1.2,49
-0.1464609338760376,8.346475,0.91334766,0.45819828,0.93769157,0.39,10.0,1.2,49
-0.1697150157928466,9.169537,0.9151989,0.46242028,0.9497669,0.39,10.0,1.2,49
-0.1471128419876098,8.458639,0.9108181,0.45142704,0.94488454,0.39,10.0,1.2,49
-0.1672421875,9.186969,0.9090296,0.46560472,0.9292319,0.39,10.0,1.2,49
-0.1472415719032287,8.611121,0.91543305,0.45523447,0.9442388,0.39,10.0,1.2,49
-0.1614574675559997,9.575577,0.92494464,0.4628422,0.9872308,0.39,10.0,1.2,49
-0.1302586433410644,8.828061,0.92075175,0.47296023,0.97162735,0.39,10.0,1.2,49
-0.1229257849693298,9.702517,0.9151729,0.4595984,0.9793322,0.39,10.0,1.2,49
-0.1775884534835815,9.253824,0.91188437,0.4627042,0.9490591,0.39,10.0,1.2,49
-0.1280787484169006,8.721016,0.9219616,0.45754158,0.97081554,0.39,10.0,1.2,49
-0.1135094534873962,8.903554,0.90404546,0.4567855,0.98640215,0.39,10.0,1.2,49
-0.179858820438385,8.616638,0.90303165,0.46856174,0.96417856,0.39,10.0,1.2,49
-0.1129725932121276,8.97122,0.9213353,0.4417163,0.9733349,0.39,10.0,1.2,49
-0.1783516299247741,9.441069,0.91643304,0.47232223,0.9811579,0.39,10.0,1.2,49
-0.1783364750862121,9.011639,0.9056732,0.4732354,0.9370811,0.39,10.0,1.2,49
-0.1486057704925537,9.34013,0.9097667,0.47133002,0.98795223,0.39,10.0,1.2,49
-0.121718346118927,8.811412,0.915414,0.45479655,0.92808366,0.39,10.0,1.2,49
-0.1475331715583801,8.648325,0.91790336,0.46453544,0.9692495,0.39,10.0,1.2,49
-0.154422354888916,8.739937,0.90224355,0.46598616,0.99650514,0.39,10.0,1.2,49
-0.1058436645507812,8.739034,0.9082323,0.4584284,0.96919215,0.39,10.0,1.2,49
-0.161852907371521,8.445547,0.922153,0.46801642,0.8897947,0.39,10.0,1.2,49
-0.1406319049835205,8.486939,0.896863,0.45566562,0.98716486,0.39,10.0,1.2,49
-0.1231276984214782,8.525281,0.9138995,0.44453174,0.959676,0.39,10.0,1.2,49
-0.154557659626007,8.958912,0.90801704,0.45886287,0.97492373,0.39,10.0,1.2,49
0.0408685195064544,8.952294,0.8626579,0.5189704,0.99967885,0.35,10.0,1.2,50
-0.0206108413696289,8.673897,0.86131394,0.5183637,0.93679106,0.35,10.0,1.2,50
-0.0133578950309753,8.641315,0.86498356,0.5145927,0.92926586,0.35,10.0,1.2,50
-0.0210485159301757,8.682276,0.8772035,0.5244134,0.79026425,0.35,10.0,1.2,50
0.0180779017066955,8.823896,0.8696805,0.5139292,0.95473266,0.35,10.0,1.2,50
0.0371435167884826,8.769766,0.8545862,0.52000034,0.93698287,0.35,10.0,1.2,50
0.0077797983932495,8.267506,0.85959417,0.5140012,0.8234662,0.35,10.0,1.2,50
-0.0035206139564514,8.434696,0.85114825,0.5162156,0.90669274,0.35,10.0,1.2,50
-0.0106588733196258,8.827329,0.8635192,0.5225038,0.95617807,0.35,10.0,1.2,50
0.0560376967716217,8.780921,0.8640692,0.4999925,0.9268527,0.35,10.0,1.2,50
-0.0111886893177032,8.532268,0.8778994,0.5076098,0.83822227,0.35,10.0,1.2,50
0.0582152620410919,8.546878,0.8482629,0.4916507,0.9285464,0.35,10.0,1.2,50
-0.0572002813053131,8.426621,0.844772,0.5179162,0.9796008,0.35,10.0,1.2,50
0.0466982356357574,8.820327,0.8533997,0.52008414,0.89924824,0.35,10.0,1.2,50
-0.0045586144351959,8.67302,0.8447453,0.5174909,0.95277774,0.35,10.0,1.2,50
-0.0042249273204803,8.999253,0.86082274,0.5055467,0.9595128,0.35,10.0,1.2,50
-0.0303787418556213,9.183319,0.8665114,0.5182474,0.88336146,0.35,10.0,1.2,50
-0.0040292234420776,8.483934,0.85791665,0.5068402,0.96601117,0.35,10.0,1.2,50
0.0166421032905578,8.345518,0.8500054,0.51411074,0.8990283,0.35,10.0,1.2,50
0.0035534016227722,9.145027,0.8740832,0.51629806,0.8581135,0.35,10.0,1.2,50
0.0588297094917297,9.04244,0.85655034,0.50828934,0.9614184,0.35,10.0,1.2,50
0.0076475813961029,8.661958,0.85758644,0.51397204,0.99353313,0.35,10.0,1.2,50
-0.0156520073890686,8.685465,0.88854074,0.51902354,0.7419584,0.35,10.0,1.2,50
-0.0061930380535125,8.812631,0.86351633,0.5112315,0.84535575,0.35,10.0,1.2,50
-0.0046915021419525,9.103436,0.84723794,0.5216853,0.9911456,0.35,10.0,1.2,50
-0.0202958696365356,8.969898,0.85400146,0.5229524,0.8717458,0.35,10.0,1.2,50
0.0738228607273101,8.415214,0.8621823,0.4848626,0.84119236,0.35,10.0,1.2,50
-0.0147187290859222,8.772338,0.8628322,0.51545554,0.8909277,0.35,10.0,1.2,50
0.0436222129917144,9.218169,0.87596464,0.5198786,0.88027346,0.35,10.0,1.2,50
-0.0120210613441467,9.089497,0.86472553,0.52736,0.9272969,0.35,10.0,1.2,50
0.0132658840751647,9.033304,0.86952925,0.50509596,0.9433545,0.35,10.0,1.2,50
0.0641083776473999,9.121342,0.86232024,0.49177974,0.90185606,0.35,10.0,1.2,50
0.0019808941173553,8.646749,0.8509319,0.5215962,0.99963033,0.35,10.0,1.2,50
0.0291900608825683,8.964966,0.89240736,0.51504433,0.6992047,0.35,10.0,1.2,50
0.0286426650333404,8.891089,0.87689126,0.50723445,0.7064519,0.35,10.0,1.2,50
-0.0002128509998321,8.7989855,0.8517009,0.5166648,0.89973724,0.35,10.0,1.2,50
0.0598077644634246,9.060109,0.8650831,0.49502134,0.8033085,0.35,10.0,1.2,50
0.0182342446136474,9.137009,0.8568309,0.5290043,0.9166627,0.35,10.0,1.2,50
0.0278901748657226,8.896637,0.8655415,0.527757,0.9723517,0.35,10.0,1.2,50
0.0160065221118927,8.54832,0.85744077,0.5115455,0.98865616,0.35,10.0,1.2,50
0.016160670595169,8.612445,0.8583669,0.52691996,0.9536146,0.35,10.0,1.2,50
0.0112093423652648,8.793219,0.88100135,0.50805676,0.80187285,0.35,10.0,1.2,50
-0.0050432537555694,8.751264,0.8591826,0.5081178,0.99661136,0.35,10.0,1.2,50
-0.0080654932403564,8.606077,0.8484981,0.518899,0.93026364,0.35,10.0,1.2,50
0.04081234292984,8.770018,0.84477544,0.50610715,0.98435247,0.35,10.0,1.2,50
0.0233467832374572,8.477285,0.8523989,0.50613827,0.9057436,0.35,10.0,1.2,50
0.0378418137359619,8.890236,0.86643213,0.5119462,0.97816205,0.35,10.0,1.2,50
0.0063674864101409,8.725083,0.8566454,0.5173835,0.86445975,0.35,10.0,1.2,50
0.0271702114868164,8.663643,0.85007757,0.50499374,0.97876525,0.35,10.0,1.2,50
0.0268864554500579,8.619576,0.8650519,0.503767,0.82373774,0.35,10.0,1.2,50
0.0815200621891021,8.926719,0.85431147,0.5002862,0.9548757,0.35,10.0,1.2,50
0.0521033491134643,8.01157,0.85555065,0.5049632,0.98410237,0.35,10.0,1.2,50
0.0007503694629669,8.696109,0.86598533,0.50482696,0.9319756,0.35,10.0,1.2,50
0.0496799576282501,8.783221,0.85595024,0.51302963,0.9707464,0.35,10.0,1.2,50
0.0306306908130645,9.230113,0.8621629,0.5063392,0.9618143,0.35,10.0,1.2,50
-0.0249905628204345,8.685789,0.8467392,0.5237952,0.95684457,0.35,10.0,1.2,50
-0.0045033054065704,8.869336,0.84930056,0.5157849,0.9025011,0.35,10.0,1.2,50
0.0214992659091949,8.6519,0.8842915,0.5104564,0.77595425,0.35,10.0,1.2,50
0.0298253360080719,9.159682,0.85618913,0.5117171,0.9900974,0.35,10.0,1.2,50
0.0210774130916595,8.3431635,0.8608747,0.5060728,0.9276277,0.35,10.0,1.2,50
0.0297620263671875,8.963676,0.87070465,0.5019244,0.8285531,0.35,10.0,1.2,50
0.0320730019855499,8.846171,0.8545953,0.5135203,0.8774725,0.35,10.0,1.2,50
-0.0028956134700775,9.249173,0.8631801,0.51167476,0.88093877,0.35,10.0,1.2,50
0.06406074634552,8.107143,0.8693731,0.52051383,0.87890625,0.35,10.0,1.2,50
0.0690227281379699,8.792341,0.8623821,0.49997643,0.9030398,0.35,10.0,1.2,50
0.0696946289825439,8.696793,0.8518553,0.50165755,0.91177595,0.35,10.0,1.2,50
0.0329122314119339,7.966167,0.8541472,0.5198997,0.9274771,0.35,10.0,1.2,50
0.0843872081851959,8.606826,0.86496377,0.50755525,0.8934531,0.35,10.0,1.2,50
0.0192813070869445,9.252287,0.8674611,0.5123603,0.91996026,0.35,10.0,1.2,50
0.0294557485389709,8.498304,0.86105293,0.50637144,0.9327363,0.35,10.0,1.2,50
-0.0172649544715881,8.877716,0.8560613,0.52453697,0.8788128,0.35,10.0,1.2,50
0.0139254853248596,8.471746,0.8536114,0.51222694,0.8766736,0.35,10.0,1.2,50
0.0438755165100097,8.394966,0.8436884,0.5135098,0.9838834,0.35,10.0,1.2,50
-0.0088783658885955,9.134532,0.87312675,0.5149033,0.83673835,0.35,10.0,1.2,50
0.0138937409687042,9.1781645,0.88518643,0.5133377,0.8355366,0.35,10.0,1.2,50
0.0252385611629486,8.460465,0.85972494,0.5069832,0.9863727,0.35,10.0,1.2,50
0.0557996325492858,9.141016,0.88564503,0.5019427,0.744259,0.35,10.0,1.2,50
0.0155498561954498,8.993712,0.85780644,0.51370955,0.886798,0.35,10.0,1.2,50
-0.0138476087093353,8.806596,0.85362595,0.5236164,0.9845886,0.35,10.0,1.2,50
-0.0455248399257659,9.076924,0.8593235,0.50984025,0.8508332,0.35,10.0,1.2,50
0.0575172634124755,8.654785,0.87853676,0.50710595,0.787199,0.35,10.0,1.2,50
-0.0094243638515472,8.322549,0.859342,0.5138146,0.8012532,0.35,10.0,1.2,50
-0.026359533920288,8.48477,0.8605715,0.5250382,0.95155346,0.35,10.0,1.2,50
0.0239014870929718,8.768886,0.8519735,0.50865465,0.9181535,0.35,10.0,1.2,50
-0.0070719400405883,8.49122,0.8557063,0.51533574,0.9845295,0.35,10.0,1.2,50
0.0309242498683929,8.592027,0.85702354,0.5111047,0.9629648,0.35,10.0,1.2,50
0.0379169070243835,8.570833,0.86518896,0.5059384,0.8786788,0.35,10.0,1.2,50
-0.0096902362346649,9.04964,0.8670392,0.50930196,0.91598094,0.35,10.0,1.2,50
0.00659990234375,8.692236,0.8779943,0.5201388,0.8703096,0.35,10.0,1.2,50
-0.0271190844249725,9.409869,0.8862967,0.5108142,0.7212876,0.35,10.0,1.2,50
-0.0490305631542205,8.785115,0.87746054,0.5204497,0.7464771,0.35,10.0,1.2,50
-0.0381095913124084,8.426226,0.8675827,0.5228549,0.9061098,0.35,10.0,1.2,50
-0.0025218289756774,9.390026,0.871675,0.52128375,0.85743165,0.35,10.0,1.2,50
0.0059553611373901,8.828274,0.8813832,0.514547,0.73825455,0.35,10.0,1.2,50
0.0083298944282531,9.163244,0.8671296,0.5120432,0.898386,0.35,10.0,1.2,50
-0.0112140752792358,9.235554,0.85682464,0.5157272,0.9274019,0.35,10.0,1.2,50
-0.0116380614471435,8.57065,0.849645,0.5197053,0.98884785,0.35,10.0,1.2,50
0.0113955843544006,9.053579,0.8573246,0.5039022,0.9202901,0.35,10.0,1.2,50
-0.028248675956726,8.704687,0.86964744,0.5088249,0.80393517,0.35,10.0,1.2,50
0.0299151270866394,8.558397,0.85594887,0.5015242,0.939335,0.35,10.0,1.2,50
-0.0114804912281036,8.477033,0.856364,0.5227258,0.98886645,0.35,10.0,1.2,50
0.005935828332901,8.477052,0.8641842,0.5060161,0.82638776,0.35,10.0,1.2,50
0.0085728221035003,8.5697565,0.8522805,0.5105011,0.93737185,0.35,10.0,1.2,50
0.0260750513648986,9.122129,0.85250306,0.50639,0.9825916,0.35,10.0,1.2,50
0.055987539730072,8.382402,0.85813314,0.5073262,0.90662706,0.35,10.0,1.2,50
-0.0055344952011108,8.456427,0.8547164,0.52523637,0.95440125,0.35,10.0,1.2,50
-0.0303327267646789,8.789177,0.8549979,0.5076244,0.84415436,0.35,10.0,1.2,50
-0.0201530456256866,9.010289,0.8612858,0.514389,0.92167735,0.35,10.0,1.2,50
-0.0041031221866607,8.907943,0.86709756,0.5153156,0.920769,0.35,10.0,1.2,50
0.0466565322208404,8.974135,0.87227917,0.50483423,0.92721033,0.35,10.0,1.2,50
0.0960467586326599,9.083384,0.8722582,0.51518124,0.76834655,0.35,10.0,1.2,50
0.030044649362564,8.594108,0.85885715,0.5118974,0.96369445,0.35,10.0,1.2,50
0.0074239852046966,8.949815,0.8574714,0.5218585,0.99092066,0.35,10.0,1.2,50
-0.0251493223667144,8.648171,0.8724705,0.5227354,0.88286126,0.35,10.0,1.2,50
0.0678250092983245,9.54699,0.86930704,0.52790135,0.92489326,0.35,10.0,1.2,50
0.0348722045707702,8.49428,0.85033154,0.5106896,0.98834527,0.35,10.0,1.2,50
0.0099195102024078,8.944228,0.86825496,0.5168538,0.9550798,0.35,10.0,1.2,50
-0.0139755698108673,8.70431,0.84255356,0.5209303,0.97379196,0.35,10.0,1.2,50
0.0175320861339569,8.962369,0.85749924,0.51726866,0.98439586,0.35,10.0,1.2,50
0.0055976030158996,8.322752,0.8547607,0.51559705,0.9913707,0.35,10.0,1.2,50
0.0268987416553497,8.941234,0.87021637,0.5137846,0.88131547,0.35,10.0,1.2,50
0.0057263348865509,8.778956,0.87378085,0.51530653,0.77281034,0.35,10.0,1.2,50
-0.0094799414348602,9.06173,0.87759805,0.52007806,0.7975588,0.35,10.0,1.2,50
0.0756474789714813,8.428746,0.86031103,0.506328,0.73525286,0.35,10.0,1.2,50
0.0579447661018371,8.944555,0.88661915,0.50794584,0.73100686,0.35,10.0,1.2,50
0.0123467895030975,9.200635,0.86911005,0.52106804,0.9804337,0.35,10.0,1.2,50
-0.0316553425025939,8.679321,0.86922514,0.5188423,0.94836414,0.35,10.0,1.2,50
0.0099605451869964,8.567079,0.86186045,0.51644266,0.8663738,0.35,10.0,1.2,50
0.0252498786735534,8.676432,0.8607813,0.5141602,0.8539424,0.35,10.0,1.2,50
0.0243865934944152,8.348471,0.86452895,0.509601,0.97351015,0.35,10.0,1.2,50
-0.0123153142166137,8.736017,0.8636786,0.5215174,0.93468976,0.35,10.0,1.2,50
-0.0237499995422363,9.082144,0.86777127,0.5252269,0.8474829,0.35,10.0,1.2,50
0.041628837184906,9.039286,0.8837627,0.4988747,0.6864259,0.35,10.0,1.2,50
0.0683661788940429,9.006538,0.8655377,0.4985216,0.9042851,0.35,10.0,1.2,50
0.0161761998748779,8.472,0.86138546,0.53006667,0.9294727,0.35,10.0,1.2,50
0.0047250935363769,8.874214,0.85530454,0.5145228,0.9788506,0.35,10.0,1.2,50
0.0046568379878997,8.730941,0.8907005,0.51477474,0.7039039,0.35,10.0,1.2,50
0.0293389666175842,8.457533,0.85578454,0.5044676,0.9967747,0.35,10.0,1.2,50
-0.0337776494407653,8.744274,0.8558586,0.5303283,0.99911463,0.35,10.0,1.2,50
0.0219023110866546,8.42669,0.86456925,0.5139003,0.941604,0.35,10.0,1.2,50
-0.0445802627944946,8.663202,0.85055524,0.5223837,0.98150027,0.35,10.0,1.2,50
-0.0143388484001159,8.438892,0.8698733,0.52170527,0.7582656,0.35,10.0,1.2,50
0.0062217247962951,8.581953,0.85257095,0.5159493,0.9374236,0.35,10.0,1.2,50
0.0163174613285064,8.477691,0.88442224,0.52123135,0.77863216,0.35,10.0,1.2,50
0.0457992283439636,8.42238,0.87108064,0.5154155,0.92208755,0.35,10.0,1.2,50
0.0047959183692932,9.107437,0.86438495,0.51636255,0.90834093,0.35,10.0,1.2,50
0.0728419934368133,8.8181505,0.87548625,0.5052715,0.7989743,0.35,10.0,1.2,50
0.0131373989200592,8.946334,0.8606237,0.51898646,0.92690384,0.35,10.0,1.2,50
0.0066496645927429,8.9315605,0.84383726,0.51361924,0.9758166,0.35,10.0,1.2,50
0.0368413037776947,9.039636,0.8633307,0.5076528,0.9200126,0.35,10.0,1.2,50
0.0517700523662567,8.832944,0.86723137,0.5105194,0.7631531,0.35,10.0,1.2,50
-0.0168965113353729,8.598941,0.8534049,0.52033377,0.98168397,0.35,10.0,1.2,50
0.0371405551242828,8.814567,0.8806845,0.49733603,0.81281066,0.35,10.0,1.2,50
-0.0013141811084747,8.979934,0.8683467,0.5172126,0.8535923,0.35,10.0,1.2,50
0.0642876797962188,8.0983,0.8558552,0.50188345,0.9544445,0.35,10.0,1.2,50
0.0054182550525665,8.640538,0.8482785,0.5213871,0.9156779,0.35,10.0,1.2,50
0.0135458436489105,8.957963,0.87216747,0.5226019,0.9030409,0.35,10.0,1.2,50
0.0079720947265625,8.786936,0.8686255,0.4964603,0.75182176,0.35,10.0,1.2,50
0.0100701628303527,8.962675,0.86954474,0.51533926,0.96984065,0.35,10.0,1.2,50
0.0373213161468505,8.966675,0.86752224,0.50213766,0.89289427,0.35,10.0,1.2,50
0.0281987919902801,8.985654,0.8794355,0.5182996,0.7284523,0.35,10.0,1.2,50
0.0649788470745086,9.008794,0.8680649,0.50661486,0.81103945,0.35,10.0,1.2,50
-0.0037665257835388,8.631407,0.8518977,0.5166453,0.97621393,0.35,10.0,1.2,50
-0.0103624110412597,8.461206,0.8745956,0.5217277,0.8705375,0.35,10.0,1.2,50
-0.0147594914913177,8.385129,0.8645762,0.509244,0.92456007,0.35,10.0,1.2,50
-0.004949160785675,9.125088,0.8712842,0.5066547,0.8235228,0.35,10.0,1.2,50
0.0006963481521606,9.183346,0.85823005,0.51671875,0.9756514,0.35,10.0,1.2,50
0.0027224700450897,9.422231,0.8679369,0.5040171,0.8300941,0.35,10.0,1.2,50
0.0298618147182464,8.60595,0.8496884,0.51046723,0.95370007,0.35,10.0,1.2,50
-0.0145294276428222,8.966883,0.8548058,0.5161333,0.9990182,0.35,10.0,1.2,50
0.038657570772171,9.038127,0.85854995,0.5168625,0.9727167,0.35,10.0,1.2,50
0.052458086566925,9.170988,0.8694124,0.512802,0.8070358,0.35,10.0,1.2,50
0.000717933139801,8.925711,0.8515855,0.5105458,0.94896877,0.35,10.0,1.2,50
0.0206344624137878,8.463045,0.85183984,0.52372825,0.9108745,0.35,10.0,1.2,50
0.0148605181026458,9.144433,0.86573106,0.5031004,0.8278495,0.35,10.0,1.2,50
0.0386802608776092,8.148282,0.85205245,0.50204206,0.90872073,0.35,10.0,1.2,50
0.0540113873958587,8.644967,0.8578998,0.49974504,0.96406496,0.35,10.0,1.2,50
-0.0205300144863128,8.804009,0.8553196,0.5269397,0.95162106,0.35,10.0,1.2,50
-0.0091227139472961,8.799324,0.85906714,0.5180938,0.7763245,0.35,10.0,1.2,50
0.0101213734149932,8.867908,0.8648688,0.5287792,0.9616982,0.35,10.0,1.2,50
-0.0012847855949401,8.619362,0.8780645,0.5116046,0.837072,0.35,10.0,1.2,50
0.0517912997817993,8.54343,0.8704892,0.5131548,0.7999271,0.35,10.0,1.2,50
-0.0118891006660461,8.650835,0.8691209,0.5031075,0.7984519,0.35,10.0,1.2,50
-0.0107434056186676,8.378564,0.8446897,0.51281255,0.95787966,0.35,10.0,1.2,50
0.0127212995338439,8.686598,0.85415196,0.51864415,0.9880675,0.35,10.0,1.2,50
-0.0361435933971405,8.677369,0.86900663,0.50823116,0.75972295,0.35,10.0,1.2,50
0.0070076101589202,8.62346,0.86384046,0.51442224,0.93785346,0.35,10.0,1.2,50
-0.0319102319431304,8.594783,0.8673983,0.513642,0.7952632,0.35,10.0,1.2,50
0.006205910167694,8.94488,0.85959816,0.5045672,0.92682827,0.35,10.0,1.2,50
0.033617746553421,8.821498,0.84644526,0.51177984,0.9802313,0.35,10.0,1.2,50
0.0155438734054565,8.745823,0.84665227,0.5227309,0.9381162,0.35,10.0,1.2,50
0.0802718739128112,8.908831,0.84558356,0.49616754,0.99372876,0.35,10.0,1.2,50
0.02867792263031,9.257069,0.859075,0.50287277,0.9429971,0.35,10.0,1.2,50
-0.0056908675384521,9.140404,0.85933447,0.5162106,0.99765694,0.35,10.0,1.2,50
0.0267382879734039,9.050994,0.85131335,0.51272845,0.97867393,0.35,10.0,1.2,50
-0.0164027876758575,8.63413,0.86404645,0.5117894,0.8955492,0.35,10.0,1.2,50
-0.0269352877044677,8.599869,0.8501945,0.50664455,0.9696344,0.35,10.0,1.2,50
0.0568247327899932,8.721438,0.85963434,0.5046428,0.9055711,0.35,10.0,1.2,50
0.0615837949371337,9.027077,0.8671188,0.50580674,0.9387984,0.35,10.0,1.2,50
0.0045338307666778,8.456452,0.86197966,0.51710355,0.97644854,0.35,10.0,1.2,50
0.0003642896175384,9.004531,0.8788025,0.5137332,0.81306314,0.35,10.0,1.2,50
0.0261626129627227,8.884196,0.8550523,0.5005309,0.99042845,0.35,10.0,1.2,50
0.0068393806552886,8.589393,0.8530003,0.49904308,0.9476013,0.35,10.0,1.2,50
0.0316152226066589,9.144503,0.87038344,0.5057784,0.8376845,0.35,10.0,1.2,50
0.0639085875320434,8.814838,0.85956705,0.51062715,0.82593787,0.35,10.0,1.2,50
0.0155789996242523,9.333993,0.86989844,0.51458144,0.8873193,0.35,10.0,1.2,50
0.031609133195877,8.630176,0.8770734,0.5138785,0.83956945,0.35,10.0,1.2,50
0.0324169104099273,8.859801,0.8556576,0.514628,0.88664675,0.35,10.0,1.2,50
0.0666340454864502,8.996208,0.8622841,0.5105093,0.93444955,0.35,10.0,1.2,50
0.008519423007965,8.876324,0.8525696,0.51197153,0.9524299,0.35,10.0,1.2,50
-0.0539747427463531,8.366456,0.8658487,0.5238884,0.84186435,0.35,10.0,1.2,50
0.0280434064006805,8.776074,0.86585605,0.5173486,0.9175432,0.35,10.0,1.2,50
-0.0070110183429717,8.692754,0.86532307,0.5141526,0.85317075,0.35,10.0,1.2,50
0.0044984730243682,9.047494,0.8623404,0.52007806,0.98294735,0.35,10.0,1.2,50
0.0307004262447357,8.495202,0.8980888,0.50350964,0.6917819,0.35,10.0,1.2,50
0.0109015381431579,8.92531,0.88012815,0.50662863,0.8208145,0.35,10.0,1.2,50
0.0297283344078064,8.313005,0.85337037,0.5128231,0.92713726,0.35,10.0,1.2,50
0.0362953888702392,8.975685,0.871212,0.5111829,0.9323163,0.35,10.0,1.2,50
0.0005165233421325,8.401077,0.8603189,0.507272,0.89917386,0.35,10.0,1.2,50
0.0055794667053222,8.8096695,0.86635375,0.5079121,0.90060234,0.35,10.0,1.2,50
0.0310963185405731,9.944936,0.87937224,0.49645248,0.8447908,0.35,10.0,1.2,50
-0.0396344743728637,8.652439,0.86488223,0.5231582,0.8306291,0.35,10.0,1.2,50
-0.0111637236785888,8.711288,0.86580884,0.5205729,0.9285755,0.35,10.0,1.2,50
-0.0141100041389465,9.257107,0.861648,0.5148223,0.88123345,0.35,10.0,1.2,50
0.0149654692649841,9.061136,0.8568773,0.5029548,0.92922795,0.35,10.0,1.2,50
0.0128508441543579,8.619228,0.8611862,0.5156391,0.93558526,0.35,10.0,1.2,50
-0.0200760727119445,8.9368515,0.86844385,0.5060294,0.8120253,0.35,10.0,1.2,50
-0.0056329574775695,8.666389,0.844293,0.5063942,0.89960325,0.35,10.0,1.2,50
-0.0447456052017211,8.176754,0.869456,0.5236974,0.9745995,0.35,10.0,1.2,50
0.0079444151496887,8.921858,0.84882563,0.5205214,0.9895749,0.35,10.0,1.2,50
0.0052829832839965,9.102314,0.87402844,0.52109754,0.79474926,0.35,10.0,1.2,50
-0.0242217209339141,8.680797,0.859074,0.5294436,0.9518291,0.35,10.0,1.2,50
-0.0140793940925598,8.636013,0.85153365,0.51696193,0.9684415,0.35,10.0,1.2,50
-0.0183617067813873,8.935256,0.859684,0.5060102,0.76883686,0.35,10.0,1.2,50
0.0063775004005432,8.874203,0.86402214,0.49998176,0.9631653,0.35,10.0,1.2,50
0.0142262744998931,8.768073,0.8617165,0.508033,0.7895856,0.35,10.0,1.2,50
-0.004845118112564,9.169686,0.8711693,0.50082076,0.81922626,0.35,10.0,1.2,50
-0.0026671025180816,8.734199,0.85983694,0.502693,0.88595414,0.35,10.0,1.2,50
0.0564602108573913,9.804865,0.8685008,0.515334,0.906803,0.35,10.0,1.2,50
0.0712955283737182,9.140049,0.8717051,0.5069755,0.83381903,0.35,10.0,1.2,50
0.0429436355400085,8.515337,0.8751605,0.5042016,0.8218688,0.35,10.0,1.2,50
-0.0134434960746765,8.898359,0.87647915,0.53147984,0.7954421,0.35,10.0,1.2,50
0.0379426438808441,8.157563,0.8567564,0.50458825,0.95556605,0.35,10.0,1.2,50
0.0523812370300292,9.000587,0.85908735,0.50065327,0.9690708,0.35,10.0,1.2,50
0.0221385431861877,8.483358,0.8670169,0.50639987,0.8732319,0.35,10.0,1.2,50
0.0117620096969604,8.156803,0.8602056,0.51049644,0.9088026,0.35,10.0,1.2,50
0.0257464497375488,8.988045,0.8708762,0.5077041,0.9294349,0.35,10.0,1.2,50
0.0213952350616455,8.7480545,0.8637328,0.50357664,0.95997167,0.35,10.0,1.2,50
0.0202028415298461,9.105412,0.8674835,0.5086506,0.89953315,0.35,10.0,1.2,50
0.013878213481903,9.253099,0.8630675,0.49824807,0.8797641,0.35,10.0,1.2,50
0.0140905221557617,9.075142,0.85858583,0.50955313,0.88886476,0.35,10.0,1.2,50
0.0535546893119812,8.672991,0.856922,0.49612486,0.93459034,0.35,10.0,1.2,50
0.0461133496856689,8.8209305,0.85850614,0.5220617,0.918944,0.35,10.0,1.2,50
0.030418105392456,8.771179,0.8675227,0.5044398,0.77463853,0.35,10.0,1.2,50
0.0168891686725616,9.220851,0.8625145,0.52469105,0.90884554,0.35,10.0,1.2,50
0.0740959510612487,8.516901,0.86965203,0.49730793,0.76570475,0.35,10.0,1.2,50
0.0218152831077575,9.079866,0.86110604,0.4964432,0.94233096,0.35,10.0,1.2,50
-0.029162678565979,8.737904,0.86382455,0.5201307,0.9441091,0.35,10.0,1.2,50
0.0413665331363678,8.822951,0.8694985,0.5060733,0.8773987,0.35,10.0,1.2,50
0.0152813373088836,8.703046,0.85525036,0.5240241,0.99637306,0.35,10.0,1.2,50
-0.0177732597064971,8.50221,0.8499392,0.5093164,0.9094541,0.35,10.0,1.2,50
-0.0115848470211029,8.753104,0.8708862,0.5263668,0.9356376,0.35,10.0,1.2,50
-0.0081713120365142,8.619805,0.85274774,0.50263965,0.9842684,0.35,10.0,1.2,50
0.0331539994049072,8.882263,0.8710475,0.50011975,0.9445485,0.35,10.0,1.2,50
0.0374357899188995,9.027705,0.86224294,0.50673527,0.9195249,0.35,10.0,1.2,50
-0.0198476756763458,8.678182,0.85378784,0.5169307,0.9926386,0.35,10.0,1.2,50
0.0701857216453552,8.949343,0.8568447,0.50334316,0.983583,0.35,10.0,1.2,50
-0.0276441184997558,8.236914,0.86486787,0.52882016,0.92922056,0.35,10.0,1.2,50
0.0161223003387451,8.92498,0.8579418,0.50048095,0.96743345,0.35,10.0,1.2,50
0.0409336768245697,8.761407,0.8628594,0.5134181,0.8782178,0.35,10.0,1.2,50
-0.0139890316390991,8.410269,0.8538627,0.5090177,0.9493433,0.35,10.0,1.2,50
0.0712998725891113,8.457489,0.85868144,0.5093358,0.94377613,0.35,10.0,1.2,50
0.000489062385559,8.759096,0.85483253,0.5068196,0.90827453,0.35,10.0,1.2,50
0.0171678123283386,8.785837,0.86351323,0.5054185,0.92719114,0.35,10.0,1.2,50
0.0252362611770629,9.113293,0.86701,0.50264233,0.88449347,0.35,10.0,1.2,50
0.008293818244934,8.660189,0.8775434,0.52180725,0.8534217,0.35,10.0,1.2,50
0.0233045040225982,9.285689,0.86456716,0.5147274,0.96075916,0.35,10.0,1.2,50
0.0481862063407897,9.170008,0.84676844,0.5046899,0.9722998,0.35,10.0,1.2,50
0.0581418441104888,9.0598135,0.84590006,0.49251974,0.94692934,0.35,10.0,1.2,50
-0.0166349698543548,8.743653,0.85363406,0.5297253,0.98140013,0.35,10.0,1.2,50
-0.009323817653656,8.903769,0.85879266,0.5116862,0.9273795,0.35,10.0,1.2,50
0.0042132035064697,8.678749,0.86489147,0.5101977,0.8960886,0.35,10.0,1.2,50
0.0669391432094574,8.890031,0.8483747,0.50232035,0.9964249,0.35,10.0,1.2,50
0.0417839280891418,9.037245,0.8650278,0.50471574,0.8909886,0.35,10.0,1.2,50
0.0156326825714111,9.074989,0.85720086,0.51065123,0.9226917,0.35,10.0,1.2,50
-0.0325265960216522,8.543401,0.8706169,0.5186582,0.8198489,0.35,10.0,1.2,50
0.0092060904121398,8.89691,0.85881984,0.5226312,0.98565125,0.35,10.0,1.2,50
0.0424868876743316,8.569091,0.8576829,0.49981654,0.9605607,0.35,10.0,1.2,50
0.0609087750434875,8.309622,0.865252,0.5066657,0.7454426,0.35,10.0,1.2,50
-0.0057693511009216,8.858719,0.85114896,0.5101417,0.9765072,0.35,10.0,1.2,50
-0.080682388305664,8.9270115,0.8638338,0.5340279,0.9973078,0.35,10.0,1.2,50
0.0286675895786285,9.011489,0.86014044,0.5241625,0.9443432,0.35,10.0,1.2,50
0.0214890439510345,8.696389,0.87727094,0.50849885,0.868675,0.35,10.0,1.2,50
-0.002463945569992,9.058019,0.86900896,0.5164683,0.8847319,0.35,10.0,1.2,50
-0.0021125406265258,9.021482,0.8694987,0.51920086,0.8403442,0.35,10.0,1.2,50
-0.0084797890853881,9.008396,0.8667765,0.5116436,0.8232497,0.35,10.0,1.2,50
0.0336719992637634,8.601885,0.85917985,0.5108397,0.89443874,0.35,10.0,1.2,50
0.0137534672832489,9.141789,0.8718956,0.50963444,0.86386776,0.35,10.0,1.2,50
0.0069771267700195,9.013498,0.85542035,0.5076645,0.908618,0.35,10.0,1.2,50
-0.0272429186248779,8.2619915,0.85796267,0.52915746,0.9102651,0.35,10.0,1.2,50
0.0177646678256988,8.687118,0.8666946,0.52054656,0.9150082,0.35,10.0,1.2,50
-0.0139189501953124,8.174093,0.8557499,0.51201224,0.9574621,0.35,10.0,1.2,50
0.026385519914627,8.356441,0.860919,0.52265245,0.91389036,0.35,10.0,1.2,50
0.040620776348114,8.787096,0.87118864,0.5087737,0.8598989,0.35,10.0,1.2,50
0.0217032723522186,8.739034,0.86707795,0.5133399,0.8063768,0.35,10.0,1.2,50
0.0044596173381805,8.40479,0.85841554,0.509849,0.82825863,0.35,10.0,1.2,50
0.0063978338241577,8.81815,0.8560594,0.5115187,0.9114597,0.35,10.0,1.2,50
0.0353777422428131,8.934684,0.856179,0.5133272,0.9423324,0.35,10.0,1.2,50
0.0356839387702941,8.901022,0.86753273,0.49977005,0.867769,0.35,10.0,1.2,50
-0.0110282529830932,8.964787,0.86814296,0.5120223,0.9001297,0.35,10.0,1.2,50
-0.0067848263645172,8.150559,0.8625615,0.503068,0.85192573,0.35,10.0,1.2,50
0.0066383004188537,8.143187,0.8598076,0.51543456,0.94927764,0.35,10.0,1.2,50
-0.0306352633666992,9.294489,0.86185855,0.5119835,0.9450358,0.35,10.0,1.2,50
-0.0152326870918273,8.774605,0.8686762,0.512379,0.86254966,0.35,10.0,1.2,50
0.0253012411117553,9.296627,0.861269,0.49807033,0.9621428,0.35,10.0,1.2,50
0.0311019473838806,8.628824,0.8734905,0.51078355,0.8676702,0.35,10.0,1.2,50
-0.0376968455219268,8.861056,0.8602518,0.5176411,0.8387221,0.35,10.0,1.2,50
0.0446237507629394,8.700684,0.87391764,0.5069719,0.86505294,0.35,10.0,1.2,50
0.0230806607341766,8.832723,0.8644653,0.512698,0.8969078,0.35,10.0,1.2,50
0.0132099609375,9.195137,0.8594556,0.53240764,0.8865186,0.35,10.0,1.2,50
-0.0009557288837432,8.6516695,0.8735046,0.5129714,0.90580356,0.35,10.0,1.2,50
-0.0137617390155792,8.612943,0.8495477,0.5141021,0.8654393,0.35,10.0,1.2,50
0.0237154880046844,8.881192,0.84902453,0.5113848,0.966475,0.35,10.0,1.2,50
0.0678171095943451,8.880464,0.86310357,0.5069111,0.88724184,0.35,10.0,1.2,50
0.0387950049400329,8.583078,0.8719176,0.50603735,0.8836237,0.35,10.0,1.2,50
-0.0227138986778259,8.480185,0.8496679,0.51243335,0.9677166,0.35,10.0,1.2,50
-0.0143530333423614,8.953963,0.8588377,0.51763713,0.9611151,0.35,10.0,1.2,50
-0.003573363494873,8.84903,0.8646065,0.51804554,0.8871436,0.35,10.0,1.2,50
0.0117669599819183,8.636811,0.873281,0.51622516,0.8243326,0.35,10.0,1.2,50
0.0267432261753082,8.80564,0.85329306,0.50998026,0.98151386,0.35,10.0,1.2,50
0.0088060032844543,8.655949,0.8661913,0.507293,0.83605206,0.35,10.0,1.2,50
0.0114492233085632,8.039759,0.8484715,0.5132,0.8982537,0.35,10.0,1.2,50
0.0248444964885711,8.670354,0.8632036,0.512275,0.92109776,0.35,10.0,1.2,50
-0.004668628540039,8.632332,0.87651366,0.50954163,0.7297574,0.35,10.0,1.2,50
-0.0258552662086486,8.575638,0.8651233,0.51806045,0.90134275,0.35,10.0,1.2,50
0.0090312073230743,8.996463,0.861197,0.51898247,0.87617743,0.35,10.0,1.2,50
0.0289002932071685,8.031402,0.8626621,0.5183088,0.8873595,0.35,10.0,1.2,50
-0.0567599192047119,8.7415085,0.865494,0.5191713,0.9593667,0.35,10.0,1.2,50
-0.0325921715736389,8.617172,0.87060666,0.50345045,0.8441715,0.35,10.0,1.2,50
-0.0058849305152893,8.603058,0.85683525,0.50253725,0.954458,0.35,10.0,1.2,50
0.0371498339939117,9.127715,0.8767437,0.49978068,0.7731178,0.35,10.0,1.2,50
-0.0208735644817352,9.075999,0.86317873,0.51906294,0.8382344,0.35,10.0,1.2,50
0.0116026600170135,9.5455675,0.8540726,0.5203348,0.98478377,0.35,10.0,1.2,50
-0.0127098537826538,8.415104,0.8653427,0.512017,0.8852196,0.35,10.0,1.2,50
0.0169185289192199,9.160955,0.8764199,0.5192669,0.79112315,0.35,10.0,1.2,50
0.0159465838241577,8.910587,0.86688554,0.5091725,0.89719045,0.35,10.0,1.2,50
0.0514781722831726,9.1978245,0.85349137,0.4995127,0.9396819,0.35,10.0,1.2,50
0.0225861089992523,8.822778,0.8495576,0.513415,0.88917124,0.35,10.0,1.2,50
0.038072803068161,9.203153,0.8515674,0.5152911,0.9831574,0.35,10.0,1.2,50
0.0192932166576385,8.422322,0.8577143,0.5081837,0.9678019,0.35,10.0,1.2,50
0.0094312407779693,8.834641,0.8581371,0.5125603,0.94023705,0.35,10.0,1.2,50
0.0566098145008087,8.92776,0.8704405,0.49688804,0.81715226,0.35,10.0,1.2,50
0.0139547714710235,8.817096,0.8540547,0.5178814,0.95430183,0.35,10.0,1.2,50
0.0390334433555603,8.760729,0.8757437,0.50752634,0.8458992,0.35,10.0,1.2,50
0.0415834787368774,8.8796425,0.8653867,0.5061124,0.94857216,0.35,10.0,1.2,50
-0.0163339469337463,9.506718,0.8591123,0.52509505,0.8514974,0.35,10.0,1.2,50
-0.0151156600475311,9.200826,0.8624234,0.5119014,0.9386383,0.35,10.0,1.2,50
-0.0065871402931213,8.91423,0.8666614,0.52764994,0.9560871,0.35,10.0,1.2,50
0.017337729845047,8.555728,0.8632754,0.516223,0.89474046,0.35,10.0,1.2,50
0.0306834107971191,8.899361,0.873767,0.504176,0.741119,0.35,10.0,1.2,50
0.0286351208209991,8.611293,0.87000114,0.5105506,0.8443061,0.35,10.0,1.2,50
0.0323179920959472,8.582314,0.86399835,0.512087,0.9151139,0.35,10.0,1.2,50
0.054003362159729,9.037464,0.8565489,0.5086131,0.8487842,0.35,10.0,1.2,50
-0.0229214669418334,8.528812,0.85953707,0.51308507,0.99630105,0.35,10.0,1.2,50
0.038421365404129,9.05086,0.875142,0.5191123,0.761776,0.35,10.0,1.2,50
0.0097886088943481,8.474041,0.8443319,0.5083327,0.97153425,0.35,10.0,1.2,50
0.0218410744953155,8.796809,0.8549883,0.51245785,0.86944747,0.35,10.0,1.2,50
0.0108878446865081,8.915551,0.85558295,0.51625353,0.9295596,0.35,10.0,1.2,50
0.0412666897392273,8.465372,0.8659577,0.51083213,0.91844416,0.35,10.0,1.2,50
0.0129710520553588,8.857258,0.8556658,0.512897,0.9642538,0.35,10.0,1.2,50
0.0127887822151184,8.345518,0.8535405,0.50579983,0.99522877,0.35,10.0,1.2,50
0.020196730594635,8.765905,0.8550735,0.50482476,0.9769435,0.35,10.0,1.2,50
0.0378444591140747,8.75816,0.86609316,0.50514036,0.81451404,0.35,10.0,1.2,50
-0.0174806091308593,8.871536,0.8479846,0.5232652,0.99933314,0.35,10.0,1.2,50
0.0009888963031768,8.796084,0.86696994,0.521334,0.84834063,0.35,10.0,1.2,50
0.0104282809734344,8.515706,0.8525863,0.51423687,0.9525026,0.35,10.0,1.2,50
-0.0176010845184326,8.851118,0.865701,0.5189427,0.95839524,0.35,10.0,1.2,50
0.0601603721427917,8.68593,0.86584765,0.50984424,0.82467306,0.35,10.0,1.2,50
0.0127139277744293,8.564399,0.8592137,0.51496917,0.8243723,0.35,10.0,1.2,50
-0.012507341594696,9.089849,0.8566157,0.51923084,0.9607197,0.35,10.0,1.2,50
0.0276673116207122,8.696504,0.86562264,0.51733047,0.89771366,0.35,10.0,1.2,50
-0.0249360796165466,9.412916,0.86865354,0.5252767,0.96175504,0.35,10.0,1.2,50
0.023308066368103,8.725071,0.8551989,0.5223414,0.9850024,0.35,10.0,1.2,50
0.024749418592453,9.659085,0.8609614,0.5040916,0.9156072,0.35,10.0,1.2,50
-0.0133199857616424,9.022141,0.86161244,0.5159196,0.96935976,0.35,10.0,1.2,50
0.0377276102352142,9.243997,0.8640112,0.5075134,0.92383826,0.35,10.0,1.2,50
0.0156107008743286,8.8857155,0.85803986,0.5133855,0.96285844,0.35,10.0,1.2,50
-0.0095880011749267,8.417252,0.85821044,0.50362056,0.87972224,0.35,10.0,1.2,50
0.0506890425777435,8.71071,0.8675369,0.5073692,0.7658026,0.35,10.0,1.2,50
0.0487274806118011,8.240663,0.86573255,0.5048858,0.8137678,0.35,10.0,1.2,50
-0.0237245684337615,8.487475,0.85881853,0.5205502,0.9906268,0.35,10.0,1.2,50
-0.0190442718982696,8.514934,0.85336685,0.52111113,0.96534145,0.35,10.0,1.2,50
-0.0062914916992187,8.918266,0.88190097,0.5129089,0.822549,0.35,10.0,1.2,50
0.01955477145195,8.416532,0.86456144,0.51781017,0.8389473,0.35,10.0,1.2,50
0.0245272106266021,8.393317,0.8668394,0.49770722,0.96756613,0.35,10.0,1.2,50
0.0061391835308074,8.564511,0.8718243,0.5206783,0.84012675,0.35,10.0,1.2,50
0.018992213230133,9.338301,0.8837587,0.5107772,0.68676126,0.35,10.0,1.2,50
0.0952926633644104,9.282301,0.8622931,0.50499815,0.9243156,0.35,10.0,1.2,50
0.0297801658439636,8.556879,0.87035817,0.5202132,0.79134023,0.35,10.0,1.2,50
0.0210970930576324,8.754821,0.8602414,0.51860696,0.94488347,0.35,10.0,1.2,50
0.0722549925623713,8.815916,0.9373839,0.5458128,0.9382161,0.36,10.0,1.2,51
0.0300885786022151,8.45049,0.93515384,0.53948,0.94318175,0.36,10.0,1.2,51
0.0494336370519689,8.949383,0.9307542,0.54607385,0.96459746,0.36,10.0,1.2,51
0.0718353408091777,8.722349,0.9279223,0.5389276,0.9399837,0.36,10.0,1.2,51
0.0160532825701945,8.869915,0.92262983,0.5354728,0.91887856,0.36,10.0,1.2,51
0.0344081089518091,8.916932,0.9341758,0.5490174,0.92880297,0.36,10.0,1.2,51
0.0851056895384917,8.29521,0.9167676,0.5249416,0.98138976,0.36,10.0,1.2,51
0.0435327445708953,7.967842,0.9302608,0.5299805,0.92550635,0.36,10.0,1.2,51
0.0377810863976006,8.552128,0.9485859,0.5372835,0.8125572,0.36,10.0,1.2,51
0.0569406481046934,8.322075,0.92527235,0.530639,0.9969015,0.36,10.0,1.2,51
0.0413047866993122,8.318068,0.92123485,0.52338755,0.99523723,0.36,10.0,1.2,51
0.0379045093381727,8.656468,0.94515115,0.53198606,0.9640726,0.36,10.0,1.2,51
0.0003508376860403,8.289872,0.94947255,0.54036975,0.7826947,0.36,10.0,1.2,51
0.1107911448865323,8.781369,0.94500446,0.5403002,0.8834847,0.36,10.0,1.2,51
0.045319945490038,8.420823,0.94414634,0.5368965,0.8304262,0.36,10.0,1.2,51
0.0300574864567937,8.579069,0.91979885,0.5435292,0.9805702,0.36,10.0,1.2,51
0.0478173719870077,8.634996,0.9401893,0.544133,0.88302624,0.36,10.0,1.2,51
0.0139839417440397,8.368574,0.9226126,0.54557234,0.9644258,0.36,10.0,1.2,51
0.0424118219409977,8.031789,0.9272708,0.5459453,0.8960246,0.36,10.0,1.2,51
0.0757654290585904,8.291777,0.9333058,0.53322774,0.8752935,0.36,10.0,1.2,51
0.0943308937656986,8.665504,0.93638164,0.52380973,0.850786,0.36,10.0,1.2,51
0.0860341106019578,8.575128,0.9235338,0.534682,0.99055934,0.36,10.0,1.2,51
0.0855494677483498,8.431144,0.93295556,0.53924686,0.8833213,0.36,10.0,1.2,51
0.0882535923279083,8.50745,0.9181819,0.50823206,0.96245456,0.36,10.0,1.2,51
0.0493007397007297,8.566767,0.9384943,0.5383787,0.8459078,0.36,10.0,1.2,51
0.1106462659062566,8.716049,0.93315005,0.5323338,0.95284617,0.36,10.0,1.2,51
0.0845708690033302,7.727615,0.91211,0.5336838,0.9864991,0.36,10.0,1.2,51
0.0545547132234315,8.440939,0.9348871,0.5355513,0.8964075,0.36,10.0,1.2,51
0.0276362441896318,8.351422,0.92255056,0.53452617,0.9805912,0.36,10.0,1.2,51
0.0234446074511553,8.474636,0.93527687,0.5276719,0.94445944,0.36,10.0,1.2,51
0.0632733043894037,8.648398,0.92819715,0.5321086,0.9212835,0.36,10.0,1.2,51
0.0748244379662178,8.961413,0.91648126,0.54325825,0.9416251,0.36,10.0,1.2,51
0.0930275119317544,8.317185,0.9421562,0.52265066,0.92444575,0.36,10.0,1.2,51
0.0800285719536446,8.808131,0.9332577,0.5288811,0.9944607,0.36,10.0,1.2,51
0.0927338962726764,8.922728,0.9285915,0.5209985,0.9920982,0.36,10.0,1.2,51
0.0721649506285384,8.469335,0.93620646,0.51593316,0.92723846,0.36,10.0,1.2,51
0.0080748512079049,8.627215,0.9400399,0.5465946,0.9639057,0.36,10.0,1.2,51
0.0461249651350416,8.099495,0.9078559,0.5368236,0.98949707,0.36,10.0,1.2,51
0.0655262019183184,8.649302,0.93645084,0.55352145,0.99279535,0.36,10.0,1.2,51
0.0257086092287355,8.127756,0.940045,0.53250605,0.90221345,0.36,10.0,1.2,51
0.076448057492574,8.250314,0.9448065,0.54441065,0.88917017,0.36,10.0,1.2,51
0.0807109140705418,8.814157,0.92576635,0.5280297,0.97817254,0.36,10.0,1.2,51
0.0083465858837505,8.35343,0.9239044,0.55032104,0.9729246,0.36,10.0,1.2,51
0.0371292096215325,8.562447,0.91943616,0.5501133,0.9464358,0.36,10.0,1.2,51
0.0633109292038926,8.7251835,0.92766654,0.5228022,0.9843323,0.36,10.0,1.2,51
0.0605651855039167,8.200143,0.93041193,0.53161097,0.97090375,0.36,10.0,1.2,51
0.0552502026429047,8.610077,0.93630844,0.5331219,0.9788842,0.36,10.0,1.2,51
0.0852222988197395,8.788815,0.93324155,0.5270542,0.93732953,0.36,10.0,1.2,51
0.0459953208871789,8.826373,0.9406527,0.53152305,0.9277451,0.36,10.0,1.2,51
0.058597691553133,8.359881,0.91923237,0.5363999,0.93356156,0.36,10.0,1.2,51
0.0813936741717226,8.475867,0.9115972,0.5295226,0.99974275,0.36,10.0,1.2,51
0.0600710816855903,7.7562265,0.9268044,0.5364321,0.96901417,0.36,10.0,1.2,51
0.080602624094164,8.166553,0.9269991,0.53399014,0.95802665,0.36,10.0,1.2,51
0.0029360322479729,8.573299,0.9298022,0.54396176,0.94821596,0.36,10.0,1.2,51
0.0611384123295277,8.113523,0.936573,0.5223142,0.92523944,0.36,10.0,1.2,51
0.0626381442353532,8.574414,0.92749864,0.54017717,0.92181015,0.36,10.0,1.2,51
0.0397618910213848,8.503642,0.93856835,0.53752214,0.9167659,0.36,10.0,1.2,51
0.0533806020719511,8.322208,0.91104156,0.53495014,0.9789612,0.36,10.0,1.2,51
0.060402315328787,8.943594,0.9318433,0.5486354,0.9576967,0.36,10.0,1.2,51
0.0523914037738834,8.581191,0.9386536,0.55379033,0.9084115,0.36,10.0,1.2,51
0.0227702179470577,8.504105,0.94736534,0.5423174,0.79716635,0.36,10.0,1.2,51
0.0937521197344805,8.567579,0.93029654,0.5259252,0.8683437,0.36,10.0,1.2,51
0.0630903366020134,8.730448,0.93533003,0.52480036,0.9041873,0.36,10.0,1.2,51
0.073878897417773,8.785162,0.9116555,0.5278817,0.9838269,0.36,10.0,1.2,51
0.0301306646793812,8.35996,0.92900246,0.52969563,0.9771732,0.36,10.0,1.2,51
0.1055369097048097,8.58358,0.9312508,0.5309101,0.91390336,0.36,10.0,1.2,51
0.0981271191330643,8.726376,0.9122317,0.52960587,0.99754584,0.36,10.0,1.2,51
0.1111441650476541,8.52567,0.92591405,0.5285461,0.9400575,0.36,10.0,1.2,51
0.0640410096795709,8.837833,0.9358267,0.5310073,0.9188658,0.36,10.0,1.2,51
0.0406752253008318,8.575256,0.9353603,0.5468337,0.932969,0.36,10.0,1.2,51
0.0407833352389636,8.25146,0.9264538,0.5435164,0.9635216,0.36,10.0,1.2,51
0.026083856874758,8.483353,0.9337368,0.5307695,0.92084503,0.36,10.0,1.2,51
0.0357055366791046,8.842808,0.94165003,0.5485455,0.94459033,0.36,10.0,1.2,51
0.0304035244331703,8.647678,0.93505377,0.5428831,0.9296167,0.36,10.0,1.2,51
0.0552964411984692,8.583482,0.9218164,0.5262674,0.998816,0.36,10.0,1.2,51
0.0666123516495163,8.302019,0.92279243,0.5249332,0.972775,0.36,10.0,1.2,51
0.0260125714379387,8.345861,0.9457669,0.54013824,0.92545414,0.36,10.0,1.2,51
0.0822167318361299,8.737207,0.9468383,0.53413516,0.91065335,0.36,10.0,1.2,51
0.0143693259385255,8.434325,0.93270993,0.5509551,0.9542458,0.36,10.0,1.2,51
0.0469094383823979,8.141508,0.92343205,0.5467155,0.97177446,0.36,10.0,1.2,51
0.0305670849482218,8.169721,0.9189265,0.5340266,0.9965867,0.36,10.0,1.2,51
0.0515750850643123,8.083057,0.92376435,0.5410917,0.9573091,0.36,10.0,1.2,51
0.0719276408461837,8.589428,0.93262434,0.52562404,0.9510387,0.36,10.0,1.2,51
0.070268991315687,8.5851345,0.93055975,0.5331822,0.9895488,0.36,10.0,1.2,51
0.0602517833795633,8.5476885,0.944805,0.53312355,0.89115214,0.36,10.0,1.2,51
0.09208481440673,8.408647,0.93765223,0.53240997,0.9407265,0.36,10.0,1.2,51
0.0843275965441454,7.806595,0.9340374,0.52415633,0.9036591,0.36,10.0,1.2,51
0.0299385048892047,8.568109,0.9342436,0.5389259,0.86448896,0.36,10.0,1.2,51
0.0728998149407876,8.530171,0.9392331,0.5324348,0.98652864,0.36,10.0,1.2,51
0.0449891427186158,8.808744,0.9282466,0.53850245,0.8389418,0.36,10.0,1.2,51
0.0657082394436673,8.717804,0.9233912,0.52672684,0.9912759,0.36,10.0,1.2,51
0.0023248798782761,7.9876213,0.93340915,0.5475399,0.9916607,0.36,10.0,1.2,51
0.0416687309849369,8.909824,0.9375321,0.5340941,0.997159,0.36,10.0,1.2,51
0.0470151714376501,8.502345,0.9399765,0.5297521,0.9338776,0.36,10.0,1.2,51
0.0585349550333109,8.292042,0.934976,0.53018045,0.88966894,0.36,10.0,1.2,51
0.0214762321678367,8.593546,0.9489461,0.5276074,0.8301263,0.36,10.0,1.2,51
0.0612008541124361,8.446839,0.9334676,0.52841735,0.9539907,0.36,10.0,1.2,51
0.0488804829228031,8.0998,0.92508805,0.54209405,0.95491457,0.36,10.0,1.2,51
0.0530027848750621,8.618157,0.9304768,0.5305805,0.98029065,0.36,10.0,1.2,51
0.030118460182671,8.602425,0.93432367,0.5464325,0.9967756,0.36,10.0,1.2,51
0.0221120221335608,8.092776,0.9371106,0.52909666,0.84620357,0.36,10.0,1.2,51
0.0487947648709958,8.225164,0.9270835,0.52513045,0.97082114,0.36,10.0,1.2,51
0.092576825640223,8.381892,0.9487755,0.5373366,0.80185425,0.36,10.0,1.2,51
0.0339570914517651,8.832036,0.9484568,0.5359317,0.85768497,0.36,10.0,1.2,51
0.0613409428768329,7.964026,0.923321,0.5374378,0.98059165,0.36,10.0,1.2,51
0.0797322900016028,8.2750635,0.9378619,0.54685116,0.889217,0.36,10.0,1.2,51
0.0445432789261276,8.488329,0.92632383,0.5245023,0.8506936,0.36,10.0,1.2,51
0.0105226160814096,8.544858,0.93977326,0.54734784,0.9007654,0.36,10.0,1.2,51
0.0656973961237314,8.735347,0.9362936,0.5290653,0.9577091,0.36,10.0,1.2,51
0.0699910682815689,8.608929,0.9313068,0.5288821,0.96553993,0.36,10.0,1.2,51
0.1260938491477622,8.919008,0.9364784,0.5402783,0.81069374,0.36,10.0,1.2,51
0.0731258233388265,8.32325,0.93294555,0.5252208,0.8512856,0.36,10.0,1.2,51
0.0632415392592146,8.694283,0.93201834,0.53536665,0.9942777,0.36,10.0,1.2,51
0.0519063723624289,8.58053,0.9271674,0.5300994,0.940356,0.36,10.0,1.2,51
0.1123039361163302,9.115327,0.943737,0.5321689,0.85922384,0.36,10.0,1.2,51
0.0028905142105377,8.830846,0.9485413,0.5361956,0.90109146,0.36,10.0,1.2,51
0.0440002444842914,8.862444,0.93619937,0.53628784,0.9917511,0.36,10.0,1.2,51
0.0495211747315552,8.332596,0.94441885,0.5530352,0.9703522,0.36,10.0,1.2,51
0.029342990093403,8.565183,0.9382037,0.5466206,0.9543501,0.36,10.0,1.2,51
0.0696722653535035,9.272614,0.9275864,0.5157855,0.9563489,0.36,10.0,1.2,51
0.0730377849372657,8.659378,0.9232745,0.5339634,0.99665797,0.36,10.0,1.2,51
0.0756883436065536,8.636268,0.93421924,0.53533113,0.93296456,0.36,10.0,1.2,51
0.0481971920717943,8.805364,0.93370104,0.5358912,0.97239625,0.36,10.0,1.2,51
0.0331617009102761,9.052847,0.93592113,0.5430983,0.92256534,0.36,10.0,1.2,51
0.0293184363734614,8.150862,0.93684375,0.5467645,0.89141226,0.36,10.0,1.2,51
0.0266568969176696,8.361555,0.9239341,0.5426651,0.922822,0.36,10.0,1.2,51
0.0017013692855835,8.513194,0.93157834,0.5468977,0.99169517,0.36,10.0,1.2,51
0.0618335363027211,8.527422,0.9386897,0.54351765,0.94356275,0.36,10.0,1.2,51
0.063380920693681,8.857575,0.9362526,0.5365667,0.9308325,0.36,10.0,1.2,51
0.0697534225652883,7.7970533,0.91840315,0.54037285,0.9963529,0.36,10.0,1.2,51
0.072885745881914,8.604763,0.91563076,0.5322249,0.9740734,0.36,10.0,1.2,51
0.0150999973700927,8.696066,0.9368812,0.5415607,0.94721925,0.36,10.0,1.2,51
0.0446183073198473,8.103264,0.9371649,0.54071677,0.81310403,0.36,10.0,1.2,51
0.0631524128527254,8.0718355,0.9410077,0.5346914,0.89199007,0.36,10.0,1.2,51
0.0752588415145874,8.596822,0.94952136,0.5343663,0.88691306,0.36,10.0,1.2,51
0.047582493386827,8.565555,0.9285938,0.5406307,0.97894263,0.36,10.0,1.2,51
0.071907684094197,8.418122,0.9350694,0.5275717,0.9434695,0.36,10.0,1.2,51
0.0353227402283264,8.285015,0.9339153,0.5428882,0.9706063,0.36,10.0,1.2,51
0.0267329064790193,8.507763,0.9412734,0.55099535,0.856447,0.36,10.0,1.2,51
0.0464114147907978,8.2672,0.9318423,0.53567064,0.93536115,0.36,10.0,1.2,51
0.005195555171451,8.358922,0.9337771,0.53746897,0.88577294,0.36,10.0,1.2,51
0.0677131426871359,8.658865,0.9351107,0.5382702,0.9450079,0.36,10.0,1.2,51
0.0103990852295815,8.271828,0.9396025,0.5287058,0.93194866,0.36,10.0,1.2,51
0.03724721436028,8.957191,0.9327428,0.5491865,0.95634913,0.36,10.0,1.2,51
0.0946154069900512,8.132318,0.93369496,0.5306019,0.971889,0.36,10.0,1.2,51
0.0788203320202526,8.88682,0.9392211,0.5296787,0.8901931,0.36,10.0,1.2,51
0.0454623907535999,8.166451,0.9368637,0.5319329,0.95552075,0.36,10.0,1.2,51
0.0608786789146629,8.799334,0.9398706,0.53178376,0.9092375,0.36,10.0,1.2,51
0.0677297975780727,8.628198,0.9398463,0.53742665,0.9642067,0.36,10.0,1.2,51
0.0642109376890165,8.814659,0.92979574,0.5333983,0.92577183,0.36,10.0,1.2,51
0.0697280741597081,8.758843,0.9268692,0.53136224,0.9053532,0.36,10.0,1.2,51
0.0745128624718468,8.442114,0.926492,0.5348487,0.9293027,0.36,10.0,1.2,51
0.0832774935112343,8.676789,0.9491222,0.5381746,0.8692956,0.36,10.0,1.2,51
0.0671519512743563,8.389197,0.92841804,0.54054546,0.9603795,0.36,10.0,1.2,51
0.0337885063618153,8.935297,0.9275718,0.54251397,0.9800134,0.36,10.0,1.2,51
0.0548942449071385,8.393684,0.93720293,0.5353821,0.9634361,0.36,10.0,1.2,51
0.0972458762091559,8.823223,0.9377583,0.52679664,0.924052,0.36,10.0,1.2,51
0.0658126533783234,8.439489,0.9234735,0.5418245,0.9838377,0.36,10.0,1.2,51
0.0696417550782899,8.660488,0.92983097,0.5364442,0.97757244,0.36,10.0,1.2,51
0.0893156510430413,8.734995,0.92103636,0.52603966,0.96871865,0.36,10.0,1.2,51
0.0925906451543172,8.72371,0.9282967,0.532911,0.97399473,0.36,10.0,1.2,51
0.0608532613462156,8.092842,0.918649,0.53763205,0.9252045,0.36,10.0,1.2,51
0.0694784571673419,8.547255,0.95132536,0.55300677,0.7542418,0.36,10.0,1.2,51
0.0618247211731232,8.639561,0.93641275,0.5340944,0.9872532,0.36,10.0,1.2,51
0.0331994292542741,8.312734,0.911913,0.5415626,0.9834845,0.36,10.0,1.2,51
0.0601057965476233,8.558974,0.92520446,0.5332189,0.9806874,0.36,10.0,1.2,51
0.0228646931347546,8.729515,0.9375762,0.5464154,0.9517282,0.36,10.0,1.2,51
0.067763262095752,9.100171,0.92376655,0.53513217,0.9772098,0.36,10.0,1.2,51
0.0617302460283846,8.294137,0.9351543,0.53992283,0.90597594,0.36,10.0,1.2,51
0.0224024145023242,8.817533,0.93616885,0.55102694,0.9508903,0.36,10.0,1.2,51
0.0843459476866163,8.70786,0.926997,0.5223493,0.9923537,0.36,10.0,1.2,51
0.0531787355955656,9.228931,0.9279121,0.5152118,0.9475075,0.36,10.0,1.2,51
0.0516447629155339,8.506027,0.9345336,0.5465247,0.993847,0.36,10.0,1.2,51
0.096921432297509,8.5414915,0.933175,0.52711517,0.8933461,0.36,10.0,1.2,51
0.0396226781982559,8.848062,0.9280298,0.526852,0.9456061,0.36,10.0,1.2,51
0.049256893965575,8.25696,0.9318426,0.53905046,0.8539102,0.36,10.0,1.2,51
0.0639239757125442,8.080965,0.9295691,0.52747935,0.9733318,0.36,10.0,1.2,51
0.0891488065805521,8.205238,0.9288926,0.5322736,0.97459114,0.36,10.0,1.2,51
0.0904997418807433,8.616143,0.91970897,0.5276607,0.95172966,0.36,10.0,1.2,51
0.0477837854247909,8.348334,0.9146608,0.53701174,0.91485226,0.36,10.0,1.2,51
0.0699907657262441,8.206143,0.9214672,0.5284179,0.9775491,0.36,10.0,1.2,51
0.0957670475555969,8.394049,0.9261701,0.5217139,0.9039786,0.36,10.0,1.2,51
0.0222622617515357,8.316081,0.9192439,0.5351085,0.9805833,0.36,10.0,1.2,51
0.0221361752673312,8.093799,0.93919575,0.5418999,0.9141635,0.36,10.0,1.2,51
0.1155259505692903,8.243859,0.92976516,0.5251458,0.9678061,0.36,10.0,1.2,51
-0.0036951260953336,8.292549,0.92573905,0.5450553,0.96596396,0.36,10.0,1.2,51
0.0780855573619808,8.585141,0.92539555,0.5134812,0.89684904,0.36,10.0,1.2,51
0.0931690166232822,8.599003,0.9289912,0.52871996,0.9221655,0.36,10.0,1.2,51
0.0511731216499397,8.819513,0.9327584,0.5419131,0.9719683,0.36,10.0,1.2,51
0.0373304942706683,8.731604,0.93693686,0.5378831,0.9848671,0.36,10.0,1.2,51
0.0389087304983053,9.058483,0.9239712,0.5511276,0.91929674,0.36,10.0,1.2,51
0.0301125040999403,8.603535,0.9374585,0.5329734,0.9865221,0.36,10.0,1.2,51
0.0445935964369559,7.894546,0.929652,0.536469,0.95623446,0.36,10.0,1.2,51
0.0623417875788233,8.590784,0.939638,0.5345107,0.8834239,0.36,10.0,1.2,51
0.0695070830766145,8.789874,0.93972987,0.5445474,0.96761346,0.36,10.0,1.2,51
0.0196335252985224,8.338764,0.92420536,0.5402151,0.9648367,0.36,10.0,1.2,51
0.0111854181633339,8.419766,0.9196625,0.54415435,0.9400488,0.36,10.0,1.2,51
0.0758587523623629,8.372946,0.9240254,0.5303873,0.97042835,0.36,10.0,1.2,51
0.1143496771116514,8.816643,0.92488086,0.5348814,0.96083796,0.36,10.0,1.2,51
0.0646485018515372,8.3211,0.9381466,0.5359944,0.87900805,0.36,10.0,1.2,51
0.0594025328352644,8.664007,0.9271227,0.5288886,0.96851885,0.36,10.0,1.2,51
0.064390323613141,8.4397745,0.93243927,0.5478493,0.97861445,0.36,10.0,1.2,51
0.0309802222466683,8.661569,0.93124115,0.53739285,0.9122895,0.36,10.0,1.2,51
0.0488761483012019,8.716092,0.9242862,0.5359034,0.9975766,0.36,10.0,1.2,51
0.0551067135355494,8.396535,0.92885315,0.53367174,0.9086734,0.36,10.0,1.2,51
0.0556165069717544,8.783806,0.9276149,0.54476047,0.9405377,0.36,10.0,1.2,51
0.0719893998498315,8.4100895,0.9252101,0.5268118,0.94675636,0.36,10.0,1.2,51
0.0650099588944031,8.679547,0.9486886,0.54304916,0.8894023,0.36,10.0,1.2,51
0.0828869960973928,8.736012,0.928216,0.5163985,0.9769006,0.36,10.0,1.2,51
0.0841434291461566,8.529203,0.9265707,0.5314391,0.97176087,0.36,10.0,1.2,51
-0.0026264775765908,8.185736,0.94094133,0.54126936,0.9130161,0.36,10.0,1.2,51
0.0372903768006745,8.320818,0.93531525,0.53507096,0.96825266,0.36,10.0,1.2,51
0.044350249702866,8.423753,0.92457277,0.5412374,0.9681058,0.36,10.0,1.2,51
0.0992996501493024,7.9822874,0.9165559,0.5329027,0.9512466,0.36,10.0,1.2,51
0.0772247397792232,8.506544,0.9273441,0.52723557,0.99457383,0.36,10.0,1.2,51
0.0479214571617745,8.130641,0.9521036,0.54111844,0.9005002,0.36,10.0,1.2,51
0.0429913758801984,7.843931,0.9219848,0.54581577,0.97209346,0.36,10.0,1.2,51
0.062076141125447,8.596175,0.93595946,0.54148644,0.9846269,0.36,10.0,1.2,51
0.0447974582620569,8.152059,0.92290854,0.53974456,0.84569097,0.36,10.0,1.2,51
0.0500302565205204,8.520585,0.93031025,0.53883445,0.97504747,0.36,10.0,1.2,51
0.0709597937266031,9.3241005,0.9235296,0.51841986,0.97043693,0.36,10.0,1.2,51
0.0478077753170116,8.051763,0.927944,0.5324331,0.95160794,0.36,10.0,1.2,51
0.0435295599000948,8.5978985,0.93845046,0.5289355,0.9053261,0.36,10.0,1.2,51
0.0788360105548893,8.020356,0.93415475,0.5267361,0.9574373,0.36,10.0,1.2,51
0.0297570395684457,8.726142,0.93537486,0.540199,0.962888,0.36,10.0,1.2,51
0.0722377246564573,8.316731,0.9470997,0.52290946,0.867823,0.36,10.0,1.2,51
0.0095614250930579,8.506943,0.9276768,0.55465835,0.98926044,0.36,10.0,1.2,51
0.023588247685819,8.669177,0.9285907,0.5375075,0.99560773,0.36,10.0,1.2,51
0.0529589439512373,8.718368,0.9120822,0.5424498,0.98572826,0.36,10.0,1.2,51
0.0737528635145307,8.343313,0.9255391,0.5332259,0.99685526,0.36,10.0,1.2,51
0.0605895824260539,8.787079,0.94095385,0.5338758,0.9662453,0.36,10.0,1.2,51
0.0727397654507611,8.375287,0.9173793,0.5377692,0.98604727,0.36,10.0,1.2,51
0.0744428754067635,8.884188,0.9306836,0.5322428,0.98182344,0.36,10.0,1.2,51
0.0304146203908834,8.676548,0.91954327,0.5239673,0.9612808,0.36,10.0,1.2,51
-0.0128436419770524,8.865455,0.9289679,0.54938376,0.93589306,0.36,10.0,1.2,51
0.0748576153076446,8.615425,0.9412918,0.5477377,0.94939315,0.36,10.0,1.2,51
0.0633310334746902,8.319886,0.9455451,0.5368961,0.94517314,0.36,10.0,1.2,51
0.0281055353783272,8.427043,0.92049646,0.52674013,0.9174261,0.36,10.0,1.2,51
0.019456562909994,8.196197,0.9174185,0.5355818,0.94947016,0.36,10.0,1.2,51
0.1032415992719633,8.794652,0.92754954,0.5302928,0.9731953,0.36,10.0,1.2,51
0.065738069173452,8.419939,0.92870545,0.53195375,0.98860717,0.36,10.0,1.2,51
0.056825066471959,8.430052,0.92296153,0.5389163,0.9909849,0.36,10.0,1.2,51
0.0852222014762259,7.916668,0.92109734,0.5324332,0.9028801,0.36,10.0,1.2,51
0.0710997931592099,8.586936,0.9137775,0.54017764,0.9984627,0.36,10.0,1.2,51
0.0305821040729144,8.675499,0.93473214,0.5419177,0.95830524,0.36,10.0,1.2,51
0.0176099583050152,8.611723,0.923493,0.5444342,0.9720577,0.36,10.0,1.2,51
0.0376487166602332,8.565643,0.93276393,0.53639215,0.9541259,0.36,10.0,1.2,51
0.0751704765010524,8.591944,0.9382051,0.5318842,0.93447745,0.36,10.0,1.2,51
0.07112587421864,9.074669,0.9287729,0.53286904,0.95198095,0.36,10.0,1.2,51
0.0534038051399024,8.891418,0.92330104,0.528008,0.9900998,0.36,10.0,1.2,51
0.0695099473214364,8.395124,0.9254359,0.5440088,0.9711673,0.36,10.0,1.2,51
0.096088145445059,8.623586,0.92348915,0.5280104,0.96100986,0.36,10.0,1.2,51
0.0765888233012981,8.4946995,0.9382789,0.5367058,0.9383626,0.36,10.0,1.2,51
0.086053261198439,8.513868,0.92078996,0.5187612,0.97403955,0.36,10.0,1.2,51
0.0478859409126075,8.069962,0.9309981,0.52759683,0.8715625,0.36,10.0,1.2,51
0.070230087847323,8.2645855,0.9258668,0.5257066,0.98057866,0.36,10.0,1.2,51
0.0424850889154382,8.573055,0.92377263,0.54156923,0.9236728,0.36,10.0,1.2,51
0.0005768784746393,8.659831,0.9337777,0.5415922,0.9655268,0.36,10.0,1.2,51
0.0639298619450749,8.681116,0.9289355,0.5318706,0.9432901,0.36,10.0,1.2,51
0.0390512407577789,8.664437,0.9318657,0.5322947,0.9955653,0.36,10.0,1.2,51
0.0149898948540558,8.279059,0.9165326,0.53677523,0.964159,0.36,10.0,1.2,51
0.1002966837840037,8.67527,0.95109427,0.53137094,0.8978113,0.36,10.0,1.2,51
0.0748251738419404,7.9995947,0.94435835,0.5310055,0.8469653,0.36,10.0,1.2,51
0.075091221053321,8.557303,0.95438063,0.5330653,0.8171983,0.36,10.0,1.2,51
0.0752966579231056,8.7059555,0.9269846,0.52817106,0.90463436,0.36,10.0,1.2,51
0.015292851044251,8.412605,0.94692963,0.55144006,0.9122324,0.36,10.0,1.2,51
0.0958731994542989,8.243907,0.9524763,0.5342535,0.8176521,0.36,10.0,1.2,51
0.0753715240203582,8.034744,0.9486476,0.5320366,0.8525789,0.36,10.0,1.2,51
0.0751333872477213,8.6002445,0.9341406,0.5143984,0.92257845,0.36,10.0,1.2,51
0.0445146076528875,8.458386,0.9330065,0.5424093,0.9177408,0.36,10.0,1.2,51
0.0561237998051686,8.65059,0.9420566,0.512994,0.8087379,0.36,10.0,1.2,51
0.0091667694658846,8.434928,0.9398847,0.5464764,0.9906875,0.36,10.0,1.2,51
0.0548275412739934,8.658357,0.91319346,0.53755134,0.97868,0.36,10.0,1.2,51
0.0718631047601098,8.611008,0.93443096,0.5294034,0.93483555,0.36,10.0,1.2,51
0.0570144291611405,8.695465,0.92297447,0.53555584,0.96491337,0.36,10.0,1.2,51
0.0539093936885799,8.239727,0.92122704,0.5396159,0.977937,0.36,10.0,1.2,51
0.0148159300958788,8.913817,0.9226367,0.54536945,0.97722936,0.36,10.0,1.2,51
0.0924195663349048,8.725119,0.93739635,0.5157427,0.95957303,0.36,10.0,1.2,51
0.0746841559109387,8.094686,0.9328554,0.52452594,0.9148617,0.36,10.0,1.2,51
0.0649777562768609,8.562603,0.91741395,0.5255433,0.9940468,0.36,10.0,1.2,51
0.0764469670390223,8.834308,0.9412358,0.5375722,0.88263345,0.36,10.0,1.2,51
0.0777599467028368,8.288036,0.9356164,0.52942485,0.9666053,0.36,10.0,1.2,51
0.1049549484252929,8.65769,0.9304407,0.5390558,0.8973932,0.36,10.0,1.2,51
0.074377463701609,8.347838,0.91664577,0.5281114,0.9688649,0.36,10.0,1.2,51
0.0551600698093036,8.660785,0.9344782,0.53448784,0.9002675,0.36,10.0,1.2,51
0.0230203703717068,8.298078,0.9307631,0.54011184,0.9487709,0.36,10.0,1.2,51
0.1027881288958025,8.357189,0.9308261,0.5304105,0.9596379,0.36,10.0,1.2,51
0.0722218410388843,8.133373,0.9175984,0.5360326,0.9717469,0.36,10.0,1.2,51
0.082563726751654,8.079338,0.9321197,0.51700956,0.9810641,0.36,10.0,1.2,51
0.0314808433120315,8.596916,0.94604987,0.53091,0.9456085,0.36,10.0,1.2,51
0.0720972090798455,8.71033,0.9498671,0.534869,0.96248734,0.36,10.0,1.2,51
0.0734122886314048,8.87476,0.94623995,0.53347695,0.9594145,0.36,10.0,1.2,51
0.0689986460488121,8.4468775,0.92837924,0.539219,0.9741659,0.36,10.0,1.2,51
0.0780842116931537,8.770559,0.92781985,0.5291756,0.9109225,0.36,10.0,1.2,51
0.0710995109231622,8.80343,0.938784,0.53703433,0.96927404,0.36,10.0,1.2,51
0.0689647922859535,8.646408,0.9351526,0.52348274,0.87684906,0.36,10.0,1.2,51
0.0883363935968897,8.405321,0.9423698,0.5322064,0.8774164,0.36,10.0,1.2,51
0.0428423597791173,7.992007,0.93430066,0.53942335,0.88156927,0.36,10.0,1.2,51
0.0861008405255841,8.264187,0.91722596,0.53097755,0.922186,0.36,10.0,1.2,51
0.0245447452218682,8.073646,0.94703716,0.53488046,0.8026252,0.36,10.0,1.2,51
0.0879037527995066,8.368071,0.9293259,0.52780664,0.9910234,0.36,10.0,1.2,51
0.0337570310283351,8.178781,0.92635345,0.5308979,0.94896376,0.36,10.0,1.2,51
0.0418345777408496,8.202498,0.932291,0.53870237,0.91281974,0.36,10.0,1.2,51
0.1055110992826857,8.403836,0.92316514,0.52603924,0.99155855,0.36,10.0,1.2,51
0.0735891785922351,8.419562,0.9393518,0.52980286,0.883438,0.36,10.0,1.2,51
0.0995170470830556,8.340583,0.9308648,0.5287755,0.9326315,0.36,10.0,1.2,51
0.0417618809090004,8.567226,0.93688244,0.54573685,0.9759928,0.36,10.0,1.2,51
0.0290436483933045,8.677007,0.9271464,0.53677857,0.9651748,0.36,10.0,1.2,51
0.0544083810067391,8.559628,0.95458263,0.53520805,0.83928573,0.36,10.0,1.2,51
0.0640758279422382,8.379203,0.9243276,0.5365427,0.9848591,0.36,10.0,1.2,51
0.0838601200000659,8.976849,0.9378767,0.53512305,0.9344362,0.36,10.0,1.2,51
0.0225436550002914,7.9489326,0.9274637,0.5348151,0.968385,0.36,10.0,1.2,51
0.1012244602151819,8.57549,0.94379807,0.52681583,0.900939,0.36,10.0,1.2,51
0.066289506946598,8.547325,0.94001305,0.5418768,0.9137744,0.36,10.0,1.2,51
0.0470169069101144,8.398245,0.9164361,0.5350187,0.9442134,0.36,10.0,1.2,51
0.0930565758438797,8.399275,0.93735474,0.5206832,0.85929,0.36,10.0,1.2,51
0.0258339825192013,8.432756,0.9325897,0.5354422,0.933012,0.36,10.0,1.2,51
-0.0173059472092637,8.657522,0.93354124,0.55369806,0.91855514,0.36,10.0,1.2,51
0.0371106929177636,8.604339,0.9292963,0.5370557,0.92758274,0.36,10.0,1.2,51
0.0550614320480071,8.765693,0.9433962,0.5484701,0.9411702,0.36,10.0,1.2,51
0.1172119916022361,9.016347,0.9421132,0.53725797,0.91723967,0.36,10.0,1.2,51
0.0672403577856115,8.545006,0.93046707,0.5384682,0.9802995,0.36,10.0,1.2,51
0.0960345768284153,8.637903,0.9386594,0.52202654,0.92319274,0.36,10.0,1.2,51
0.0495005265656892,8.30261,0.9227793,0.5287836,0.95074975,0.36,10.0,1.2,51
0.0867203065511342,8.399122,0.9238475,0.52421767,0.9795016,0.36,10.0,1.2,51
0.0576616041509954,8.069359,0.9419156,0.5315054,0.94738114,0.36,10.0,1.2,51
0.0663540904156796,8.79103,0.9485078,0.53347284,0.8934909,0.36,10.0,1.2,51
0.0608391288808874,8.434384,0.92775047,0.5407091,0.9550983,0.36,10.0,1.2,51
0.1002452977068789,8.539805,0.94604534,0.5138829,0.8711463,0.36,10.0,1.2,51
0.1072552265562452,8.519221,0.93839467,0.51495606,0.9144256,0.36,10.0,1.2,51
0.0738990346805469,8.63948,0.93328804,0.5177639,0.96669745,0.36,10.0,1.2,51
0.0898180684098252,8.688133,0.92342156,0.53941315,0.9461012,0.36,10.0,1.2,51
0.0460123005428829,8.464514,0.9278891,0.5411661,0.9801097,0.36,10.0,1.2,51
0.0417685207590326,8.832591,0.9312006,0.54397845,0.99649096,0.36,10.0,1.2,51
0.0552310334884368,8.3026705,0.9427988,0.5272715,0.8474618,0.36,10.0,1.2,51
0.0489913261688507,8.511896,0.94330335,0.5360684,0.8575361,0.36,10.0,1.2,51
0.0605782551378817,8.111003,0.92177975,0.5505988,0.9682512,0.36,10.0,1.2,51
0.0621115769566716,8.262554,0.91951656,0.52114934,0.9596529,0.36,10.0,1.2,51
0.1060345925941123,8.6790285,0.9493911,0.5476642,0.8461981,0.36,10.0,1.2,51
0.0355160117364144,8.488809,0.924305,0.5322895,0.95140386,0.36,10.0,1.2,51
0.0314649624437899,8.322719,0.9573108,0.5442695,0.78689003,0.36,10.0,1.2,51
0.0258510844342343,8.905145,0.9321495,0.5349189,0.9718716,0.36,10.0,1.2,51
0.0537980171581646,8.966558,0.94023395,0.5354343,0.96260285,0.36,10.0,1.2,51
0.057694737717912,8.34914,0.9348348,0.52336013,0.88036346,0.36,10.0,1.2,51
0.0599927658648104,8.317214,0.9270343,0.5323208,0.95487726,0.36,10.0,1.2,51
0.071048562977765,8.766664,0.9301302,0.5294254,0.96685314,0.36,10.0,1.2,51
0.0774158754434671,8.542078,0.925023,0.5322876,0.9981928,0.36,10.0,1.2,51
0.0381450697752806,8.817223,0.93751645,0.54324156,0.9775622,0.36,10.0,1.2,51
0.0722964742162206,8.598413,0.945004,0.5439136,0.96082056,0.36,10.0,1.2,51
0.038508232348674,9.135438,0.9354819,0.55217886,0.9243283,0.36,10.0,1.2,51
0.0357242405092394,8.474084,0.9358989,0.53139794,0.9064921,0.36,10.0,1.2,51
0.0790508716170852,8.973347,0.9310912,0.53615123,0.95355606,0.36,10.0,1.2,51
0.027095291550095,8.091465,0.92599046,0.5317371,0.9627631,0.36,10.0,1.2,51
0.062011035068615,8.523173,0.92949826,0.52389294,0.9986088,0.36,10.0,1.2,51
0.0435068008062001,8.139453,0.93319786,0.5334656,0.96928346,0.36,10.0,1.2,51
0.0629547894537985,8.881907,0.94060284,0.52471465,0.8789948,0.36,10.0,1.2,51
0.0487046825134002,8.4746895,0.92067146,0.53525066,0.91167676,0.36,10.0,1.2,51
0.0426867903889836,8.743043,0.94776183,0.5421984,0.9730996,0.36,10.0,1.2,51
0.0496983177597458,8.729685,0.93369865,0.52977574,0.9143921,0.36,10.0,1.2,51
0.067654311678431,8.555499,0.9291749,0.5443371,0.9836291,0.36,10.0,1.2,51
0.0361512880067567,8.51017,0.9377546,0.52804106,0.93166685,0.36,10.0,1.2,51
0.0702627557032817,8.720761,0.9245377,0.52713525,0.8990494,0.36,10.0,1.2,51
0.0547232624861571,8.483029,0.9315013,0.52593005,0.96173954,0.36,10.0,1.2,51
0.0561779337101154,8.945275,0.96331936,0.5418244,0.72128487,0.36,10.0,1.2,51
0.099586916313515,8.718477,0.9379942,0.5376873,0.9878409,0.36,10.0,1.2,51
0.0421956744924321,8.282083,0.91761994,0.5437934,0.9777843,0.36,10.0,1.2,51
0.0504661271808383,8.518022,0.9238781,0.54200965,0.9626106,0.36,10.0,1.2,51
0.057862032834474,7.9926314,0.9280311,0.5258885,0.90247524,0.36,10.0,1.2,51
0.0579148579502964,8.78245,0.92003703,0.5196575,0.96905625,0.36,10.0,1.2,51
0.041626320615545,8.493054,0.9292854,0.5236171,0.92080045,0.36,10.0,1.2,51
0.0667886162233782,8.831962,0.9330642,0.53588897,0.99522424,0.36,10.0,1.2,51
0.0796452811816791,8.59166,0.9263076,0.53431165,0.95450485,0.36,10.0,1.2,51
0.0468289048822076,8.474741,0.92048377,0.53254604,0.9780625,0.36,10.0,1.2,51
0.0898211528589059,8.298421,0.93941444,0.5296751,0.7799089,0.36,10.0,1.2,51
0.0605877776618476,8.244549,0.9457629,0.5245622,0.8146033,0.36,10.0,1.2,51
0.0399343790449537,8.59491,0.9355017,0.5372627,0.92900145,0.36,10.0,1.2,51
0.0407408102138622,8.76101,0.93752044,0.5341679,0.8414588,0.36,10.0,1.2,51
0.0557251339560156,8.718028,0.9324049,0.5299389,0.92406785,0.36,10.0,1.2,51
0.0601458276284707,8.145378,0.93735164,0.527373,0.90331674,0.36,10.0,1.2,51
0.0343350749832015,8.719578,0.9356048,0.53317916,0.8692515,0.36,10.0,1.2,51
0.0602316881300092,8.272177,0.9378593,0.5279911,0.87192106,0.36,10.0,1.2,51
0.0697964018744391,8.108259,0.9322761,0.5184105,0.88250625,0.36,10.0,1.2,51
0.051036394136446,8.806284,0.9393621,0.55242336,0.9450679,0.36,10.0,1.2,51
0.078083303984221,9.259499,0.940863,0.53227717,0.9832078,0.36,10.0,1.2,51
0.0222482051935281,8.738656,0.9313452,0.53780323,0.9192395,0.36,10.0,1.2,51
0.0570344418018787,8.266487,0.9262419,0.54462045,0.91878843,0.36,10.0,1.2,51
0.0867163202354499,8.9087515,0.94146544,0.5351523,0.95070314,0.36,10.0,1.2,51
0.0666998521272126,8.659351,0.9376575,0.5261593,0.98256946,0.36,10.0,1.2,51
0.1133368270461623,8.650692,0.92116964,0.5180434,0.9370165,0.36,10.0,1.2,51
0.0917481574067124,8.585769,0.9430796,0.5223852,0.8928082,0.36,10.0,1.2,51
0.0142449893607749,8.3588085,0.93870187,0.551586,0.9576092,0.36,10.0,1.2,51
0.0459622412329321,8.158146,0.9493694,0.5280988,0.84976995,0.36,10.0,1.2,51
0.0823526642344019,8.420882,0.9320399,0.52709675,0.8730835,0.36,10.0,1.2,51
0.0757268765595582,8.389547,0.9367911,0.53271765,0.88790023,0.36,10.0,1.2,51
0.0616364040460672,8.619884,0.927478,0.5426515,0.9950204,0.36,10.0,1.2,51
0.0172322910326021,8.792783,0.94384706,0.5375463,0.8413203,0.36,10.0,1.2,51
0.071078192822568,8.3314495,0.9375758,0.5311583,0.95996916,0.36,10.0,1.2,51
0.0926059950149811,8.3068495,0.9162573,0.5328364,0.9856012,0.36,10.0,1.2,51
0.0346641907391247,8.431843,0.92226005,0.5410766,0.96370316,0.36,10.0,1.2,51
0.0436547835667928,7.9183435,0.9321484,0.5473592,0.9484875,0.36,10.0,1.2,51
0.15316475769421,8.964343,0.9468745,0.5128916,0.8887044,0.35,10.0,1.2,52
0.1776414263642228,8.6017065,0.93805385,0.5042343,0.942696,0.35,10.0,1.2,52
0.129001682943052,9.092832,0.93359584,0.520059,0.9748384,0.35,10.0,1.2,52
0.0852115288439455,8.285544,0.9285673,0.5246984,0.9747336,0.35,10.0,1.2,52
0.1246940746966067,8.495143,0.9427151,0.5126786,0.99446785,0.35,10.0,1.2,52
0.1009325076867868,8.27023,0.92648435,0.51384765,0.9304024,0.35,10.0,1.2,52
0.1330516316010071,8.047892,0.9242626,0.51392615,0.8953744,0.35,10.0,1.2,52
0.1342876858181423,8.362064,0.92866695,0.50642467,0.92019165,0.35,10.0,1.2,52
0.1054886525815671,8.882761,0.94621724,0.52182895,0.926625,0.35,10.0,1.2,52
0.1535764158237446,8.614104,0.94736964,0.49556506,0.877318,0.35,10.0,1.2,52
0.1061082509759668,8.401075,0.9210073,0.5027606,0.98635674,0.35,10.0,1.2,52
0.1745112604421896,8.382364,0.9492039,0.48860264,0.90455663,0.35,10.0,1.2,52
0.0825587128304146,8.486612,0.94467217,0.52504957,0.82320476,0.35,10.0,1.2,52
0.1506329281408865,8.6602125,0.9501199,0.5107676,0.8293109,0.35,10.0,1.2,52
0.1130964816726363,8.405252,0.9524865,0.5164893,0.80943143,0.35,10.0,1.2,52
0.1137260952081766,8.789752,0.9403658,0.5036841,0.9634508,0.35,10.0,1.2,52
0.1073628676904214,8.914933,0.9465949,0.51442367,0.8802525,0.35,10.0,1.2,52
0.1245574908070378,8.5698805,0.95841295,0.5020994,0.8389976,0.35,10.0,1.2,52
0.1194528218432589,8.187049,0.9457923,0.5067189,0.8317584,0.35,10.0,1.2,52
0.1188784505368711,8.569017,0.9274184,0.5131905,0.96483874,0.35,10.0,1.2,52
0.1637298264517798,8.769732,0.9407643,0.5070407,0.8724555,0.35,10.0,1.2,52
0.0983803007910559,8.501402,0.9195805,0.51434135,0.97060144,0.35,10.0,1.2,52
0.0944244694351792,8.565214,0.9216545,0.5178322,0.99051654,0.35,10.0,1.2,52
0.0954958275631741,8.857441,0.9387958,0.5210338,0.99259126,0.35,10.0,1.2,52
0.1038991111892837,8.722143,0.9316655,0.51942664,0.9585471,0.35,10.0,1.2,52
0.0852342972025141,8.63762,0.9317236,0.5210197,0.89274454,0.35,10.0,1.2,52
0.1737814217215185,8.391858,0.95001376,0.48335585,0.86148083,0.35,10.0,1.2,52
0.1378902887367271,8.702624,0.9612964,0.50791115,0.7562727,0.35,10.0,1.2,52
0.1597533135084776,8.944592,0.9376784,0.51687825,0.9950875,0.35,10.0,1.2,52
0.1083295914503905,8.458686,0.9234517,0.52561516,0.97996247,0.35,10.0,1.2,52
0.1145299345738179,8.533364,0.9465161,0.50605476,0.7938831,0.35,10.0,1.2,52
0.1469307667357069,8.222753,0.9295865,0.51042,0.9308592,0.35,10.0,1.2,52
0.1261164966216674,8.592308,0.9455979,0.5171307,0.8789172,0.35,10.0,1.2,52
0.0686969833975439,8.069203,0.9540445,0.5315464,0.8471992,0.35,10.0,1.2,52
0.1251316751302541,8.553902,0.9238334,0.50596005,0.95167017,0.35,10.0,1.2,52
0.1347970829353676,8.52602,0.92213535,0.50580174,0.89770484,0.35,10.0,1.2,52
0.1441842565164193,8.907619,0.9371845,0.48888564,0.9774771,0.35,10.0,1.2,52
0.1267130293860449,8.447395,0.9406494,0.49554455,0.9512638,0.35,10.0,1.2,52
0.1380307634599932,8.790529,0.9319218,0.48825258,0.92870784,0.35,10.0,1.2,52
0.1292488255228724,8.422893,0.967201,0.5054191,0.72641766,0.35,10.0,1.2,52
0.1474225978879957,8.852876,0.92701775,0.50552624,0.99540603,0.35,10.0,1.2,52
0.1515339927272395,8.825808,0.9352531,0.5139325,0.91313124,0.35,10.0,1.2,52
0.0998871308404046,8.661552,0.95499307,0.50463897,0.8242806,0.35,10.0,1.2,52
0.1563923808833858,8.754652,0.92106783,0.50532347,0.99489164,0.35,10.0,1.2,52
0.1625954537635093,8.666497,0.95343506,0.5085099,0.9054166,0.35,10.0,1.2,52
0.1335469506524346,8.460827,0.93344057,0.50400215,0.8619765,0.35,10.0,1.2,52
0.1479128672911956,8.838139,0.93717945,0.51054513,0.89031255,0.35,10.0,1.2,52
0.1640800022720932,8.865639,0.9387385,0.50290614,0.9237778,0.35,10.0,1.2,52
0.1273168391150397,8.615719,0.9512485,0.49827483,0.772562,0.35,10.0,1.2,52
0.1129416183666424,8.811455,0.94117546,0.51895,0.921399,0.35,10.0,1.2,52
0.1310187373433385,8.585076,0.948602,0.5131208,0.9402361,0.35,10.0,1.2,52
0.1043737972677649,9.249326,0.94359064,0.51527673,0.97064006,0.35,10.0,1.2,52
0.1064438808716095,8.477915,0.93387294,0.5006478,0.97250247,0.35,10.0,1.2,52
0.1672100826784655,8.793359,0.9331583,0.51050514,0.9100623,0.35,10.0,1.2,52
0.1617232675523729,8.620974,0.9437676,0.4995278,0.9534786,0.35,10.0,1.2,52
0.0944337239709344,8.528133,0.9409439,0.52144146,0.9099715,0.35,10.0,1.2,52
0.1155133492237812,8.699455,0.9332434,0.5101618,0.8829297,0.35,10.0,1.2,52
0.1345971472485287,8.494464,0.9324002,0.494017,0.9474493,0.35,10.0,1.2,52
0.1421328641559268,9.11114,0.9442328,0.5113353,0.9583287,0.35,10.0,1.2,52
0.1422144424306737,8.468152,0.94301003,0.5051736,0.8661792,0.35,10.0,1.2,52
0.0960908487680796,8.44198,0.9436501,0.53189546,0.91140044,0.35,10.0,1.2,52
0.1761623065249697,8.8288555,0.9399052,0.5001469,0.98420155,0.35,10.0,1.2,52
0.1280910176915807,8.570747,0.93492687,0.50756603,0.8897768,0.35,10.0,1.2,52
0.1523302521290364,8.204695,0.91873825,0.51447076,0.9783144,0.35,10.0,1.2,52
0.1082732006880614,8.552688,0.9357004,0.5071128,0.91364884,0.35,10.0,1.2,52
0.1653289717167347,8.683923,0.94179404,0.50113994,0.8581735,0.35,10.0,1.2,52
0.2068435089008228,8.937721,0.9296398,0.49902213,0.94888854,0.35,10.0,1.2,52
0.0900125935127785,8.704477,0.9443022,0.52177864,0.94007576,0.35,10.0,1.2,52
0.1351671702152974,8.920169,0.93786424,0.51027095,0.9153584,0.35,10.0,1.2,52
0.121747029364646,8.745317,0.950947,0.5126945,0.76658547,0.35,10.0,1.2,52
0.1302348159383367,8.821958,0.9313255,0.5251487,0.9644097,0.35,10.0,1.2,52
0.118430394839954,8.461569,0.932536,0.51044774,0.8673569,0.35,10.0,1.2,52
0.1007451115714179,8.920253,0.932713,0.53097165,0.9373907,0.35,10.0,1.2,52
0.1087635877826908,8.92562,0.9324186,0.5135483,0.96801615,0.35,10.0,1.2,52
0.1267703515846092,8.641034,0.9412892,0.50979125,0.99942195,0.35,10.0,1.2,52
0.1502586227136331,8.686896,0.92453647,0.50869495,0.98856115,0.35,10.0,1.2,52
0.0835249204177398,8.382401,0.9493617,0.5217771,0.8642838,0.35,10.0,1.2,52
0.1364294176559906,8.884707,0.9432292,0.5047195,0.8626516,0.35,10.0,1.2,52
0.110785975069613,8.74213,0.9536625,0.52229655,0.8343389,0.35,10.0,1.2,52
0.077214114186284,8.901709,0.9390824,0.508783,0.917241,0.35,10.0,1.2,52
0.1241614375959287,8.313333,0.93538034,0.5065618,0.97695816,0.35,10.0,1.2,52
0.1093398912103326,8.135593,0.93537414,0.5126634,0.9458568,0.35,10.0,1.2,52
0.1142731267052727,8.470373,0.94339854,0.51722133,0.93450975,0.35,10.0,1.2,52
0.1163765796168788,8.473946,0.93645954,0.5126911,0.8359339,0.35,10.0,1.2,52
0.1285235566634673,8.459254,0.92002106,0.51720446,0.97077096,0.35,10.0,1.2,52
0.158189268785196,8.62424,0.9524805,0.5116627,0.85811234,0.35,10.0,1.2,52
0.1399952034620909,8.721021,0.9355977,0.50255513,0.9439559,0.35,10.0,1.2,52
0.1096569773671147,8.762946,0.9446562,0.5094957,0.91130555,0.35,10.0,1.2,52
0.1182018077409303,8.814101,0.94315845,0.51076645,0.8865167,0.35,10.0,1.2,52
0.1232048276523212,8.92727,0.9421209,0.5136559,0.9233706,0.35,10.0,1.2,52
0.0951112071887866,8.77957,0.94161075,0.5146466,0.97915363,0.35,10.0,1.2,52
0.092854350236085,8.129374,0.9354187,0.5172264,0.9917737,0.35,10.0,1.2,52
0.1336818057710344,8.984624,0.92967385,0.51914793,0.96990085,0.35,10.0,1.2,52
0.1366847178169914,8.661273,0.93611944,0.507685,0.95744205,0.35,10.0,1.2,52
0.1592741557427712,8.4322405,0.9437035,0.51360923,0.8974345,0.35,10.0,1.2,52
0.10992880467538,8.978349,0.9489324,0.51159436,0.9231801,0.35,10.0,1.2,52
0.0935619479113512,8.815868,0.9401899,0.5177358,0.98710537,0.35,10.0,1.2,52
0.1179918357488271,8.515494,0.94737023,0.49846712,0.82858205,0.35,10.0,1.2,52
0.1181324480532168,8.596468,0.94483805,0.49887183,0.9383726,0.35,10.0,1.2,52
0.1210598983850565,8.818334,0.9348109,0.5120667,0.9973266,0.35,10.0,1.2,52
0.1204835955445114,8.587108,0.94189173,0.5148906,0.8056015,0.35,10.0,1.2,52
0.1238052339381999,8.384992,0.93414026,0.50379235,0.9504063,0.35,10.0,1.2,52
0.1017197356496129,8.367856,0.9534223,0.50356966,0.84907424,0.35,10.0,1.2,52
0.0997290933454358,8.471489,0.9292179,0.517503,0.989041,0.35,10.0,1.2,52
0.16514023825213,8.1760645,0.9379186,0.50515896,0.8297912,0.35,10.0,1.2,52
0.1183823623743143,8.380082,0.9371298,0.5217187,0.8579656,0.35,10.0,1.2,52
0.1592240671066192,8.6288,0.9421334,0.5129079,0.99222505,0.35,10.0,1.2,52
0.0812364610752185,8.671258,0.94692504,0.52004164,0.8534658,0.35,10.0,1.2,52
0.1169575641821096,8.796172,0.9337362,0.5125928,0.98439145,0.35,10.0,1.2,52
0.1559286954811027,9.029735,0.9377304,0.5030572,0.9664048,0.35,10.0,1.2,52
0.1878731093821941,8.901087,0.9402575,0.5202921,0.8023037,0.35,10.0,1.2,52
0.1481816642921608,8.458078,0.9357598,0.50757253,0.8735541,0.35,10.0,1.2,52
0.163277771165063,8.821025,0.9368988,0.5075619,0.9877347,0.35,10.0,1.2,52
0.1052782534121035,8.555183,0.93860376,0.5217244,0.9572815,0.35,10.0,1.2,52
0.1107854644099513,9.384766,0.93844044,0.5075949,0.91231346,0.35,10.0,1.2,52
0.1649992316334813,8.439012,0.9529189,0.5029037,0.7295748,0.35,10.0,1.2,52
0.1657704513566988,9.268819,0.9445548,0.50587684,0.9954406,0.35,10.0,1.2,52
0.1112902071382906,8.510733,0.9576255,0.5173452,0.7948451,0.35,10.0,1.2,52
0.1342403140368762,8.900305,0.96326894,0.5144902,0.7900299,0.35,10.0,1.2,52
0.1159190121355715,9.271293,0.9209683,0.5061757,0.9663372,0.35,10.0,1.2,52
0.1297475647854733,8.562723,0.93340933,0.5034186,0.96649194,0.35,10.0,1.2,52
0.1176102486458626,8.764153,0.92668205,0.51540166,0.9444349,0.35,10.0,1.2,52
0.1456727027177094,8.388581,0.9429205,0.5044551,0.8601657,0.35,10.0,1.2,52
0.1703458945958822,8.197911,0.91646314,0.50002295,0.96589184,0.35,10.0,1.2,52
0.1631666766559039,8.812645,0.9243057,0.5090498,0.9983363,0.35,10.0,1.2,52
0.1441046130120217,8.650134,0.9409122,0.5147946,0.9410815,0.35,10.0,1.2,52
0.0965397217467024,8.098889,0.9480232,0.5106714,0.72078586,0.35,10.0,1.2,52
0.1319275365863834,8.167909,0.9442324,0.5113755,0.820917,0.35,10.0,1.2,52
0.1337620740037064,8.481327,0.94031614,0.5081851,0.93261385,0.35,10.0,1.2,52
0.1328256103297969,8.48789,0.94081056,0.5102337,0.9965044,0.35,10.0,1.2,52
0.0992764139318609,8.59293,0.93874323,0.52064514,0.9375038,0.35,10.0,1.2,52
0.1337490178300096,8.66551,0.94361126,0.5272764,0.9160199,0.35,10.0,1.2,52
0.1333192470481803,8.281849,0.95809245,0.5123173,0.75781155,0.35,10.0,1.2,52
0.1763572953341601,8.61292,0.94731194,0.49877086,0.91733694,0.35,10.0,1.2,52
0.1194572314843759,8.587823,0.9347253,0.5201106,0.92983615,0.35,10.0,1.2,52
0.1549769171293791,8.662279,0.95178723,0.4946192,0.8883598,0.35,10.0,1.2,52
0.1562751722765398,8.53137,0.9294423,0.505112,0.86024487,0.35,10.0,1.2,52
0.142888263539151,8.283877,0.9549075,0.50478196,0.69291294,0.35,10.0,1.2,52
0.095412497362933,8.598984,0.9636263,0.5258962,0.8016807,0.35,10.0,1.2,52
0.1269592690682626,8.384932,0.93617976,0.5132473,0.9741316,0.35,10.0,1.2,52
0.0840040494586612,8.242894,0.9312024,0.5201712,0.9717548,0.35,10.0,1.2,52
0.0968131934844695,8.176277,0.936183,0.51878816,0.92509544,0.35,10.0,1.2,52
0.1271391058111334,8.440495,0.93926287,0.51294005,0.8668424,0.35,10.0,1.2,52
0.1262388965389034,8.4447,0.91728914,0.5205364,0.9779464,0.35,10.0,1.2,52
0.1544349555425099,8.210643,0.929409,0.5131737,0.98695123,0.35,10.0,1.2,52
0.182191865680454,8.78227,0.96258235,0.5085475,0.8187094,0.35,10.0,1.2,52
0.1706285238122797,8.483635,0.9336019,0.5047772,0.88514805,0.35,10.0,1.2,52
0.1042573817141421,8.68535,0.942073,0.516692,0.8369056,0.35,10.0,1.2,52
0.1254349423600388,8.60136,0.95184684,0.50931025,0.92174876,0.35,10.0,1.2,52
0.1439353054636591,8.861154,0.946713,0.5045625,0.86856866,0.35,10.0,1.2,52
0.1216210451498403,8.272474,0.9413749,0.511319,0.831633,0.35,10.0,1.2,52
0.1460287489332594,8.363457,0.9247838,0.5206055,0.9557129,0.35,10.0,1.2,52
0.1359291757406057,8.7603245,0.9470016,0.5177441,0.9281957,0.35,10.0,1.2,52
0.1219841385603667,8.818189,0.9339055,0.5169716,0.9397079,0.35,10.0,1.2,52
0.1647574681347912,8.120964,0.924755,0.5004701,0.9901333,0.35,10.0,1.2,52
0.1191559043231311,8.44935,0.9381347,0.5197754,0.8745153,0.35,10.0,1.2,52
0.0941770406671472,8.382002,0.95359606,0.5162834,0.9053465,0.35,10.0,1.2,52
0.1367510776977997,8.615723,0.93135554,0.51150227,0.99001503,0.35,10.0,1.2,52
0.1437451254498135,8.874927,0.94269174,0.5036093,0.927014,0.35,10.0,1.2,52
0.1338481035175266,8.503276,0.93049824,0.50049204,0.97421265,0.35,10.0,1.2,52
0.0659210522826369,8.626014,0.93954945,0.5127166,0.8526434,0.35,10.0,1.2,52
0.1512621643163778,8.590394,0.938005,0.50023097,0.8845049,0.35,10.0,1.2,52
0.146427820494941,8.881953,0.9409592,0.50627637,0.9983865,0.35,10.0,1.2,52
0.0973350177226481,8.4387,0.92508423,0.5225172,0.95268226,0.35,10.0,1.2,52
0.1081123745405638,8.365357,0.92710745,0.51054215,0.983461,0.35,10.0,1.2,52
0.1141024423433137,8.837891,0.92909694,0.5041737,0.91601527,0.35,10.0,1.2,52
0.1290420148465726,8.949461,0.94762325,0.5165319,0.9342241,0.35,10.0,1.2,52
0.1426093753322108,9.145296,0.9383748,0.50052965,0.94798756,0.35,10.0,1.2,52
0.1455668536607209,8.538457,0.95214486,0.5062649,0.84621227,0.35,10.0,1.2,52
0.1063589434580759,8.9487705,0.9655362,0.5138925,0.78168976,0.35,10.0,1.2,52
0.1156277689060291,8.804639,0.93130684,0.5152863,0.99147105,0.35,10.0,1.2,52
0.1607664690218172,8.838488,0.94477713,0.51134664,0.88921165,0.35,10.0,1.2,52
0.137869019250612,8.60675,0.938108,0.51323354,0.8349005,0.35,10.0,1.2,52
0.1442269836460147,8.532801,0.93048793,0.5072138,0.9085407,0.35,10.0,1.2,52
0.1514538754930009,8.477478,0.94255996,0.5218791,0.8920816,0.35,10.0,1.2,52
0.1793676734901405,9.222179,0.9322515,0.4984151,0.96068764,0.35,10.0,1.2,52
0.1827758050895668,8.276763,0.95556146,0.4951006,0.7734685,0.35,10.0,1.2,52
0.1719064995619627,8.657487,0.93711156,0.49954855,0.9497826,0.35,10.0,1.2,52
0.1284612195126645,8.435675,0.92801523,0.5120705,0.92142034,0.35,10.0,1.2,52
0.1106852197074317,8.432431,0.9341679,0.5032527,0.8569,0.35,10.0,1.2,52
0.1173887114481883,9.136139,0.9528928,0.5115078,0.84074116,0.35,10.0,1.2,52
0.1667131420227142,8.416325,0.9291292,0.5085584,0.9431771,0.35,10.0,1.2,52
0.1051909727949995,8.491074,0.9370005,0.50512236,0.8948877,0.35,10.0,1.2,52
0.0952927296584074,8.19509,0.95390373,0.51406884,0.87813723,0.35,10.0,1.2,52
0.185500101026472,8.3275585,0.9321959,0.50297403,0.9760808,0.35,10.0,1.2,52
0.1698716088458224,8.693261,0.9261508,0.52070314,0.9614452,0.35,10.0,1.2,52
0.138330052335699,8.58985,0.92104197,0.50872535,0.9983598,0.35,10.0,1.2,52
0.0830614837010701,8.213828,0.935233,0.5107408,0.98447025,0.35,10.0,1.2,52
0.140151337374438,9.039236,0.94665545,0.51345235,0.8786639,0.35,10.0,1.2,52
0.1362453177454951,9.186628,0.94785976,0.50061834,0.9893944,0.35,10.0,1.2,52
0.1155379795383762,8.553732,0.93243897,0.52523404,0.9480108,0.35,10.0,1.2,52
0.1848418701733196,8.758064,0.96048206,0.4930023,0.9154644,0.35,10.0,1.2,52
0.1472366572142363,9.127188,0.94966,0.5011559,0.8975407,0.35,10.0,1.2,52
0.1128116720359962,8.926499,0.94533294,0.513359,0.9193598,0.35,10.0,1.2,52
0.1436591030241132,8.879542,0.95844173,0.51245695,0.8882381,0.35,10.0,1.2,52
0.0933658934785081,8.238374,0.931139,0.511302,0.9592314,0.35,10.0,1.2,52
0.0878294399192741,8.483191,0.9499546,0.50304335,0.87688625,0.35,10.0,1.2,52
0.1638062914427336,8.508574,0.93988645,0.50344235,0.923097,0.35,10.0,1.2,52
0.1924586062961154,8.963478,0.9444585,0.49952507,0.8563459,0.35,10.0,1.2,52
0.1300369377250786,8.381548,0.93859065,0.5130156,0.8744948,0.35,10.0,1.2,52
0.112738944632155,8.503144,0.9323728,0.51747733,0.9901624,0.35,10.0,1.2,52
0.1642974627268565,8.595648,0.9628166,0.50379205,0.7451662,0.35,10.0,1.2,52
0.1538472617639077,8.64055,0.93045276,0.5130177,0.90051675,0.35,10.0,1.2,52
0.1512372731446503,8.968153,0.9366371,0.5061414,0.99375486,0.35,10.0,1.2,52
0.1068046580134211,8.414944,0.92856044,0.51321834,0.8740635,0.35,10.0,1.2,52
0.1185328275090581,8.939796,0.92363805,0.5153863,0.9711553,0.35,10.0,1.2,52
0.1486512217364153,8.466547,0.9290809,0.5124335,0.9832469,0.35,10.0,1.2,52
0.1201946969075245,8.841064,0.929368,0.50696003,0.9764416,0.35,10.0,1.2,52
0.1785766479704115,8.829356,0.92945194,0.5051759,0.90999866,0.35,10.0,1.2,52
0.1304422629130137,8.738556,0.95607316,0.5088426,0.8353808,0.35,10.0,1.2,52
0.0816445901229216,8.207755,0.93847966,0.51939297,0.91165304,0.35,10.0,1.2,52
0.1280692492447815,8.438151,0.9360762,0.52117157,0.8789792,0.35,10.0,1.2,52
0.1271058193556181,8.881106,0.93745714,0.5220813,0.9206307,0.35,10.0,1.2,52
0.1179141270720565,8.664132,0.93648887,0.5184324,0.87313175,0.35,10.0,1.2,52
0.1529240237341986,8.259382,0.9237133,0.50200516,0.9984096,0.35,10.0,1.2,52
0.1188411418238917,8.254839,0.9608944,0.5208283,0.8761537,0.35,10.0,1.2,52
0.1127121902299714,8.45585,0.93625605,0.50713825,0.97534156,0.35,10.0,1.2,52
0.1331972913913898,8.301593,0.93281794,0.5043123,0.97552955,0.35,10.0,1.2,52
0.1193341535848898,8.219767,0.9609183,0.5143022,0.8413694,0.35,10.0,1.2,52
0.1333415596907561,8.726073,0.93902284,0.5191683,0.9624417,0.35,10.0,1.2,52
0.1269985397298773,9.153466,0.9345126,0.512361,0.9746053,0.35,10.0,1.2,52
0.1248070582255228,8.208199,0.9348051,0.5057267,0.88423467,0.35,10.0,1.2,52
0.1092866470720674,8.500253,0.93425745,0.5186882,0.93254864,0.35,10.0,1.2,52
0.096990184340033,8.825553,0.9304913,0.50968677,0.95695865,0.35,10.0,1.2,52
0.1336677809305735,8.880213,0.94787836,0.49962327,0.9240074,0.35,10.0,1.2,52
0.1326090836166977,8.367048,0.9264817,0.51080924,0.96743274,0.35,10.0,1.2,52
0.0982273895676071,8.805319,0.9437212,0.509357,0.9612467,0.35,10.0,1.2,52
0.1228512139220137,8.795627,0.95361733,0.5080125,0.96052384,0.35,10.0,1.2,52
0.070481099080037,8.052565,0.94139296,0.5203827,0.9736736,0.35,10.0,1.2,52
0.1000206676259771,8.377336,0.9335418,0.50828516,0.8105372,0.35,10.0,1.2,52
0.1205717390220802,8.423463,0.9444973,0.5061115,0.8380668,0.35,10.0,1.2,52
0.1699129122799939,8.605264,0.9360923,0.49616116,0.9926518,0.35,10.0,1.2,52
0.0785003300400467,8.436905,0.933868,0.52223945,0.9250004,0.35,10.0,1.2,52
0.102743071865391,8.761056,0.9256587,0.50006,0.9444779,0.35,10.0,1.2,52
0.0569334548085301,8.964913,0.9504372,0.520081,0.9441967,0.35,10.0,1.2,52
0.1354480616967599,8.640559,0.9315182,0.5041184,0.91866636,0.35,10.0,1.2,52
0.1188420657853822,8.909989,0.9376321,0.49930102,0.95381045,0.35,10.0,1.2,52
0.1124528962069445,8.53037,0.92779267,0.49846515,0.9222022,0.35,10.0,1.2,52
0.1492423283660018,8.949948,0.9338412,0.5121249,0.9485047,0.35,10.0,1.2,52
0.0946712639525129,8.233541,0.9406732,0.5206833,0.8688698,0.35,10.0,1.2,52
0.1820066215039731,8.608079,0.94916874,0.50364643,0.8238808,0.35,10.0,1.2,52
0.0985484336159966,8.457969,0.9330061,0.5309138,0.9365758,0.35,10.0,1.2,52
0.1541336500608885,8.037939,0.9292825,0.50311154,0.97188365,0.35,10.0,1.2,52
0.0738424452790268,8.295556,0.95060325,0.5218267,0.9259163,0.35,10.0,1.2,52
0.1456169308699645,8.332273,0.93546045,0.5091073,0.94854045,0.35,10.0,1.2,52
0.1146918312135759,8.78896,0.9524779,0.501911,0.8846283,0.35,10.0,1.2,52
0.1123417224826755,8.5556755,0.9217333,0.50335205,0.99060655,0.35,10.0,1.2,52
0.1524923925858002,8.757678,0.92919445,0.5077025,0.8990358,0.35,10.0,1.2,52
0.1333256899343954,9.193428,0.9341611,0.5059249,0.9578347,0.35,10.0,1.2,52
0.1276436289366301,8.924595,0.933854,0.4980536,0.9228773,0.35,10.0,1.2,52
0.1719312197453266,8.799491,0.9525808,0.50229806,0.7558298,0.35,10.0,1.2,52
0.1561545277501012,8.529539,0.9409808,0.5042381,0.9461092,0.35,10.0,1.2,52
0.1316242019263831,8.362864,0.92179394,0.49887645,0.9461069,0.35,10.0,1.2,52
0.1269663370693768,8.586257,0.9374534,0.51133335,0.96061933,0.35,10.0,1.2,52
0.1233029848104482,9.045486,0.94666505,0.51685834,0.8506651,0.35,10.0,1.2,52
0.0905140014740081,8.822184,0.9505327,0.5348879,0.9128804,0.35,10.0,1.2,52
0.1233477774325075,8.644085,0.94836664,0.5210475,0.9072763,0.35,10.0,1.2,52
0.0917931792113158,8.689562,0.9399822,0.51894075,0.95302105,0.35,10.0,1.2,52
0.1751457077604872,8.876319,0.931183,0.4921149,0.9729146,0.35,10.0,1.2,52
0.1376156884270745,8.473549,0.9222293,0.5163242,0.98925316,0.35,10.0,1.2,52
0.0947741849143225,8.42991,0.93329114,0.5058882,0.88668346,0.35,10.0,1.2,52
0.1124308300304699,8.589779,0.93013245,0.5280972,0.99386764,0.35,10.0,1.2,52
0.1014991429331782,8.669301,0.9362677,0.5042046,0.96213233,0.35,10.0,1.2,52
0.1255301441731037,8.646122,0.94375825,0.52190787,0.9358866,0.35,10.0,1.2,52
0.1320482832103878,8.689511,0.9423993,0.51068175,0.9639431,0.35,10.0,1.2,52
0.1022348660534924,8.467119,0.97784334,0.5194929,0.609128,0.35,10.0,1.2,52
0.1302802120099912,8.122788,0.93898374,0.53443843,0.9745462,0.35,10.0,1.2,52
0.0862919702902212,8.200703,0.9232607,0.52456445,0.97284245,0.35,10.0,1.2,52
0.1201950811695408,8.8347845,0.9256419,0.5159903,0.92852604,0.35,10.0,1.2,52
0.1085281254507757,8.61415,0.93970746,0.5153163,0.89107895,0.35,10.0,1.2,52
0.174523687434268,8.236394,0.93773705,0.5254875,0.9565768,0.35,10.0,1.2,52
0.1703256619943154,8.214684,0.92081356,0.5084004,0.92210317,0.35,10.0,1.2,52
0.1203853856192694,8.668099,0.9306925,0.5057909,0.96094203,0.35,10.0,1.2,52
0.1406723360685972,8.354223,0.9406163,0.520816,0.8652234,0.35,10.0,1.2,52
0.1134879718528495,8.776012,0.9391289,0.504326,0.954234,0.35,10.0,1.2,52
0.1548172999717093,8.57725,0.9394412,0.5065259,0.8939886,0.35,10.0,1.2,52
0.0922353887557983,9.075299,0.9540622,0.5044599,0.9128771,0.35,10.0,1.2,52
0.1293299840377257,8.410993,0.94194937,0.50716823,0.98318994,0.35,10.0,1.2,52
0.1270569552745189,8.8629875,0.9391657,0.5033325,0.84706175,0.35,10.0,1.2,52
0.1006141784169652,8.544408,0.9344489,0.51543444,0.9173858,0.35,10.0,1.2,52
0.1081137061763454,8.478373,0.94312096,0.5095782,0.93130434,0.35,10.0,1.2,52
0.1330861746727883,8.829246,0.95623523,0.5088302,0.88167524,0.35,10.0,1.2,52
0.1152266633259999,8.357063,0.91845727,0.51522493,0.96086955,0.35,10.0,1.2,52
0.1617189953635046,8.476949,0.9300632,0.50178665,0.9491569,0.35,10.0,1.2,52
0.1722397621973856,9.053262,0.9298244,0.50683385,0.9868002,0.35,10.0,1.2,52
0.0895940345328849,8.4737015,0.93644977,0.51348263,0.95536435,0.35,10.0,1.2,52
0.1213935163572385,8.373335,0.92484474,0.51187694,0.9840796,0.35,10.0,1.2,52
0.1354344809592307,8.264786,0.9396431,0.5061918,0.92872643,0.35,10.0,1.2,52
0.1737320037217469,8.38222,0.92589456,0.49884462,0.9725623,0.35,10.0,1.2,52
0.1494267325071959,8.614634,0.94308656,0.49803874,0.8775954,0.35,10.0,1.2,52
0.0548256186322049,8.724378,0.9448649,0.5321956,0.827816,0.35,10.0,1.2,52
0.1150822551400811,8.332171,0.94187677,0.5030612,0.87124026,0.35,10.0,1.2,52
0.1332725255696981,8.477058,0.93697846,0.50634956,0.9707556,0.35,10.0,1.2,52
0.1321376926404935,8.662654,0.9372643,0.5051875,0.9492276,0.35,10.0,1.2,52
0.124567431071857,8.817664,0.92958206,0.51678807,0.93492293,0.35,10.0,1.2,52
0.1198735624032693,8.365829,0.9278668,0.51392645,0.9523251,0.35,10.0,1.2,52
0.1354859529529606,8.712865,0.93363297,0.52009374,0.9299005,0.35,10.0,1.2,52
0.1354925779107812,8.9758835,0.93465114,0.5086213,0.9376621,0.35,10.0,1.2,52
0.1251043828042062,8.573589,0.92606235,0.50501084,0.95606124,0.35,10.0,1.2,52
0.1705776323713697,9.029091,0.9441682,0.50116926,0.92261314,0.35,10.0,1.2,52
0.1306080079579854,9.088724,0.92202795,0.5065995,0.99473345,0.35,10.0,1.2,52
0.1027053790335898,8.154886,0.9352654,0.5105451,0.87415457,0.35,10.0,1.2,52
0.1342252995373608,8.484922,0.93197584,0.52543634,0.9115485,0.35,10.0,1.2,52
0.1227057121179483,8.7052965,0.9328542,0.51595455,0.96055496,0.35,10.0,1.2,52
0.1491418996301141,8.510349,0.92535186,0.49715665,0.9851825,0.35,10.0,1.2,52
0.1120429220858278,8.405905,0.92712086,0.51413196,0.95171535,0.35,10.0,1.2,52
0.1253309860172214,8.518837,0.9325315,0.507049,0.93244314,0.35,10.0,1.2,52
0.1404240715467894,8.703891,0.94438124,0.51293766,0.8598752,0.35,10.0,1.2,52
0.1366169845306121,8.79237,0.92905366,0.49412298,0.9678874,0.35,10.0,1.2,52
0.135879965945407,8.853979,0.94094825,0.51931,0.9762416,0.35,10.0,1.2,52
0.1496018906183787,9.205726,0.94586873,0.5121098,0.9248266,0.35,10.0,1.2,52
0.1116656102217711,8.750834,0.93094575,0.5203305,0.94207716,0.35,10.0,1.2,52
0.1600787339625773,8.222432,0.9270307,0.5133155,0.9093343,0.35,10.0,1.2,52
0.1155702959667812,8.52242,0.93502396,0.51469857,0.91406024,0.35,10.0,1.2,52
0.1471904911293282,9.0697155,0.95292157,0.49407828,0.8494556,0.35,10.0,1.2,52
0.1255054770862018,8.446165,0.93207026,0.5052946,0.94991744,0.35,10.0,1.2,52
0.1041672166331752,8.384707,0.92776746,0.5239225,0.95398045,0.35,10.0,1.2,52
0.1503513664096683,8.609037,0.92989504,0.4995926,0.9456812,0.35,10.0,1.2,52
0.137444452122525,8.744359,0.9404118,0.50992095,0.88770795,0.35,10.0,1.2,52
0.136993180839149,8.880079,0.94038725,0.5281758,0.99934864,0.35,10.0,1.2,52
0.1273872331384424,8.434103,0.9521726,0.5000723,0.8314848,0.35,10.0,1.2,52
0.0990073297403238,8.381689,0.9317504,0.5117359,0.8218634,0.35,10.0,1.2,52
0.1851142818004161,8.856617,0.9355342,0.49920303,0.913965,0.35,10.0,1.2,52
0.1104535534431984,8.488527,0.940188,0.5079841,0.8892021,0.35,10.0,1.2,52
0.1517064479306653,8.681443,0.933359,0.5034437,0.9440099,0.35,10.0,1.2,52
0.0957360751492841,8.051387,0.9434723,0.5130008,0.92338276,0.35,10.0,1.2,52
0.1249244849889486,8.772719,0.9465883,0.51907074,0.8531519,0.35,10.0,1.2,52
0.1102182377422894,8.745361,0.9423346,0.519429,0.93984556,0.35,10.0,1.2,52
0.130142332111393,8.482195,0.93270254,0.5058287,0.9835844,0.35,10.0,1.2,52
0.1372482592493922,8.486706,0.93917996,0.5089664,0.9715935,0.35,10.0,1.2,52
0.0941524389914206,7.9262905,0.92975354,0.50495696,0.9908924,0.35,10.0,1.2,52
0.1230561580027903,7.906456,0.93377525,0.5135048,0.90377676,0.35,10.0,1.2,52
0.1238112466399734,8.592313,0.94536287,0.5157122,0.90590703,0.35,10.0,1.2,52
0.1763254670409469,8.39354,0.94059646,0.49959162,0.9289216,0.35,10.0,1.2,52
0.0910571786233254,8.424936,0.92861384,0.5148554,0.9169463,0.35,10.0,1.2,52
0.1143656523592837,8.441454,0.93217456,0.5241967,0.9135773,0.35,10.0,1.2,52
0.0610104482811134,8.460937,0.94034487,0.5264538,0.9713913,0.35,10.0,1.2,52
0.0677699993179367,8.665625,0.93630034,0.5164634,0.98779523,0.35,10.0,1.2,52
0.0866599547898805,8.44127,0.9105798,0.50111,0.99109244,0.35,10.0,1.2,52
0.1075550274662785,8.530184,0.9332589,0.50029683,0.9068309,0.35,10.0,1.2,52
0.1146872637866137,8.328056,0.9289778,0.51786304,0.90534914,0.35,10.0,1.2,52
0.15983692711896,8.366981,0.94415766,0.510795,0.78151464,0.35,10.0,1.2,52
0.132288106411427,9.0009985,0.9468598,0.51586545,0.91818666,0.35,10.0,1.2,52
0.0966025589321468,8.327776,0.93448305,0.507931,0.9467075,0.35,10.0,1.2,52
0.1200998953512839,8.4198,0.93582535,0.5099123,0.95396924,0.35,10.0,1.2,52
0.1333030697676512,8.687974,0.9382913,0.50738794,0.9045073,0.35,10.0,1.2,52
0.1663894652174757,8.930605,0.9306405,0.49783581,0.9777638,0.35,10.0,1.2,52
0.1175664542888377,8.964573,0.9395,0.51509887,0.8969817,0.35,10.0,1.2,52
0.1508120458047311,9.075317,0.9555857,0.5110417,0.7757968,0.35,10.0,1.2,52
0.1228954936935378,9.041641,0.9375144,0.51249295,0.98994184,0.35,10.0,1.2,52
0.1342897213543499,8.594196,0.94169277,0.5171487,0.9554635,0.35,10.0,1.2,52
0.1705356672934225,8.830105,0.9386524,0.49668202,0.8973253,0.35,10.0,1.2,52
0.1196557291133983,8.699361,0.9479226,0.51781934,0.94347966,0.35,10.0,1.2,52
0.1515720474684202,8.703891,0.92995846,0.5076912,0.9788033,0.35,10.0,1.2,52
0.15810920209856,8.674661,0.93333817,0.5052072,0.9442142,0.35,10.0,1.2,52
0.0900489728944795,8.219238,0.9352115,0.5071253,0.9951879,0.35,10.0,1.2,52
0.1114989292156231,8.992491,0.9372705,0.51169497,0.8885473,0.35,10.0,1.2,52
0.115679783033537,8.702057,0.93668735,0.5252506,0.8818799,0.35,10.0,1.2,52
0.1379980025277123,8.346847,0.95513,0.5159736,0.8141285,0.35,10.0,1.2,52
0.1398274679441709,8.765202,0.93253374,0.50401866,0.9352602,0.35,10.0,1.2,52
0.1125585874208101,8.649271,0.94799566,0.5136488,0.86629486,0.35,10.0,1.2,52
0.1508421975213128,8.82288,0.93293536,0.51180035,0.99059474,0.35,10.0,1.2,52
0.1512410985098944,8.937402,0.9401798,0.49773788,0.9107398,0.35,10.0,1.2,52
0.0709707871142092,8.46021,0.958771,0.50910735,0.79959714,0.35,10.0,1.2,52
0.1490267563009405,8.858739,0.9388739,0.5170481,0.96878016,0.35,10.0,1.2,52
0.1273112252524665,8.280641,0.95162445,0.5059061,0.7851441,0.35,10.0,1.2,52
0.1342041167411002,8.49597,0.9352554,0.5146625,0.89551556,0.35,10.0,1.2,52
0.1552121005473552,8.237358,0.9247783,0.49760926,0.98206306,0.35,10.0,1.2,52
0.1134355219849595,8.82908,0.927546,0.504167,0.96132374,0.35,10.0,1.2,52
0.1288031048817677,8.747698,0.9532495,0.5090233,0.85083497,0.35,10.0,1.2,52
0.1192111541415835,8.809763,0.93770957,0.5209881,0.89798784,0.35,10.0,1.2,52
0.1428488786514098,8.633256,0.9528551,0.51176536,0.8118644,0.35,10.0,1.2,52
0.1492816910586199,8.657409,0.93697804,0.5053945,0.90088904,0.35,10.0,1.2,52
0.1370557638546368,8.430665,0.9255675,0.50908506,0.98667705,0.35,10.0,1.2,52
0.1128811355109687,8.059273,0.9299818,0.50742555,0.92929006,0.35,10.0,1.2,52
0.1314046843130667,8.328348,0.9426026,0.5068236,0.87916195,0.35,10.0,1.2,52
0.0927975484200784,8.814917,0.9427755,0.51516753,0.9595593,0.35,10.0,1.2,52
0.1155625959058423,8.722391,0.9320944,0.5065531,0.93322134,0.35,10.0,1.2,52
0.1117930148385308,8.429387,0.93087465,0.51868534,0.970585,0.35,10.0,1.2,52
0.0999316051844004,8.627761,0.9409214,0.5195936,0.884063,0.35,10.0,1.2,52
0.1354994320941043,8.025096,0.9416896,0.5075558,0.8653009,0.35,10.0,1.2,52
0.0969827885384316,9.319916,0.9390483,0.52304006,0.94651353,0.35,10.0,1.2,52
0.1585187153057293,9.189367,0.9479388,0.5141127,0.9953369,0.35,10.0,1.2,52
0.1535289848745764,9.188987,0.9511709,0.5012006,0.9186387,0.35,10.0,1.2,52
0.1027754009951342,8.900044,0.9382895,0.51129425,0.88792145,0.35,10.0,1.2,52
0.1345212443383248,8.815263,0.93065804,0.5107732,0.9605417,0.35,10.0,1.2,52
0.1346569044095976,8.946247,0.954634,0.5113874,0.8615023,0.35,10.0,1.2,52
0.0939295702152424,8.221564,0.9355377,0.5051649,0.9043468,0.35,10.0,1.2,52
0.1395878971517981,8.575435,0.92644393,0.48945862,0.93315923,0.35,10.0,1.2,52
0.1624166112619119,8.078743,0.9321698,0.5005883,0.9458972,0.35,10.0,1.2,52
0.1007234416852842,8.387645,0.95648956,0.52067965,0.7779193,0.35,10.0,1.2,52
0.0959960731872925,8.120953,0.9401407,0.5157708,0.9089229,0.35,10.0,1.2,52
0.1267475793168351,8.4749565,0.93595684,0.5094163,0.96839464,0.35,10.0,1.2,52
0.1504162261722324,8.569668,0.94275963,0.5116061,0.88077617,0.35,10.0,1.2,52
0.1268310184593315,8.899193,0.92963374,0.51984745,0.9394733,0.35,10.0,1.2,52
0.1393265258370934,8.105433,0.9239459,0.51554376,0.9137449,0.35,10.0,1.2,52
0.1359215400455234,8.847862,0.9359608,0.50574434,0.9990325,0.35,10.0,1.2,52
0.1445307416600866,8.94866,0.9448801,0.51070184,0.8983172,0.35,10.0,1.2,52
0.1412530896183964,8.291349,0.9245246,0.5200274,0.9628682,0.35,10.0,1.2,52
0.1358648641689403,8.558993,0.93155,0.51696074,0.96384335,0.35,10.0,1.2,52
-0.1034825651073455,8.907348,0.8646937,0.51899534,0.9779552,0.37,10.0,1.2,53
-0.0862774627208709,8.814168,0.87261397,0.52085304,0.9732646,0.37,10.0,1.2,53
-0.1137572193622589,9.039636,0.8712802,0.52580917,0.9939933,0.37,10.0,1.2,53
-0.1052540414047241,8.838108,0.8627912,0.52391744,0.93005085,0.37,10.0,1.2,53
-0.1719091157913208,8.887243,0.8638081,0.5194625,0.9760872,0.37,10.0,1.2,53
-0.1414611514568328,8.662858,0.8704387,0.5268583,0.9617108,0.37,10.0,1.2,53
-0.125121461572647,8.398086,0.86338234,0.51704985,0.9993291,0.37,10.0,1.2,53
-0.1417212318325042,8.383952,0.8597827,0.51972824,0.96997666,0.37,10.0,1.2,53
-0.1270845756530761,8.990908,0.86509204,0.527081,0.99743986,0.37,10.0,1.2,53
-0.1192520742607116,8.575962,0.8617462,0.5355236,0.8955047,0.37,10.0,1.2,53
-0.0958044727993011,9.259952,0.86059177,0.5282545,0.99582803,0.37,10.0,1.2,53
-0.0909800809860229,8.452234,0.8619664,0.5232562,0.99067926,0.37,10.0,1.2,53
-0.0707956638717651,9.199902,0.8778288,0.5187447,0.97088504,0.37,10.0,1.2,53
-0.0980593216133117,8.831957,0.86023986,0.53097636,0.98774767,0.37,10.0,1.2,53
-0.1019050885391235,8.646334,0.8603595,0.52765995,0.97671425,0.37,10.0,1.2,53
-0.1033050761222839,8.965874,0.87426054,0.51734203,0.99130607,0.37,10.0,1.2,53
-0.1708428900146484,9.254957,0.87488234,0.532487,0.94509804,0.37,10.0,1.2,53
-0.1766195739650726,8.569776,0.8688281,0.5341747,0.98046756,0.37,10.0,1.2,53
-0.1497334819507599,8.265298,0.8673548,0.53257924,0.9813343,0.37,10.0,1.2,53
-0.1300007611656189,9.256969,0.8718527,0.5319836,0.95627546,0.37,10.0,1.2,53
-0.0831260350704193,8.999314,0.8594797,0.5173553,0.9963316,0.37,10.0,1.2,53
-0.1787673895072937,8.603743,0.87549245,0.52474076,0.94999874,0.37,10.0,1.2,53
-0.1393398333263397,8.838027,0.8761232,0.5131489,0.9865359,0.37,10.0,1.2,53
-0.1307697037696838,8.694849,0.8691894,0.5455127,0.9912702,0.37,10.0,1.2,53
-0.1098944242000579,8.512187,0.87205434,0.51311004,0.9945396,0.37,10.0,1.2,53
-0.0776658569812774,8.815894,0.8723697,0.5209773,0.94108784,0.37,10.0,1.2,53
-0.0965753622722625,9.495872,0.8801318,0.50767565,0.87383664,0.37,10.0,1.2,53
-0.1466687634181976,8.653949,0.86620593,0.5213225,0.9858649,0.37,10.0,1.2,53
-0.1456382614040374,8.435861,0.8658977,0.5256197,0.99322593,0.37,10.0,1.2,53
-0.0887256702804565,9.127956,0.87099683,0.5306332,0.98254836,0.37,10.0,1.2,53
-0.106062709159851,8.888691,0.8751894,0.5160748,0.984288,0.37,10.0,1.2,53
-0.1171604772758483,9.234322,0.86821645,0.5319864,0.8708525,0.37,10.0,1.2,53
-0.0966814850521087,8.880723,0.85259014,0.5129897,0.9862999,0.37,10.0,1.2,53
-0.1183136673355102,9.102102,0.8730718,0.5197138,0.99411535,0.37,10.0,1.2,53
-0.1746028234195709,8.941014,0.8775301,0.5362638,0.979035,0.37,10.0,1.2,53
-0.1148195938110351,8.649788,0.859812,0.5055539,0.9683485,0.37,10.0,1.2,53
-0.0901148741245269,9.016347,0.87566,0.5132363,0.9510219,0.37,10.0,1.2,53
-0.0964280277252197,9.075584,0.85808444,0.514911,0.99921954,0.37,10.0,1.2,53
-0.1255910052967071,9.059623,0.87527645,0.5415143,0.9937352,0.37,10.0,1.2,53
-0.1676654375457763,8.626047,0.8819336,0.521498,0.98833823,0.37,10.0,1.2,53
-0.1075381764602661,8.968838,0.8823396,0.5282374,0.953871,0.37,10.0,1.2,53
-0.1010610088825225,9.026437,0.87436783,0.5176257,0.9936677,0.37,10.0,1.2,53
-0.1800323909473419,8.764184,0.8738077,0.5403386,0.96651196,0.37,10.0,1.2,53
-0.1561376696014404,8.5498295,0.8589592,0.53707856,0.9688331,0.37,10.0,1.2,53
-0.1257428640842437,8.722358,0.85312396,0.52442515,0.983776,0.37,10.0,1.2,53
-0.1184236722373962,8.561035,0.8600964,0.5194795,0.95713556,0.37,10.0,1.2,53
-0.137122288608551,8.764658,0.87180746,0.5210754,0.973626,0.37,10.0,1.2,53
-0.1055463839435577,9.030047,0.86836404,0.5164133,0.9798858,0.37,10.0,1.2,53
-0.1323411723804473,9.307273,0.87351567,0.52133745,0.9579176,0.37,10.0,1.2,53
-0.1201207817077636,8.951063,0.88148296,0.5197968,0.9581249,0.37,10.0,1.2,53
-0.1067741483879089,9.094389,0.8510176,0.5267157,0.99673593,0.37,10.0,1.2,53
-0.122942810344696,8.01775,0.8659664,0.52496064,0.9745091,0.37,10.0,1.2,53
-0.1212454457664489,8.5890255,0.8662338,0.52059394,0.92685974,0.37,10.0,1.2,53
-0.1918931480598449,8.923424,0.86896926,0.53462267,0.9458523,0.37,10.0,1.2,53
-0.1231845123672485,8.391262,0.8564185,0.5122371,0.9876516,0.37,10.0,1.2,53
-0.1468005513381958,8.71764,0.85454786,0.5247867,0.98607945,0.37,10.0,1.2,53
-0.0975970466136932,8.606124,0.86486655,0.5252,0.99042237,0.37,10.0,1.2,53
-0.1388533718776702,8.748792,0.87412333,0.5252904,0.8728001,0.37,10.0,1.2,53
-0.1289675763607025,9.282794,0.87032264,0.5371065,0.96310663,0.37,10.0,1.2,53
-0.0810567540073394,9.049426,0.87757146,0.50994706,0.85205543,0.37,10.0,1.2,53
-0.1670813269996643,8.884188,0.86066926,0.5304168,0.99826396,0.37,10.0,1.2,53
-0.0876072371387481,8.773156,0.8624994,0.50353956,0.97310793,0.37,10.0,1.2,53
-0.1495416478061676,9.335195,0.8720543,0.5258028,0.9752313,0.37,10.0,1.2,53
-0.1308453560352325,8.632178,0.8623448,0.5201792,0.9076555,0.37,10.0,1.2,53
-0.1599990505886077,8.71506,0.87607265,0.51924527,0.98211753,0.37,10.0,1.2,53
-0.0743245035171508,8.667889,0.86621755,0.5199533,0.98344016,0.37,10.0,1.2,53
-0.1093014547538757,8.147123,0.85201955,0.516025,0.99936485,0.37,10.0,1.2,53
-0.0883823696517944,8.449589,0.8731892,0.51379204,0.9047575,0.37,10.0,1.2,53
-0.1308267129611968,9.168828,0.86935484,0.5205053,0.98114324,0.37,10.0,1.2,53
-0.1471087290477752,8.776267,0.87269735,0.5358867,0.96689737,0.37,10.0,1.2,53
-0.1140463167381286,9.149349,0.86789,0.5152688,0.99826396,0.37,10.0,1.2,53
-0.1524575681591033,8.770467,0.8656322,0.5165835,0.9863608,0.37,10.0,1.2,53
-0.0684051663398742,8.871012,0.88199025,0.51848704,0.9494755,0.37,10.0,1.2,53
-0.1346610409736633,9.192162,0.8704019,0.5226861,0.96316886,0.37,10.0,1.2,53
-0.1240833344459533,8.149719,0.8581812,0.5282024,0.9973725,0.37,10.0,1.2,53
-0.1387421202564239,8.397532,0.8764671,0.5320583,0.9658631,0.37,10.0,1.2,53
-0.16911552028656,8.547468,0.85488653,0.5311715,0.9865165,0.37,10.0,1.2,53
-0.1309753001594543,9.0335045,0.862744,0.51881844,0.98377717,0.37,10.0,1.2,53
-0.1784850363445282,8.956006,0.8691008,0.53839594,0.97975576,0.37,10.0,1.2,53
-0.1919909049510955,8.876548,0.8802092,0.53389007,0.9647155,0.37,10.0,1.2,53
-0.1248366470718383,8.872982,0.87446547,0.5104926,0.95717824,0.37,10.0,1.2,53
-0.1411304939746856,8.465638,0.86938536,0.53237426,0.9483278,0.37,10.0,1.2,53
-0.1555938045024871,8.597693,0.8655841,0.5365885,0.98895717,0.37,10.0,1.2,53
-0.1183345190715789,9.076293,0.8733138,0.5244394,0.9443425,0.37,10.0,1.2,53
-0.12133945063591,8.600112,0.87044746,0.5179338,0.99586916,0.37,10.0,1.2,53
-0.1040518964195251,8.835379,0.8603946,0.52876896,0.9862542,0.37,10.0,1.2,53
-0.0830717996120452,8.760419,0.85780555,0.5097415,0.9879886,0.37,10.0,1.2,53
-0.1278127031803131,8.768506,0.8721063,0.52065736,0.9660301,0.37,10.0,1.2,53
-0.1095442997837066,9.0299425,0.8734801,0.5276235,0.8931279,0.37,10.0,1.2,53
-0.1237486511611938,8.827816,0.856078,0.5179258,0.9907348,0.37,10.0,1.2,53
-0.1443185821914673,9.27857,0.87564456,0.5275068,0.92566884,0.37,10.0,1.2,53
-0.1508583583068847,8.070906,0.86760026,0.52372384,0.99123216,0.37,10.0,1.2,53
-0.1536104869747162,9.441806,0.88045776,0.5242477,0.96835196,0.37,10.0,1.2,53
-0.1424773010253906,9.055529,0.87271404,0.52520543,0.9618912,0.37,10.0,1.2,53
-0.1269941785526275,8.646558,0.85923374,0.51962644,0.9976636,0.37,10.0,1.2,53
-0.1663425909233093,8.991468,0.8618666,0.51447296,0.9570974,0.37,10.0,1.2,53
-0.1394549771499633,8.664263,0.8765331,0.526512,0.99572694,0.37,10.0,1.2,53
-0.1301529012107849,9.095045,0.8777455,0.52133816,0.95670784,0.37,10.0,1.2,53
-0.1326315160751342,8.91737,0.85806715,0.5199811,0.92226017,0.37,10.0,1.2,53
-0.1604290658950805,8.92561,0.8680084,0.53453195,0.98880625,0.37,10.0,1.2,53
-0.1361195932102203,8.822911,0.85318947,0.5083592,0.98727465,0.37,10.0,1.2,53
-0.1375739115619659,8.4977255,0.87027115,0.5174139,0.96662235,0.37,10.0,1.2,53
-0.097680507106781,8.5924225,0.86388576,0.52844536,0.99380696,0.37,10.0,1.2,53
-0.0965735632133483,8.679426,0.87059253,0.5228592,0.8983488,0.37,10.0,1.2,53
-0.119716776599884,8.339716,0.8767987,0.53245354,0.9302716,0.37,10.0,1.2,53
-0.1553096421909332,8.413089,0.87070435,0.5305899,0.99419785,0.37,10.0,1.2,53
-0.1684212317848205,8.966013,0.858727,0.51913095,0.9622592,0.37,10.0,1.2,53
-0.1740036255359649,8.953271,0.871126,0.5263962,0.9893501,0.37,10.0,1.2,53
-0.1218084191322326,8.86179,0.8770672,0.52492446,0.92513645,0.37,10.0,1.2,53
-0.0932165770244598,8.910468,0.8766292,0.5276285,0.93716455,0.37,10.0,1.2,53
-0.1701358815193176,8.650103,0.8792056,0.52863866,0.9128252,0.37,10.0,1.2,53
-0.1156118212604522,8.486358,0.8619197,0.519534,0.9958812,0.37,10.0,1.2,53
-0.1257032092761993,8.684409,0.86307096,0.5199217,0.96764946,0.37,10.0,1.2,53
-0.1259661730480194,9.198201,0.87307495,0.51665413,0.9569979,0.37,10.0,1.2,53
-0.1651125419616699,8.268709,0.8757763,0.5281633,0.8921846,0.37,10.0,1.2,53
-0.1518010795021057,9.14867,0.87816375,0.51206523,0.97763324,0.37,10.0,1.2,53
-0.1216510432434082,9.279411,0.8781938,0.5332101,0.94712996,0.37,10.0,1.2,53
-0.1777891876220703,8.723478,0.87317586,0.54211104,0.97966695,0.37,10.0,1.2,53
-0.162869719877243,9.0804205,0.8690254,0.52969694,0.9953284,0.37,10.0,1.2,53
-0.1129159306526184,9.512672,0.8734472,0.5099204,0.9653343,0.37,10.0,1.2,53
-0.14902340051651,8.913258,0.87256676,0.52829534,0.89101267,0.37,10.0,1.2,53
-0.1308566243362426,8.904484,0.8700045,0.51246417,0.9670826,0.37,10.0,1.2,53
-0.1162053314590454,8.539949,0.86341685,0.52552515,0.93611586,0.37,10.0,1.2,53
-0.2146780224800109,9.358683,0.867006,0.5482308,0.98388314,0.37,10.0,1.2,53
-0.1714382149410247,8.597215,0.8557291,0.5318992,0.98613214,0.37,10.0,1.2,53
-0.12553448969841,9.008687,0.87570864,0.53845036,0.9936454,0.37,10.0,1.2,53
-0.1220346148967742,9.635606,0.8751734,0.52187246,0.91228974,0.37,10.0,1.2,53
-0.108196117734909,8.900418,0.8688935,0.52735955,0.99928164,0.37,10.0,1.2,53
-0.102446396818161,8.860017,0.8675059,0.52379733,0.98854935,0.37,10.0,1.2,53
-0.1421230947875976,8.735252,0.8632517,0.5158672,0.96065605,0.37,10.0,1.2,53
-0.1239404219341278,8.579886,0.86427724,0.53135425,0.9933425,0.37,10.0,1.2,53
-0.1193625587844848,8.222586,0.86270404,0.51196545,0.9700315,0.37,10.0,1.2,53
-0.150490056772232,8.770392,0.85939336,0.5285528,0.99362814,0.37,10.0,1.2,53
-0.1003921894550323,8.445458,0.8554478,0.5294481,0.961781,0.37,10.0,1.2,53
-0.1031234066963195,8.581705,0.86105585,0.5194514,0.9912416,0.37,10.0,1.2,53
-0.1122726622581481,8.640137,0.87247837,0.50992185,0.9890367,0.37,10.0,1.2,53
-0.118580436887741,8.618527,0.8555757,0.5154157,0.9778986,0.37,10.0,1.2,53
-0.1364842860126495,8.728534,0.865124,0.515442,0.9954046,0.37,10.0,1.2,53
-0.196741219587326,8.708947,0.8688497,0.54652554,0.997049,0.37,10.0,1.2,53
-0.1417450959873199,8.521817,0.87024045,0.53226054,0.9593259,0.37,10.0,1.2,53
-0.1606122347259521,8.558975,0.8596913,0.5332427,0.9875126,0.37,10.0,1.2,53
-0.1016697408866882,9.203985,0.8661742,0.51678807,0.99133897,0.37,10.0,1.2,53
-0.1774304165554046,8.660272,0.86382747,0.5197888,0.9875665,0.37,10.0,1.2,53
-0.1412684332084655,8.953083,0.86408573,0.53052396,0.99595654,0.37,10.0,1.2,53
-0.0932961316490173,8.438107,0.8732209,0.5200555,0.9899745,0.37,10.0,1.2,53
-0.1010418436050415,9.095221,0.8646612,0.5266272,0.9807371,0.37,10.0,1.2,53
-0.1057574728488922,9.014096,0.88131475,0.51834667,0.91355586,0.37,10.0,1.2,53
-0.1282831514263153,8.882829,0.860716,0.52342737,0.9814993,0.37,10.0,1.2,53
-0.121883700056076,8.745034,0.853227,0.5323197,0.981529,0.37,10.0,1.2,53
-0.1358075863265991,8.56937,0.86355215,0.523264,0.9539652,0.37,10.0,1.2,53
-0.1396911309719085,8.7416315,0.8587483,0.5209432,0.9556979,0.37,10.0,1.2,53
-0.1605515971565246,8.623644,0.86387026,0.5276455,0.99703324,0.37,10.0,1.2,53
-0.1248777310562133,9.011677,0.8740921,0.52271104,0.97954035,0.37,10.0,1.2,53
-0.097771074476242,8.503896,0.861205,0.5231647,0.9770719,0.37,10.0,1.2,53
-0.1413183678150177,9.157052,0.8790828,0.5299497,0.9969795,0.37,10.0,1.2,53
-0.1211730700492858,8.629026,0.86695755,0.5215636,0.9924457,0.37,10.0,1.2,53
-0.1403313988685607,8.602915,0.8742017,0.53278524,0.9673008,0.37,10.0,1.2,53
-0.1123467923641204,8.89133,0.866351,0.5212822,0.95834017,0.37,10.0,1.2,53
-0.1261624778652191,8.764087,0.862521,0.5291701,0.9898387,0.37,10.0,1.2,53
-0.1289020220184326,8.503471,0.8566056,0.529563,0.974959,0.37,10.0,1.2,53
-0.1884274544620514,8.925725,0.86933404,0.52905464,0.9089477,0.37,10.0,1.2,53
-0.1215140110015869,8.426132,0.86176383,0.5241722,0.9654136,0.37,10.0,1.2,53
-0.1866784222126007,9.252954,0.8640468,0.54162776,0.94270325,0.37,10.0,1.2,53
-0.1127575914859771,8.689952,0.86959165,0.52035195,0.9909651,0.37,10.0,1.2,53
-0.1515704202842712,8.56242,0.85472256,0.5251785,0.974118,0.37,10.0,1.2,53
-0.1031520116996765,8.765905,0.8775476,0.5218928,0.89015067,0.37,10.0,1.2,53
-0.0951816167545318,8.468822,0.86472964,0.50870556,0.9716003,0.37,10.0,1.2,53
-0.1120667711734771,9.3632555,0.8786278,0.52935314,0.9312748,0.37,10.0,1.2,53
-0.1364886912345886,8.484516,0.8632306,0.52431005,0.97795784,0.37,10.0,1.2,53
-0.1251713321113586,8.843637,0.8672021,0.51629573,0.96918726,0.37,10.0,1.2,53
-0.1320272979164123,8.688313,0.8572721,0.5287571,0.9856895,0.37,10.0,1.2,53
-0.2036973894309997,8.595913,0.86496294,0.5263409,0.9147048,0.37,10.0,1.2,53
-0.1206625698471069,8.876768,0.86119294,0.5239519,0.9847337,0.37,10.0,1.2,53
-0.0978105480575561,8.561016,0.85693127,0.5216851,0.98528326,0.37,10.0,1.2,53
-0.0891863442420959,8.949747,0.8724897,0.52902323,0.9896951,0.37,10.0,1.2,53
-0.1308077600002288,9.448266,0.8748938,0.52413017,0.9622606,0.37,10.0,1.2,53
-0.0956345532608032,8.884066,0.87254393,0.52056926,0.960322,0.37,10.0,1.2,53
-0.0995939704418182,9.048972,0.8860601,0.51972646,0.94377387,0.37,10.0,1.2,53
-0.1619169472122192,8.604971,0.8711626,0.52780855,0.9839151,0.37,10.0,1.2,53
-0.1395695773601531,8.805833,0.8744047,0.515584,0.99488306,0.37,10.0,1.2,53
-0.0712304930877685,8.554743,0.86790884,0.52388155,0.9519905,0.37,10.0,1.2,53
-0.0765340536499023,8.633867,0.8721572,0.51245314,0.94407165,0.37,10.0,1.2,53
-0.1619119428157806,8.6083555,0.8770493,0.52402323,0.98313165,0.37,10.0,1.2,53
-0.1206975064659118,8.6194,0.8629043,0.5145107,0.96888137,0.37,10.0,1.2,53
-0.1447276828289032,9.043241,0.8769247,0.5233801,0.96563625,0.37,10.0,1.2,53
-0.0770962662887573,9.00688,0.8672756,0.51444674,0.99348855,0.37,10.0,1.2,53
-0.1559312445354461,8.663924,0.8655497,0.5189943,0.93725085,0.37,10.0,1.2,53
-0.137738358297348,8.580943,0.85879266,0.5314268,0.961216,0.37,10.0,1.2,53
-0.1571585324954986,8.689464,0.86353374,0.5211115,0.93514955,0.37,10.0,1.2,53
-0.1312040650367736,8.458023,0.8632362,0.5157039,0.9770253,0.37,10.0,1.2,53
-0.1540301015567779,9.126256,0.87368083,0.53929955,0.97176063,0.37,10.0,1.2,53
-0.1447643037033081,9.017132,0.8805264,0.50725627,0.99884367,0.37,10.0,1.2,53
-0.1356831138801574,8.289497,0.86841285,0.52437836,0.9895693,0.37,10.0,1.2,53
-0.1574054483604431,8.912857,0.87032026,0.5228441,0.9701439,0.37,10.0,1.2,53
-0.1284539639663696,8.7218075,0.86541754,0.53010654,0.99475837,0.37,10.0,1.2,53
-0.1487370680999755,8.638008,0.87519115,0.52122533,0.9241564,0.37,10.0,1.2,53
-0.1233487954998016,9.13314,0.8668034,0.5158947,0.98374176,0.37,10.0,1.2,53
-0.1263449550056457,8.725115,0.86740816,0.5315633,0.9426774,0.37,10.0,1.2,53
-0.0788955790901184,8.963467,0.87877464,0.51996505,0.90484524,0.37,10.0,1.2,53
-0.1363890035057068,8.649946,0.8533117,0.52072644,0.9637648,0.37,10.0,1.2,53
-0.1484689635181427,9.095918,0.86937857,0.51860553,0.9858526,0.37,10.0,1.2,53
-0.123935409784317,8.8146925,0.8629288,0.53559494,0.96065533,0.37,10.0,1.2,53
-0.1126750143241882,8.766668,0.869933,0.5099968,0.9902226,0.37,10.0,1.2,53
-0.1098558151721954,9.061456,0.88154525,0.5163759,0.8741332,0.37,10.0,1.2,53
-0.0684330393505096,8.83611,0.85843307,0.5089284,0.9778247,0.37,10.0,1.2,53
-0.1061227528953552,9.134079,0.86165,0.5104397,0.9754344,0.37,10.0,1.2,53
-0.1195129162025451,8.640802,0.8752476,0.5122362,0.96837795,0.37,10.0,1.2,53
-0.1183062264919281,8.962655,0.866233,0.52743024,0.9848311,0.37,10.0,1.2,53
-0.173300501871109,8.575244,0.8558751,0.5215056,0.9766828,0.37,10.0,1.2,53
-0.1275315940380096,8.7970495,0.8782891,0.5145652,0.96533155,0.37,10.0,1.2,53
-0.0756901622676849,8.966151,0.8638139,0.5167215,0.95406806,0.37,10.0,1.2,53
-0.1673067214679718,9.104083,0.87699276,0.5277761,0.9748219,0.37,10.0,1.2,53
-0.1352775399589538,8.507277,0.8705118,0.52417994,0.937039,0.37,10.0,1.2,53
-0.1155099746227264,8.344207,0.8629437,0.51414055,0.9062458,0.37,10.0,1.2,53
-0.0741144590377807,8.851957,0.8875047,0.50887483,0.85434043,0.37,10.0,1.2,53
-0.1259801823997497,8.32832,0.8482571,0.52407974,0.9906455,0.37,10.0,1.2,53
-0.1408999880981445,8.502014,0.8604964,0.524772,0.92743444,0.37,10.0,1.2,53
-0.1517895130062103,9.174739,0.8758521,0.53555775,0.9979167,0.37,10.0,1.2,53
-0.1516788673305511,8.9602,0.86962694,0.5258637,0.9769057,0.37,10.0,1.2,53
-0.1313967405700683,8.713089,0.8691139,0.5277857,0.9975773,0.37,10.0,1.2,53
-0.1229776912117004,8.037945,0.8584583,0.534254,0.9936553,0.37,10.0,1.2,53
-0.1671029950809478,8.525212,0.8684542,0.52811486,0.9963343,0.37,10.0,1.2,53
-0.1370257782936096,8.791208,0.86471605,0.5211197,0.9874952,0.37,10.0,1.2,53
-0.155023298997879,9.390376,0.8632906,0.53283834,0.96108043,0.37,10.0,1.2,53
-0.1420045516014099,9.022503,0.88068914,0.5311612,0.99428034,0.37,10.0,1.2,53
-0.1265571704101562,8.6452465,0.8593778,0.52090913,0.95666945,0.37,10.0,1.2,53
-0.1739634390544891,8.896964,0.8780134,0.5268408,0.8513315,0.37,10.0,1.2,53
-0.1222064309597015,8.581586,0.8785465,0.5359548,0.9276304,0.37,10.0,1.2,53
-0.1721740847492218,8.523837,0.8898717,0.5301321,0.781911,0.37,10.0,1.2,53
-0.1343779918575287,8.759242,0.87550426,0.5312969,0.97561586,0.37,10.0,1.2,53
-0.1459197019958496,9.143311,0.8738333,0.5272228,0.9957578,0.37,10.0,1.2,53
-0.131127887506485,8.66606,0.859599,0.52681786,0.99893296,0.37,10.0,1.2,53
-0.1199695080471038,8.972562,0.8757386,0.518581,0.9477428,0.37,10.0,1.2,53
-0.0943581769180297,8.722904,0.8718139,0.5118285,0.9489939,0.37,10.0,1.2,53
-0.1774669923305511,8.982997,0.8733003,0.5362173,0.9719064,0.37,10.0,1.2,53
-0.1492273280620575,8.831525,0.8740359,0.51182884,0.9802265,0.37,10.0,1.2,53
-0.1527262573432922,8.584307,0.8658149,0.519206,0.99910223,0.37,10.0,1.2,53
-0.1452013002872467,8.930812,0.8606548,0.5151258,0.9543674,0.37,10.0,1.2,53
-0.09223159866333,9.585543,0.8703654,0.515156,0.99309385,0.37,10.0,1.2,53
-0.0811459920597076,9.138463,0.87311995,0.52262735,0.9640682,0.37,10.0,1.2,53
-0.1105850833320617,8.702532,0.8665863,0.51993287,0.8935267,0.37,10.0,1.2,53
-0.1784431639099121,8.953377,0.8672431,0.5303077,0.99886096,0.37,10.0,1.2,53
-0.1156656521987915,7.8803616,0.8621128,0.5169996,0.9489449,0.37,10.0,1.2,53
-0.1053625568294525,8.998738,0.85316896,0.52286935,0.9893676,0.37,10.0,1.2,53
-0.1432138042831421,8.826872,0.8681493,0.5331913,0.9668822,0.37,10.0,1.2,53
-0.1681343356800079,9.187873,0.86771715,0.5342238,0.9826338,0.37,10.0,1.2,53
-0.1715053671836853,9.053526,0.866997,0.52464473,0.9871955,0.37,10.0,1.2,53
-0.1537314145469665,8.759762,0.87121445,0.536578,0.91594267,0.37,10.0,1.2,53
-0.1434558748722076,9.243255,0.8776562,0.53103316,0.9290079,0.37,10.0,1.2,53
-0.1054701208019256,8.620702,0.871366,0.5248327,0.99791646,0.37,10.0,1.2,53
-0.1384289024066925,8.615373,0.8793969,0.523558,0.97827446,0.37,10.0,1.2,53
-0.1630197231292724,9.02565,0.870528,0.5245874,0.9952985,0.37,10.0,1.2,53
-0.1121992065906524,9.106851,0.8677,0.52984667,0.9908968,0.37,10.0,1.2,53
-0.1244362835407257,8.970218,0.8760014,0.5273554,0.9677323,0.37,10.0,1.2,53
-0.1377609474658966,8.341241,0.8629837,0.5170351,0.99004054,0.37,10.0,1.2,53
-0.118806684179306,8.576711,0.86714256,0.51635194,0.96951973,0.37,10.0,1.2,53
-0.1356418348789215,8.933291,0.8654572,0.52988577,0.9153116,0.37,10.0,1.2,53
-0.0948602216625213,9.223243,0.8668101,0.5194561,0.9503648,0.37,10.0,1.2,53
-0.1142473381996154,9.0196705,0.87870395,0.5136264,0.988621,0.37,10.0,1.2,53
-0.107739030714035,8.134282,0.8809193,0.51954037,0.94845533,0.37,10.0,1.2,53
-0.1153037181854248,8.284416,0.8657546,0.5231252,0.97439504,0.37,10.0,1.2,53
-0.1391980435848236,8.9022875,0.87215424,0.52118564,0.99759007,0.37,10.0,1.2,53
-0.0906388628196716,8.376816,0.860794,0.51793605,0.9955301,0.37,10.0,1.2,53
-0.11161763671875,8.846708,0.88432276,0.53250206,0.9398031,0.37,10.0,1.2,53
-0.1133447117233276,8.924252,0.86048883,0.5150045,0.9531704,0.37,10.0,1.2,53
-0.1952066640377044,8.5115,0.8652663,0.54411703,0.99646056,0.37,10.0,1.2,53
-0.146527029056549,8.943079,0.8745946,0.54414237,0.9997463,0.37,10.0,1.2,53
-0.1196617745780944,8.314329,0.8634549,0.51365286,0.99663734,0.37,10.0,1.2,53
-0.1019389906311035,9.043022,0.86304957,0.5111699,0.95920396,0.37,10.0,1.2,53
-0.0992227803611755,8.781515,0.8691811,0.5197606,0.97693276,0.37,10.0,1.2,53
-0.0692087714862823,8.613513,0.8622543,0.52454525,0.9986265,0.37,10.0,1.2,53
-0.1723913417339325,8.815904,0.87811327,0.5354273,0.99702704,0.37,10.0,1.2,53
-0.1280471542549133,8.932894,0.87207305,0.5198245,0.9356313,0.37,10.0,1.2,53
-0.1202930491447448,8.87496,0.8697001,0.5271211,0.95438874,0.37,10.0,1.2,53
-0.1513763303184509,8.878475,0.8737653,0.5298431,0.9586166,0.37,10.0,1.2,53
-0.1340344916057586,8.9671545,0.8574908,0.5283921,0.98396313,0.37,10.0,1.2,53
-0.1639232544898986,9.277773,0.8760736,0.5342608,0.95762765,0.37,10.0,1.2,53
-0.1212834048175811,8.329822,0.86367995,0.52276075,0.888006,0.37,10.0,1.2,53
-0.0937238236904144,8.308206,0.8647348,0.5159029,0.97353446,0.37,10.0,1.2,53
-0.1467567432403564,8.7348175,0.86454904,0.51628566,0.95264864,0.37,10.0,1.2,53
-0.1189899313831329,9.314128,0.8635159,0.5245238,0.97813904,0.37,10.0,1.2,53
-0.1430461338424682,8.659283,0.86751497,0.5279722,0.9860939,0.37,10.0,1.2,53
-0.1454756359481811,8.574635,0.86649865,0.52355605,0.98638356,0.37,10.0,1.2,53
-0.0848423561477661,8.622509,0.87676257,0.51399356,0.9880717,0.37,10.0,1.2,53
-0.1629537126922607,8.526779,0.8533301,0.5297071,0.9785162,0.37,10.0,1.2,53
-0.1083429602050781,9.026686,0.871093,0.5159264,0.9727694,0.37,10.0,1.2,53
-0.1565981715583801,8.92593,0.8659752,0.51917607,0.9879527,0.37,10.0,1.2,53
-0.1349815437984466,9.188054,0.86650056,0.5263268,0.99491704,0.37,10.0,1.2,53
-0.0835423174285888,8.548065,0.8737421,0.51477814,0.99448156,0.37,10.0,1.2,53
-0.1148327819347381,8.886657,0.857952,0.5199336,0.9526534,0.37,10.0,1.2,53
-0.1850931953144073,9.051431,0.85696685,0.51627976,0.99866474,0.37,10.0,1.2,53
-0.1394481134605407,8.541916,0.8778172,0.5283354,0.9173584,0.37,10.0,1.2,53
-0.1784766040802002,8.877172,0.8608356,0.51242095,0.990764,0.37,10.0,1.2,53
-0.1369503150653839,8.744233,0.8620978,0.52906626,0.9545891,0.37,10.0,1.2,53
-0.1164458452224731,9.237423,0.88091815,0.5231599,0.9870708,0.37,10.0,1.2,53
-0.1559568666172027,8.809913,0.86334527,0.5328723,0.94413614,0.37,10.0,1.2,53
-0.1161524990081787,8.92684,0.8707501,0.52690816,0.9979291,0.37,10.0,1.2,53
-0.1510053450298309,8.299621,0.8583204,0.5314179,0.99420536,0.37,10.0,1.2,53
-0.157334313840866,9.064725,0.86012197,0.5323466,0.96069837,0.37,10.0,1.2,53
-0.1083440892124176,9.134799,0.8836015,0.5199982,0.9558753,0.37,10.0,1.2,53
-0.097635762310028,9.425917,0.8771475,0.5164988,0.9142388,0.37,10.0,1.2,53
-0.141793228263855,8.520353,0.8604649,0.52296627,0.91338897,0.37,10.0,1.2,53
-0.1120850013637542,8.797847,0.8576147,0.513242,0.95728815,0.37,10.0,1.2,53
-0.101000781841278,8.922356,0.86884224,0.5172465,0.9802586,0.37,10.0,1.2,53
-0.1726165942382812,8.837278,0.8633256,0.53854686,0.9664322,0.37,10.0,1.2,53
-0.0709497626781463,8.906045,0.86145467,0.511068,0.9437244,0.37,10.0,1.2,53
-0.172853174829483,9.420333,0.87500703,0.5303238,0.9570383,0.37,10.0,1.2,53
-0.1408770346355438,8.629182,0.8585794,0.52636135,0.99624145,0.37,10.0,1.2,53
-0.1177371278762817,9.298649,0.87681186,0.5235023,0.9186311,0.37,10.0,1.2,53
-0.1464485461711883,8.789945,0.8616494,0.5183904,0.95884454,0.37,10.0,1.2,53
-0.1663238726329803,8.145087,0.86957973,0.5258807,0.9327748,0.37,10.0,1.2,53
-0.0801946251583099,9.310649,0.8722985,0.516033,0.98095953,0.37,10.0,1.2,53
-0.1349312930583953,8.720107,0.86111456,0.5105799,0.98959637,0.37,10.0,1.2,53
-0.1432670874595642,8.8496685,0.8643435,0.531509,0.93912804,0.37,10.0,1.2,53
-0.1221240966510772,9.03766,0.8743881,0.5318401,0.9797553,0.37,10.0,1.2,53
-0.1305546240520477,8.6691885,0.8718195,0.51836663,0.9173887,0.37,10.0,1.2,53
-0.1288534792137146,8.661764,0.8739923,0.52989537,0.99450004,0.37,10.0,1.2,53
-0.0534673824501037,8.944223,0.86343837,0.51254857,0.9587536,0.37,10.0,1.2,53
-0.1194923607063293,8.984507,0.87089306,0.5202207,0.9497508,0.37,10.0,1.2,53
-0.1037164053630828,9.062531,0.86012435,0.52484787,0.99660146,0.37,10.0,1.2,53
-0.1100326598548889,9.428087,0.8718164,0.52038795,0.99440646,0.37,10.0,1.2,53
-0.1459548066997528,8.547269,0.84999514,0.5193454,0.9787444,0.37,10.0,1.2,53
-0.0880286379528045,9.008544,0.86608547,0.51261145,0.9476931,0.37,10.0,1.2,53
-0.1129076571846008,8.934017,0.8668529,0.51639855,0.9995023,0.37,10.0,1.2,53
-0.1120633765220642,8.709469,0.8724017,0.5155819,0.96112907,0.37,10.0,1.2,53
-0.1083388262748718,8.258762,0.8638092,0.52592945,0.92757654,0.37,10.0,1.2,53
-0.1389771048545837,8.985119,0.867021,0.5232121,0.9902426,0.37,10.0,1.2,53
-0.0878473493289947,8.833297,0.86524653,0.5181952,0.96762216,0.37,10.0,1.2,53
-0.0856804557704925,8.777133,0.86682564,0.50670296,0.9940957,0.37,10.0,1.2,53
-0.121571594467163,8.711172,0.88128626,0.5290683,0.9093424,0.37,10.0,1.2,53
-0.1250995477104187,8.833042,0.8658033,0.49860427,0.96097934,0.37,10.0,1.2,53
-0.1328782241821289,8.1763935,0.86369544,0.5206224,0.93821764,0.37,10.0,1.2,53
-0.121308298625946,8.721968,0.86426246,0.52163494,0.9842112,0.37,10.0,1.2,53
-0.1026255737304687,8.931532,0.85566425,0.519946,0.95507884,0.37,10.0,1.2,53
-0.117016682434082,8.56926,0.8651221,0.5258889,0.9706757,0.37,10.0,1.2,53
-0.1494625326824188,8.7066965,0.862617,0.5216276,0.9934133,0.37,10.0,1.2,53
-0.1805022353553771,8.862978,0.866855,0.5230394,0.95285845,0.37,10.0,1.2,53
-0.0874246127796173,8.327983,0.8687286,0.5093528,0.9476924,0.37,10.0,1.2,53
-0.0891276840400695,8.881863,0.87817824,0.5210366,0.9876987,0.37,10.0,1.2,53
-0.1544464378547668,8.70447,0.8644992,0.51677597,0.9920031,0.37,10.0,1.2,53
-0.1254471119403839,8.495965,0.8554993,0.51792556,0.9984044,0.37,10.0,1.2,53
-0.1096092941284179,8.495789,0.8654635,0.52616936,0.95094,0.37,10.0,1.2,53
-0.1508227324485778,9.378433,0.86557674,0.52621293,0.99288213,0.37,10.0,1.2,53
-0.1250654294013977,9.128075,0.8793363,0.53762317,0.9447795,0.37,10.0,1.2,53
-0.1389179446601867,8.72748,0.870175,0.52874637,0.98473656,0.37,10.0,1.2,53
-0.1306449719429016,8.694925,0.87291163,0.5236414,0.91820896,0.37,10.0,1.2,53
-0.1055049459648132,9.1749935,0.8665865,0.52401155,0.989936,0.37,10.0,1.2,53
-0.1403284458827972,9.208491,0.8709052,0.52358127,0.94791996,0.37,10.0,1.2,53
-0.1190796875190734,9.31321,0.86729795,0.5131268,0.97422767,0.37,10.0,1.2,53
-0.0960903317642211,8.3895,0.87063754,0.51768404,0.93424153,0.37,10.0,1.2,53
-0.1156693620681762,8.778143,0.8738204,0.5283801,0.9855175,0.37,10.0,1.2,53
-0.1433357638072967,8.628524,0.8604489,0.529445,0.9957713,0.37,10.0,1.2,53
-0.1636550764083862,8.414707,0.87373996,0.5254056,0.95160794,0.37,10.0,1.2,53
-0.1235718950462341,8.8069515,0.8564924,0.5224069,0.9915451,0.37,10.0,1.2,53
-0.1339317590618133,8.940106,0.8681195,0.5215962,0.9970981,0.37,10.0,1.2,53
-0.1145312894535064,9.62087,0.86319494,0.5073583,0.9982848,0.37,10.0,1.2,53
-0.1533223573875427,9.061506,0.86962867,0.5293862,0.9878757,0.37,10.0,1.2,53
-0.1383782035064697,9.016312,0.87794626,0.52482635,0.9976574,0.37,10.0,1.2,53
-0.1239121580600738,9.095664,0.8707141,0.51988775,0.9347199,0.37,10.0,1.2,53
-0.1453315942001342,8.970669,0.87832975,0.5208149,0.9270644,0.37,10.0,1.2,53
-0.1598457754039764,8.894988,0.8675841,0.5215222,0.9891341,0.37,10.0,1.2,53
-0.1274691462516784,9.093285,0.8613776,0.515971,0.9845952,0.37,10.0,1.2,53
-0.1768704865932464,8.562341,0.8667572,0.52654546,0.96430945,0.37,10.0,1.2,53
-0.1685770412635803,8.907688,0.87908864,0.5187519,0.99116766,0.37,10.0,1.2,53
-0.1244265085124969,9.098426,0.87506896,0.5219136,0.98489857,0.37,10.0,1.2,53
-0.1013752542209625,9.229892,0.87097687,0.5148135,0.9714515,0.37,10.0,1.2,53
-0.1168353346824646,9.052,0.8763432,0.51527774,0.98005295,0.37,10.0,1.2,53
-0.1339229827880859,9.3023205,0.8663919,0.51470965,0.9781157,0.37,10.0,1.2,53
-0.1073484699630737,8.614803,0.8659515,0.5246806,0.9079467,0.37,10.0,1.2,53
-0.1325932851982116,9.025991,0.8697497,0.51295877,0.9321865,0.37,10.0,1.2,53
-0.1385432921123504,9.037965,0.86170137,0.524178,0.99812376,0.37,10.0,1.2,53
-0.1677487855815887,8.936301,0.86877346,0.5394758,0.94022846,0.37,10.0,1.2,53
-0.1233126724624633,8.911673,0.86925983,0.51953685,0.9867357,0.37,10.0,1.2,53
-0.0969745276165008,9.175656,0.86644894,0.5237763,0.9450674,0.37,10.0,1.2,53
-0.1268389660263061,8.363615,0.8695587,0.51532954,0.99156666,0.37,10.0,1.2,53
-0.1355294512271881,8.529439,0.86142194,0.5288389,0.9574393,0.37,10.0,1.2,53
-0.1331163058471679,8.779762,0.8774972,0.52442205,0.9604428,0.37,10.0,1.2,53
-0.1695717500209808,9.077802,0.8676089,0.5286636,0.9612318,0.37,10.0,1.2,53
-0.0905209095859527,8.858319,0.86926615,0.5225061,0.9806813,0.37,10.0,1.2,53
-0.1647474718093872,9.042501,0.85991156,0.5284259,0.96629715,0.37,10.0,1.2,53
-0.1155057308197021,8.494644,0.8681221,0.5137152,0.97401905,0.37,10.0,1.2,53
-0.1256445709705352,8.29824,0.8600784,0.51754504,0.97527456,0.37,10.0,1.2,53
-0.1111832348251342,8.890425,0.87028974,0.5343842,0.9912002,0.37,10.0,1.2,53
-0.1049244717311859,9.596169,0.8665408,0.52394456,0.9727031,0.37,10.0,1.2,53
-0.1670518493556976,9.050561,0.8637878,0.53027236,0.96612084,0.37,10.0,1.2,53
-0.1287907242679596,9.230329,0.87241644,0.515781,0.9988129,0.37,10.0,1.2,53
-0.0906490801811218,8.927116,0.8770794,0.5178553,0.9287306,0.37,10.0,1.2,53
-0.1842050875854492,8.426865,0.868711,0.5302908,0.96845424,0.37,10.0,1.2,53
-0.0914721166992187,8.797241,0.87423074,0.51829046,0.9168916,0.37,10.0,1.2,53
-0.1371093424987793,9.500273,0.86887425,0.5272073,0.98351264,0.37,10.0,1.2,53
-0.177642538614273,8.48779,0.86591434,0.5400856,0.98625207,0.37,10.0,1.2,53
-0.1531663825988769,9.189577,0.875215,0.535782,0.9613248,0.37,10.0,1.2,53
-0.122740613079071,8.655205,0.8583498,0.5171746,0.97217596,0.37,10.0,1.2,53
-0.1196894804382324,8.818184,0.86893034,0.5232493,0.9435303,0.37,10.0,1.2,53
-0.1503376500511169,9.134794,0.8594068,0.52866465,0.9869425,0.37,10.0,1.2,53
-0.1545363907241821,9.067923,0.8789487,0.5192695,0.96722996,0.37,10.0,1.2,53
-0.1220084064483642,8.726425,0.87818116,0.5287481,0.98508453,0.37,10.0,1.2,53
-0.1253413780689239,8.4358835,0.8718516,0.5211974,0.8923768,0.37,10.0,1.2,53
-0.156541686553955,9.089277,0.8707793,0.5360828,0.99502397,0.37,10.0,1.2,53
-0.096364935131073,8.937386,0.86408067,0.52148527,0.9747206,0.37,10.0,1.2,53
-0.0578843175888061,9.375969,0.86468536,0.4690274,0.9998741,0.36,10.0,1.2,54
-0.0416162225961685,9.190524,0.8787998,0.46364892,0.9551271,0.36,10.0,1.2,54
-0.0558772892951965,9.436092,0.8784723,0.46476334,0.9786459,0.36,10.0,1.2,54
-0.042020901441574,9.280634,0.8650485,0.45056602,0.9978696,0.36,10.0,1.2,54
-0.0768705070734024,9.073497,0.86619705,0.46136507,0.95888186,0.36,10.0,1.2,54
-0.1144199651241302,9.486254,0.8719889,0.46606684,0.9960588,0.36,10.0,1.2,54
-0.1058545464277267,9.664369,0.87356836,0.47568154,0.967721,0.36,10.0,1.2,54
-0.0822801201105117,9.218333,0.87891996,0.46008646,0.84595466,0.36,10.0,1.2,54
-0.1080561811685562,9.048694,0.87424135,0.4790411,0.96966743,0.36,10.0,1.2,54
-0.0466566339731216,9.231906,0.8693099,0.4487071,0.990538,0.36,10.0,1.2,54
-0.0514969217300415,9.43977,0.8633104,0.4691627,0.9859892,0.36,10.0,1.2,54
-0.1007497335195541,9.33571,0.88243127,0.47550917,0.9491073,0.36,10.0,1.2,54
-0.1265473089218139,9.001522,0.859,0.48128426,0.9780593,0.36,10.0,1.2,54
-0.0669476037979125,8.859165,0.8559599,0.45633736,0.9804386,0.36,10.0,1.2,54
-0.1011804566144943,8.981526,0.8600062,0.46995574,0.98059916,0.36,10.0,1.2,54
-0.0640249504566192,9.385286,0.8813001,0.473178,0.891225,0.36,10.0,1.2,54
-0.1279178935050964,9.677513,0.8801092,0.47168836,0.9550941,0.36,10.0,1.2,54
-0.0893263448476791,9.085641,0.8669038,0.45710242,0.99512315,0.36,10.0,1.2,54
-0.0853698765754699,8.774487,0.86575913,0.46463645,0.98111725,0.36,10.0,1.2,54
-0.0512982000112533,8.921609,0.8648938,0.470755,0.97154343,0.36,10.0,1.2,54
-0.0715411631822586,8.980868,0.8966259,0.4562283,0.8778373,0.36,10.0,1.2,54
-0.0943275373935699,8.985575,0.8761822,0.467433,0.99083924,0.36,10.0,1.2,54
-0.0500704365968704,8.896613,0.85847855,0.4615716,0.98516464,0.36,10.0,1.2,54
-0.133427584028244,9.440897,0.86037993,0.47241718,0.9976386,0.36,10.0,1.2,54
-0.1497421731710434,9.296563,0.8779676,0.47276214,0.9235083,0.36,10.0,1.2,54
-0.116853145122528,9.141331,0.8737328,0.48172337,0.9920552,0.36,10.0,1.2,54
-0.140340217590332,9.667988,0.8738786,0.49583122,0.9082706,0.36,10.0,1.2,54
-0.1107154071331024,9.186506,0.8729727,0.4685309,0.9765904,0.36,10.0,1.2,54
-0.0970335344076156,8.996778,0.8673694,0.45756167,0.96404827,0.36,10.0,1.2,54
-0.1107695363759994,9.231915,0.8644967,0.46869767,0.9583256,0.36,10.0,1.2,54
-0.0642182488203048,9.304231,0.88796484,0.46975785,0.8924502,0.36,10.0,1.2,54
-0.0302214128971099,9.545622,0.87657976,0.44429612,0.96784127,0.36,10.0,1.2,54
-0.0894435452222824,9.019914,0.8662701,0.47383752,0.9987929,0.36,10.0,1.2,54
-0.097202461695671,9.023107,0.8601534,0.4725704,0.9959662,0.36,10.0,1.2,54
-0.0778862821817398,9.281619,0.8913117,0.46304107,0.8970858,0.36,10.0,1.2,54
-0.0628970671653747,9.279793,0.8850733,0.46545815,0.9953543,0.36,10.0,1.2,54
-0.0461313549995422,9.629494,0.8765505,0.4465645,0.89788795,0.36,10.0,1.2,54
-0.0955394852876663,9.02381,0.882768,0.45347607,0.9716028,0.36,10.0,1.2,54
-0.0735001492500305,9.28154,0.8666643,0.44553125,0.95342946,0.36,10.0,1.2,54
-0.0870830953121185,9.399176,0.88241273,0.45950988,0.995167,0.36,10.0,1.2,54
-0.0779981379032135,9.370333,0.86205214,0.47742268,0.9904953,0.36,10.0,1.2,54
-0.0591046034097671,9.342589,0.8788584,0.4684962,0.9500749,0.36,10.0,1.2,54
-0.1022085781097412,9.149227,0.87636197,0.4622036,0.9959425,0.36,10.0,1.2,54
-0.0704901870012283,9.520923,0.88912725,0.4657039,0.8562825,0.36,10.0,1.2,54
-0.0518414691209793,9.018203,0.8586515,0.46656087,0.9959494,0.36,10.0,1.2,54
-0.0798993079423904,8.958934,0.8677197,0.46044192,0.9548005,0.36,10.0,1.2,54
-0.0805639063835144,9.326187,0.87828994,0.46073988,0.9676939,0.36,10.0,1.2,54
-0.081914646744728,9.159026,0.8673625,0.469646,0.95108676,0.36,10.0,1.2,54
-0.1115043022632598,9.418936,0.8854961,0.47396916,0.8727354,0.36,10.0,1.2,54
-0.0689508538007736,9.099935,0.870316,0.45642138,0.9456277,0.36,10.0,1.2,54
-0.0991034668445587,9.237345,0.8799876,0.46393558,0.94220614,0.36,10.0,1.2,54
-0.1273345127820968,10.0307665,0.87634915,0.4715351,0.9715738,0.36,10.0,1.2,54
-0.0939486931085586,9.305888,0.8719498,0.45940614,0.91387343,0.36,10.0,1.2,54
-0.0407055579185485,9.224365,0.8690981,0.46835744,0.96488345,0.36,10.0,1.2,54
-0.0712042501688003,9.670325,0.8809627,0.45930892,0.98430324,0.36,10.0,1.2,54
-0.1007126949787139,9.071539,0.8606922,0.4726749,0.9642637,0.36,10.0,1.2,54
-0.0973806687116622,9.006272,0.8783821,0.47556794,0.95546734,0.36,10.0,1.2,54
-0.0499644504547119,9.275578,0.9002246,0.45818412,0.78669286,0.36,10.0,1.2,54
-0.0725996626138687,9.657718,0.87316287,0.46674868,0.996233,0.36,10.0,1.2,54
-0.0676686826467514,8.631631,0.8715148,0.46106616,0.97015226,0.36,10.0,1.2,54
-0.0620994395017623,9.4784975,0.8825649,0.45302537,0.93543637,0.36,10.0,1.2,54
-0.0692706617116928,9.359403,0.87638056,0.46809575,0.88608706,0.36,10.0,1.2,54
-0.1258112555503845,9.024628,0.8744639,0.47545394,0.9376507,0.36,10.0,1.2,54
-0.0337849238634109,8.735629,0.88243383,0.46275496,0.95743585,0.36,10.0,1.2,54
-0.0483332623243331,9.403691,0.87787855,0.46092847,0.95621777,0.36,10.0,1.2,54
-0.0372764837503433,8.923705,0.8645761,0.46319598,0.9751767,0.36,10.0,1.2,54
-0.0694717813491821,8.223122,0.8651149,0.47519416,0.96369815,0.36,10.0,1.2,54
-0.0404951897859573,8.81,0.8806828,0.4531566,0.93394184,0.36,10.0,1.2,54
-0.0867096602678298,9.618361,0.8751329,0.46683112,0.9607078,0.36,10.0,1.2,54
-0.0960221078395843,9.28771,0.87612444,0.468495,0.9465921,0.36,10.0,1.2,54
-0.0813108241081237,9.620396,0.873038,0.48013723,0.87955356,0.36,10.0,1.2,54
-0.0521541450023651,9.239798,0.87602985,0.45841205,0.9918492,0.36,10.0,1.2,54
-0.0411426521301269,8.762806,0.8618008,0.46783137,0.99213934,0.36,10.0,1.2,54
-0.1043282090425491,9.572425,0.8811093,0.46856952,0.9322448,0.36,10.0,1.2,54
-0.082059166431427,9.444046,0.9072617,0.4584924,0.7410481,0.36,10.0,1.2,54
-0.0692433677434921,8.836537,0.8771395,0.46048605,0.99379325,0.36,10.0,1.2,54
-0.1060708601236343,8.868163,0.8619733,0.46988544,0.97751105,0.36,10.0,1.2,54
-0.0927685084104538,9.43208,0.8741056,0.4700998,0.9292277,0.36,10.0,1.2,54
-0.1049283451795578,9.369462,0.8710133,0.4760639,0.99521375,0.36,10.0,1.2,54
-0.1429747325181961,9.589171,0.8810174,0.46658,0.93677497,0.36,10.0,1.2,54
-0.0306090935468673,9.285111,0.88452303,0.45880848,0.9027506,0.36,10.0,1.2,54
-0.0917243690490722,8.831463,0.87785745,0.47076648,0.919636,0.36,10.0,1.2,54
-0.0792694309473037,9.283515,0.8787217,0.46030164,0.9451964,0.36,10.0,1.2,54
-0.0867939590930938,9.121099,0.8710281,0.46521726,0.94203126,0.36,10.0,1.2,54
-0.1109527275562286,9.086828,0.8821186,0.47187865,0.99276125,0.36,10.0,1.2,54
-0.1064557908773422,9.117761,0.8803306,0.4711533,0.9824666,0.36,10.0,1.2,54
-0.0905258025884628,8.592561,0.8670294,0.46949503,0.95015895,0.36,10.0,1.2,54
-0.0849158798456192,9.125915,0.879907,0.46969032,0.88928545,0.36,10.0,1.2,54
-0.0526665871143341,9.911623,0.8639001,0.46618322,0.9672817,0.36,10.0,1.2,54
-0.1087077616214752,9.038923,0.8809004,0.45672518,0.9367306,0.36,10.0,1.2,54
-0.1161748635292053,9.023968,0.8737888,0.46651128,0.93532383,0.36,10.0,1.2,54
-0.1346067758798599,8.7697935,0.8825016,0.4751019,0.973789,0.36,10.0,1.2,54
-0.0893506126403808,9.949627,0.89414155,0.46670908,0.86191845,0.36,10.0,1.2,54
-0.0708053225040435,9.222181,0.87467813,0.46313393,0.98327506,0.36,10.0,1.2,54
-0.0364317940473556,9.002748,0.8744441,0.47137386,0.9067633,0.36,10.0,1.2,54
-0.1162832896709442,9.357824,0.87449944,0.46328163,0.9591181,0.36,10.0,1.2,54
-0.1129439280748367,9.278995,0.88214,0.46535343,0.96999896,0.36,10.0,1.2,54
-0.0762413182973861,9.0257845,0.87699217,0.45923585,0.9888532,0.36,10.0,1.2,54
-0.0554414594888687,9.138061,0.8695806,0.4674058,0.9508548,0.36,10.0,1.2,54
-0.1044674258232116,9.25745,0.8742167,0.4708199,0.99787056,0.36,10.0,1.2,54
-0.1108945899009704,8.915653,0.8569158,0.4765553,0.9144584,0.36,10.0,1.2,54
-0.1020954640626907,8.75207,0.88330615,0.4609215,0.92464626,0.36,10.0,1.2,54
-0.0541064962863922,9.1325245,0.87329334,0.4691787,0.9873918,0.36,10.0,1.2,54
-0.1268093828916549,9.452031,0.8707767,0.4769523,0.98442876,0.36,10.0,1.2,54
-0.0711719931364059,8.701406,0.8703117,0.4590421,0.9491832,0.36,10.0,1.2,54
-0.152462409210205,8.9182625,0.86902964,0.46823967,0.9505938,0.36,10.0,1.2,54
-0.1389942919969558,9.254821,0.8714104,0.46747783,0.96805847,0.36,10.0,1.2,54
-0.1199223626375198,9.254123,0.87012774,0.4680777,0.97933483,0.36,10.0,1.2,54
-0.0718054609298706,9.302082,0.8833379,0.46155387,0.9656763,0.36,10.0,1.2,54
-0.0716042482376098,9.092442,0.87867075,0.4630762,0.8838259,0.36,10.0,1.2,54
-0.0140202385902404,9.577728,0.87696207,0.46134952,0.9077041,0.36,10.0,1.2,54
-0.0773135385036468,8.74991,0.8740551,0.46091488,0.96518195,0.36,10.0,1.2,54
-0.0962205358743667,9.375186,0.878782,0.47562766,0.95815396,0.36,10.0,1.2,54
-0.0838786098718643,9.685004,0.8681654,0.46262676,0.95293736,0.36,10.0,1.2,54
-0.1424139454126358,9.872535,0.8940998,0.46718332,0.8951824,0.36,10.0,1.2,54
-0.0475734279870986,8.9189825,0.86216676,0.44980043,0.99131775,0.36,10.0,1.2,54
-0.0585049964904785,9.891163,0.88585734,0.46066862,0.99961007,0.36,10.0,1.2,54
-0.1084356658458709,9.108057,0.8624589,0.47331932,0.99676275,0.36,10.0,1.2,54
-0.1007186909675598,9.418514,0.87196594,0.47154927,0.9974365,0.36,10.0,1.2,54
-0.0864113565444946,9.077385,0.87373006,0.46893138,0.9886646,0.36,10.0,1.2,54
-0.0675915794372558,9.112778,0.87668157,0.4570848,0.9817182,0.36,10.0,1.2,54
-0.1008842924594879,9.3385105,0.8827691,0.46940476,0.90460885,0.36,10.0,1.2,54
-0.062729967713356,9.0418005,0.87415195,0.4596802,0.9531143,0.36,10.0,1.2,54
-0.1222731855869293,9.711302,0.87130284,0.46881592,0.9965757,0.36,10.0,1.2,54
-0.1063375782489776,8.748785,0.8630428,0.4718141,0.99778974,0.36,10.0,1.2,54
-0.0832946460962295,9.04502,0.8660109,0.4642013,0.9645972,0.36,10.0,1.2,54
-0.1047012235641479,9.894405,0.8867791,0.47209877,0.9829452,0.36,10.0,1.2,54
-0.1233500368356704,9.42406,0.8827024,0.48634738,0.92253554,0.36,10.0,1.2,54
-0.0441527985095977,9.004305,0.87666076,0.47123614,0.9614233,0.36,10.0,1.2,54
-0.0673021236419677,8.708847,0.8788298,0.4615617,0.9855391,0.36,10.0,1.2,54
-0.1024455549716949,9.234114,0.8726574,0.4836798,0.98729956,0.36,10.0,1.2,54
-0.1281236095190048,9.408372,0.87901944,0.4859808,0.9270711,0.36,10.0,1.2,54
-0.0544842789888381,9.560996,0.8975651,0.45279926,0.8471538,0.36,10.0,1.2,54
-0.0442439424991607,9.179258,0.87620544,0.4554089,0.9730258,0.36,10.0,1.2,54
-0.0939736799001693,9.193997,0.8674984,0.47240928,0.9713454,0.36,10.0,1.2,54
-0.0733404086351394,9.244185,0.863107,0.45583394,0.9879519,0.36,10.0,1.2,54
-0.1026623747110366,9.2671995,0.89284,0.47186637,0.82802093,0.36,10.0,1.2,54
-0.0784336860179901,8.814249,0.8732057,0.47140485,0.99932337,0.36,10.0,1.2,54
-0.1127413837909698,9.180346,0.87121755,0.4744987,0.99996686,0.36,10.0,1.2,54
-0.095170587849617,8.844939,0.8770147,0.4634403,0.98052955,0.36,10.0,1.2,54
-0.0437752599477768,9.646409,0.88037896,0.45194975,0.9341155,0.36,10.0,1.2,54
-0.0774555741548538,9.534278,0.87756836,0.4670589,0.89839303,0.36,10.0,1.2,54
-0.0698743793487548,9.034916,0.86423934,0.4669337,0.9786651,0.36,10.0,1.2,54
-0.0768782901525497,9.45781,0.860265,0.45883834,0.9910464,0.36,10.0,1.2,54
-0.0458906260490417,8.815086,0.88285154,0.4673983,0.9214401,0.36,10.0,1.2,54
-0.0983951033353805,8.987508,0.8832709,0.47261155,0.95453036,0.36,10.0,1.2,54
-0.0980336799383163,9.297708,0.87730706,0.48667002,0.99704564,0.36,10.0,1.2,54
-0.0786984989166259,9.451481,0.8722422,0.47268212,0.950631,0.36,10.0,1.2,54
-0.0818676028013229,9.220803,0.85957867,0.46729186,0.98443365,0.36,10.0,1.2,54
-0.0591966751337051,9.392425,0.8757236,0.46378267,0.94509315,0.36,10.0,1.2,54
-0.1397714384555816,9.205034,0.8622461,0.4761988,0.98391294,0.36,10.0,1.2,54
-0.1140279211997985,9.090157,0.86726606,0.47217125,0.9825549,0.36,10.0,1.2,54
-0.0719762879371643,9.098633,0.8799096,0.4602055,0.87962365,0.36,10.0,1.2,54
-0.0671536926746368,8.924013,0.8678355,0.46673226,0.96470964,0.36,10.0,1.2,54
-0.0839927567243576,9.488759,0.8872215,0.4719397,0.9651872,0.36,10.0,1.2,54
-0.0961246454238891,9.111515,0.8622924,0.46877605,0.95023024,0.36,10.0,1.2,54
-0.0710519891738891,9.356792,0.8837496,0.4675913,0.9818703,0.36,10.0,1.2,54
-0.0596684381723403,9.068072,0.87090033,0.46027368,0.98321784,0.36,10.0,1.2,54
-0.1060040233135223,8.981543,0.87154055,0.47580495,0.9990015,0.36,10.0,1.2,54
-0.0856870546340942,9.199162,0.8645065,0.46177027,0.97609055,0.36,10.0,1.2,54
-0.0381335421800613,9.604831,0.8873234,0.46421373,0.8633338,0.36,10.0,1.2,54
-0.0492636724472045,8.993366,0.8718245,0.4616919,0.98587966,0.36,10.0,1.2,54
-0.068083285164833,9.683753,0.89060533,0.46835357,0.8365226,0.36,10.0,1.2,54
-0.1226143616199493,8.894308,0.8741963,0.47514197,0.98920035,0.36,10.0,1.2,54
-0.1029707506418228,8.98244,0.88323057,0.47937512,0.82154953,0.36,10.0,1.2,54
-0.0716312185525894,9.4059515,0.88939804,0.4647795,0.79204583,0.36,10.0,1.2,54
-0.0965829391479492,9.441242,0.8744238,0.46613944,0.9853779,0.36,10.0,1.2,54
-0.0825267062187194,9.741287,0.88068247,0.45149258,0.93217313,0.36,10.0,1.2,54
-0.0734980196714401,8.892339,0.865972,0.46307984,0.9876212,0.36,10.0,1.2,54
-0.0879557542800903,9.0382,0.8678458,0.46996212,0.99949634,0.36,10.0,1.2,54
-0.0805606289625167,8.907376,0.8691563,0.46569076,0.9913347,0.36,10.0,1.2,54
-0.0845526518344879,9.954058,0.8715267,0.45521638,0.95246124,0.36,10.0,1.2,54
-0.0935075786113739,9.31489,0.8644689,0.46525866,0.98894215,0.36,10.0,1.2,54
-0.0548630649805069,9.146922,0.8680564,0.4622153,0.96107066,0.36,10.0,1.2,54
-0.0404830696105957,9.378754,0.8787632,0.46458665,0.9758985,0.36,10.0,1.2,54
-0.0555052380561828,9.819164,0.88625515,0.45840108,0.89872885,0.36,10.0,1.2,54
-0.0441902291297912,8.695141,0.87254983,0.45351267,0.9756968,0.36,10.0,1.2,54
-0.0852884672403335,9.4271,0.8927125,0.45414704,0.8969134,0.36,10.0,1.2,54
-0.0301437257289886,9.3808155,0.8835244,0.45357773,0.97314036,0.36,10.0,1.2,54
-0.0687666376590728,9.2289715,0.8758215,0.4784684,0.9958936,0.36,10.0,1.2,54
-0.1049784746170044,9.59837,0.87153125,0.47336632,0.9886924,0.36,10.0,1.2,54
-0.0515952255487442,8.900359,0.8841764,0.45910013,0.8987044,0.36,10.0,1.2,54
-0.100280864238739,9.074783,0.88135725,0.460588,0.9181752,0.36,10.0,1.2,54
-0.1029622983932495,8.898354,0.85713863,0.47171846,0.99682665,0.36,10.0,1.2,54
-0.0443650503873825,8.838998,0.87535465,0.466348,0.98188853,0.36,10.0,1.2,54
-0.1245663029909134,8.929389,0.8713259,0.4619699,0.9894445,0.36,10.0,1.2,54
-0.0894349915504455,8.936859,0.8705667,0.46414912,0.86537325,0.36,10.0,1.2,54
-0.1182136163473129,8.9958315,0.86717993,0.4589908,0.9628184,0.36,10.0,1.2,54
-0.0714851062297821,9.14897,0.881637,0.47054654,0.9334905,0.36,10.0,1.2,54
-0.087990431189537,8.903718,0.8659728,0.45502555,0.9955045,0.36,10.0,1.2,54
-0.0885771641254425,9.097429,0.8633733,0.4800535,0.92767,0.36,10.0,1.2,54
-0.1370303196907043,9.044228,0.8855159,0.48245108,0.7985325,0.36,10.0,1.2,54
-0.0666338723897934,9.732938,0.8738833,0.45844686,0.973194,0.36,10.0,1.2,54
-0.0963755919933319,9.471674,0.8777775,0.46958566,0.9686558,0.36,10.0,1.2,54
-0.0829118119239807,9.289883,0.8714818,0.4714099,0.9800676,0.36,10.0,1.2,54
-0.1345234071731567,8.964745,0.8685901,0.47059268,0.97450817,0.36,10.0,1.2,54
-0.0867781494379043,9.332305,0.8741218,0.4725349,0.9429718,0.36,10.0,1.2,54
-0.0577658518314361,9.239653,0.87904125,0.4564532,0.94181144,0.36,10.0,1.2,54
-0.0197695214509963,9.413188,0.88238657,0.45172268,0.97584057,0.36,10.0,1.2,54
-0.0895833737373352,9.0786705,0.859891,0.4716927,0.9469569,0.36,10.0,1.2,54
-0.0914538660764694,9.465428,0.88487357,0.46552506,0.8935666,0.36,10.0,1.2,54
-0.0668106522560119,9.372826,0.86706203,0.45691139,0.9918343,0.36,10.0,1.2,54
-0.1137729438543319,9.50913,0.8843944,0.47639456,0.943135,0.36,10.0,1.2,54
-0.0852768146753311,9.068282,0.86499816,0.4530223,0.9656129,0.36,10.0,1.2,54
-0.0223211199998855,9.230178,0.8726029,0.4611745,0.8797138,0.36,10.0,1.2,54
-0.0763162381410598,8.991569,0.8661519,0.46468103,0.9742098,0.36,10.0,1.2,54
-0.1066656917333603,9.087205,0.8804846,0.46612486,0.89137197,0.36,10.0,1.2,54
-0.0946114238262176,9.304121,0.87505716,0.4647678,0.8579911,0.36,10.0,1.2,54
-0.1261794210672378,8.948169,0.8586313,0.46406114,0.99929,0.36,10.0,1.2,54
-0.105994474363327,9.161783,0.8684666,0.46981418,0.9733747,0.36,10.0,1.2,54
-0.1112547207832336,8.771008,0.87946564,0.47996882,0.93352973,0.36,10.0,1.2,54
-0.0863794863224029,9.503603,0.8807616,0.45805106,0.9820714,0.36,10.0,1.2,54
-0.0684911414146423,9.298065,0.8734609,0.46772915,0.962433,0.36,10.0,1.2,54
-0.0527517584085464,9.635802,0.8699782,0.45713627,0.9977102,0.36,10.0,1.2,54
-0.044052824139595,9.180503,0.89841485,0.4593824,0.8156345,0.36,10.0,1.2,54
-0.0965610161781311,8.684814,0.85280883,0.4799024,0.9818715,0.36,10.0,1.2,54
-0.0709650884866714,8.860126,0.87532866,0.46817017,0.9239335,0.36,10.0,1.2,54
-0.0615634127378463,9.434758,0.88473594,0.46559644,0.98632944,0.36,10.0,1.2,54
-0.0961803366661071,8.828865,0.8634584,0.46206594,0.97189033,0.36,10.0,1.2,54
-0.1112473222017288,9.343905,0.8773649,0.4667079,0.98001015,0.36,10.0,1.2,54
-0.0914436867237091,9.2979145,0.8845409,0.46783006,0.90956795,0.36,10.0,1.2,54
-0.1457901518344879,8.88814,0.8770938,0.4792751,0.96362615,0.36,10.0,1.2,54
-0.1049489985704422,9.136214,0.8728123,0.47082865,0.94344497,0.36,10.0,1.2,54
-0.077991200184822,9.412139,0.8628458,0.45758826,0.97568023,0.36,10.0,1.2,54
-0.0795851187705993,8.777561,0.8752609,0.46176785,0.95358706,0.36,10.0,1.2,54
-0.094676596045494,8.972249,0.86829716,0.46956116,0.9726995,0.36,10.0,1.2,54
-0.1047645706892013,9.475415,0.8761417,0.46483955,0.94705653,0.36,10.0,1.2,54
-0.080874876832962,9.536169,0.8881147,0.46981123,0.9958962,0.36,10.0,1.2,54
-0.1303707508563995,8.681017,0.8862449,0.47679698,0.99568367,0.36,10.0,1.2,54
-0.0666066058397293,9.3526945,0.89116263,0.46122798,0.79480994,0.36,10.0,1.2,54
-0.1109033191919326,9.477092,0.8813175,0.47950855,0.9470446,0.36,10.0,1.2,54
-0.1279180077314377,9.00908,0.86562717,0.48276016,0.9809563,0.36,10.0,1.2,54
-0.0809476148605346,9.375111,0.88411003,0.46066508,0.8782046,0.36,10.0,1.2,54
-0.095119873714447,9.351307,0.87858605,0.45832333,0.8595431,0.36,10.0,1.2,54
-0.0674725951910018,9.234193,0.8757802,0.46987247,0.94802415,0.36,10.0,1.2,54
-0.1101755692720413,9.358981,0.8656529,0.46820408,0.9734138,0.36,10.0,1.2,54
-0.0714304852485656,9.426022,0.87559086,0.43991238,0.9916872,0.36,10.0,1.2,54
-0.0969802794218063,9.277738,0.87265414,0.4596147,0.9356983,0.36,10.0,1.2,54
-0.0708085188865661,10.014229,0.88044274,0.47013798,0.9571233,0.36,10.0,1.2,54
-0.0491298470258712,9.52884,0.87969756,0.46649665,0.9536512,0.36,10.0,1.2,54
-0.0504103066921234,9.021444,0.87118757,0.4517225,0.94016325,0.36,10.0,1.2,54
-0.1039673476219177,9.182014,0.8832309,0.483717,0.88067245,0.36,10.0,1.2,54
-0.0626789422988891,8.340004,0.8669529,0.4572658,0.98260474,0.36,10.0,1.2,54
-0.1169824423789978,9.342594,0.8639547,0.4776488,0.9938805,0.36,10.0,1.2,54
-0.1025278854131698,9.52123,0.8718419,0.46870324,0.9920119,0.36,10.0,1.2,54
-0.0448497110366821,8.644493,0.87287825,0.47241977,0.9577826,0.36,10.0,1.2,54
-0.104925748348236,9.35709,0.87544566,0.47231206,0.9762397,0.36,10.0,1.2,54
-0.1024265519380569,9.289889,0.87364167,0.47116697,0.9152298,0.36,10.0,1.2,54
-0.0805796728134155,9.682636,0.8826963,0.46232572,0.9338765,0.36,10.0,1.2,54
-0.1240083778858184,9.044283,0.8653978,0.46759686,0.99120164,0.36,10.0,1.2,54
-0.061231722831726,9.017658,0.8824664,0.46105555,0.99129593,0.36,10.0,1.2,54
-0.0423002955675125,8.793033,0.8670446,0.45326698,0.9719198,0.36,10.0,1.2,54
-0.0663493423223495,8.978246,0.88162434,0.46481788,0.9467372,0.36,10.0,1.2,54
-0.090573082780838,9.375551,0.87153447,0.47189498,0.9763247,0.36,10.0,1.2,54
-0.0895559266805648,8.747678,0.8776879,0.46608534,0.8568009,0.36,10.0,1.2,54
-0.1042088784694671,9.033571,0.86690056,0.4650326,0.94310546,0.36,10.0,1.2,54
-0.0054048898935318,9.414359,0.8717051,0.455283,0.95923936,0.36,10.0,1.2,54
-0.0562807297706604,9.628105,0.86894834,0.46424973,0.9667568,0.36,10.0,1.2,54
-0.0677030085086822,9.174345,0.879581,0.46326175,0.95340216,0.36,10.0,1.2,54
-0.0429659946680069,8.742629,0.88048327,0.44067347,0.9837861,0.36,10.0,1.2,54
-0.0516345079660415,8.623038,0.86977065,0.46804416,0.97380733,0.36,10.0,1.2,54
-0.1119930568456649,8.608266,0.8773587,0.46464637,0.97982836,0.36,10.0,1.2,54
-0.1126101035833358,9.047215,0.8686953,0.4559048,0.9840394,0.36,10.0,1.2,54
-0.0781925467967987,9.22938,0.8867186,0.44863978,0.9811921,0.36,10.0,1.2,54
-0.0638676607370376,9.259017,0.87162244,0.46036503,0.9226569,0.36,10.0,1.2,54
-0.0981598386287689,9.057375,0.869715,0.46855408,0.99792147,0.36,10.0,1.2,54
-0.1320215265274048,9.117657,0.8841637,0.47166485,0.96042764,0.36,10.0,1.2,54
-0.1103168756961822,8.615694,0.8770783,0.48195586,0.96194434,0.36,10.0,1.2,54
-0.0704911590337753,9.426595,0.87651515,0.462743,0.9739227,0.36,10.0,1.2,54
-0.0515444074392318,9.1828165,0.87490034,0.46570376,0.9440032,0.36,10.0,1.2,54
-0.0394049091100692,8.932488,0.87058675,0.4803601,0.96646094,0.36,10.0,1.2,54
-0.143312612247467,9.213806,0.8870753,0.47988778,0.97484636,0.36,10.0,1.2,54
-0.099036103606224,9.529672,0.8676674,0.4580827,0.9796022,0.36,10.0,1.2,54
-0.1412235269546508,9.283714,0.8751631,0.46593267,0.95924795,0.36,10.0,1.2,54
-0.0743532832860946,9.333367,0.8746183,0.4528475,0.9857112,0.36,10.0,1.2,54
-0.0737604517698288,9.261792,0.8859721,0.4603679,0.8936237,0.36,10.0,1.2,54
-0.1031816384792327,8.869677,0.86724144,0.478094,0.86509454,0.36,10.0,1.2,54
-0.1372990733146667,9.213455,0.88732314,0.47155228,0.98377335,0.36,10.0,1.2,54
-0.0735360471725463,8.7318,0.8752719,0.4716717,0.91542923,0.36,10.0,1.2,54
-0.1160046303272247,9.221029,0.87054586,0.46834853,0.9159689,0.36,10.0,1.2,54
-0.0913733080625534,9.420495,0.8732387,0.45926082,0.9838892,0.36,10.0,1.2,54
-0.0841176235675811,9.024572,0.87353003,0.47159162,0.9920918,0.36,10.0,1.2,54
-0.0514223490476608,9.498483,0.8646803,0.46437478,0.99807894,0.36,10.0,1.2,54
-0.094253179192543,9.810882,0.8798574,0.4762793,0.9178536,0.36,10.0,1.2,54
-0.0674305656671524,9.499522,0.8766655,0.4618841,0.8934959,0.36,10.0,1.2,54
-0.0465515884160995,9.560628,0.87290096,0.46095565,0.98226583,0.36,10.0,1.2,54
-0.107914306473732,9.343329,0.8704829,0.47183043,0.9372506,0.36,10.0,1.2,54
-0.1313282409667968,9.347809,0.8780651,0.4758408,0.9531101,0.36,10.0,1.2,54
-0.0297768499851226,9.0349865,0.8741926,0.44306618,0.93223166,0.36,10.0,1.2,54
-0.1165373742103576,9.247223,0.86175317,0.47320545,0.9788754,0.36,10.0,1.2,54
-0.0989109889268875,9.370666,0.8781949,0.47635987,0.98019195,0.36,10.0,1.2,54
-0.0767476185321807,9.603003,0.8795224,0.4748168,0.9485978,0.36,10.0,1.2,54
-0.0560326210975647,8.963257,0.8810247,0.4574331,0.99286914,0.36,10.0,1.2,54
-0.0604567470550537,9.050293,0.8792999,0.4643764,0.89334035,0.36,10.0,1.2,54
-0.0817744760274887,9.432672,0.8810438,0.4725994,0.9489058,0.36,10.0,1.2,54
-0.1069182214736938,9.400921,0.8785161,0.46524468,0.9581071,0.36,10.0,1.2,54
-0.0669252402305603,9.224583,0.86854976,0.4659493,0.97838724,0.36,10.0,1.2,54
-0.1096898587942123,8.635087,0.8626873,0.47474906,0.99132574,0.36,10.0,1.2,54
-0.0860739707708358,9.442647,0.8658563,0.46984968,0.99126756,0.36,10.0,1.2,54
-0.0337876431465149,9.827286,0.8812816,0.4492479,0.92937946,0.36,10.0,1.2,54
-0.0449448038339614,9.53649,0.8904404,0.45611206,0.9333205,0.36,10.0,1.2,54
-0.0890118551969528,8.862115,0.8694234,0.48021102,0.97353864,0.36,10.0,1.2,54
-0.0966310064792633,9.488478,0.87846553,0.45869872,0.984413,0.36,10.0,1.2,54
-0.0868367565631866,9.262579,0.88045555,0.47114268,0.969911,0.36,10.0,1.2,54
-0.1239501830101013,9.075001,0.8645102,0.47385314,0.99643266,0.36,10.0,1.2,54
-0.0462987422704696,9.272893,0.869032,0.45749936,0.9193492,0.36,10.0,1.2,54
-0.0600330304861068,9.945329,0.8836372,0.4632336,0.9761331,0.36,10.0,1.2,54
-0.0850919780731201,9.274082,0.8817358,0.45282462,0.94259214,0.36,10.0,1.2,54
-0.0727384968996048,9.029288,0.8717751,0.47984722,0.9283267,0.36,10.0,1.2,54
-0.0939995031356811,9.671822,0.8702596,0.4567243,0.9956417,0.36,10.0,1.2,54
-0.0600209203481674,9.225961,0.8688276,0.46512198,0.9710636,0.36,10.0,1.2,54
-0.1132036089420318,9.621302,0.8661924,0.47314045,0.99155974,0.36,10.0,1.2,54
-0.0477401454210281,9.020751,0.8750914,0.46553734,0.9454651,0.36,10.0,1.2,54
-0.1000744920969009,9.183383,0.8732787,0.47138616,0.86049163,0.36,10.0,1.2,54
-0.0978903531551361,9.383837,0.87922204,0.45514655,0.9591994,0.36,10.0,1.2,54
-0.0920176732301712,8.940204,0.8806615,0.46173415,0.94188833,0.36,10.0,1.2,54
-0.1136648006439209,9.673367,0.8812998,0.46973145,0.87366974,0.36,10.0,1.2,54
-0.053157814836502,9.396189,0.869792,0.45945418,0.98293376,0.36,10.0,1.2,54
-0.0914024885654449,9.3231945,0.87269044,0.4677978,0.9563277,0.36,10.0,1.2,54
-0.0596158016681671,9.157007,0.8691049,0.46179375,0.94951653,0.36,10.0,1.2,54
-0.0761321227312088,9.826873,0.87786996,0.4633279,0.9311321,0.36,10.0,1.2,54
-0.1097182789564132,9.007665,0.8577361,0.47134832,0.94791555,0.36,10.0,1.2,54
-0.0551512429475784,9.336722,0.8717461,0.45872167,0.9885329,0.36,10.0,1.2,54
-0.0683421964168548,9.319616,0.88051546,0.4664065,0.94188786,0.36,10.0,1.2,54
-0.053018896651268,9.050752,0.8808089,0.46204817,0.92709196,0.36,10.0,1.2,54
-0.0911385978221893,8.477324,0.867035,0.47152913,0.9543179,0.36,10.0,1.2,54
-0.053411955833435,9.059048,0.88082933,0.4574538,0.964401,0.36,10.0,1.2,54
-0.0583687703609466,9.315386,0.8674339,0.4645086,0.9269985,0.36,10.0,1.2,54
-0.0977946485042572,8.889788,0.8857704,0.46715423,0.9763427,0.36,10.0,1.2,54
-0.1471110762357712,9.342275,0.8790518,0.4711207,0.9845154,0.36,10.0,1.2,54
-0.0764242208957672,9.398191,0.87954503,0.471122,0.7971436,0.36,10.0,1.2,54
-0.1043095031499862,8.570405,0.8686024,0.4674367,0.94774854,0.36,10.0,1.2,54
-0.0495527906417846,9.347496,0.8807581,0.46394527,0.9561801,0.36,10.0,1.2,54
-0.1546902986764907,9.251876,0.88366145,0.48841807,0.9499178,0.36,10.0,1.2,54
-0.0837053968429565,8.824287,0.87551385,0.47454694,0.9682752,0.36,10.0,1.2,54
-0.1161201397180557,9.203486,0.87661296,0.47372246,0.92683256,0.36,10.0,1.2,54
-0.1139992909431457,9.280624,0.8711951,0.45539805,0.9936857,0.36,10.0,1.2,54
-0.0643256208896636,8.57976,0.88305557,0.45001924,0.88915765,0.36,10.0,1.2,54
-0.1492514506101608,9.264012,0.88234055,0.4624169,0.93834794,0.36,10.0,1.2,54
-0.0955314819335937,9.110218,0.86774385,0.45861602,0.94770277,0.36,10.0,1.2,54
-0.045134975528717,9.492424,0.8875475,0.45202166,0.9690976,0.36,10.0,1.2,54
-0.0436338097572326,8.883358,0.86306995,0.46267033,0.9747503,0.36,10.0,1.2,54
-0.1068275922298431,9.913118,0.8677542,0.46847418,0.9833323,0.36,10.0,1.2,54
-0.0670308364391326,8.880156,0.8722082,0.4711423,0.9848927,0.36,10.0,1.2,54
-0.070172039270401,9.7866535,0.8817159,0.46670303,0.96209216,0.36,10.0,1.2,54
-0.0824054636716842,9.1801195,0.8759218,0.4636851,0.9196805,0.36,10.0,1.2,54
-0.0404201525211334,9.309156,0.8691666,0.44986454,0.98137665,0.36,10.0,1.2,54
-0.0723552622318267,9.3578205,0.86265236,0.4671172,0.9903225,0.36,10.0,1.2,54
-0.0909759116888046,9.584046,0.88536656,0.45570427,0.98073876,0.36,10.0,1.2,54
-0.0956612709522247,9.369696,0.86330724,0.47629705,0.9881151,0.36,10.0,1.2,54
-0.0785457901477813,9.19953,0.8748145,0.46967816,0.979262,0.36,10.0,1.2,54
-0.0372917677879333,9.157692,0.87297314,0.45160568,0.95058644,0.36,10.0,1.2,54
-0.0747392651557922,8.729931,0.8743607,0.45747948,0.895331,0.36,10.0,1.2,54
-0.0421996362924575,9.19057,0.87253606,0.45974985,0.95783997,0.36,10.0,1.2,54
-0.0729699895381927,9.308081,0.86914814,0.47323623,0.9691113,0.36,10.0,1.2,54
-0.1152832280397415,9.549155,0.87552387,0.46863356,0.87709,0.36,10.0,1.2,54
-0.0747165548801422,9.0343,0.8798633,0.46856388,0.94955444,0.36,10.0,1.2,54
-0.0844777865409851,9.248314,0.88757175,0.47835425,0.97486997,0.36,10.0,1.2,54
-0.0852603890895843,9.460421,0.8833122,0.471154,0.969581,0.36,10.0,1.2,54
-0.0926831543445587,9.477377,0.8769736,0.46096894,0.89344776,0.36,10.0,1.2,54
-0.0747748837232589,8.738339,0.86005116,0.46801922,0.9979253,0.36,10.0,1.2,54
-0.0899890647888183,9.433411,0.8717372,0.46062377,0.9809308,0.36,10.0,1.2,54
-0.1107762050628662,9.394741,0.88595915,0.45966813,0.95314384,0.36,10.0,1.2,54
-0.0795848585367202,8.598456,0.8812113,0.44930637,0.8763919,0.36,10.0,1.2,54
-0.0910756053447723,9.436689,0.8769376,0.4661304,0.91162634,0.36,10.0,1.2,54
-0.1225153249025344,9.652034,0.89244604,0.4619589,0.9003606,0.36,10.0,1.2,54
-0.0924052616119384,9.014633,0.8635447,0.4709361,0.97225296,0.36,10.0,1.2,54
-0.0961659370183944,9.737569,0.8792858,0.4734876,0.94714904,0.36,10.0,1.2,54
-0.0509203859090805,8.816968,0.87560946,0.4718035,0.9883802,0.36,10.0,1.2,54
-0.087298519706726,9.395378,0.87882286,0.45849103,0.86793244,0.36,10.0,1.2,54
-0.0388001660108566,9.119325,0.8842821,0.4577161,0.99761105,0.36,10.0,1.2,54
-0.0751872446537017,9.061213,0.8910186,0.4706064,0.8976424,0.36,10.0,1.2,54
-0.0693796172142028,9.204407,0.8713464,0.46604288,0.94421387,0.36,10.0,1.2,54
-0.0391955001354217,9.599028,0.8719626,0.45168293,0.9849591,0.36,10.0,1.2,54
-0.0679446052074432,9.022806,0.87062335,0.46305275,0.925591,0.36,10.0,1.2,54
-0.0845302699327468,8.913356,0.86674833,0.46715632,0.9837961,0.36,10.0,1.2,54
-0.1244287540435791,9.631382,0.8830146,0.47562358,0.99247575,0.36,10.0,1.2,54
-0.1378376867771148,9.223337,0.8677517,0.4719088,0.968506,0.36,10.0,1.2,54
-0.0989386889934539,8.9794445,0.87149864,0.46973488,0.9050462,0.36,10.0,1.2,54
-0.0473061037063598,9.394264,0.8812448,0.4656595,0.9760332,0.36,10.0,1.2,54
-0.0846897388458252,8.755558,0.8711966,0.47028905,0.9312712,0.36,10.0,1.2,54
-0.0972818239688873,9.890535,0.88735366,0.47148234,0.96800506,0.36,10.0,1.2,54
-0.0497552043199539,9.26559,0.8731224,0.46829534,0.99274373,0.36,10.0,1.2,54
-0.0635657211303711,10.019806,0.8755377,0.46637875,0.97571003,0.36,10.0,1.2,54
-0.1028808698415756,9.535611,0.87384844,0.46684214,0.97114897,0.36,10.0,1.2,54
-0.0836861416101455,9.6348715,0.8742059,0.46038625,0.99915516,0.36,10.0,1.2,54
-0.0832440266370773,9.832395,0.8756287,0.46639806,0.98823,0.36,10.0,1.2,54
-0.0910379677534103,9.024659,0.87209374,0.46259436,0.9996679,0.36,10.0,1.2,54
-0.0263197222948074,9.244018,0.88075316,0.46008673,0.88902617,0.36,10.0,1.2,54
-0.1285146675109863,9.782581,0.87509274,0.47602227,0.97819936,0.36,10.0,1.2,54
-0.1231624447107315,8.96131,0.87180007,0.47516134,0.9930086,0.36,10.0,1.2,54
-0.109582746720314,9.448855,0.88079077,0.46932164,0.98367274,0.36,10.0,1.2,54
-0.0756736704826355,9.111973,0.8731956,0.46667695,0.9778396,0.36,10.0,1.2,54
-0.0800670999288559,8.945489,0.876552,0.47337455,0.9378612,0.36,10.0,1.2,54
-0.0800262579679489,8.946908,0.8824992,0.45334464,0.98851407,0.36,10.0,1.2,54
-0.0939702751398086,8.969787,0.883614,0.47238758,0.95253503,0.36,10.0,1.2,54
-0.0699255206346511,9.139827,0.88222295,0.47315764,0.9668956,0.36,10.0,1.2,54
-0.0563909258842468,9.103413,0.87926334,0.449849,0.93258774,0.36,10.0,1.2,54
-0.1012419201135635,8.530269,0.8853658,0.46581718,0.8876753,0.36,10.0,1.2,54
-0.0862039179563522,8.978646,0.8682236,0.46705654,0.96129465,0.36,10.0,1.2,54
-0.0717888636694006,9.144703,0.9145786,0.4660708,0.98931515,0.36,10.0,1.2,55
-0.0994439129259301,8.623115,0.9149121,0.46338663,0.96360576,0.36,10.0,1.2,55
-0.059349643345652,8.890978,0.92857486,0.4605527,0.9215374,0.36,10.0,1.2,55
-0.0901290897371293,9.063621,0.9230656,0.47115368,0.92278874,0.36,10.0,1.2,55
-0.0624223804247265,8.810779,0.9010078,0.45627472,0.9748374,0.36,10.0,1.2,55
-0.0955866187462036,8.958789,0.9114756,0.46273085,0.98991823,0.36,10.0,1.2,55
-0.0361540386949914,8.911619,0.9140666,0.44996846,0.9877248,0.36,10.0,1.2,55
-0.0678347204445957,8.984688,0.928071,0.4537304,0.94356155,0.36,10.0,1.2,55
-0.1015299676548784,8.6923485,0.9141361,0.47110647,0.9704945,0.36,10.0,1.2,55
-0.0310614362843576,8.702865,0.9172381,0.44498682,0.97307515,0.36,10.0,1.2,55
-0.0685586684593383,8.621357,0.94100225,0.46324918,0.7956306,0.36,10.0,1.2,55
-0.0259607125664425,8.630753,0.9054519,0.43973598,0.964304,0.36,10.0,1.2,55
-0.0818111946858305,8.203691,0.9002551,0.47777107,0.98802316,0.36,10.0,1.2,55
-0.0263520861411464,8.760469,0.8995925,0.46085608,0.9955809,0.36,10.0,1.2,55
-0.079065334982965,8.499749,0.9039629,0.46935895,0.97754586,0.36,10.0,1.2,55
-0.0918825486542404,8.955038,0.9237881,0.45255888,0.9599757,0.36,10.0,1.2,55
-0.1109703696459874,9.175575,0.91663635,0.46210387,0.95944285,0.36,10.0,1.2,55
-0.0608374727040663,8.560248,0.91087866,0.4442827,0.9939437,0.36,10.0,1.2,55
-0.0652715165976466,8.368803,0.91140276,0.45453614,0.9638294,0.36,10.0,1.2,55
-0.0872682252068588,9.066887,0.93188846,0.45912942,0.86560047,0.36,10.0,1.2,55
-0.0531511271065506,8.987766,0.9051832,0.4577202,0.94832456,0.36,10.0,1.2,55
-0.0638392899082922,8.545012,0.91420394,0.46105134,0.99625385,0.36,10.0,1.2,55
-0.0432924893225593,8.486059,0.9051922,0.45934302,0.9719416,0.36,10.0,1.2,55
-0.0353316306113719,8.688717,0.92384493,0.4570071,0.99193025,0.36,10.0,1.2,55
-0.0648599524173574,8.805271,0.9040607,0.4698834,0.998646,0.36,10.0,1.2,55
-0.1155808501353318,8.703013,0.9198174,0.46627057,0.9290041,0.36,10.0,1.2,55
-0.0147791943065878,8.304003,0.9168707,0.435311,0.98705447,0.36,10.0,1.2,55
-0.0783674907839375,8.755364,0.903043,0.4624194,0.9899492,0.36,10.0,1.2,55
-0.0495205728121552,9.167586,0.93086654,0.4660737,0.989082,0.36,10.0,1.2,55
-0.1186405554492811,8.894475,0.91418767,0.46446443,0.92527723,0.36,10.0,1.2,55
-0.076696000625158,8.950716,0.9189633,0.4550525,0.96309376,0.36,10.0,1.2,55
-0.0154717295762596,8.6425905,0.9261134,0.44587138,0.82670724,0.36,10.0,1.2,55
-0.0809485813818793,8.759096,0.90693665,0.46558863,0.9994222,0.36,10.0,1.2,55
-0.0453112655093873,9.097596,0.9536258,0.45993456,0.75374234,0.36,10.0,1.2,55
-0.0443873074986208,8.465539,0.9161476,0.4522062,0.96357715,0.36,10.0,1.2,55
-0.0848289088704336,8.881764,0.908531,0.46018654,0.91492486,0.36,10.0,1.2,55
-0.0176414996591313,8.897746,0.93196404,0.44842172,0.8581587,0.36,10.0,1.2,55
-0.0788488755230906,8.709006,0.92502284,0.45262244,0.96905863,0.36,10.0,1.2,55
-0.0595906527475335,9.247031,0.89925504,0.45049605,0.9894376,0.36,10.0,1.2,55
-0.0575011651894043,8.650169,0.9276486,0.45994845,0.9982389,0.36,10.0,1.2,55
-0.0690575200847055,8.599465,0.91062593,0.47199565,0.9748951,0.36,10.0,1.2,55
-0.0560848769466539,8.861688,0.9330714,0.46883702,0.86118305,0.36,10.0,1.2,55
-0.0440664742933982,8.61352,0.9257544,0.468508,0.95151913,0.36,10.0,1.2,55
-0.0860901388136848,8.756345,0.9017939,0.46322396,0.97704554,0.36,10.0,1.2,55
-0.0636789495757724,8.738948,0.9384984,0.46444002,0.7885586,0.36,10.0,1.2,55
-0.066294812196013,8.493547,0.9066527,0.4555884,0.95296216,0.36,10.0,1.2,55
-0.0662711430395049,8.57821,0.9188238,0.46773198,0.93535805,0.36,10.0,1.2,55
-0.0448501184942007,8.964172,0.9245902,0.44581673,0.8783374,0.36,10.0,1.2,55
-0.0677195341149349,8.588606,0.8990017,0.453843,0.9753083,0.36,10.0,1.2,55
-0.0137534060437658,8.534646,0.92308027,0.45924184,0.8841722,0.36,10.0,1.2,55
-0.0294971123762641,8.652544,0.91555995,0.45709908,0.9441656,0.36,10.0,1.2,55
-0.0157935777695671,8.113344,0.9165152,0.44681525,0.9533396,0.36,10.0,1.2,55
-0.0824593895992796,8.56537,0.9172199,0.4521626,0.93985975,0.36,10.0,1.2,55
-0.1159477421675639,8.712325,0.91227907,0.46447146,0.99849975,0.36,10.0,1.2,55
-0.0560197073224188,9.024054,0.9214295,0.45347762,0.9906908,0.36,10.0,1.2,55
-0.0778816020208457,8.694,0.90125525,0.46291447,0.9613973,0.36,10.0,1.2,55
-0.0869045522047198,8.7502,0.91123927,0.475815,0.99079573,0.36,10.0,1.2,55
-0.0728099495485581,8.664236,0.92597485,0.4453359,0.93240166,0.36,10.0,1.2,55
-0.0852234326117392,9.67263,0.92132753,0.46640098,0.9951632,0.36,10.0,1.2,55
-0.0681669405748272,8.351646,0.9184718,0.45198202,0.96342695,0.36,10.0,1.2,55
-0.0376006980989502,9.095236,0.91473997,0.45994952,0.96605146,0.36,10.0,1.2,55
-0.0223019043167213,8.730841,0.91045284,0.45407298,0.9856527,0.36,10.0,1.2,55
-0.100612320951249,8.559719,0.92638946,0.46827334,0.9027575,0.36,10.0,1.2,55
-0.0315857668528859,8.389244,0.9294141,0.45443168,0.94297075,0.36,10.0,1.2,55
-0.0240336879961129,8.775678,0.91748464,0.44603574,0.9659723,0.36,10.0,1.2,55
-0.0378602707010319,8.634458,0.9121941,0.46749732,0.9877646,0.36,10.0,1.2,55
-0.0484431496258077,9.542737,0.9224084,0.45234826,0.9320421,0.36,10.0,1.2,55
-0.0249968058303214,8.501795,0.9188029,0.45101961,0.95154,0.36,10.0,1.2,55
-0.0873346613084393,8.5405855,0.9028267,0.46665132,0.96511817,0.36,10.0,1.2,55
-0.0713941829892741,8.86799,0.9179821,0.45997742,0.98761034,0.36,10.0,1.2,55
-0.0879496065445576,8.422981,0.91110456,0.45245844,0.97702456,0.36,10.0,1.2,55
-0.0664896929806742,8.961392,0.9255158,0.4578918,0.9642122,0.36,10.0,1.2,55
-0.0570788133675125,8.442321,0.89791405,0.4628668,0.99024284,0.36,10.0,1.2,55
-0.087800996254658,9.044996,0.9255278,0.46299812,0.8981725,0.36,10.0,1.2,55
-0.0803936625791228,9.336739,0.93082774,0.4554525,0.7996149,0.36,10.0,1.2,55
-0.0154114927584794,8.728116,0.9182112,0.45801282,0.872738,0.36,10.0,1.2,55
-0.0247436364475878,9.007007,0.9395027,0.45160845,0.8303715,0.36,10.0,1.2,55
-0.0710898883966519,9.2212305,0.91322213,0.46545947,0.9452975,0.36,10.0,1.2,55
-0.0983813580565001,8.832513,0.91516095,0.4666803,0.9897064,0.36,10.0,1.2,55
-0.1072324091580702,8.87332,0.9256419,0.46594,0.9447013,0.36,10.0,1.2,55
-0.0698858386006815,8.899337,0.9238936,0.45820442,0.9093858,0.36,10.0,1.2,55
-0.0775390748646093,8.223883,0.9251981,0.4613734,0.82907295,0.36,10.0,1.2,55
-0.0794228083387263,8.618839,0.91438794,0.46632963,0.99555147,0.36,10.0,1.2,55
-0.0656696434316783,8.684244,0.9071527,0.45983735,0.9622319,0.36,10.0,1.2,55
-0.0944181823742395,8.337197,0.91388464,0.4619694,0.8889483,0.36,10.0,1.2,55
-0.0430970278258559,8.521307,0.90764385,0.46346635,0.9649203,0.36,10.0,1.2,55
-0.0883706108053187,8.609627,0.91129684,0.46503043,0.985245,0.36,10.0,1.2,55
-0.0738481094575989,9.02809,0.92584157,0.46974406,0.8992865,0.36,10.0,1.2,55
-0.0644883573645648,8.452607,0.9295327,0.468426,0.7672615,0.36,10.0,1.2,55
-0.0714719630253798,8.978377,0.94257015,0.46978652,0.8971038,0.36,10.0,1.2,55
-0.0614549558600406,9.072237,0.9288456,0.4485378,0.95485556,0.36,10.0,1.2,55
-0.1171318901378312,8.7647705,0.91305614,0.4682012,0.9193212,0.36,10.0,1.2,55
-0.0912638387267383,9.460565,0.9316812,0.4647466,0.9090717,0.36,10.0,1.2,55
-0.0762613423840292,8.941172,0.93061423,0.46196616,0.89523673,0.36,10.0,1.2,55
-0.0667544189448831,8.508278,0.911698,0.44410565,0.9386804,0.36,10.0,1.2,55
-0.0744597024915217,9.136101,0.91114974,0.46028093,0.9596083,0.36,10.0,1.2,55
-0.0866560297945012,8.754983,0.9150591,0.4661737,0.9862422,0.36,10.0,1.2,55
-0.0741851865082397,8.917704,0.91120696,0.44864365,0.9536469,0.36,10.0,1.2,55
-0.0809934093512076,8.920975,0.9195702,0.46871808,0.9228083,0.36,10.0,1.2,55
-0.0651141282377868,9.155755,0.93169725,0.45961234,0.9502007,0.36,10.0,1.2,55
-0.0725672563485588,8.728059,0.90115035,0.46103156,0.90051687,0.36,10.0,1.2,55
-0.0753360495142724,8.426766,0.92065763,0.45547533,0.85827243,0.36,10.0,1.2,55
-0.0494321549290594,8.619259,0.9120025,0.4648981,0.9870013,0.36,10.0,1.2,55
-0.0919726806381095,8.687148,0.9298847,0.46293125,0.9240961,0.36,10.0,1.2,55
-0.0409941136461308,8.647802,0.91178715,0.45131305,0.93538547,0.36,10.0,1.2,55
-0.0750525708983336,8.477295,0.91173923,0.47163665,0.96513057,0.36,10.0,1.2,55
-0.1000437375985126,8.744956,0.9065384,0.45089698,0.9318632,0.36,10.0,1.2,55
-0.1104728748012388,8.804503,0.9119097,0.4658153,0.96533155,0.36,10.0,1.2,55
-0.0913349210494395,8.8134775,0.92269194,0.46400917,0.9618448,0.36,10.0,1.2,55
-0.0468530025179234,8.744081,0.9213886,0.45375872,0.87064385,0.36,10.0,1.2,55
0.0031634718134976,9.081202,0.9173994,0.46159494,0.98467994,0.36,10.0,1.2,55
-0.0463693660458902,8.455992,0.916332,0.4594106,0.98394513,0.36,10.0,1.2,55
-0.080494857581035,8.854712,0.9189538,0.4705105,0.9551058,0.36,10.0,1.2,55
-0.0791434553946895,8.776463,0.9079409,0.46829396,0.9864929,0.36,10.0,1.2,55
-0.0938488698363483,9.361113,0.91561943,0.45671257,0.98173714,0.36,10.0,1.2,55
-0.0320959360400338,8.484865,0.9039435,0.4523015,0.99413884,0.36,10.0,1.2,55
-0.0693785164879822,8.966641,0.9238053,0.46363598,0.9802598,0.36,10.0,1.2,55
-0.040498286138003,8.757275,0.9344137,0.45611274,0.7248466,0.36,10.0,1.2,55
-0.0661059235882437,8.925601,0.91427976,0.4638571,0.9921706,0.36,10.0,1.2,55
-0.0676933727626981,8.284594,0.91323453,0.46308568,0.9947529,0.36,10.0,1.2,55
-0.0786536905525802,8.827732,0.9281786,0.45465937,0.89023936,0.36,10.0,1.2,55
-0.0799139743688525,8.781228,0.92612475,0.46262112,0.86218584,0.36,10.0,1.2,55
-0.1003343245481001,8.979975,0.9209461,0.46910584,0.91441226,0.36,10.0,1.2,55
-0.1236594369579637,9.009119,0.9218093,0.46718824,0.9886371,0.36,10.0,1.2,55
-0.104495596636409,8.543814,0.8981842,0.46649414,0.99212945,0.36,10.0,1.2,55
-0.0727667765297729,8.842087,0.9040746,0.4597152,0.9809264,0.36,10.0,1.2,55
-0.1025688638455752,9.382103,0.93011796,0.46759793,0.8921665,0.36,10.0,1.2,55
-0.0722745617918517,8.695252,0.9137483,0.46562627,0.9074273,0.36,10.0,1.2,55
-0.060542530290719,8.588007,0.91019297,0.45673826,0.8991263,0.36,10.0,1.2,55
-0.0411224861094926,8.398104,0.9126419,0.4561003,0.99175835,0.36,10.0,1.2,55
-0.0974354745281404,8.685506,0.91611207,0.47162047,0.97954893,0.36,10.0,1.2,55
-0.1048188945136707,9.038623,0.9208963,0.4826216,0.93006194,0.36,10.0,1.2,55
-0.042435304023672,9.007239,0.93959516,0.446682,0.79235816,0.36,10.0,1.2,55
-0.0199977862828966,8.790121,0.9133452,0.44837403,0.96669126,0.36,10.0,1.2,55
-0.0611944709317931,8.679352,0.9125652,0.4673301,0.94430983,0.36,10.0,1.2,55
-0.0430033577818343,8.779185,0.91034883,0.45232475,0.98728776,0.36,10.0,1.2,55
-0.0840496218651756,8.612078,0.9382602,0.46523127,0.73577964,0.36,10.0,1.2,55
-0.0725705955098902,9.0226755,0.919769,0.46297458,0.8346776,0.36,10.0,1.2,55
-0.105453389989787,8.740788,0.91147333,0.47673145,0.999655,0.36,10.0,1.2,55
-0.069334706000652,8.868985,0.9190234,0.46181452,0.9048377,0.36,10.0,1.2,55
-0.021801909665694,9.055471,0.923977,0.45011017,0.8340275,0.36,10.0,1.2,55
-0.0892251961943267,8.348608,0.9184438,0.46679708,0.9473413,0.36,10.0,1.2,55
-0.0682125058336338,8.574195,0.90618336,0.46312,0.9711219,0.36,10.0,1.2,55
-0.0657470100399492,8.5381365,0.9354565,0.46917155,0.87570703,0.36,10.0,1.2,55
-0.0454381038213503,8.407307,0.9176103,0.46708578,0.94814813,0.36,10.0,1.2,55
-0.0933217868272992,8.555425,0.9183377,0.45736182,0.8918228,0.36,10.0,1.2,55
-0.0287169042523352,8.658129,0.93224776,0.45678046,0.8158151,0.36,10.0,1.2,55
-0.0425567395714535,8.93726,0.916537,0.4558431,0.9397917,0.36,10.0,1.2,55
-0.0582220457827466,8.799773,0.9023421,0.46151417,0.9793421,0.36,10.0,1.2,55
-0.056485737481673,9.036613,0.9183333,0.4535047,0.968572,0.36,10.0,1.2,55
-0.0507074435464497,8.822706,0.92208034,0.45655873,0.8753178,0.36,10.0,1.2,55
-0.1050396552760938,8.755308,0.9106641,0.46284938,0.9832406,0.36,10.0,1.2,55
-0.0587410130531803,8.795202,0.91345936,0.46369064,0.9739007,0.36,10.0,1.2,55
-0.0867304684305978,9.097024,0.92039144,0.46374613,0.95737004,0.36,10.0,1.2,55
-0.0701802322028457,8.976513,0.92697376,0.4658862,0.9729445,0.36,10.0,1.2,55
-0.0753718762412078,8.645377,0.9010346,0.4666562,0.97043943,0.36,10.0,1.2,55
-0.0653074981296819,8.93232,0.9263822,0.4674474,0.9783776,0.36,10.0,1.2,55
-0.0569226932871514,8.811539,0.9156022,0.4597531,0.9229835,0.36,10.0,1.2,55
-0.0662383693704132,8.5393,0.91389865,0.46537864,0.999249,0.36,10.0,1.2,55
-0.0435081810841505,8.946391,0.92174464,0.44742092,0.9669846,0.36,10.0,1.2,55
-0.1051244746929052,8.793039,0.91662943,0.45769823,0.93053615,0.36,10.0,1.2,55
-0.0448547955045943,8.521183,0.9141045,0.45272553,0.96998084,0.36,10.0,1.2,55
-0.0524621258395024,9.136489,0.9359197,0.4566272,0.8287132,0.36,10.0,1.2,55
-0.0955487674352465,8.620029,0.92229784,0.4719239,0.97359204,0.36,10.0,1.2,55
-0.0957160374365668,8.396881,0.9242201,0.46639875,0.82386494,0.36,10.0,1.2,55
-0.0799394269011031,9.049471,0.9301095,0.45349947,0.8262875,0.36,10.0,1.2,55
-0.0786376423237024,9.138089,0.9117996,0.46638554,0.97796714,0.36,10.0,1.2,55
-0.0647503775033192,9.234374,0.9255125,0.45017385,0.96639645,0.36,10.0,1.2,55
-0.0553646876252609,8.543906,0.90376997,0.45515054,0.97691476,0.36,10.0,1.2,55
-0.080142549369978,8.710152,0.9113865,0.46359548,0.99960697,0.36,10.0,1.2,55
-0.0474281587822548,8.96576,0.91519487,0.4596144,0.9816264,0.36,10.0,1.2,55
-0.0705174023142571,9.543172,0.90887904,0.45151782,0.9784268,0.36,10.0,1.2,55
-0.0823430028135863,8.870218,0.907193,0.45803794,0.9858047,0.36,10.0,1.2,55
-0.0599622681309068,8.471516,0.90476125,0.4695207,0.9574777,0.36,10.0,1.2,55
-0.0485521998472247,8.541342,0.9167672,0.47326484,0.96169686,0.36,10.0,1.2,55
-0.0279623631968266,9.33327,0.92719156,0.44974506,0.8918266,0.36,10.0,1.2,55
-0.0086083388745993,8.200872,0.9142531,0.447961,0.9816046,0.36,10.0,1.2,55
-0.0211340469095097,8.875931,0.92294735,0.45080566,0.9200355,0.36,10.0,1.2,55
-0.0585814258645569,8.736401,0.9242798,0.45955017,0.9532641,0.36,10.0,1.2,55
-0.080432080616648,9.080535,0.9025595,0.46243787,0.9240769,0.36,10.0,1.2,55
-0.0703559408514663,8.608991,0.92871326,0.4561982,0.90671825,0.36,10.0,1.2,55
-0.0282497219373847,8.496848,0.92592984,0.4583949,0.8694751,0.36,10.0,1.2,55
-0.0880886587886705,8.590763,0.9183274,0.4504664,0.94383943,0.36,10.0,1.2,55
-0.0841497742229249,8.372744,0.898244,0.46197045,0.99250114,0.36,10.0,1.2,55
-0.0299387635559723,8.409438,0.9171653,0.46069723,0.97832,0.36,10.0,1.2,55
-0.0392010174684968,8.918055,0.9112465,0.46912122,0.95912135,0.36,10.0,1.2,55
-0.0717727637839591,8.378302,0.9200637,0.46203446,0.9673873,0.36,10.0,1.2,55
-0.1008381075677781,8.584796,0.9154506,0.45687744,0.923664,0.36,10.0,1.2,55
-0.0816357448018748,8.879747,0.91466784,0.4561627,0.96807873,0.36,10.0,1.2,55
-0.0607557634665645,8.690458,0.9184984,0.44896176,0.9978975,0.36,10.0,1.2,55
-0.0721260858154583,8.716798,0.90181327,0.473236,0.96808267,0.36,10.0,1.2,55
-0.019503551834282,8.791109,0.9035954,0.44346082,0.9985914,0.36,10.0,1.2,55
-0.0561695262179963,9.192596,0.91150236,0.4516169,0.9920131,0.36,10.0,1.2,55
-0.0846392020539917,9.036766,0.9154765,0.46212018,0.9552523,0.36,10.0,1.2,55
-0.0755546065984576,8.899105,0.91428876,0.4629307,0.9775218,0.36,10.0,1.2,55
-0.0942068877847508,8.35093,0.91057116,0.45951644,0.9606297,0.36,10.0,1.2,55
-0.0897052443641731,8.657656,0.92138815,0.45172,0.8842683,0.36,10.0,1.2,55
-0.0416708609710758,8.758125,0.9113376,0.45724562,0.99543357,0.36,10.0,1.2,55
-0.0241492278818013,8.927774,0.9217421,0.45366865,0.9727286,0.36,10.0,1.2,55
-0.0791569268005737,8.398948,0.9148354,0.46388492,0.9856317,0.36,10.0,1.2,55
-0.0699595892888537,9.033923,0.9193192,0.45852834,0.87928677,0.36,10.0,1.2,55
-0.0525065971541965,8.779405,0.90786827,0.44935608,0.99421585,0.36,10.0,1.2,55
-0.0968741303864212,8.9290905,0.9248198,0.46937254,0.93043303,0.36,10.0,1.2,55
-0.045920537316006,8.938599,0.91023076,0.46198937,0.9678726,0.36,10.0,1.2,55
-0.024125046317371,8.726366,0.91526717,0.45794335,0.9290205,0.36,10.0,1.2,55
-0.0744908688723176,9.083066,0.91513485,0.46099585,0.96313286,0.36,10.0,1.2,55
-0.0953392882952993,8.713331,0.9268454,0.45881665,0.8618851,0.36,10.0,1.2,55
-0.0763285349177503,8.771394,0.92360246,0.4592819,0.90418935,0.36,10.0,1.2,55
-0.1066376679906134,8.569487,0.9023428,0.4574806,0.9815105,0.36,10.0,1.2,55
-0.0470127394725347,8.758188,0.92761385,0.45395705,0.9370111,0.36,10.0,1.2,55
-0.097734389303922,8.3723545,0.92099154,0.47564852,0.8841547,0.36,10.0,1.2,55
-0.0735189865516864,9.053143,0.92318,0.45216343,0.977419,0.36,10.0,1.2,55
-0.0603224451402355,9.007972,0.9172836,0.4654229,0.90131617,0.36,10.0,1.2,55
-0.1036854118415866,8.921333,0.9121468,0.47288206,0.99939823,0.36,10.0,1.2,55
-0.0479665975406087,8.911916,0.93190557,0.45605212,0.8365747,0.36,10.0,1.2,55
-0.0877450493587858,8.363395,0.89350367,0.4756222,0.97348666,0.36,10.0,1.2,55
-0.0548942620197256,8.398364,0.917287,0.46190754,0.88892937,0.36,10.0,1.2,55
-0.0648919499964043,9.010432,0.92487633,0.46462205,0.98698115,0.36,10.0,1.2,55
-0.0698899564974423,8.206297,0.9059731,0.46498826,0.994954,0.36,10.0,1.2,55
-0.099882337051132,8.872207,0.9211795,0.4626057,0.9617299,0.36,10.0,1.2,55
-0.0753719612346284,8.820849,0.9291365,0.4622952,0.82576764,0.36,10.0,1.2,55
-0.1280783676528644,8.4826975,0.9189687,0.47303012,0.9393816,0.36,10.0,1.2,55
-0.089829947909097,8.681319,0.9171282,0.46503887,0.9491184,0.36,10.0,1.2,55
-0.0635289204687163,8.4305725,0.93344605,0.46646965,0.8307477,0.36,10.0,1.2,55
-0.0509333999971558,8.463374,0.9158033,0.46189263,0.9428103,0.36,10.0,1.2,55
-0.0544379821307901,8.575218,0.924839,0.45677143,0.9465946,0.36,10.0,1.2,55
-0.1229020182069031,9.013034,0.9188508,0.46122655,0.991879,0.36,10.0,1.2,55
-0.0597100419363658,9.01639,0.93122303,0.4527016,0.9430094,0.36,10.0,1.2,55
-0.0961883314255775,8.600588,0.9396025,0.4603294,0.723457,0.36,10.0,1.2,55
-0.099820162453253,8.867662,0.9116151,0.46210337,0.9948864,0.36,10.0,1.2,55
-0.0964202722362901,9.0372925,0.9234277,0.47367427,0.91976833,0.36,10.0,1.2,55
-0.1071343457859835,8.561178,0.90717983,0.47618172,0.97263885,0.36,10.0,1.2,55
-0.0681912401487017,8.923249,0.92512107,0.45540875,0.85879004,0.36,10.0,1.2,55
-0.0828274167341372,8.883277,0.9196087,0.45167327,0.8363571,0.36,10.0,1.2,55
-0.0535865467759953,8.818739,0.9183055,0.46418846,0.9507191,0.36,10.0,1.2,55
-0.0743183349728166,8.735979,0.92143035,0.45813733,0.86481225,0.36,10.0,1.2,55
-0.0594950524015746,8.986292,0.91829777,0.43385768,0.9864141,0.36,10.0,1.2,55
-0.0770518665208764,8.662932,0.9196288,0.44272956,0.85551155,0.36,10.0,1.2,55
-0.0608888130798645,9.537488,0.91947913,0.4646335,0.9575567,0.36,10.0,1.2,55
-0.0426211668837959,8.808673,0.91278064,0.46651137,0.9700167,0.36,10.0,1.2,55
-0.0363799950455116,8.602906,0.91300106,0.44542515,0.9251009,0.36,10.0,1.2,55
-0.0878292340585862,8.733711,0.92736846,0.4777532,0.8652711,0.36,10.0,1.2,55
-0.0478264368039599,8.012095,0.9057818,0.45092645,0.9769294,0.36,10.0,1.2,55
-0.0244319917679787,9.016604,0.92633575,0.44736874,0.9500593,0.36,10.0,1.2,55
-0.0894339174279694,9.05212,0.91502,0.46238297,0.9752072,0.36,10.0,1.2,55
-0.0430615496373045,8.107629,0.9127067,0.46236545,0.9431348,0.36,10.0,1.2,55
-0.0357809559973315,8.136455,0.9208713,0.45059264,0.9529139,0.36,10.0,1.2,55
-0.0873834869598018,8.847638,0.9156835,0.4653663,0.93390703,0.36,10.0,1.2,55
-0.0690334455092708,9.189089,0.9304112,0.45906693,0.9271742,0.36,10.0,1.2,55
-0.0508924173760139,8.584801,0.9173295,0.47282088,0.98569286,0.36,10.0,1.2,55
-0.0480879596807528,8.640845,0.92269254,0.45480743,0.98941755,0.36,10.0,1.2,55
-0.0298121819679828,8.402433,0.90902853,0.44725686,0.96597576,0.36,10.0,1.2,55
-0.0590760463652102,8.835411,0.92505014,0.45242777,0.9515786,0.36,10.0,1.2,55
-0.0766368293905329,8.924501,0.9137061,0.46603927,0.9753821,0.36,10.0,1.2,55
-0.0600953309162668,8.71387,0.913652,0.4530659,0.91258824,0.36,10.0,1.2,55
-0.0882451748418593,8.601561,0.9084672,0.4593799,0.93539083,0.36,10.0,1.2,55
-0.0571180443634922,9.027896,0.91777056,0.44234017,0.9722481,0.36,10.0,1.2,55
-0.0448950283189843,9.140593,0.9095638,0.4589057,0.96054995,0.36,10.0,1.2,55
-0.0536123455614373,8.730192,0.92203,0.45743787,0.9373305,0.36,10.0,1.2,55
-0.1243995100835253,8.942839,0.9224983,0.48077032,0.9975771,0.36,10.0,1.2,55
-0.0745829379755357,9.039373,0.9089434,0.45563605,0.99514234,0.36,10.0,1.2,55
-0.096409842599446,8.227516,0.92270684,0.4598041,0.9458498,0.36,10.0,1.2,55
-0.0653078116101584,8.918305,0.918965,0.47174418,0.9263797,0.36,10.0,1.2,55
-0.0682824328471685,8.849695,0.9285005,0.44262326,0.8726697,0.36,10.0,1.2,55
-0.0516254419037674,8.815768,0.91299665,0.45424283,0.90921676,0.36,10.0,1.2,55
-0.0825946336403198,8.628138,0.91102433,0.46248493,0.99688566,0.36,10.0,1.2,55
-0.0474316521690391,8.917719,0.9113937,0.45295873,0.9894997,0.36,10.0,1.2,55
-0.0928652651206203,8.216508,0.92014223,0.47623304,0.95392764,0.36,10.0,1.2,55
-0.0560140407282212,8.982182,0.9193922,0.45694736,0.9545188,0.36,10.0,1.2,55
-0.0384686845633433,8.7230215,0.91820586,0.4598522,0.9451028,0.36,10.0,1.2,55
-0.0254913224310443,8.520804,0.91672385,0.4746774,0.96506774,0.36,10.0,1.2,55
-0.1154959697255854,8.760757,0.9286614,0.46622512,0.9770739,0.36,10.0,1.2,55
-0.0864206381020634,9.077359,0.909889,0.45215052,0.9758129,0.36,10.0,1.2,55
-0.1259268993506019,8.824862,0.91937417,0.459926,0.9427196,0.36,10.0,1.2,55
-0.0572215458403354,8.903093,0.91634214,0.44562477,0.97335434,0.36,10.0,1.2,55
-0.0709274824838032,8.828209,0.91204536,0.46782678,0.95313215,0.36,10.0,1.2,55
-0.0851866869046248,9.110661,0.92191297,0.4533644,0.98856866,0.36,10.0,1.2,55
-0.1188121945157893,8.758006,0.929561,0.4655816,0.971243,0.36,10.0,1.2,55
-0.0567367420785721,8.290892,0.92104465,0.4656532,0.92797196,0.36,10.0,1.2,55
-0.0999397882465841,8.780818,0.91232944,0.4623402,0.90949583,0.36,10.0,1.2,55
-0.0782607996052297,8.976012,0.9141197,0.45350704,0.96938217,0.36,10.0,1.2,55
-0.0642321037399345,8.7812,0.91953886,0.45784032,0.9748149,0.36,10.0,1.2,55
-0.0402582184227184,9.057723,0.90403026,0.45872915,0.9962144,0.36,10.0,1.2,55
-0.033252898679488,8.511325,0.9155451,0.46055448,0.9716588,0.36,10.0,1.2,55
-0.0554598512215397,9.056595,0.9189289,0.45598444,0.8822526,0.36,10.0,1.2,55
-0.1116547070389213,8.801542,0.92044663,0.46448246,0.9190515,0.36,10.0,1.2,55
-0.0926367730746095,8.745109,0.9142456,0.46569827,0.94176173,0.36,10.0,1.2,55
-0.0470433455660916,8.551045,0.91446745,0.44711196,0.93503785,0.36,10.0,1.2,55
-0.0165017096742264,8.585744,0.91873705,0.43741655,0.953176,0.36,10.0,1.2,55
-0.1021996165788907,8.802463,0.9030488,0.4679594,0.9767089,0.36,10.0,1.2,55
-0.0998827208823833,8.45794,0.9212702,0.47045013,0.9984118,0.36,10.0,1.2,55
-0.0721775839542257,8.451424,0.92230326,0.45590624,0.974471,0.36,10.0,1.2,55
-0.0996830382246921,8.960924,0.90345734,0.4678097,0.9786198,0.36,10.0,1.2,55
-0.0462594920364005,8.740311,0.9089428,0.4520851,0.94781315,0.36,10.0,1.2,55
-0.0694089642639694,9.039764,0.91933495,0.46646997,0.96520746,0.36,10.0,1.2,55
-0.0715533503369726,8.763836,0.9063252,0.45250443,0.99806094,0.36,10.0,1.2,55
-0.0615838071440028,8.658987,0.912299,0.45571938,0.96392083,0.36,10.0,1.2,55
-0.0921606135117882,8.241609,0.9036244,0.4688663,0.98858726,0.36,10.0,1.2,55
-0.0931609996632971,8.983071,0.9038221,0.45735973,0.9973066,0.36,10.0,1.2,55
-0.0218950720964043,9.36395,0.923028,0.44374993,0.90793383,0.36,10.0,1.2,55
-0.0720458884618472,9.360927,0.9333678,0.45563298,0.8979106,0.36,10.0,1.2,55
-0.0873954254749597,8.210736,0.9066908,0.4600859,0.9599464,0.36,10.0,1.2,55
-0.0575070762240689,8.376296,0.9130401,0.47349474,0.9135196,0.36,10.0,1.2,55
-0.0580057595860308,8.915397,0.92091286,0.45932594,0.8963822,0.36,10.0,1.2,55
-0.0612317781021381,8.680973,0.9209261,0.45941207,0.83153796,0.36,10.0,1.2,55
-0.086095126520818,8.630078,0.9203911,0.4620275,0.9568696,0.36,10.0,1.2,55
-0.0766889128069569,8.71565,0.9099469,0.45789954,0.9477675,0.36,10.0,1.2,55
-0.0514451892808892,8.884816,0.9145591,0.4611553,0.96512806,0.36,10.0,1.2,55
-0.0583564849124066,8.8945675,0.92595184,0.44354406,0.9139495,0.36,10.0,1.2,55
-0.0346473910440022,8.767843,0.9119258,0.4491737,0.9065622,0.36,10.0,1.2,55
-0.0794687804870452,8.13469,0.91654056,0.44974658,0.9272641,0.36,10.0,1.2,55
-0.0723935558296192,8.165288,0.9119863,0.4638635,0.96776783,0.36,10.0,1.2,55
-0.1048029299161623,9.202696,0.9160665,0.45600682,0.97207284,0.36,10.0,1.2,55
-0.0930722473024308,8.755207,0.92064977,0.45946622,0.89933467,0.36,10.0,1.2,55
-0.0613426496733302,8.866578,0.9181462,0.44745362,0.9628235,0.36,10.0,1.2,55
-0.0531465595039264,8.584375,0.923536,0.4521662,0.8412374,0.36,10.0,1.2,55
-0.0747938042345376,8.69699,0.92099285,0.46122667,0.97590363,0.36,10.0,1.2,55
-0.031768585355834,8.699801,0.91677725,0.4568857,0.87827945,0.36,10.0,1.2,55
-0.06089135893826,8.800106,0.9172866,0.45988148,0.9522805,0.36,10.0,1.2,55
-0.0908254027927202,8.66098,0.93046165,0.44746655,0.8385086,0.36,10.0,1.2,55
-0.0673250338350194,8.781353,0.9164568,0.4507568,0.91498697,0.36,10.0,1.2,55
-0.0950174036784551,8.528359,0.89996177,0.46341583,0.9435724,0.36,10.0,1.2,55
-0.0598525320845523,8.639908,0.90798247,0.45827973,0.9921458,0.36,10.0,1.2,55
-0.0214449338879568,8.801479,0.9181273,0.455164,0.9368892,0.36,10.0,1.2,55
-0.051585169053185,8.968149,0.9203466,0.4530636,0.91848147,0.36,10.0,1.2,55
-0.0812010446293703,8.033849,0.905403,0.46578118,0.9921353,0.36,10.0,1.2,55
-0.1028603638512543,8.890066,0.91408,0.45858774,0.9761722,0.36,10.0,1.2,55
-0.0847305562580866,8.818567,0.9183494,0.46839312,0.93565834,0.36,10.0,1.2,55
-0.0585388751039509,8.646689,0.91846615,0.4656975,0.9224609,0.36,10.0,1.2,55
-0.0637824924138857,8.719533,0.93224573,0.45296958,0.93721616,0.36,10.0,1.2,55
-0.0702195338823605,8.5954075,0.9137246,0.45866457,0.8712008,0.36,10.0,1.2,55
-0.0856980666665806,7.9443374,0.91369337,0.4601858,0.8880632,0.36,10.0,1.2,55
-0.057054087513384,8.647473,0.9163049,0.46048343,0.9604739,0.36,10.0,1.2,55
-0.0582529921243046,8.654356,0.9274292,0.45946085,0.92195284,0.36,10.0,1.2,55
-0.0638360082178845,8.680515,0.9206008,0.46274897,0.9510144,0.36,10.0,1.2,55
-0.0885012875156679,8.866933,0.9211705,0.4730793,0.8977721,0.36,10.0,1.2,55
-0.0364042692055637,8.177644,0.91274273,0.46393162,0.9626584,0.36,10.0,1.2,55
-0.1363021929780503,8.757,0.92542374,0.46675172,0.94856286,0.36,10.0,1.2,55
-0.0551700303779953,8.633063,0.91145074,0.45186368,0.9980273,0.36,10.0,1.2,55
-0.0846902228713691,8.6983185,0.91331327,0.45264632,0.93152964,0.36,10.0,1.2,55
-0.112317296367338,8.686655,0.9036484,0.48021758,0.9960164,0.36,10.0,1.2,55
-0.1074210309397882,9.206595,0.91744626,0.46743414,0.92999244,0.36,10.0,1.2,55
-0.0748193233188478,9.396055,0.91451234,0.46898305,0.9964582,0.36,10.0,1.2,55
-0.0666490577900034,8.550971,0.9097794,0.47144157,0.9581294,0.36,10.0,1.2,55
-0.060602976640145,8.863247,0.9180041,0.4593363,0.9101765,0.36,10.0,1.2,55
-0.0701025664657279,8.867617,0.91844755,0.45644724,0.96770227,0.36,10.0,1.2,55
-0.0316022877838684,8.902875,0.9192389,0.44842806,0.92595637,0.36,10.0,1.2,55
-0.0861989082259616,9.001391,0.9284204,0.46508843,0.97190917,0.36,10.0,1.2,55
-0.0524556130871527,8.977022,0.907395,0.46214437,0.9921727,0.36,10.0,1.2,55
-0.0873731388182208,9.27383,0.91194195,0.46439528,0.99924326,0.36,10.0,1.2,55
-0.0944989648743114,8.834891,0.90672135,0.45796815,0.9617822,0.36,10.0,1.2,55
-0.0294635245965802,8.878234,0.9207047,0.4469928,0.9366636,0.36,10.0,1.2,55
-0.0651794588369032,8.9932165,0.9069134,0.47281867,0.9713361,0.36,10.0,1.2,55
-0.0502169519940157,8.672172,0.9296853,0.45827746,0.9005544,0.36,10.0,1.2,55
-0.0381025618896179,8.975513,0.9233979,0.45520675,0.90709686,0.36,10.0,1.2,55
-0.0919342875790751,9.317043,0.91248643,0.4674435,0.9026694,0.36,10.0,1.2,55
-0.0582594885535094,8.727455,0.92665017,0.47041482,0.9092624,0.36,10.0,1.2,55
-0.0650099871395945,8.902397,0.9205047,0.47322425,0.9967953,0.36,10.0,1.2,55
-0.0578691287980549,8.552843,0.9154001,0.4613158,0.9455253,0.36,10.0,1.2,55
-0.0543711659096073,8.884164,0.92459923,0.4505737,0.86020446,0.36,10.0,1.2,55
-0.0617768269827987,8.574367,0.92270285,0.4607849,0.9451976,0.36,10.0,1.2,55
-0.0959805303683812,8.869501,0.9104896,0.4730183,0.99661446,0.36,10.0,1.2,55
-0.0293579677535987,8.827005,0.9249014,0.45880944,0.9599886,0.36,10.0,1.2,55
-0.1345945025098628,8.525848,0.91208965,0.45982975,0.9891336,0.36,10.0,1.2,55
-0.0496278487079557,8.99165,0.9256357,0.4665662,0.9196222,0.36,10.0,1.2,55
-0.0667077345941113,8.257697,0.8992801,0.45717794,0.9841049,0.36,10.0,1.2,55
-0.0611174193616507,8.648556,0.91088897,0.4645796,0.9506217,0.36,10.0,1.2,55
-0.0748909884610731,8.9478855,0.9071157,0.46542245,0.96646655,0.36,10.0,1.2,55
-0.0391883737400449,8.364137,0.91614866,0.4612997,0.97623324,0.36,10.0,1.2,55
-0.060495214681735,8.783451,0.92163897,0.45580077,0.96642256,0.36,10.0,1.2,55
-0.0651200310727129,8.273581,0.9103226,0.45726812,0.99737394,0.36,10.0,1.2,55
-0.0669695900129401,8.703161,0.9098811,0.45468557,0.9896419,0.36,10.0,1.2,55
-0.0475161326474222,8.763127,0.91932034,0.45471334,0.90052986,0.36,10.0,1.2,55
-0.1031283318728074,8.538208,0.9160781,0.47155422,0.98289955,0.36,10.0,1.2,55
-0.0835648213701882,8.694878,0.9193829,0.46866998,0.88464975,0.36,10.0,1.2,55
-0.071732294132496,8.464523,0.905287,0.45989215,0.97905505,0.36,10.0,1.2,55
-0.0826394538822145,9.012025,0.9238949,0.4650203,0.8484974,0.36,10.0,1.2,55
-0.0389588739968586,8.714248,0.9274279,0.45225498,0.897174,0.36,10.0,1.2,55
-0.0801136867364327,8.618281,0.9170888,0.46922782,0.9768791,0.36,10.0,1.2,55
-0.0834680537833995,8.894402,0.91227704,0.47013286,0.96397007,0.36,10.0,1.2,55
-0.0904428963150722,8.673435,0.9197366,0.45798603,0.9738946,0.36,10.0,1.2,55
-0.0853059665163258,9.555514,0.92242974,0.46472248,0.9743111,0.36,10.0,1.2,55
-0.0700985666452019,8.864474,0.90580153,0.45901334,0.9960152,0.36,10.0,1.2,55
-0.0615872702293243,9.532078,0.9189963,0.45233548,0.94392455,0.36,10.0,1.2,55
-0.1051144261202733,9.003361,0.91484547,0.46686384,0.9832797,0.36,10.0,1.2,55
-0.0718436720336658,9.179274,0.9124956,0.4623123,0.920532,0.36,10.0,1.2,55
-0.0622697908154364,8.472889,0.9159477,0.4550593,0.9545994,0.36,10.0,1.2,55
-0.0769254785600216,8.831151,0.9245832,0.45675716,0.9524046,0.36,10.0,1.2,55
-0.032827124822253,8.683699,0.9254575,0.4541,0.88698375,0.36,10.0,1.2,55
-0.0323950400073388,8.178946,0.9212229,0.4532415,0.8912016,0.36,10.0,1.2,55
-0.0979900454282164,8.491247,0.91509044,0.4703412,0.99478185,0.36,10.0,1.2,55
-0.0893481277906638,8.44723,0.9110123,0.47070533,0.9854388,0.36,10.0,1.2,55
-0.0736365319013953,8.801346,0.92007786,0.4592623,0.92094994,0.36,10.0,1.2,55
-0.0577366282487881,8.809872,0.91592747,0.45967275,0.9457742,0.36,10.0,1.2,55
-0.0549897569271849,8.273908,0.92048043,0.4444281,0.9870218,0.36,10.0,1.2,55
-0.094958759129435,8.200245,0.913466,0.4648981,0.96324706,0.36,10.0,1.2,55
-0.0451677923681975,8.736668,0.92766166,0.4532305,0.9008683,0.36,10.0,1.2,55
-0.0279997473492987,8.986142,0.9168283,0.45444494,0.9470719,0.36,10.0,1.2,55
-0.0847333692049252,8.958045,0.9092163,0.45432568,0.9826853,0.36,10.0,1.2,55
-0.0609757169203021,8.751684,0.9130019,0.46759048,0.97513855,0.36,10.0,1.2,55
0.0676125018692016,10.126015,0.8585104,0.45187438,0.97405374,0.38,10.0,1.2,56
0.1216583074903488,9.819413,0.8598989,0.44962454,0.9457791,0.38,10.0,1.2,56
0.0647682688045501,10.151537,0.8568512,0.45314974,0.98838115,0.38,10.0,1.2,56
0.0608346413660049,9.76559,0.8693443,0.45323688,0.8509002,0.38,10.0,1.2,56
0.1115632225322723,9.639261,0.85071546,0.44049448,0.9929882,0.38,10.0,1.2,56
0.1127973475265503,9.751518,0.8707928,0.4468135,0.8280269,0.38,10.0,1.2,56
0.1130135269165039,9.928894,0.8567687,0.43516237,0.97387886,0.38,10.0,1.2,56
0.1011796162462234,10.203658,0.8604628,0.45494795,0.96673024,0.38,10.0,1.2,56
0.1092233879089355,10.206909,0.8773885,0.43741137,0.8915229,0.38,10.0,1.2,56
0.123395081744194,9.711724,0.8480682,0.4408434,0.9895501,0.38,10.0,1.2,56
0.0968171405172348,9.87959,0.8485916,0.44597754,0.9883045,0.38,10.0,1.2,56
0.1329543079233169,9.843036,0.84398556,0.4352974,0.97388136,0.38,10.0,1.2,56
0.1068183445739746,9.761627,0.8506912,0.43769875,0.96995354,0.38,10.0,1.2,56
0.0155595581340789,9.602411,0.8649467,0.46933696,0.84939384,0.38,10.0,1.2,56
0.0895418962955474,9.574766,0.86662924,0.43969354,0.9300215,0.38,10.0,1.2,56
0.1420654905796051,9.786329,0.86687887,0.43296885,0.93468606,0.38,10.0,1.2,56
0.0954102568006515,10.363389,0.8671577,0.44956005,0.9380374,0.38,10.0,1.2,56
0.0820835472393036,9.564875,0.8504261,0.4469897,0.9934794,0.38,10.0,1.2,56
0.063583980307579,9.2126665,0.84984225,0.44801116,0.99204385,0.38,10.0,1.2,56
0.0743961836147308,10.174273,0.85891414,0.4534371,0.950886,0.38,10.0,1.2,56
0.1245451590299606,10.210519,0.8590139,0.4341787,0.9430369,0.38,10.0,1.2,56
0.0608841827487945,9.58798,0.86069226,0.4537454,0.8297626,0.38,10.0,1.2,56
0.0571659617185592,10.030923,0.851589,0.45264262,0.9797982,0.38,10.0,1.2,56
0.1192246767377853,9.867784,0.86340815,0.45064318,0.9838506,0.38,10.0,1.2,56
0.1291434555149078,10.129591,0.86488396,0.44076088,0.99559546,0.38,10.0,1.2,56
0.091700747923851,10.150235,0.85795295,0.44731662,0.9096719,0.38,10.0,1.2,56
0.1119567251253128,9.357856,0.8371274,0.45292884,0.99334013,0.38,10.0,1.2,56
0.0916989839792251,10.01224,0.8607656,0.43855938,0.95736706,0.38,10.0,1.2,56
0.1320406933784484,9.6489525,0.8742571,0.44363073,0.9221842,0.38,10.0,1.2,56
0.0834659519767761,9.994007,0.876524,0.4634259,0.8604013,0.38,10.0,1.2,56
0.1094611208438873,9.717512,0.85885566,0.43070894,0.9659736,0.38,10.0,1.2,56
0.115031541018486,10.026849,0.8614992,0.44108233,0.9949993,0.38,10.0,1.2,56
0.0971674023199081,9.8736315,0.8709039,0.44160208,0.93132555,0.38,10.0,1.2,56
0.0942454518795013,10.43622,0.871042,0.4571695,0.97781575,0.38,10.0,1.2,56
0.1359504514694214,9.697685,0.8646916,0.43283734,0.8944093,0.38,10.0,1.2,56
0.0663585786437988,9.935776,0.85397947,0.44299224,0.9517026,0.38,10.0,1.2,56
0.145968499712944,9.81994,0.8629547,0.45067924,0.95567966,0.38,10.0,1.2,56
0.122765163116455,9.867981,0.8733492,0.43611196,0.95345604,0.38,10.0,1.2,56
0.1273599848079681,9.744814,0.8768317,0.44107354,0.99923587,0.38,10.0,1.2,56
0.1305393355464935,10.149599,0.8636343,0.43371475,0.9970945,0.38,10.0,1.2,56
0.0941585148191452,9.827081,0.8721714,0.44041726,0.8894719,0.38,10.0,1.2,56
0.0874886349487304,10.0780945,0.86573493,0.44131532,0.9289701,0.38,10.0,1.2,56
0.1430295761156082,9.791472,0.8762156,0.44427937,0.9118068,0.38,10.0,1.2,56
0.0499845126628875,9.656534,0.85693467,0.44781443,0.98798573,0.38,10.0,1.2,56
0.1038070918369293,9.967802,0.8716886,0.45507613,0.93475187,0.38,10.0,1.2,56
0.1093611321020126,9.599965,0.85456365,0.43475848,0.9514438,0.38,10.0,1.2,56
0.094299748263359,9.877053,0.8536731,0.45038205,0.9938412,0.38,10.0,1.2,56
0.1165356255578994,9.90475,0.8623659,0.43714026,0.9418919,0.38,10.0,1.2,56
0.1226293952226638,9.498916,0.857353,0.4353875,0.9879514,0.38,10.0,1.2,56
0.1197323429155349,9.72647,0.8573332,0.44574857,0.9620774,0.38,10.0,1.2,56
0.1381936594820022,9.673453,0.85611373,0.44184792,0.98518205,0.38,10.0,1.2,56
0.1066056199359893,9.577978,0.863505,0.4504838,0.9865289,0.38,10.0,1.2,56
0.1029757399320602,9.722314,0.8593159,0.4388552,0.9295114,0.38,10.0,1.2,56
0.0566011943340301,9.740992,0.8543265,0.44962272,0.99530375,0.38,10.0,1.2,56
0.1280781163930893,10.015759,0.85536593,0.44699585,0.97879183,0.38,10.0,1.2,56
0.0853007614135742,9.784241,0.8593024,0.44461158,0.942237,0.38,10.0,1.2,56
0.1187337165832519,9.837875,0.864776,0.4469008,0.9057603,0.38,10.0,1.2,56
0.0927825221872329,9.608584,0.8478986,0.4590464,0.9212481,0.38,10.0,1.2,56
0.070015664601326,10.706344,0.86551845,0.45698193,0.98180974,0.38,10.0,1.2,56
0.1117767446327209,9.758556,0.8504958,0.4543984,0.88057387,0.38,10.0,1.2,56
0.0852181825637817,10.002708,0.8789055,0.43854326,0.88974786,0.38,10.0,1.2,56
0.1354781230688095,9.81667,0.86028564,0.4343691,0.9680368,0.38,10.0,1.2,56
0.0753907374191284,9.983681,0.8712305,0.4428846,0.9390929,0.38,10.0,1.2,56
0.1072576929330825,9.022784,0.8557386,0.4614053,0.98799944,0.38,10.0,1.2,56
0.1372557876634597,9.927276,0.8527745,0.44257453,0.97141635,0.38,10.0,1.2,56
-0.001246436920166,10.327469,0.859362,0.4605371,0.97593343,0.38,10.0,1.2,56
0.0662738785600662,10.365325,0.8563084,0.45679662,0.988974,0.38,10.0,1.2,56
0.1693853298997879,9.778548,0.85879046,0.44067186,0.9338683,0.38,10.0,1.2,56
0.0786057867288589,9.5840025,0.85714346,0.44223025,0.9486903,0.38,10.0,1.2,56
0.1254810229873657,9.570061,0.8581892,0.44106582,0.90359426,0.38,10.0,1.2,56
0.1104169192790985,9.564524,0.846187,0.43670437,0.97811687,0.38,10.0,1.2,56
0.139568571434021,9.795052,0.8603403,0.44443297,0.9567815,0.38,10.0,1.2,56
0.0940835701084137,9.536177,0.85033774,0.44244695,0.9422345,0.38,10.0,1.2,56
0.08972694606781,10.126228,0.86769515,0.44818285,0.9485004,0.38,10.0,1.2,56
0.0573325696277618,10.136068,0.85783345,0.4648168,0.97622347,0.38,10.0,1.2,56
0.1055050460577011,9.528356,0.8537411,0.44640094,0.9678179,0.38,10.0,1.2,56
0.1151416895961761,10.026384,0.85746324,0.45981345,0.9214362,0.38,10.0,1.2,56
0.1063064671754837,10.415626,0.8730041,0.44504464,0.9699732,0.38,10.0,1.2,56
0.0516415131139755,9.658025,0.85566866,0.45303175,0.9943044,0.38,10.0,1.2,56
0.0274220375108718,10.127318,0.85909265,0.45372188,0.9590728,0.38,10.0,1.2,56
0.0906310309457779,9.435046,0.8523885,0.46062654,0.9717103,0.38,10.0,1.2,56
0.0539322587776184,9.090832,0.8556844,0.45797527,0.9642099,0.38,10.0,1.2,56
0.0803948615169525,9.574343,0.8588315,0.45100287,0.99217033,0.38,10.0,1.2,56
0.0855003119564056,9.542757,0.8570089,0.44210145,0.9507855,0.38,10.0,1.2,56
0.0818532507419586,9.507704,0.86417955,0.44946057,0.9124439,0.38,10.0,1.2,56
0.1049846128797531,9.52797,0.8596262,0.4437482,0.94837713,0.38,10.0,1.2,56
0.1302795645713806,9.04047,0.8540859,0.43947977,0.858616,0.38,10.0,1.2,56
0.0999479465055465,9.918206,0.86903983,0.45179823,0.82421184,0.38,10.0,1.2,56
0.0404943315315246,9.658459,0.8430023,0.44858286,0.9827343,0.38,10.0,1.2,56
0.0980601169395446,9.987095,0.87717515,0.462136,0.84909153,0.38,10.0,1.2,56
0.1225504390525817,9.895924,0.8677993,0.4420513,0.8781966,0.38,10.0,1.2,56
0.032144810256958,9.955383,0.8576158,0.4559369,0.90327513,0.38,10.0,1.2,56
0.0720488154029846,10.4280815,0.86610425,0.46242487,0.96934545,0.38,10.0,1.2,56
0.0710880914068222,9.857045,0.8626769,0.46107733,0.9572725,0.38,10.0,1.2,56
0.1274252249526977,9.480217,0.8472704,0.43975842,0.92162704,0.38,10.0,1.2,56
0.0797201326370239,10.181313,0.86191636,0.44210806,0.9735187,0.38,10.0,1.2,56
0.1461845151996612,10.2044735,0.8748674,0.43657887,0.84335923,0.38,10.0,1.2,56
0.0775679286289215,9.743422,0.8431971,0.4482332,0.9870682,0.38,10.0,1.2,56
0.0684875046777725,9.731715,0.855152,0.45155546,0.99691176,0.38,10.0,1.2,56
0.1492203950643539,10.440717,0.8674279,0.4392627,0.86815107,0.38,10.0,1.2,56
0.0729393580198288,9.817376,0.8655838,0.4330235,0.85433245,0.38,10.0,1.2,56
0.093445607304573,9.433913,0.8617705,0.44917333,0.96378684,0.38,10.0,1.2,56
0.0855245407199859,9.840513,0.8495281,0.44908583,0.96056604,0.38,10.0,1.2,56
0.0430779727220535,9.73825,0.86472833,0.45227534,0.9582629,0.38,10.0,1.2,56
0.088626585278511,9.657966,0.8491549,0.4463519,0.9753878,0.38,10.0,1.2,56
0.0525478594064712,9.521899,0.8615475,0.4531091,0.96139824,0.38,10.0,1.2,56
0.0610101897764206,9.943841,0.86628205,0.4372645,0.9133754,0.38,10.0,1.2,56
0.0533399007797241,10.029869,0.85957867,0.4530931,0.9319378,0.38,10.0,1.2,56
0.1122919298458099,10.052202,0.8626267,0.44822302,0.89610624,0.38,10.0,1.2,56
0.1200553545475006,10.12599,0.8569865,0.44806325,0.9701916,0.38,10.0,1.2,56
0.154395120768547,10.163224,0.8692474,0.4334925,0.98740053,0.38,10.0,1.2,56
0.1364889308691025,9.620671,0.86256135,0.43741006,0.87912536,0.38,10.0,1.2,56
0.116420629620552,10.027289,0.86500293,0.44447666,0.97197175,0.38,10.0,1.2,56
0.0999792070865631,10.099821,0.8581115,0.44353837,0.91683424,0.38,10.0,1.2,56
0.1611156607961654,10.383054,0.87546724,0.42949122,0.90970755,0.38,10.0,1.2,56
0.1363862580776214,9.572954,0.85197544,0.4267581,0.9932158,0.38,10.0,1.2,56
0.11109342856884,10.462754,0.85613805,0.45694867,0.9801985,0.38,10.0,1.2,56
0.1207352611112594,9.7659235,0.85747766,0.43860456,0.9907409,0.38,10.0,1.2,56
0.113478727107048,10.149262,0.86676514,0.44197848,0.99531436,0.38,10.0,1.2,56
0.0954006824254989,9.352193,0.85231656,0.44324636,0.97220194,0.38,10.0,1.2,56
0.0934411890983581,9.908848,0.8695714,0.43965092,0.90473545,0.38,10.0,1.2,56
0.0758576852321624,9.921541,0.8684696,0.44992232,0.90916646,0.38,10.0,1.2,56
0.1056673572587967,9.591582,0.855571,0.4440536,0.95690095,0.38,10.0,1.2,56
0.1225088870573044,9.425805,0.8565595,0.44097888,0.996307,0.38,10.0,1.2,56
0.0713748741483688,9.487115,0.8548841,0.4335926,0.9768642,0.38,10.0,1.2,56
0.0893882843065261,9.835799,0.8518723,0.4393325,0.97289443,0.38,10.0,1.2,56
0.0638681631660461,9.968639,0.8578186,0.46757007,0.9776459,0.38,10.0,1.2,56
0.0963945667791366,9.98113,0.8705819,0.44903657,0.86296356,0.38,10.0,1.2,56
0.1279332140541076,9.718853,0.8667517,0.45018375,0.96802497,0.38,10.0,1.2,56
0.0852147998332977,9.296579,0.845829,0.45618224,0.95516884,0.38,10.0,1.2,56
0.1093197743177414,9.9093485,0.84798735,0.44323602,0.9589,0.38,10.0,1.2,56
0.0639912651109695,9.944442,0.85884786,0.44895798,0.9857521,0.38,10.0,1.2,56
0.0865452352809906,10.086916,0.855996,0.46023715,0.9901489,0.38,10.0,1.2,56
0.0937914342451095,9.721177,0.8659698,0.4475904,0.93361545,0.38,10.0,1.2,56
0.108910923628807,9.703076,0.8648523,0.450179,0.9414569,0.38,10.0,1.2,56
0.0792277567672729,9.756172,0.8753161,0.45787957,0.83494544,0.38,10.0,1.2,56
0.066894943575859,9.906991,0.870807,0.4607676,0.98802483,0.38,10.0,1.2,56
0.0854299493789673,9.434853,0.8555952,0.4521751,0.9992695,0.38,10.0,1.2,56
0.0794736133861541,9.942148,0.8582529,0.45424864,0.9994494,0.38,10.0,1.2,56
0.0758161739635467,9.970072,0.85875833,0.45010126,0.9442451,0.38,10.0,1.2,56
0.0434699411010742,9.583298,0.86307424,0.43977243,0.96996284,0.38,10.0,1.2,56
0.093674605679512,9.603782,0.8681962,0.4466128,0.84297526,0.38,10.0,1.2,56
0.0440358869886398,9.581834,0.8661435,0.4447944,0.88720596,0.38,10.0,1.2,56
0.0923871687746048,9.241172,0.87135494,0.45530838,0.8222606,0.38,10.0,1.2,56
0.11650313975811,9.37449,0.86959326,0.44681045,0.96918106,0.38,10.0,1.2,56
0.0679455279827117,9.504099,0.85934997,0.46040556,0.95104957,0.38,10.0,1.2,56
0.0869046807384491,9.947153,0.85184973,0.4485215,0.9933709,0.38,10.0,1.2,56
0.1179100883769989,10.186213,0.8673167,0.44464678,0.93455637,0.38,10.0,1.2,56
0.1026121851205825,10.011935,0.86408454,0.43003094,0.9744333,0.38,10.0,1.2,56
0.0866738753652572,9.67909,0.8665184,0.44884393,0.90962887,0.38,10.0,1.2,56
0.1099916096687317,9.988461,0.8538346,0.4490867,0.9654509,0.38,10.0,1.2,56
0.1188297609567642,10.187106,0.8624862,0.45566785,0.9770082,0.38,10.0,1.2,56
0.0757606161928177,9.566947,0.8515894,0.4549586,0.97612774,0.38,10.0,1.2,56
0.0758570721912384,10.201376,0.8603497,0.45467633,0.9684272,0.38,10.0,1.2,56
0.0802779474115371,10.041362,0.86539257,0.45990014,0.9829781,0.38,10.0,1.2,56
0.1139526412248611,9.865508,0.86424536,0.44289592,0.8879852,0.38,10.0,1.2,56
0.0763329748010635,10.008403,0.87532103,0.43484998,0.9325433,0.38,10.0,1.2,56
0.0375896212100982,9.723082,0.8532499,0.4567677,0.95748925,0.38,10.0,1.2,56
0.0714568582773208,9.927249,0.8754847,0.46972796,0.8618684,0.38,10.0,1.2,56
0.1274637450265884,9.616244,0.86407804,0.4457667,0.90304756,0.38,10.0,1.2,56
0.0956686724758148,9.865557,0.8666946,0.455799,0.9314765,0.38,10.0,1.2,56
0.1250216338729858,9.596535,0.85464823,0.44125912,0.95996296,0.38,10.0,1.2,56
0.0469574763584137,10.037382,0.86384565,0.45488557,0.9962206,0.38,10.0,1.2,56
0.0992485748624801,9.819528,0.8662509,0.44705868,0.9380009,0.38,10.0,1.2,56
0.090746869354248,9.526337,0.8572742,0.4632448,0.944039,0.38,10.0,1.2,56
0.0635774529266357,9.85936,0.85614187,0.46091563,0.93473804,0.38,10.0,1.2,56
0.0535484180021286,10.063928,0.86508894,0.4538296,0.9923359,0.38,10.0,1.2,56
0.0918198761034011,10.479033,0.85539365,0.44992268,0.9925823,0.38,10.0,1.2,56
0.1177420435476303,9.678128,0.8605854,0.43827513,0.96169066,0.38,10.0,1.2,56
0.0983769070863723,9.771476,0.8585106,0.4429983,0.9976808,0.38,10.0,1.2,56
0.1282344349193573,9.971827,0.861935,0.44396347,0.91592646,0.38,10.0,1.2,56
0.0829651149129867,10.503903,0.8573996,0.43400836,0.94828415,0.38,10.0,1.2,56
0.0961536932229995,10.061374,0.8623899,0.4340551,0.97912586,0.38,10.0,1.2,56
0.1038438449859619,9.8806,0.87108296,0.44357795,0.89693356,0.38,10.0,1.2,56
0.12063317425251,9.972663,0.8581116,0.4487555,0.99025774,0.38,10.0,1.2,56
0.0344705488967895,9.225548,0.87568206,0.4548114,0.84730935,0.38,10.0,1.2,56
0.1224701451873779,9.290329,0.8565545,0.43297982,0.97103393,0.38,10.0,1.2,56
0.0682916608858108,9.940894,0.8488815,0.45977738,0.93937135,0.38,10.0,1.2,56
0.0985616362142562,9.800122,0.85165423,0.4446598,0.9949447,0.38,10.0,1.2,56
0.0942234942054748,9.832607,0.8645661,0.45635986,0.9863229,0.38,10.0,1.2,56
0.0937705933856964,9.408529,0.8517979,0.4540168,0.91238153,0.38,10.0,1.2,56
0.1216091989803314,9.5487385,0.8674894,0.44111764,0.9474907,0.38,10.0,1.2,56
0.136824023566246,10.076085,0.8700007,0.43749624,0.9079375,0.38,10.0,1.2,56
0.1239900573253631,9.37501,0.8572041,0.4478679,0.98054075,0.38,10.0,1.2,56
0.146602236661911,9.50297,0.8656795,0.43894577,0.9790453,0.38,10.0,1.2,56
0.0394198176717758,9.641248,0.8550917,0.4510756,0.9845865,0.38,10.0,1.2,56
0.0989967097520828,10.09851,0.848678,0.4408492,0.8842751,0.38,10.0,1.2,56
0.0487600374269485,9.655402,0.8782544,0.44442463,0.91425526,0.38,10.0,1.2,56
0.0709949738740921,9.757361,0.855944,0.44897607,0.9760488,0.38,10.0,1.2,56
0.11804973031044,10.230299,0.8628677,0.4346287,0.9972824,0.38,10.0,1.2,56
0.0852359295177459,10.307825,0.8506909,0.4449002,0.9952048,0.38,10.0,1.2,56
0.0677865991449356,9.870845,0.867863,0.45763448,0.83375204,0.38,10.0,1.2,56
0.0995912213420868,10.32786,0.854798,0.44338277,0.9761431,0.38,10.0,1.2,56
0.0892055170631408,10.240932,0.86612153,0.44665188,0.94362795,0.38,10.0,1.2,56
0.1109339111804962,10.011206,0.86167765,0.4481849,0.96776164,0.38,10.0,1.2,56
0.0710812830543518,9.589306,0.84835476,0.45196176,0.97729385,0.38,10.0,1.2,56
0.1119265255546569,10.255543,0.8662583,0.44175816,0.98471355,0.38,10.0,1.2,56
0.1194269901084899,9.698933,0.85751,0.44317043,0.9818506,0.38,10.0,1.2,56
0.1672408802127838,10.142866,0.85300195,0.4464513,0.9669223,0.38,10.0,1.2,56
0.1157232706403732,9.755403,0.8613514,0.44058058,0.90427923,0.38,10.0,1.2,56
0.0769181369400024,10.106712,0.8604167,0.45441186,0.9055393,0.38,10.0,1.2,56
0.1062029603815078,9.932109,0.86251026,0.446496,0.99711454,0.38,10.0,1.2,56
0.1108459466934204,10.365715,0.8805108,0.43869117,0.92553127,0.38,10.0,1.2,56
0.0813501933813095,10.025716,0.85959506,0.45651686,0.963634,0.38,10.0,1.2,56
0.1097700079727172,9.7155075,0.86896986,0.43827045,0.80727303,0.38,10.0,1.2,56
0.0925786668348312,9.59102,0.8488522,0.44855878,0.98518884,0.38,10.0,1.2,56
0.1014115838766098,9.581265,0.866598,0.44860458,0.9640974,0.38,10.0,1.2,56
0.0673684090137481,9.673605,0.85739523,0.45135096,0.92366767,0.38,10.0,1.2,56
0.0432017901182174,9.903207,0.86460763,0.44718698,0.9284334,0.38,10.0,1.2,56
0.1057488516569137,9.83355,0.85864484,0.4483908,0.9446335,0.38,10.0,1.2,56
0.0735579498291015,9.286575,0.8615205,0.4599481,0.9013436,0.38,10.0,1.2,56
0.050565480351448,9.966826,0.85476756,0.4472254,0.9878336,0.38,10.0,1.2,56
0.090953308801651,9.560926,0.8538302,0.44603097,0.9668492,0.38,10.0,1.2,56
0.1133862471675872,9.9957905,0.84430754,0.4429506,0.99923205,0.38,10.0,1.2,56
0.1136159331417083,9.685579,0.8637294,0.4616568,0.9523083,0.38,10.0,1.2,56
0.1371354633617401,9.596155,0.8610109,0.427913,0.9818078,0.38,10.0,1.2,56
0.0816224699306488,9.401644,0.8593286,0.4436121,0.92556846,0.38,10.0,1.2,56
0.0662042948722839,10.200138,0.87135935,0.45876125,0.96388936,0.38,10.0,1.2,56
0.0851763279438018,9.617758,0.8503004,0.43607786,0.9684895,0.38,10.0,1.2,56
0.0979521888780594,9.507812,0.84845614,0.4434073,0.9909096,0.38,10.0,1.2,56
0.1350425724029541,9.635773,0.89291805,0.44376245,0.7067951,0.38,10.0,1.2,56
0.0688463500356674,9.368268,0.8568461,0.45028377,0.9629271,0.38,10.0,1.2,56
0.0855290669775009,9.837819,0.8726955,0.44526675,0.9578011,0.38,10.0,1.2,56
0.0955785633659362,9.401356,0.86611915,0.45832062,0.89356875,0.38,10.0,1.2,56
0.0911381972789764,10.089121,0.8634001,0.45326176,0.98758376,0.38,10.0,1.2,56
0.083569540195465,9.704235,0.8582648,0.43765622,0.95383,0.38,10.0,1.2,56
0.0743447355318069,9.239448,0.85497034,0.46532774,0.9569559,0.38,10.0,1.2,56
0.1342405642366409,10.026618,0.85641927,0.4401959,0.87499046,0.38,10.0,1.2,56
0.0256988476371765,9.429127,0.8597873,0.46446073,0.98763764,0.38,10.0,1.2,56
0.1056332778263092,9.882048,0.85273296,0.46313262,0.98712206,0.38,10.0,1.2,56
0.090977200102806,10.242887,0.87172,0.4577024,0.86024904,0.38,10.0,1.2,56
0.0944125005340576,9.892212,0.87785816,0.44069493,0.90629315,0.38,10.0,1.2,56
0.1201425022697448,10.2837715,0.861084,0.45477286,0.93597686,0.38,10.0,1.2,56
0.0788431852340698,9.712486,0.8511585,0.45753372,0.91411674,0.38,10.0,1.2,56
0.0473406977987289,10.0323305,0.85405546,0.4554525,0.985993,0.38,10.0,1.2,56
0.0643773176956176,9.742439,0.8676863,0.44804895,0.9251543,0.38,10.0,1.2,56
0.1005387663888931,9.740756,0.88077545,0.44952896,0.80705214,0.38,10.0,1.2,56
0.0613472992515564,9.8904,0.85017157,0.44657576,0.88714194,0.38,10.0,1.2,56
0.1097755634307861,10.522385,0.880843,0.4425638,0.9400443,0.38,10.0,1.2,56
0.1395876303052902,10.213243,0.8631008,0.44731387,0.96019924,0.38,10.0,1.2,56
0.1086412376737594,9.542657,0.8517584,0.44292396,0.9634929,0.38,10.0,1.2,56
0.0949270377969741,9.695331,0.8708964,0.44951782,0.8848014,0.38,10.0,1.2,56
0.104241279888153,9.073048,0.8559327,0.43689132,0.90100336,0.38,10.0,1.2,56
0.1220656428337097,10.114765,0.86472815,0.44489256,0.92065656,0.38,10.0,1.2,56
0.1074194989013671,9.539993,0.8563491,0.4325376,0.9720241,0.38,10.0,1.2,56
0.142502589802742,9.45967,0.8646836,0.44599187,0.8557377,0.38,10.0,1.2,56
0.0861614769077301,10.231138,0.8672031,0.44409382,0.91636693,0.38,10.0,1.2,56
0.0777575394630432,9.716625,0.85536736,0.45161122,0.9954437,0.38,10.0,1.2,56
0.0521094172048568,10.374997,0.86136675,0.45537016,0.9845058,0.38,10.0,1.2,56
0.1384727552890777,9.826765,0.87093234,0.4480574,0.9501406,0.38,10.0,1.2,56
0.095282515630722,9.6251545,0.8606174,0.44745544,0.9917333,0.38,10.0,1.2,56
0.1468562474012374,9.413514,0.8540707,0.43728724,0.9211955,0.38,10.0,1.2,56
0.0786864750242233,9.73919,0.8487585,0.4589752,0.9937532,0.38,10.0,1.2,56
0.0978017057657242,10.011249,0.8707172,0.44222462,0.9636824,0.38,10.0,1.2,56
0.0950668663835525,10.370666,0.8565564,0.4437981,0.95362437,0.38,10.0,1.2,56
0.1024721254205703,9.775325,0.8605246,0.44853103,0.9863299,0.38,10.0,1.2,56
0.1389554093885421,9.787782,0.8522684,0.4438934,0.99177325,0.38,10.0,1.2,56
0.1219482188558578,10.459195,0.8618152,0.4426779,0.96764386,0.38,10.0,1.2,56
0.0817444634675979,9.876838,0.8582766,0.4454416,0.9531832,0.38,10.0,1.2,56
0.0798655666875839,9.091466,0.83703643,0.4554671,0.9824033,0.38,10.0,1.2,56
0.1297174502134323,9.445519,0.8528513,0.4499792,0.9904597,0.38,10.0,1.2,56
0.1537714301872253,9.549931,0.8774874,0.4285562,0.8223425,0.38,10.0,1.2,56
0.1372167389011383,9.473005,0.87168086,0.44302002,0.8596791,0.38,10.0,1.2,56
0.068067753200531,9.759281,0.84652877,0.45452258,0.98287845,0.38,10.0,1.2,56
0.0860477835464477,9.8014145,0.86425143,0.45234862,0.91130555,0.38,10.0,1.2,56
0.1254984139776229,10.096074,0.85589576,0.43788034,0.94365776,0.38,10.0,1.2,56
0.0533842522478103,9.700728,0.8555502,0.46813664,0.9589331,0.38,10.0,1.2,56
0.0925408661842346,9.696941,0.8712426,0.44339198,0.8274572,0.38,10.0,1.2,56
0.1186817197370529,10.071748,0.86424774,0.43788272,0.95770717,0.38,10.0,1.2,56
0.1260541264152526,9.842335,0.8629943,0.44336557,0.94073105,0.38,10.0,1.2,56
0.1468946435213089,9.701285,0.8764763,0.4422442,0.96944,0.38,10.0,1.2,56
0.1817600620794296,9.60172,0.86555004,0.4389805,0.9722363,0.38,10.0,1.2,56
0.0825144854784011,10.411239,0.8501494,0.44578826,0.95282185,0.38,10.0,1.2,56
0.1076165695238113,9.82344,0.86738354,0.45448145,0.9484278,0.38,10.0,1.2,56
0.0817581398773193,9.799469,0.8455008,0.45084855,0.98915863,0.38,10.0,1.2,56
0.0962747562170028,9.8146105,0.86004907,0.45475358,0.96579254,0.38,10.0,1.2,56
0.0756223819351196,10.357567,0.8477733,0.452608,0.98938143,0.38,10.0,1.2,56
0.1201725058317184,9.592233,0.86117756,0.42607,0.9901041,0.38,10.0,1.2,56
0.1084268936872482,10.566697,0.85542905,0.44460636,0.97554696,0.38,10.0,1.2,56
0.0917333569622039,9.657618,0.85537505,0.4423211,0.8813058,0.38,10.0,1.2,56
0.0999952050542831,10.022756,0.8550566,0.44276765,0.9811022,0.38,10.0,1.2,56
0.0940603054761886,9.70633,0.86296153,0.44601792,0.9935236,0.38,10.0,1.2,56
0.1405130542087554,10.058897,0.85941786,0.43431044,0.99905944,0.38,10.0,1.2,56
0.1447322187900543,9.495573,0.86482394,0.43225732,0.949276,0.38,10.0,1.2,56
0.0936776672935486,9.786259,0.8573937,0.44158986,0.9615482,0.38,10.0,1.2,56
0.1522201972293853,10.145033,0.8608867,0.43496123,0.9890605,0.38,10.0,1.2,56
0.1113759076356887,10.032783,0.8655801,0.45259023,0.968712,0.38,10.0,1.2,56
0.0694093056678772,10.419521,0.87089986,0.44058365,0.9201845,0.38,10.0,1.2,56
0.1449322183704376,9.448553,0.8515803,0.44196972,0.9692067,0.38,10.0,1.2,56
0.1174035850620269,9.924131,0.85708207,0.43245026,0.95445025,0.38,10.0,1.2,56
0.1556575002479553,9.834011,0.8555805,0.4480994,0.9286885,0.38,10.0,1.2,56
0.0845756218910217,9.530621,0.8475513,0.46428588,0.9879898,0.38,10.0,1.2,56
0.1063315962362289,9.627088,0.8525548,0.45017174,0.99564195,0.38,10.0,1.2,56
0.0760676126003265,9.938784,0.8618446,0.4576738,0.98632073,0.38,10.0,1.2,56
0.0933578553295135,10.168787,0.86285365,0.45321462,0.9675126,0.38,10.0,1.2,56
0.0953808048057556,9.892643,0.8494653,0.44047123,0.999398,0.38,10.0,1.2,56
0.0846569396829605,9.645129,0.87160206,0.45807344,0.8758098,0.38,10.0,1.2,56
0.0974448745822906,9.563566,0.86026144,0.43929467,0.9810375,0.38,10.0,1.2,56
0.0757082682132721,10.080366,0.8566258,0.43936336,0.99219334,0.38,10.0,1.2,56
0.0978025954008102,10.239282,0.8586369,0.4445744,0.99417996,0.38,10.0,1.2,56
0.0723124489879608,10.362574,0.8548999,0.45814836,0.97333574,0.38,10.0,1.2,56
0.0769638543653488,9.36313,0.8639215,0.45037234,0.87026954,0.38,10.0,1.2,56
0.0622374062538147,10.044384,0.84896505,0.4535952,0.98919487,0.38,10.0,1.2,56
0.063401856637001,10.178599,0.8619804,0.4503131,0.88820124,0.38,10.0,1.2,56
0.112207808804512,9.919639,0.85821545,0.44540948,0.9372828,0.38,10.0,1.2,56
0.0529430830955505,9.829502,0.8521703,0.4638628,0.97712314,0.38,10.0,1.2,56
0.0411392974901199,10.175155,0.86150753,0.45606226,0.99774396,0.38,10.0,1.2,56
0.0849268967247009,9.842716,0.85094595,0.4437477,0.91161644,0.38,10.0,1.2,56
0.0671402383327484,9.555559,0.8628559,0.44208494,0.9026725,0.38,10.0,1.2,56
0.1364941647863388,9.630528,0.8612392,0.4534385,0.99110425,0.38,10.0,1.2,56
0.0593224113702774,9.03358,0.847836,0.45009845,0.96092165,0.38,10.0,1.2,56
0.0711094292736053,10.188089,0.86730254,0.43413833,0.9629611,0.38,10.0,1.2,56
0.055844887599945,10.215336,0.8577548,0.45043814,0.9819665,0.38,10.0,1.2,56
0.1125500181722641,10.041745,0.8511797,0.4392015,0.9964465,0.38,10.0,1.2,56
0.0859167641973495,10.064794,0.8470315,0.45084727,0.9949149,0.38,10.0,1.2,56
0.0873667653369903,9.595602,0.8581308,0.45154586,0.92647827,0.38,10.0,1.2,56
0.0558798073148727,9.363214,0.8648132,0.46252397,0.84469974,0.38,10.0,1.2,56
0.0391708633232116,9.856632,0.85484695,0.45511633,0.9960878,0.38,10.0,1.2,56
0.082296394329071,9.93224,0.858244,0.44884372,0.9533632,0.38,10.0,1.2,56
0.1476049786186218,10.167957,0.8752456,0.44092092,0.9831171,0.38,10.0,1.2,56
0.112722090678215,10.5100565,0.86472964,0.44384512,0.9127042,0.38,10.0,1.2,56
0.0967667477130889,9.651709,0.86370176,0.43025488,0.9749384,0.38,10.0,1.2,56
0.1466021017408371,10.109712,0.861811,0.43775505,0.94880795,0.38,10.0,1.2,56
0.0749245113420486,9.610808,0.857868,0.4593139,0.8743273,0.38,10.0,1.2,56
0.1284314272737503,9.809791,0.8616712,0.4454583,0.9422338,0.38,10.0,1.2,56
0.1159530880212783,9.621654,0.856011,0.43660256,0.97198606,0.38,10.0,1.2,56
0.0837965177154541,9.985596,0.8574331,0.4456333,0.9063077,0.38,10.0,1.2,56
0.0947969941854477,9.5431185,0.8615864,0.4486884,0.9584724,0.38,10.0,1.2,56
0.1166779974460601,9.954557,0.8682034,0.44040418,0.9435917,0.38,10.0,1.2,56
0.0557123057603836,9.9486685,0.8620627,0.45180538,0.9801338,0.38,10.0,1.2,56
0.1389454906082153,10.15081,0.87051415,0.4404744,0.6711035,0.38,10.0,1.2,56
0.06537139960289,9.183947,0.8533307,0.44821742,0.96179223,0.38,10.0,1.2,56
0.1145643372821808,9.885061,0.85948557,0.43713287,0.898458,0.38,10.0,1.2,56
0.1034730254650116,9.436884,0.8552083,0.45626715,0.94254446,0.38,10.0,1.2,56
0.0738262890625,9.71875,0.86651057,0.4407186,0.9482832,0.38,10.0,1.2,56
0.0825355745887756,9.879147,0.8706311,0.4428653,0.8568946,0.38,10.0,1.2,56
0.0107156383323669,9.786442,0.8632568,0.44938183,0.94677806,0.38,10.0,1.2,56
0.0286412122011184,9.972129,0.86149126,0.46204633,0.9514568,0.38,10.0,1.2,56
0.1339491704511642,9.738954,0.84640366,0.4354044,0.98964596,0.38,10.0,1.2,56
0.0552014531230926,9.9676,0.8709404,0.45218295,0.9258951,0.38,10.0,1.2,56
0.1202321525096893,9.967737,0.84656274,0.46131667,0.97403693,0.38,10.0,1.2,56
0.1232903873491287,9.486144,0.8556932,0.44115192,0.97334456,0.38,10.0,1.2,56
0.094560044722557,10.602277,0.86463225,0.4362257,0.952858,0.38,10.0,1.2,56
0.1110407813835144,9.726475,0.8643789,0.4394095,0.9711634,0.38,10.0,1.2,56
0.0802290306615829,9.557012,0.85668397,0.44943956,0.9412662,0.38,10.0,1.2,56
0.0910371248817444,9.733578,0.8547143,0.454998,0.937428,0.38,10.0,1.2,56
0.0982013321876525,9.397945,0.8591466,0.4466253,0.9887724,0.38,10.0,1.2,56
0.0803017203903198,10.17942,0.86096084,0.45084146,0.9405521,0.38,10.0,1.2,56
0.0330722695922851,9.432159,0.84810996,0.4651366,0.9131559,0.38,10.0,1.2,56
0.1037716938591003,9.212528,0.85077155,0.4556728,0.8796102,0.38,10.0,1.2,56
0.1251604950714111,9.811676,0.8660912,0.45728242,0.9898553,0.38,10.0,1.2,56
0.09522188955307,9.939075,0.86437786,0.45202008,0.85528207,0.38,10.0,1.2,56
0.0855939031410217,9.289043,0.85417706,0.4428363,0.9423715,0.38,10.0,1.2,56
0.1335860643434524,9.841941,0.8551822,0.44031036,0.93171537,0.38,10.0,1.2,56
0.0837596439456939,9.466063,0.8366796,0.4581661,0.98371756,0.38,10.0,1.2,56
0.1127146107912063,10.7262945,0.87690324,0.43208134,0.9064498,0.38,10.0,1.2,56
0.0738216892814636,10.05405,0.8578873,0.43987107,0.9621525,0.38,10.0,1.2,56
0.0953024727630615,9.922531,0.8780107,0.45638454,0.9393225,0.38,10.0,1.2,56
0.0638931087112426,9.985405,0.8655317,0.449635,0.9554473,0.38,10.0,1.2,56
0.0731658327913284,10.105811,0.86033607,0.44433415,0.95332456,0.38,10.0,1.2,56
0.0674671662330627,10.0040245,0.86852103,0.452215,0.97154284,0.38,10.0,1.2,56
0.087381417593956,10.154286,0.85735875,0.43585303,0.9511161,0.38,10.0,1.2,56
0.1148501669216156,10.250185,0.85482824,0.43813807,0.9736339,0.38,10.0,1.2,56
0.1144491578149795,9.979136,0.8699851,0.4356033,0.9923856,0.38,10.0,1.2,56
0.0896642487382888,10.17047,0.86718595,0.44070822,0.89532673,0.38,10.0,1.2,56
0.110166131362915,10.29306,0.87152255,0.44690388,0.96377623,0.38,10.0,1.2,56
0.0987040414428711,9.735123,0.8609756,0.43891183,0.9526837,0.38,10.0,1.2,56
0.1133926816940307,9.415779,0.85265195,0.4460916,0.9308312,0.38,10.0,1.2,56
0.1308372714376449,9.422666,0.8677001,0.44484836,0.99736655,0.38,10.0,1.2,56
0.0840261025476455,10.034678,0.8561685,0.44572678,0.88098586,0.38,10.0,1.2,56
0.0682190233516693,10.001467,0.8756788,0.44460133,0.93698025,0.38,10.0,1.2,56
0.0777190512275695,9.80125,0.8525191,0.44286036,0.98487175,0.38,10.0,1.2,56
0.10766727643013,9.828024,0.8619027,0.43963096,0.9531808,0.38,10.0,1.2,56
0.124896198925972,10.178138,0.85481286,0.43666127,0.99763393,0.38,10.0,1.2,56
0.1160528716611862,9.569924,0.85895395,0.44362822,0.92241216,0.38,10.0,1.2,56
0.1192455366420745,9.697359,0.859653,0.44127187,0.9687706,0.38,10.0,1.2,56
0.0793273534870147,10.198828,0.868245,0.45347556,0.9571376,0.38,10.0,1.2,56
0.1094965284395217,9.5669775,0.8626553,0.4388735,0.9164802,0.38,10.0,1.2,56
0.1025535354375839,10.04456,0.85632133,0.4525285,0.9954231,0.38,10.0,1.2,56
0.0880116590976715,10.221357,0.8599747,0.43761763,0.8954798,0.38,10.0,1.2,56
0.1092215801286697,9.447463,0.86646825,0.4398153,0.92242515,0.38,10.0,1.2,56
0.120168763217926,9.393383,0.853473,0.4460075,0.9674798,0.38,10.0,1.2,56
0.1257555204391479,9.949455,0.8656331,0.4426139,0.9946604,0.38,10.0,1.2,56
0.1060593479442596,10.654276,0.8793331,0.44637793,0.8742391,0.38,10.0,1.2,56
0.0558162600374221,10.146094,0.85907036,0.44331557,0.94191015,0.38,10.0,1.2,56
0.1180200585651397,10.351828,0.86109585,0.444039,0.9982853,0.38,10.0,1.2,56
0.1126937027072906,10.622068,0.86710095,0.4411515,0.9820852,0.38,10.0,1.2,56
0.0642853811788559,9.522946,0.8488437,0.4456379,0.99887645,0.38,10.0,1.2,56
0.1612056766271591,10.02068,0.85380393,0.44198588,0.96120334,0.38,10.0,1.2,56
0.1113042650985717,9.2080765,0.8582066,0.4507176,0.95364237,0.38,10.0,1.2,56
0.0765047833013534,9.641469,0.8638608,0.44719428,0.99408805,0.38,10.0,1.2,56
0.0760602460718155,10.249415,0.8625251,0.4581901,0.9704299,0.38,10.0,1.2,56
0.10153630777359,9.843746,0.8610878,0.44060796,0.88828754,0.38,10.0,1.2,56
0.1291948774909973,9.451824,0.8644033,0.44081828,0.91501117,0.38,10.0,1.2,56
0.1060140648412704,9.368947,0.85050595,0.43524534,0.973384,0.38,10.0,1.2,56
0.0588043923234939,9.687835,0.8579292,0.45971194,0.9543474,0.38,10.0,1.2,56
0.1219524274635315,9.8990135,0.8601937,0.4592142,0.93620765,0.38,10.0,1.2,56
0.0961050086069107,10.248874,0.87033874,0.4499614,0.9538132,0.38,10.0,1.2,56
0.1149938371515274,9.81103,0.87270814,0.44749364,0.8190752,0.38,10.0,1.2,56
0.1184054726123809,9.963522,0.867588,0.4480244,0.97213423,0.38,10.0,1.2,56
-0.0071349723636357,9.306148,0.95384157,0.4681544,0.97718394,0.38,10.0,1.2,57
-0.016026944741644,8.844982,0.94840115,0.46091008,0.9732251,0.38,10.0,1.2,57
-0.0119939226476204,8.955002,0.9477748,0.47379756,0.96486294,0.38,10.0,1.2,57
-0.0108396076714329,9.082956,0.94506645,0.47199953,0.99617314,0.38,10.0,1.2,57
0.0211940197999559,9.156648,0.9610691,0.45160785,0.85984874,0.38,10.0,1.2,57
0.0100962405665612,9.011038,0.95562804,0.47137737,0.98638403,0.38,10.0,1.2,57
0.0482005616552422,8.860395,0.95861906,0.45625058,0.9949633,0.38,10.0,1.2,57
0.0010811898227208,9.176577,0.95938915,0.46901548,0.9297496,0.38,10.0,1.2,57
0.021021947898922,9.122014,0.95157605,0.45649958,0.9975889,0.38,10.0,1.2,57
0.0434578513526056,8.97562,0.9647025,0.45515677,0.9261379,0.38,10.0,1.2,57
0.0131324853739502,9.079724,0.95612025,0.45392483,0.96501577,0.38,10.0,1.2,57
0.0548707195324007,8.937993,0.9600871,0.44766626,0.9420351,0.38,10.0,1.2,57
0.017772249036511,8.553009,0.9514288,0.4576966,0.9929906,0.38,10.0,1.2,57
0.0737709116756647,8.931142,0.9565247,0.44590446,0.99044025,0.38,10.0,1.2,57
0.0159912923460431,8.712118,0.9462941,0.45541435,0.9880538,0.38,10.0,1.2,57
0.0478247061525515,8.88218,0.94727015,0.45091784,0.98835003,0.38,10.0,1.2,57
0.0017204806156378,9.417348,0.95265496,0.46239042,0.9770014,0.38,10.0,1.2,57
-0.0111916188806907,8.814552,0.96266,0.46537578,0.9143878,0.38,10.0,1.2,57
-0.0037759704714007,8.477745,0.95709383,0.4607077,0.97735167,0.38,10.0,1.2,57
-0.0028783169805137,9.191857,0.9491326,0.48055926,0.9718338,0.38,10.0,1.2,57
0.0522446381669672,9.445691,0.94859654,0.4454675,0.98147964,0.38,10.0,1.2,57
0.0453437719789217,9.261559,0.9625304,0.45695466,0.8552438,0.38,10.0,1.2,57
0.050235094467759,8.887044,0.9513128,0.44647825,0.9820312,0.38,10.0,1.2,57
0.0169320708414764,8.8408,0.9309394,0.46585274,0.9613118,0.38,10.0,1.2,57
0.0364379126128997,9.061046,0.94564986,0.46015218,0.9881551,0.38,10.0,1.2,57
0.0206970936283805,9.147909,0.93973047,0.4649769,0.96907663,0.38,10.0,1.2,57
0.0066203229691185,9.331329,0.9483914,0.45368308,0.99774444,0.38,10.0,1.2,57
0.0303759505358348,9.05398,0.95178556,0.45839646,0.9593401,0.38,10.0,1.2,57
0.0011930142633307,8.771529,0.94528455,0.45273477,0.9031668,0.38,10.0,1.2,57
-0.0173472250707757,9.219084,0.95166326,0.47108626,0.99716043,0.38,10.0,1.2,57
0.0288829535033981,8.860732,0.94816613,0.4472954,0.9659771,0.38,10.0,1.2,57
0.0131746743832102,9.095598,0.96512026,0.45065564,0.9914501,0.38,10.0,1.2,57
-0.000811043468546,9.061829,0.9551459,0.45612544,0.97374856,0.38,10.0,1.2,57
0.0268384741590688,8.569735,0.94415456,0.46333438,0.9991261,0.38,10.0,1.2,57
0.0435960740522557,8.595014,0.94880366,0.4486202,0.9846213,0.38,10.0,1.2,57
-0.0072207891887345,9.141622,0.951134,0.45807382,0.95524013,0.38,10.0,1.2,57
0.0489324262253212,8.863018,0.9455424,0.46423438,0.96188176,0.38,10.0,1.2,57
0.0096706763111357,8.430042,0.95140123,0.469442,0.89587843,0.38,10.0,1.2,57
0.040105478714631,9.54942,0.93916905,0.44153655,0.98432004,0.38,10.0,1.2,57
0.033309661032381,9.393909,0.9655447,0.4502621,0.9156281,0.38,10.0,1.2,57
0.0040041634221045,8.9210825,0.945521,0.45715818,0.99009717,0.38,10.0,1.2,57
0.0184032033405485,9.054893,0.94362766,0.47572422,0.9944297,0.38,10.0,1.2,57
0.0540377426529503,8.899189,0.939624,0.4582931,0.9979241,0.38,10.0,1.2,57
-0.0203110918666818,8.946091,0.9570613,0.46203482,0.9393213,0.38,10.0,1.2,57
0.0162493181634558,8.936892,0.93375784,0.47178462,0.98831487,0.38,10.0,1.2,57
0.0239545133511424,8.681254,0.94567573,0.4504808,0.9465035,0.38,10.0,1.2,57
0.0224112247310403,8.870063,0.94618744,0.46156996,0.97601724,0.38,10.0,1.2,57
0.0308794416972978,9.019037,0.9454613,0.45963478,0.96490824,0.38,10.0,1.2,57
0.0309822199949934,9.069448,0.95008963,0.46261084,0.9934895,0.38,10.0,1.2,57
-3.340825714581025e-06,8.750177,0.943503,0.45565656,0.9257046,0.38,10.0,1.2,57
0.044775520825183,8.848606,0.96568334,0.45651868,0.9420322,0.38,10.0,1.2,57
0.0093520661479661,8.473847,0.93752116,0.4704838,0.996089,0.38,10.0,1.2,57
0.0131462036948473,8.817273,0.9415404,0.45434046,0.947368,0.38,10.0,1.2,57
-0.0179688553960548,8.9965725,0.9603264,0.46524036,0.89241195,0.38,10.0,1.2,57
0.0304848835094606,9.157694,0.95389843,0.46603894,0.9480301,0.38,10.0,1.2,57
0.0026563096177774,8.880401,0.94339335,0.45017928,0.98413634,0.38,10.0,1.2,57
0.0188169214423441,9.002269,0.9418927,0.45982268,0.9832127,0.38,10.0,1.2,57
0.0059209848918733,8.788252,0.9368335,0.47661245,0.9863713,0.38,10.0,1.2,57
0.0034523223338272,9.830406,0.95952815,0.46771252,0.9572233,0.38,10.0,1.2,57
0.019895590594487,8.858114,0.9363261,0.4729799,0.9901633,0.38,10.0,1.2,57
-0.0043520698108014,8.986247,0.95066583,0.45621097,0.9990008,0.38,10.0,1.2,57
0.0529098713463643,8.825283,0.9385871,0.44883105,0.9699491,0.38,10.0,1.2,57
-0.0067302228261902,9.003602,0.95425725,0.46744817,0.97500575,0.38,10.0,1.2,57
0.0372439381069819,8.590895,0.9428533,0.47548503,0.91061616,0.38,10.0,1.2,57
0.0501035879418798,9.150729,0.959297,0.45754611,0.97550905,0.38,10.0,1.2,57
-0.0723828416725487,9.459358,0.9535336,0.4762611,0.95512104,0.38,10.0,1.2,57
-0.0129143725410961,9.521399,0.9639356,0.47496688,0.9827137,0.38,10.0,1.2,57
0.0745272802554432,8.765222,0.951519,0.45709515,0.95190644,0.38,10.0,1.2,57
0.0462053628700879,9.003196,0.9565863,0.4691285,0.960456,0.38,10.0,1.2,57
0.0145270086134679,8.581982,0.94117695,0.46321258,0.9483402,0.38,10.0,1.2,57
0.0266691497521932,9.082332,0.94058836,0.46277976,0.9922955,0.38,10.0,1.2,57
-0.0040962376257868,9.109037,0.9538655,0.46419692,0.97943366,0.38,10.0,1.2,57
0.0488828833794438,8.816281,0.9498105,0.46951205,0.93715715,0.38,10.0,1.2,57
-0.0099152055930422,9.113998,0.9425654,0.4681056,0.9858637,0.38,10.0,1.2,57
0.0395590960722776,8.820988,0.9524739,0.44325298,0.99353075,0.38,10.0,1.2,57
0.0349691985497548,8.684679,0.9500234,0.46946943,0.9101834,0.38,10.0,1.2,57
0.0213864560430504,9.389158,0.94786114,0.4802108,0.9693278,0.38,10.0,1.2,57
0.0294013396584516,9.555469,0.9477477,0.45366704,0.9803053,0.38,10.0,1.2,57
-0.0225333285343664,9.036987,0.96279776,0.46685317,0.94280195,0.38,10.0,1.2,57
-0.0533636784684855,9.246512,0.95010036,0.4724398,0.96030164,0.38,10.0,1.2,57
0.0087846467634649,8.505652,0.9555491,0.47728732,0.9468279,0.38,10.0,1.2,57
-0.0003311685305209,9.155429,0.9418476,0.46937883,0.9700688,0.38,10.0,1.2,57
0.0085942514741426,8.835488,0.9489633,0.46152142,0.98603714,0.38,10.0,1.2,57
0.0013764303328696,8.960247,0.95438194,0.45924914,0.9551456,0.38,10.0,1.2,57
-0.006287529749099,8.451903,0.9559939,0.46841526,0.9753816,0.38,10.0,1.2,57
0.0328764721531837,8.709684,0.94510025,0.459179,0.9657067,0.38,10.0,1.2,57
0.0619395443816512,8.345864,0.93641984,0.45382842,0.9604471,0.38,10.0,1.2,57
0.008659287334742,9.192663,0.95598483,0.46928313,0.9960104,0.38,10.0,1.2,57
-0.0068119608335155,8.644105,0.9392905,0.48358706,0.94939137,0.38,10.0,1.2,57
-0.0057313684158821,9.221312,0.93546766,0.47240975,0.99553514,0.38,10.0,1.2,57
0.0259079521515396,8.989139,0.96634907,0.4627638,0.9505503,0.38,10.0,1.2,57
-0.047329101223437,9.189402,0.9432349,0.47476628,0.9699451,0.38,10.0,1.2,57
-0.0124685979211813,9.43625,0.9505445,0.47928217,0.9963412,0.38,10.0,1.2,57
-0.0249724243662628,8.941579,0.9436069,0.47010496,0.9694307,0.38,10.0,1.2,57
0.0430527469069586,8.572431,0.94859225,0.45737258,0.9692372,0.38,10.0,1.2,57
0.0068170622891047,9.436666,0.9476794,0.45426166,0.99130356,0.38,10.0,1.2,57
0.0504049591834269,9.0195875,0.956733,0.45928085,0.97049224,0.38,10.0,1.2,57
0.0044897556543708,8.813906,0.95993817,0.45735258,0.820922,0.38,10.0,1.2,57
0.0031405743086523,9.02781,0.9456228,0.47049224,0.9998665,0.38,10.0,1.2,57
0.0031613054977516,8.900095,0.9434866,0.46642154,0.9542215,0.38,10.0,1.2,57
-0.00410777239544,8.959933,0.93722975,0.4475697,0.9873878,0.38,10.0,1.2,57
0.0025557984813906,8.685203,0.9431856,0.4659418,0.98593473,0.38,10.0,1.2,57
-0.0147062392991724,9.072683,0.94519585,0.46712017,0.9374219,0.38,10.0,1.2,57
-0.0140930885951042,9.281894,0.95297146,0.45990136,0.99399614,0.38,10.0,1.2,57
0.0213362876785117,8.632796,0.94959736,0.45866197,0.97732556,0.38,10.0,1.2,57
-0.013968689655386,8.660078,0.95008636,0.46940792,0.9895296,0.38,10.0,1.2,57
0.0505744676203147,9.142861,0.95381796,0.46882394,0.9793711,0.38,10.0,1.2,57
0.0287048336214343,9.0708885,0.94263464,0.46036804,0.97138524,0.38,10.0,1.2,57
-0.0066667671518798,8.747471,0.94654095,0.4748509,0.93074894,0.38,10.0,1.2,57
0.0362754653296473,9.104441,0.9578372,0.46443757,0.97737706,0.38,10.0,1.2,57
-0.081302885323927,8.632379,0.942195,0.46939233,0.9837122,0.38,10.0,1.2,57
0.0310345587971572,9.192479,0.9546077,0.45544165,0.93232536,0.38,10.0,1.2,57
0.0070513913150304,8.984223,0.945815,0.46803156,0.9930614,0.38,10.0,1.2,57
-0.0145344244508547,8.470441,0.9496075,0.4738602,0.976766,0.38,10.0,1.2,57
0.0693298200636908,9.056349,0.9494875,0.43997586,0.96291256,0.38,10.0,1.2,57
-0.0336192693648245,9.298225,0.94157696,0.47602043,0.9980519,0.38,10.0,1.2,57
0.027539216448918,9.642642,0.95874417,0.46988043,0.91511154,0.38,10.0,1.2,57
0.0220879418407014,8.962274,0.9392268,0.47508597,0.9719664,0.38,10.0,1.2,57
0.0313672151073671,9.349869,0.9611903,0.45753556,0.96643984,0.38,10.0,1.2,57
-0.0008092413822531,9.531277,0.9368713,0.46438953,0.9796611,0.38,10.0,1.2,57
0.0223830845335691,8.926091,0.95879424,0.45927536,0.930336,0.38,10.0,1.2,57
-0.0042818743668022,9.011119,0.9368855,0.4647175,0.9812286,0.38,10.0,1.2,57
-0.0124283587532635,9.193142,0.9472431,0.4672388,0.98554075,0.38,10.0,1.2,57
0.0529990750190074,8.871722,0.93908036,0.44558275,0.98800933,0.38,10.0,1.2,57
0.031793873824653,8.9324045,0.9471224,0.46570247,0.95571196,0.38,10.0,1.2,57
0.0005962507451362,8.846779,0.9555107,0.45678532,0.9001379,0.38,10.0,1.2,57
-0.0213885332383569,9.07197,0.95470965,0.47776932,0.97498095,0.38,10.0,1.2,57
0.0120161735551859,8.999492,0.93583214,0.46327597,0.9667406,0.38,10.0,1.2,57
0.045945901526889,8.924954,0.95370364,0.464471,0.98731863,0.38,10.0,1.2,57
-0.0285664511849179,8.976908,0.96156275,0.4633107,0.94672155,0.38,10.0,1.2,57
0.0298687432441463,8.950983,0.9580761,0.46238485,0.96509767,0.38,10.0,1.2,57
-0.017875736386524,9.248892,0.9523858,0.46323463,0.9619868,0.38,10.0,1.2,57
-0.0023758437911689,8.923798,0.9526229,0.4759155,0.9827386,0.38,10.0,1.2,57
0.0383482365472112,8.93692,0.9556123,0.45341066,0.968889,0.38,10.0,1.2,57
0.0262240809276812,9.105574,0.9483472,0.4540811,0.98703146,0.38,10.0,1.2,57
0.0218026527238596,9.157414,0.96237874,0.45003104,0.9591173,0.38,10.0,1.2,57
-0.0173309831184689,8.912811,0.9604719,0.47467607,0.9841167,0.38,10.0,1.2,57
0.0014118671417236,9.246287,0.94298196,0.46541917,0.9838393,0.38,10.0,1.2,57
0.013790681372897,9.137894,0.9491534,0.46918508,0.9756744,0.38,10.0,1.2,57
-0.0090864455156703,8.941331,0.94436276,0.46936694,0.96222746,0.38,10.0,1.2,57
0.0165585800212923,8.8694315,0.94638544,0.4686179,0.9917773,0.38,10.0,1.2,57
0.01157289398988,8.709731,0.93779624,0.4624708,0.98994124,0.38,10.0,1.2,57
0.049194302198346,8.861008,0.9490924,0.4569494,0.9441278,0.38,10.0,1.2,57
-0.0095656612388599,8.879283,0.9369015,0.4715448,0.9932629,0.38,10.0,1.2,57
0.0324965340122916,8.593703,0.9528025,0.46085873,0.994488,0.38,10.0,1.2,57
-0.0082906409795127,8.579803,0.9482862,0.476176,0.9617214,0.38,10.0,1.2,57
-0.0166642958889857,9.031001,0.93808746,0.45380488,0.9800725,0.38,10.0,1.2,57
0.0202852334818603,8.994022,0.9448842,0.45436227,0.9813849,0.38,10.0,1.2,57
0.0039779358884365,8.922725,0.9388294,0.48048112,0.9953991,0.38,10.0,1.2,57
0.0303417017893249,9.06538,0.9561689,0.4602351,0.9604056,0.38,10.0,1.2,57
-0.0205742886523694,8.9343195,0.947446,0.45859554,0.966995,0.38,10.0,1.2,57
-0.0080097264436464,8.814975,0.953256,0.45524362,0.9733918,0.38,10.0,1.2,57
0.0097575595752561,8.875899,0.9492214,0.4665563,0.98454654,0.38,10.0,1.2,57
0.0130144547246131,9.088142,0.94546384,0.47145125,0.98504937,0.38,10.0,1.2,57
0.0622134637617742,8.729847,0.9406353,0.45697618,0.99599445,0.38,10.0,1.2,57
0.0179193941783952,8.9804125,0.94491535,0.45253295,0.98422015,0.38,10.0,1.2,57
-0.0064302922059251,8.76732,0.9570667,0.46775472,0.973156,0.38,10.0,1.2,57
0.0126166352857991,8.9757185,0.9527943,0.46519738,0.9801611,0.38,10.0,1.2,57
-0.0064968457410618,9.26801,0.9491594,0.48265147,0.96963906,0.38,10.0,1.2,57
0.0236859147239459,8.973056,0.95318,0.45375574,0.9744619,0.38,10.0,1.2,57
0.0213186262223382,9.134782,0.94496286,0.4669654,0.9931133,0.38,10.0,1.2,57
0.017298960110278,8.713024,0.9468595,0.45508823,0.9447304,0.38,10.0,1.2,57
0.0479590245229217,8.824692,0.9357965,0.4509431,0.97910345,0.38,10.0,1.2,57
0.0076171714780804,9.197106,0.94740975,0.4616363,0.9887471,0.38,10.0,1.2,57
0.0311329086697215,8.977163,0.956853,0.44260058,0.9517852,0.38,10.0,1.2,57
-0.0160258703752344,8.897827,0.9464099,0.47813714,0.99655485,0.38,10.0,1.2,57
-0.0233910894943107,9.100929,0.95891434,0.47131762,0.9113865,0.38,10.0,1.2,57
0.0172925199433213,9.415715,0.95446134,0.4668273,0.9612994,0.38,10.0,1.2,57
0.0219710818707614,9.239679,0.9483314,0.46018162,0.9631368,0.38,10.0,1.2,57
0.0267914025617589,8.856463,0.9383502,0.4651872,0.9659723,0.38,10.0,1.2,57
0.0117977738034205,8.950993,0.955321,0.4533551,0.9339565,0.38,10.0,1.2,57
-0.009766086961367,8.81475,0.9657284,0.46279022,0.8584101,0.38,10.0,1.2,57
0.0326307104012341,9.014088,0.9453696,0.45080665,0.9736438,0.38,10.0,1.2,57
-0.0109559576333494,9.186459,0.95370734,0.46941867,0.9769201,0.38,10.0,1.2,57
0.0107093474455457,9.335392,0.95165986,0.45890415,0.9369011,0.38,10.0,1.2,57
0.0102484658364958,9.47023,0.95617414,0.45996797,0.99380183,0.38,10.0,1.2,57
0.0118087917646886,8.99216,0.9494637,0.4604663,0.9288875,0.38,10.0,1.2,57
0.0017728267100434,9.112072,0.9424994,0.4707383,0.97236216,0.38,10.0,1.2,57
0.0102365189095288,9.378023,0.94677067,0.45984614,0.9780772,0.38,10.0,1.2,57
0.0132035184992989,9.017272,0.94615364,0.4510838,0.9320997,0.38,10.0,1.2,57
0.0111283244045603,8.562698,0.94357383,0.47179258,0.9728366,0.38,10.0,1.2,57
0.0237422783946656,8.686808,0.9442513,0.45455223,0.9848422,0.38,10.0,1.2,57
0.0446283754110933,9.110964,0.94739974,0.45305267,0.98952186,0.38,10.0,1.2,57
0.0261172683058706,9.255115,0.9461963,0.46888644,0.9509684,0.38,10.0,1.2,57
-0.0097631937656392,9.313095,0.94903064,0.46957704,0.95947075,0.38,10.0,1.2,57
0.0449696568482866,9.135014,0.9413863,0.46398535,0.9966723,0.38,10.0,1.2,57
0.0048315714739177,8.791011,0.9277023,0.4570646,0.9590372,0.38,10.0,1.2,57
-0.0066331461828591,8.623172,0.949954,0.45873886,0.97388303,0.38,10.0,1.2,57
-0.0095303762776886,8.828182,0.95142806,0.46660927,0.98381233,0.38,10.0,1.2,57
0.0191758195459693,8.613071,0.94540715,0.4635675,0.9912629,0.38,10.0,1.2,57
0.0017842859880412,9.391994,0.9622116,0.4590013,0.891605,0.38,10.0,1.2,57
0.0229412452304249,9.180222,0.94260424,0.46033445,0.99133754,0.38,10.0,1.2,57
0.0223262305204785,8.699828,0.95542586,0.4612037,0.96224606,0.38,10.0,1.2,57
0.0177522189484635,9.172447,0.94959223,0.46034515,0.984069,0.38,10.0,1.2,57
0.0180073327831942,8.980013,0.9548304,0.45888245,0.99264216,0.38,10.0,1.2,57
0.0224139860885765,8.967094,0.9557167,0.46513307,0.9864155,0.38,10.0,1.2,57
0.0229474238604381,8.906799,0.9574148,0.4692287,0.9373019,0.38,10.0,1.2,57
0.0413771108561416,8.82555,0.95038784,0.45809513,0.9361026,0.38,10.0,1.2,57
0.0683899735234413,9.156704,0.9563891,0.46534738,0.9103681,0.38,10.0,1.2,57
0.0373983978305868,8.777454,0.9474814,0.4553143,0.9501202,0.38,10.0,1.2,57
0.0092341520407824,9.3280325,0.94580185,0.4660397,0.96439755,0.38,10.0,1.2,57
0.0372687667384407,9.1047,0.9677911,0.45451438,0.9224789,0.38,10.0,1.2,57
0.0535993411628138,8.829124,0.9389112,0.44190797,0.9882628,0.38,10.0,1.2,57
0.0169724176069707,8.934162,0.9519076,0.47786397,0.9704623,0.38,10.0,1.2,57
0.0646403130687471,8.982688,0.9359917,0.45142844,0.9813292,0.38,10.0,1.2,57
0.0190405411068415,9.141827,0.9415983,0.45239666,0.98332286,0.38,10.0,1.2,57
0.0106319316315782,8.737004,0.9430418,0.46349874,0.99222386,0.38,10.0,1.2,57
0.0228710012669914,9.205165,0.9558528,0.4587578,0.9775351,0.38,10.0,1.2,57
0.0033639911179788,8.982587,0.95332354,0.44656566,0.9429399,0.38,10.0,1.2,57
0.0214694753980182,8.930603,0.9529825,0.46334407,0.9758408,0.38,10.0,1.2,57
-0.0025031395082659,8.723424,0.9445543,0.4739737,0.97838676,0.38,10.0,1.2,57
-0.0180906249978987,9.2026005,0.9610785,0.4594511,0.96899545,0.38,10.0,1.2,57
0.0304590243796557,9.148832,0.9442457,0.4554013,0.9886297,0.38,10.0,1.2,57
0.0363082919027665,9.184568,0.96589065,0.45616734,0.84763956,0.38,10.0,1.2,57
0.0284477470132429,8.778737,0.9371259,0.47797891,0.97008014,0.38,10.0,1.2,57
-0.0674513895379106,8.82877,0.9633057,0.47106674,0.97370493,0.38,10.0,1.2,57
0.0158587237746344,8.905716,0.9477143,0.47395074,0.95518756,0.38,10.0,1.2,57
0.0118747068824443,9.305917,0.9591894,0.46854857,0.9868382,0.38,10.0,1.2,57
0.0077559464922175,8.747044,0.954443,0.45205432,0.92141724,0.38,10.0,1.2,57
-0.0055954459576709,8.739026,0.94931144,0.46726257,0.9957098,0.38,10.0,1.2,57
-0.024363255135465,9.333693,0.9541364,0.45996305,0.97930217,0.38,10.0,1.2,57
0.0442045168191358,9.507649,0.95004153,0.45938528,0.9834795,0.38,10.0,1.2,57
0.0002689068115647,9.072251,0.93710476,0.46121928,0.9735626,0.38,10.0,1.2,57
0.0183128357411147,8.543406,0.9440132,0.4751988,0.98296654,0.38,10.0,1.2,57
0.0091536673630364,9.044793,0.9583432,0.4716591,0.9720682,0.38,10.0,1.2,57
-7.11210620480858e-05,8.899875,0.9443544,0.4536455,0.97293437,0.38,10.0,1.2,57
-0.0488596669590109,9.107767,0.9554128,0.47147378,0.9015709,0.38,10.0,1.2,57
-0.0031806280091218,9.183168,0.9615025,0.46698225,0.9937947,0.38,10.0,1.2,57
-0.0138837013521609,8.548404,0.9506502,0.48992333,0.9705565,0.38,10.0,1.2,57
0.0154982385840723,9.019752,0.9538042,0.47544646,0.960747,0.38,10.0,1.2,57
0.0019390596362072,9.053088,0.94996697,0.4654632,0.9957483,0.38,10.0,1.2,57
0.0259245284724725,8.914059,0.9481666,0.45555782,0.9992683,0.38,10.0,1.2,57
0.0088165256937683,9.081807,0.94580525,0.46595454,0.9656724,0.38,10.0,1.2,57
0.017547390932552,9.23457,0.9519126,0.47535816,0.9730592,0.38,10.0,1.2,57
-0.0115758409294774,9.234959,0.9517524,0.44906676,0.9770299,0.38,10.0,1.2,57
-0.0175977574531352,8.977521,0.9365596,0.4675307,0.994401,0.38,10.0,1.2,57
0.0119384108224867,9.0261135,0.95704114,0.46063912,0.90865076,0.38,10.0,1.2,57
-0.0090970033923565,9.028502,0.9407692,0.46251595,0.9911102,0.38,10.0,1.2,57
0.0239277992238984,9.571729,0.94989866,0.45703694,0.99589,0.38,10.0,1.2,57
0.0502062631453283,9.208558,0.9519892,0.46373248,0.9703735,0.38,10.0,1.2,57
0.0377910226001462,8.901014,0.9509983,0.4538561,0.882494,0.38,10.0,1.2,57
0.0128988196602689,8.868826,0.9421065,0.4651642,0.9943665,0.38,10.0,1.2,57
0.0448089488196146,8.198097,0.94685644,0.45292217,0.9228976,0.38,10.0,1.2,57
0.0194305978420679,9.264755,0.9553902,0.46141917,0.9623232,0.38,10.0,1.2,57
-0.0001867673727769,8.952074,0.95112526,0.46103814,0.93383837,0.38,10.0,1.2,57
0.0583686094231526,8.682268,0.93768555,0.46185422,0.9802761,0.38,10.0,1.2,57
-0.0021402395780407,9.137902,0.95245194,0.46212828,0.99796355,0.38,10.0,1.2,57
0.0005400938694036,9.059839,0.9362867,0.4631924,0.9812747,0.38,10.0,1.2,57
0.0106085595096059,9.315262,0.9526409,0.4677019,0.96853876,0.38,10.0,1.2,57
0.0526212997178644,8.891664,0.95046407,0.46462765,0.98987293,0.38,10.0,1.2,57
0.0134086754540532,8.826995,0.96263546,0.46254483,0.96086156,0.38,10.0,1.2,57
0.0561015794416875,8.762758,0.94884944,0.45453504,0.9162648,0.38,10.0,1.2,57
0.0310539750570527,9.308196,0.9621337,0.45657638,0.9877523,0.38,10.0,1.2,57
0.0142108142835591,8.961731,0.9418787,0.45813325,0.9985384,0.38,10.0,1.2,57
0.0115605397623183,8.5363035,0.9379532,0.459428,0.964355,0.38,10.0,1.2,57
0.0262247526305403,8.769017,0.948703,0.45572162,0.9924661,0.38,10.0,1.2,57
-0.0218801673722971,8.6838255,0.9507116,0.47248897,0.9992198,0.38,10.0,1.2,57
0.0461006421713334,9.2184925,0.94864225,0.4555022,0.9742918,0.38,10.0,1.2,57
0.0024236376308236,9.128032,0.94860566,0.45924616,0.97000074,0.38,10.0,1.2,57
0.0064314885442711,8.345499,0.95942694,0.46841812,0.95566475,0.38,10.0,1.2,57
0.0372091255369458,8.528781,0.94801146,0.462969,0.97864616,0.38,10.0,1.2,57
-0.0068252619875629,8.945771,0.9419022,0.4664118,0.99867,0.38,10.0,1.2,57
0.0536405619419271,8.674255,0.9391718,0.45863026,0.99492216,0.38,10.0,1.2,57
-0.0064540472637132,8.971972,0.9584512,0.46805876,0.938746,0.38,10.0,1.2,57
0.0020573620994388,8.941022,0.9493399,0.4697882,0.99751234,0.38,10.0,1.2,57
-0.0028997959037631,8.876501,0.9682256,0.4555195,0.9870914,0.38,10.0,1.2,57
-0.0001423199175594,8.950882,0.9483644,0.47432187,0.9994956,0.38,10.0,1.2,57
0.0054192798759678,8.356137,0.9356643,0.46377823,0.9979017,0.38,10.0,1.2,57
0.0338144711631503,9.094601,0.9413563,0.45299572,0.9657278,0.38,10.0,1.2,57
0.037282200805175,8.982499,0.94774777,0.45627892,0.968475,0.38,10.0,1.2,57
0.0608593770487044,8.874083,0.9504074,0.45781815,0.9990461,0.38,10.0,1.2,57
0.0453456812234419,8.584658,0.93427885,0.4422654,0.99116623,0.38,10.0,1.2,57
0.0114263298013655,9.43662,0.94267535,0.47351608,0.97579587,0.38,10.0,1.2,57
0.0215471272953283,9.008746,0.94799125,0.46905446,0.9850279,0.38,10.0,1.2,57
0.0087521756190804,9.107796,0.9598915,0.46513987,0.9494772,0.38,10.0,1.2,57
0.0047347201880778,8.899248,0.95137167,0.4710775,0.94945705,0.38,10.0,1.2,57
-0.0250621349285051,9.266127,0.9580183,0.46736538,0.9790553,0.38,10.0,1.2,57
-0.0442672452379837,8.775011,0.9602719,0.47190773,0.9840218,0.38,10.0,1.2,57
0.0287286421365599,8.362325,0.9341773,0.46359485,0.9877081,0.38,10.0,1.2,57
0.0208368264476716,8.923114,0.93829316,0.4554204,0.9456514,0.38,10.0,1.2,57
0.015822319953395,9.041827,0.9581642,0.45698646,0.9350337,0.38,10.0,1.2,57
0.0119236283118449,8.895796,0.9510781,0.46031994,0.9688543,0.38,10.0,1.2,57
0.052570748087998,9.363478,0.971037,0.44805762,0.8707522,0.38,10.0,1.2,57
0.0375414504918923,8.610059,0.93998194,0.45360604,0.9915687,0.38,10.0,1.2,57
0.0469688444037287,9.233439,0.93427247,0.46936247,0.9981214,0.38,10.0,1.2,57
0.0409579015339262,9.261947,0.95475096,0.45663166,0.9651704,0.38,10.0,1.2,57
0.0127485963136599,9.1990385,0.9391134,0.46052304,0.99635816,0.38,10.0,1.2,57
0.0331837136780075,8.714564,0.9565485,0.45998684,0.94553566,0.38,10.0,1.2,57
0.0450109503014898,8.744389,0.9479624,0.45144528,0.98642945,0.38,10.0,1.2,57
0.0390649968024546,9.088834,0.9513943,0.44841662,0.9498129,0.38,10.0,1.2,57
-0.0319769492934928,9.2681675,0.9535674,0.46631643,0.9935862,0.38,10.0,1.2,57
-0.0244509443284036,8.734148,0.9542962,0.46846578,0.9398916,0.38,10.0,1.2,57
0.0166799993233258,9.152966,0.94834334,0.45841956,0.9949336,0.38,10.0,1.2,57
0.0257080830223988,8.985945,0.9578009,0.45385176,0.93630815,0.38,10.0,1.2,57
0.0216363098553317,9.3210945,0.9559888,0.4707309,0.98845935,0.38,10.0,1.2,57
-0.0071644186316935,9.102325,0.94929063,0.4637077,0.9705211,0.38,10.0,1.2,57
0.0465615408003897,8.984321,0.9570119,0.45519385,0.975966,0.38,10.0,1.2,57
-0.0022092795097415,9.131374,0.9506036,0.46276927,0.95463216,0.38,10.0,1.2,57
0.0002956966644653,9.302352,0.95636094,0.45246783,0.9457667,0.38,10.0,1.2,57
0.0078275075481722,9.449587,0.9622152,0.45711324,0.99046147,0.38,10.0,1.2,57
0.0004873844140997,9.296811,0.94711685,0.4697542,0.99168766,0.38,10.0,1.2,57
-0.0017086070599887,8.529725,0.9491049,0.45817438,0.9582362,0.38,10.0,1.2,57
0.0464400092303066,9.085479,0.95650345,0.46233845,0.99033713,0.38,10.0,1.2,57
0.0263536357831883,9.005192,0.94483405,0.46703652,0.9803659,0.38,10.0,1.2,57
-0.0250605126411006,8.847823,0.9608449,0.4586095,0.9639572,0.38,10.0,1.2,57
0.0646928939571008,9.109001,0.9431194,0.44932425,0.9515972,0.38,10.0,1.2,57
0.0443981724091034,9.150678,0.94285953,0.45848843,0.96471477,0.38,10.0,1.2,57
0.0251096818825574,9.008374,0.9507419,0.470487,0.9472439,0.38,10.0,1.2,57
0.0076586818074248,8.77071,0.9357902,0.4625563,0.97838235,0.38,10.0,1.2,57
0.0322658556678859,9.150926,0.96022487,0.45803213,0.92042947,0.38,10.0,1.2,57
-0.0160199318686663,8.403789,0.9513383,0.4655134,0.90889597,0.38,10.0,1.2,57
0.028539437340329,9.370566,0.9413817,0.46069977,0.9853476,0.38,10.0,1.2,57
0.0033558932769041,8.928473,0.9389582,0.45217228,0.97866046,0.38,10.0,1.2,57
0.0297193949952027,9.182847,0.9555464,0.45884305,0.96855605,0.38,10.0,1.2,57
0.0213659241370218,8.940134,0.94057286,0.46416524,0.9976524,0.38,10.0,1.2,57
0.0024806860511638,8.79117,0.9447657,0.4651038,0.9625468,0.38,10.0,1.2,57
-0.0218274516371649,9.0854435,0.9393156,0.4668233,0.9867401,0.38,10.0,1.2,57
-0.0242253596411386,9.036296,0.95705324,0.47478488,0.9029075,0.38,10.0,1.2,57
0.0059397785557349,9.103079,0.95153064,0.4633881,0.9612558,0.38,10.0,1.2,57
-0.0300835345396711,8.9203415,0.94271624,0.47125092,0.9633205,0.38,10.0,1.2,57
0.0232964131494253,9.524679,0.95033216,0.45871878,0.99542904,0.38,10.0,1.2,57
0.0050497601852455,8.845043,0.9380716,0.45031223,0.96954143,0.38,10.0,1.2,57
-0.010614569200297,8.743728,0.95106685,0.47003192,0.990028,0.38,10.0,1.2,57
-0.0014202431959095,8.609935,0.94937253,0.47420663,0.9875357,0.38,10.0,1.2,57
0.035601035988683,8.849535,0.94664484,0.4635372,0.98506343,0.38,10.0,1.2,57
0.0544569338185821,8.605497,0.9381228,0.46780258,0.9478096,0.38,10.0,1.2,57
-0.0021302943260716,9.107001,0.96026134,0.46552962,0.97532713,0.38,10.0,1.2,57
0.0373464176472151,9.274579,0.9506304,0.4570055,0.9712695,0.38,10.0,1.2,57
0.0373666162638886,8.9326935,0.94133186,0.4535552,0.9933356,0.38,10.0,1.2,57
-0.0209124724054312,9.120968,0.95571697,0.4684992,0.97600996,0.38,10.0,1.2,57
-0.0070086716101297,8.23537,0.9524394,0.47158515,0.9575167,0.38,10.0,1.2,57
0.0075606014421718,8.620306,0.9321726,0.46850848,0.98703,0.38,10.0,1.2,57
0.0238656556851038,8.885227,0.9457469,0.4526151,0.9592167,0.38,10.0,1.2,57
0.0569355467002154,8.949724,0.9379967,0.44668496,0.9906361,0.38,10.0,1.2,57
0.0279866216035861,8.698843,0.94112,0.46903417,0.9851041,0.38,10.0,1.2,57
-0.0061842493850944,8.903933,0.94331366,0.4617709,0.99719226,0.38,10.0,1.2,57
0.0592769748590323,9.419576,0.9659145,0.46795952,0.96781397,0.38,10.0,1.2,57
-0.0561652206216505,8.938026,0.95062757,0.47705773,0.94377434,0.38,10.0,1.2,57
-0.0252953199416204,8.918205,0.93335855,0.46526557,0.95362735,0.38,10.0,1.2,57
-6.531844332507974e-05,8.701194,0.9395513,0.46119967,0.9935641,0.38,10.0,1.2,57
0.0217188754389748,9.19787,0.9511349,0.46850368,0.9498918,0.38,10.0,1.2,57
0.0394932700277986,8.672753,0.95399934,0.45388377,0.91346467,0.38,10.0,1.2,57
0.0192700351520246,9.674757,0.95663536,0.46290755,0.9751253,0.38,10.0,1.2,57
-0.0022674926734889,9.215596,0.95922506,0.4658318,0.93914175,0.38,10.0,1.2,57
0.0121960990668895,9.238397,0.9516822,0.46582815,0.9936099,0.38,10.0,1.2,57
0.0172593033188393,8.982644,0.9475187,0.46924508,0.95185244,0.38,10.0,1.2,57
0.0347092520886203,8.983644,0.964419,0.45061687,0.96681213,0.38,10.0,1.2,57
-0.0018893694746297,9.249871,0.9448643,0.46517217,0.9702053,0.38,10.0,1.2,57
-0.0351231756243755,8.690338,0.94165695,0.4810909,0.9722233,0.38,10.0,1.2,57
0.0289645110575867,8.436664,0.9397989,0.4685043,0.94304585,0.38,10.0,1.2,57
0.0248572408239663,9.041129,0.95240486,0.46846774,0.9890591,0.38,10.0,1.2,57
0.0027918474973889,8.744166,0.9520056,0.46013218,0.99839294,0.38,10.0,1.2,57
0.0041733252124662,8.408258,0.94267565,0.457612,0.94105744,0.38,10.0,1.2,57
0.0545002128532306,9.119345,0.95621324,0.44548804,0.90955496,0.38,10.0,1.2,57
0.0085166052931478,8.746467,0.9557241,0.4718831,0.8647491,0.38,10.0,1.2,57
0.0132244413688174,9.41994,0.9416363,0.45200202,0.9983746,0.38,10.0,1.2,57
0.0387878577662636,8.765017,0.9489436,0.46360603,0.9891536,0.38,10.0,1.2,57
-0.0034372756787998,8.984063,0.9327351,0.46281618,0.9971404,0.38,10.0,1.2,57
-0.0064881994345812,9.090267,0.94257015,0.46840847,0.98493445,0.38,10.0,1.2,57
-0.022596418030213,9.133075,0.95377266,0.4616068,0.93896174,0.38,10.0,1.2,57
0.0078233017680283,9.2296295,0.9417009,0.46588355,0.9762391,0.38,10.0,1.2,57
0.0063443091253549,9.225001,0.94757044,0.4490454,0.9821689,0.38,10.0,1.2,57
0.0120531319592914,9.283112,0.957704,0.45501548,0.9827702,0.38,10.0,1.2,57
0.0002018795958983,8.2573805,0.9374052,0.47192398,0.91411614,0.38,10.0,1.2,57
-0.0042770455990305,9.179865,0.95266956,0.45451844,0.99441826,0.38,10.0,1.2,57
0.0035579565446497,9.261997,0.9441629,0.4616343,0.9903716,0.38,10.0,1.2,57
0.0352242675087842,8.901545,0.94456416,0.4515214,0.9863528,0.38,10.0,1.2,57
0.0274358925463619,8.507021,0.9439918,0.4607164,0.93132484,0.38,10.0,1.2,57
0.015088487982332,8.683293,0.95471436,0.45819408,0.98537934,0.38,10.0,1.2,57
0.0009890690145936,9.182828,0.940907,0.45953035,0.9555063,0.38,10.0,1.2,57
0.0332151980297411,8.997703,0.95173913,0.4403167,0.9982979,0.38,10.0,1.2,57
-0.0134983631796877,9.098049,0.9587071,0.46453497,0.93239546,0.38,10.0,1.2,57
0.0141258122506712,8.966761,0.948822,0.45795813,0.9835609,0.38,10.0,1.2,57
0.0362439377879762,9.279103,0.95836604,0.45231274,0.95484626,0.38,10.0,1.2,57
0.0225663433686219,8.519907,0.93991196,0.46390006,0.9955952,0.38,10.0,1.2,57
0.0214721011542414,8.857542,0.95281875,0.457805,0.9428232,0.38,10.0,1.2,57
-0.0034994859174901,9.274794,0.9481007,0.47175777,0.98706675,0.38,10.0,1.2,57
-0.0134253307909862,9.235528,0.95224273,0.46160543,0.9746989,0.38,10.0,1.2,57
0.0134970816362483,9.000697,0.9551889,0.4711287,0.93337214,0.38,10.0,1.2,57
-0.0167547954030196,9.19139,0.9543277,0.45544028,0.9752116,0.38,10.0,1.2,57
0.0312289825366865,9.015269,0.9521532,0.46010667,0.9604727,0.38,10.0,1.2,57
0.0155065161380758,8.187242,0.94569993,0.45135903,0.93665576,0.38,10.0,1.2,57
0.0356751900884468,9.070082,0.9658364,0.45936444,0.98657906,0.38,10.0,1.2,57
0.0113150767582801,9.216456,0.9720303,0.4549086,0.90262604,0.38,10.0,1.2,57
-0.0106596174798849,9.235922,0.95074064,0.4644917,0.9631126,0.38,10.0,1.2,57
0.0089815246837999,8.616627,0.94371516,0.46264836,0.9976268,0.38,10.0,1.2,57
-0.0013336970367966,8.498908,0.948274,0.4602362,0.957479,0.38,10.0,1.2,57
-0.012533082747137,8.666757,0.9566831,0.46076158,0.98917913,0.38,10.0,1.2,57
0.0336321443310366,9.255479,0.9506763,0.44423282,0.99519384,0.38,10.0,1.2,57
-0.030449073783863,9.449971,0.9556694,0.4673604,0.9927949,0.38,10.0,1.2,57
-0.0251943539116581,8.843676,0.957904,0.46604803,0.97516763,0.38,10.0,1.2,57
0.0746543207918338,8.674591,0.943524,0.46189642,0.9922501,0.38,10.0,1.2,57
0.022593921385351,8.861013,0.9424533,0.45283976,0.98364043,0.38,10.0,1.2,57
0.0065608082333384,9.075662,0.9451378,0.4608047,0.9724802,0.38,10.0,1.2,57
-0.0017800154420931,8.84738,0.9601444,0.46942928,0.970093,0.38,10.0,1.2,57
-0.0193975896840102,8.890987,0.94790256,0.4771188,0.9720299,0.38,10.0,1.2,57
0.0405199897319123,9.142009,0.940882,0.4773119,0.9977807,0.38,10.0,1.2,57
0.006051010061158,8.663929,0.9504782,0.4680103,0.9791919,0.38,10.0,1.2,57
0.0373085645991799,8.518446,0.9355502,0.46753332,0.99036705,0.38,10.0,1.2,57
0.0449953221773349,9.124913,0.942544,0.46454155,0.97544444,0.38,10.0,1.2,57
0.004344381904602,9.037743,0.8955155,0.52924764,0.8994237,0.34,10.0,1.2,58
-0.0317858408927917,8.531628,0.89461684,0.53049,0.9519541,0.34,10.0,1.2,58
-0.0446527750921249,8.702205,0.8904462,0.54196954,0.946254,0.34,10.0,1.2,58
-0.0507909991455078,8.932846,0.91038406,0.54051214,0.83811295,0.34,10.0,1.2,58
-0.0152087756299972,8.585483,0.90039814,0.5451796,0.98415864,0.34,10.0,1.2,58
0.0097728737688064,8.761722,0.8991275,0.52694243,0.9491682,0.34,10.0,1.2,58
0.0312876776027679,8.801554,0.8797742,0.52731866,0.9881706,0.34,10.0,1.2,58
-0.028154028224945,8.795757,0.89295304,0.5385206,0.96624756,0.34,10.0,1.2,58
0.0007074457931518,8.772667,0.909443,0.53124946,0.87939346,0.34,10.0,1.2,58
0.0164420919704437,8.51652,0.8789631,0.52908397,0.9792104,0.34,10.0,1.2,58
-0.014067552781105,8.76719,0.89980346,0.5232703,0.95109296,0.34,10.0,1.2,58
0.0385753337621688,8.550172,0.8755691,0.51788974,0.9622822,0.34,10.0,1.2,58
-0.0034257746458053,8.309321,0.8939079,0.53607255,0.96167505,0.34,10.0,1.2,58
0.0587912903785705,8.754406,0.8929429,0.51422864,0.9814757,0.34,10.0,1.2,58
0.0087728091049194,8.476875,0.8903506,0.53054315,0.8412577,0.34,10.0,1.2,58
0.024997886519432,8.923257,0.9073143,0.5302637,0.8886951,0.34,10.0,1.2,58
-0.021330276722908,9.182599,0.8974346,0.5370411,0.9363475,0.34,10.0,1.2,58
-0.0625505823564529,8.765443,0.89823747,0.5489582,0.9206878,0.34,10.0,1.2,58
-0.0249553291559219,8.217301,0.8831282,0.5337659,0.9951354,0.34,10.0,1.2,58
-0.0205030937337875,8.891669,0.89649856,0.5563255,0.94702363,0.34,10.0,1.2,58
0.0194692722177505,8.830787,0.8989851,0.5161643,0.9897014,0.34,10.0,1.2,58
-0.0422988580465316,8.458686,0.90457904,0.53675234,0.7821294,0.34,10.0,1.2,58
0.0329063369512557,8.555512,0.9018054,0.51740533,0.87088907,0.34,10.0,1.2,58
-0.0136580967378616,8.803304,0.88202256,0.5358871,0.9892154,0.34,10.0,1.2,58
0.0248921918964385,8.50659,0.896065,0.5198322,0.9875637,0.34,10.0,1.2,58
-0.0291655352544784,8.92279,0.8903549,0.5271878,0.9361433,0.34,10.0,1.2,58
-0.0353529716014862,8.916349,0.9117897,0.53362066,0.98468983,0.34,10.0,1.2,58
0.0175867053842544,8.782493,0.89202535,0.53304094,0.938522,0.34,10.0,1.2,58
-0.0336181245946884,8.50833,0.8769195,0.52693784,0.9569988,0.34,10.0,1.2,58
-0.0050595936727523,8.656791,0.91930294,0.55233777,0.82512844,0.34,10.0,1.2,58
0.0055804017877578,8.508712,0.8943576,0.51999485,0.91011107,0.34,10.0,1.2,58
0.0070512069702148,8.66684,0.9049686,0.5233298,0.97804713,0.34,10.0,1.2,58
-0.0088862346553802,8.620611,0.8953111,0.53591716,0.96913993,0.34,10.0,1.2,58
0.0034513089179992,9.557552,0.8894955,0.5310507,0.9994365,0.34,10.0,1.2,58
0.0262701829481124,8.465207,0.89701843,0.51797295,0.88922596,0.34,10.0,1.2,58
-0.0323259228134155,8.713432,0.88984257,0.5313815,0.9159938,0.34,10.0,1.2,58
0.0219178791809082,8.870743,0.8918463,0.53188574,0.9651582,0.34,10.0,1.2,58
0.0061914178943633,8.731962,0.89106464,0.536938,0.90480506,0.34,10.0,1.2,58
-0.0157651151132583,8.733361,0.9005245,0.5545414,0.9848727,0.34,10.0,1.2,58
-0.0072900004577636,9.112061,0.884431,0.5223047,0.97900283,0.34,10.0,1.2,58
-0.0250672358942031,8.689149,0.8911335,0.54810005,0.98325074,0.34,10.0,1.2,58
-0.0078610932350158,8.785038,0.90821296,0.546311,0.85517585,0.34,10.0,1.2,58
0.0445015217304229,8.619871,0.9177589,0.53188556,0.8241613,0.34,10.0,1.2,58
-0.0523354708385467,8.557508,0.8892266,0.52938753,0.9914912,0.34,10.0,1.2,58
-0.0032871648216247,8.668438,0.9058641,0.5411471,0.84492195,0.34,10.0,1.2,58
0.0055458676862716,8.474973,0.8882271,0.5249234,0.8937994,0.34,10.0,1.2,58
0.0009076623535156,8.549286,0.9010467,0.537597,0.89507496,0.34,10.0,1.2,58
0.0218993854618072,9.068304,0.89503145,0.52707535,0.9270556,0.34,10.0,1.2,58
0.0133463129091262,8.6445265,0.8813703,0.51976365,0.91814053,0.34,10.0,1.2,58
0.0034060603618621,8.91675,0.9087588,0.5266613,0.81201863,0.34,10.0,1.2,58
0.0045827159929275,8.586886,0.8869157,0.5299309,0.94386446,0.34,10.0,1.2,58
0.0208705041217803,8.251417,0.8941849,0.54080784,0.8791026,0.34,10.0,1.2,58
-0.0056548080587387,8.809272,0.8944526,0.5208895,0.9104712,0.34,10.0,1.2,58
-0.0535582702589035,8.634875,0.88537854,0.5412587,0.9981066,0.34,10.0,1.2,58
0.0037225924777984,8.98464,0.88971233,0.537497,0.9586692,0.34,10.0,1.2,58
-0.0123242473793029,8.621586,0.89545316,0.5230273,0.86089265,0.34,10.0,1.2,58
-0.0459673098707199,8.785296,0.8970448,0.533434,0.9090706,0.34,10.0,1.2,58
-0.0258058803939819,8.480736,0.885639,0.54750633,0.9504241,0.34,10.0,1.2,58
-0.0333625571250915,9.572964,0.90066475,0.5457433,0.9755728,0.34,10.0,1.2,58
-0.016431961479187,8.158241,0.8882463,0.53591365,0.9877279,0.34,10.0,1.2,58
-0.0498758286952972,8.586245,0.9059833,0.5360973,0.86840916,0.34,10.0,1.2,58
0.0306652069330215,8.651748,0.8963394,0.5168136,0.9693066,0.34,10.0,1.2,58
0.0237064732837676,8.340605,0.9104837,0.53343004,0.8202157,0.34,10.0,1.2,58
-0.0041867917275428,7.9599442,0.8987714,0.53882676,0.9689121,0.34,10.0,1.2,58
0.0377224474048614,8.782011,0.8915087,0.52478796,0.9771676,0.34,10.0,1.2,58
0.0589521940994262,8.499077,0.8906611,0.52403915,0.853269,0.34,10.0,1.2,58
-0.0418828789138794,9.16082,0.8936769,0.5450754,0.99692655,0.34,10.0,1.2,58
0.0455400432395935,8.541325,0.8938806,0.52679825,0.915499,0.34,10.0,1.2,58
-0.0080565602302551,8.60651,0.89565223,0.52391106,0.9383912,0.34,10.0,1.2,58
-0.0218876655292511,8.867205,0.8931429,0.5360243,0.98119164,0.34,10.0,1.2,58
0.0039427950191497,9.010828,0.88741803,0.52690446,0.97742975,0.34,10.0,1.2,58
0.0317208592891693,8.7061405,0.89281046,0.5323724,0.9441043,0.34,10.0,1.2,58
-0.0261771796131134,8.902956,0.89756346,0.536569,0.9372443,0.34,10.0,1.2,58
-0.0372430073404312,9.020425,0.900472,0.5391284,0.85815597,0.34,10.0,1.2,58
0.0226929857778549,8.383325,0.89839095,0.5129025,0.9717901,0.34,10.0,1.2,58
-0.0054742949676513,8.519943,0.8936958,0.5350202,0.97112906,0.34,10.0,1.2,58
-0.0058825639247894,8.557119,0.8949626,0.5203997,0.95659196,0.34,10.0,1.2,58
0.0201499328947067,9.174748,0.90727973,0.53297126,0.95099247,0.34,10.0,1.2,58
-0.04414208776474,8.680447,0.89168686,0.54300076,0.98422885,0.34,10.0,1.2,58
-0.0813156322479248,8.886585,0.89517266,0.54579306,0.93038905,0.34,10.0,1.2,58
-0.0186742891454696,8.216811,0.88552153,0.5452731,0.97355056,0.34,10.0,1.2,58
-0.017700369234085,9.039858,0.8982738,0.53765994,0.94907904,0.34,10.0,1.2,58
-0.0154917414331436,8.529511,0.8987793,0.53409535,0.95152485,0.34,10.0,1.2,58
-0.0162377314472198,8.5539875,0.8902484,0.52860814,0.9504256,0.34,10.0,1.2,58
-0.0135325244808197,8.875433,0.9095293,0.5344732,0.9551921,0.34,10.0,1.2,58
0.0154448461055755,8.509607,0.8955738,0.53019696,0.93329537,0.34,10.0,1.2,58
-0.0320267626953125,8.433884,0.8926298,0.5359733,0.9641644,0.34,10.0,1.2,58
-0.0072768036365509,8.877764,0.9060343,0.5409613,0.8255391,0.34,10.0,1.2,58
-0.0399669621706008,8.385758,0.8923648,0.5546439,0.87107885,0.34,10.0,1.2,58
-0.0253734489679336,8.951402,0.8890326,0.52306587,0.9492985,0.34,10.0,1.2,58
-0.0698572718811035,8.785885,0.88190216,0.5382878,0.9858695,0.34,10.0,1.2,58
-0.0823268871450424,8.905879,0.8935758,0.55219275,0.96645737,0.34,10.0,1.2,58
-0.0313377776288986,9.174243,0.8959204,0.54806316,0.8924444,0.34,10.0,1.2,58
-0.035724646115303,8.80631,0.9000097,0.53852266,0.88833344,0.34,10.0,1.2,58
-0.0125152134418487,8.528261,0.87732124,0.52083004,0.93397284,0.34,10.0,1.2,58
-0.0095648161315918,9.081665,0.89672136,0.5239656,0.9751977,0.34,10.0,1.2,58
0.0141732521867752,8.7090025,0.8925943,0.5237791,0.9819509,0.34,10.0,1.2,58
-0.0261543150377273,8.8330965,0.8744912,0.5356934,0.957162,0.34,10.0,1.2,58
-0.0303161407470703,8.693161,0.9029721,0.5396481,0.8765497,0.34,10.0,1.2,58
-0.0521655420970916,8.687132,0.8963376,0.5407956,0.9892919,0.34,10.0,1.2,58
-0.0162915436410904,8.66871,0.908237,0.5156473,0.89137197,0.34,10.0,1.2,58
-0.0216573589038848,8.406008,0.88625145,0.5386525,0.9622463,0.34,10.0,1.2,58
0.0379400033283233,8.629377,0.8981915,0.5295597,0.8367325,0.34,10.0,1.2,58
0.044564767127037,8.798173,0.8923261,0.5292061,0.93077743,0.34,10.0,1.2,58
0.0053559014177322,8.299457,0.8832172,0.53991723,0.9692893,0.34,10.0,1.2,58
-0.0467801758050918,8.667207,0.8946372,0.5374033,0.9425993,0.34,10.0,1.2,58
-0.0312234370183944,8.568175,0.88902855,0.52212834,0.97147536,0.34,10.0,1.2,58
-0.0366138400459289,8.854328,0.890395,0.5393227,0.9711411,0.34,10.0,1.2,58
-0.0093620742034912,8.577927,0.88912517,0.5442627,0.9508312,0.34,10.0,1.2,58
0.003003027973175,8.700024,0.8957374,0.5327397,0.9817327,0.34,10.0,1.2,58
-0.0900507594490051,8.323875,0.8934101,0.5489712,0.96617866,0.34,10.0,1.2,58
0.0035947369813918,9.047465,0.8939238,0.5300828,0.93468463,0.34,10.0,1.2,58
-0.0194734478425979,8.545278,0.88386333,0.5337872,0.9258596,0.34,10.0,1.2,58
-0.0275402431869506,8.401848,0.9007317,0.54061335,0.89568734,0.34,10.0,1.2,58
-0.0526479692220687,7.9215193,0.8804256,0.5362211,0.9723735,0.34,10.0,1.2,58
-0.0666000380277633,8.8702345,0.9121027,0.5430761,0.90675473,0.34,10.0,1.2,58
-0.0066842513275146,9.230698,0.88961977,0.54407644,0.9910027,0.34,10.0,1.2,58
-0.0046667248678207,8.728965,0.902902,0.54976535,0.9608588,0.34,10.0,1.2,58
0.009578008108139,8.510645,0.89039785,0.5294716,0.9007157,0.34,10.0,1.2,58
-0.0109131696128845,9.407192,0.8948699,0.5349956,0.94539857,0.34,10.0,1.2,58
-0.0333571008586883,8.641783,0.88882357,0.5326374,0.9737334,0.34,10.0,1.2,58
-0.0311278915309906,8.755499,0.906803,0.5369848,0.8144847,0.34,10.0,1.2,58
0.0141269055366516,8.457623,0.88493645,0.5266754,0.9540448,0.34,10.0,1.2,58
0.0153129478216171,8.926148,0.897435,0.51041436,0.9224521,0.34,10.0,1.2,58
0.0220289408445358,8.902745,0.9024802,0.54178286,0.9045923,0.34,10.0,1.2,58
-0.0154854322099685,8.906613,0.88067377,0.54089344,0.9825326,0.34,10.0,1.2,58
-0.0513385628223419,8.853521,0.8965918,0.55755574,0.9673259,0.34,10.0,1.2,58
-0.0001343246936798,8.657656,0.909143,0.5361082,0.8073845,0.34,10.0,1.2,58
0.0113927633571624,8.8723545,0.8958319,0.53455025,0.924644,0.34,10.0,1.2,58
-0.0477778864765167,8.754011,0.8890548,0.5298991,0.9176451,0.34,10.0,1.2,58
0.0143829119205474,8.388281,0.8921488,0.53733796,0.96072865,0.34,10.0,1.2,58
-0.0582882835769653,8.887917,0.9029086,0.5363396,0.9681411,0.34,10.0,1.2,58
0.0212871255636215,8.944879,0.88220394,0.54239374,0.90972424,0.34,10.0,1.2,58
0.01258517308712,8.431123,0.89905375,0.53755265,0.8700024,0.34,10.0,1.2,58
0.0061249210453033,8.687902,0.90674806,0.5311843,0.91177595,0.34,10.0,1.2,58
-0.0052809572935104,8.9005995,0.890487,0.5296338,0.97483885,0.34,10.0,1.2,58
0.0308571210718154,8.654357,0.8898305,0.51961267,0.8783525,0.34,10.0,1.2,58
-0.0406565103721618,8.575237,0.8972231,0.5457235,0.9760488,0.34,10.0,1.2,58
-0.0150822140884399,8.956688,0.8996487,0.5378069,0.98591304,0.34,10.0,1.2,58
-0.0328069864892959,8.641816,0.8933737,0.5440202,0.98844564,0.34,10.0,1.2,58
-0.0060823479604721,8.733695,0.89370584,0.5317744,0.928167,0.34,10.0,1.2,58
-0.0261004935932159,8.529375,0.8976661,0.5415372,0.84732366,0.34,10.0,1.2,58
0.0406156474924087,8.627616,0.8899231,0.52718437,0.9288069,0.34,10.0,1.2,58
-0.0251277225637436,8.244239,0.90604997,0.5273218,0.7934723,0.34,10.0,1.2,58
-0.0149311491203308,8.861187,0.8845707,0.53880215,0.9179441,0.34,10.0,1.2,58
-0.0300884068393707,8.424784,0.8917154,0.538678,0.9792633,0.34,10.0,1.2,58
0.0155526769256591,8.921677,0.8909348,0.5414923,0.9602959,0.34,10.0,1.2,58
0.0027153222799301,8.883538,0.89722663,0.53029543,0.8693329,0.34,10.0,1.2,58
0.0168376754140853,8.737756,0.8946846,0.5165325,0.97963285,0.34,10.0,1.2,58
-0.0116597262334823,7.9392843,0.89196,0.5364724,0.8744292,0.34,10.0,1.2,58
-0.0329926877880096,8.625456,0.88817424,0.5306385,0.9861778,0.34,10.0,1.2,58
-0.0452683377170562,8.6248455,0.8908334,0.5268207,0.90744257,0.34,10.0,1.2,58
0.0068241615390777,9.067541,0.90198934,0.53896254,0.8456327,0.34,10.0,1.2,58
0.0024148700761794,9.057315,0.89135087,0.53685623,0.9651773,0.34,10.0,1.2,58
-0.0270374671888351,8.982547,0.90340245,0.5488029,0.91267455,0.34,10.0,1.2,58
-0.0157942053747177,8.514007,0.90719604,0.5386661,0.8525417,0.34,10.0,1.2,58
-0.0304712280225753,8.418429,0.89143014,0.5329769,0.9925355,0.34,10.0,1.2,58
0.0036781391382217,8.667998,0.8952571,0.52645457,0.95751095,0.34,10.0,1.2,58
0.0067220308065414,8.8978815,0.88292366,0.52197605,0.9754255,0.34,10.0,1.2,58
0.0136787218093872,8.439674,0.8984808,0.53283954,0.8885046,0.34,10.0,1.2,58
-0.0501224420261383,8.67132,0.891665,0.5407564,0.9735038,0.34,10.0,1.2,58
0.0060848029136657,8.269291,0.88193583,0.52489674,0.9745904,0.34,10.0,1.2,58
-0.0360379924726486,8.405688,0.9053283,0.5340476,0.9814019,0.34,10.0,1.2,58
0.0073894752264022,8.931947,0.9014473,0.53747004,0.88369095,0.34,10.0,1.2,58
0.0124342137861251,8.584302,0.89194757,0.51473093,0.96750176,0.34,10.0,1.2,58
-0.0573175257921218,8.353562,0.8906419,0.538814,0.94975626,0.34,10.0,1.2,58
0.0259118656444549,8.562716,0.893847,0.522514,0.96037376,0.34,10.0,1.2,58
-0.0317085899734497,8.870064,0.89523566,0.5372589,0.99684,0.34,10.0,1.2,58
-0.019987405128479,8.68264,0.9046557,0.5375803,0.839677,0.34,10.0,1.2,58
-0.009109981226921,8.918185,0.8970275,0.53924406,0.7844106,0.34,10.0,1.2,58
-0.020257494854927,8.795018,0.8974943,0.5457204,0.9058807,0.34,10.0,1.2,58
0.0020944690322875,8.534218,0.9047669,0.5316888,0.7629348,0.34,10.0,1.2,58
0.0140486114788055,8.69417,0.8942562,0.52373147,0.98547924,0.34,10.0,1.2,58
-0.0226765147352218,8.5805235,0.897372,0.5379775,0.8855126,0.34,10.0,1.2,58
-0.0239868852138519,8.864126,0.8833276,0.52610546,0.9408785,0.34,10.0,1.2,58
-0.0754342104387283,8.272946,0.91865915,0.5468318,0.814659,0.34,10.0,1.2,58
0.0086172331190109,8.704282,0.8892689,0.53155226,0.97405744,0.34,10.0,1.2,58
-0.0442551047992706,8.830488,0.8929285,0.53786165,0.9812007,0.34,10.0,1.2,58
-0.0567547211313247,8.462163,0.89630985,0.5386632,0.992216,0.34,10.0,1.2,58
-0.0237601384401321,8.782811,0.8944271,0.5407302,0.8364768,0.34,10.0,1.2,58
0.0099454809999465,9.06602,0.8951323,0.5406576,0.93442106,0.34,10.0,1.2,58
0.0279739511585235,8.467756,0.90205026,0.53567797,0.920439,0.34,10.0,1.2,58
-0.0426991700649261,8.322268,0.8913194,0.5428763,0.95275843,0.34,10.0,1.2,58
0.026936924920082,8.823958,0.8830568,0.5328293,0.9783237,0.34,10.0,1.2,58
-0.0359818221521377,9.032548,0.88489515,0.53894216,0.94267535,0.34,10.0,1.2,58
-0.0527424599170684,8.403215,0.88080317,0.5416983,0.9742702,0.34,10.0,1.2,58
-0.0225241766691207,8.733134,0.8855945,0.532942,0.96811867,0.34,10.0,1.2,58
-0.0369991997671127,8.604682,0.92436016,0.5423168,0.7342409,0.34,10.0,1.2,58
-0.0359804491949081,8.62799,0.8920411,0.5297613,0.92460227,0.34,10.0,1.2,58
0.0294678133487701,8.824453,0.894198,0.5268588,0.9937532,0.34,10.0,1.2,58
0.0037942396879196,9.062963,0.8815774,0.5389377,0.9895055,0.34,10.0,1.2,58
-0.0397559142589569,8.590193,0.908303,0.5417053,0.8410599,0.34,10.0,1.2,58
0.0063450303173065,9.178835,0.8950585,0.53318524,0.98527133,0.34,10.0,1.2,58
-0.0190920869302749,8.777535,0.8987006,0.53302413,0.9416951,0.34,10.0,1.2,58
0.0007454343557357,8.98623,0.89608556,0.52215767,0.97116756,0.34,10.0,1.2,58
0.0148450793075561,8.825996,0.8980369,0.53030616,0.9669136,0.34,10.0,1.2,58
-0.0393428931474685,8.792768,0.88649976,0.5289774,0.95958567,0.34,10.0,1.2,58
0.0122452076673507,8.524442,0.9020575,0.5330197,0.8694266,0.34,10.0,1.2,58
-0.0407859038496017,8.688785,0.908203,0.52589947,0.85414267,0.34,10.0,1.2,58
-0.0027189907455444,8.601891,0.89027965,0.5215211,0.9841943,0.34,10.0,1.2,58
-0.012716503252983,9.073955,0.89245915,0.53547037,0.90943456,0.34,10.0,1.2,58
0.0183827612495422,8.84071,0.8852241,0.5229083,0.9929707,0.34,10.0,1.2,58
0.0190566718673705,8.276039,0.89984244,0.5174723,0.8638855,0.34,10.0,1.2,58
-0.0179455421638488,8.882053,0.89383125,0.5468517,0.9319756,0.34,10.0,1.2,58
0.0062638249397277,8.7527275,0.8909347,0.53636324,0.8823916,0.34,10.0,1.2,58
0.0008191004371643,9.102093,0.9037365,0.52409965,0.88808787,0.34,10.0,1.2,58
-0.0146098690748214,8.486896,0.9007809,0.53710204,0.92343044,0.34,10.0,1.2,58
-0.0505917607498169,8.539894,0.89804125,0.5350978,0.90120184,0.34,10.0,1.2,58
-0.0149993410730362,8.813249,0.8862433,0.5159603,0.9634681,0.34,10.0,1.2,58
0.0056211720323562,8.676959,0.8964962,0.5355734,0.9591353,0.34,10.0,1.2,58
-0.0387088272237777,8.194896,0.8980018,0.5496633,0.8391999,0.34,10.0,1.2,58
-0.0484102586174011,8.874031,0.8883332,0.5346807,0.98664606,0.34,10.0,1.2,58
-0.0110124499750137,8.424714,0.8861778,0.533174,0.93226457,0.34,10.0,1.2,58
0.0093654583501815,8.834184,0.87656796,0.53067595,0.99915755,0.34,10.0,1.2,58
0.0063683116531371,8.58503,0.9005343,0.5479935,0.9602592,0.34,10.0,1.2,58
-0.0340764413118362,8.950124,0.89899564,0.5436717,0.99498725,0.34,10.0,1.2,58
-0.0011632140779495,8.779317,0.89024866,0.5227583,0.93835163,0.34,10.0,1.2,58
-0.0396531154584884,9.021075,0.90824246,0.5499128,0.8400208,0.34,10.0,1.2,58
-0.0227578978538513,8.419704,0.8826252,0.52378416,0.90484595,0.34,10.0,1.2,58
-0.0044384122753143,8.946653,0.90585995,0.5284044,0.88624144,0.34,10.0,1.2,58
0.009060971212387,8.484049,0.89767045,0.53693664,0.9464562,0.34,10.0,1.2,58
-0.0295015358686447,8.183017,0.89123523,0.53643376,0.9490833,0.34,10.0,1.2,58
-0.004202971997261,8.401357,0.9023425,0.53691196,0.82278466,0.34,10.0,1.2,58
-0.0097113001728057,8.297945,0.90310705,0.54596686,0.87467384,0.34,10.0,1.2,58
-0.0030857249736785,8.933744,0.89540553,0.53888315,0.9645841,0.34,10.0,1.2,58
-0.0163389110088348,8.659391,0.8940506,0.5285049,0.88743806,0.34,10.0,1.2,58
-0.0609586234951019,8.527323,0.8929138,0.54121053,0.9034872,0.34,10.0,1.2,58
-0.0054174943447113,8.643408,0.88416433,0.54482013,0.99843955,0.34,10.0,1.2,58
-0.0707422184419632,8.351262,0.8958478,0.55443007,0.9631903,0.34,10.0,1.2,58
-0.0320591990613937,8.73067,0.8956489,0.54221493,0.9159597,0.34,10.0,1.2,58
-0.0391627350282669,8.975957,0.91006607,0.5417959,0.93485606,0.34,10.0,1.2,58
-0.0186776576995849,8.712616,0.9102767,0.53110844,0.89518607,0.34,10.0,1.2,58
0.014201600317955,9.043458,0.89941025,0.5452341,0.956746,0.34,10.0,1.2,58
-0.0278251793527603,8.540765,0.886277,0.5431003,0.8926432,0.34,10.0,1.2,58
0.0629953775215148,8.517254,0.903147,0.5348268,0.90286064,0.34,10.0,1.2,58
-0.0236187695884704,8.674465,0.90140176,0.5324073,0.8853986,0.34,10.0,1.2,58
-0.0162747554206848,8.926426,0.8770276,0.5336668,0.9856303,0.34,10.0,1.2,58
-0.0391636815786361,8.674674,0.88768137,0.5326653,0.90922856,0.34,10.0,1.2,58
0.0126962397909164,9.485436,0.918021,0.52847177,0.8121333,0.34,10.0,1.2,58
0.0295350494384765,8.980179,0.89850664,0.5354724,0.93429995,0.34,10.0,1.2,58
-0.0305708473634719,8.58907,0.89445764,0.5453471,0.9140451,0.34,10.0,1.2,58
-0.0048210502338409,8.687838,0.91179764,0.5359035,0.79038846,0.34,10.0,1.2,58
0.00108009724617,7.955961,0.8907886,0.5219874,0.8680763,0.34,10.0,1.2,58
0.007893746023178,8.920649,0.9059163,0.5328929,0.9483948,0.34,10.0,1.2,58
-0.0049779283285141,8.758826,0.8916731,0.5441287,0.9729327,0.34,10.0,1.2,58
0.022115618853569,8.091634,0.90044713,0.5259989,0.8330443,0.34,10.0,1.2,58
-0.0179760893726348,9.028688,0.9073656,0.5375967,0.8373833,0.34,10.0,1.2,58
-0.0208409612560272,8.567549,0.8881864,0.54287034,0.98993146,0.34,10.0,1.2,58
-0.0543722745561599,9.215356,0.89038473,0.5449693,0.97531176,0.34,10.0,1.2,58
0.0298763046312332,8.63457,0.9088358,0.5367564,0.92355144,0.34,10.0,1.2,58
-0.0185820583772659,8.823522,0.9010553,0.52363116,0.89809906,0.34,10.0,1.2,58
0.0449195523548126,8.267515,0.88616455,0.52307194,0.92298615,0.34,10.0,1.2,58
-0.0258935257148742,8.5932045,0.8808784,0.5465605,0.99334335,0.34,10.0,1.2,58
-0.0077108581018447,8.836701,0.906336,0.5290621,0.94486403,0.34,10.0,1.2,58
-0.01153001704216,8.314619,0.9020572,0.5317013,0.7407373,0.34,10.0,1.2,58
-0.0071522351169586,8.327051,0.8837663,0.5271504,0.96534884,0.34,10.0,1.2,58
0.030448496851921,8.751508,0.88666445,0.52758634,0.99699044,0.34,10.0,1.2,58
-0.0475296483945846,8.212321,0.89050335,0.53822005,0.945521,0.34,10.0,1.2,58
-0.016033869767189,8.811364,0.893399,0.531034,0.9679868,0.34,10.0,1.2,58
-0.0250370067977905,8.018623,0.870387,0.54265195,0.995829,0.34,10.0,1.2,58
0.020995026473999,8.22728,0.8833369,0.53837603,0.98179495,0.34,10.0,1.2,58
-0.0331648266983032,8.580788,0.916969,0.5416215,0.7691771,0.34,10.0,1.2,58
0.027255687379837,8.256712,0.90549654,0.53083724,0.785385,0.34,10.0,1.2,58
-0.031903086233139,8.620901,0.88281226,0.54206645,0.98624086,0.34,10.0,1.2,58
-0.0239221132707595,8.648007,0.89372253,0.54296607,0.8257674,0.34,10.0,1.2,58
0.0066174233675002,8.724971,0.88788474,0.540638,0.909816,0.34,10.0,1.2,58
-0.0732662059736251,8.517535,0.8979671,0.5634648,0.9099293,0.34,10.0,1.2,58
-0.0101615727138519,8.227957,0.91867423,0.5365317,0.6258693,0.34,10.0,1.2,58
0.0145413921594619,8.686919,0.8880265,0.5238854,0.97324765,0.34,10.0,1.2,58
0.0185288444519042,8.706055,0.89405346,0.52990943,0.911397,0.34,10.0,1.2,58
0.0329351557731628,8.497562,0.90935653,0.532595,0.97927296,0.34,10.0,1.2,58
-0.0886068552923202,8.760226,0.90860397,0.5456664,0.9655014,0.34,10.0,1.2,58
-0.0447479021263122,8.7019615,0.9033785,0.53166753,0.908041,0.34,10.0,1.2,58
-0.0072386463785171,8.701592,0.9046172,0.5412298,0.9201937,0.34,10.0,1.2,58
-0.0204303273677826,8.681707,0.8793353,0.53695506,0.98612225,0.34,10.0,1.2,58
-0.0048885128974914,8.678074,0.8938538,0.54177153,0.977764,0.34,10.0,1.2,58
-0.0288967649126052,9.12695,0.8791532,0.54037076,0.98629534,0.34,10.0,1.2,58
0.0176540986537933,8.507242,0.88833284,0.51369745,0.97726214,0.34,10.0,1.2,58
0.0143839187479019,8.205405,0.90335244,0.53662616,0.9036001,0.34,10.0,1.2,58
-0.007780180478096,8.584676,0.8885697,0.52800566,0.858801,0.34,10.0,1.2,58
-0.00217065680027,8.917642,0.8849739,0.5318665,0.95557606,0.34,10.0,1.2,58
-0.0087226389551162,8.589631,0.8951566,0.5350583,0.98723197,0.34,10.0,1.2,58
-0.0332586631202697,8.55373,0.90602404,0.53630483,0.9586948,0.34,10.0,1.2,58
0.0304706115293502,8.588384,0.9045971,0.5235541,0.9258677,0.34,10.0,1.2,58
-0.0189949841737747,8.523259,0.8831878,0.52972436,0.9851799,0.34,10.0,1.2,58
-0.0603707796287536,8.552578,0.89430904,0.54395205,0.93535507,0.34,10.0,1.2,58
-0.0127905113649368,8.892491,0.89776576,0.5315867,0.9359493,0.34,10.0,1.2,58
-0.039866186594963,9.189715,0.91395885,0.5293964,0.84295225,0.34,10.0,1.2,58
0.0435407562255859,8.37822,0.8863022,0.52647686,0.97510815,0.34,10.0,1.2,58
-0.0115047300767898,8.831113,0.8986316,0.5255329,0.90446055,0.34,10.0,1.2,58
-0.0331233113670349,8.92944,0.9134447,0.53566855,0.89649606,0.34,10.0,1.2,58
-0.0198926054477691,8.366404,0.88057387,0.5515514,0.9700769,0.34,10.0,1.2,58
0.0107608755588531,8.426199,0.8870417,0.53985053,0.9721905,0.34,10.0,1.2,58
-0.0282779635906219,8.638029,0.90466946,0.540412,0.87402356,0.34,10.0,1.2,58
-0.0074403878116607,9.00416,0.9055555,0.52454853,0.9028928,0.34,10.0,1.2,58
-0.0259341780805587,8.950015,0.88685966,0.53432536,0.9804019,0.34,10.0,1.2,58
-0.019818552775383,8.668063,0.9047915,0.5464443,0.903303,0.34,10.0,1.2,58
0.0068139902615547,7.990066,0.9002109,0.5215326,0.95753515,0.34,10.0,1.2,58
-0.0271077960395813,9.010502,0.8847897,0.5270894,0.98263824,0.34,10.0,1.2,58
0.0006533392238616,9.164713,0.88841087,0.53021294,0.9770932,0.34,10.0,1.2,58
-0.0298162225961685,9.289498,0.8866668,0.5449221,0.90225375,0.34,10.0,1.2,58
-0.0247501816654205,8.124262,0.88517976,0.5327104,0.97002137,0.34,10.0,1.2,58
-0.048907511806488,8.86549,0.8819314,0.5398873,0.9815222,0.34,10.0,1.2,58
-0.0533684591913223,9.026547,0.8988868,0.5398417,0.8428062,0.34,10.0,1.2,58
0.0068321034288406,8.820163,0.8970929,0.5343661,0.8670815,0.34,10.0,1.2,58
-0.0214772336626052,8.409253,0.8802116,0.53655386,0.97690964,0.34,10.0,1.2,58
-0.0221721050214767,8.678515,0.88954866,0.54626864,0.97272646,0.34,10.0,1.2,58
-0.0147767581415176,8.735688,0.8892715,0.5344638,0.8986287,0.34,10.0,1.2,58
-0.0115862264156341,8.717184,0.8805834,0.5420854,0.97011137,0.34,10.0,1.2,58
-0.0268268881034851,8.380688,0.8870272,0.53378564,0.9799298,0.34,10.0,1.2,58
-0.039697798371315,7.965398,0.8782914,0.53709906,0.9856961,0.34,10.0,1.2,58
-0.0216639803314209,8.927246,0.8982309,0.53095216,0.94095623,0.34,10.0,1.2,58
-0.0353853352689743,8.67158,0.89266026,0.5480717,0.9962524,0.34,10.0,1.2,58
0.0115691612768173,8.7865,0.8848635,0.5281385,0.9961004,0.34,10.0,1.2,58
-0.022971730055809,8.762275,0.87755495,0.53799826,0.9591845,0.34,10.0,1.2,58
0.0177411249160766,8.587532,0.9032096,0.52815586,0.9136932,0.34,10.0,1.2,58
-0.0272304595708847,8.646178,0.9060688,0.5495652,0.7553741,0.34,10.0,1.2,58
0.0303979562616348,8.713943,0.90795463,0.522245,0.8697779,0.34,10.0,1.2,58
-0.0067435103082656,8.812867,0.89381504,0.53597206,0.9250499,0.34,10.0,1.2,58
0.0134433480739593,9.045877,0.90327525,0.5303276,0.9263632,0.34,10.0,1.2,58
-0.0092902610254287,8.603623,0.9075711,0.5257421,0.8424653,0.34,10.0,1.2,58
-0.0354872089099884,8.622225,0.89540815,0.52295274,0.8293681,0.34,10.0,1.2,58
0.0491400310850143,8.99233,0.88808316,0.52256316,0.9002224,0.34,10.0,1.2,58
0.0260575858688354,8.863731,0.8976662,0.5259788,0.9931121,0.34,10.0,1.2,58
0.0150654393959045,8.79031,0.89365697,0.5317179,0.927168,0.34,10.0,1.2,58
0.0185326729393005,8.316456,0.89359945,0.5283838,0.8898505,0.34,10.0,1.2,58
0.008341048798561,8.532477,0.89343166,0.5339759,0.9311179,0.34,10.0,1.2,58
-0.0175674797487258,8.36736,0.89277244,0.5387925,0.8875381,0.34,10.0,1.2,58
0.0117037977552413,8.815442,0.90594983,0.52557546,0.77299285,0.34,10.0,1.2,58
-0.0036547504806518,8.539787,0.88716817,0.5414193,0.97324777,0.34,10.0,1.2,58
-0.0006607887697219,8.789113,0.90263087,0.53649616,0.8367045,0.34,10.0,1.2,58
-0.0136044551038742,8.214694,0.8895538,0.52835315,0.9212967,0.34,10.0,1.2,58
0.0028105695104598,8.6615,0.9030284,0.53229713,0.905234,0.34,10.0,1.2,58
-0.0373287454557418,8.463328,0.89466506,0.53350186,0.8980411,0.34,10.0,1.2,58
-0.0271182108831405,8.923858,0.89140886,0.5400953,0.96718335,0.34,10.0,1.2,58
-0.0241949905824661,9.174855,0.8974441,0.5385434,0.9139981,0.34,10.0,1.2,58
-0.0737679636716842,8.326278,0.9004499,0.53903794,0.88977647,0.34,10.0,1.2,58
-0.0692669289970398,8.704849,0.89703906,0.54713273,0.9148886,0.34,10.0,1.2,58
0.033426303153038,8.754685,0.878683,0.5249165,0.9703915,0.34,10.0,1.2,58
-0.0378182975721359,8.589633,0.8849231,0.5297218,0.9147258,0.34,10.0,1.2,58
0.0105707213687896,8.811224,0.8790332,0.5408964,0.97711754,0.34,10.0,1.2,58
-0.0008265009641647,8.406215,0.8884187,0.5277367,0.9647232,0.34,10.0,1.2,58
-0.0022231977939605,9.180918,0.8981578,0.52752805,0.92611,0.34,10.0,1.2,58
0.0053531000232696,8.899809,0.8895647,0.5381868,0.9796127,0.34,10.0,1.2,58
-0.0264758888435363,8.6874275,0.8976238,0.53845197,0.91855824,0.34,10.0,1.2,58
-0.0205835994958877,8.501954,0.8890358,0.541602,0.9313873,0.34,10.0,1.2,58
-0.0142380346536636,8.258004,0.89350927,0.52314544,0.96231914,0.34,10.0,1.2,58
-0.0175529757022857,9.029932,0.89974403,0.54261863,0.9337915,0.34,10.0,1.2,58
0.0538752355670928,9.245115,0.89108753,0.52249247,0.9646865,0.34,10.0,1.2,58
-0.0002986891269683,8.221674,0.8892106,0.53828907,0.90483487,0.34,10.0,1.2,58
0.0136575925350189,8.73971,0.89422035,0.5408308,0.89071333,0.34,10.0,1.2,58
-0.0169996132755279,8.635431,0.9098079,0.53492755,0.8364291,0.34,10.0,1.2,58
0.0309684106588363,8.815103,0.9099267,0.52913755,0.98503447,0.34,10.0,1.2,58
-0.0528964275074005,8.66535,0.9050276,0.553681,0.879758,0.34,10.0,1.2,58
-0.012030089354515,8.3677435,0.8715779,0.5444421,0.97433484,0.34,10.0,1.2,58
0.0161882437705993,9.455051,0.90902436,0.5365737,0.8067725,0.34,10.0,1.2,58
-0.0436301035404205,9.034948,0.89351356,0.5360804,0.9654784,0.34,10.0,1.2,58
-0.0098588861465454,8.795891,0.9040584,0.54413944,0.98234105,0.34,10.0,1.2,58
-0.0400607944154739,8.877049,0.89699453,0.5412433,0.89488447,0.34,10.0,1.2,58
-0.0174088967990875,8.809641,0.8925621,0.5402722,0.944885,0.34,10.0,1.2,58
-0.0133788451623916,8.812745,0.8944763,0.5334444,0.86745,0.34,10.0,1.2,58
0.0244873955106735,8.985463,0.8973635,0.5362459,0.8783277,0.34,10.0,1.2,58
-0.042977319741249,8.438954,0.89879584,0.5337931,0.8698666,0.34,10.0,1.2,58
-0.0170474532032013,9.081484,0.89154947,0.5403796,0.861657,0.34,10.0,1.2,58
-0.0162941167736053,8.984495,0.90260834,0.5367225,0.90955234,0.34,10.0,1.2,58
0.0309622777986526,8.736842,0.89250606,0.5321048,0.9351176,0.34,10.0,1.2,58
0.0020860373067855,8.708566,0.8900845,0.5298448,0.92303383,0.34,10.0,1.2,58
-0.016789090104103,8.888467,0.89123064,0.53225595,0.93852115,0.34,10.0,1.2,58
0.0237587182283401,8.383784,0.88804847,0.53419954,0.99816227,0.34,10.0,1.2,58
-0.0193274073600769,8.875561,0.88853526,0.5344232,0.87940466,0.34,10.0,1.2,58
0.0812625854349136,8.713599,0.88642704,0.5196277,0.9847983,0.34,10.0,1.2,58
-0.0101846681070327,8.7025385,0.88856596,0.5317704,0.9811603,0.34,10.0,1.2,58
-0.0224313759756088,8.465674,0.89436746,0.5362516,0.9804311,0.34,10.0,1.2,58
0.0268257300376892,9.103794,0.88735396,0.52426994,0.98699903,0.34,10.0,1.2,58
0.0131403708314895,9.032527,0.90667003,0.5322395,0.8887012,0.34,10.0,1.2,58
-0.0159746808004379,8.379233,0.8859509,0.52980673,0.9813627,0.34,10.0,1.2,58
-0.0304945348453521,9.046534,0.89769274,0.5330887,0.93842006,0.34,10.0,1.2,58
-0.0304091310024261,9.072332,0.8967768,0.5305123,0.90644026,0.34,10.0,1.2,58
-0.0081179397344589,8.680282,0.9040157,0.53361803,0.82736564,0.34,10.0,1.2,58
-0.0242010096740722,8.826874,0.88510656,0.52400357,0.97586894,0.34,10.0,1.2,58
0.0205066040515899,8.609495,0.9016849,0.5358197,0.8344079,0.34,10.0,1.2,58
0.0037252965712547,7.928988,0.8874661,0.531163,0.88258195,0.34,10.0,1.2,58
0.005781173377037,8.907502,0.88286614,0.52866757,0.9999795,0.34,10.0,1.2,58
-0.0009009043216705,9.468088,0.9071063,0.52096343,0.9262321,0.34,10.0,1.2,58
-0.0407459462642669,9.059134,0.8901695,0.5313371,0.9247818,0.34,10.0,1.2,58
-0.0100038814258575,8.747499,0.9059322,0.5314432,0.87744176,0.34,10.0,1.2,58
-0.0044424973630905,8.620387,0.88535047,0.5421283,0.9646667,0.34,10.0,1.2,58
-0.0339077981424331,8.448022,0.88067436,0.53081375,0.9903909,0.34,10.0,1.2,58
0.012522899274826,8.569124,0.8887405,0.54445803,0.92163515,0.34,10.0,1.2,58
0.0314091680860519,8.108808,0.89431155,0.52896976,0.9241513,0.34,10.0,1.2,58
-0.051940050458908,8.590498,0.88498724,0.53864676,0.94633305,0.34,10.0,1.2,58
-0.0091622736835479,8.486391,0.9121715,0.52581793,0.7966151,0.34,10.0,1.2,58
-0.015071287741661,8.699828,0.8954724,0.53105885,0.84274817,0.34,10.0,1.2,58
0.0142730858564376,8.736768,0.89737624,0.53437823,0.90237606,0.34,10.0,1.2,58
-0.0102428428649902,8.44429,0.89661604,0.52875763,0.9105431,0.34,10.0,1.2,58
-0.0421502060651779,8.788409,0.88636446,0.55021065,0.97529554,0.34,10.0,1.2,58
0.0191381220388412,9.059594,0.8886658,0.5415634,0.928736,0.34,10.0,1.2,58
-0.0179242761135101,8.926916,0.8964067,0.5370973,0.9845593,0.34,10.0,1.2,58
-0.0259824421405792,8.908129,0.883961,0.5324172,0.9618416,0.34,10.0,1.2,58
0.0076927899122238,8.702207,0.8993325,0.53248453,0.95006406,0.34,10.0,1.2,58
-0.1584671810340881,8.568665,1.0054101,0.60099965,0.30731416,0.36,10.0,1.2,59
-0.1780714856338501,8.482109,1.0375578,0.5934388,0.15635312,0.36,10.0,1.2,59
-0.1662034688711166,8.053908,1.008083,0.6014041,0.21627724,0.36,10.0,1.2,59
-0.1710964793157577,8.427554,1.0430738,0.6047888,0.11876333,0.36,10.0,1.2,59
-0.0996663372993469,8.141556,0.96644574,0.5876568,0.6136091,0.36,10.0,1.2,59
-0.0957293357610702,8.295302,0.98141944,0.5930757,0.39874387,0.36,10.0,1.2,59
-0.0876603645420074,8.382891,1.0012224,0.58246833,0.23592329,0.36,10.0,1.2,59
-0.1445283542633056,8.55978,0.9918487,0.6022082,0.423432,0.36,10.0,1.2,59
-0.1394753828859329,8.673966,1.0520476,0.5860687,0.03543091,0.36,10.0,1.2,59
-0.0959583552074432,8.352667,0.9683134,0.58761615,0.5239614,0.36,10.0,1.2,59
-0.1559867448043823,8.42321,1.0311365,0.6043744,0.20267296,0.36,10.0,1.2,59
-0.2135852473974228,8.390784,1.0674803,0.60566217,-0.13014486,0.36,10.0,1.2,59
-0.1397896447896957,7.9818106,0.9688896,0.5819545,0.39132512,0.36,10.0,1.2,59
-0.1651477799367904,8.255874,1.034075,0.59594184,0.1608522,0.36,10.0,1.2,59
-0.1281915431737899,8.172736,1.0337147,0.59601367,0.103594065,0.36,10.0,1.2,59
-0.0908705537986755,8.306118,1.0233765,0.581319,0.15910387,0.36,10.0,1.2,59
-0.1470312417125702,8.623999,1.0265775,0.59240246,0.14252019,0.36,10.0,1.2,59
-0.1169333055257797,8.327861,0.97481775,0.59257793,0.46689498,0.36,10.0,1.2,59
-0.1560145702457428,8.013704,0.9720808,0.5963075,0.3863939,0.36,10.0,1.2,59
-0.1614679405689239,8.877802,1.0415666,0.6007269,0.15308964,0.36,10.0,1.2,59
-0.1557375769853592,8.369775,0.99261963,0.605341,0.37487268,0.36,10.0,1.2,59
-0.1310686623334884,8.529105,0.9962096,0.58502465,0.42442536,0.36,10.0,1.2,59
-0.0956817796564102,8.173631,1.0010452,0.57845753,0.27763724,0.36,10.0,1.2,59
-0.1445301990938186,8.56104,1.0405166,0.5825072,0.23087811,0.36,10.0,1.2,59
-0.0820812703227996,8.657511,0.979082,0.58380556,0.44091725,0.36,10.0,1.2,59
-0.1553025799846649,8.373697,1.0639375,0.58608764,0.005240798,0.36,10.0,1.2,59
-0.129694355456829,7.8654494,0.9798582,0.60007364,0.3972031,0.36,10.0,1.2,59
-0.1542958473205566,8.385391,1.0410659,0.58888686,0.037074447,0.36,10.0,1.2,59
-0.1179522788238525,8.188168,1.0617194,0.5921925,0.035574317,0.36,10.0,1.2,59
-0.1960675237894058,8.677373,1.0735257,0.5978296,-0.03199914,0.36,10.0,1.2,59
-0.136100501127243,8.375784,1.036926,0.59343547,0.10812819,0.36,10.0,1.2,59
-0.0870382523298263,8.300357,0.9574113,0.58530545,0.5696329,0.36,10.0,1.2,59
-0.1536855341672897,8.243194,1.0564038,0.5886857,0.025881529,0.36,10.0,1.2,59
-0.1339581028461456,8.19766,1.0460136,0.5958311,0.16685641,0.36,10.0,1.2,59
-0.1304973250579834,8.475529,0.96408194,0.58951694,0.4703976,0.36,10.0,1.2,59
-0.1448204531049728,8.069175,1.0482519,0.5810039,0.019619584,0.36,10.0,1.2,59
-0.1097174267721176,8.27838,1.0205057,0.59723216,0.1473893,0.36,10.0,1.2,59
-0.1495531574344635,8.108385,0.98527926,0.59943366,0.4820485,0.36,10.0,1.2,59
-0.1152962651920318,8.766314,1.0383521,0.5952272,0.24152601,0.36,10.0,1.2,59
-0.118825442237854,8.330227,0.95518774,0.59832245,0.5981457,0.36,10.0,1.2,59
-0.1646082509517669,8.371382,1.0645628,0.5902618,-0.018660992,0.36,10.0,1.2,59
-0.1421674995040893,8.618629,1.0072424,0.590227,0.23744488,0.36,10.0,1.2,59
-0.0924501584529876,8.423166,1.0492665,0.5908586,0.0015990734,0.36,10.0,1.2,59
-0.1768527441358566,8.456824,0.9877844,0.59945613,0.36374915,0.36,10.0,1.2,59
-0.1050145361661911,8.1162405,0.9910236,0.5964671,0.30710626,0.36,10.0,1.2,59
-0.1182010721778869,8.070362,0.9887621,0.5977295,0.35684156,0.36,10.0,1.2,59
-0.123997131857872,8.285926,1.018897,0.58711344,0.19753194,0.36,10.0,1.2,59
-0.091632355093956,8.626533,1.0019666,0.581981,0.36631358,0.36,10.0,1.2,59
-0.1093515082359314,8.218651,0.98413,0.58182335,0.3519863,0.36,10.0,1.2,59
-0.1468523522233963,8.341516,1.0111076,0.594806,0.34705353,0.36,10.0,1.2,59
-0.1746394702196121,8.217645,1.0500692,0.6020399,0.102378964,0.36,10.0,1.2,59
-0.1618067109203338,8.792532,1.0373387,0.59116185,0.15083122,0.36,10.0,1.2,59
-0.1148364798259735,8.388926,1.0005175,0.58384293,0.19994831,0.36,10.0,1.2,59
-0.1491059297418594,8.427289,0.9916748,0.5929335,0.46236467,0.36,10.0,1.2,59
-0.122455122551918,8.445371,1.0148242,0.5971033,0.2307241,0.36,10.0,1.2,59
-0.1452133143186569,8.320994,1.0080031,0.60376346,0.29619431,0.36,10.0,1.2,59
-0.1277899526309967,8.583914,1.0255612,0.5871011,0.19308937,0.36,10.0,1.2,59
-0.1182950909852981,8.25232,1.0083544,0.59788203,0.21110952,0.36,10.0,1.2,59
-0.0974193825888633,7.7155223,0.971678,0.58771354,0.47585332,0.36,10.0,1.2,59
-0.0817764198493957,8.643547,0.9828246,0.5920041,0.5079082,0.36,10.0,1.2,59
-0.1633065917682647,8.516794,1.0469362,0.590135,-0.035522968,0.36,10.0,1.2,59
-0.0973355748128891,8.413478,1.0464959,0.5831124,0.13886738,0.36,10.0,1.2,59
-0.0965922546386718,8.0189705,1.012995,0.5886631,0.22577405,0.36,10.0,1.2,59
-0.136926602396965,9.004519,1.0119096,0.58375174,0.25256097,0.36,10.0,1.2,59
-0.131030895910263,8.209074,1.0065726,0.5915325,0.30830038,0.36,10.0,1.2,59
-0.165566836900711,8.57987,1.0051,0.6004084,0.24206269,0.36,10.0,1.2,59
-0.1174209451866149,9.087139,0.9735814,0.60395056,0.6742964,0.36,10.0,1.2,59
-0.0658478680706024,8.298166,1.0107845,0.58731353,0.27592802,0.36,10.0,1.2,59
-0.146342559800148,8.153565,1.0215406,0.58652294,0.20874429,0.36,10.0,1.2,59
-0.1503136946296692,8.11858,1.0453098,0.5955268,-0.01138857,0.36,10.0,1.2,59
-0.1571824945878982,8.48858,1.0552167,0.5940946,-0.020607978,0.36,10.0,1.2,59
-0.1138727144908905,8.608404,0.9868426,0.59218794,0.43599808,0.36,10.0,1.2,59
-0.1043868925285339,8.071056,1.0054036,0.58851796,0.31805134,0.36,10.0,1.2,59
-0.1159611772298813,8.562827,0.99752325,0.5871124,0.39005113,0.36,10.0,1.2,59
-0.1656373925542831,8.692096,1.0232298,0.59988534,0.30261946,0.36,10.0,1.2,59
-0.1393801834535598,8.959828,0.9490675,0.5924663,0.6584538,0.36,10.0,1.2,59
-0.1564168754577636,8.142929,1.0164872,0.5828684,0.26240182,0.36,10.0,1.2,59
-0.137849856352806,8.891444,1.0510204,0.5920205,0.022619128,0.36,10.0,1.2,59
-0.1513544948816299,8.14074,0.9795738,0.5957053,0.40051448,0.36,10.0,1.2,59
-0.1933004409980774,8.790031,1.0177195,0.598191,0.30722904,0.36,10.0,1.2,59
-0.1383498946285248,8.0983715,1.0083866,0.6094958,0.27978945,0.36,10.0,1.2,59
-0.155007268948555,8.476354,1.0251927,0.59946036,0.16739643,0.36,10.0,1.2,59
-0.144130677652359,8.273802,1.0483927,0.58983797,0.023750663,0.36,10.0,1.2,59
-0.1438757651901245,8.535107,1.025146,0.59220207,0.15923715,0.36,10.0,1.2,59
-0.1833133884596824,7.6708713,1.0129863,0.6064375,0.22464538,0.36,10.0,1.2,59
-0.1248403484678268,8.738692,1.0226991,0.5971161,0.15817857,0.36,10.0,1.2,59
-0.1031298606395721,7.6624393,1.0305803,0.5893825,0.09113145,0.36,10.0,1.2,59
-0.1582910686016082,8.683004,1.0484855,0.5982862,0.14417398,0.36,10.0,1.2,59
-0.1495930558919906,7.8439856,1.0193651,0.59836966,0.18570435,0.36,10.0,1.2,59
-0.1380147360277176,8.369866,1.0494938,0.6076867,0.059008002,0.36,10.0,1.2,59
-0.1633636830425262,8.737772,0.995445,0.59486204,0.38899803,0.36,10.0,1.2,59
-0.1661481716823578,9.103304,1.0418615,0.6127556,0.18181837,0.36,10.0,1.2,59
-0.1676458766651153,8.751398,1.0303421,0.60582966,0.15420818,0.36,10.0,1.2,59
-0.1682457141494751,8.484638,1.0362647,0.6102335,0.12945259,0.36,10.0,1.2,59
-0.1338452492880821,7.978622,1.0157363,0.58821124,0.30040634,0.36,10.0,1.2,59
-0.1478228931617737,8.83289,1.0207044,0.59153384,0.26440787,0.36,10.0,1.2,59
-0.1342238818120956,8.486453,1.0465736,0.58178145,0.05947447,0.36,10.0,1.2,59
-0.1223691096258163,8.626758,1.0428507,0.5943592,-0.0010910034,0.36,10.0,1.2,59
-0.1547097131967544,8.282762,1.0321839,0.6045539,0.09408915,0.36,10.0,1.2,59
-0.1485698894834518,8.527606,0.997644,0.60904133,0.46280158,0.36,10.0,1.2,59
-0.1283597981929779,8.217573,1.0644274,0.58108795,-0.07340062,0.36,10.0,1.2,59
-0.1153833490562439,8.151756,1.0035354,0.5906988,0.21412587,0.36,10.0,1.2,59
-0.1216309513759613,8.282057,0.9889841,0.59315085,0.31051373,0.36,10.0,1.2,59
-0.193733263630867,8.267575,1.0320944,0.5994988,0.15801466,0.36,10.0,1.2,59
-0.1277098712921142,7.991123,0.96739465,0.59364504,0.526186,0.36,10.0,1.2,59
-0.1498809074640274,8.086839,1.0443733,0.5953409,0.06825924,0.36,10.0,1.2,59
-0.1835611111736297,8.313406,1.0369034,0.58240545,0.030134797,0.36,10.0,1.2,59
-0.1469707133769989,8.370352,1.0193986,0.5871562,0.18535388,0.36,10.0,1.2,59
-0.1175533891153335,8.528234,1.0848556,0.58006173,-0.11533451,0.36,10.0,1.2,59
-0.0791464269351959,8.711153,0.9807888,0.593856,0.45753634,0.36,10.0,1.2,59
-0.0830992143630981,8.680382,0.99384755,0.5922937,0.29150522,0.36,10.0,1.2,59
-0.1116686679077148,8.2577095,1.023695,0.5804678,0.14168811,0.36,10.0,1.2,59
-0.1309662177991867,8.271171,1.0212947,0.5950891,0.24534726,0.36,10.0,1.2,59
-0.1384421157312393,8.341046,1.0453063,0.58917,0.10919142,0.36,10.0,1.2,59
-0.1210431698322296,9.207468,1.0186366,0.5897755,0.17966998,0.36,10.0,1.2,59
-0.09008218272686,8.186019,0.97832316,0.58005404,0.4741677,0.36,10.0,1.2,59
-0.1452998664569854,8.933073,0.98413926,0.59770006,0.454131,0.36,10.0,1.2,59
-0.117447810101509,8.454957,1.0420053,0.60187185,0.1776632,0.36,10.0,1.2,59
-0.1124465927362442,8.6092615,0.9855324,0.58923995,0.3594998,0.36,10.0,1.2,59
-0.1306378714036941,8.180123,1.0167428,0.5925795,0.21054602,0.36,10.0,1.2,59
-0.1240959454154968,8.345287,1.0287857,0.58675724,0.1613735,0.36,10.0,1.2,59
-0.127748559103012,8.342226,1.0231264,0.5954953,0.24994528,0.36,10.0,1.2,59
-0.1758317991447448,8.603035,1.0526671,0.60190463,0.07684529,0.36,10.0,1.2,59
-0.1895343734455108,8.576609,1.0123918,0.5956912,0.17654753,0.36,10.0,1.2,59
-0.1330710908365249,8.502847,1.0209633,0.5993951,0.14075947,0.36,10.0,1.2,59
-0.1438101395463943,8.479455,1.0025444,0.6007048,0.28421354,0.36,10.0,1.2,59
-0.1673722354364395,8.645516,1.0107055,0.6187273,0.27597463,0.36,10.0,1.2,59
-0.1357952736854553,8.174629,1.0317078,0.5878694,0.0888778,0.36,10.0,1.2,59
-0.0885509681940078,8.459516,1.0071304,0.5950799,0.21540225,0.36,10.0,1.2,59
-0.1298165920829773,7.8797417,0.9778457,0.5992204,0.4585439,0.36,10.0,1.2,59
-0.1410611827945709,8.557814,1.008857,0.5888457,0.24449682,0.36,10.0,1.2,59
-0.1606640158271789,8.593529,1.0220658,0.6042427,0.21393442,0.36,10.0,1.2,59
-0.089744006319046,8.342768,1.011631,0.5901374,0.11121893,0.36,10.0,1.2,59
-0.1569909158420562,8.45923,1.0137944,0.5944593,0.23547697,0.36,10.0,1.2,59
-0.1413294831609726,8.317187,1.0416105,0.5884818,0.0052599907,0.36,10.0,1.2,59
-0.1645270665979385,8.277276,1.0325918,0.59787375,0.008877635,0.36,10.0,1.2,59
-0.1075381624650955,8.357869,1.0371343,0.5874585,0.118062496,0.36,10.0,1.2,59
-0.102999942202568,8.184749,0.9606202,0.5888645,0.6506847,0.36,10.0,1.2,59
-0.1339515302658081,8.394661,1.0099068,0.5987638,0.14089155,0.36,10.0,1.2,59
-0.1220551517105102,8.34153,1.0224714,0.6011763,0.22946417,0.36,10.0,1.2,59
-0.154896005244255,8.123103,1.0342581,0.5918338,0.13050032,0.36,10.0,1.2,59
-0.1628305900263786,7.964479,1.0405291,0.5931631,0.12945771,0.36,10.0,1.2,59
-0.0819115115499496,8.555415,0.9984598,0.5938855,0.3170581,0.36,10.0,1.2,59
-0.1566501992940902,8.076072,1.0528646,0.6015889,0.019135952,0.36,10.0,1.2,59
-0.133579656291008,8.431735,1.0169175,0.59914905,0.13040435,0.36,10.0,1.2,59
-0.1379188416194915,8.495909,1.0578728,0.5972264,0.018985271,0.36,10.0,1.2,59
-0.1533304645252227,8.407331,0.97260153,0.5960088,0.5810591,0.36,10.0,1.2,59
-0.0961098963594436,8.594316,1.0136734,0.58841825,0.26770365,0.36,10.0,1.2,59
-0.1376788988113403,8.520317,1.0251151,0.5786089,0.17868555,0.36,10.0,1.2,59
-0.1132294470787048,8.736572,1.0055158,0.5934325,0.31760788,0.36,10.0,1.2,59
-0.1210507839059829,8.491872,0.99192226,0.60033107,0.37809253,0.36,10.0,1.2,59
-0.1136657007861137,7.948629,1.021005,0.59563,0.19458866,0.36,10.0,1.2,59
-0.0975356884479522,8.505335,1.0081764,0.5860423,0.21650457,0.36,10.0,1.2,59
-0.1334957861852646,8.199798,1.0275279,0.5865068,0.122320294,0.36,10.0,1.2,59
-0.0730383696794509,7.9227877,1.0037489,0.5825388,0.27779937,0.36,10.0,1.2,59
-0.1460090369319915,8.250807,1.0522045,0.59241587,-0.038647532,0.36,10.0,1.2,59
-0.1203338311195373,8.595886,1.0613092,0.59813386,-0.10540593,0.36,10.0,1.2,59
-0.1547946549844741,8.371621,0.9787239,0.5993798,0.48067868,0.36,10.0,1.2,59
-0.0992513663387298,8.728254,0.9587029,0.6022577,0.57816505,0.36,10.0,1.2,59
-0.1099005475759506,7.9965925,1.0382701,0.58935696,0.025666356,0.36,10.0,1.2,59
-0.1839645903205871,8.345535,1.0224671,0.59584415,0.20938385,0.36,10.0,1.2,59
-0.0951969788026809,8.216535,0.97194475,0.58313876,0.43581128,0.36,10.0,1.2,59
-0.1619797736263275,8.660753,0.9765706,0.6046807,0.4310857,0.36,10.0,1.2,59
-0.1547606211614609,8.335868,1.0600929,0.5957414,-0.049375296,0.36,10.0,1.2,59
-0.1088296581935882,8.014418,0.9875209,0.60022444,0.3974372,0.36,10.0,1.2,59
-0.1479112711143493,8.598095,1.0058055,0.595725,0.36514294,0.36,10.0,1.2,59
-0.1348460693073272,8.728281,0.9888464,0.5988458,0.48167527,0.36,10.0,1.2,59
-0.1441354132843017,8.953892,0.99551064,0.59058845,0.4688375,0.36,10.0,1.2,59
-0.1033655421447753,8.251968,0.9997312,0.5816082,0.24692309,0.36,10.0,1.2,59
-0.1012726294040679,8.668871,0.9953687,0.58338284,0.4403739,0.36,10.0,1.2,59
-0.1180149583816528,8.383656,0.99314505,0.5853563,0.31601226,0.36,10.0,1.2,59
-0.1315726666927337,8.78314,1.0094647,0.59349763,0.39416146,0.36,10.0,1.2,59
-0.0900061942768097,8.270956,0.9646143,0.60021424,0.523764,0.36,10.0,1.2,59
-0.1255383832216262,8.034139,1.0613728,0.5858496,-0.08511135,0.36,10.0,1.2,59
-0.1589897088956832,8.48199,0.9989386,0.5914823,0.40388286,0.36,10.0,1.2,59
-0.0986614880657196,8.923605,1.0000173,0.5929635,0.31185126,0.36,10.0,1.2,59
-0.0796768363189697,8.3559,1.0033255,0.594363,0.39162397,0.36,10.0,1.2,59
-0.1397138592910766,8.68055,1.0311925,0.6020495,0.30991292,0.36,10.0,1.2,59
-0.1561322707366943,8.235813,1.0241313,0.5927633,0.22532356,0.36,10.0,1.2,59
-0.1969694484901428,8.189655,1.0195237,0.59890324,0.14525056,0.36,10.0,1.2,59
-0.1671319642496109,8.224202,1.0379947,0.6038927,0.1409769,0.36,10.0,1.2,59
-0.1023199805116653,8.228639,1.0284754,0.59355813,0.1921823,0.36,10.0,1.2,59
-0.1487869607543945,8.275745,1.0150958,0.59154683,0.29711425,0.36,10.0,1.2,59
-0.1070167185974121,8.002392,1.0099907,0.5913186,0.22711957,0.36,10.0,1.2,59
-0.1006516651248932,8.12044,0.9949304,0.5935244,0.24290776,0.36,10.0,1.2,59
-0.1899268840980529,8.145119,1.0143671,0.5971547,0.21414804,0.36,10.0,1.2,59
-0.1516933767986297,8.61426,0.9867569,0.59896994,0.4049611,0.36,10.0,1.2,59
-0.1427366713762283,8.176389,1.0424595,0.5936673,0.022952199,0.36,10.0,1.2,59
-0.1093976072025299,8.9424,0.9740983,0.59801036,0.45216715,0.36,10.0,1.2,59
-0.1023366039705276,8.236447,0.9706539,0.5826029,0.33669806,0.36,10.0,1.2,59
-0.0900698985671997,8.787239,0.95340973,0.5981291,0.6957619,0.36,10.0,1.2,59
-0.0462557010269165,8.637226,0.94575363,0.5727158,0.6899228,0.36,10.0,1.2,59
-0.1065111899137497,8.8549185,1.0017624,0.5857938,0.3636961,0.36,10.0,1.2,59
-0.1342377491950988,8.668785,1.0204912,0.5925012,0.1845138,0.36,10.0,1.2,59
-0.0796446672391891,8.584109,0.9767418,0.58797413,0.5097493,0.36,10.0,1.2,59
-0.1475485126447677,8.535739,0.99561274,0.5981205,0.33478045,0.36,10.0,1.2,59
-0.1410349150371551,8.461519,1.0528508,0.5893896,0.010073543,0.36,10.0,1.2,59
-0.1092639821529388,8.388929,1.0009367,0.5811859,0.29844046,0.36,10.0,1.2,59
-0.0603076194238662,8.690301,0.99443364,0.59192646,0.3994273,0.36,10.0,1.2,59
-0.1192437762928009,8.1851635,1.0330063,0.5872974,0.066809654,0.36,10.0,1.2,59
-0.1781575987195968,8.492358,1.0575248,0.60558885,-0.045667887,0.36,10.0,1.2,59
-0.0887099228239059,8.526824,0.9632207,0.585862,0.62198365,0.36,10.0,1.2,59
-0.1424074238061904,8.138165,1.0320866,0.5872639,0.1187433,0.36,10.0,1.2,59
-0.1749851003599166,8.745757,1.0092931,0.5981098,0.32025933,0.36,10.0,1.2,59
-0.185870014591217,8.387543,0.9727923,0.6055044,0.45506406,0.36,10.0,1.2,59
-0.132931857380867,8.32145,1.0179214,0.59394556,0.23236907,0.36,10.0,1.2,59
-0.1228101890993118,8.196393,1.0266159,0.59568113,0.14361727,0.36,10.0,1.2,59
-0.1683530138731002,8.422637,1.0132846,0.60404575,0.3006525,0.36,10.0,1.2,59
-0.0760054540491104,8.482297,1.0111604,0.58910733,0.31365848,0.36,10.0,1.2,59
-0.1180447248077392,8.723267,1.0011905,0.5835946,0.34557498,0.36,10.0,1.2,59
-0.212849473452568,8.21033,1.0575119,0.60548675,-0.018134385,0.36,10.0,1.2,59
-0.1285074111557007,8.450077,0.98285043,0.6020818,0.472342,0.36,10.0,1.2,59
-0.1585283726692199,8.419819,0.9980467,0.6043879,0.3256327,0.36,10.0,1.2,59
-0.1262973605823517,8.179213,1.0231751,0.59019154,0.15540123,0.36,10.0,1.2,59
-0.1149015782117843,8.313651,1.0162663,0.60526854,0.21810329,0.36,10.0,1.2,59
-0.1271415440750122,8.081261,1.0303125,0.5811156,0.016397119,0.36,10.0,1.2,59
-0.1300058674812317,7.883072,0.9958947,0.5902027,0.2977389,0.36,10.0,1.2,59
-0.1165588102912902,8.047073,1.0149003,0.5850558,0.31060493,0.36,10.0,1.2,59
-0.1518035688567161,7.9582324,0.9956821,0.586943,0.25265932,0.36,10.0,1.2,59
-0.1720367459154129,8.636907,1.0640156,0.5956619,-0.012933761,0.36,10.0,1.2,59
-0.1427651296567917,8.784953,1.0378304,0.5919438,0.0754447,0.36,10.0,1.2,59
-0.1416249801254272,7.9259377,0.99890494,0.59520185,0.27794766,0.36,10.0,1.2,59
-0.1480112484788894,8.309796,1.0324837,0.589499,0.13333344,0.36,10.0,1.2,59
-0.172031927986145,8.245064,1.0338925,0.59495217,0.13127589,0.36,10.0,1.2,59
-0.1283906398057937,8.302922,1.000439,0.58481985,0.26360226,0.36,10.0,1.2,59
-0.1065220986843109,8.069487,1.0292826,0.5898377,0.16613877,0.36,10.0,1.2,59
-0.1892838412952423,8.514048,0.99414015,0.60739076,0.40002918,0.36,10.0,1.2,59
-0.1461398194789886,8.239107,0.95672697,0.5920933,0.52746165,0.36,10.0,1.2,59
-0.170937092552185,8.011559,1.0278132,0.6197271,0.1930443,0.36,10.0,1.2,59
-0.0955613022899627,8.737524,1.015076,0.5963307,0.18078315,0.36,10.0,1.2,59
-0.1585393110704422,8.6774645,1.0213181,0.59901386,0.13987148,0.36,10.0,1.2,59
-0.1099949197387695,8.434093,0.96799767,0.5981363,0.55377567,0.36,10.0,1.2,59
-0.1496551903581619,8.557179,1.0615308,0.5847624,0.01394546,0.36,10.0,1.2,59
-0.1193361682987213,8.638266,1.0329051,0.6034617,0.0861994,0.36,10.0,1.2,59
-0.0979529367637634,8.341442,1.0320809,0.5931008,0.1277504,0.36,10.0,1.2,59
-0.1831987719964981,8.453752,1.081023,0.60167193,-0.08968231,0.36,10.0,1.2,59
-0.1762126962184906,8.497591,1.0328462,0.60261244,0.1493932,0.36,10.0,1.2,59
-0.1083383451461792,8.602695,1.0503266,0.596177,0.08066726,0.36,10.0,1.2,59
-0.1664937235689163,7.7408724,1.0036435,0.5952573,0.22205126,0.36,10.0,1.2,59
-0.1737225525808334,8.219863,1.028897,0.59758395,0.12304568,0.36,10.0,1.2,59
-0.1457130182027816,8.60662,1.0384347,0.59554434,0.02556932,0.36,10.0,1.2,59
-0.1201028334093093,8.495885,0.9720385,0.59043765,0.49153757,0.36,10.0,1.2,59
-0.1517292510604858,8.563755,0.98605007,0.6080165,0.47940946,0.36,10.0,1.2,59
-0.1577751700401306,8.260021,1.0216208,0.5887327,0.20844758,0.36,10.0,1.2,59
-0.0843831651449203,8.2169485,1.0149562,0.5873218,0.27162778,0.36,10.0,1.2,59
-0.1156864295339584,8.986018,1.015821,0.5988484,0.33753788,0.36,10.0,1.2,59
-0.1549446665477752,8.138205,1.0059181,0.6058413,0.27657306,0.36,10.0,1.2,59
-0.1586507969331741,8.495236,1.0439045,0.59816676,0.14560223,0.36,10.0,1.2,59
-0.1571594960856437,7.960283,1.0327414,0.59831744,0.05314696,0.36,10.0,1.2,59
-0.1248167231178283,8.171299,1.0450991,0.6029445,0.09066713,0.36,10.0,1.2,59
-0.1315503742313385,8.657301,1.025234,0.5859067,0.18108034,0.36,10.0,1.2,59
-0.0834566632032394,8.418117,0.9879537,0.5800949,0.25854397,0.36,10.0,1.2,59
-0.1197691800546646,8.512078,1.0169883,0.59559417,0.3490951,0.36,10.0,1.2,59
-0.115490181107521,8.323079,1.0241451,0.59255546,0.27506924,0.36,10.0,1.2,59
-0.1162130793523788,8.92604,0.9812358,0.5953387,0.4665575,0.36,10.0,1.2,59
-0.1390622914981842,8.315645,1.0116124,0.5904731,0.22380996,0.36,10.0,1.2,59
-0.1285220456695556,8.130234,0.9972487,0.60035455,0.42170823,0.36,10.0,1.2,59
-0.1802731509447097,8.283181,1.0295568,0.6024543,0.2303679,0.36,10.0,1.2,59
-0.1332770039987564,8.637486,0.98472434,0.5904569,0.35611808,0.36,10.0,1.2,59
-0.1396929270839691,8.086908,0.9579377,0.5956736,0.6274226,0.36,10.0,1.2,59
-0.1118166932916641,8.154996,1.020991,0.59509015,0.24263501,0.36,10.0,1.2,59
-0.1366576408815384,8.385392,1.0685995,0.5939096,-0.02695468,0.36,10.0,1.2,59
-0.0856444110250473,8.362906,1.0154566,0.59282887,0.26803613,0.36,10.0,1.2,59
-0.1210588683319091,8.466221,1.0630391,0.5788253,-0.041161895,0.36,10.0,1.2,59
-0.1154000901317596,8.456228,1.0070572,0.586778,0.25856507,0.36,10.0,1.2,59
-0.107795727071762,8.387297,1.0366992,0.60140675,-0.020961016,0.36,10.0,1.2,59
-0.1343634294605255,8.15296,1.0875152,0.59645885,-0.12320125,0.36,10.0,1.2,59
-0.1593922746515274,8.093808,1.0791495,0.59047,-0.13092887,0.36,10.0,1.2,59
-0.1337527490854263,8.611894,1.0432669,0.59028506,0.048447847,0.36,10.0,1.2,59
-0.1651154845809936,8.464058,1.002888,0.59843737,0.26286685,0.36,10.0,1.2,59
-0.1347027681112289,8.108134,1.0022728,0.5750886,0.4213271,0.36,10.0,1.2,59
-0.1050306251716613,8.724113,0.987242,0.6010463,0.5009749,0.36,10.0,1.2,59
-0.1237415177106857,8.53826,0.98207784,0.589984,0.40295303,0.36,10.0,1.2,59
-0.1046867976522445,8.392356,1.0073032,0.59106237,0.32547545,0.36,10.0,1.2,59
-0.138004989156723,8.540037,1.0131117,0.59333503,0.28844464,0.36,10.0,1.2,59
-0.1772248490190506,8.216928,1.004425,0.6045103,0.36150777,0.36,10.0,1.2,59
-0.1319249382257461,8.584638,1.0072732,0.60825896,0.34538424,0.36,10.0,1.2,59
-0.0933834458446502,8.807238,1.0388846,0.5844203,0.10954499,0.36,10.0,1.2,59
-0.1585054957151413,7.8319693,1.0508221,0.5869979,-0.00114429,0.36,10.0,1.2,59
-0.1328923611974716,8.51929,0.9908799,0.59958583,0.4441086,0.36,10.0,1.2,59
-0.1064666560840606,8.861338,1.0244969,0.58668756,0.17328453,0.36,10.0,1.2,59
-0.0985262719249725,8.393057,0.9928093,0.5903693,0.3561896,0.36,10.0,1.2,59
-0.1864792849063873,8.090658,1.0574148,0.5988635,-0.07793176,0.36,10.0,1.2,59
-0.147685157546997,8.425167,1.0426632,0.5904946,0.12149072,0.36,10.0,1.2,59
-0.1385240114688873,8.34897,1.028029,0.59474796,0.17969978,0.36,10.0,1.2,59
-0.1742171958065033,8.072489,1.0087287,0.59955955,0.2538892,0.36,10.0,1.2,59
-0.1687986249780655,8.291657,1.0651025,0.59551734,0.04249823,0.36,10.0,1.2,59
-0.1531565190172195,8.021462,1.0277164,0.6017905,0.15356374,0.36,10.0,1.2,59
-0.0775876938676834,8.1188135,0.9607341,0.5828354,0.44813132,0.36,10.0,1.2,59
-0.1123047964668274,8.52721,0.993882,0.57930136,0.3685112,0.36,10.0,1.2,59
-0.2158397355723381,7.9285636,0.9981196,0.6046276,0.39127016,0.36,10.0,1.2,59
-0.1526137056684494,8.466647,1.0065082,0.6016813,0.33993888,0.36,10.0,1.2,59
-0.0682592863988876,8.403979,0.9433004,0.59208924,0.6223389,0.36,10.0,1.2,59
-0.1459016822814941,8.467884,1.0341346,0.5952951,0.1217885,0.36,10.0,1.2,59
-0.1132615747880935,8.674336,1.0233778,0.6031308,0.2641487,0.36,10.0,1.2,59
-0.1269170278406143,8.284238,1.011287,0.5875055,0.18204463,0.36,10.0,1.2,59
-0.191109383482933,8.492213,1.031127,0.59574175,0.122128606,0.36,10.0,1.2,59
-0.1102373336172103,8.597053,1.0308273,0.59295833,0.2032311,0.36,10.0,1.2,59
-0.1456168077230453,8.153434,1.0379512,0.59819895,0.03261757,0.36,10.0,1.2,59
-0.1574444675850868,7.9417768,1.0375476,0.58748853,-0.0149695575,0.36,10.0,1.2,59
-0.14906728931427,8.257378,1.0365409,0.598815,0.17793751,0.36,10.0,1.2,59
-0.1388940346574783,8.360837,1.0091784,0.5901654,0.30666125,0.36,10.0,1.2,59
-0.0936213669729232,8.278285,0.9959401,0.58949035,0.416906,0.36,10.0,1.2,59
-0.1371127917480468,8.592239,1.0357537,0.5897258,0.14496017,0.36,10.0,1.2,59
-0.1332210385084152,8.28258,1.0223411,0.5884724,0.14762807,0.36,10.0,1.2,59
-0.0880597468471527,8.37961,1.0350232,0.58309746,0.19092345,0.36,10.0,1.2,59
-0.1323766519069671,7.9733562,1.0237683,0.5996202,0.2704767,0.36,10.0,1.2,59
-0.1514245209789276,8.520678,0.99399495,0.58956975,0.4975077,0.36,10.0,1.2,59
-0.1358542663097381,7.9212856,1.0056231,0.5969145,0.2354784,0.36,10.0,1.2,59
-0.1063078251838684,8.535843,0.96853936,0.59354234,0.5651176,0.36,10.0,1.2,59
-0.1325310974550247,8.247758,0.9955638,0.59637314,0.3675052,0.36,10.0,1.2,59
-0.1068469881701469,7.9843726,1.0110129,0.60512406,0.22301781,0.36,10.0,1.2,59
-0.1321733085393905,8.462729,0.9918796,0.6008482,0.48995602,0.36,10.0,1.2,59
-0.1633439013910293,8.37103,1.0456183,0.5903645,0.056850314,0.36,10.0,1.2,59
-0.1421300085020065,8.457042,0.9960605,0.596526,0.43703187,0.36,10.0,1.2,59
-0.1226476267290115,8.210507,1.024819,0.5922138,0.18451107,0.36,10.0,1.2,59
-0.1436256579637527,8.379998,1.0234927,0.6004706,0.20046902,0.36,10.0,1.2,59
-0.1762326341152191,8.436003,0.9825249,0.59007615,0.3918184,0.36,10.0,1.2,59
-0.1381283871889114,8.499341,1.0251182,0.59770954,0.20458841,0.36,10.0,1.2,59
-0.1395233292436599,8.620198,1.0508859,0.5921292,-0.060607225,0.36,10.0,1.2,59
-0.1423975335788727,8.478666,1.0169163,0.59073657,0.22465467,0.36,10.0,1.2,59
-0.1604939239501953,8.187332,1.0446069,0.58149105,0.11257696,0.36,10.0,1.2,59
-0.1064414229106903,8.496634,1.0009016,0.57859653,0.30593717,0.36,10.0,1.2,59
-0.1122920269918441,8.322917,0.95903903,0.5896128,0.502895,0.36,10.0,1.2,59
-0.1425508116173744,7.9708066,1.0116348,0.5930315,0.14992237,0.36,10.0,1.2,59
-0.1127445310521125,7.856356,1.0500115,0.59339666,0.021206737,0.36,10.0,1.2,59
-0.1466626637935638,8.587294,1.0348871,0.589794,0.16205168,0.36,10.0,1.2,59
-0.1655973643064499,8.413196,1.0227757,0.5971461,0.13851881,0.36,10.0,1.2,59
-0.1254008934497833,8.389521,1.0718957,0.58365005,-0.046853065,0.36,10.0,1.2,59
-0.1143549129915237,8.218919,1.0492339,0.582403,0.024642587,0.36,10.0,1.2,59
-0.1416797163105011,8.350218,1.0687869,0.5831358,-0.08392641,0.36,10.0,1.2,59
-0.1252130674052238,7.7495017,0.98981154,0.58829546,0.33772945,0.36,10.0,1.2,59
-0.1180055891942978,8.319827,1.0327694,0.58724266,0.1426884,0.36,10.0,1.2,59
-0.227627300209999,8.57298,1.0738932,0.60665035,0.00040090084,0.36,10.0,1.2,59
-0.1436974993562698,8.281053,1.0357198,0.59913397,0.031119704,0.36,10.0,1.2,59
-0.1087360862922668,8.529831,1.0393682,0.5956958,0.14198673,0.36,10.0,1.2,59
-0.1865375138282776,8.731632,1.0875528,0.6044768,-0.120610505,0.36,10.0,1.2,59
-0.1152930102920532,8.328407,0.95476997,0.59049416,0.62682045,0.36,10.0,1.2,59
-0.1918861036157608,8.489831,1.0674083,0.5904396,-0.0008996725,0.36,10.0,1.2,59
-0.1473867447853088,8.239021,1.0128549,0.5924209,0.11446941,0.36,10.0,1.2,59
-0.1639989175033569,8.188702,1.0398452,0.58771104,0.11572242,0.36,10.0,1.2,59
-0.1372918212366104,8.177148,1.0526826,0.5922516,0.0031448603,0.36,10.0,1.2,59
-0.1136409384489059,8.736148,1.0095115,0.5864422,0.25914848,0.36,10.0,1.2,59
-0.1192463667869567,8.610954,1.0039766,0.5955407,0.41578913,0.36,10.0,1.2,59
-0.164641876502037,8.1543455,1.0419737,0.59934485,0.16423178,0.36,10.0,1.2,59
-0.1311379298639297,8.488198,1.0172333,0.59158015,0.25874913,0.36,10.0,1.2,59
-0.0982053677177429,8.450172,0.9646142,0.57738256,0.59426105,0.36,10.0,1.2,59
-0.1264867556905746,8.750785,1.0105143,0.60101455,0.35905278,0.36,10.0,1.2,59
-0.0703982990741729,8.8486,1.016077,0.57928383,0.32317376,0.36,10.0,1.2,59
-0.1047113121271133,8.968911,0.99166393,0.5945812,0.517043,0.36,10.0,1.2,59
-0.124835385556221,8.315812,1.0317103,0.59755003,0.07124233,0.36,10.0,1.2,59
-0.0949312347602844,8.5099945,0.9825875,0.5952683,0.40240037,0.36,10.0,1.2,59
-0.1489286033248901,8.265636,1.034274,0.5980478,0.1899494,0.36,10.0,1.2,59
-0.1653862577295303,8.445275,1.0146909,0.6127727,0.20282853,0.36,10.0,1.2,59
-0.135443154592514,8.294397,1.0745094,0.5900655,-0.09505293,0.36,10.0,1.2,59
-0.1719076563215255,8.110049,1.0001787,0.6004589,0.27728796,0.36,10.0,1.2,59
-0.1341463449668884,8.474728,0.9993874,0.583918,0.3841585,0.36,10.0,1.2,59
-0.149134828133583,8.560849,1.0214679,0.60041183,0.17522502,0.36,10.0,1.2,59
-0.1784651231145858,8.445209,1.0311487,0.5985552,0.14609897,0.36,10.0,1.2,59
-0.1443648616504669,8.419443,1.0053535,0.6026777,0.31115448,0.36,10.0,1.2,59
-0.1070018865442276,8.353608,0.9878245,0.5942448,0.40326893,0.36,10.0,1.2,59
-0.1345335023880005,8.575954,1.019895,0.5827615,0.2381419,0.36,10.0,1.2,59
-0.083714520201683,8.647426,0.9993792,0.5884773,0.3435464,0.36,10.0,1.2,59
-0.0894064414596557,8.943584,1.0312823,0.5837403,0.27250993,0.36,10.0,1.2,59
-0.1296724309062957,8.623312,1.0293903,0.5980649,0.26629853,0.36,10.0,1.2,59
-0.0849994744062423,8.628821,0.98431784,0.5945109,0.4524715,0.36,10.0,1.2,59
-0.1224136266422271,8.372274,1.0000001,0.5969569,0.3831476,0.36,10.0,1.2,59
-0.1325986781692505,8.483284,1.0050945,0.59050536,0.37715077,0.36,10.0,1.2,59
-0.0869192875003814,8.095186,0.9645237,0.5924059,0.42978203,0.36,10.0,1.2,59
-0.1267950404834747,8.250319,1.0062946,0.59260374,0.37252748,0.36,10.0,1.2,59
-0.0522856450271606,8.157307,1.0054705,0.5827182,0.21815121,0.36,10.0,1.2,59
-0.0968466011285782,8.518624,0.953237,0.58677584,0.65287805,0.36,10.0,1.2,59
-0.131297646522522,8.388329,0.98106307,0.5970641,0.41228414,0.36,10.0,1.2,59
-0.1576504453897476,8.110967,1.0341648,0.6047087,0.13424993,0.36,10.0,1.2,59
-0.131359702501297,8.481215,1.0485404,0.5913592,0.061169505,0.36,10.0,1.2,59
-0.1362099487400055,8.164156,0.99357516,0.592627,0.32970655,0.36,10.0,1.2,59
-0.1158508714056015,7.8401213,1.0315511,0.5864926,0.06290865,0.36,10.0,1.2,59
-0.166199587187767,8.792842,1.0197588,0.5915453,0.22109973,0.36,10.0,1.2,59
-0.1339664669513702,8.202066,1.0534339,0.5904299,0.038870692,0.36,10.0,1.2,59
-0.113243608675003,8.659208,0.9458919,0.5803859,0.6423327,0.36,10.0,1.2,59
-0.125139012260437,8.196617,1.0230839,0.58673507,0.14037585,0.36,10.0,1.2,59
-0.1430768984889984,9.196375,0.9961857,0.6032224,0.42201543,0.36,10.0,1.2,59
-0.1341765804862976,8.284348,0.9822883,0.59218794,0.5614083,0.36,10.0,1.2,59
-0.1146251767349243,9.249779,0.9929765,0.58187014,0.42156792,0.36,10.0,1.2,59
-0.1620910981416702,8.669648,1.0283792,0.5953383,0.13443434,0.36,10.0,1.2,59
-0.1548778055763244,8.386238,1.0166985,0.59796536,0.24453592,0.36,10.0,1.2,59
-0.1280966075372696,8.594266,0.9685707,0.59054834,0.48151243,0.36,10.0,1.2,59
-0.1491157968759536,8.33529,0.9930278,0.59085435,0.40309453,0.36,10.0,1.2,59
-0.1001153179359436,8.595406,0.997915,0.59200126,0.24328375,0.36,10.0,1.2,59
-0.0784319207596778,7.828442,0.99989736,0.58575493,0.3354987,0.36,10.0,1.2,59
-0.1348856030797958,8.160403,1.0132389,0.60242957,0.2628864,0.36,10.0,1.2,59
-0.169085633277893,8.150196,1.070291,0.5865137,-0.10753715,0.36,10.0,1.2,59
-0.1335981643676757,8.323803,1.0462735,0.58555776,0.05209303,0.36,10.0,1.2,59
-0.1142797527551651,8.105035,1.0162339,0.5922477,0.21140516,0.36,10.0,1.2,59
-0.1362239377117157,8.542574,1.0011063,0.59548396,0.35356343,0.36,10.0,1.2,59
-0.1622525105571746,7.93989,1.0326368,0.60622674,0.13665593,0.36,10.0,1.2,59
-0.0929592064857482,8.266087,1.0113214,0.60489064,0.20819712,0.36,10.0,1.2,59
-0.1290072369813919,8.040376,0.989977,0.5966058,0.44418287,0.36,10.0,1.2,59
-0.1341315239191055,8.056626,1.0620494,0.5961297,-0.0853419,0.36,10.0,1.2,59
-0.116593782544136,7.686448,1.01621,0.5882191,0.059381127,0.36,10.0,1.2,59
-0.1526332828687273,9.052458,0.88455904,0.4999078,0.9980614,0.36,10.0,1.2,60
-0.1876418987854294,8.479956,0.88689846,0.49860638,0.9644958,0.36,10.0,1.2,60
-0.1529853199970251,8.771956,0.8994367,0.49603453,0.9360001,0.36,10.0,1.2,60
-0.1753588273049355,8.885124,0.89358675,0.5068613,0.90514207,0.36,10.0,1.2,60
-0.1625679983145717,8.49463,0.8964481,0.5004816,0.9803214,0.36,10.0,1.2,60
-0.1854230388776847,8.772462,0.8811332,0.5018216,0.9937558,0.36,10.0,1.2,60
-0.1380389641164958,8.366569,0.8850332,0.507994,0.93836546,0.36,10.0,1.2,60
-0.155421697902584,8.848162,0.8976248,0.4904942,0.9298861,0.36,10.0,1.2,60
-0.17447301081385,8.812838,0.8849854,0.50791806,0.96017313,0.36,10.0,1.2,60
-0.1229120980768933,8.558476,0.8877152,0.47791746,0.9672427,0.36,10.0,1.2,60
-0.172682319853889,8.52615,0.9147341,0.49611554,0.80271363,0.36,10.0,1.2,60
-0.1132622318926186,8.46649,0.87755144,0.47557187,0.96262276,0.36,10.0,1.2,60
-0.1679488355961962,8.073149,0.87386334,0.512364,0.9888598,0.36,10.0,1.2,60
-0.1148772261451637,8.464003,0.87281024,0.5010893,0.9911778,0.36,10.0,1.2,60
-0.166734427099767,8.38456,0.87595457,0.5062572,0.97422767,0.36,10.0,1.2,60
-0.1784886455929476,8.817874,0.89294314,0.48819315,0.9760263,0.36,10.0,1.2,60
-0.1535589760145346,8.87982,0.88253975,0.5074491,0.9537213,0.36,10.0,1.2,60
-0.1419712253842966,8.392401,0.8816959,0.47850835,0.99394,0.36,10.0,1.2,60
-0.1516964031541985,8.193093,0.88384575,0.48967472,0.9680637,0.36,10.0,1.2,60
-0.1799847452147953,8.810487,0.90054536,0.49599183,0.8831607,0.36,10.0,1.2,60
-0.1352588798678953,8.814266,0.8778117,0.49287212,0.9482925,0.36,10.0,1.2,60
-0.1459050744995586,8.379059,0.8875748,0.49653825,0.9959791,0.36,10.0,1.2,60
-0.1282889184682234,8.33828,0.8760968,0.4955629,0.9751823,0.36,10.0,1.2,60
-0.1263036042693378,8.544951,0.8957692,0.49364692,0.9927654,0.36,10.0,1.2,60
-0.1437013948172435,8.637663,0.8777969,0.5043188,0.99886715,0.36,10.0,1.2,60
-0.199837292680268,8.546298,0.89297533,0.5008952,0.9402485,0.36,10.0,1.2,60
-0.1061830276653371,8.139215,0.889314,0.46997312,0.98738647,0.36,10.0,1.2,60
-0.1713584120682682,8.616336,0.8770593,0.49896657,0.9926306,0.36,10.0,1.2,60
-0.1392116783487015,9.040137,0.90313894,0.5023773,0.9817046,0.36,10.0,1.2,60
-0.2033807946062493,8.8555765,0.8849179,0.4994362,0.94449615,0.36,10.0,1.2,60
-0.1645492797401203,8.804243,0.8896184,0.4909674,0.9638889,0.36,10.0,1.2,60
-0.1190797666778201,8.735666,0.89625645,0.48816,0.9034457,0.36,10.0,1.2,60
-0.1686913611758882,8.60622,0.8790047,0.50150406,0.99944866,0.36,10.0,1.2,60
-0.1336886402605294,8.93105,0.92351365,0.4953931,0.74137616,0.36,10.0,1.2,60
-0.1301447306817146,8.296648,0.88630885,0.4875795,0.96932673,0.36,10.0,1.2,60
-0.1738883693555762,8.742013,0.88104576,0.49555787,0.8948275,0.36,10.0,1.2,60
-0.110825357766316,8.688391,0.9002116,0.48381546,0.91442955,0.36,10.0,1.2,60
-0.1580733982964478,8.213029,0.8990779,0.47839975,0.9035517,0.36,10.0,1.2,60
-0.1365807523090521,9.023965,0.87530994,0.48755285,0.97103715,0.36,10.0,1.2,60
-0.1394616204264642,8.508399,0.9010205,0.4949793,0.99799716,0.36,10.0,1.2,60
-0.1610129887333746,8.455174,0.88343537,0.5080238,0.98009515,0.36,10.0,1.2,60
-0.1421237307754142,8.70771,0.90427935,0.5051755,0.82820535,0.36,10.0,1.2,60
-0.1871752614674418,8.609815,0.8894163,0.4885464,0.99301994,0.36,10.0,1.2,60
-0.1768308590864646,8.613653,0.873286,0.50004077,0.9713639,0.36,10.0,1.2,60
-0.1513759790091827,8.597455,0.91021395,0.5019141,0.77546334,0.36,10.0,1.2,60
-0.1651736869509068,8.4234915,0.8807933,0.4961986,0.96362567,0.36,10.0,1.2,60
-0.1550265216207194,8.427551,0.892342,0.50216377,0.93081737,0.36,10.0,1.2,60
-0.1427048702726607,8.74867,0.88720787,0.49744087,0.9545803,0.36,10.0,1.2,60
-0.1536716094036112,8.418425,0.8726376,0.4902841,0.9790273,0.36,10.0,1.2,60
-0.1564289628916707,8.496974,0.8967029,0.4805864,0.9162142,0.36,10.0,1.2,60
-0.1082865938000108,8.483944,0.88577497,0.49173358,0.9355798,0.36,10.0,1.2,60
-0.1176282040413288,7.7972174,0.8872219,0.48747778,0.9198539,0.36,10.0,1.2,60
-0.1555594328250093,8.367899,0.88455933,0.49172655,0.8823434,0.36,10.0,1.2,60
-0.2049237825311142,8.601538,0.8851563,0.5006533,0.99844813,0.36,10.0,1.2,60
-0.1395088150180417,8.886709,0.89331377,0.4894804,0.98525345,0.36,10.0,1.2,60
-0.151445243830917,8.443459,0.8936894,0.49630773,0.98097706,0.36,10.0,1.2,60
-0.1750542829369473,8.621011,0.8842176,0.5109402,0.99279714,0.36,10.0,1.2,60
-0.1458575069146969,8.546105,0.9122908,0.48586094,0.813576,0.36,10.0,1.2,60
-0.1696090944556369,9.499038,0.8925789,0.497556,0.9974772,0.36,10.0,1.2,60
-0.1575239964984189,8.199678,0.8892544,0.48740485,0.96608627,0.36,10.0,1.2,60
-0.2102679839713863,8.465949,0.88451105,0.5119936,0.96802175,0.36,10.0,1.2,60
-0.1080510027197493,8.518489,0.88491523,0.48979568,0.9881021,0.36,10.0,1.2,60
-0.1937391315107646,8.371817,0.8989109,0.50272447,0.8803108,0.36,10.0,1.2,60
-0.127831353401768,8.269578,0.89863,0.49120122,0.9628637,0.36,10.0,1.2,60
-0.107601687173476,8.614097,0.8882184,0.482216,0.96964717,0.36,10.0,1.2,60
-0.1318079483240708,8.496259,0.883761,0.5045577,0.98843765,0.36,10.0,1.2,60
-0.1465120861564892,9.427447,0.89404356,0.48965418,0.94227946,0.36,10.0,1.2,60
-0.1064727161561566,8.346458,0.89064384,0.48680112,0.9498317,0.36,10.0,1.2,60
-0.1703170735088213,8.406831,0.87559927,0.5014079,0.96461284,0.36,10.0,1.2,60
-0.1626635662193832,8.8316965,0.88538486,0.50067604,0.97676575,0.36,10.0,1.2,60
-0.167295038556981,8.366175,0.8848659,0.48854172,0.97319865,0.36,10.0,1.2,60
-0.1304485656238306,8.565742,0.8881106,0.491247,0.9717293,0.36,10.0,1.2,60
-0.1488901742009176,8.262575,0.8888645,0.50469714,0.9542048,0.36,10.0,1.2,60
-0.1756292313739858,8.913212,0.8965125,0.49921927,0.8980999,0.36,10.0,1.2,60
-0.1567543139560274,8.128186,0.86825806,0.5085855,0.99298775,0.36,10.0,1.2,60
-0.1146609651165762,8.395894,0.88709706,0.49344933,0.97375965,0.36,10.0,1.2,60
-0.1344601433655212,9.160485,0.90358734,0.49193066,0.85438883,0.36,10.0,1.2,60
-0.1506593803026009,9.071866,0.889646,0.50650066,0.9913486,0.36,10.0,1.2,60
-0.185851349824664,8.5608635,0.8849412,0.5022504,0.99192667,0.36,10.0,1.2,60
-0.1953695218523721,8.714814,0.8983461,0.5005278,0.94852555,0.36,10.0,1.2,60
-0.1195406488432414,8.378736,0.9063984,0.4892121,0.7986709,0.36,10.0,1.2,60
-0.1688935679063133,8.086656,0.8957641,0.49754626,0.8201901,0.36,10.0,1.2,60
-0.1634926734798368,8.86349,0.88686806,0.49810538,0.913558,0.36,10.0,1.2,60
-0.161570585178339,8.362013,0.8766315,0.49919212,0.9672563,0.36,10.0,1.2,60
-0.1895622536610102,8.218928,0.88304055,0.49853972,0.8893274,0.36,10.0,1.2,60
-0.1294402042348841,8.378296,0.8818079,0.49940282,0.9723033,0.36,10.0,1.2,60
-0.1796296085042319,8.457756,0.8832742,0.5016166,0.9752753,0.36,10.0,1.2,60
-0.1653085756707394,8.906863,0.89765286,0.5067578,0.89529884,0.36,10.0,1.2,60
-0.15431783912777,8.334396,0.9015324,0.5049289,0.76178074,0.36,10.0,1.2,60
-0.1550538386947933,8.849156,0.9127599,0.50570047,0.90332973,0.36,10.0,1.2,60
-0.1503233714005898,8.929229,0.8970183,0.48312777,0.9653971,0.36,10.0,1.2,60
-0.2258503577445613,8.969944,0.8837869,0.5031699,0.9251859,0.36,10.0,1.2,60
-0.1862597949329527,9.326873,0.9067154,0.5017749,0.8910016,0.36,10.0,1.2,60
-0.1439456276406998,8.698657,0.91429216,0.49532872,0.801731,0.36,10.0,1.2,60
-0.1490581057798033,8.347287,0.8827029,0.4782757,0.93182814,0.36,10.0,1.2,60
-0.1508115262159888,8.972238,0.8836113,0.49841726,0.9703071,0.36,10.0,1.2,60
-0.1718466479841502,8.641689,0.88929987,0.50065947,0.98267317,0.36,10.0,1.2,60
-0.1563308797603013,8.74317,0.88345474,0.48389444,0.9728327,0.36,10.0,1.2,60
-0.1648943809940553,8.588014,0.88286257,0.4935748,0.98238695,0.36,10.0,1.2,60
-0.1848122257539902,8.892531,0.8923503,0.49805164,0.9032645,0.36,10.0,1.2,60
-0.1838127566493112,8.182588,0.88141656,0.505952,0.99862504,0.36,10.0,1.2,60
-0.1351874359277798,8.38991,0.88689953,0.49576455,0.9736687,0.36,10.0,1.2,60
-0.1841828737740757,8.396994,0.8800478,0.49096078,0.98876786,0.36,10.0,1.2,60
-0.1956328177332818,8.859411,0.8843726,0.50628906,0.9823935,0.36,10.0,1.2,60
-0.138340308601824,8.047495,0.8808856,0.48712113,0.9547399,0.36,10.0,1.2,60
-0.2135098836420773,8.432237,0.88063484,0.5063357,0.9214635,0.36,10.0,1.2,60
-0.1004340881762235,8.641105,0.89449984,0.4971091,0.9705528,0.36,10.0,1.2,60
-0.1911374700659808,8.738204,0.8840786,0.4988377,0.97763324,0.36,10.0,1.2,60
-0.1707380730608453,8.699017,0.8910506,0.4940455,0.998158,0.36,10.0,1.2,60
-0.1366614048715947,8.717912,0.8953731,0.48908687,0.8665507,0.36,10.0,1.2,60
-0.0817086598812311,8.940488,0.8928817,0.49413723,0.9279851,0.36,10.0,1.2,60
-0.14466212436281,8.222384,0.8873837,0.4917951,0.9672884,0.36,10.0,1.2,60
-0.1682915409032317,8.470839,0.8874853,0.4960369,0.897753,0.36,10.0,1.2,60
-0.1575542137132638,8.34101,0.8799097,0.50396484,0.9922261,0.36,10.0,1.2,60
-0.1583630055281566,8.624083,0.8949948,0.48837227,0.93116117,0.36,10.0,1.2,60
-0.1172058704067552,8.26685,0.87863314,0.48590365,0.99325526,0.36,10.0,1.2,60
-0.1321979630607673,9.272678,0.89892423,0.49092096,0.9985379,0.36,10.0,1.2,60
-0.1419336166114673,8.701898,0.913108,0.49554658,0.81388175,0.36,10.0,1.2,60
-0.1505831109505405,8.763,0.88697046,0.4999846,0.9917518,0.36,10.0,1.2,60
-0.1620298112553915,8.057413,0.87997687,0.49695554,0.9700718,0.36,10.0,1.2,60
-0.1489746276613114,8.595241,0.89158916,0.48614612,0.96137893,0.36,10.0,1.2,60
-0.1691997864319122,8.712118,0.8962732,0.49879712,0.9043292,0.36,10.0,1.2,60
-0.1883177779971986,8.863712,0.89463663,0.5045374,0.8913574,0.36,10.0,1.2,60
-0.189207420541144,9.054182,0.88477176,0.49765265,0.99701774,0.36,10.0,1.2,60
-0.1190793083917504,8.826123,0.9113264,0.49537405,0.7871274,0.36,10.0,1.2,60
-0.1508384839304093,8.985109,0.8970457,0.50015384,0.9814179,0.36,10.0,1.2,60
-0.2041260864747769,9.073577,0.9062426,0.5045967,0.9350245,0.36,10.0,1.2,60
-0.1534330843257093,8.34736,0.88671494,0.48850226,0.94211316,0.36,10.0,1.2,60
-0.1703637852163061,9.120186,0.8882638,0.49339154,0.9590372,0.36,10.0,1.2,60
-0.1376676861783037,8.638984,0.8623923,0.49065098,0.95113647,0.36,10.0,1.2,60
-0.1832596597151496,8.65614,0.88620496,0.5103417,0.95422053,0.36,10.0,1.2,60
-0.1643330594788437,8.649411,0.88678974,0.51166415,0.9729179,0.36,10.0,1.2,60
-0.1267082157631168,8.922044,0.9150307,0.4821555,0.85089993,0.36,10.0,1.2,60
-0.1058913209892738,8.501917,0.8912347,0.48248902,0.9576905,0.36,10.0,1.2,60
-0.1626426871673293,8.536526,0.8837169,0.49855518,0.93814373,0.36,10.0,1.2,60
-0.1341639992617082,8.673189,0.878351,0.48154643,0.9781374,0.36,10.0,1.2,60
-0.1746253038227945,8.65152,0.9100407,0.50059074,0.766165,0.36,10.0,1.2,60
-0.1663088506552623,8.911948,0.8872378,0.5012359,0.8724655,0.36,10.0,1.2,60
-0.1897627868778768,8.723665,0.88551575,0.5056679,0.9854816,0.36,10.0,1.2,60
-0.1826343930107525,8.615687,0.8847042,0.4911191,0.95374787,0.36,10.0,1.2,60
-0.1179681937738679,9.139474,0.89159966,0.48363498,0.8709508,0.36,10.0,1.2,60
-0.1707475928582806,8.338597,0.89207894,0.5002955,0.85686016,0.36,10.0,1.2,60
-0.1496126900403842,8.474296,0.8784651,0.49789497,0.9769294,0.36,10.0,1.2,60
-0.1494976863400706,8.153608,0.9084242,0.50839645,0.867566,0.36,10.0,1.2,60
-0.1301196572206925,8.187058,0.8924522,0.5021879,0.94237196,0.36,10.0,1.2,60
-0.1895035246326185,8.421495,0.8985539,0.5009376,0.8817086,0.36,10.0,1.2,60
-0.1287898626990649,8.3873205,0.8932822,0.49549794,0.81558573,0.36,10.0,1.2,60
-0.1535494115485019,8.867292,0.88733155,0.50397223,0.94589674,0.36,10.0,1.2,60
-0.146522828428193,8.641558,0.87396896,0.49641567,0.97991335,0.36,10.0,1.2,60
-0.1392753777258273,8.813656,0.888694,0.4947585,0.93443394,0.36,10.0,1.2,60
-0.1679855055890123,8.6512575,0.8821237,0.48956406,0.9491193,0.36,10.0,1.2,60
-0.1880204122408799,8.495081,0.8831403,0.49986103,0.98284125,0.36,10.0,1.2,60
-0.1469088792765122,8.637803,0.8856681,0.5015911,0.97111726,0.36,10.0,1.2,60
-0.1694632415380282,9.012135,0.89277613,0.5010553,0.9678781,0.36,10.0,1.2,60
-0.1538960034683861,8.874446,0.90099895,0.50078624,0.9418106,0.36,10.0,1.2,60
-0.1555580937510552,8.351839,0.8870989,0.50565344,0.98514426,0.36,10.0,1.2,60
-0.1513127139283753,8.809281,0.89897317,0.5007613,0.98094594,0.36,10.0,1.2,60
-0.1223816752040189,8.475035,0.88370734,0.48860377,0.96973133,0.36,10.0,1.2,60
-0.1601556530733476,8.610514,0.8902648,0.503992,0.95656383,0.36,10.0,1.2,60
-0.1296917627429055,8.837552,0.8907436,0.48262128,0.9672359,0.36,10.0,1.2,60
-0.1233546458690866,8.975221,0.9087611,0.49747598,0.7935873,0.36,10.0,1.2,60
-0.1290915790231541,8.505445,0.886763,0.48977396,0.97200215,0.36,10.0,1.2,60
-0.1635857067530366,8.482025,0.87761676,0.5067118,0.9745513,0.36,10.0,1.2,60
-0.1886349483500008,9.00827,0.8987049,0.5019791,0.9051703,0.36,10.0,1.2,60
-0.1756455195254239,8.39066,0.9000628,0.5064918,0.80490303,0.36,10.0,1.2,60
-0.1827248629419251,8.876734,0.8911398,0.49170658,0.9804946,0.36,10.0,1.2,60
-0.1653540259984328,9.063781,0.88692784,0.50333,0.97654283,0.36,10.0,1.2,60
-0.1564400854308704,9.127966,0.8995216,0.4845699,0.942489,0.36,10.0,1.2,60
-0.1552734688247902,8.746878,0.8946447,0.4922605,0.9484316,0.36,10.0,1.2,60
-0.1640335945763428,8.52043,0.88103575,0.50302076,0.9993906,0.36,10.0,1.2,60
-0.168777213785993,8.8088,0.89514166,0.500082,0.95716417,0.36,10.0,1.2,60
-0.1388245787210259,8.270762,0.8874167,0.5033825,0.9939916,0.36,10.0,1.2,60
-0.1618374180042368,8.678294,0.87929004,0.4932003,0.9665159,0.36,10.0,1.2,60
-0.1454813487712236,8.393464,0.87827325,0.50443023,0.9556333,0.36,10.0,1.2,60
-0.2016408557555507,8.602117,0.889781,0.49053872,0.8940096,0.36,10.0,1.2,60
-0.115711343398149,9.237435,0.899751,0.48698083,0.9163747,0.36,10.0,1.2,60
-0.1127678609144813,8.138907,0.88400316,0.47999716,0.98594713,0.36,10.0,1.2,60
-0.1093431313482745,8.584,0.8915265,0.49174345,0.9469694,0.36,10.0,1.2,60
-0.1313391481297442,8.768854,0.8973635,0.49070963,0.9671273,0.36,10.0,1.2,60
-0.1640373835449161,8.25789,0.88504237,0.48381653,0.96760726,0.36,10.0,1.2,60
-0.1546085670973552,8.419734,0.89834696,0.48987097,0.8992826,0.36,10.0,1.2,60
-0.1138784804482529,8.341775,0.898012,0.49213284,0.878374,0.36,10.0,1.2,60
-0.1826317634852067,8.455153,0.8907397,0.4892627,0.9176341,0.36,10.0,1.2,60
-0.1388990990217475,8.791237,0.90462667,0.4883374,0.7695761,0.36,10.0,1.2,60
-0.1626295267635133,8.458121,0.8836425,0.5074719,0.9964869,0.36,10.0,1.2,60
-0.1190189634936639,8.84656,0.8983674,0.5043868,0.83556616,0.36,10.0,1.2,60
-0.1454354608124527,8.597339,0.8937966,0.4981563,0.9763061,0.36,10.0,1.2,60
-0.147351546976911,8.581939,0.90119517,0.4908365,0.90186477,0.36,10.0,1.2,60
-0.1688811162151414,8.664323,0.8873983,0.49431142,0.9613297,0.36,10.0,1.2,60
-0.1451378588130201,8.800846,0.8788747,0.4855843,0.9802135,0.36,10.0,1.2,60
-0.1601108437588717,8.530737,0.87907416,0.51015675,0.9197277,0.36,10.0,1.2,60
-0.1103260226306944,8.576224,0.8749812,0.4771949,0.9976462,0.36,10.0,1.2,60
-0.1461942424697837,9.071489,0.8867859,0.49021453,0.9603882,0.36,10.0,1.2,60
-0.1643020408269224,8.651582,0.88917935,0.49799535,0.9633995,0.36,10.0,1.2,60
-0.1605884726122655,8.71924,0.88542885,0.49998784,0.98293495,0.36,10.0,1.2,60
-0.1933738986619297,8.345285,0.88380677,0.49703467,0.9666256,0.36,10.0,1.2,60
-0.1774142427155827,8.510071,0.892355,0.48593286,0.91275525,0.36,10.0,1.2,60
-0.1216748354875069,8.497313,0.88898003,0.48813012,0.99193025,0.36,10.0,1.2,60
-0.0956457991454528,8.847793,0.8953001,0.48238602,0.97210944,0.36,10.0,1.2,60
-0.1527070968004391,8.478204,0.87389845,0.5003434,0.9359766,0.36,10.0,1.2,60
-0.1665147738912333,8.877225,0.90095484,0.4957147,0.85373724,0.36,10.0,1.2,60
-0.1393934476119151,8.793045,0.87860936,0.48646283,0.9916369,0.36,10.0,1.2,60
-0.1469714826676414,8.289676,0.87415147,0.4987493,0.949216,0.36,10.0,1.2,60
-0.1222784827851605,8.791591,0.9122125,0.4969352,0.84819853,0.36,10.0,1.2,60
-0.144488990879345,8.42833,0.8875463,0.49375343,0.8254136,0.36,10.0,1.2,60
-0.1626088599576659,8.737863,0.8809824,0.49595252,0.9650779,0.36,10.0,1.2,60
-0.1787527047818514,8.516214,0.89617777,0.4952946,0.88279784,0.36,10.0,1.2,60
-0.1637710025896127,8.594325,0.89591223,0.49763304,0.90585816,0.36,10.0,1.2,60
-0.1743721263595913,8.53353,0.8761111,0.49833477,0.96608794,0.36,10.0,1.2,60
-0.1343015050005471,8.597324,0.89914536,0.48901802,0.9317,0.36,10.0,1.2,60
-0.1863313119002376,8.22857,0.89241856,0.51142967,0.87986755,0.36,10.0,1.2,60
-0.1586601320679871,8.906014,0.8942156,0.49054876,0.9659296,0.36,10.0,1.2,60
-0.1439471621928422,8.71421,0.8885266,0.49719653,0.9651092,0.36,10.0,1.2,60
-0.1111088551659176,8.466935,0.87327236,0.48468998,0.98928034,0.36,10.0,1.2,60
-0.1340642036528155,8.782029,0.9005704,0.4925993,0.7938025,0.36,10.0,1.2,60
-0.1673180711096438,8.148217,0.86776596,0.50962365,0.9797821,0.36,10.0,1.2,60
-0.1468139697480881,8.23838,0.88318443,0.5042174,0.92071164,0.36,10.0,1.2,60
-0.1363668839319638,8.849009,0.8980889,0.49728063,0.97604215,0.36,10.0,1.2,60
-0.1647811752012099,8.265023,0.8757236,0.49263978,0.95318747,0.36,10.0,1.2,60
-0.1906594908362689,8.741075,0.89369094,0.49677122,0.9668783,0.36,10.0,1.2,60
-0.1409706225450066,8.416591,0.9038249,0.49977323,0.81393015,0.36,10.0,1.2,60
-0.2161250216976412,8.337205,0.89217085,0.508275,0.9590589,0.36,10.0,1.2,60
-0.1702991296781069,8.524204,0.89126456,0.50189316,0.98273134,0.36,10.0,1.2,60
-0.1438738932962594,8.839779,0.8776525,0.48788822,0.9679439,0.36,10.0,1.2,60
-0.168766523197092,8.8317995,0.890981,0.49816793,0.97482705,0.36,10.0,1.2,60
-0.1644368036106981,8.436306,0.8773671,0.49774563,0.9595777,0.36,10.0,1.2,60
-0.2109424029689481,8.898747,0.8913902,0.4956756,0.99200547,0.36,10.0,1.2,60
-0.1482909153067153,8.857227,0.90089107,0.48812807,0.9827182,0.36,10.0,1.2,60
-0.1795289999953265,8.456293,0.91698045,0.49713126,0.7304113,0.36,10.0,1.2,60
-0.1654956085840543,8.701616,0.88324744,0.5004248,0.99622893,0.36,10.0,1.2,60
-0.1865828113796831,8.907292,0.8954986,0.5094708,0.9171231,0.36,10.0,1.2,60
-0.2047457712802247,8.4388,0.8792057,0.51112705,0.9774978,0.36,10.0,1.2,60
-0.1525179639549599,8.782628,0.8975441,0.4898851,0.83736396,0.36,10.0,1.2,60
-0.1752332665241617,8.807822,0.89538234,0.4974929,0.93742466,0.36,10.0,1.2,60
-0.1479133830564269,8.686154,0.8858336,0.49947885,0.9617108,0.36,10.0,1.2,60
-0.2051617776459011,8.697716,0.8980328,0.50959414,0.8768228,0.36,10.0,1.2,60
-0.2098255734255219,8.469858,0.88762224,0.51456356,0.88500106,0.36,10.0,1.2,60
-0.1652834449451288,8.512962,0.8916518,0.4795137,0.8659868,0.36,10.0,1.2,60
-0.1476283167039471,9.375912,0.8941963,0.5004629,0.9625727,0.36,10.0,1.2,60
-0.1093211153842855,8.96432,0.8946151,0.4935019,0.9288806,0.36,10.0,1.2,60
-0.1324681047465337,8.534449,0.8866496,0.48204082,0.94920695,0.36,10.0,1.2,60
-0.1582622617706768,8.464847,0.89214915,0.5085323,0.8684828,0.36,10.0,1.2,60
-0.1340968592695262,7.83432,0.8786069,0.48661357,0.9836223,0.36,10.0,1.2,60
-0.1880528867870882,8.837409,0.8763052,0.5047682,0.9944645,0.36,10.0,1.2,60
-0.1706437498286344,8.912306,0.88745934,0.5022403,0.9753897,0.36,10.0,1.2,60
-0.1202163732117447,8.095957,0.8885579,0.500719,0.92708397,0.36,10.0,1.2,60
-0.1182730990138395,8.026796,0.89191407,0.4864935,0.9235662,0.36,10.0,1.2,60
-0.1433816013543709,8.637915,0.88220084,0.49803567,0.8832201,0.36,10.0,1.2,60
-0.1864343293002988,8.692986,0.90534425,0.50110376,0.9032893,0.36,10.0,1.2,60
-0.1339793269535253,8.449069,0.8899255,0.5076534,0.9763166,0.36,10.0,1.2,60
-0.1310235550333226,8.484967,0.89434683,0.49074656,0.98906076,0.36,10.0,1.2,60
-0.1875236064210541,8.81393,0.8937646,0.5053664,0.9853505,0.36,10.0,1.2,60
-0.1336290597700965,8.380077,0.8976371,0.49893662,0.95152843,0.36,10.0,1.2,60
-0.1617004723343746,8.79747,0.8876725,0.50544685,0.9882333,0.36,10.0,1.2,60
-0.1485084773028356,8.550771,0.886114,0.48800159,0.89864147,0.36,10.0,1.2,60
-0.1466091935118178,8.565784,0.8921009,0.4995843,0.98215175,0.36,10.0,1.2,60
-0.0719574910918136,8.8015995,0.88900995,0.48565614,0.94299054,0.36,10.0,1.2,60
-0.1443608834887815,8.92006,0.8840934,0.49788547,0.98678577,0.36,10.0,1.2,60
-0.1902421049561245,8.738008,0.89432096,0.51069933,0.8734536,0.36,10.0,1.2,60
-0.1246044310550203,8.2428055,0.8995758,0.47993973,0.9254631,0.36,10.0,1.2,60
-0.1236677851779512,8.082433,0.8825364,0.4987992,0.94852436,0.36,10.0,1.2,60
-0.1816391526155915,8.174131,0.8928221,0.48931375,0.84576964,0.36,10.0,1.2,60
-0.1842394127340064,8.481544,0.88280654,0.48582947,0.97537434,0.36,10.0,1.2,60
-0.1369444555184315,8.728395,0.90005964,0.48162735,0.8313943,0.36,10.0,1.2,60
-0.179453450947657,8.505152,0.8907096,0.50168765,0.95696044,0.36,10.0,1.2,60
-0.1872946797066059,8.424657,0.8804338,0.5049161,0.9985329,0.36,10.0,1.2,60
-0.1967965647624456,8.610962,0.90342283,0.49925256,0.9418845,0.36,10.0,1.2,60
-0.1691304328705204,8.4621315,0.887109,0.5039889,0.94536424,0.36,10.0,1.2,60
-0.1401486454420294,8.780034,0.89065313,0.49190778,0.9656534,0.36,10.0,1.2,60
-0.1241346041902176,8.573306,0.89012456,0.49501434,0.9468577,0.36,10.0,1.2,60
-0.1111888033583976,8.357876,0.8828249,0.50970536,0.9598739,0.36,10.0,1.2,60
-0.2073262933661426,8.644191,0.8985457,0.502713,0.986408,0.36,10.0,1.2,60
-0.169726225498499,8.978168,0.8841649,0.48603907,0.97756124,0.36,10.0,1.2,60
-0.1874685603526307,8.698541,0.8967761,0.49924725,0.96958864,0.36,10.0,1.2,60
-0.1563518226379272,8.657411,0.8940182,0.4907657,0.9408101,0.36,10.0,1.2,60
-0.167761773112537,8.717117,0.8830235,0.50200653,0.9678985,0.36,10.0,1.2,60
-0.1803645930318846,8.225771,0.88099194,0.50559795,0.92268276,0.36,10.0,1.2,60
-0.1437322869808928,8.277071,0.8851075,0.4842236,0.99689937,0.36,10.0,1.2,60
-0.1346063670747097,8.152531,0.89313805,0.49957907,0.9400873,0.36,10.0,1.2,60
-0.1763507337555878,8.50173,0.8815433,0.51262283,0.9940722,0.36,10.0,1.2,60
-0.1668812175605701,8.846548,0.88613695,0.48712146,0.96876514,0.36,10.0,1.2,60
-0.1560715115171721,8.446806,0.8838685,0.5031174,0.9835471,0.36,10.0,1.2,60
-0.1565809377543386,8.6791525,0.8991293,0.50951886,0.973207,0.36,10.0,1.2,60
-0.18193687482498,8.763619,0.8807344,0.5119761,0.9868152,0.36,10.0,1.2,60
-0.1977874188198931,8.258176,0.8742728,0.5071775,0.9356116,0.36,10.0,1.2,60
-0.1301416870162987,8.8768015,0.88749915,0.4869259,0.98094034,0.36,10.0,1.2,60
-0.1153090446743147,8.775507,0.8960254,0.48053098,0.9540268,0.36,10.0,1.2,60
-0.2067429400420654,8.771301,0.89513713,0.5010317,0.94499505,0.36,10.0,1.2,60
-0.1828992012788678,8.4406,0.89095396,0.4989222,0.9594419,0.36,10.0,1.2,60
-0.1901667792263956,8.681787,0.87618417,0.50189835,0.97781277,0.36,10.0,1.2,60
-0.1852422663663374,8.377843,0.8955372,0.50167966,0.99879456,0.36,10.0,1.2,60
-0.1572935436653339,8.409877,0.8921266,0.49259964,0.97808075,0.36,10.0,1.2,60
-0.1250029787950482,8.4098625,0.89433724,0.48760107,0.9944228,0.36,10.0,1.2,60
-0.136502807655592,8.491988,0.8953436,0.4937671,0.8557209,0.36,10.0,1.2,60
-0.1914365017694375,8.17646,0.88924384,0.5000208,0.94943476,0.36,10.0,1.2,60
-0.1503714426211442,8.628893,0.88031197,0.48644152,0.96470606,0.36,10.0,1.2,60
-0.1292823477254145,8.566878,0.8826205,0.4928358,0.97512805,0.36,10.0,1.2,60
-0.1793906102089836,8.104156,0.87647146,0.5036678,0.9885057,0.36,10.0,1.2,60
-0.1690917815179333,8.862492,0.8772695,0.4967832,0.9874698,0.36,10.0,1.2,60
-0.1116193584575242,9.001733,0.900172,0.47953513,0.9282849,0.36,10.0,1.2,60
-0.1568494004377906,8.432728,0.9029279,0.49227387,0.9344629,0.36,10.0,1.2,60
-0.1638627091093383,8.26844,0.8807959,0.4895488,0.9245106,0.36,10.0,1.2,60
-0.1426573837047937,8.225954,0.88781357,0.5100809,0.929018,0.36,10.0,1.2,60
-0.1493659569299954,8.755231,0.89107925,0.4966784,0.90740895,0.36,10.0,1.2,60
-0.1490915676604037,8.556786,0.89705557,0.49375412,0.7816608,0.36,10.0,1.2,60
-0.1706671846741852,8.554402,0.8888319,0.49924943,0.94609225,0.36,10.0,1.2,60
-0.1610022263135714,8.9492235,0.8783765,0.5022641,0.98986495,0.36,10.0,1.2,60
-0.1384603610570696,8.73529,0.8825079,0.496815,0.9942566,0.36,10.0,1.2,60
-0.1434029369332779,8.743446,0.8936848,0.47969675,0.9188162,0.36,10.0,1.2,60
-0.1917607794289829,8.875499,0.8782961,0.49184555,0.9724134,0.36,10.0,1.2,60
-0.1710356232844453,8.028796,0.88603294,0.48633584,0.94810283,0.36,10.0,1.2,60
-0.1793335696397393,8.849107,0.8812015,0.4933858,0.96680033,0.36,10.0,1.2,60
-0.2055939856584576,9.095929,0.89022315,0.4962687,0.9691988,0.36,10.0,1.2,60
-0.1798744617240795,8.649145,0.89460903,0.4951702,0.9068123,0.36,10.0,1.2,60
-0.1496139186736999,8.819219,0.89020795,0.48383898,0.9247484,0.36,10.0,1.2,60
-0.1391412180623392,8.434448,0.8968805,0.48763978,0.79275155,0.36,10.0,1.2,60
-0.1601946710848462,8.547509,0.89519477,0.4963413,0.9714469,0.36,10.0,1.2,60
-0.1219560335241835,8.523608,0.88890666,0.4916184,0.88373625,0.36,10.0,1.2,60
-0.1485084235936537,8.665109,0.8899332,0.49534172,0.95255303,0.36,10.0,1.2,60
-0.157347653921155,8.930929,0.88045555,0.5129895,0.96709275,0.36,10.0,1.2,60
-0.1218163553317109,9.075643,0.8888156,0.49579856,0.97709906,0.36,10.0,1.2,60
-0.1792745036742519,8.445792,0.874087,0.49750182,0.9130124,0.36,10.0,1.2,60
-0.1489504525660275,8.390296,0.87888026,0.4943491,0.99321866,0.36,10.0,1.2,60
-0.1058136415922862,8.712483,0.88946503,0.49007455,0.9427786,0.36,10.0,1.2,60
-0.1379781107654447,8.587298,0.89175695,0.48790136,0.90934503,0.36,10.0,1.2,60
-0.1631022510151674,7.9291406,0.88495904,0.5030719,0.9342921,0.36,10.0,1.2,60
-0.1968458039263238,8.687578,0.8864637,0.49314415,0.9822607,0.36,10.0,1.2,60
-0.144157108132275,8.7586355,0.8814705,0.49757275,0.9870672,0.36,10.0,1.2,60
-0.143035691507224,8.471409,0.89263535,0.5017397,0.85207665,0.36,10.0,1.2,60
-0.1520814377048601,8.564119,0.9040236,0.48850733,0.9370471,0.36,10.0,1.2,60
-0.1524047071209784,8.741134,0.8904127,0.50291187,0.86323273,0.36,10.0,1.2,60
-0.1733939219200951,7.806158,0.8863625,0.49616355,0.8697326,0.36,10.0,1.2,60
-0.1633830258523064,8.568845,0.8819314,0.49541897,0.9425802,0.36,10.0,1.2,60
-0.1528081306545301,8.572829,0.8916654,0.4880732,0.96940064,0.36,10.0,1.2,60
-0.1844306355085654,8.477099,0.8878863,0.5013749,0.9416517,0.36,10.0,1.2,60
-0.162526356362891,8.956337,0.90906185,0.49068475,0.8508785,0.36,10.0,1.2,60
-0.216864616533349,8.3743105,0.88800937,0.5026049,0.8374108,0.36,10.0,1.2,60
-0.2354639612286612,8.793388,0.90104014,0.50457424,0.94945204,0.36,10.0,1.2,60
-0.1509808181165873,8.38182,0.87796736,0.48606765,0.9975585,0.36,10.0,1.2,60
-0.1678163332889055,8.555037,0.8798589,0.48490262,0.99014366,0.36,10.0,1.2,60
-0.1309038831473231,8.954542,0.90276027,0.47984862,0.9145527,0.36,10.0,1.2,60
-0.1898761525280538,8.973403,0.8880704,0.50229394,0.9314358,0.36,10.0,1.2,60
-0.1612318479245516,9.192985,0.8961268,0.50440454,0.99706054,0.36,10.0,1.2,60
-0.1512020217173692,8.393335,0.88388866,0.5074266,0.96561205,0.36,10.0,1.2,60
-0.1710255602349514,8.495917,0.89183927,0.49583375,0.8914137,0.36,10.0,1.2,60
-0.1572691494396413,8.670629,0.8905084,0.49287397,0.96737576,0.36,10.0,1.2,60
-0.1203557386107299,8.947139,0.892349,0.4859817,0.94818115,0.36,10.0,1.2,60
-0.1767753826337435,8.843172,0.90222263,0.500552,0.9705876,0.36,10.0,1.2,60
-0.1389062059372887,8.7932,0.88466763,0.49686795,0.9909226,0.36,10.0,1.2,60
-0.1391633363888823,8.110037,0.89267796,0.49003357,0.83935106,0.36,10.0,1.2,60
-0.1607008142158829,8.682869,0.8865565,0.49691737,0.9653325,0.36,10.0,1.2,60
-0.1151167913279931,8.807125,0.8935933,0.48226944,0.9286189,0.36,10.0,1.2,60
-0.1625442397051778,8.929726,0.8808375,0.5140642,0.9831377,0.36,10.0,1.2,60
-0.1720616156187816,8.681746,0.9118894,0.50484854,0.75700915,0.36,10.0,1.2,60
-0.1208559565140999,8.913613,0.8941872,0.49072126,0.95475745,0.36,10.0,1.2,60
-0.1723747661126858,9.147926,0.88599575,0.50326663,0.91259825,0.36,10.0,1.2,60
-0.1637358839324619,8.828009,0.88057196,0.48728752,0.9396415,0.36,10.0,1.2,60
-0.1676304085568346,8.874777,0.8951249,0.5134409,0.99667275,0.36,10.0,1.2,60
-0.147417646934534,8.416849,0.88507533,0.49742657,0.96244323,0.36,10.0,1.2,60
-0.1431385285261573,8.766818,0.89342284,0.4865545,0.83637905,0.36,10.0,1.2,60
-0.1750759787175463,8.6369705,0.8865241,0.5001453,0.97124887,0.36,10.0,1.2,60
-0.1630309202004337,8.902531,0.8838937,0.4931205,0.93665504,0.36,10.0,1.2,60
-0.1183409241260797,8.621884,0.8973032,0.4939715,0.9553851,0.36,10.0,1.2,60
-0.2165117760298549,9.076787,0.89373344,0.5067391,0.998402,0.36,10.0,1.2,60
-0.1392764963729194,8.854192,0.896278,0.5016793,0.9099182,0.36,10.0,1.2,60
-0.1574758812032263,8.289704,0.87310207,0.4918093,0.9862206,0.36,10.0,1.2,60
-0.1472716389386996,8.613462,0.88446087,0.4959553,0.964005,0.36,10.0,1.2,60
-0.1398775171136307,8.390999,0.8902822,0.48665392,0.92783844,0.36,10.0,1.2,60
-0.1345335937250012,8.373041,0.886141,0.49531892,0.9419688,0.36,10.0,1.2,60
-0.1374508389524962,8.517471,0.8916522,0.49574944,0.9875194,0.36,10.0,1.2,60
-0.1756394528877502,8.572116,0.8798058,0.5054382,0.97004604,0.36,10.0,1.2,60
-0.1642697005011905,8.555501,0.8873548,0.49320376,0.9928348,0.36,10.0,1.2,60
-0.1313890154198326,8.617083,0.89078665,0.4910667,0.89606655,0.36,10.0,1.2,60
-0.1487737094538995,8.379493,0.9039315,0.49564362,0.882396,0.36,10.0,1.2,60
-0.1732245242732832,8.444972,0.8924253,0.50506085,0.87933815,0.36,10.0,1.2,60
-0.1694824982214236,8.338364,0.87803674,0.4996622,0.9789022,0.36,10.0,1.2,60
-0.1859351940927892,8.711122,0.8930186,0.5040994,0.9700632,0.36,10.0,1.2,60
-0.1759736881058117,8.645354,0.88959515,0.493226,0.9578084,0.36,10.0,1.2,60
-0.1704225657629096,8.53458,0.8889935,0.4959552,0.97824097,0.36,10.0,1.2,60
-0.1741679376360772,8.707135,0.88285863,0.5049757,0.9835447,0.36,10.0,1.2,60
-0.1753702317219248,8.535808,0.894849,0.49382818,0.9575014,0.36,10.0,1.2,60
-0.1744372251834077,9.378288,0.8900042,0.504515,0.99893105,0.36,10.0,1.2,60
-0.1456337278565506,8.58091,0.8826522,0.5044472,0.995914,0.36,10.0,1.2,60
-0.1499789003779615,9.315573,0.8952047,0.48798013,0.9451754,0.36,10.0,1.2,60
-0.1891237882353652,8.918961,0.8904867,0.50264734,0.9832169,0.36,10.0,1.2,60
-0.134128972817326,8.874743,0.89625084,0.4916873,0.9677861,0.36,10.0,1.2,60
-0.1430484999520233,8.208381,0.8861305,0.49230468,0.95122385,0.36,10.0,1.2,60
-0.1771895727042617,8.224819,0.88974917,0.4875381,0.9301394,0.36,10.0,1.2,60
-0.1465793180716163,8.342892,0.89904135,0.47673976,0.8584291,0.36,10.0,1.2,60
-0.1168921502451111,8.016007,0.88413906,0.49033093,0.94593716,0.36,10.0,1.2,60
-0.1856844208036559,8.375905,0.8883431,0.50638896,0.99517226,0.36,10.0,1.2,60
-0.1809732910631417,8.321004,0.88397837,0.50406903,0.98523414,0.36,10.0,1.2,60
-0.1587935639298397,8.642817,0.88787115,0.49975076,0.9081521,0.36,10.0,1.2,60
-0.1434318084905241,8.716292,0.88740015,0.49532422,0.9495084,0.36,10.0,1.2,60
-0.1406660283011397,8.132219,0.8924855,0.4801438,0.9870305,0.36,10.0,1.2,60
-0.1830363641445967,8.122835,0.8879253,0.50046563,0.96330833,0.36,10.0,1.2,60
-0.1264352408834193,8.731921,0.90113574,0.48919752,0.91072774,0.36,10.0,1.2,60
-0.1559286537284908,8.331559,0.89702487,0.4810249,0.87722015,0.36,10.0,1.2,60
-0.1389163312105729,8.251405,0.8983736,0.50416094,0.85292363,0.36,10.0,1.2,60
-0.145446396132837,8.6653595,0.8881006,0.5033854,0.97524345,0.36,10.0,1.2,60
-0.1080783430667684,8.97779,0.8902279,0.43703082,0.9938997,0.36,10.0,1.2,61
-0.1131863628881701,8.904901,0.91858476,0.43396524,0.8805059,0.36,10.0,1.2,61
-0.0717273716917033,8.603933,0.89504266,0.43264714,0.9196297,0.36,10.0,1.2,61
-0.0396623925187099,8.797536,0.90875334,0.4277448,0.8795533,0.36,10.0,1.2,61
-0.1108647365627317,8.368743,0.8901021,0.4294257,0.94437873,0.36,10.0,1.2,61
-0.0797899994986125,9.01813,0.92302835,0.44031194,0.7789272,0.36,10.0,1.2,61
-0.0569921703205041,9.192138,0.9173467,0.4233746,0.81349564,0.36,10.0,1.2,61
-0.0819844276491196,9.293883,0.90355694,0.4353389,0.9612595,0.36,10.0,1.2,61
-0.0619942851445864,8.773182,0.8870154,0.43170333,0.9842957,0.36,10.0,1.2,61
-0.0470836857702208,8.765064,0.8913081,0.43785384,0.9609858,0.36,10.0,1.2,61
-0.0480062982987141,9.036078,0.9224538,0.4317311,0.6778225,0.36,10.0,1.2,61
-0.0543664348417666,8.686746,0.8919539,0.43395114,0.91762114,0.36,10.0,1.2,61
-0.1237694073582125,8.297386,0.90308124,0.4446254,0.7001575,0.36,10.0,1.2,61
-0.0497540836801762,8.756865,0.9039374,0.4359682,0.87892365,0.36,10.0,1.2,61
-0.0699541254601757,8.3787155,0.921514,0.43475404,0.80999243,0.36,10.0,1.2,61
-0.0590558316649169,8.899191,0.91572565,0.42246535,0.8494643,0.36,10.0,1.2,61
-0.0761828507573202,8.941429,0.9192518,0.4384822,0.76807785,0.36,10.0,1.2,61
-0.0787121358771751,8.35953,0.89050543,0.4425546,0.90657175,0.36,10.0,1.2,61
-0.076882140314418,8.602634,0.8862033,0.43066457,0.98735464,0.36,10.0,1.2,61
-0.0755183051358824,8.863278,0.90060776,0.42780334,0.9502554,0.36,10.0,1.2,61
-0.0418455547461097,8.964668,0.9095505,0.42411008,0.86555195,0.36,10.0,1.2,61
-0.0625737713300448,8.819599,0.89972854,0.44455335,0.82809246,0.36,10.0,1.2,61
-0.0517718200149269,8.620629,0.9202759,0.41904786,0.89274824,0.36,10.0,1.2,61
-0.0844415228065101,8.88487,0.9024029,0.4121371,0.9816538,0.36,10.0,1.2,61
-0.084163591834293,8.790146,0.9290736,0.4262981,0.7005379,0.36,10.0,1.2,61
-0.0382881014069179,8.545552,0.8976457,0.4320328,0.8708569,0.36,10.0,1.2,61
-0.1176439233193581,8.308011,0.9140755,0.4424008,0.72578645,0.36,10.0,1.2,61
-0.0778971610312583,8.699857,0.91903913,0.43702248,0.85627115,0.36,10.0,1.2,61
-0.0240121993379273,8.693361,0.9264958,0.42574883,0.7466272,0.36,10.0,1.2,61
-0.1012576896110256,9.199924,0.92432153,0.44092408,0.70862377,0.36,10.0,1.2,61
-0.0307988620973217,8.875297,0.91171426,0.42733425,0.92257106,0.36,10.0,1.2,61
-0.0703475355612987,8.742297,0.900893,0.42328516,0.99421275,0.36,10.0,1.2,61
-0.0853974525590966,8.646539,0.9025482,0.42454055,0.7989199,0.36,10.0,1.2,61
-0.062847076891183,9.344371,0.9201826,0.42081416,0.9979129,0.36,10.0,1.2,61
-0.0191654280974544,8.668195,0.90672994,0.4183543,0.80530274,0.36,10.0,1.2,61
-0.0863859100291704,8.63745,0.8965329,0.43415442,0.9547137,0.36,10.0,1.2,61
0.014892622722036,8.619271,0.89908445,0.41979444,0.89664423,0.36,10.0,1.2,61
-0.0769808270598483,8.391849,0.88653266,0.43446755,0.9862056,0.36,10.0,1.2,61
-0.0427523603959343,9.173267,0.8920112,0.43080497,0.88056016,0.36,10.0,1.2,61
-0.0537434515492685,9.0404825,0.906662,0.4423389,0.972981,0.36,10.0,1.2,61
-0.0834951306820631,8.602913,0.91269124,0.4311836,0.7904992,0.36,10.0,1.2,61
-0.0489413424967049,8.926617,0.9082583,0.42604452,0.97312856,0.36,10.0,1.2,61
-0.0357773144511117,8.869355,0.9089767,0.41986653,0.83764505,0.36,10.0,1.2,61
-0.0984522428782121,8.665946,0.89287037,0.43767157,0.99343646,0.36,10.0,1.2,61
-0.0361168012480666,8.6823635,0.91869533,0.4342114,0.89518607,0.36,10.0,1.2,61
-0.0515879100534306,8.684082,0.91250294,0.42500472,0.8759885,0.36,10.0,1.2,61
-0.0607686892636362,8.649502,0.90592086,0.42384675,0.805424,0.36,10.0,1.2,61
-0.0640300210313,8.791655,0.89906293,0.43137544,0.8605387,0.36,10.0,1.2,61
-0.0649819609580963,8.509483,0.9056886,0.4398827,0.8520644,0.36,10.0,1.2,61
-0.0429818138448878,8.512264,0.88879704,0.41970065,0.9805045,0.36,10.0,1.2,61
-0.0395443569117036,8.618448,0.90532017,0.4349524,0.899608,0.36,10.0,1.2,61
-0.0577377383741156,8.625894,0.90949535,0.4322092,0.8176122,0.36,10.0,1.2,61
-0.0760862788467063,8.85155,0.9139106,0.43132198,0.8370302,0.36,10.0,1.2,61
-0.1381994510007059,8.552361,0.90512,0.44761187,0.882748,0.36,10.0,1.2,61
-0.0498130861886326,8.342992,0.9263427,0.4319604,0.76855516,0.36,10.0,1.2,61
-0.0703481911634909,8.591262,0.89811146,0.4342278,0.95438015,0.36,10.0,1.2,61
-0.0503341925734576,8.753732,0.8960546,0.42344236,0.98481405,0.36,10.0,1.2,61
-0.0663583165171624,8.602877,0.89155674,0.41637078,0.9812714,0.36,10.0,1.2,61
-0.1039164152224103,9.144283,0.90606385,0.4313998,0.9651716,0.36,10.0,1.2,61
-0.0800476497480307,8.850022,0.9134153,0.43610364,0.78809845,0.36,10.0,1.2,61
-0.0805972158795538,8.79696,0.9433547,0.42748573,0.6526377,0.36,10.0,1.2,61
-0.0145062167361833,8.6992035,0.9069878,0.41680667,0.90475833,0.36,10.0,1.2,61
-0.1003908737472679,9.050903,0.9183629,0.42142305,0.821491,0.36,10.0,1.2,61
-0.0716513738863584,8.204184,0.8908887,0.4353552,0.9979869,0.36,10.0,1.2,61
-0.0356732409736286,8.843842,0.90265113,0.42898402,0.93235207,0.36,10.0,1.2,61
-0.0346836774262146,8.534282,0.90439135,0.43480322,0.8705636,0.36,10.0,1.2,61
-0.0983886865486557,9.293104,0.90862113,0.4324232,0.996778,0.36,10.0,1.2,61
-0.0194089700413561,8.604987,0.9089761,0.42805865,0.83144987,0.36,10.0,1.2,61
-0.0992178167838821,8.476573,0.9085395,0.42958683,0.90626717,0.36,10.0,1.2,61
-0.061883588989357,8.712827,0.90915436,0.43879384,0.8923985,0.36,10.0,1.2,61
-0.063956233279117,8.719039,0.9004476,0.4348523,0.8600117,0.36,10.0,1.2,61
-0.0730652396746907,8.477226,0.9251715,0.42114988,0.7875291,0.36,10.0,1.2,61
-0.0921228542633209,8.543968,0.90802616,0.44012988,0.94150066,0.36,10.0,1.2,61
-0.0702738877926664,9.218431,0.91432655,0.42727554,0.89055073,0.36,10.0,1.2,61
-0.0869350049959653,9.089909,0.899219,0.4252601,0.9981725,0.36,10.0,1.2,61
-0.0447150881604113,9.172514,0.91637945,0.4196952,0.823509,0.36,10.0,1.2,61
-0.0300869549078127,8.938799,0.8986575,0.42265004,0.9839411,0.36,10.0,1.2,61
-0.0695923980908014,9.202264,0.91957,0.42869204,0.83183956,0.36,10.0,1.2,61
-0.1285473000412884,8.569679,0.90014213,0.44975886,0.9251584,0.36,10.0,1.2,61
0.0124379156004374,8.353689,0.9221325,0.42435133,0.67434466,0.36,10.0,1.2,61
-0.0677970160777238,8.503084,0.88423216,0.43138018,0.9748981,0.36,10.0,1.2,61
-0.0457201609962161,8.398741,0.92018914,0.428221,0.6982875,0.36,10.0,1.2,61
-0.0710893626496933,8.834103,0.8977137,0.42565167,0.9479203,0.36,10.0,1.2,61
-0.0725864497621754,8.687902,0.90259624,0.43213114,0.9337809,0.36,10.0,1.2,61
-0.0678389741278338,8.53797,0.9181021,0.43468213,0.7966342,0.36,10.0,1.2,61
-0.0691619123739859,8.453507,0.9060116,0.42683136,0.94446504,0.36,10.0,1.2,61
-0.0558722179242525,7.9303007,0.9100287,0.42858016,0.8139545,0.36,10.0,1.2,61
-0.0812669683898193,9.203396,0.91378593,0.43016472,0.8038877,0.36,10.0,1.2,61
-0.0873577991206983,8.231645,0.89783996,0.42857414,0.96307266,0.36,10.0,1.2,61
-0.0425739378485457,8.793428,0.9060115,0.41877896,0.8292403,0.36,10.0,1.2,61
-0.069299663788918,8.765092,0.89396703,0.4212383,0.9880692,0.36,10.0,1.2,61
-0.1100105014462778,8.372665,0.9122237,0.4371412,0.8971081,0.36,10.0,1.2,61
-0.0902689638288096,9.357862,0.91186064,0.43040925,0.8900336,0.36,10.0,1.2,61
-0.0876461874669405,8.950801,0.9076826,0.42074752,0.91254437,0.36,10.0,1.2,61
-0.0678019592426847,8.231328,0.89822334,0.4238349,0.9105196,0.36,10.0,1.2,61
-0.0742617045646312,9.106758,0.91307473,0.43406942,0.8617624,0.36,10.0,1.2,61
-0.0575767095533831,8.779912,0.9334555,0.43449467,0.8226284,0.36,10.0,1.2,61
-0.0852490615940141,8.899136,0.89366436,0.4334644,0.95928156,0.36,10.0,1.2,61
-0.0499646482854082,8.581786,0.91809547,0.424834,0.8585174,0.36,10.0,1.2,61
-0.0848626459282955,8.728991,0.89950526,0.44182166,0.99704945,0.36,10.0,1.2,61
-0.0713618555505494,8.612714,0.92181754,0.42230114,0.92530525,0.36,10.0,1.2,61
-0.0685834593865918,8.523192,0.90322113,0.42049992,0.8434026,0.36,10.0,1.2,61
-0.0891355168885025,8.322425,0.91478026,0.43482035,0.89116836,0.36,10.0,1.2,61
-0.0816168994352542,8.629384,0.90620387,0.42640695,0.9382411,0.36,10.0,1.2,61
-0.0597228045759348,8.184032,0.8945246,0.43769848,0.9714323,0.36,10.0,1.2,61
-0.1275399080785052,8.556424,0.90742147,0.43701315,0.85002005,0.36,10.0,1.2,61
0.0029149174225097,8.733604,0.91136146,0.4258983,0.7946385,0.36,10.0,1.2,61
-0.1195275548280865,8.753133,0.9211927,0.4400337,0.83127236,0.36,10.0,1.2,61
-0.0787626110773911,8.985147,0.91277856,0.42547446,0.9323064,0.36,10.0,1.2,61
-0.0560670188905716,9.028231,0.89867574,0.42929527,0.9509108,0.36,10.0,1.2,61
-0.1437081224683405,8.403754,0.8947038,0.4285426,0.96285427,0.36,10.0,1.2,61
-0.0323528235265169,8.534628,0.92460835,0.42027164,0.81290174,0.36,10.0,1.2,61
-0.0502786004084119,8.779498,0.9127402,0.4251748,0.8989608,0.36,10.0,1.2,61
-0.0815525030648487,8.635581,0.9233545,0.43446267,0.744578,0.36,10.0,1.2,61
-0.0309900614343445,9.521485,0.91466343,0.42957225,0.8832871,0.36,10.0,1.2,61
-0.0597787675051286,8.39963,0.89886284,0.44407785,0.9453832,0.36,10.0,1.2,61
-0.0757154851200701,9.149383,0.9076959,0.43402833,0.9842483,0.36,10.0,1.2,61
-0.0523469051198401,8.824483,0.9002172,0.42239672,0.98953557,0.36,10.0,1.2,61
-0.0924754145540196,8.870994,0.9099405,0.44295603,0.8474803,0.36,10.0,1.2,61
-0.0509374190891546,8.479071,0.9100271,0.42840198,0.9175451,0.36,10.0,1.2,61
-0.055267500541042,8.446184,0.8968138,0.4271378,0.96090853,0.36,10.0,1.2,61
-0.086948899644324,8.981658,0.90829146,0.4225988,0.9020181,0.36,10.0,1.2,61
-0.0506777882635623,8.493042,0.90456045,0.4331997,0.8677145,0.36,10.0,1.2,61
0.0077084080835412,8.27081,0.8907802,0.4072162,0.9625548,0.36,10.0,1.2,61
-0.0926605454834179,8.518191,0.91555107,0.43952322,0.7928356,0.36,10.0,1.2,61
-0.0843208386923087,8.874481,0.8925253,0.44057754,0.93098116,0.36,10.0,1.2,61
-0.102859406043077,9.35282,0.89132863,0.44269598,0.9963678,0.36,10.0,1.2,61
-0.0943689020864363,9.049364,0.9202095,0.43132102,0.868063,0.36,10.0,1.2,61
-0.0579858399057698,8.524037,0.91614723,0.42551675,0.89373803,0.36,10.0,1.2,61
-0.0518221154387084,8.412312,0.898394,0.43246502,0.92098975,0.36,10.0,1.2,61
-0.0637868698899181,8.879758,0.90878105,0.43007484,0.9266825,0.36,10.0,1.2,61
-0.0748204881564088,8.771384,0.91924214,0.4348964,0.80482733,0.36,10.0,1.2,61
-0.0811897015917474,8.424664,0.91486585,0.43951452,0.6951436,0.36,10.0,1.2,61
-0.0489581669408598,8.904725,0.9102559,0.42383328,0.9098575,0.36,10.0,1.2,61
-0.045748676014519,8.703232,0.9233454,0.4283429,0.79156446,0.36,10.0,1.2,61
-0.1262177499835046,9.038198,0.92211497,0.434369,0.9023049,0.36,10.0,1.2,61
-0.0598782417808788,8.752099,0.9083204,0.42715335,0.886938,0.36,10.0,1.2,61
-0.0869688465381754,8.979123,0.9145721,0.41994306,0.89112103,0.36,10.0,1.2,61
-0.1495322103545688,8.547934,0.92122376,0.45711976,0.76692474,0.36,10.0,1.2,61
-0.1065882543005187,8.543513,0.9048969,0.42979223,0.93266463,0.36,10.0,1.2,61
-0.0291945704917659,8.981353,0.8909267,0.4238994,0.9384093,0.36,10.0,1.2,61
-0.0872680608769426,9.008649,0.9058578,0.43578783,0.936656,0.36,10.0,1.2,61
-0.1134967167059023,8.447528,0.91503376,0.42436337,0.89623666,0.36,10.0,1.2,61
-0.0593342577641817,8.897422,0.9076042,0.43290672,0.9675894,0.36,10.0,1.2,61
-0.0376025877099087,8.888464,0.8906698,0.41821355,0.9861978,0.36,10.0,1.2,61
-0.0304503502196941,8.665138,0.90749514,0.44050443,0.8381623,0.36,10.0,1.2,61
-0.0823085274775067,8.219682,0.8891331,0.42902708,0.9950712,0.36,10.0,1.2,61
-0.0658942729237677,8.940518,0.9131297,0.4312218,0.91592157,0.36,10.0,1.2,61
-0.062329810482672,8.879548,0.9046063,0.42171517,0.98629916,0.36,10.0,1.2,61
-0.0545490865447391,8.9583025,0.9028379,0.42958856,0.8868439,0.36,10.0,1.2,61
-0.0643017906305371,8.835023,0.9070153,0.43792477,0.99206793,0.36,10.0,1.2,61
-0.0523432293494025,8.441243,0.904854,0.438997,0.8048707,0.36,10.0,1.2,61
-0.0649368214273285,8.820596,0.92962223,0.4319229,0.7723125,0.36,10.0,1.2,61
-0.0558174929814436,8.644529,0.90489274,0.43467918,0.879102,0.36,10.0,1.2,61
-0.0302198254471722,7.985369,0.90583324,0.42009783,0.98480463,0.36,10.0,1.2,61
-0.0647347239007229,8.701807,0.9139124,0.42121184,0.8870058,0.36,10.0,1.2,61
-0.0476036170639354,9.029854,0.9095218,0.42540538,0.86038744,0.36,10.0,1.2,61
-0.0093640675349137,8.800891,0.9120853,0.420411,0.76546955,0.36,10.0,1.2,61
-0.1415272044312542,8.993648,0.9000564,0.44380367,0.988412,0.36,10.0,1.2,61
-0.0738529322778302,8.647772,0.8969334,0.43684137,0.9213035,0.36,10.0,1.2,61
-0.0681897318428787,9.022072,0.8955424,0.4357582,0.97921765,0.36,10.0,1.2,61
-0.0634444056408831,8.307674,0.89065665,0.4355923,0.9126917,0.36,10.0,1.2,61
-0.055370895863772,8.956254,0.89702827,0.43707758,0.9965693,0.36,10.0,1.2,61
-0.0585300827801615,9.040807,0.89889544,0.42270705,0.89831936,0.36,10.0,1.2,61
-0.1142162203645634,8.496676,0.8910028,0.4323343,0.90971386,0.36,10.0,1.2,61
-0.095719297352047,9.009502,0.8958466,0.43348762,0.98837495,0.36,10.0,1.2,61
-0.1124726344311815,9.0220785,0.9064924,0.43931827,0.9215108,0.36,10.0,1.2,61
-0.072267557424924,9.275937,0.89426833,0.42721894,0.9201509,0.36,10.0,1.2,61
-0.049405631493067,8.534117,0.9134096,0.43259895,0.7931279,0.36,10.0,1.2,61
-0.088809978422849,8.806616,0.9024537,0.4436174,0.9933375,0.36,10.0,1.2,61
-0.0828479881260381,8.654629,0.8987381,0.43665278,0.91613734,0.36,10.0,1.2,61
-0.0504634853659301,8.976026,0.9052506,0.43783465,0.9042816,0.36,10.0,1.2,61
-0.0881943066135652,8.7947855,0.9098202,0.42817056,0.96392477,0.36,10.0,1.2,61
-0.0238926919094618,8.610369,0.91404593,0.42150074,0.7883996,0.36,10.0,1.2,61
-0.0887247632109206,9.032801,0.8998014,0.4260527,0.9395511,0.36,10.0,1.2,61
-0.0383461675016566,9.22335,0.90406007,0.41824296,0.9618453,0.36,10.0,1.2,61
-0.0497066204401181,8.387437,0.9024242,0.43098664,0.9566444,0.36,10.0,1.2,61
-0.0401833132817305,8.715645,0.90567863,0.42990422,0.98205125,0.36,10.0,1.2,61
-0.0332392603460104,8.731077,0.902355,0.43160486,0.91824996,0.36,10.0,1.2,61
-0.0424314133163211,8.724155,0.9133182,0.4244678,0.81088245,0.36,10.0,1.2,61
-0.0787420542840065,8.608473,0.8946419,0.4276613,0.96378314,0.36,10.0,1.2,61
-0.0244362431183166,8.526317,0.9007392,0.41919506,0.8485528,0.36,10.0,1.2,61
-0.0742124349299283,8.597734,0.9101806,0.42149517,0.9178184,0.36,10.0,1.2,61
-0.0680259722289352,8.910807,0.90971196,0.4271073,0.9247538,0.36,10.0,1.2,61
0.0003235362028109,8.363148,0.9064078,0.41859332,0.9131651,0.36,10.0,1.2,61
-0.0244243029536695,8.868041,0.9234955,0.4310752,0.8132001,0.36,10.0,1.2,61
-0.0387069867872607,8.896117,0.9109516,0.4234223,0.9526589,0.36,10.0,1.2,61
-0.0882306891837795,8.933029,0.8923277,0.44604698,0.89565635,0.36,10.0,1.2,61
-0.0868615476687948,9.155494,0.90247416,0.43789983,0.96241415,0.36,10.0,1.2,61
-0.0989897831599076,8.395408,0.9185194,0.4244357,0.8296124,0.36,10.0,1.2,61
-0.1093396628219047,9.008947,0.8979126,0.44263637,0.97733974,0.36,10.0,1.2,61
-0.0282518154075588,8.719104,0.90528953,0.4367803,0.93987834,0.36,10.0,1.2,61
-0.0835910827950157,9.263601,0.9053673,0.43279672,0.92973566,0.36,10.0,1.2,61
-0.0725237305668844,9.04686,0.91601545,0.43493873,0.84965646,0.36,10.0,1.2,61
-0.076848946580176,8.798853,0.90890926,0.4309637,0.84437656,0.36,10.0,1.2,61
-0.0702299962036606,8.817833,0.91927403,0.42684367,0.8783525,0.36,10.0,1.2,61
-0.0335940628757829,8.827611,0.9174903,0.41934907,0.8772361,0.36,10.0,1.2,61
-0.0454851495772376,8.628903,0.89512193,0.43186256,0.9434422,0.36,10.0,1.2,61
-0.0185771308582147,8.879404,0.8959321,0.43220758,0.959671,0.36,10.0,1.2,61
-0.0700895062418446,8.470164,0.91593343,0.4296492,0.876474,0.36,10.0,1.2,61
-0.0666425379924383,8.820964,0.90531087,0.42434123,0.92555296,0.36,10.0,1.2,61
-0.0615916106914388,8.748444,0.90466577,0.44142655,0.94476867,0.36,10.0,1.2,61
-0.0261529615522921,8.055235,0.9287212,0.41831467,0.64045405,0.36,10.0,1.2,61
-0.0749487037334279,8.987986,0.8962816,0.42723724,0.9494239,0.36,10.0,1.2,61
-0.1289784617695944,8.685393,0.8988984,0.4491875,0.95546305,0.36,10.0,1.2,61
-0.0697631350572613,9.143195,0.9086441,0.43161404,0.8785168,0.36,10.0,1.2,61
-0.0311045847134687,8.520614,0.9078785,0.42264774,0.8015584,0.36,10.0,1.2,61
-0.0774294405522616,8.758834,0.9022962,0.42777443,0.9695891,0.36,10.0,1.2,61
-0.030824718823607,8.783918,0.9058317,0.418216,0.94010246,0.36,10.0,1.2,61
-0.0567600190239944,8.804334,0.9036217,0.43166077,0.9499059,0.36,10.0,1.2,61
-0.1279458828363614,8.542519,0.9044983,0.43909478,0.940652,0.36,10.0,1.2,61
-0.0956894294544122,8.882638,0.90200627,0.43561935,0.981727,0.36,10.0,1.2,61
-0.1059071781576842,8.7428665,0.89630806,0.44229773,0.9563192,0.36,10.0,1.2,61
-0.0890086045057669,9.25079,0.90870225,0.4496848,0.8259647,0.36,10.0,1.2,61
-0.064881547418101,8.823269,0.90081733,0.42850924,0.984406,0.36,10.0,1.2,61
-0.0564441001361581,8.8027315,0.9026357,0.4150535,0.9780443,0.36,10.0,1.2,61
-0.0939712138161652,8.305769,0.90235674,0.43472484,0.9546486,0.36,10.0,1.2,61
-0.0774914524542086,8.887411,0.9133432,0.43592566,0.9700029,0.36,10.0,1.2,61
-0.1016930154587639,8.299799,0.905421,0.4448058,0.8318336,0.36,10.0,1.2,61
-0.0652810686227379,9.011478,0.9245057,0.4188348,0.867942,0.36,10.0,1.2,61
-0.0938458218748656,9.012826,0.9213291,0.4363338,0.9283323,0.36,10.0,1.2,61
-0.078657671936516,8.157154,0.8980347,0.42957288,0.9377639,0.36,10.0,1.2,61
-0.0843396691145331,8.681109,0.9157871,0.42519444,0.8530204,0.36,10.0,1.2,61
-0.0441861837169061,8.689004,0.91424537,0.4286703,0.9094988,0.36,10.0,1.2,61
-0.0763902794903311,8.579369,0.9187304,0.42737132,0.8861222,0.36,10.0,1.2,61
-0.0963838716493122,8.562065,0.90049183,0.42397612,0.8378482,0.36,10.0,1.2,61
-0.1109703862637266,8.7207775,0.8906381,0.43450347,0.9656035,0.36,10.0,1.2,61
-0.0994404673146986,9.104565,0.9023759,0.4225086,0.97943246,0.36,10.0,1.2,61
-0.0837052612915344,8.623543,0.88406026,0.44572356,0.9954983,0.36,10.0,1.2,61
-0.0756114705721696,8.681367,0.9210138,0.42926842,0.87510467,0.36,10.0,1.2,61
-0.0557623235865674,8.417792,0.8968915,0.42280692,0.86857736,0.36,10.0,1.2,61
-0.0655461423787073,8.748218,0.88575554,0.43434083,0.9656912,0.36,10.0,1.2,61
-0.06091805054105,8.781546,0.9163035,0.43308932,0.815537,0.36,10.0,1.2,61
-0.0437298514891887,8.903098,0.9102623,0.42791075,0.9873363,0.36,10.0,1.2,61
-0.1486555890872396,9.107085,0.90681833,0.44377977,0.9040506,0.36,10.0,1.2,61
-0.0623892530123551,8.919666,0.9201413,0.43415436,0.8360959,0.36,10.0,1.2,61
-0.0799988528905718,8.732322,0.8783987,0.4389868,0.95418143,0.36,10.0,1.2,61
-0.079277841520047,8.848682,0.90679634,0.4241428,0.94875026,0.36,10.0,1.2,61
-0.0901589427774342,9.068263,0.9218303,0.43431008,0.80590975,0.36,10.0,1.2,61
-0.1089579094750336,8.504613,0.9058908,0.4379333,0.85995317,0.36,10.0,1.2,61
-0.0493750520596926,8.699242,0.90315986,0.43235385,0.8613912,0.36,10.0,1.2,61
-0.0178546825762448,8.884188,0.9143575,0.42403987,0.79024744,0.36,10.0,1.2,61
-0.11614199027352,8.841496,0.8986716,0.44481787,0.9865825,0.36,10.0,1.2,61
-0.1108740456107856,8.756647,0.9019078,0.42976284,0.8410704,0.36,10.0,1.2,61
-0.0409716107357496,8.502283,0.9122216,0.42244133,0.79313684,0.36,10.0,1.2,61
-0.0943288855089909,9.427097,0.9070046,0.4329252,0.9812033,0.36,10.0,1.2,61
-0.056125067232131,9.473622,0.9480504,0.42835748,0.7037889,0.36,10.0,1.2,61
-0.0396359357588168,8.487817,0.921466,0.4317852,0.73233175,0.36,10.0,1.2,61
-0.1076622110465098,8.278873,0.8955231,0.44459432,0.9126946,0.36,10.0,1.2,61
-0.0704706935407878,8.548239,0.9193957,0.42817596,0.90246344,0.36,10.0,1.2,61
-0.0545497246597217,8.504758,0.90154636,0.4389106,0.9293091,0.36,10.0,1.2,61
-0.0428198036269702,8.878072,0.9097295,0.4315532,0.850189,0.36,10.0,1.2,61
-0.0921432432894589,8.403946,0.8904264,0.4291856,0.9848391,0.36,10.0,1.2,61
-0.0365606365041651,8.72619,0.9010342,0.41856092,0.9275917,0.36,10.0,1.2,61
-0.0873609811142124,9.215102,0.9109775,0.43531644,0.842664,0.36,10.0,1.2,61
-0.0424687885355508,8.598971,0.8875313,0.42519492,0.93944776,0.36,10.0,1.2,61
-0.1002759898931399,8.836263,0.8941382,0.43818587,0.8875402,0.36,10.0,1.2,61
-0.0926789514466248,8.602503,0.89643925,0.43793207,0.962283,0.36,10.0,1.2,61
-0.0842648044152519,8.748141,0.91084343,0.4218322,0.9613216,0.36,10.0,1.2,61
-0.0630699625165537,8.45995,0.8926951,0.43995026,0.9869691,0.36,10.0,1.2,61
-0.0787044111617271,8.19027,0.88197726,0.43112203,0.8749312,0.36,10.0,1.2,61
-0.0660237806901268,8.798371,0.9260907,0.4187242,0.7938781,0.36,10.0,1.2,61
-0.0930469854287113,8.917141,0.9015634,0.4260621,0.9334818,0.36,10.0,1.2,61
-0.0587401237506876,8.829676,0.9250394,0.4233396,0.80928564,0.36,10.0,1.2,61
-0.0713741282369566,8.955704,0.9007169,0.4263416,0.91226256,0.36,10.0,1.2,61
-0.0996271592369671,8.50585,0.93359846,0.44444603,0.675738,0.36,10.0,1.2,61
-0.0158996376518967,8.895586,0.9193417,0.42793974,0.82170284,0.36,10.0,1.2,61
-0.0687559270846837,8.336655,0.93164635,0.4177667,0.79463565,0.36,10.0,1.2,61
-0.0572195862316381,8.884469,0.90479743,0.41668501,0.8690773,0.36,10.0,1.2,61
-0.1030821087779016,8.733754,0.90615815,0.43741113,0.91856766,0.36,10.0,1.2,61
-0.0488543979986838,8.965085,0.9253301,0.43550956,0.9066739,0.36,10.0,1.2,61
0.0119272130677078,8.229475,0.90139467,0.4091547,0.79992247,0.36,10.0,1.2,61
-0.0865773532186644,8.738544,0.8986172,0.43536246,0.8363664,0.36,10.0,1.2,61
-0.0590440775204325,8.633247,0.9121173,0.4264657,0.79515374,0.36,10.0,1.2,61
-0.0760509277057981,8.857698,0.90176666,0.42978877,0.920369,0.36,10.0,1.2,61
-0.0836684208968211,8.326533,0.8924911,0.43250144,0.94862485,0.36,10.0,1.2,61
-0.1119314210339747,9.15959,0.90083486,0.43750095,0.9425367,0.36,10.0,1.2,61
-0.1356036154170702,8.277975,0.90514547,0.45121697,0.9107393,0.36,10.0,1.2,61
-0.0252222864349941,8.688532,0.91154414,0.4258601,0.86024165,0.36,10.0,1.2,61
-0.0769520800897274,8.75047,0.9033071,0.44178796,0.9617971,0.36,10.0,1.2,61
-0.0664556206542888,8.79627,0.9226144,0.42789462,0.7796351,0.36,10.0,1.2,61
-0.0627876577799531,8.68095,0.9100536,0.43709934,0.9541414,0.36,10.0,1.2,61
-0.1002942883330264,8.474318,0.89634526,0.42361838,0.9988427,0.36,10.0,1.2,61
-0.0753293996992679,8.603034,0.89178544,0.43038893,0.9875331,0.36,10.0,1.2,61
-0.1007236065454278,8.589092,0.89964676,0.43418935,0.96774757,0.36,10.0,1.2,61
-0.0299318877120445,8.887602,0.909714,0.4300903,0.8600086,0.36,10.0,1.2,61
-0.084473015588185,8.872154,0.9040714,0.43361205,0.90564823,0.36,10.0,1.2,61
-0.0631824534901861,8.340753,0.8874877,0.44076252,0.958848,0.36,10.0,1.2,61
-0.0425807800789127,8.105665,0.9081297,0.42128408,0.9504844,0.36,10.0,1.2,61
-0.0765739833646681,8.661123,0.89449245,0.43136248,0.9398086,0.36,10.0,1.2,61
-0.0897508210155473,9.20855,0.93282217,0.4450947,0.855006,0.36,10.0,1.2,61
-0.0623699808669364,9.000573,0.9145944,0.42932394,0.7346798,0.36,10.0,1.2,61
-0.0548423747338909,8.620503,0.9045022,0.43706495,0.9155954,0.36,10.0,1.2,61
-0.0724438074089516,8.7090025,0.90044135,0.43792877,0.8551167,0.36,10.0,1.2,61
-0.0796485817724612,9.005114,0.9088727,0.42465317,0.84613574,0.36,10.0,1.2,61
-0.0395752395171413,8.637777,0.91331863,0.42937234,0.7568995,0.36,10.0,1.2,61
-0.0975002007045526,8.845668,0.9045425,0.43395022,0.9529958,0.36,10.0,1.2,61
-0.0716701058938301,8.603587,0.9124978,0.43283704,0.84411216,0.36,10.0,1.2,61
-0.0462524870480818,8.507439,0.8962202,0.4258819,0.9435636,0.36,10.0,1.2,61
-0.0907102234045107,8.274046,0.9286364,0.42812145,0.6968334,0.36,10.0,1.2,61
-0.04709228917442,9.277545,0.89827996,0.41383725,0.9937656,0.36,10.0,1.2,61
-0.0775330170254041,8.70991,0.90370995,0.4252968,0.95032203,0.36,10.0,1.2,61
-0.1001415996840144,8.217197,0.9100249,0.4372794,0.8507248,0.36,10.0,1.2,61
-0.0396516077920399,8.622406,0.8968893,0.4243504,0.9888747,0.36,10.0,1.2,61
-0.0281679313024203,8.585691,0.91010666,0.42735386,0.9508021,0.36,10.0,1.2,61
-0.0089361141752516,8.501326,0.91732025,0.42713648,0.8302475,0.36,10.0,1.2,61
-0.0934103401712681,8.172265,0.9010541,0.4365392,0.8943219,0.36,10.0,1.2,61
-0.0879029866025828,8.786862,0.9022644,0.44040874,0.92504036,0.36,10.0,1.2,61
-0.0739665949505648,8.766699,0.88586015,0.43229392,0.9450239,0.36,10.0,1.2,61
-0.087269820576611,8.463014,0.8961881,0.4285892,0.9566529,0.36,10.0,1.2,61
-0.0516716577435446,9.297176,0.91225314,0.42895696,0.85347164,0.36,10.0,1.2,61
-0.0872359934897945,8.233876,0.900951,0.43258563,0.9601594,0.36,10.0,1.2,61
-0.1284899737669146,8.916254,0.8935576,0.44067314,0.96665025,0.36,10.0,1.2,61
-0.0511832069706594,8.730722,0.9156395,0.43609717,0.84877646,0.36,10.0,1.2,61
-0.078310562341794,9.239076,0.8949231,0.43362668,0.92270625,0.36,10.0,1.2,61
-0.0144396882214624,8.478258,0.92595834,0.4153571,0.71509326,0.36,10.0,1.2,61
-0.1009259831553521,8.598485,0.91141117,0.4301467,0.9529089,0.36,10.0,1.2,61
-0.1587976875026086,8.835133,0.9042383,0.44621915,0.9067631,0.36,10.0,1.2,61
-0.0646084723680123,8.762736,0.909408,0.43219012,0.8872081,0.36,10.0,1.2,61
-0.0479383839303818,9.097355,0.91267407,0.4350768,0.9985305,0.36,10.0,1.2,61
-0.0775796192762194,9.006179,0.9025276,0.4325273,0.97951114,0.36,10.0,1.2,61
-0.0448387345115562,8.935022,0.9026307,0.4322519,0.7959962,0.36,10.0,1.2,61
-0.0505220618636802,8.694647,0.9289926,0.4268973,0.7344234,0.36,10.0,1.2,61
-0.104600541734767,8.540002,0.89801997,0.42827514,0.9126785,0.36,10.0,1.2,61
-0.096411346130934,8.815541,0.9127088,0.441011,0.8523948,0.36,10.0,1.2,61
-0.0476538314981541,8.357016,0.92167145,0.4302307,0.64078474,0.36,10.0,1.2,61
-0.0696787719192237,8.9351845,0.92826986,0.4305284,0.72109354,0.36,10.0,1.2,61
-0.0380429874902489,8.683748,0.89873457,0.4214202,0.9791179,0.36,10.0,1.2,61
-0.0183279946400202,8.63855,0.93049216,0.40938485,0.83851075,0.36,10.0,1.2,61
-0.0415761366255465,8.658404,0.9157739,0.41649058,0.7702155,0.36,10.0,1.2,61
-0.0339265391718094,8.677624,0.9189557,0.4050172,0.82177067,0.36,10.0,1.2,61
-0.0419777800811416,8.452948,0.90212685,0.4431656,0.91006494,0.36,10.0,1.2,61
-0.0437858653342861,8.775377,0.90213263,0.42078283,0.8493,0.36,10.0,1.2,61
-0.0915248888549117,8.948935,0.9153051,0.43383938,0.75873125,0.36,10.0,1.2,61
-0.0639056584249442,8.406496,0.92185456,0.4231952,0.7566253,0.36,10.0,1.2,61
-0.0644778252363562,8.88443,0.9213496,0.4299425,0.8525728,0.36,10.0,1.2,61
-0.0324720234606133,8.431371,0.8785475,0.43878964,0.97135425,0.36,10.0,1.2,61
-0.0038271971366714,8.801988,0.91827595,0.42523584,0.743379,0.36,10.0,1.2,61
-0.031501444663448,8.6758,0.92348444,0.43826303,0.75912786,0.36,10.0,1.2,61
-0.0788425856497718,8.682861,0.9001202,0.4326083,0.9780737,0.36,10.0,1.2,61
-0.0767076477138563,8.512054,0.913109,0.42452016,0.8516257,0.36,10.0,1.2,61
-0.107785196097986,9.118379,0.9106013,0.4289794,0.95566595,0.36,10.0,1.2,61
-0.0710036195344242,8.937123,0.917328,0.43104383,0.8940247,0.36,10.0,1.2,61
-0.0549595621814126,8.854528,0.9024364,0.43653807,0.9567969,0.36,10.0,1.2,61
-0.0634767917145962,8.501636,0.90604335,0.43118298,0.94554317,0.36,10.0,1.2,61
-0.0503120077914628,8.666625,0.89672565,0.42155424,0.9663292,0.36,10.0,1.2,61
-0.051505157123392,8.741198,0.8922708,0.4242378,0.99811924,0.36,10.0,1.2,61
-0.0872516311759528,9.092003,0.9092469,0.43501315,0.883809,0.36,10.0,1.2,61
-0.0506641119918327,8.756724,0.92223877,0.43467408,0.7363608,0.36,10.0,1.2,61
-0.0875340843677759,8.554414,0.89436233,0.42881358,0.95584416,0.36,10.0,1.2,61
-0.0714006542539286,8.6201725,0.9086702,0.44615462,0.94360256,0.36,10.0,1.2,61
-0.0534943749142504,8.767031,0.89083767,0.4296506,0.9523165,0.36,10.0,1.2,61
-0.071207160051612,8.635695,0.9067892,0.4420863,0.81639576,0.36,10.0,1.2,61
-0.0418681676701464,8.896087,0.8884426,0.4275402,0.9959351,0.36,10.0,1.2,61
-0.0813976653615733,8.561159,0.9022709,0.43695045,0.9437469,0.36,10.0,1.2,61
-0.061832065917421,8.829556,0.9249853,0.42259467,0.7978829,0.36,10.0,1.2,61
-0.0264078339724137,8.155611,0.90922606,0.43630108,0.9246937,0.36,10.0,1.2,61
-0.0818505228537807,8.94852,0.91052085,0.43193072,0.94786155,0.36,10.0,1.2,61
-0.0620557773763266,8.530736,0.90528744,0.4430382,0.9112674,0.36,10.0,1.2,61
-0.1065502812470001,8.736854,0.91342294,0.43482926,0.86608374,0.36,10.0,1.2,61
-0.1022894757792256,8.702999,0.9082336,0.436507,0.93526447,0.36,10.0,1.2,61
-0.0556390030292226,9.130217,0.8986466,0.4259553,0.96921647,0.36,10.0,1.2,61
-0.0485132445497116,8.91475,0.9046017,0.42193887,0.89158905,0.36,10.0,1.2,61
-0.0816215490185659,8.837071,0.9441638,0.42819884,0.6519177,0.36,10.0,1.2,61
-0.0415317167682371,8.96262,0.91212434,0.4302441,0.8716639,0.36,10.0,1.2,61
-0.0932055565868394,8.519099,0.8919987,0.43683434,0.96304417,0.36,10.0,1.2,61
-0.0843401335703843,8.6884985,0.8963718,0.44045708,0.9207268,0.36,10.0,1.2,61
-0.0843204823930958,8.583051,0.9115946,0.4358103,0.8494476,0.36,10.0,1.2,61
-0.0727456609495524,9.035118,0.89849645,0.4189091,0.96711326,0.36,10.0,1.2,61
-0.1000580206687835,8.6225395,0.90571845,0.42497194,0.8410164,0.36,10.0,1.2,61
-0.0943826206914778,8.75006,0.90239334,0.42489755,0.99619615,0.36,10.0,1.2,61
-0.0413413243868638,8.770304,0.90535164,0.4264464,0.88698924,0.36,10.0,1.2,61
-0.0838599858908965,8.629656,0.8931179,0.42995727,0.9603623,0.36,10.0,1.2,61
-0.1075476065822217,8.640022,0.89889276,0.42966267,0.99843836,0.36,10.0,1.2,61
-0.0501573560952305,8.157902,0.9232099,0.42056656,0.7941787,0.36,10.0,1.2,61
-0.0732331219454179,8.607257,0.8989865,0.4332924,0.9607779,0.36,10.0,1.2,61
-0.0286046531213528,8.258705,0.908421,0.42757776,0.8313463,0.36,10.0,1.2,61
-0.0217510874453874,8.488003,0.8999545,0.42750537,0.9625627,0.36,10.0,1.2,61
-0.053872794714971,8.495278,0.91571105,0.42798048,0.77877605,0.36,10.0,1.2,61
-0.1187458981031653,8.8074255,0.9202265,0.4343421,0.8984668,0.36,10.0,1.2,61
-0.04852902686256,8.726779,0.9031631,0.42402202,0.82972205,0.36,10.0,1.2,61
-0.122749289854459,9.395052,0.9080477,0.44439667,0.94919205,0.36,10.0,1.2,61
-0.0808073102312722,8.87996,0.903919,0.44542477,0.9537444,0.36,10.0,1.2,61
-0.0516572766449524,9.530578,0.91520596,0.4298388,0.9195901,0.36,10.0,1.2,61
-0.1114936236836661,8.786517,0.90820694,0.42967188,0.8143772,0.36,10.0,1.2,61
-0.0415048343769128,9.250078,0.90963674,0.42953888,0.8736702,0.36,10.0,1.2,61
-0.0991957601790072,8.775273,0.9090668,0.44008765,0.88811016,0.36,10.0,1.2,61
-0.1173739483667767,8.443888,0.89523107,0.4295164,0.9148202,0.36,10.0,1.2,61
-0.0351413706089628,8.640624,0.9020979,0.41257465,0.93060076,0.36,10.0,1.2,61
-0.0266683597812776,8.58624,0.9169583,0.41530547,0.80567133,0.36,10.0,1.2,61
-0.1188373916121707,8.557211,0.90108484,0.44772223,0.8107189,0.36,10.0,1.2,61
-0.0547387825542238,8.4149885,0.9273152,0.4250062,0.7032722,0.36,10.0,1.2,61
-0.0891997434962923,8.807621,0.9016502,0.4330085,0.8898965,0.36,10.0,1.2,61
-0.0604985065851407,8.618774,0.91237664,0.42333624,0.7879298,0.36,10.0,1.2,61
-0.0641373699328015,8.780826,0.89806116,0.43662775,0.9892107,0.36,10.0,1.2,61
-0.1079381701444136,8.913671,0.91056705,0.43266237,0.95396197,0.36,10.0,1.2,61
-0.050748945444211,9.124692,0.8963475,0.42053664,0.993325,0.36,10.0,1.2,61
-0.0502723118732904,8.625784,0.9008825,0.43177652,0.979329,0.36,10.0,1.2,61
-0.088395528812418,8.775304,0.89970565,0.43890968,0.9149636,0.36,10.0,1.2,61
-0.0650890811852898,8.689213,0.9101892,0.42641678,0.9638314,0.36,10.0,1.2,61
