v_Intercept,v_coherence_signed,a,z,g,t,k,gain,seed_filter
0.1559451165600357,8.50793,1.2095923,0.57034063,0.9810351,0.4,10.0,0.8,42
0.1890504731567477,8.257723,1.2113215,0.55504876,0.95857334,0.4,10.0,0.8,42
0.1632295211898946,8.273735,1.197521,0.56818753,0.9888445,0.4,10.0,0.8,42
0.1685702099606998,8.473888,1.2131983,0.56100243,0.9930718,0.4,10.0,0.8,42
0.1734175292873679,8.268682,1.2088972,0.58244115,0.99985266,0.4,10.0,0.8,42
0.1546539172947963,8.230639,1.2098632,0.56167823,0.99151623,0.4,10.0,0.8,42
0.1928315057190036,8.659671,1.2224518,0.55446535,0.9913368,0.4,10.0,0.8,42
0.1794250670994553,8.692334,1.2148478,0.5702291,0.9912952,0.4,10.0,0.8,42
0.1793705041534804,8.605741,1.2448864,0.5667175,0.92118955,0.4,10.0,0.8,42
0.1846792183932485,8.262599,1.2009424,0.5722533,0.9965035,0.4,10.0,0.8,42
0.2052880700132185,8.728843,1.228012,0.5706605,0.93286216,0.4,10.0,0.8,42
0.1866395078344137,8.305419,1.2000118,0.5683696,0.9515264,0.4,10.0,0.8,42
0.1939641142931311,8.83837,1.2178367,0.5723398,0.99113786,0.4,10.0,0.8,42
0.1857400549535068,8.401527,1.2200375,0.5727616,0.9711821,0.4,10.0,0.8,42
0.163006454836171,8.0048065,1.2256503,0.56884515,0.95071244,0.4,10.0,0.8,42
0.1843707120307137,8.517428,1.2257004,0.5577205,0.9917685,0.4,10.0,0.8,42
0.1684623759854991,8.823862,1.2260771,0.57162666,0.98479474,0.4,10.0,0.8,42
0.1569085706431546,8.132141,1.2068915,0.5806501,0.98389494,0.4,10.0,0.8,42
0.1551753061954106,7.911604,1.2020142,0.57290995,0.9805602,0.4,10.0,0.8,42
0.1616133722560799,8.607125,1.2186255,0.5659433,0.99757016,0.4,10.0,0.8,42
0.191040950400807,8.616915,1.2286466,0.56058955,0.9738231,0.4,10.0,0.8,42
0.1812403341691442,8.4215765,1.21163,0.5791861,0.946895,0.4,10.0,0.8,42
0.2058761094589471,8.094836,1.2290734,0.56674695,0.907359,0.4,10.0,0.8,42
0.1781289800305232,8.285322,1.2048229,0.53780025,0.9967152,0.4,10.0,0.8,42
0.1563892726957612,8.476608,1.2475935,0.56695867,0.9178617,0.4,10.0,0.8,42
0.1709247710920197,8.45342,1.2221861,0.56580436,0.96950674,0.4,10.0,0.8,42
0.169355541746193,7.8785276,1.1828535,0.57504326,0.9933969,0.4,10.0,0.8,42
0.1622540525929578,8.322266,1.2167795,0.56751436,0.9555837,0.4,10.0,0.8,42
0.1546292235175397,8.123933,1.1990335,0.569832,0.9979515,0.4,10.0,0.8,42
0.1446525113233524,8.846677,1.2091874,0.57804525,0.94077766,0.4,10.0,0.8,42
0.1692635995205317,8.273154,1.21659,0.56116766,0.9289726,0.4,10.0,0.8,42
0.1938953977507594,8.414548,1.2189739,0.56315947,0.9957392,0.4,10.0,0.8,42
0.1711356513596769,8.260179,1.2203034,0.55832714,0.9344106,0.4,10.0,0.8,42
0.1754393856844798,8.46592,1.2120687,0.5765008,0.9890015,0.4,10.0,0.8,42
0.2073801266441464,8.273688,1.2145414,0.5548828,0.9317453,0.4,10.0,0.8,42
0.1459428846650405,8.362825,1.2090075,0.56266385,0.98885274,0.4,10.0,0.8,42
0.2241967753829243,8.368484,1.2040164,0.5569982,0.9921547,0.4,10.0,0.8,42
0.1605175594674464,8.325618,1.228231,0.57339257,0.9301505,0.4,10.0,0.8,42
0.14475191345096,8.087535,1.2028346,0.55412406,0.9696696,0.4,10.0,0.8,42
0.1635860520359883,8.244348,1.2196178,0.55711925,0.98879075,0.4,10.0,0.8,42
0.1711009904974346,8.238274,1.2250127,0.5608529,0.96855974,0.4,10.0,0.8,42
0.1911764984190278,8.686919,1.2118452,0.5598258,0.9895501,0.4,10.0,0.8,42
0.2015970843603306,8.5636215,1.2252827,0.5564422,0.9953395,0.4,10.0,0.8,42
0.1370705441151081,8.103605,1.211886,0.5783293,0.9622581,0.4,10.0,0.8,42
0.2034337572590955,8.416247,1.2247587,0.5665811,0.9612167,0.4,10.0,0.8,42
0.1840026643045966,8.187347,1.2162807,0.5579317,0.965466,0.4,10.0,0.8,42
0.1731371055139559,8.235912,1.2223729,0.55767566,0.99711573,0.4,10.0,0.8,42
0.1735849313646833,8.335161,1.2146027,0.56433004,0.96657205,0.4,10.0,0.8,42
0.1594545735748386,8.423951,1.2397642,0.5704172,0.9675518,0.4,10.0,0.8,42
0.1596125672539446,8.249707,1.1976352,0.5592153,0.9901862,0.4,10.0,0.8,42
0.2061110345002646,8.102989,1.2161639,0.5668718,0.9694712,0.4,10.0,0.8,42
0.2238833122907026,7.866247,1.2017963,0.54684514,0.9948025,0.4,10.0,0.8,42
0.1615329515154116,8.359397,1.2162119,0.5602459,0.9469782,0.4,10.0,0.8,42
0.1178693593105423,8.181367,1.2198577,0.58542734,0.97081745,0.4,10.0,0.8,42
0.1665125729510345,8.593551,1.2060428,0.5679675,0.9983729,0.4,10.0,0.8,42
0.1647333555132429,8.1723,1.2153109,0.57322085,0.9904922,0.4,10.0,0.8,42
0.1571607291141403,8.27554,1.2269068,0.56592375,0.96520936,0.4,10.0,0.8,42
0.1676121656768418,8.161888,1.1935753,0.54960895,0.99888384,0.4,10.0,0.8,42
0.1583394430879491,8.942225,1.2183022,0.576176,0.99298584,0.4,10.0,0.8,42
0.1868374465039214,8.40092,1.2340015,0.57025343,0.9242319,0.4,10.0,0.8,42
0.1399573121115426,8.109741,1.211545,0.58003473,0.9604404,0.4,10.0,0.8,42
0.2031479926124168,8.30113,1.2068107,0.5497691,0.964576,0.4,10.0,0.8,42
0.1949525158724681,8.043462,1.2123681,0.5614496,0.97682977,0.4,10.0,0.8,42
0.1751179412889332,7.714553,1.2113651,0.5709603,0.99895084,0.4,10.0,0.8,42
0.1987669620929848,8.466726,1.2088928,0.56204623,0.98925054,0.4,10.0,0.8,42
0.0978720684289189,8.706162,1.2228216,0.5856349,0.98870397,0.4,10.0,0.8,42
0.1997158571938488,8.16905,1.23169,0.5587872,0.9344319,0.4,10.0,0.8,42
0.2140473339045159,8.3852005,1.2122878,0.56338966,0.97110105,0.4,10.0,0.8,42
0.1419952226205035,8.129933,1.2169611,0.5643281,0.98334396,0.4,10.0,0.8,42
0.1611459277500616,8.179007,1.2141572,0.5758441,0.976612,0.4,10.0,0.8,42
0.1694456651574725,8.346902,1.2054523,0.57136494,0.9719534,0.4,10.0,0.8,42
0.2035407771945371,8.342873,1.2153542,0.5663185,0.97871506,0.4,10.0,0.8,42
0.1530263620002247,7.999865,1.2165146,0.5741406,0.9894756,0.4,10.0,0.8,42
0.1501773664884478,8.1847315,1.2092333,0.5611356,0.96270823,0.4,10.0,0.8,42
0.1592663236124864,7.9759135,1.2397869,0.5816359,0.97093,0.4,10.0,0.8,42
0.1459533891945241,8.544162,1.2235242,0.5720375,0.95382893,0.4,10.0,0.8,42
0.1778587596810124,8.570318,1.2152253,0.56666577,0.9956168,0.4,10.0,0.8,42
0.1787749419702547,8.777149,1.2344534,0.56381077,0.9671756,0.4,10.0,0.8,42
0.1340624705281956,8.1516485,1.2142918,0.58267426,0.98249555,0.4,10.0,0.8,42
0.1316101384682818,8.562494,1.2098397,0.56506765,0.98494744,0.4,10.0,0.8,42
0.1951153915619181,8.735965,1.2255216,0.56660753,0.97289,0.4,10.0,0.8,42
0.1505410926735661,7.8146377,1.2022799,0.5663867,0.99241924,0.4,10.0,0.8,42
0.2012678489506801,8.253599,1.2268801,0.56061393,0.94817483,0.4,10.0,0.8,42
0.1552487686787067,8.014828,1.2129644,0.57296616,0.9725288,0.4,10.0,0.8,42
0.1740529945706281,8.194189,1.2218587,0.5731287,0.96744084,0.4,10.0,0.8,42
0.1681633567512963,8.174238,1.217473,0.56187093,0.97146845,0.4,10.0,0.8,42
0.1738555340752051,7.670868,1.2156346,0.5603884,0.95891166,0.4,10.0,0.8,42
0.1769280334128026,8.673445,1.2330374,0.57249975,0.9877683,0.4,10.0,0.8,42
0.1656059134415005,7.9581833,1.2141995,0.5652139,0.9985248,0.4,10.0,0.8,42
0.1982920316892249,8.576935,1.2229202,0.5616558,0.9996151,0.4,10.0,0.8,42
0.2021199940892394,8.250419,1.2175448,0.56634384,0.9582728,0.4,10.0,0.8,42
0.1961664737570694,8.548799,1.2101489,0.55811787,0.9993768,0.4,10.0,0.8,42
0.1736082620709856,8.712576,1.2123548,0.56383103,0.99796236,0.4,10.0,0.8,42
0.1834100555408038,8.363051,1.2138174,0.5585049,0.9994589,0.4,10.0,0.8,42
0.1781729179750721,8.16571,1.1976703,0.55676013,0.9584154,0.4,10.0,0.8,42
0.1730595036087749,8.468943,1.2197242,0.5644286,0.9573939,0.4,10.0,0.8,42
0.162476999960213,8.451522,1.2455988,0.56519413,0.9558896,0.4,10.0,0.8,42
0.149421666641473,8.182921,1.1936327,0.5687545,0.9830352,0.4,10.0,0.8,42
0.1788046579866023,8.39553,1.2202096,0.56298465,0.96757495,0.4,10.0,0.8,42
0.1774184665204579,8.689497,1.2333875,0.5646935,0.9491173,0.4,10.0,0.8,42
0.1504834485573932,8.0876875,1.2268125,0.55522424,0.9775561,0.4,10.0,0.8,42
0.1644443210411666,8.2192135,1.2129399,0.5575009,0.964767,0.4,10.0,0.8,42
0.1697913802672769,8.329273,1.2226174,0.57341534,0.9657173,0.4,10.0,0.8,42
0.162880869149419,8.203595,1.2084657,0.56578,0.9956621,0.4,10.0,0.8,42
0.1848774199916566,7.991431,1.2084097,0.5746847,0.9963323,0.4,10.0,0.8,42
0.1571304801097168,7.9708447,1.2187278,0.5758962,0.9733734,0.4,10.0,0.8,42
0.1933350546709102,8.2157545,1.2149422,0.5731446,0.99463975,0.4,10.0,0.8,42
0.1393591559935953,8.376723,1.2268424,0.5776577,0.96117175,0.4,10.0,0.8,42
0.1738964137258559,8.410583,1.2055266,0.5622991,0.98159575,0.4,10.0,0.8,42
0.1811252418708207,8.399942,1.212199,0.56641257,0.98345613,0.4,10.0,0.8,42
0.2162686743097513,8.457924,1.2319356,0.57207793,0.95201635,0.4,10.0,0.8,42
0.1933242367064098,8.336962,1.2319741,0.55871105,0.96758735,0.4,10.0,0.8,42
0.163275509237129,8.434539,1.2287236,0.5728716,0.9732815,0.4,10.0,0.8,42
0.1666524266156823,8.332125,1.2262588,0.5726403,0.99389446,0.4,10.0,0.8,42
0.167861522246744,8.399998,1.2377747,0.5638696,0.965289,0.4,10.0,0.8,42
0.1390828224728783,8.478532,1.2284213,0.5665431,0.9935024,0.4,10.0,0.8,42
0.1946719157732907,8.76051,1.216613,0.5723131,0.9973918,0.4,10.0,0.8,42
0.1504579778772276,8.226848,1.2247463,0.57502514,0.98228407,0.4,10.0,0.8,42
0.1586446952225634,8.268496,1.2166688,0.58119637,0.9810463,0.4,10.0,0.8,42
0.1697757368889924,8.0083065,1.2206225,0.5733351,0.9413506,0.4,10.0,0.8,42
0.1911788625509196,8.557644,1.2186456,0.5572996,0.99528265,0.4,10.0,0.8,42
0.1683080668761351,8.491879,1.2196882,0.55613697,0.9881778,0.4,10.0,0.8,42
0.1593302371717316,8.485563,1.2181139,0.56503636,0.9954101,0.4,10.0,0.8,42
0.2298278051002003,8.043795,1.1992626,0.5402716,0.9674988,0.4,10.0,0.8,42
0.1945202840822879,8.346462,1.211669,0.556397,0.99830556,0.4,10.0,0.8,42
0.1898512394628792,8.535032,1.2225066,0.58334523,0.9948461,0.4,10.0,0.8,42
0.131866839667347,8.144105,1.2158567,0.5742658,0.99273133,0.4,10.0,0.8,42
0.1713734747093414,8.290406,1.2241417,0.56051856,0.95119524,0.4,10.0,0.8,42
0.1898842308008782,8.34571,1.2244619,0.5719415,0.9893154,0.4,10.0,0.8,42
0.1757685037416832,8.006404,1.2062786,0.57351047,0.99116457,0.4,10.0,0.8,42
0.1680233416156234,8.479806,1.2325716,0.5626578,0.90443397,0.4,10.0,0.8,42
0.1488322451107227,8.478499,1.2218245,0.5708916,0.96210563,0.4,10.0,0.8,42
0.1683785460819707,8.218191,1.2259002,0.5778292,0.8951137,0.4,10.0,0.8,42
0.2018237411047439,8.311319,1.2068471,0.5716168,0.982679,0.4,10.0,0.8,42
0.1749136786594569,8.331204,1.2194158,0.56792885,0.9777316,0.4,10.0,0.8,42
0.1607812533868807,8.350099,1.2147492,0.5812889,0.9809009,0.4,10.0,0.8,42
0.1888744649857375,8.25637,1.2192729,0.563025,0.98359823,0.4,10.0,0.8,42
0.1637841607922705,8.059959,1.2103089,0.58038455,0.9742986,0.4,10.0,0.8,42
0.1258199638295396,8.279901,1.2336425,0.592771,0.9534786,0.4,10.0,0.8,42
0.1566456144101151,8.310399,1.2107768,0.5652812,0.9818946,0.4,10.0,0.8,42
0.1982812945345109,8.468286,1.2093209,0.56267697,0.99793124,0.4,10.0,0.8,42
0.1550507961403915,8.449039,1.2147158,0.57341534,0.98659897,0.4,10.0,0.8,42
0.1848150755386114,8.679833,1.2238675,0.5789126,0.97074986,0.4,10.0,0.8,42
0.1824541231553502,8.16902,1.2189947,0.5549074,0.9937868,0.4,10.0,0.8,42
0.1851257475737099,8.568821,1.1954145,0.5504838,0.9953033,0.4,10.0,0.8,42
0.1717129741502328,8.437376,1.2123474,0.5633649,0.9768349,0.4,10.0,0.8,42
0.1705212851551091,8.273066,1.1926777,0.55429673,0.9947721,0.4,10.0,0.8,42
0.1676850044095998,8.382678,1.2194281,0.5652728,0.99007356,0.4,10.0,0.8,42
0.1952856267352713,8.542324,1.2171133,0.54921216,0.99779963,0.4,10.0,0.8,42
0.1803065444078772,8.374584,1.2038093,0.5630441,0.9840814,0.4,10.0,0.8,42
0.2097896858167796,8.607045,1.2189059,0.559043,0.99792814,0.4,10.0,0.8,42
0.1509266189325635,8.185043,1.2143028,0.5623738,0.98317444,0.4,10.0,0.8,42
0.1754470562266412,8.344102,1.2301538,0.56754595,0.9856249,0.4,10.0,0.8,42
0.1486853526760113,8.3691435,1.2086132,0.5677433,0.9849647,0.4,10.0,0.8,42
0.1911295180751527,7.7700996,1.2038971,0.549147,0.98060036,0.4,10.0,0.8,42
0.1772822969799101,8.243418,1.2325661,0.5676637,0.98137033,0.4,10.0,0.8,42
0.190475756505568,8.601298,1.215007,0.544064,0.99046624,0.4,10.0,0.8,42
0.1671655726209979,8.422211,1.2090883,0.5607509,0.98682535,0.4,10.0,0.8,42
0.1429152102485252,8.441644,1.2197914,0.57697827,0.9983361,0.4,10.0,0.8,42
0.1958137501808713,8.206263,1.2115479,0.5515273,0.96803975,0.4,10.0,0.8,42
0.2154952282474791,8.415883,1.222323,0.55628496,0.97952306,0.4,10.0,0.8,42
0.1634192607855871,7.9830456,1.2007402,0.5598999,0.99174964,0.4,10.0,0.8,42
0.1792955769928073,8.39242,1.201226,0.55758804,0.99963176,0.4,10.0,0.8,42
0.1604140448050335,8.247686,1.224539,0.5526372,0.99592495,0.4,10.0,0.8,42
0.1361139961492235,8.072268,1.2195866,0.56346136,0.9919884,0.4,10.0,0.8,42
0.1618689642516994,8.427251,1.20727,0.56885487,0.98953414,0.4,10.0,0.8,42
0.1584511225097276,8.537815,1.2230667,0.572251,0.99290276,0.4,10.0,0.8,42
0.1574866695938823,8.645885,1.2015364,0.57049066,0.9947398,0.4,10.0,0.8,42
0.185980798745081,8.205029,1.2196579,0.5728639,0.9736308,0.4,10.0,0.8,42
0.1474570177797216,8.589564,1.2347467,0.58571774,0.9703939,0.4,10.0,0.8,42
0.1662967212474977,8.281565,1.2150342,0.57555324,0.9835454,0.4,10.0,0.8,42
0.1518445182812176,8.358046,1.2205207,0.5577948,0.9459951,0.4,10.0,0.8,42
0.1778126992911936,8.243671,1.217515,0.5776083,0.9962586,0.4,10.0,0.8,42
0.1893991725838444,8.169289,1.2156416,0.5570064,0.94085336,0.4,10.0,0.8,42
0.1409342272630733,8.313716,1.2047415,0.55852133,0.9778571,0.4,10.0,0.8,42
0.1796355290576305,7.845319,1.2074019,0.5553692,0.963321,0.4,10.0,0.8,42
0.2027022673704913,7.964776,1.2112275,0.5629583,0.98730326,0.4,10.0,0.8,42
0.1970452035327566,8.278134,1.2032906,0.5511997,0.9968182,0.4,10.0,0.8,42
0.1702119075620657,8.190123,1.2153945,0.5714095,0.98895514,0.4,10.0,0.8,42
0.1782935378707457,8.571396,1.2219429,0.55810535,0.9829657,0.4,10.0,0.8,42
0.1617080504277784,8.191471,1.2038941,0.5624993,0.99048233,0.4,10.0,0.8,42
0.197254441460345,8.249352,1.2157868,0.5610783,0.9641924,0.4,10.0,0.8,42
0.1661617911864664,8.440704,1.2229663,0.5611126,0.9655043,0.4,10.0,0.8,42
0.1533831434457844,8.03396,1.2185827,0.5753122,0.92610633,0.4,10.0,0.8,42
0.2243842521560526,8.1837845,1.210077,0.5505455,0.9922998,0.4,10.0,0.8,42
0.1566230759071041,8.304685,1.205866,0.56072897,0.98380196,0.4,10.0,0.8,42
0.2245476591995572,8.563095,1.2164096,0.5611839,0.99350095,0.4,10.0,0.8,42
0.1385712672616833,8.1636915,1.2018603,0.5829825,0.95502174,0.4,10.0,0.8,42
0.1791396041525487,8.78059,1.23577,0.57221085,0.97264755,0.4,10.0,0.8,42
0.173504685315759,8.366981,1.2236716,0.5772556,0.9729128,0.4,10.0,0.8,42
0.1585541231981319,8.546987,1.2135217,0.5803919,0.99750686,0.4,10.0,0.8,42
0.1314359363365767,8.302787,1.2204264,0.5548164,0.99060917,0.4,10.0,0.8,42
0.164523493686569,8.515337,1.1994547,0.5689822,0.98625016,0.4,10.0,0.8,42
0.1852347746816379,8.591557,1.2311885,0.5747888,0.9711288,0.4,10.0,0.8,42
0.1805653148722426,8.5113,1.2178133,0.5745419,0.9635531,0.4,10.0,0.8,42
0.1944369087338076,8.588841,1.2378867,0.560555,0.9824494,0.4,10.0,0.8,42
0.1960019892992631,8.487494,1.2193972,0.5613753,0.93605864,0.4,10.0,0.8,42
0.1923232885164635,8.241511,1.214158,0.56101227,0.9125302,0.4,10.0,0.8,42
0.2155445406370073,8.601986,1.2135756,0.56804234,0.99182713,0.4,10.0,0.8,42
0.1782611084875659,8.181095,1.2261198,0.5648623,0.97670543,0.4,10.0,0.8,42
0.188760299920293,8.308291,1.2017303,0.55711937,0.9848492,0.4,10.0,0.8,42
0.1740566895386883,8.367537,1.2102988,0.5772481,0.9746845,0.4,10.0,0.8,42
0.1544424452142923,8.310982,1.2080828,0.56248426,0.965024,0.4,10.0,0.8,42
0.1861784532434101,8.438435,1.2072461,0.56154704,0.9972184,0.4,10.0,0.8,42
0.17001103062496,8.249465,1.2091899,0.5633167,0.9554776,0.4,10.0,0.8,42
0.1712102429517704,8.452382,1.2158413,0.5763741,0.9723271,0.4,10.0,0.8,42
0.1881713613171443,8.220423,1.2073073,0.55586994,0.9903668,0.4,10.0,0.8,42
0.156838283954751,8.388374,1.2146099,0.5636835,0.995952,0.4,10.0,0.8,42
0.1813226272012585,8.614314,1.216141,0.54993606,0.9986236,0.4,10.0,0.8,42
0.1831774404115766,8.355137,1.2135898,0.56268007,0.9952774,0.4,10.0,0.8,42
0.1398795442789143,8.033348,1.2165297,0.57433224,0.98936355,0.4,10.0,0.8,42
0.1577286316226947,8.486038,1.2079866,0.5711384,0.9973632,0.4,10.0,0.8,42
0.1810612794394805,8.511892,1.2253047,0.560828,0.97364247,0.4,10.0,0.8,42
0.1938989942318925,7.993555,1.1897056,0.5616356,0.9805354,0.4,10.0,0.8,42
0.2049690047528513,8.277498,1.200588,0.5513622,0.9996189,0.4,10.0,0.8,42
0.164166240900105,8.064888,1.2393205,0.57279336,0.9628674,0.4,10.0,0.8,42
0.1797234974917593,8.442297,1.2296224,0.55524737,0.9300289,0.4,10.0,0.8,42
0.1550567319460004,8.444527,1.2265515,0.58201677,0.9937568,0.4,10.0,0.8,42
0.1534082427574466,7.9419117,1.2165549,0.5793879,0.95124745,0.4,10.0,0.8,42
0.1750110418254341,8.417402,1.2172806,0.56738245,0.99646294,0.4,10.0,0.8,42
0.1797742773810651,8.929053,1.2052869,0.5500913,0.996552,0.4,10.0,0.8,42
0.1561346628955591,7.986733,1.210175,0.56443936,0.9831543,0.4,10.0,0.8,42
0.1572945198166036,8.401697,1.2201397,0.5597719,0.9654542,0.4,10.0,0.8,42
0.1861844232149213,8.418506,1.2001514,0.55900913,0.963717,0.4,10.0,0.8,42
0.1939188661605027,8.111148,1.2154812,0.5652552,0.97097766,0.4,10.0,0.8,42
0.1914057981188052,8.302151,1.211153,0.54837996,0.9468831,0.4,10.0,0.8,42
0.1423547587290731,8.08248,1.2144285,0.5813882,0.9935975,0.4,10.0,0.8,42
0.183042895979599,8.854373,1.2320329,0.55746657,0.94956553,0.4,10.0,0.8,42
0.1781287854334275,8.432889,1.1978147,0.57358104,0.998847,0.4,10.0,0.8,42
0.1626767529876804,8.172313,1.2007374,0.5642215,0.96017265,0.4,10.0,0.8,42
0.1668213771511089,8.500779,1.2276957,0.564414,0.993242,0.4,10.0,0.8,42
0.1827138455114632,8.115941,1.1994112,0.5651881,0.9937326,0.4,10.0,0.8,42
0.1873146165568509,8.633275,1.2175297,0.56340176,0.99531794,0.4,10.0,0.8,42
0.2122250796107117,8.432718,1.2119544,0.55962193,0.99254847,0.4,10.0,0.8,42
0.1500622208616072,8.263526,1.2000965,0.56145525,0.9934422,0.4,10.0,0.8,42
0.1599472556901497,8.282781,1.2120614,0.5526956,0.9860395,0.4,10.0,0.8,42
0.1760926378850253,8.087132,1.2232494,0.5675138,0.9837011,0.4,10.0,0.8,42
0.1488898112395099,8.18121,1.198325,0.55248946,0.9649404,0.4,10.0,0.8,42
0.1523544498693163,7.7719545,1.1840799,0.57592875,0.9615737,0.4,10.0,0.8,42
0.1563959543578721,8.011272,1.2160554,0.57744724,0.9425547,0.4,10.0,0.8,42
0.1797554143864046,8.272495,1.2106864,0.5649174,0.9731165,0.4,10.0,0.8,42
0.1611157377189565,8.357806,1.2402469,0.56387496,0.9565693,0.4,10.0,0.8,42
0.1788553729606937,7.831705,1.2069622,0.5566408,0.9548135,0.4,10.0,0.8,42
0.1779336645595752,8.361252,1.1943129,0.57211083,0.9996786,0.4,10.0,0.8,42
0.1527979957723171,8.37628,1.2200706,0.5702141,0.9950534,0.4,10.0,0.8,42
0.173969187691947,7.8922777,1.2179626,0.5552745,0.94122374,0.4,10.0,0.8,42
0.1719266912276128,8.215896,1.1902714,0.56970686,0.99570644,0.4,10.0,0.8,42
0.1662641342555251,8.25836,1.2099695,0.57629764,0.9871807,0.4,10.0,0.8,42
0.1696247452887419,8.708811,1.2200599,0.5591939,0.9985472,0.4,10.0,0.8,42
0.1614944411958118,8.343726,1.2032559,0.5621932,0.92268467,0.4,10.0,0.8,42
0.177565116377263,8.165178,1.2118913,0.5721093,0.9967412,0.4,10.0,0.8,42
0.2025008460071599,8.130715,1.2114115,0.56256014,0.990291,0.4,10.0,0.8,42
0.1870320422627101,8.328066,1.2240105,0.5667026,0.95804834,0.4,10.0,0.8,42
0.1992321382801852,8.311296,1.2001811,0.55254537,0.9875616,0.4,10.0,0.8,42
0.1655816593645517,8.727126,1.2285566,0.57145065,0.9799473,0.4,10.0,0.8,42
0.1595450321090555,8.326441,1.2282053,0.5667413,0.96838427,0.4,10.0,0.8,42
0.1605361978584361,8.39972,1.2017492,0.5763386,0.99533665,0.4,10.0,0.8,42
0.1337131197207441,8.489373,1.2269962,0.572597,0.98663926,0.4,10.0,0.8,42
0.1782640880513414,8.329187,1.2209573,0.5530744,0.97717226,0.4,10.0,0.8,42
0.1462481293722848,8.273827,1.2129143,0.5610552,0.98220956,0.4,10.0,0.8,42
0.1242330185720853,8.20653,1.202621,0.5692314,0.98741674,0.4,10.0,0.8,42
0.1898758136594778,8.468394,1.2381339,0.5501677,0.8506241,0.4,10.0,0.8,42
0.184141141974666,7.9050827,1.226733,0.56039953,0.9342185,0.4,10.0,0.8,42
0.1834589692291069,8.529005,1.2476813,0.55984145,0.92437446,0.4,10.0,0.8,42
0.1876868004368101,8.415883,1.2117126,0.5566692,0.96273756,0.4,10.0,0.8,42
0.168035217237621,8.154689,1.2227765,0.5793456,0.96548855,0.4,10.0,0.8,42
0.2049843893615627,7.9227495,1.2499645,0.55629903,0.8157257,0.4,10.0,0.8,42
0.1616913364683727,8.1731825,1.2312934,0.56488365,0.96494436,0.4,10.0,0.8,42
0.1733977295527948,8.41719,1.2189354,0.5405171,0.963117,0.4,10.0,0.8,42
0.1595310242376595,8.22676,1.2157383,0.565652,0.9540919,0.4,10.0,0.8,42
0.2034500462243861,8.28207,1.2453328,0.58020335,0.88914144,0.4,10.0,0.8,42
0.2090231708277051,8.309332,1.2122005,0.5524675,0.9499763,0.4,10.0,0.8,42
0.1764249785295528,8.520353,1.2140265,0.56474656,0.9789412,0.4,10.0,0.8,42
0.1462410956528327,8.406611,1.2200906,0.5577495,0.9723681,0.4,10.0,0.8,42
0.1842431849779741,8.4568815,1.2192388,0.5611899,0.9821632,0.4,10.0,0.8,42
0.1687776773518119,8.068893,1.2016685,0.5679112,0.99039733,0.4,10.0,0.8,42
0.1418220652226718,8.648268,1.2082523,0.5784144,0.9954772,0.4,10.0,0.8,42
0.1883143321004612,8.5796175,1.2198479,0.54791397,0.9933659,0.4,10.0,0.8,42
0.1834590363725323,7.9938283,1.2190058,0.55473346,0.973948,0.4,10.0,0.8,42
0.180540000761038,8.319338,1.2050335,0.5541006,0.99795413,0.4,10.0,0.8,42
0.1857852126207678,8.561935,1.2274852,0.56641227,0.95001936,0.4,10.0,0.8,42
0.1868637016629132,8.10082,1.2174373,0.55762047,0.98787975,0.4,10.0,0.8,42
0.1683884651861458,8.128186,1.2030239,0.55506754,0.9981415,0.4,10.0,0.8,42
0.1909322683684922,8.096376,1.2001975,0.55468565,0.9780494,0.4,10.0,0.8,42
0.1586050391568573,8.085835,1.2300155,0.5770758,0.9384631,0.4,10.0,0.8,42
0.2086255436003022,8.5433445,1.2178894,0.5658455,0.9626795,0.4,10.0,0.8,42
0.1946440179771352,8.351071,1.2052724,0.55678666,0.9946016,0.4,10.0,0.8,42
0.1817299033251135,7.9704933,1.1989472,0.5717577,0.9886067,0.4,10.0,0.8,42
0.2000918868174805,8.2232485,1.192383,0.5544839,0.977543,0.4,10.0,0.8,42
0.1697522643199219,8.310189,1.2062736,0.5625455,0.9622792,0.4,10.0,0.8,42
0.1764394834405536,8.575581,1.240084,0.568415,0.9906937,0.4,10.0,0.8,42
0.1816408103871568,8.616949,1.2312906,0.5625696,0.9896828,0.4,10.0,0.8,42
0.1823148665027083,8.37113,1.217082,0.5711449,0.9932927,0.4,10.0,0.8,42
0.1587385210292733,8.294873,1.2088175,0.5718264,0.95956373,0.4,10.0,0.8,42
0.1757165781062711,8.485337,1.2278199,0.5679885,0.9876113,0.4,10.0,0.8,42
0.1770899851374165,8.709205,1.2189434,0.56073606,0.9745909,0.4,10.0,0.8,42
0.1858819680793263,8.171757,1.2113601,0.5674293,0.97266686,0.4,10.0,0.8,42
0.1651367218694954,8.026245,1.2263572,0.57486105,0.9130477,0.4,10.0,0.8,42
0.1622264964558253,8.478069,1.2170057,0.58096766,0.97091675,0.4,10.0,0.8,42
0.1992284687137306,8.590174,1.2027503,0.56046265,0.994511,0.4,10.0,0.8,42
0.1931593340876689,8.135415,1.2055159,0.564164,0.9774593,0.4,10.0,0.8,42
0.1670375650174149,7.9170227,1.2141705,0.5690231,0.92397726,0.4,10.0,0.8,42
0.1460183913091261,8.403619,1.2026,0.57643306,0.98706675,0.4,10.0,0.8,42
0.1452120751235344,8.544389,1.2238009,0.5667905,0.9486873,0.4,10.0,0.8,42
0.1847322009434209,8.459115,1.2090561,0.55060977,0.99559045,0.4,10.0,0.8,42
0.1534752731382661,8.149968,1.1996534,0.57706994,0.9907893,0.4,10.0,0.8,42
0.1923115554999711,8.136059,1.2196614,0.55270547,0.94183505,0.4,10.0,0.8,42
0.1622590347242503,8.160096,1.2276199,0.56641775,0.91067815,0.4,10.0,0.8,42
0.167602590162806,8.038795,1.2085177,0.5625803,0.98065996,0.4,10.0,0.8,42
0.1643679186562511,8.253236,1.2060902,0.5513782,0.953683,0.4,10.0,0.8,42
0.1746522815799416,8.258023,1.2078295,0.56970865,0.9791193,0.4,10.0,0.8,42
0.1512420296297637,8.080249,1.2148566,0.58510906,0.9997947,0.4,10.0,0.8,42
0.1411587126901216,8.558956,1.2135504,0.5710013,0.9845165,0.4,10.0,0.8,42
0.1596493049574046,8.464695,1.2249544,0.57554084,0.96770084,0.4,10.0,0.8,42
0.1665080455233374,8.360119,1.1955154,0.56961447,0.99273086,0.4,10.0,0.8,42
0.1741723085860968,8.165536,1.2097734,0.56207436,0.98090553,0.4,10.0,0.8,42
0.13384919448805,8.32962,1.2155385,0.5645694,0.9860555,0.4,10.0,0.8,42
0.2273265245918915,8.464823,1.220324,0.55158764,0.9601306,0.4,10.0,0.8,42
0.1558951260516205,8.364566,1.2159808,0.5708734,0.96886384,0.4,10.0,0.8,42
0.1572270948938862,8.015821,1.1830845,0.56003565,0.9967673,0.4,10.0,0.8,42
0.1834847897384025,8.646636,1.216393,0.567601,0.9969263,0.4,10.0,0.8,42
0.1572937375659883,8.170019,1.2177894,0.55695415,0.95395994,0.4,10.0,0.8,42
0.164179790502768,8.24946,1.2321258,0.57040846,0.9657762,0.4,10.0,0.8,42
0.1873011489523534,8.370377,1.2195246,0.55742365,0.9880651,0.4,10.0,0.8,42
0.1891678646717487,8.238302,1.2117565,0.549989,0.9938767,0.4,10.0,0.8,42
0.1707552685544498,7.9184165,1.2264864,0.57012254,0.9784392,0.4,10.0,0.8,42
0.1645235709312177,8.441618,1.2309216,0.56596977,0.96480036,0.4,10.0,0.8,42
0.1709632261519862,8.432532,1.2266246,0.57135993,0.9634522,0.4,10.0,0.8,42
0.1936238878612577,8.693734,1.2010851,0.5652255,0.99215496,0.4,10.0,0.8,42
0.1807338915138601,8.528855,1.2324167,0.5506031,0.9766376,0.4,10.0,0.8,42
0.1700977014975384,8.237584,1.214005,0.5364099,0.96080816,0.4,10.0,0.8,42
0.1581735836753964,7.7580132,1.1958104,0.5602905,0.97857547,0.4,10.0,0.8,42
0.1763733027508697,8.311224,1.2195597,0.5630267,0.9618441,0.4,10.0,0.8,42
0.1424711656718982,8.458066,1.2358605,0.57281023,0.9905709,0.4,10.0,0.8,42
0.1769047218691151,8.125301,1.2213902,0.5668412,0.9345684,0.4,10.0,0.8,42
0.1488045113108982,8.2966,1.2271881,0.5672836,0.90664804,0.4,10.0,0.8,42
0.1269285913568419,8.245522,1.2014079,0.56539816,0.9966767,0.4,10.0,0.8,42
0.1399788684191362,8.313001,1.2103434,0.56840247,0.99637926,0.4,10.0,0.8,42
0.1754944109099676,8.165307,1.2018994,0.56367403,0.99397314,0.4,10.0,0.8,42
0.1472906143865852,8.153289,1.2040161,0.5546272,0.98693335,0.4,10.0,0.8,42
0.1972646809812646,8.319802,1.2000426,0.5506082,0.99890816,0.4,10.0,0.8,42
0.1697830633953724,8.2427025,1.217265,0.56989104,0.9700234,0.4,10.0,0.8,42
0.1605596297255186,8.797474,1.2373632,0.56795,0.9914181,0.4,10.0,0.8,42
0.1820989706805933,8.127399,1.2205092,0.5590235,0.95032907,0.4,10.0,0.8,42
0.1714438928621951,8.447791,1.2221737,0.565193,0.98756135,0.4,10.0,0.8,42
0.1787664918513312,8.656567,1.2308424,0.56387305,0.96479464,0.4,10.0,0.8,42
0.1634432890704859,7.986274,1.2294145,0.5719753,0.94203603,0.4,10.0,0.8,42
0.17119673835897,8.464354,1.2127495,0.5738162,0.9527848,0.4,10.0,0.8,42
0.188479114395807,8.986657,1.2352782,0.55849344,0.99126637,0.4,10.0,0.8,42
0.1730058334326818,8.002944,1.2043937,0.5555654,0.9726223,0.4,10.0,0.8,42
0.1813323854285979,8.464365,1.2145705,0.5757182,0.98583055,0.4,10.0,0.8,42
0.166275657225992,8.2741785,1.2266312,0.5756412,0.9136969,0.4,10.0,0.8,42
0.1888735561727363,8.570008,1.2183462,0.56745446,0.99130356,0.4,10.0,0.8,42
0.1748372461194189,8.3676195,1.2001984,0.56395423,0.9766036,0.4,10.0,0.8,42
0.1790240507630915,8.1543,1.2095118,0.5589767,0.9645102,0.4,10.0,0.8,42
0.1864609012722597,8.921604,1.2415105,0.5528906,0.9510968,0.4,10.0,0.8,42
0.1557552107398012,8.438685,1.2171025,0.56735,0.9706174,0.4,10.0,0.8,42
0.1636956904164727,8.568954,1.2408131,0.57435775,0.992664,0.4,10.0,0.8,42
0.1603980042109979,8.488212,1.2066417,0.54674894,0.99173117,0.4,10.0,0.8,42
0.1783061575666766,8.541601,1.2133988,0.56242615,0.9973309,0.4,10.0,0.8,42
0.1680405194885634,7.9960837,1.2224979,0.57869774,0.9372152,0.4,10.0,0.8,42
0.1855669450908435,8.33041,1.2120492,0.5718608,0.9959731,0.4,10.0,0.8,42
0.1462321383930812,8.162144,1.2145692,0.5646964,0.9749863,0.4,10.0,0.8,42
0.1760623154981856,8.303858,1.2284116,0.57413715,0.9442028,0.4,10.0,0.8,42
0.1863631027138493,8.568175,1.2292072,0.56795055,0.99551594,0.4,10.0,0.8,42
0.1790003249207018,8.829708,1.2088821,0.56234056,0.9747647,0.4,10.0,0.8,42
0.2014786787122209,8.400324,1.2157587,0.5560254,0.9602945,0.4,10.0,0.8,42
0.1503027590635781,8.409021,1.2276815,0.5804497,0.96898186,0.4,10.0,0.8,42
0.1963705608035173,8.068938,1.2195617,0.5691512,0.98755455,0.4,10.0,0.8,42
0.14790456748083,8.37056,1.2160568,0.57160646,0.9439118,0.4,10.0,0.8,42
0.1602348283072498,8.4142885,1.2106563,0.56275696,0.9998205,0.4,10.0,0.8,42
0.1552614534383993,8.42412,1.2137967,0.5808378,0.98894894,0.4,10.0,0.8,42
0.1647502682290716,8.44863,1.2160649,0.5654076,0.9830072,0.4,10.0,0.8,42
0.1785133774778181,8.125155,1.2189631,0.550066,0.9974841,0.4,10.0,0.8,42
0.1601204956803366,7.8476014,1.199054,0.5671813,0.996027,0.4,10.0,0.8,42
0.157241404316507,8.021165,1.2126635,0.57262176,0.9721637,0.4,10.0,0.8,42
0.1513829927949519,8.589004,1.2214764,0.5678135,0.98652637,0.4,10.0,0.8,42
0.1535630135521339,8.629053,1.2276084,0.5679894,0.9449655,0.4,10.0,0.8,42
0.1733866280113054,8.48803,1.2218868,0.57359755,0.98340774,0.4,10.0,0.8,42
0.1338879412951127,8.402697,1.2342682,0.5765201,0.9589194,0.4,10.0,0.8,42
0.1696543439526424,8.042868,1.224347,0.5582497,0.9300444,0.4,10.0,0.8,42
0.1492025284752296,8.833548,1.230454,0.5736349,0.98654306,0.4,10.0,0.8,42
0.1935907313385485,8.326431,1.219109,0.5737665,0.9723995,0.4,10.0,0.8,42
0.1903510046153796,8.966547,1.2215389,0.56676424,0.97096634,0.4,10.0,0.8,42
0.1426686297324587,8.575754,1.2154148,0.56573707,0.9882996,0.4,10.0,0.8,42
0.1757907383167112,8.568719,1.2343742,0.5700463,0.97792053,0.4,10.0,0.8,42
0.2037230886774271,8.479353,1.2077695,0.5583278,0.9935324,0.4,10.0,0.8,42
0.187390529478079,8.548017,1.2204027,0.546429,0.96659935,0.4,10.0,0.8,42
0.218494610325941,8.527375,1.2157972,0.55199915,0.9891418,0.4,10.0,0.8,42
0.1791585749926225,7.9604926,1.197673,0.55602485,0.975073,0.4,10.0,0.8,42
0.1388939463832296,8.190161,1.2214925,0.58440447,0.93982196,0.4,10.0,0.8,42
0.1621546378388211,8.598529,1.2220585,0.57854307,0.96698546,0.4,10.0,0.8,42
0.1891798058031503,8.3591585,1.2180734,0.55483395,0.94567823,0.4,10.0,0.8,42
0.1758878608358983,8.49191,1.2170961,0.55799896,0.9825647,0.4,10.0,0.8,42
0.1634021964028617,7.988076,1.192138,0.57436144,0.99675727,0.4,10.0,0.8,42
0.1731474620902278,8.281496,1.2033087,0.56762046,0.9769565,0.4,10.0,0.8,42
0.1751020207211978,8.083267,1.2032888,0.5554189,0.99840105,0.4,10.0,0.8,42
0.1735424451738874,8.50292,1.232627,0.57170945,0.96088564,0.4,10.0,0.8,42
0.1562324751203305,8.415885,1.2089382,0.5740268,0.9871249,0.4,10.0,0.8,42
0.1890162760594923,8.343005,1.2159926,0.56261665,0.9787061,0.4,10.0,0.8,42
-0.0967768352564292,8.353904,1.1914716,0.4601628,0.9847121,0.4,10.0,0.8,43
-0.0704656045471701,8.153625,1.1844703,0.46464863,0.9939636,0.4,10.0,0.8,43
-0.0903746920488074,8.433014,1.1926978,0.46785846,0.9766507,0.4,10.0,0.8,43
-0.0807631751689632,8.394271,1.1796073,0.46765912,0.99012864,0.4,10.0,0.8,43
-0.0933981480827411,8.115576,1.1876757,0.474288,0.99744034,0.4,10.0,0.8,43
-0.1283778308577726,8.319846,1.1856034,0.48477948,0.98097193,0.4,10.0,0.8,43
-0.0944021356877305,7.8073244,1.1803956,0.4589338,0.9865581,0.4,10.0,0.8,43
-0.1017504859692368,7.792641,1.1815228,0.46130523,0.9696708,0.4,10.0,0.8,43
-0.1058575971888102,8.600927,1.193809,0.4675424,0.99125195,0.4,10.0,0.8,43
-0.0750120597244055,7.876423,1.1691439,0.4666867,0.9987005,0.4,10.0,0.8,43
-0.0975466512936888,8.239938,1.1718496,0.46226335,0.99897456,0.4,10.0,0.8,43
-0.1206435184140295,8.386679,1.2019132,0.4735514,0.9966723,0.4,10.0,0.8,43
-0.0713747497640223,8.280035,1.181178,0.4630132,0.9936805,0.4,10.0,0.8,43
-0.0763730841290229,8.307293,1.1922917,0.47165895,0.9846175,0.4,10.0,0.8,43
-0.0895529591215926,8.446138,1.1805698,0.47006214,0.998412,0.4,10.0,0.8,43
-0.1291780420783168,8.200159,1.1752324,0.4770909,0.9930934,0.4,10.0,0.8,43
-0.1129708699990911,8.503133,1.1890835,0.4711265,0.99073076,0.4,10.0,0.8,43
-0.1111878242646976,7.945887,1.1752955,0.48165303,0.99213934,0.4,10.0,0.8,43
-0.1140159025072802,7.6599073,1.1870121,0.4796383,0.9625429,0.4,10.0,0.8,43
-0.0912694092334436,7.939515,1.1935405,0.46430802,0.9866204,0.4,10.0,0.8,43
-0.066406780493782,8.354419,1.1920127,0.46565998,0.9827057,0.4,10.0,0.8,43
-0.0858840432196917,8.174243,1.1907482,0.45279822,0.9909235,0.4,10.0,0.8,43
-0.079061611957988,7.910433,1.1859128,0.4665568,0.91860676,0.4,10.0,0.8,43
-0.1007096174365543,8.198634,1.2029945,0.4898437,0.99332094,0.4,10.0,0.8,43
-0.0820404945932997,7.930563,1.1933947,0.47622585,0.9515846,0.4,10.0,0.8,43
-0.1172660974221836,8.306018,1.1988597,0.4614841,0.97270095,0.4,10.0,0.8,43
-0.1419439831208087,8.636144,1.2174914,0.46933898,0.9833628,0.4,10.0,0.8,43
-0.1037904017155752,8.24267,1.1891155,0.46854213,0.95101464,0.4,10.0,0.8,43
-0.0972805961935405,8.291603,1.1985565,0.4763987,0.99799,0.4,10.0,0.8,43
-0.0873009024930647,8.371286,1.1893108,0.47988313,0.99754894,0.4,10.0,0.8,43
-0.1010011380052268,8.1965,1.1840693,0.46448675,0.9733472,0.4,10.0,0.8,43
-0.0760973669541902,8.302817,1.1629579,0.47029552,0.98913944,0.4,10.0,0.8,43
-0.0893894669407344,8.011725,1.197266,0.4542376,0.9932463,0.4,10.0,0.8,43
-0.0830265085980887,7.9116135,1.2012384,0.4632006,0.9964063,0.4,10.0,0.8,43
-0.14583738318067,8.1876,1.1883434,0.47751865,0.9990425,0.4,10.0,0.8,43
-0.0716856057808145,8.16526,1.1899458,0.46738872,0.99518573,0.4,10.0,0.8,43
-0.1386131122863865,8.32057,1.1920875,0.4817053,0.98995864,0.4,10.0,0.8,43
-0.1011003453945566,8.097489,1.173192,0.46449012,0.997378,0.4,10.0,0.8,43
-0.0927106565622795,8.323527,1.1962314,0.48584294,0.9987248,0.4,10.0,0.8,43
-0.1134692460858498,8.038136,1.1886984,0.45268205,0.9991375,0.4,10.0,0.8,43
-0.0891796804669008,8.123193,1.1837435,0.47404036,0.9978794,0.4,10.0,0.8,43
-0.0908159571550086,8.281353,1.190856,0.46536326,0.9975133,0.4,10.0,0.8,43
-0.1406985587516259,8.036292,1.1761216,0.48326585,0.99242544,0.4,10.0,0.8,43
-0.1320318389536194,8.095,1.1885103,0.47251683,0.99895513,0.4,10.0,0.8,43
-0.1004112324286602,8.079448,1.1907605,0.46863815,0.99769044,0.4,10.0,0.8,43
-0.105599001230427,7.8755455,1.1810104,0.46453357,0.99448514,0.4,10.0,0.8,43
-0.1059710153707134,8.113643,1.1932803,0.4693967,0.998338,0.4,10.0,0.8,43
-0.0866224532336432,8.121305,1.1831503,0.46032813,0.98543596,0.4,10.0,0.8,43
-0.11010667090625,8.385401,1.1933199,0.4600927,0.9982401,0.4,10.0,0.8,43
-0.1010954849406423,7.9875736,1.1786969,0.4738372,0.9821838,0.4,10.0,0.8,43
-0.0800116882443676,8.384173,1.176196,0.46840727,0.98896146,0.4,10.0,0.8,43
-0.0963355686196703,7.604176,1.1731017,0.46898782,0.99434006,0.4,10.0,0.8,43
-0.1073355871849617,8.355194,1.1971433,0.45053566,0.9668156,0.4,10.0,0.8,43
-0.1409464090253714,8.25892,1.1800916,0.47534397,0.99364734,0.4,10.0,0.8,43
-0.1002990389417755,8.597198,1.1902915,0.47548646,0.99763525,0.4,10.0,0.8,43
-0.1118657924188203,8.274952,1.1904655,0.4659817,0.9709079,0.4,10.0,0.8,43
-0.1282005658478229,8.207068,1.1854962,0.46951273,0.9548991,0.4,10.0,0.8,43
-0.0927958028550436,8.015929,1.1788485,0.45691165,0.9984603,0.4,10.0,0.8,43
-0.127590587343204,8.80929,1.1972555,0.46839595,0.99712765,0.4,10.0,0.8,43
-0.0838772857363388,8.177013,1.1799579,0.4461166,0.9977367,0.4,10.0,0.8,43
-0.1211170843349369,8.247643,1.200458,0.47254097,0.9624653,0.4,10.0,0.8,43
-0.1060252669210971,8.238278,1.1864448,0.46900737,0.9993777,0.4,10.0,0.8,43
-0.1007648313468582,8.174828,1.1952996,0.45096835,0.9718785,0.4,10.0,0.8,43
-0.0931611750469327,7.8848314,1.1716728,0.47055066,0.9964154,0.4,10.0,0.8,43
-0.1281058426689753,8.013617,1.1863277,0.46291155,0.9940897,0.4,10.0,0.8,43
-0.0732635163812896,8.136797,1.1794599,0.4668646,0.98452425,0.4,10.0,0.8,43
-0.0724775600781769,8.037801,1.1875818,0.45899308,0.99810493,0.4,10.0,0.8,43
-0.1448944299355429,8.385358,1.1936837,0.471209,0.9932833,0.4,10.0,0.8,43
-0.1041635464278044,8.3749895,1.1980028,0.46319854,0.97784567,0.4,10.0,0.8,43
-0.0946810534453342,7.8866653,1.1782016,0.45366585,0.9874227,0.4,10.0,0.8,43
-0.1014924485150857,8.394578,1.2036476,0.45263597,0.9941437,0.4,10.0,0.8,43
-0.1221248814108974,8.19285,1.1908365,0.45859763,0.9839854,0.4,10.0,0.8,43
-0.1143713140786316,8.546393,1.1967975,0.47723526,0.99892914,0.4,10.0,0.8,43
-0.1180668917478748,8.425326,1.1922553,0.46920285,0.9946592,0.4,10.0,0.8,43
-0.1073333356226162,7.9650335,1.198209,0.47432798,0.99432814,0.4,10.0,0.8,43
-0.1369034649185945,7.942133,1.1727343,0.48167256,0.98473537,0.4,10.0,0.8,43
-0.1245002419316445,7.9198217,1.1955748,0.47009918,0.98318315,0.4,10.0,0.8,43
-0.0892055112285255,8.39027,1.2033801,0.46405184,0.9860492,0.4,10.0,0.8,43
-0.0848756865569096,8.229046,1.1852577,0.4578263,0.9860134,0.4,10.0,0.8,43
-0.1446611501976443,8.148253,1.1865592,0.47831073,0.9965972,0.4,10.0,0.8,43
-0.1230954725831933,7.866751,1.1758525,0.4705718,0.99786603,0.4,10.0,0.8,43
-0.1015111848805294,7.82228,1.1798577,0.47508946,0.9900944,0.4,10.0,0.8,43
-0.1243169306464384,8.030229,1.1873636,0.482399,0.9895922,0.4,10.0,0.8,43
-0.0902332552788402,8.261094,1.188859,0.4675821,0.99667525,0.4,10.0,0.8,43
-0.1078468244359488,8.236862,1.2018766,0.46361497,0.9905888,0.4,10.0,0.8,43
-0.0722938047321455,8.106271,1.1845114,0.46360934,0.99410295,0.4,10.0,0.8,43
-0.0706670738709993,8.200949,1.1723597,0.4546357,0.99849904,0.4,10.0,0.8,43
-0.0893492053097623,8.260134,1.1935843,0.45517612,0.96992373,0.4,10.0,0.8,43
-0.0930641571265919,8.247693,1.176049,0.46413282,0.99885154,0.4,10.0,0.8,43
-0.1061416176515232,8.448999,1.194144,0.4681288,0.9837624,0.4,10.0,0.8,43
-0.1157428567743002,8.529971,1.2004385,0.47041404,0.99820614,0.4,10.0,0.8,43
-0.1453604875004117,7.785312,1.1925688,0.4792414,0.99821436,0.4,10.0,0.8,43
-0.1205192251842554,8.669171,1.1875336,0.46640188,0.99986863,0.4,10.0,0.8,43
-0.1047748699566516,8.147977,1.1982981,0.47016323,0.98603153,0.4,10.0,0.8,43
-0.1110007646188357,8.388927,1.1892768,0.4663542,0.9934957,0.4,10.0,0.8,43
-0.1157643700442384,8.523293,1.1875286,0.46205163,0.9756993,0.4,10.0,0.8,43
-0.1117985074604727,8.565047,1.1863176,0.46617305,0.9987843,0.4,10.0,0.8,43
-0.1106049509287378,8.27899,1.1759211,0.4674079,0.9920299,0.4,10.0,0.8,43
-0.1015134215106048,8.199184,1.180538,0.463195,0.9979243,0.4,10.0,0.8,43
-0.1238463928405825,8.216644,1.1915797,0.47897756,0.99323595,0.4,10.0,0.8,43
-0.1216240788302491,8.113991,1.1949112,0.455046,0.9558908,0.4,10.0,0.8,43
-0.104533614246233,7.8951006,1.1790372,0.46372592,0.9942293,0.4,10.0,0.8,43
-0.0846354819538697,8.084364,1.2003608,0.47241378,0.9611368,0.4,10.0,0.8,43
-0.078382492563172,8.309054,1.1889946,0.4674791,0.98675096,0.4,10.0,0.8,43
-0.0880107142980014,7.902131,1.1800596,0.474486,0.99902177,0.4,10.0,0.8,43
-0.1335364102570647,7.9769783,1.1902655,0.47095698,0.99386454,0.4,10.0,0.8,43
-0.1244992314400404,8.204909,1.1822746,0.45739114,0.96967924,0.4,10.0,0.8,43
-0.1436599227978939,8.286986,1.1956016,0.47526315,0.9820248,0.4,10.0,0.8,43
-0.1074500339265158,8.076685,1.1733401,0.4682234,0.9995488,0.4,10.0,0.8,43
-0.0869789536910166,8.166469,1.1777564,0.46833035,0.99479604,0.4,10.0,0.8,43
-0.1534234233216104,7.9370513,1.1734618,0.4630835,0.999758,0.4,10.0,0.8,43
-0.0985314821400572,7.9501896,1.1850219,0.4546382,0.9873909,0.4,10.0,0.8,43
-0.094968849432991,8.244784,1.1898394,0.46907094,0.9997506,0.4,10.0,0.8,43
-0.1023380429112587,8.356075,1.1761231,0.46090713,0.9903586,0.4,10.0,0.8,43
-0.1243350763410516,8.625741,1.204319,0.4713135,0.9770285,0.4,10.0,0.8,43
-0.0783346638798962,7.9081774,1.1757392,0.47393644,0.9963862,0.4,10.0,0.8,43
-0.0891363622251283,8.60689,1.183383,0.47468567,0.99759626,0.4,10.0,0.8,43
-0.0869831701907832,8.2654505,1.1863314,0.46029904,0.99969125,0.4,10.0,0.8,43
-0.1245588939473624,8.261987,1.191646,0.47928935,0.99210835,0.4,10.0,0.8,43
-0.1020581527393396,8.702975,1.1833786,0.4491603,0.99136496,0.4,10.0,0.8,43
-0.0882718010834711,8.180483,1.188073,0.45798734,0.9926268,0.4,10.0,0.8,43
-0.0908789423661839,8.274041,1.190088,0.46730983,0.99429834,0.4,10.0,0.8,43
-0.1152541071736489,8.41272,1.1952615,0.4660071,0.99224484,0.4,10.0,0.8,43
-0.068641129515614,8.030276,1.1722409,0.44032604,0.9854822,0.4,10.0,0.8,43
-0.1166338542557957,7.8746586,1.1790618,0.47254893,0.9412255,0.4,10.0,0.8,43
-0.1028968154264143,8.407831,1.1995701,0.47565162,0.9981097,0.4,10.0,0.8,43
-0.1449079524997878,8.190554,1.1852233,0.48085994,0.9992907,0.4,10.0,0.8,43
-0.1045731084829581,8.44817,1.2105961,0.46739012,0.98015475,0.4,10.0,0.8,43
-0.0809443145305976,8.228591,1.1992658,0.47139996,0.9939821,0.4,10.0,0.8,43
-0.0915144308872661,7.862919,1.1851225,0.47502208,0.99876094,0.4,10.0,0.8,43
-0.0938683880146958,7.989135,1.1796126,0.4665522,0.9950752,0.4,10.0,0.8,43
-0.12229433425533,8.262601,1.1842911,0.47346866,0.9970865,0.4,10.0,0.8,43
-0.0966829775768431,7.88095,1.1867621,0.47901332,0.9333495,0.4,10.0,0.8,43
-0.0982619249248305,7.9085712,1.1797125,0.45992458,0.9906323,0.4,10.0,0.8,43
-0.0894324252401363,8.279482,1.1938623,0.46744478,0.96197677,0.4,10.0,0.8,43
-0.1105487698055259,8.160282,1.1768368,0.47073352,0.9889957,0.4,10.0,0.8,43
-0.0931596345592889,8.069737,1.1881596,0.45995593,0.98825884,0.4,10.0,0.8,43
-0.124842724496487,7.849264,1.1842369,0.46654487,0.9733913,0.4,10.0,0.8,43
-0.123589598311263,8.265476,1.1905661,0.474924,0.98836434,0.4,10.0,0.8,43
-0.1105345154231674,7.9722323,1.1829695,0.4702098,0.99284756,0.4,10.0,0.8,43
-0.075055782556036,8.034893,1.1965493,0.46328756,0.9987184,0.4,10.0,0.8,43
-0.10964605989934,7.971196,1.1862941,0.46945268,0.98564374,0.4,10.0,0.8,43
-0.1378462097092312,8.04765,1.1916548,0.46089956,0.9864565,0.4,10.0,0.8,43
-0.0907808765240153,8.221515,1.1905587,0.4564826,0.9990065,0.4,10.0,0.8,43
-0.0806794681852695,7.882358,1.1947446,0.4650534,0.9928658,0.4,10.0,0.8,43
-0.0918211578825072,8.467234,1.1969682,0.46365342,0.97645533,0.4,10.0,0.8,43
-0.1206516961961798,7.7920103,1.1845325,0.4670781,0.93551517,0.4,10.0,0.8,43
-0.1033850026279999,8.39979,1.1945894,0.45993245,0.9858216,0.4,10.0,0.8,43
-0.0957390754855002,8.16857,1.1874573,0.45549658,0.99951947,0.4,10.0,0.8,43
-0.1042756917830051,8.347913,1.1882304,0.4687771,0.9872353,0.4,10.0,0.8,43
-0.0768084826449511,8.094464,1.1932703,0.4667498,0.9976381,0.4,10.0,0.8,43
-0.1252815814506037,8.075808,1.1889294,0.4759975,0.9925058,0.4,10.0,0.8,43
-0.0940980092468739,8.3630705,1.2004793,0.4706833,0.9684663,0.4,10.0,0.8,43
-0.1103574500949995,8.243314,1.190193,0.4659925,0.980415,0.4,10.0,0.8,43
-0.12508858248187,8.440125,1.1869022,0.47248632,0.9884232,0.4,10.0,0.8,43
-0.0963956498651763,8.366116,1.1870904,0.46310362,0.97324526,0.4,10.0,0.8,43
-0.062491120948672,8.500153,1.1914006,0.45883933,0.99622583,0.4,10.0,0.8,43
-0.0771437695728214,8.271854,1.1857708,0.45966795,0.9784914,0.4,10.0,0.8,43
-0.1366016663439836,8.34411,1.1944193,0.48275277,0.99918497,0.4,10.0,0.8,43
-0.0838923278083881,8.079945,1.1856115,0.45806754,0.9848983,0.4,10.0,0.8,43
-0.0683184803652116,8.192644,1.1915098,0.4608697,0.9842645,0.4,10.0,0.8,43
-0.0951675272560318,7.858454,1.1694314,0.46708253,0.9770714,0.4,10.0,0.8,43
-0.098357734600537,8.052972,1.1968114,0.48061946,0.955932,0.4,10.0,0.8,43
-0.1126967091401086,7.754963,1.181584,0.46257365,0.9979948,0.4,10.0,0.8,43
-0.111233740485038,8.182683,1.1714954,0.47266197,0.99861693,0.4,10.0,0.8,43
-0.097242923395121,8.134913,1.1823924,0.46762374,0.9968101,0.4,10.0,0.8,43
-0.1397471342056927,8.277769,1.1971548,0.4783541,0.99017847,0.4,10.0,0.8,43
-0.1086565890740253,8.548436,1.1788659,0.4686762,0.9938899,0.4,10.0,0.8,43
-0.0942198025657637,8.000684,1.1891706,0.4700328,0.98220146,0.4,10.0,0.8,43
-0.1103604892599309,8.126459,1.1879737,0.47655278,0.99215686,0.4,10.0,0.8,43
-0.1137868751065965,8.282211,1.186432,0.4672428,0.996138,0.4,10.0,0.8,43
-0.1217084098957276,8.334565,1.1885505,0.45303807,0.9807441,0.4,10.0,0.8,43
-0.0996716418445483,8.184717,1.1883487,0.46452194,0.99396336,0.4,10.0,0.8,43
-0.0754901558969613,8.142843,1.1842417,0.46051252,0.97861326,0.4,10.0,0.8,43
-0.0808084532711849,8.138392,1.184716,0.47234988,0.993338,0.4,10.0,0.8,43
-0.1251677212610623,7.8600326,1.1903496,0.46763572,0.9873421,0.4,10.0,0.8,43
-0.1053739881216857,8.356033,1.1818886,0.4671639,0.9840355,0.4,10.0,0.8,43
-0.0824190890988129,7.801434,1.189188,0.47291693,0.9828011,0.4,10.0,0.8,43
-0.1412763060508043,8.130159,1.2017151,0.47246706,0.9859756,0.4,10.0,0.8,43
-0.1214987006217303,7.9398994,1.1621511,0.4727215,0.9768232,0.4,10.0,0.8,43
-0.0913106142105787,7.965541,1.1713244,0.45963442,0.9963676,0.4,10.0,0.8,43
-0.0762483652300028,8.038007,1.1806959,0.4541135,0.9801569,0.4,10.0,0.8,43
-0.1215340944446452,7.977382,1.1747155,0.46620932,0.9949391,0.4,10.0,0.8,43
-0.1103470009901329,8.098026,1.1804023,0.4862727,0.9879916,0.4,10.0,0.8,43
-0.1068760062060426,8.096175,1.1977878,0.47609818,0.9829042,0.4,10.0,0.8,43
-0.1354132963371675,8.01829,1.1741608,0.47157025,0.9874916,0.4,10.0,0.8,43
-0.118851965728035,8.006526,1.180877,0.4714538,0.98607314,0.4,10.0,0.8,43
-0.144367760942475,7.823335,1.1817447,0.47522023,0.9985539,0.4,10.0,0.8,43
-0.0795019920036539,8.287685,1.1934948,0.46143365,0.9899454,0.4,10.0,0.8,43
-0.119460479999136,8.426934,1.1781409,0.46551916,0.99797523,0.4,10.0,0.8,43
-0.100043947487634,8.159537,1.2083534,0.4545127,0.9968519,0.4,10.0,0.8,43
-0.086850748828657,8.025249,1.1812035,0.47281885,0.9953989,0.4,10.0,0.8,43
-0.1065558292298327,7.651097,1.1844175,0.46794003,0.98936355,0.4,10.0,0.8,43
-0.1081196329041164,8.386603,1.1952746,0.46974742,0.9885032,0.4,10.0,0.8,43
-0.1013038460048603,8.307372,1.1880728,0.47016633,0.9694021,0.4,10.0,0.8,43
-0.1264755071578294,8.121937,1.1806496,0.4695165,0.99150133,0.4,10.0,0.8,43
-0.114025779855525,7.9261904,1.1830429,0.4842606,0.98785996,0.4,10.0,0.8,43
-0.0830671292257209,7.9449778,1.18395,0.46489367,0.98094785,0.4,10.0,0.8,43
-0.063652340728704,8.371361,1.1826981,0.46656597,0.99543643,0.4,10.0,0.8,43
-0.1067948507117827,7.9499607,1.1827343,0.46785676,0.98817825,0.4,10.0,0.8,43
-0.1017350385482724,8.260949,1.1792309,0.46140796,0.9970952,0.4,10.0,0.8,43
-0.0979248486132611,8.132831,1.1805375,0.4814686,0.986802,0.4,10.0,0.8,43
-0.1146864307947099,8.266517,1.1856863,0.46207222,0.99116933,0.4,10.0,0.8,43
-0.1010037185503694,8.215502,1.1861253,0.4729053,0.99909484,0.4,10.0,0.8,43
-0.1215648681236458,8.188785,1.1821661,0.4664423,0.97627485,0.4,10.0,0.8,43
-0.1052305825319071,8.318357,1.1835451,0.45914334,0.98858726,0.4,10.0,0.8,43
-0.0770123184100571,8.053479,1.1869314,0.4517463,0.99424136,0.4,10.0,0.8,43
-0.1199979502124428,8.255968,1.1831464,0.4658997,0.9964664,0.4,10.0,0.8,43
-0.0784561952618816,8.254666,1.1859732,0.45122254,0.99843144,0.4,10.0,0.8,43
-0.1189676635698386,8.180185,1.188853,0.47266233,0.97775984,0.4,10.0,0.8,43
-0.1343366236303445,7.9708543,1.192984,0.4693793,0.9885963,0.4,10.0,0.8,43
-0.1149809380662715,8.175719,1.1981962,0.46757793,0.98636806,0.4,10.0,0.8,43
-0.116730500536821,8.132573,1.1808589,0.47281125,0.99734545,0.4,10.0,0.8,43
-0.1184653013135794,8.562242,1.1860608,0.4891826,0.98240805,0.4,10.0,0.8,43
-0.0957950769237287,8.162785,1.1850686,0.46124938,0.9987186,0.4,10.0,0.8,43
-0.1059808137770236,7.970131,1.1975969,0.47426584,0.9162334,0.4,10.0,0.8,43
-0.1096185371373043,7.795785,1.1719867,0.47367683,0.98527646,0.4,10.0,0.8,43
-0.0863010219094151,7.777684,1.1724571,0.45485765,0.98538125,0.4,10.0,0.8,43
-0.1208288211663232,7.8202868,1.1823641,0.4818232,0.9684427,0.4,10.0,0.8,43
-0.105504552158284,8.423658,1.1963329,0.45552146,0.98407435,0.4,10.0,0.8,43
-0.1012526331216656,8.822222,1.1780581,0.4544137,0.996341,0.4,10.0,0.8,43
-0.1158380254823131,7.7296286,1.1772048,0.4711696,0.991256,0.4,10.0,0.8,43
-0.1139666078981626,8.190471,1.1899419,0.45972514,0.98909163,0.4,10.0,0.8,43
-0.0974299947503713,8.418736,1.1766268,0.46287182,0.9924084,0.4,10.0,0.8,43
-0.1231709625626406,8.14473,1.1771508,0.46899715,0.9891263,0.4,10.0,0.8,43
-0.1084956676327858,8.167413,1.1980513,0.4561587,0.9807991,0.4,10.0,0.8,43
-0.1552602713939292,8.113557,1.1728246,0.47836852,0.99598265,0.4,10.0,0.8,43
-0.1150408484741641,8.498627,1.1979034,0.45254067,0.9966444,0.4,10.0,0.8,43
-0.0960287441789232,8.255196,1.167386,0.47706547,0.9999106,0.4,10.0,0.8,43
-0.1187601391109395,8.085819,1.1999608,0.4622517,0.9948164,0.4,10.0,0.8,43
-0.1027328827684757,8.3224945,1.198351,0.46588722,0.99769616,0.4,10.0,0.8,43
-0.094843029751907,8.073233,1.168904,0.47073418,0.9987602,0.4,10.0,0.8,43
-0.1144890994517937,8.325747,1.1984478,0.46569923,0.97881556,0.4,10.0,0.8,43
-0.1378443787889341,8.303629,1.1728933,0.46107715,0.9899261,0.4,10.0,0.8,43
-0.158649534472344,8.5476885,1.1876402,0.4794901,0.99781966,0.4,10.0,0.8,43
-0.0746625241257701,8.371773,1.1865695,0.47386357,0.98092055,0.4,10.0,0.8,43
-0.112025162521633,8.005488,1.2076387,0.4667572,0.9896072,0.4,10.0,0.8,43
-0.1334470059030489,8.078654,1.1741459,0.45832703,0.98025346,0.4,10.0,0.8,43
-0.1179279556851795,7.742591,1.1687136,0.47081268,0.9857795,0.4,10.0,0.8,43
-0.1254563442600545,8.00144,1.1888145,0.47604176,0.9718083,0.4,10.0,0.8,43
-0.0848072732540162,7.832009,1.1852125,0.4727758,0.98712754,0.4,10.0,0.8,43
-0.0948854041497742,7.998352,1.1907955,0.4631877,0.9914198,0.4,10.0,0.8,43
-0.0878628908094633,7.6123776,1.1760745,0.46452492,0.9876232,0.4,10.0,0.8,43
-0.1242849785749001,8.30687,1.1904825,0.4620581,0.95442295,0.4,10.0,0.8,43
-0.0787441240720808,8.026982,1.1883405,0.4595673,0.98761547,0.4,10.0,0.8,43
-0.107299686249711,8.760093,1.1967399,0.46775508,0.9990003,0.4,10.0,0.8,43
-0.1137779847814046,8.031068,1.1725285,0.46649253,0.9991914,0.4,10.0,0.8,43
-0.1019423731433573,8.042184,1.1825166,0.4774551,0.99471307,0.4,10.0,0.8,43
-0.0959595495574409,8.552144,1.187383,0.4615556,0.9968115,0.4,10.0,0.8,43
-0.0958311691164721,8.384865,1.1784301,0.46583733,0.989095,0.4,10.0,0.8,43
-0.0832396595612448,8.021737,1.1796819,0.47306064,0.99723744,0.4,10.0,0.8,43
-0.0721952249710146,7.9439287,1.1844379,0.4661653,0.9876727,0.4,10.0,0.8,43
-0.090521591117835,8.100487,1.195933,0.46952593,0.9885262,0.4,10.0,0.8,43
-0.0753095474024157,8.122068,1.1787033,0.4542773,0.99275124,0.4,10.0,0.8,43
-0.1026612749428241,8.635099,1.1936404,0.47609314,0.9925382,0.4,10.0,0.8,43
-0.0858982811641095,7.993634,1.1729014,0.46749485,0.9967452,0.4,10.0,0.8,43
-0.1059652584828514,8.252493,1.1645656,0.48105073,0.9939873,0.4,10.0,0.8,43
-0.1123835898889131,8.26947,1.1838793,0.4761572,0.9859834,0.4,10.0,0.8,43
-0.0814108984455435,8.191703,1.172265,0.4578252,0.99779916,0.4,10.0,0.8,43
-0.1010661778718793,7.987173,1.1849463,0.45986202,0.97698426,0.4,10.0,0.8,43
-0.1130785164479671,7.8037467,1.1768436,0.47376302,0.95053697,0.4,10.0,0.8,43
-0.078414265198598,8.415961,1.2033299,0.4572294,0.9871421,0.4,10.0,0.8,43
-0.1217134901277705,8.434861,1.1827937,0.46227196,0.9925009,0.4,10.0,0.8,43
-0.1054623881063282,8.04513,1.165192,0.4749959,0.99966335,0.4,10.0,0.8,43
-0.096693500895092,8.284894,1.183852,0.46010852,0.98068035,0.4,10.0,0.8,43
-0.1231338156538865,8.062878,1.1972947,0.48174194,0.98042715,0.4,10.0,0.8,43
-0.0849700977508608,8.189236,1.2060062,0.47626176,0.9538901,0.4,10.0,0.8,43
-0.095652739314794,7.9550104,1.2020724,0.45705256,0.98639643,0.4,10.0,0.8,43
-0.0933233696384071,8.222621,1.1874057,0.4481078,0.9661319,0.4,10.0,0.8,43
-0.11888689589152,8.166826,1.1879352,0.4731563,0.98313415,0.4,10.0,0.8,43
-0.0681749975755966,8.261393,1.2123852,0.47366107,0.9936893,0.4,10.0,0.8,43
-0.0491930316285947,7.9532557,1.189803,0.44385415,0.98727787,0.4,10.0,0.8,43
-0.0987037688307075,8.22559,1.1724554,0.46899164,0.99044895,0.4,10.0,0.8,43
-0.0879193607103351,8.242765,1.1935374,0.46990028,0.9957255,0.4,10.0,0.8,43
-0.1068353604673095,8.155559,1.1835005,0.47033703,0.99633646,0.4,10.0,0.8,43
-0.0853228046650179,8.178566,1.1918143,0.46379966,0.9688927,0.4,10.0,0.8,43
-0.1139231472274207,8.048053,1.2027978,0.47344148,0.99577725,0.4,10.0,0.8,43
-0.0765299694025442,8.32124,1.191365,0.44950187,0.96477866,0.4,10.0,0.8,43
-0.086372634936474,8.186812,1.1762886,0.46614072,0.9845562,0.4,10.0,0.8,43
-0.0978120413603016,8.103275,1.192784,0.47572005,0.9959544,0.4,10.0,0.8,43
-0.1106846477393068,8.318578,1.1834759,0.4649205,0.96597207,0.4,10.0,0.8,43
-0.1103439299199178,8.328777,1.1846086,0.47555688,0.98840165,0.4,10.0,0.8,43
-0.115033982467054,7.930296,1.1832297,0.450975,0.99693906,0.4,10.0,0.8,43
-0.1104863998287654,8.181659,1.1801738,0.47271302,0.9933479,0.4,10.0,0.8,43
-0.0931756323463981,8.474078,1.1818993,0.45220008,0.9992666,0.4,10.0,0.8,43
-0.1355508236397283,8.035424,1.1886754,0.4697757,0.9934453,0.4,10.0,0.8,43
-0.0741021633148193,8.204308,1.1861559,0.45763838,0.99851215,0.4,10.0,0.8,43
-0.0918995354767881,7.847471,1.1653279,0.47478774,0.997339,0.4,10.0,0.8,43
-0.0805241062646121,8.122933,1.1672274,0.46044523,0.98576784,0.4,10.0,0.8,43
-0.1003127517680285,8.232878,1.1932125,0.47380787,0.9912976,0.4,10.0,0.8,43
-0.1043191752752332,8.683188,1.2026821,0.4836136,0.987074,0.4,10.0,0.8,43
-0.0889512861695817,8.476062,1.1984723,0.46509528,0.9909786,0.4,10.0,0.8,43
-0.0927841942096304,8.085918,1.1817343,0.47303906,0.99669147,0.4,10.0,0.8,43
-0.0933684476482096,8.378396,1.1851902,0.4618014,0.9752976,0.4,10.0,0.8,43
-0.1101837129831811,8.56541,1.1846176,0.45824006,0.99335337,0.4,10.0,0.8,43
-0.1150074678323463,8.125124,1.1738919,0.48196262,0.98115003,0.4,10.0,0.8,43
-0.1178448284095413,8.152901,1.1943865,0.4693836,0.99730515,0.4,10.0,0.8,43
-0.0950328020810583,8.511062,1.1860659,0.45970657,0.9904742,0.4,10.0,0.8,43
-0.0931330537248504,8.222547,1.1783617,0.45381135,0.98431396,0.4,10.0,0.8,43
-0.0728385275490348,8.37358,1.1686177,0.46520582,0.9954879,0.4,10.0,0.8,43
-0.1091617192754168,8.523049,1.1873605,0.44827297,0.9952135,0.4,10.0,0.8,43
-0.1137599148680621,7.908249,1.1756072,0.4648372,0.9976971,0.4,10.0,0.8,43
-0.0804818431121571,8.463307,1.1874162,0.4555068,0.9931009,0.4,10.0,0.8,43
-0.1193720392742834,8.462835,1.1924446,0.46409306,0.978191,0.4,10.0,0.8,43
-0.0960830098403022,8.23453,1.1933243,0.46173882,0.98928475,0.4,10.0,0.8,43
-0.1128727154343511,8.413337,1.1796834,0.48643816,0.9837384,0.4,10.0,0.8,43
-0.0960711774845959,7.597416,1.1910974,0.45406145,0.95494354,0.4,10.0,0.8,43
-0.0845788324302323,7.962411,1.1917821,0.46237445,0.993662,0.4,10.0,0.8,43
-0.091190277285765,8.101182,1.1863275,0.46430337,0.9717611,0.4,10.0,0.8,43
-0.1210490978336533,8.463956,1.1762574,0.47939432,0.99480295,0.4,10.0,0.8,43
-0.095101688301389,8.170868,1.1803067,0.47293973,0.98337233,0.4,10.0,0.8,43
-0.0754571365414183,8.635731,1.1936113,0.45973474,0.997388,0.4,10.0,0.8,43
-0.0611168463444162,7.980089,1.1892375,0.4698982,0.9705105,0.4,10.0,0.8,43
-0.1205633635311883,8.27726,1.1766319,0.4717832,0.9887743,0.4,10.0,0.8,43
-0.0994116467822319,8.245674,1.1842214,0.47587055,0.9934858,0.4,10.0,0.8,43
-0.1051528667109495,8.044096,1.1819735,0.4610989,0.9945847,0.4,10.0,0.8,43
-0.1377435422391632,8.230705,1.1873193,0.4610645,0.99354756,0.4,10.0,0.8,43
-0.065498741658595,8.234601,1.1977232,0.45870012,0.95992327,0.4,10.0,0.8,43
-0.1102086635621455,8.250049,1.1856585,0.46946272,0.9855391,0.4,10.0,0.8,43
-0.0996760675205318,7.8964787,1.1643852,0.46631762,0.9902469,0.4,10.0,0.8,43
-0.0912372464178001,8.652006,1.1918237,0.45892245,0.99613726,0.4,10.0,0.8,43
-0.1144696995958157,8.024288,1.1899731,0.4649928,0.93535304,0.4,10.0,0.8,43
-0.0674967234717032,8.405817,1.1818932,0.45493054,0.9980366,0.4,10.0,0.8,43
-0.1001451768307696,8.252487,1.193414,0.4609192,0.98956835,0.4,10.0,0.8,43
-0.0896707463364013,7.988367,1.1872503,0.45625794,0.9948107,0.4,10.0,0.8,43
-0.0866930893044879,7.938334,1.1830671,0.46840435,0.99499404,0.4,10.0,0.8,43
-0.1009714827408123,8.016343,1.1704793,0.46704528,0.98916686,0.4,10.0,0.8,43
-0.0998419881862489,8.268197,1.1899261,0.46909022,0.98572147,0.4,10.0,0.8,43
-0.0720225740822969,8.309539,1.1993008,0.44892228,0.97947705,0.4,10.0,0.8,43
-0.1366334751652775,8.29463,1.1905247,0.47841272,0.99457455,0.4,10.0,0.8,43
-0.0904536039445992,8.339272,1.1993636,0.43222216,0.979784,0.4,10.0,0.8,43
-0.1028328591572715,7.7526774,1.1770755,0.46464992,0.97227633,0.4,10.0,0.8,43
-0.1269661947182673,8.362293,1.1899644,0.47795475,0.9972912,0.4,10.0,0.8,43
-0.1140697971764088,8.342514,1.2019311,0.47245497,0.9940795,0.4,10.0,0.8,43
-0.0814811540048157,8.158236,1.1898022,0.467069,0.97972393,0.4,10.0,0.8,43
-0.1141196860401018,8.293665,1.1942196,0.464512,0.9867041,0.4,10.0,0.8,43
-0.138153704447139,8.308673,1.1774768,0.46558547,0.99953735,0.4,10.0,0.8,43
-0.0855254547332174,7.902444,1.1790982,0.45166782,0.9947994,0.4,10.0,0.8,43
-0.1299866635017952,8.18389,1.182289,0.44796097,0.9959439,0.4,10.0,0.8,43
-0.1150549051657101,8.073134,1.1798787,0.4605556,0.9966774,0.4,10.0,0.8,43
-0.0815462089281739,7.926111,1.1841027,0.4645741,0.99883986,0.4,10.0,0.8,43
-0.0965853852867333,8.105532,1.1807152,0.46523175,0.9661815,0.4,10.0,0.8,43
-0.1177611171079329,8.738562,1.1969336,0.4668109,0.98823,0.4,10.0,0.8,43
-0.0918951621135241,8.307925,1.1847186,0.48015046,0.9997134,0.4,10.0,0.8,43
-0.1174940311336318,8.412433,1.1922325,0.4775782,0.9872155,0.4,10.0,0.8,43
-0.1032138663940987,8.142777,1.1809465,0.46652114,0.9926559,0.4,10.0,0.8,43
-0.070169276061287,8.346849,1.1916183,0.45632172,0.98987114,0.4,10.0,0.8,43
-0.0963480909831339,8.420292,1.1926626,0.46406958,0.98669267,0.4,10.0,0.8,43
-0.1311889353276294,8.053091,1.1711221,0.46298477,0.99803185,0.4,10.0,0.8,43
-0.0901671370658595,7.9006877,1.1674877,0.45593598,0.99491847,0.4,10.0,0.8,43
-0.0803633767030433,8.14294,1.1939265,0.47882977,0.9983891,0.4,10.0,0.8,43
-0.1055096950809741,8.145562,1.1907933,0.47444153,0.9722738,0.4,10.0,0.8,43
-0.1202797813057152,8.587466,1.1980424,0.46789062,0.9929863,0.4,10.0,0.8,43
-0.1192030945501148,8.171666,1.1918373,0.47797996,0.9988595,0.4,10.0,0.8,43
-0.1154763770750519,8.180261,1.174188,0.47179788,0.99789894,0.4,10.0,0.8,43
-0.1122462702693421,8.549005,1.2078667,0.4492266,0.977875,0.4,10.0,0.8,43
-0.1165392610374721,8.260393,1.1863477,0.47091115,0.9649255,0.4,10.0,0.8,43
-0.1104016179580529,8.35619,1.2044679,0.46566302,0.99790525,0.4,10.0,0.8,43
-0.091709704389154,8.3494425,1.1911937,0.46448064,0.986539,0.4,10.0,0.8,43
-0.1200754537960681,8.20188,1.1788592,0.46386018,0.99740696,0.4,10.0,0.8,43
-0.1270619958079185,8.367739,1.1899681,0.4636053,0.9976734,0.4,10.0,0.8,43
-0.1026093249530035,8.399046,1.184435,0.4598904,0.9739661,0.4,10.0,0.8,43
-0.125007476587634,8.240719,1.1806562,0.4733528,0.9938748,0.4,10.0,0.8,43
-0.0867322800801542,8.337465,1.2029104,0.47636655,0.9462439,0.4,10.0,0.8,43
-0.1153699611323362,8.44883,1.1913027,0.46113005,0.9939376,0.4,10.0,0.8,43
-0.1128145977699184,7.676916,1.1864887,0.47729248,0.9878839,0.4,10.0,0.8,43
-0.1029958142865923,8.12073,1.1869084,0.4697211,0.9761641,0.4,10.0,0.8,43
-0.0900731026006392,7.7966194,1.1729478,0.45725465,0.9894806,0.4,10.0,0.8,43
-0.0806925002119984,7.8596,1.1914494,0.4766269,0.9866246,0.4,10.0,0.8,43
-0.1063638400434203,8.2757,1.1819593,0.4535917,0.98658276,0.4,10.0,0.8,43
-0.1022401888833414,8.392687,1.2064632,0.4651705,0.9599526,0.4,10.0,0.8,43
-0.12144634760994,8.264709,1.1804798,0.48073462,0.99447274,0.4,10.0,0.8,43
-0.106219395516063,8.139034,1.1889706,0.46681896,0.98294973,0.4,10.0,0.8,43
-0.0801899259175039,8.309234,1.1816908,0.46888736,0.97821057,0.4,10.0,0.8,43
-0.094872403269272,8.1691675,1.1929315,0.46265218,0.988608,0.4,10.0,0.8,43
-0.1077577999588841,7.992385,1.1849056,0.47513014,0.9908366,0.4,10.0,0.8,43
-0.1033199189600218,7.7967005,1.1847875,0.46354932,0.9581727,0.4,10.0,0.8,43
-0.1247910379367979,8.401713,1.1933529,0.4671985,0.9731965,0.4,10.0,0.8,43
-0.1056485764915609,7.845147,1.1823424,0.45705757,0.96927655,0.4,10.0,0.8,43
-0.1227990686769027,8.4360895,1.1818655,0.47101912,0.9674002,0.4,10.0,0.8,43
-0.1032428056063881,7.99774,1.1908531,0.45866928,0.9711907,0.4,10.0,0.8,43
-0.1159985756575439,8.671232,1.2044823,0.46907628,0.9932202,0.4,10.0,0.8,43
-0.088197533049016,8.168793,1.1984029,0.47821766,0.98268473,0.4,10.0,0.8,43
-0.085620236919419,8.826718,1.1931622,0.46638235,0.98760486,0.4,10.0,0.8,43
-0.1279948012813894,8.487716,1.186228,0.4694405,0.97725725,0.4,10.0,0.8,43
-0.1054769917420405,8.547301,1.1866095,0.45528215,0.9878173,0.4,10.0,0.8,43
-0.0791232254908328,8.185582,1.1798719,0.4632436,0.9956113,0.4,10.0,0.8,43
-0.1337600858201562,7.9753413,1.1729124,0.47374177,0.98057604,0.4,10.0,0.8,43
-0.0775394489471499,8.175988,1.1976634,0.4492428,0.986457,0.4,10.0,0.8,43
-0.0759326525794688,7.8706517,1.1744225,0.4562576,0.9889362,0.4,10.0,0.8,43
-0.1336796415748078,7.9754796,1.1899912,0.482461,0.9893756,0.4,10.0,0.8,43
-0.1080653945190174,8.572028,1.1843044,0.47719246,0.9955251,0.4,10.0,0.8,43
-0.0923548626999267,8.111706,1.1879503,0.46138608,0.970194,0.4,10.0,0.8,43
-0.1013090100318255,8.06004,1.1933573,0.46806028,0.9841695,0.4,10.0,0.8,43
-0.1096458248654088,7.8543644,1.1696098,0.48142064,0.99877644,0.4,10.0,0.8,43
-0.1296128307105604,8.133712,1.1819648,0.4719241,0.99598885,0.4,10.0,0.8,43
-0.1266983108132268,7.919982,1.1923927,0.47320873,0.9563364,0.4,10.0,0.8,43
-0.1002855664379661,7.9115167,1.1677352,0.46088576,0.9941027,0.4,10.0,0.8,43
-0.0769833548332803,8.065806,1.1793646,0.4546838,0.97831273,0.4,10.0,0.8,43
-0.1176956402981704,8.383589,1.1808207,0.46388388,0.990679,0.4,10.0,0.8,43
-0.0477755498290061,8.68089,1.2363089,0.45276093,0.9876183,0.4,10.0,0.8,44
-0.0621009305119514,8.257461,1.2375313,0.45844376,0.9889002,0.4,10.0,0.8,44
-0.0608716323971748,8.580375,1.2364275,0.45878127,0.9938257,0.4,10.0,0.8,44
-0.0480274078249931,8.252206,1.2508416,0.46346104,0.96118414,0.4,10.0,0.8,44
-0.0527675327658653,8.433118,1.2351261,0.46583772,0.907382,0.4,10.0,0.8,44
-0.0414383986592292,8.527427,1.2356055,0.44714668,0.9983853,0.4,10.0,0.8,44
-0.0362796562910079,8.202753,1.2543938,0.449448,0.9776237,0.4,10.0,0.8,44
-0.0535336052775382,7.9640894,1.2411374,0.44942123,0.9727292,0.4,10.0,0.8,44
-0.0409804608821868,8.606289,1.2518479,0.44797188,0.9578594,0.4,10.0,0.8,44
-0.0218680244088172,8.168719,1.2139196,0.4515633,0.9942272,0.4,10.0,0.8,44
-0.0241934478282928,8.522892,1.2468892,0.43124402,0.9929962,0.4,10.0,0.8,44
-0.0559559618234634,8.506857,1.2520669,0.4643234,0.9927882,0.4,10.0,0.8,44
-0.0682190662324428,7.786118,1.234254,0.44214484,0.9995645,0.4,10.0,0.8,44
-0.0115991061329841,8.176711,1.2486593,0.4403192,0.9937577,0.4,10.0,0.8,44
-0.0592945818901061,8.524261,1.2283264,0.4672202,0.98475885,0.4,10.0,0.8,44
-0.071183580160141,8.329487,1.225162,0.4640385,0.99634147,0.4,10.0,0.8,44
-0.0659633025527,8.637929,1.2396337,0.46786004,0.9831184,0.4,10.0,0.8,44
-0.049159643292427,8.087461,1.2216249,0.45472392,0.9979001,0.4,10.0,0.8,44
-0.0564279067218303,7.930495,1.2271701,0.45366535,0.99104285,0.4,10.0,0.8,44
-0.0110419081449508,8.112741,1.2410785,0.4484424,0.9823618,0.4,10.0,0.8,44
-0.0561149402856826,7.926138,1.2289617,0.47167927,0.9896859,0.4,10.0,0.8,44
-0.0559562390446662,8.292487,1.2414014,0.45183328,0.9514731,0.4,10.0,0.8,44
-0.0538243994116783,8.384252,1.2500881,0.46743563,0.95830274,0.4,10.0,0.8,44
-0.066448067009449,8.531753,1.2370023,0.44719204,0.9999676,0.4,10.0,0.8,44
-0.0657221680879592,8.5026455,1.2456582,0.4558909,0.9995836,0.4,10.0,0.8,44
-0.0225731452703475,8.314302,1.2453527,0.45795286,0.94744897,0.4,10.0,0.8,44
-0.0613274683952331,8.665779,1.2655554,0.45272246,0.9968935,0.4,10.0,0.8,44
-0.0606493350863456,8.32335,1.2436448,0.44828928,0.9827268,0.4,10.0,0.8,44
-0.0634554162025451,8.048447,1.2225059,0.44828138,0.9800017,0.4,10.0,0.8,44
-0.0225950445532798,8.550626,1.2468615,0.46321568,0.9949269,0.4,10.0,0.8,44
-0.033892949104309,8.35302,1.2488384,0.4635679,0.96380043,0.4,10.0,0.8,44
-0.023774667918682,8.620179,1.2196116,0.4541333,0.995538,0.4,10.0,0.8,44
-0.0311860625743865,8.405148,1.2408144,0.4588161,0.9851048,0.4,10.0,0.8,44
-0.0811496007442474,8.1534,1.2614287,0.46008897,0.9921131,0.4,10.0,0.8,44
-0.0364625366926193,8.261316,1.2540627,0.45751968,0.95761406,0.4,10.0,0.8,44
-0.0142302965521812,8.273366,1.2450675,0.45517743,0.99257445,0.4,10.0,0.8,44
-0.0416785376071929,8.4297905,1.225837,0.44002762,0.99869955,0.4,10.0,0.8,44
-0.0463858786225318,8.247981,1.2246602,0.46276444,0.981982,0.4,10.0,0.8,44
-0.0165307986140251,8.406251,1.2403629,0.42440787,0.98607624,0.4,10.0,0.8,44
-0.0606898036599159,8.372607,1.2344152,0.45326433,0.99649966,0.4,10.0,0.8,44
-0.0440871315598487,8.218234,1.23136,0.46831745,0.99288356,0.4,10.0,0.8,44
-0.032145040333271,8.43534,1.2477211,0.462511,0.96086776,0.4,10.0,0.8,44
-0.0241623392105102,8.436134,1.2544591,0.43700334,0.9817245,0.4,10.0,0.8,44
-0.085071495771408,8.235569,1.2346314,0.4691319,0.9665303,0.4,10.0,0.8,44
-0.0691903131604194,8.365577,1.2284882,0.4747839,0.99295413,0.4,10.0,0.8,44
-0.0401812326312065,8.100579,1.2249049,0.44313768,0.99352133,0.4,10.0,0.8,44
-0.0383666841983795,8.293835,1.2438525,0.46257058,0.98850346,0.4,10.0,0.8,44
-0.0251425498723983,8.437471,1.241178,0.44674045,0.98188794,0.4,10.0,0.8,44
-0.0127556009888648,8.3832655,1.2231208,0.4425739,0.98883927,0.4,10.0,0.8,44
-0.0613772672414779,8.110895,1.2242047,0.4600532,0.99552655,0.4,10.0,0.8,44
-0.058569231301546,7.97928,1.2379035,0.46491778,0.91724694,0.4,10.0,0.8,44
-0.0262988755106925,7.83854,1.2315931,0.46047816,0.9576067,0.4,10.0,0.8,44
-0.0377286394238471,8.183013,1.2350965,0.44300976,0.95327723,0.4,10.0,0.8,44
-0.0686781316399574,8.359225,1.2289994,0.46620262,0.99817634,0.4,10.0,0.8,44
-0.0456537764072418,8.5027275,1.233951,0.4599582,0.99329627,0.4,10.0,0.8,44
-0.0413642047643661,8.392397,1.2407193,0.44619668,0.96554565,0.4,10.0,0.8,44
-0.0557629331350326,8.30961,1.2448447,0.4537203,0.993085,0.4,10.0,0.8,44
-0.0611649535894393,8.087679,1.2232611,0.4739339,0.9884131,0.4,10.0,0.8,44
-0.0539490261673927,8.927493,1.2469023,0.46035093,0.99816227,0.4,10.0,0.8,44
-0.0338525756001472,8.341781,1.2385184,0.46101072,0.994897,0.4,10.0,0.8,44
-0.0644710721373558,8.305264,1.2506907,0.4559845,0.97535455,0.4,10.0,0.8,44
-0.0259231762886047,8.437706,1.2545396,0.44016328,0.9958689,0.4,10.0,0.8,44
-0.0237443163692951,7.896272,1.2342092,0.4522183,0.96985114,0.4,10.0,0.8,44
-0.0274435132145881,8.343299,1.2136148,0.45516825,0.987111,0.4,10.0,0.8,44
-0.0094290759563446,8.489178,1.2318002,0.45028472,0.9942751,0.4,10.0,0.8,44
-0.0019820860028266,8.343024,1.2258728,0.44817507,0.9854115,0.4,10.0,0.8,44
-0.0160823836922645,7.9478025,1.2476839,0.4432391,0.93041635,0.4,10.0,0.8,44
-0.0154233481884002,8.055637,1.2305907,0.44944295,0.9756936,0.4,10.0,0.8,44
-0.0506302151083946,8.496938,1.248161,0.4492005,0.9828794,0.4,10.0,0.8,44
-0.0407514880895614,8.557802,1.2487099,0.45301878,0.9552351,0.4,10.0,0.8,44
-0.0458773794174194,8.425301,1.2639803,0.45336536,0.9606576,0.4,10.0,0.8,44
-0.0509673901200294,8.339854,1.2447191,0.44850084,0.96486473,0.4,10.0,0.8,44
-0.0516826849579811,8.585475,1.247083,0.47576776,0.9783249,0.4,10.0,0.8,44
-0.0278486525416374,8.118585,1.2414833,0.45765662,0.98093224,0.4,10.0,0.8,44
-0.0134362414479255,8.040977,1.2453882,0.43643802,0.99530447,0.4,10.0,0.8,44
-0.0250627535581588,8.058939,1.2388272,0.4591379,0.979866,0.4,10.0,0.8,44
-0.0527324330806732,8.122578,1.2414016,0.44150758,0.98897254,0.4,10.0,0.8,44
-0.0302838664650917,8.520434,1.265372,0.45897165,0.97350657,0.4,10.0,0.8,44
-0.0604169508218765,8.355215,1.2352498,0.46483463,0.99857056,0.4,10.0,0.8,44
-0.0583609383702278,8.451484,1.2245204,0.45491374,0.9839059,0.4,10.0,0.8,44
-0.0351701443195343,8.147274,1.2267481,0.46904004,0.9862834,0.4,10.0,0.8,44
-0.0534161159396171,7.9592752,1.2308433,0.46438017,0.99221194,0.4,10.0,0.8,44
-0.0444555950164794,8.338966,1.2459375,0.45485923,0.9936776,0.4,10.0,0.8,44
-0.0522809259891509,8.211895,1.2459779,0.460998,0.98901284,0.4,10.0,0.8,44
-0.0531941148638725,8.387933,1.2573917,0.4562534,0.9658258,0.4,10.0,0.8,44
-0.0614683279395103,8.144193,1.2362797,0.47346532,0.99006057,0.4,10.0,0.8,44
-0.0199737250208854,7.743676,1.2305801,0.4411791,0.9721954,0.4,10.0,0.8,44
-0.0535399165153503,8.4335785,1.2382433,0.45361903,0.99611557,0.4,10.0,0.8,44
-0.0176161729693412,8.855927,1.2409936,0.43985182,0.98761785,0.4,10.0,0.8,44
-0.0670712950229644,8.236759,1.2403377,0.44339436,0.9873954,0.4,10.0,0.8,44
-0.0482716989517211,8.74733,1.2508186,0.44935298,0.97526014,0.4,10.0,0.8,44
-0.0816760405302047,8.6735325,1.2254785,0.47850454,0.9952638,0.4,10.0,0.8,44
-0.0638015609383583,8.6102705,1.2391646,0.466966,0.9879203,0.4,10.0,0.8,44
-0.0519602732658386,8.359505,1.2342362,0.45260668,0.9953811,0.4,10.0,0.8,44
-0.053435024857521,8.215254,1.2162113,0.44840655,0.97559977,0.4,10.0,0.8,44
-0.0343540149331092,8.752101,1.2422403,0.44299567,0.98409855,0.4,10.0,0.8,44
-0.0272910994291305,8.615389,1.2480232,0.44385883,0.96051097,0.4,10.0,0.8,44
-0.0594251129031181,8.065209,1.2257085,0.45590928,0.9904636,0.4,10.0,0.8,44
-0.0533194964528083,8.574393,1.2369977,0.46007428,0.9730048,0.4,10.0,0.8,44
-0.0513927203416824,8.315649,1.2400806,0.45606112,0.99526286,0.4,10.0,0.8,44
-0.0581594952344894,8.280886,1.2496794,0.43966448,0.9742061,0.4,10.0,0.8,44
-0.0452067697048187,8.104877,1.2308278,0.46914303,0.9939326,0.4,10.0,0.8,44
-0.0292613300681114,8.178601,1.2415209,0.45593295,0.9946903,0.4,10.0,0.8,44
-0.0131587451100349,8.448318,1.2342967,0.4470134,0.99089444,0.4,10.0,0.8,44
-0.0561902657151222,8.133006,1.2237552,0.45287332,0.9816898,0.4,10.0,0.8,44
-0.0590337458252906,8.114467,1.2388468,0.45960736,0.9927745,0.4,10.0,0.8,44
-0.0823243981599807,8.420057,1.2356874,0.45039275,0.9782274,0.4,10.0,0.8,44
-0.073633572936058,8.37401,1.2354434,0.4556101,0.9895469,0.4,10.0,0.8,44
-0.0415396027565002,8.313461,1.2372355,0.4675672,0.9897312,0.4,10.0,0.8,44
-0.033484372138977,8.369301,1.2342652,0.45665848,0.98998487,0.4,10.0,0.8,44
-0.0863210436105728,8.063887,1.2275045,0.47495568,0.9935881,0.4,10.0,0.8,44
-0.0410247480869293,8.170147,1.2298572,0.45365053,0.977049,0.4,10.0,0.8,44
-0.0459032847881317,8.082493,1.2321134,0.45494908,0.9939736,0.4,10.0,0.8,44
-0.0289849968552589,8.251048,1.2497833,0.44561505,0.9970287,0.4,10.0,0.8,44
-0.0467283731102943,7.6379805,1.215122,0.45066676,0.9942037,0.4,10.0,0.8,44
-0.0734121853113174,8.361845,1.2502207,0.46749282,0.9760244,0.4,10.0,0.8,44
-0.0393681082129478,8.626065,1.2438488,0.4635489,0.9972553,0.4,10.0,0.8,44
-0.0299441000819206,8.291764,1.2399838,0.47233427,0.990296,0.4,10.0,0.8,44
-0.0344327607750892,8.0308485,1.2301612,0.45613614,0.96827114,0.4,10.0,0.8,44
-0.036417868733406,7.918501,1.2312553,0.4540344,0.9788219,0.4,10.0,0.8,44
-0.0567680137753486,8.295768,1.2324617,0.4584539,0.9957191,0.4,10.0,0.8,44
-0.0373270797729492,8.362923,1.2436513,0.45938182,0.9968457,0.4,10.0,0.8,44
-0.0265146063566207,8.113314,1.2262127,0.44906273,0.9896294,0.4,10.0,0.8,44
-0.0529139789938926,8.226476,1.2124766,0.45241773,0.99911845,0.4,10.0,0.8,44
-0.0223887386322021,8.351868,1.2393422,0.4692996,0.9701967,0.4,10.0,0.8,44
-0.0533050027489662,8.628383,1.2328283,0.4586817,0.998371,0.4,10.0,0.8,44
-0.0706296721100807,8.41022,1.237899,0.47676626,0.9945961,0.4,10.0,0.8,44
-0.0254924762248992,8.111248,1.242002,0.45355567,0.9854014,0.4,10.0,0.8,44
-0.0187314900159835,8.257311,1.2400391,0.45737118,0.99498224,0.4,10.0,0.8,44
-0.027452837228775,7.9022026,1.230353,0.46545067,0.9959587,0.4,10.0,0.8,44
-0.0283193700909614,8.250297,1.2214946,0.46098968,0.98850834,0.4,10.0,0.8,44
-0.081365869641304,8.352842,1.2442358,0.46200955,0.99294066,0.4,10.0,0.8,44
-0.050796285867691,8.325024,1.2525272,0.4478351,0.989473,0.4,10.0,0.8,44
-0.0263045907020568,8.129692,1.2379729,0.45816043,0.9725543,0.4,10.0,0.8,44
-0.0300424678921699,8.501044,1.242187,0.44941866,0.9874921,0.4,10.0,0.8,44
-0.0421787782311439,8.410922,1.2285084,0.4465125,0.99345005,0.4,10.0,0.8,44
-0.0186762362718582,8.2576275,1.2346431,0.43646055,0.9578594,0.4,10.0,0.8,44
-0.0229960196018218,8.229633,1.2335912,0.44976342,0.99807215,0.4,10.0,0.8,44
-0.0505924581885337,8.446248,1.2336196,0.45693895,0.9999125,0.4,10.0,0.8,44
-0.0491994062066078,8.385043,1.2441534,0.45512068,0.9812206,0.4,10.0,0.8,44
-0.0329952099919319,8.241897,1.247263,0.44854957,0.99518454,0.4,10.0,0.8,44
-0.0399241682887077,8.425202,1.2442709,0.45061076,0.9943633,0.4,10.0,0.8,44
-0.0718904545307159,8.170345,1.2430418,0.45882517,0.96217954,0.4,10.0,0.8,44
-0.043797856748104,8.544637,1.2282364,0.44011438,0.99850523,0.4,10.0,0.8,44
-0.0335376277565956,8.402514,1.2246233,0.46233594,0.9724829,0.4,10.0,0.8,44
-0.0505034628510475,8.083186,1.2282739,0.46684507,0.9909209,0.4,10.0,0.8,44
-0.0516575970649719,8.249176,1.2332388,0.44981712,0.9828789,0.4,10.0,0.8,44
-0.0423796120285987,8.456836,1.2401106,0.4507715,0.97660387,0.4,10.0,0.8,44
-0.0327689143419265,8.301466,1.2384236,0.4347057,0.99576366,0.4,10.0,0.8,44
-0.0245486363768577,8.279729,1.2389841,0.45660728,0.9849659,0.4,10.0,0.8,44
-0.0617754933238029,8.426919,1.2428904,0.44669083,0.9838126,0.4,10.0,0.8,44
-0.0639337410330772,8.244573,1.2261834,0.44824708,0.97888374,0.4,10.0,0.8,44
-0.0530269154906272,8.102422,1.2259398,0.46268928,0.98710585,0.4,10.0,0.8,44
-0.0521524228453636,8.547612,1.2411258,0.46120566,0.9955565,0.4,10.0,0.8,44
-0.0567642152309417,8.655071,1.2538881,0.47090015,0.9863739,0.4,10.0,0.8,44
-0.0364608310461044,8.364435,1.237905,0.44419774,0.9759693,0.4,10.0,0.8,44
-0.0475788013935089,8.046413,1.2291799,0.4550792,0.9987153,0.4,10.0,0.8,44
-0.0350580694675445,8.204716,1.2329881,0.45528728,0.9892187,0.4,10.0,0.8,44
-0.0359490868449211,8.310189,1.2234615,0.4390926,0.99916947,0.4,10.0,0.8,44
-0.0430809303522109,8.441313,1.2329196,0.44892684,0.9912666,0.4,10.0,0.8,44
-0.067498926103115,8.332273,1.2256186,0.46390188,0.9831977,0.4,10.0,0.8,44
-0.0277048870325088,8.228262,1.2322398,0.45827267,0.99678206,0.4,10.0,0.8,44
-0.069015050470829,8.074573,1.2436813,0.45709628,0.9939983,0.4,10.0,0.8,44
-0.050336408495903,8.17515,1.2437674,0.46868107,0.9694904,0.4,10.0,0.8,44
-0.0331469249725341,8.235016,1.2357309,0.43365476,0.9968735,0.4,10.0,0.8,44
-0.050146908044815,8.032642,1.251086,0.46457472,0.9705297,0.4,10.0,0.8,44
-0.0263319196701049,8.280533,1.2360917,0.4515735,0.9800242,0.4,10.0,0.8,44
-0.0548985263705253,8.574624,1.2330092,0.46148214,0.9986136,0.4,10.0,0.8,44
-0.0501936187148094,8.360921,1.249106,0.45720753,0.97204494,0.4,10.0,0.8,44
-0.0408455684185028,8.546169,1.241921,0.45839998,0.9490675,0.4,10.0,0.8,44
-0.051872125506401,8.399599,1.234739,0.46819088,0.9772419,0.4,10.0,0.8,44
-0.056344078361988,8.397666,1.2564595,0.44470745,0.9456128,0.4,10.0,0.8,44
-0.03204937428236,8.440423,1.2359574,0.44400838,0.9977231,0.4,10.0,0.8,44
-0.0651185971498489,8.321371,1.232845,0.4646428,0.9853871,0.4,10.0,0.8,44
-0.0443378947973251,8.433481,1.220454,0.44970658,0.98105776,0.4,10.0,0.8,44
-0.0729276409149169,8.027008,1.2406044,0.46188152,0.9766185,0.4,10.0,0.8,44
-0.0313648244738578,8.338113,1.2314388,0.45226815,0.996706,0.4,10.0,0.8,44
-0.0436674802303314,8.253017,1.2284317,0.43795112,0.99544466,0.4,10.0,0.8,44
-0.0683586632609367,8.13804,1.2513512,0.46123198,0.9937686,0.4,10.0,0.8,44
-0.0424756159186363,8.347379,1.247062,0.45912203,0.95208776,0.4,10.0,0.8,44
-0.0337995749115943,7.9650145,1.2278055,0.46195686,0.9884316,0.4,10.0,0.8,44
-0.0149909346103668,8.144108,1.2368588,0.4581043,0.96256566,0.4,10.0,0.8,44
-0.025544721186161,8.369861,1.2503397,0.44533157,0.93588865,0.4,10.0,0.8,44
-0.0149957584142684,8.268381,1.2269007,0.45332566,0.9944358,0.4,10.0,0.8,44
-0.0230906364321708,7.9821253,1.2429559,0.45108974,0.99592805,0.4,10.0,0.8,44
-0.0135236957669258,8.5074,1.248406,0.45459312,0.9771347,0.4,10.0,0.8,44
-0.0478244485855102,8.240097,1.2230276,0.45506382,0.9926914,0.4,10.0,0.8,44
-0.0402101984024047,8.549431,1.2437184,0.45896593,0.99001265,0.4,10.0,0.8,44
-0.0528426812887191,8.277918,1.224338,0.45240176,0.9723102,0.4,10.0,0.8,44
-0.0056540796160697,8.411317,1.2359222,0.45405066,0.99768925,0.4,10.0,0.8,44
-0.047059309720993,8.622234,1.227128,0.45276836,0.999665,0.4,10.0,0.8,44
-0.0200415733456611,8.150992,1.229267,0.43743205,0.9988817,0.4,10.0,0.8,44
-0.0361926128864288,8.623531,1.2393942,0.45441985,0.9934993,0.4,10.0,0.8,44
-0.0276037176847457,8.231333,1.2335021,0.44622123,0.98327744,0.4,10.0,0.8,44
-0.0392347520589828,8.135767,1.2445114,0.45190752,0.986004,0.4,10.0,0.8,44
-0.0710354166030883,8.0158,1.2172514,0.46649745,0.9868529,0.4,10.0,0.8,44
-0.0378395255804061,8.425997,1.2413232,0.4577282,0.97455597,0.4,10.0,0.8,44
-0.0223315589427948,8.131786,1.2344184,0.44985506,0.99177635,0.4,10.0,0.8,44
0.002136201262474,8.43318,1.231737,0.45883393,0.99428475,0.4,10.0,0.8,44
-0.0423532535433769,8.328019,1.240369,0.4482621,0.9300238,0.4,10.0,0.8,44
-0.0466848063468933,8.601532,1.2411346,0.45578936,0.9768363,0.4,10.0,0.8,44
-0.0294625564217567,8.248225,1.2250942,0.44585243,0.9983239,0.4,10.0,0.8,44
-0.0472626847028732,8.547869,1.2631601,0.44828948,0.9853798,0.4,10.0,0.8,44
-0.0512658088207244,8.397594,1.2328019,0.46735674,0.98803186,0.4,10.0,0.8,44
-0.0238682569861412,8.256246,1.2407221,0.45402893,0.9691926,0.4,10.0,0.8,44
-0.0384780352711677,8.592704,1.2497494,0.44380015,0.98821354,0.4,10.0,0.8,44
-0.0423993408679962,8.109379,1.2412283,0.45747244,0.97104526,0.4,10.0,0.8,44
-0.0363591237664222,8.437434,1.2424408,0.45464844,0.99525106,0.4,10.0,0.8,44
-0.0848061843514442,8.254901,1.2367241,0.46043703,0.9726527,0.4,10.0,0.8,44
-0.0365069397091865,8.240005,1.2354747,0.45871714,0.97789836,0.4,10.0,0.8,44
-0.0547820808887481,8.02924,1.2382696,0.46894172,0.9599409,0.4,10.0,0.8,44
-0.0719187356829643,8.326264,1.2325506,0.45649362,0.99543715,0.4,10.0,0.8,44
-0.0447136362195014,8.06533,1.2253569,0.455324,0.9896636,0.4,10.0,0.8,44
-0.0309531971216201,8.350523,1.2193141,0.451511,0.99978185,0.4,10.0,0.8,44
-0.0294090148210525,8.143232,1.2403511,0.4745951,0.9844198,0.4,10.0,0.8,44
-0.0161340677142143,8.135713,1.2378209,0.43337947,0.9930841,0.4,10.0,0.8,44
-0.0228350468873977,8.251036,1.2245473,0.45914125,0.9943111,0.4,10.0,0.8,44
-0.060088150203228,8.628488,1.2526399,0.4688016,0.9927001,0.4,10.0,0.8,44
-0.0530263530015945,8.017088,1.2284248,0.44319713,0.99711263,0.4,10.0,0.8,44
-0.0478377180099487,8.03907,1.2219689,0.45603493,0.9959012,0.4,10.0,0.8,44
-0.0516492344737052,8.944627,1.2338469,0.45881894,0.9830575,0.4,10.0,0.8,44
-0.0270410096645355,8.489246,1.2398026,0.44634557,0.99279225,0.4,10.0,0.8,44
-0.0316540744900703,8.27352,1.2411633,0.45578694,0.99584043,0.4,10.0,0.8,44
-0.0377223324179649,8.448194,1.2294098,0.44123232,0.99806285,0.4,10.0,0.8,44
-0.0510577291250228,8.392191,1.2450247,0.4632431,0.99524367,0.4,10.0,0.8,44
-0.0460062795877456,8.213453,1.2322778,0.44774514,0.9872358,0.4,10.0,0.8,44
-0.0489481973350048,7.8657403,1.2290514,0.4767053,0.9692453,0.4,10.0,0.8,44
-0.0367823901176452,8.247726,1.2237629,0.46788552,0.9996177,0.4,10.0,0.8,44
-0.0101463934779167,8.174653,1.222497,0.45068848,0.98688364,0.4,10.0,0.8,44
-0.0223015889525413,8.509183,1.2286144,0.44530758,0.9962063,0.4,10.0,0.8,44
-0.0466441267728805,8.651285,1.2508974,0.46784127,0.96745145,0.4,10.0,0.8,44
-0.0413372101783752,8.436935,1.2558205,0.44731653,0.94158876,0.4,10.0,0.8,44
-0.0305406224131584,8.59916,1.2416141,0.4661343,0.9817498,0.4,10.0,0.8,44
-0.0477360522150993,8.365968,1.2374213,0.46472913,0.9646007,0.4,10.0,0.8,44
-0.069266498863697,8.39965,1.2288883,0.46680614,0.9935602,0.4,10.0,0.8,44
-0.0476647424697875,8.412895,1.2295253,0.44486192,0.9954535,0.4,10.0,0.8,44
-0.0330348088741302,8.48933,1.2538567,0.45878643,0.97093964,0.4,10.0,0.8,44
-0.0635168163776397,8.304707,1.2234876,0.45462087,0.9558096,0.4,10.0,0.8,44
-0.0349567189216613,8.871849,1.2669383,0.44955146,0.98406637,0.4,10.0,0.8,44
-0.0053590384125709,8.432307,1.2394197,0.45252702,0.98639274,0.4,10.0,0.8,44
-0.0253095892071723,8.12799,1.2153325,0.45216107,0.98257947,0.4,10.0,0.8,44
-0.0421447076797485,8.184708,1.2504755,0.459055,0.9556427,0.4,10.0,0.8,44
-0.0316742261648178,7.734087,1.2266443,0.44658825,0.96170974,0.4,10.0,0.8,44
-0.0361186012625694,8.367085,1.2185917,0.45980796,0.9917259,0.4,10.0,0.8,44
-0.0451740827560424,8.06279,1.2231052,0.43827102,0.990373,0.4,10.0,0.8,44
-0.0501184387803077,8.554736,1.2280778,0.4582212,0.9967015,0.4,10.0,0.8,44
-0.0615809252858161,8.1982565,1.2320921,0.47662625,0.9783473,0.4,10.0,0.8,44
-0.0461746644377708,8.194707,1.2304306,0.4645723,0.9985033,0.4,10.0,0.8,44
-0.0676530979871749,8.54735,1.2394779,0.46170303,0.99779606,0.4,10.0,0.8,44
-0.061228458225727,8.235953,1.2381995,0.46044707,0.99828625,0.4,10.0,0.8,44
-0.0438596813678741,8.065334,1.2371708,0.45830384,0.99736416,0.4,10.0,0.8,44
-0.0101683217287063,7.974348,1.2254974,0.4460394,0.9667512,0.4,10.0,0.8,44
-0.0488804101943969,8.139992,1.2211415,0.47032177,0.99770164,0.4,10.0,0.8,44
-0.0502806884050369,8.416166,1.2523441,0.4485472,0.98840463,0.4,10.0,0.8,44
-0.0494347807765007,8.039155,1.2412546,0.45461133,0.9310001,0.4,10.0,0.8,44
-0.0442835279107093,8.207103,1.2366976,0.46259576,0.99507284,0.4,10.0,0.8,44
-0.0699906222820282,8.219334,1.2612206,0.46438983,0.97733605,0.4,10.0,0.8,44
-0.028613374531269,8.552794,1.23466,0.4596227,0.9981135,0.4,10.0,0.8,44
-0.0521221505999565,8.186524,1.2348806,0.45598185,0.98488474,0.4,10.0,0.8,44
-0.0484742903411388,7.749125,1.2048799,0.46653163,0.9944142,0.4,10.0,0.8,44
-0.0143405433893203,8.003996,1.2256619,0.45926538,0.9961643,0.4,10.0,0.8,44
-0.0591672353744506,8.208748,1.2598834,0.4622089,0.93025696,0.4,10.0,0.8,44
-0.0111230972111225,7.997705,1.2442962,0.45147705,0.9505842,0.4,10.0,0.8,44
-0.059180801808834,8.191457,1.2170632,0.46440756,0.9937848,0.4,10.0,0.8,44
-0.0487810601592063,8.304082,1.2397777,0.46230626,0.97858834,0.4,10.0,0.8,44
-0.0231751306653022,8.479491,1.2311015,0.44649163,0.9848342,0.4,10.0,0.8,44
-0.0689443641901016,8.385496,1.2300583,0.4854026,0.9868467,0.4,10.0,0.8,44
-0.0502638136744499,7.9659967,1.2621366,0.45480788,0.9356854,0.4,10.0,0.8,44
-0.0219869120717048,8.412734,1.2429373,0.44890812,0.98825526,0.4,10.0,0.8,44
-0.0223179572820663,8.23472,1.2412122,0.4522662,0.9878373,0.4,10.0,0.8,44
-0.0077644580602645,8.192377,1.255464,0.4505961,0.9925283,0.4,10.0,0.8,44
-0.094442891061306,8.410703,1.2464631,0.4662147,0.9932511,0.4,10.0,0.8,44
-0.041327187359333,8.650191,1.2240987,0.45481592,0.99324274,0.4,10.0,0.8,44
-0.0544647475481033,8.367804,1.2408285,0.4638684,0.98585474,0.4,10.0,0.8,44
-0.0469272037148475,8.364306,1.2290978,0.45885363,0.98719287,0.4,10.0,0.8,44
-0.0489799546003341,8.17721,1.2373511,0.4656909,0.9892734,0.4,10.0,0.8,44
-0.061460044324398,8.537114,1.2288102,0.46226263,0.99897695,0.4,10.0,0.8,44
-0.0857178404331207,8.291157,1.246472,0.46622315,0.9956583,0.4,10.0,0.8,44
-0.0251283501982688,7.989171,1.2390914,0.45836705,0.9608449,0.4,10.0,0.8,44
-0.0445540657043457,8.10788,1.2281103,0.45127767,0.9550626,0.4,10.0,0.8,44
-0.0426648771762847,8.300419,1.233219,0.45156643,0.9917129,0.4,10.0,0.8,44
-0.0459821394085884,8.220763,1.2423537,0.45453784,0.9971067,0.4,10.0,0.8,44
-0.0139439030885696,8.437117,1.2361568,0.44198912,0.9997115,0.4,10.0,0.8,44
-0.0100063851177692,7.9829803,1.2405034,0.4406401,0.98209226,0.4,10.0,0.8,44
-0.0548199021220207,8.471597,1.2345481,0.46162271,0.97095144,0.4,10.0,0.8,44
-0.0638731133341789,8.245156,1.2330307,0.47267017,0.9727179,0.4,10.0,0.8,44
-0.0434668543338775,8.422153,1.2426474,0.4517231,0.9728292,0.4,10.0,0.8,44
-0.0342973049283027,8.5377035,1.2562938,0.46002236,0.9572563,0.4,10.0,0.8,44
-0.051307461798191,8.446811,1.2376069,0.45990762,0.9946501,0.4,10.0,0.8,44
-0.0146410286426544,8.0880165,1.2291713,0.45426092,0.99134517,0.4,10.0,0.8,44
-0.0551854127049446,8.120406,1.2208775,0.45411706,0.99514806,0.4,10.0,0.8,44
-0.0437171870470046,8.068304,1.2202816,0.47340083,0.9917227,0.4,10.0,0.8,44
-0.0359908198714256,8.077863,1.2284553,0.46087742,0.9987515,0.4,10.0,0.8,44
-0.036926922082901,8.261028,1.2279818,0.4467809,0.9955399,0.4,10.0,0.8,44
-0.0579693263173103,8.091262,1.2398508,0.45326442,0.9650954,0.4,10.0,0.8,44
-0.0293660225868225,8.519524,1.226623,0.44438282,0.99786484,0.4,10.0,0.8,44
-0.01692874699831,8.156219,1.2395477,0.45054328,0.9913602,0.4,10.0,0.8,44
-0.0410068374276161,8.065722,1.2368786,0.44725698,0.9942298,0.4,10.0,0.8,44
-0.0234730951786041,8.407017,1.2382979,0.44371194,0.99851406,0.4,10.0,0.8,44
-0.0383030006289482,8.432298,1.2298758,0.4578467,0.9862982,0.4,10.0,0.8,44
-0.052231283724308,8.556216,1.2450709,0.46304983,0.9927796,0.4,10.0,0.8,44
-0.0549728420078754,7.9356017,1.2306222,0.45144075,0.97704196,0.4,10.0,0.8,44
-0.0384142168164253,8.388396,1.238886,0.45320326,0.9859549,0.4,10.0,0.8,44
-0.0350044782757759,8.372527,1.2453692,0.45835403,0.9833989,0.4,10.0,0.8,44
-0.0406757165789604,8.4054575,1.2484326,0.4576944,0.9827697,0.4,10.0,0.8,44
-0.0624191465377807,8.335274,1.2240257,0.4727624,0.99245775,0.4,10.0,0.8,44
-0.0381253730952739,7.926184,1.2463893,0.43992054,0.9728582,0.4,10.0,0.8,44
-0.0303556200265884,8.35285,1.2270705,0.4631058,0.9918499,0.4,10.0,0.8,44
-0.0553404017090797,8.048335,1.2336822,0.44911325,0.9553486,0.4,10.0,0.8,44
-0.0577727001905441,8.186998,1.2561346,0.4588757,0.9197824,0.4,10.0,0.8,44
-0.0585336613059043,7.690709,1.2184777,0.45657602,0.98359,0.4,10.0,0.8,44
-0.0630497118234634,8.567694,1.2445533,0.4400079,0.98793745,0.4,10.0,0.8,44
-0.0232424303293228,7.9162197,1.2378325,0.4627103,0.9783883,0.4,10.0,0.8,44
-0.0327802443504333,8.445816,1.2259017,0.4482706,0.9991032,0.4,10.0,0.8,44
-0.0454091584086418,8.388284,1.2187728,0.46045166,0.99730146,0.4,10.0,0.8,44
-0.0426870589256286,8.284889,1.2364441,0.4551999,0.98923075,0.4,10.0,0.8,44
-0.0644733478426933,8.620034,1.2403114,0.45893276,0.9543179,0.4,10.0,0.8,44
-0.0789333864450454,8.347662,1.2314162,0.46362022,0.99854267,0.4,10.0,0.8,44
-0.0510198226571083,8.3791685,1.2352633,0.4575769,0.98467004,0.4,10.0,0.8,44
-0.02264805072546,8.609212,1.252474,0.44310832,0.9891046,0.4,10.0,0.8,44
-0.0311144407987594,8.778475,1.2447034,0.45322365,0.9802457,0.4,10.0,0.8,44
-0.0505658453702926,8.170481,1.2392175,0.4396471,0.9720603,0.4,10.0,0.8,44
-0.0588527080416679,8.155694,1.2474626,0.46119803,0.97280097,0.4,10.0,0.8,44
-0.0545851624011993,8.21497,1.2327048,0.47035334,0.9569377,0.4,10.0,0.8,44
-0.0285695964097976,8.099012,1.2405028,0.45419368,0.9726262,0.4,10.0,0.8,44
-0.0213814118504524,8.139472,1.2272185,0.44981027,0.9616957,0.4,10.0,0.8,44
-0.0559402975440025,8.460507,1.2368736,0.45648032,0.9885684,0.4,10.0,0.8,44
-0.0297364582419395,8.403455,1.2393618,0.4493991,0.99623704,0.4,10.0,0.8,44
-0.0260431601405143,8.3935175,1.2509065,0.44927168,0.9423994,0.4,10.0,0.8,44
0.0101012176275253,8.143644,1.2401285,0.44980526,0.98549306,0.4,10.0,0.8,44
-0.0237761938571929,8.534222,1.2571889,0.4498166,0.8933315,0.4,10.0,0.8,44
-0.0551082443594932,7.8239183,1.2309718,0.4554683,0.9669366,0.4,10.0,0.8,44
-0.0312975820302963,8.302782,1.2304819,0.4505457,0.9653958,0.4,10.0,0.8,44
-0.0453568243384361,8.484281,1.2286582,0.4429746,0.98546624,0.4,10.0,0.8,44
-0.0411431413292884,8.442042,1.2315459,0.45776266,0.9952959,0.4,10.0,0.8,44
-0.0535191442966461,8.4540825,1.2510493,0.45369247,0.9963883,0.4,10.0,0.8,44
-0.0963782081007957,8.157735,1.2349688,0.4592696,0.97139454,0.4,10.0,0.8,44
-0.0815004797577858,8.259822,1.234369,0.4703923,0.98877823,0.4,10.0,0.8,44
-0.022460298538208,8.17276,1.2221755,0.4436964,0.9988953,0.4,10.0,0.8,44
-0.0600832411646842,8.175378,1.2227513,0.45463517,0.9824314,0.4,10.0,0.8,44
-0.0218440370559692,8.242966,1.223089,0.46884102,0.98742104,0.4,10.0,0.8,44
-0.0179942544102668,8.024055,1.232779,0.4528376,0.99412286,0.4,10.0,0.8,44
-0.0429968630075454,8.847128,1.2587508,0.45373893,0.9865174,0.4,10.0,0.8,44
-0.0319115796089172,8.203018,1.2441074,0.44432697,0.98381615,0.4,10.0,0.8,44
-0.0509546326994895,8.462232,1.2367381,0.4545182,0.9899801,0.4,10.0,0.8,44
-0.0433522450327873,8.264535,1.2260503,0.46386597,0.9839493,0.4,10.0,0.8,44
-0.0401793238222599,7.8685107,1.2387496,0.4560701,0.99598646,0.4,10.0,0.8,44
-0.0367232792973518,8.530105,1.2496281,0.46477187,0.98156905,0.4,10.0,0.8,44
-4.523891210555771e-05,8.853589,1.2484765,0.44390386,0.9888226,0.4,10.0,0.8,44
-0.0331406652629375,7.913939,1.2234524,0.46004093,0.9962579,0.4,10.0,0.8,44
-0.0411621740460395,8.36267,1.2461504,0.4530332,0.98861814,0.4,10.0,0.8,44
-0.0468667834997177,8.452463,1.245194,0.45852,0.9516132,0.4,10.0,0.8,44
-0.032600815296173,8.516922,1.2451044,0.46864286,0.98801255,0.4,10.0,0.8,44
-0.0439928560853004,8.081325,1.2655395,0.46993762,0.896778,0.4,10.0,0.8,44
-0.028230066537857,8.162792,1.2461431,0.4523164,0.9447732,0.4,10.0,0.8,44
-0.0397581025958061,8.895326,1.2631028,0.44058394,0.93356156,0.4,10.0,0.8,44
-0.060134142935276,8.482776,1.2376889,0.45602039,0.9871783,0.4,10.0,0.8,44
-0.0427120040655136,8.465296,1.2547895,0.4656294,0.9992162,0.4,10.0,0.8,44
-0.0604250326156616,8.378609,1.2462723,0.45960334,0.99552035,0.4,10.0,0.8,44
-0.0626330789923668,8.318486,1.2300975,0.45724356,0.98942375,0.4,10.0,0.8,44
-0.0654332116246223,8.431792,1.2462107,0.46316314,0.9772254,0.4,10.0,0.8,44
-0.0252051639556884,8.255157,1.234174,0.4611355,0.997926,0.4,10.0,0.8,44
-0.0350313620567321,8.507324,1.2305934,0.44882697,0.9958888,0.4,10.0,0.8,44
-0.0335369992256164,8.36483,1.2492069,0.44331867,0.9967725,0.4,10.0,0.8,44
-0.0455366408228874,8.536675,1.2460194,0.4516269,0.9855603,0.4,10.0,0.8,44
-0.0326520586013793,8.510475,1.2430193,0.45845962,0.97881913,0.4,10.0,0.8,44
-0.0404894622564315,8.234804,1.2364058,0.44632646,0.9822496,0.4,10.0,0.8,44
-0.0305662133991718,7.9367843,1.2252098,0.45566002,0.97980225,0.4,10.0,0.8,44
-0.0264958679080009,8.19362,1.2278961,0.45740128,0.9961655,0.4,10.0,0.8,44
-0.0502978298068046,8.391557,1.2338306,0.45502743,0.9502604,0.4,10.0,0.8,44
-0.0203188415765762,8.754919,1.2552369,0.42429236,0.9932245,0.4,10.0,0.8,44
-0.0642497056722641,8.377771,1.2311753,0.45992914,0.99828696,0.4,10.0,0.8,44
-0.0363024374246597,8.254316,1.2370899,0.44958222,0.9889103,0.4,10.0,0.8,44
-0.0211938353180885,8.470393,1.2314988,0.4448655,0.99840415,0.4,10.0,0.8,44
-0.0424208145141601,8.179718,1.2475907,0.451559,0.9108044,0.4,10.0,0.8,44
-0.0431268664598464,8.104246,1.2294815,0.45167622,0.9935372,0.4,10.0,0.8,44
-0.0553129252195358,8.536623,1.2475587,0.46347827,0.9769262,0.4,10.0,0.8,44
-0.0662403941154479,8.47702,1.2458627,0.45047656,0.9862387,0.4,10.0,0.8,44
-0.0372173839211463,8.248675,1.2421416,0.4479327,0.97393763,0.4,10.0,0.8,44
-0.0634596678614616,8.40014,1.2367662,0.44876343,0.9913553,0.4,10.0,0.8,44
-0.044855862557888,8.468785,1.2356085,0.46138328,0.99652684,0.4,10.0,0.8,44
-0.0581675713658332,8.825591,1.2509657,0.46195993,0.99879885,0.4,10.0,0.8,44
-0.0184748786091804,8.460372,1.2446104,0.44786254,0.9975709,0.4,10.0,0.8,44
-0.0471085854172706,8.683177,1.2676661,0.45767966,0.940459,0.4,10.0,0.8,44
-0.072498531281948,8.496449,1.2381924,0.4520178,0.9886894,0.4,10.0,0.8,44
-0.0315360354185104,8.684755,1.2355229,0.45209488,0.995458,0.4,10.0,0.8,44
-0.035526498556137,8.828716,1.2487372,0.45036167,0.99404705,0.4,10.0,0.8,44
-0.0558125467896461,8.274127,1.2432411,0.4509925,0.9464636,0.4,10.0,0.8,44
-0.0019126892089843,8.337212,1.2291117,0.45280525,0.9891074,0.4,10.0,0.8,44
-0.0756079980134964,8.790243,1.2480744,0.45998287,0.99321127,0.4,10.0,0.8,44
-0.058037119090557,8.251916,1.23346,0.4681059,0.998049,0.4,10.0,0.8,44
-0.0558155488371849,8.653806,1.2399974,0.46719593,0.990646,0.4,10.0,0.8,44
-0.0392010267376899,8.239776,1.241079,0.44710654,0.97862864,0.4,10.0,0.8,44
-0.044009497642517,8.419624,1.2414541,0.45177308,0.9857676,0.4,10.0,0.8,44
-0.0483779287338256,7.941551,1.2188746,0.46861464,0.9978453,0.4,10.0,0.8,44
-0.0675180667638778,8.236628,1.2333031,0.4696989,0.98675823,0.4,10.0,0.8,44
-0.031791167140007,8.284021,1.2362776,0.47444737,0.99862266,0.4,10.0,0.8,44
-0.0502297156751155,7.896992,1.2138859,0.46240926,0.99392664,0.4,10.0,0.8,44
-0.0312514494657516,8.334261,1.2522159,0.4543928,0.97566485,0.4,10.0,0.8,44
-0.0304334884285926,8.228686,1.2478105,0.4556432,0.9841994,0.4,10.0,0.8,44
-0.0454888033980235,8.175173,1.2160724,0.44904423,0.99265635,0.37,10.0,0.8,45
0.0040941736399655,8.232482,1.2145731,0.44664907,0.987888,0.37,10.0,0.8,45
-0.047162681298475,7.963147,1.2079041,0.45383048,0.96742237,0.37,10.0,0.8,45
-0.009460855399372,8.322759,1.2040825,0.43507716,0.9964553,0.37,10.0,0.8,45
-0.0241771032995353,8.1950245,1.2182078,0.45053208,0.9983851,0.37,10.0,0.8,45
-0.0345237954860632,8.107484,1.2292906,0.45264208,0.92057884,0.37,10.0,0.8,45
-0.0225622703836383,7.835677,1.211055,0.4458157,0.9424137,0.37,10.0,0.8,45
-0.0321612608224956,7.8149967,1.2111357,0.4363206,0.96848655,0.37,10.0,0.8,45
-0.015979148752149,8.6192665,1.2233641,0.44740605,0.973456,0.37,10.0,0.8,45
-0.0086817282882243,8.134333,1.1981865,0.44005108,0.9935423,0.37,10.0,0.8,45
0.0041388299877027,8.533242,1.2232308,0.42563748,0.99573874,0.37,10.0,0.8,45
-0.0387760097553537,8.504739,1.2313538,0.45273116,0.9936923,0.37,10.0,0.8,45
0.0006292054468024,8.379767,1.206402,0.4397271,0.9836577,0.37,10.0,0.8,45
0.0141719947337348,8.134687,1.2199975,0.4266462,0.9953327,0.37,10.0,0.8,45
-0.0409269331941136,8.478689,1.2051237,0.4493401,0.9837704,0.37,10.0,0.8,45
-0.0521663619674706,8.21982,1.2050381,0.4504604,0.9971492,0.37,10.0,0.8,45
-0.0290335430018308,8.274512,1.2282408,0.44277066,0.9885647,0.37,10.0,0.8,45
-0.0324747706744259,8.018034,1.1978452,0.44301188,0.9983908,0.37,10.0,0.8,45
-0.0276297846989095,7.957379,1.2004349,0.4399876,0.99550545,0.37,10.0,0.8,45
-0.0398426838608815,8.064996,1.2145367,0.45637763,0.9614303,0.37,10.0,0.8,45
-0.043529585348634,7.9023566,1.2068788,0.46013236,0.9915323,0.37,10.0,0.8,45
-0.043170820041995,8.196964,1.2081797,0.44822022,0.9768046,0.37,10.0,0.8,45
-0.0400195810949745,8.280035,1.221741,0.45810825,0.96286225,0.37,10.0,0.8,45
-0.0373079304460867,8.614211,1.2078297,0.43864882,0.9995738,0.37,10.0,0.8,45
0.0091753671928744,8.161097,1.2092694,0.43574697,0.9993439,0.37,10.0,0.8,45
-0.046640215962889,8.389013,1.2207164,0.44065398,0.99350727,0.37,10.0,0.8,45
-0.0549097386101724,8.750219,1.2455657,0.44472715,0.9731592,0.37,10.0,0.8,45
-0.0306518484597727,8.337971,1.2202646,0.43962067,0.9864906,0.37,10.0,0.8,45
-0.0368306930582799,7.9393053,1.2036078,0.44195077,0.97183824,0.37,10.0,0.8,45
0.0048001638494089,8.451491,1.2235308,0.44370398,0.99788463,0.37,10.0,0.8,45
-0.025324331504985,8.281617,1.2141112,0.4351628,0.9838388,0.37,10.0,0.8,45
-0.0033698823108159,8.557402,1.1972915,0.44137654,0.9962776,0.37,10.0,0.8,45
-0.0286600951536332,8.154368,1.2264128,0.4384798,0.93833387,0.37,10.0,0.8,45
-0.0120109100349353,8.56478,1.2146871,0.44430616,0.99668026,0.37,10.0,0.8,45
-0.012052406788628,8.259082,1.2040076,0.4340473,0.9958464,0.37,10.0,0.8,45
0.0019885522816713,8.281491,1.2186894,0.44176555,0.9972099,0.37,10.0,0.8,45
-0.0600270082568971,8.453046,1.2165225,0.4389956,0.9954281,0.37,10.0,0.8,45
-0.0291966036269101,8.123949,1.2011254,0.4525007,0.98366904,0.37,10.0,0.8,45
-0.0070602997547095,8.492616,1.2316657,0.4545015,0.9999423,0.37,10.0,0.8,45
-0.0470738562842367,8.00783,1.2188746,0.45681137,0.9411768,0.37,10.0,0.8,45
-0.0266103545006028,8.157375,1.2113457,0.45180857,0.9925848,0.37,10.0,0.8,45
-0.00669337354258,8.333703,1.2201009,0.4494777,0.97678506,0.37,10.0,0.8,45
-0.0465709496791313,8.096014,1.2038741,0.45748246,0.99831676,0.37,10.0,0.8,45
-0.059529512941176,8.193847,1.220135,0.46461082,0.93963766,0.37,10.0,0.8,45
0.0092251414164499,8.294992,1.2177119,0.42804205,0.997957,0.37,10.0,0.8,45
-0.0198212229884369,8.160866,1.2107519,0.4318349,0.9818537,0.37,10.0,0.8,45
-0.0012760743286265,8.240566,1.2046022,0.4423792,0.99669385,0.37,10.0,0.8,45
-0.0052930674726725,8.304832,1.219826,0.4342414,0.98077273,0.37,10.0,0.8,45
-0.038367061871923,8.426705,1.2236642,0.4564295,0.9621314,0.37,10.0,0.8,45
-0.0344747791388522,8.154492,1.2037911,0.44785213,0.9966097,0.37,10.0,0.8,45
-0.0326509744731824,8.24683,1.2003032,0.4521934,0.9882128,0.37,10.0,0.8,45
-0.0353770035571417,8.742629,1.2211419,0.43928865,0.9937087,0.37,10.0,0.8,45
-0.0144187509163434,8.166996,1.2134268,0.43288472,0.939741,0.37,10.0,0.8,45
-0.0489392689215211,8.206039,1.2129534,0.45685446,0.99662614,0.37,10.0,0.8,45
-0.0179940056687489,7.932966,1.2143533,0.42816737,0.9596484,0.37,10.0,0.8,45
-0.0268502768926121,8.289855,1.2076845,0.45225534,0.98449636,0.37,10.0,0.8,45
-0.0416796239166743,8.295246,1.2158792,0.43771455,0.9791107,0.37,10.0,0.8,45
-0.0330438886693842,8.022082,1.1997905,0.4400926,0.996475,0.37,10.0,0.8,45
-0.0104435957177127,8.638797,1.2097058,0.44562125,0.9991585,0.37,10.0,0.8,45
-0.0156076430518729,8.24224,1.21447,0.44869056,0.99589646,0.37,10.0,0.8,45
-0.0386013455511839,8.3272295,1.2287655,0.44578147,0.9579439,0.37,10.0,0.8,45
-0.025609013017875,8.422537,1.228152,0.4341287,0.9625615,0.37,10.0,0.8,45
-0.0379883358860167,8.610702,1.2123405,0.44551933,0.9868541,0.37,10.0,0.8,45
-0.0179775706561733,7.65549,1.2089652,0.45352346,0.99519813,0.37,10.0,0.8,45
-0.0596313167298463,8.038107,1.2168827,0.4507594,0.9788567,0.37,10.0,0.8,45
0.0065982246361141,8.453894,1.2034775,0.44160646,0.983009,0.37,10.0,0.8,45
-0.0055533775625818,8.14107,1.227376,0.43198234,0.92741,0.37,10.0,0.8,45
-0.0037541692117125,7.953793,1.2087402,0.44194195,0.9775003,0.37,10.0,0.8,45
-0.0418007200757977,8.0975895,1.2068082,0.4420438,0.9725896,0.37,10.0,0.8,45
-0.023683483419252,8.537332,1.2184006,0.4493169,0.9983901,0.37,10.0,0.8,45
-0.0274379374297031,8.035827,1.1933699,0.43749422,0.996351,0.37,10.0,0.8,45
-0.0540136077891438,8.212669,1.2236407,0.44139436,0.95517755,0.37,10.0,0.8,45
0.0223659383136005,8.126431,1.2095634,0.45038024,0.97738576,0.37,10.0,0.8,45
-0.0414670764171944,8.5057,1.2232896,0.44759476,0.97620153,0.37,10.0,0.8,45
-0.0087379987001796,8.298378,1.2156014,0.42464662,0.98911667,0.37,10.0,0.8,45
-0.00830360275063,8.017279,1.2161983,0.44554,0.9632716,0.37,10.0,0.8,45
-0.0387044264284064,8.140341,1.2208295,0.42706048,0.99183893,0.37,10.0,0.8,45
-0.0247671289602663,8.444824,1.2195951,0.4405966,0.9772936,0.37,10.0,0.8,45
-0.0409298273349526,8.364564,1.2165164,0.4523815,0.9982234,0.37,10.0,0.8,45
-0.0364576179516485,8.583922,1.2099086,0.43996364,0.98291993,0.37,10.0,0.8,45
-0.0749750813667067,7.941737,1.2054282,0.44911674,0.98371196,0.37,10.0,0.8,45
-0.0393809746449042,7.9486384,1.2079265,0.44947952,0.99372005,0.37,10.0,0.8,45
-0.0254161509772299,8.233493,1.2172118,0.44443482,0.99425066,0.37,10.0,0.8,45
-0.0301416068560725,8.34034,1.2160535,0.44746092,0.97699845,0.37,10.0,0.8,45
-0.0417219011794935,8.319765,1.2219476,0.44673944,0.9951447,0.37,10.0,0.8,45
-0.0529417947052775,7.927125,1.2020828,0.43777233,0.9653603,0.37,10.0,0.8,45
-0.0035627114980609,7.72748,1.2087883,0.42902726,0.9665774,0.37,10.0,0.8,45
-0.0222668141457244,8.121548,1.2259415,0.4369099,0.96572185,0.37,10.0,0.8,45
-0.0323900084299066,8.374355,1.210722,0.44310883,0.96996164,0.37,10.0,0.8,45
-0.0356924032069235,7.9998856,1.1979257,0.44566968,0.9891697,0.37,10.0,0.8,45
-0.0203207797369375,8.759718,1.2280493,0.44611278,0.98633015,0.37,10.0,0.8,45
-0.0688288417368796,8.180901,1.2110299,0.45678052,0.99169266,0.37,10.0,0.8,45
-0.0508865992543058,8.5831,1.2182766,0.45257336,0.98229444,0.37,10.0,0.8,45
-0.0500698364479983,8.253665,1.2226242,0.43666387,0.98344934,0.37,10.0,0.8,45
-0.0378063211161436,8.528701,1.220227,0.44729808,0.9882703,0.37,10.0,0.8,45
-0.0218569500888395,8.678981,1.2143781,0.43433705,0.99545085,0.37,10.0,0.8,45
-0.033925951282876,8.432608,1.2221143,0.44597754,0.9946115,0.37,10.0,0.8,45
-0.0393471510776816,7.9629784,1.2006727,0.4426161,0.98552334,0.37,10.0,0.8,45
-0.0519704387985205,8.251185,1.2064469,0.44610322,0.98888886,0.37,10.0,0.8,45
-0.0518270627632382,8.388887,1.2179325,0.4603373,0.9942068,0.37,10.0,0.8,45
-0.032666096029871,8.214593,1.2271678,0.42557523,0.9634768,0.37,10.0,0.8,45
-0.0284280852546026,8.048911,1.2096153,0.45761526,0.9930886,0.37,10.0,0.8,45
0.0093724970772224,8.276783,1.2245123,0.43422267,0.98879826,0.37,10.0,0.8,45
0.007638223499957,8.404224,1.2124673,0.43540514,0.99133074,0.37,10.0,0.8,45
-0.0435610248245263,8.095856,1.2002788,0.44537854,0.9821904,0.37,10.0,0.8,45
-0.0395533815616662,8.0518055,1.217341,0.4475739,0.9909129,0.37,10.0,0.8,45
-0.06492424621446,8.380571,1.2138762,0.4398383,0.9774766,0.37,10.0,0.8,45
-0.0489521909818029,8.380003,1.2085316,0.45851552,0.99124515,0.37,10.0,0.8,45
-0.0241350684226409,8.270384,1.2152646,0.45605335,0.9882784,0.37,10.0,0.8,45
-0.0159745129465867,8.325472,1.2127197,0.44456157,0.9900819,0.37,10.0,0.8,45
-0.0715194198862308,8.001926,1.2064495,0.4628333,0.9928434,0.37,10.0,0.8,45
-0.0218833705702598,7.939353,1.216721,0.44196308,0.97906697,0.37,10.0,0.8,45
-0.0333449294185487,8.152162,1.2062297,0.44497657,0.9768431,0.37,10.0,0.8,45
-0.0166397979444633,8.495909,1.2131718,0.43989906,0.9630494,0.37,10.0,0.8,45
-0.0322138334038518,7.58011,1.1931446,0.4393608,0.99411297,0.37,10.0,0.8,45
-0.0577605700908485,8.3228,1.2275469,0.45570254,0.96563435,0.37,10.0,0.8,45
-0.020324843205665,8.587423,1.2220498,0.45213926,0.9969655,0.37,10.0,0.8,45
-0.0131125260268451,8.246365,1.218344,0.46070293,0.9883295,0.37,10.0,0.8,45
-0.0361086460754346,8.495841,1.2271729,0.44181943,0.99685645,0.37,10.0,0.8,45
-0.0177624085625831,7.8558664,1.2107748,0.44352126,0.97912025,0.37,10.0,0.8,45
-0.040028529102942,8.254423,1.2102246,0.44614407,0.99569607,0.37,10.0,0.8,45
-0.0194924078728242,8.311589,1.2217458,0.4474572,0.9961282,0.37,10.0,0.8,45
-0.007954361472757,8.061734,1.2044355,0.4373679,0.9891244,0.37,10.0,0.8,45
-0.0495764805662273,8.754838,1.2251137,0.43785122,0.99919975,0.37,10.0,0.8,45
-0.0343263857338205,8.657709,1.2243603,0.4464405,0.98190033,0.37,10.0,0.8,45
-0.0340551033072917,8.576875,1.2107056,0.44650903,0.99799025,0.37,10.0,0.8,45
-0.0522272028371384,8.338187,1.2159255,0.46512556,0.99291265,0.37,10.0,0.8,45
-0.030301212603241,8.44121,1.225109,0.44405892,0.9860978,0.37,10.0,0.8,45
-0.0014195319967677,8.20077,1.217449,0.4456369,0.9971925,0.37,10.0,0.8,45
-0.0090597772938324,7.8484073,1.208676,0.45350382,0.9957347,0.37,10.0,0.8,45
-0.0082951012957492,8.206006,1.1998051,0.4503343,0.9871646,0.37,10.0,0.8,45
-0.0376184392655519,8.541787,1.2077498,0.4500555,0.98591304,0.37,10.0,0.8,45
-0.0331399139436035,8.276525,1.2298875,0.43590587,0.9886507,0.37,10.0,0.8,45
-0.0053581128785425,8.073993,1.216086,0.44636828,0.9716575,0.37,10.0,0.8,45
-0.0119185657206503,8.443029,1.2207949,0.43743995,0.98424757,0.37,10.0,0.8,45
-0.0241262206940567,8.377703,1.2068098,0.4363229,0.9929589,0.37,10.0,0.8,45
-0.0263457106145928,8.159762,1.2164834,0.43638885,0.98328376,0.37,10.0,0.8,45
-0.0048979546113172,8.166717,1.2118407,0.43726486,0.998173,0.37,10.0,0.8,45
-0.0312913404969519,8.384938,1.2118475,0.4451074,0.999938,0.37,10.0,0.8,45
-0.0292091074911803,8.329277,1.2213801,0.44325078,0.97944975,0.37,10.0,0.8,45
-0.0166833778379836,8.110674,1.2256176,0.4443587,0.9899237,0.37,10.0,0.8,45
-0.0215046588856898,8.382462,1.2226753,0.43901238,0.9932302,0.37,10.0,0.8,45
-0.0549631426338159,8.118363,1.2209276,0.44698343,0.9619185,0.37,10.0,0.8,45
-0.0076907120113705,8.405374,1.2166096,0.43443272,0.9967046,0.37,10.0,0.8,45
-0.014201822069292,8.369846,1.2037904,0.44974792,0.96922886,0.37,10.0,0.8,45
-0.0287135860810378,8.039986,1.2068655,0.4557542,0.989406,0.37,10.0,0.8,45
-0.0289965262503707,8.1667185,1.2121396,0.43925595,0.98404837,0.37,10.0,0.8,45
-0.0222883432867409,8.40725,1.2180856,0.4389141,0.9762695,0.37,10.0,0.8,45
-0.0130474172190138,8.357278,1.2187746,0.42276496,0.9952221,0.37,10.0,0.8,45
-0.0087543338678907,8.243661,1.2160699,0.44340548,0.98061466,0.37,10.0,0.8,45
-0.0426470959054309,8.377548,1.2203186,0.4346698,0.98336697,0.37,10.0,0.8,45
-0.0450544059559962,8.274987,1.2077779,0.4364782,0.99363613,0.37,10.0,0.8,45
-0.0301218762072821,8.114023,1.1995701,0.45250988,0.9848795,0.37,10.0,0.8,45
-0.033079700651335,8.511973,1.2188094,0.44969493,0.99518156,0.37,10.0,0.8,45
-0.0372212365387736,8.6119375,1.2312393,0.45844218,0.98481333,0.37,10.0,0.8,45
-0.0164746094052273,8.307608,1.2163281,0.4327118,0.9732921,0.37,10.0,0.8,45
-0.0400598601569464,8.002575,1.2068741,0.4464668,0.9978484,0.37,10.0,0.8,45
-0.0150485036490269,8.1486,1.2111806,0.44305682,0.98887134,0.37,10.0,0.8,45
-0.0195414711858504,8.275478,1.201328,0.4279424,0.99894536,0.37,10.0,0.8,45
-0.0261654772206833,8.400169,1.2116132,0.43853688,0.9909897,0.37,10.0,0.8,45
-0.0493605893311901,8.280685,1.2037275,0.452098,0.9821105,0.37,10.0,0.8,45
-0.0095107046057796,8.181594,1.2102114,0.44645658,0.9970361,0.37,10.0,0.8,45
-0.0506383965397032,8.019765,1.2220696,0.4452095,0.99384284,0.37,10.0,0.8,45
-0.0335624350798677,8.133188,1.2220882,0.45709562,0.96473587,0.37,10.0,0.8,45
-0.0113428372777585,8.2511215,1.2176979,0.42044023,0.99250746,0.37,10.0,0.8,45
-0.0327927374801998,7.995448,1.2283244,0.45234784,0.9683454,0.37,10.0,0.8,45
-0.0062470198622218,8.245059,1.2135516,0.43920323,0.97995174,0.37,10.0,0.8,45
-0.0299282577260738,8.526247,1.2131782,0.4529543,0.99896955,0.37,10.0,0.8,45
-0.007814339695944,8.095949,1.2134565,0.43267635,0.9982358,0.37,10.0,0.8,45
-0.0342561329601305,8.18109,1.2047174,0.45469725,0.95877695,0.37,10.0,0.8,45
-0.0337759140932049,8.352259,1.2126023,0.4565372,0.9756738,0.37,10.0,0.8,45
-0.0347704066149595,8.377415,1.2343878,0.434147,0.93821454,0.37,10.0,0.8,45
-0.0196248434613888,8.290596,1.2207731,0.42946187,0.9977288,0.37,10.0,0.8,45
-0.0469607787918175,8.282162,1.2107975,0.4531817,0.9847468,0.37,10.0,0.8,45
-0.0276441482092045,8.394643,1.1982001,0.4382705,0.98094106,0.37,10.0,0.8,45
-0.0561566768848763,7.9541793,1.230729,0.45158142,0.9501891,0.37,10.0,0.8,45
-0.0126102682527762,8.300572,1.209774,0.44089568,0.99638474,0.37,10.0,0.8,45
-0.0253697900688969,8.177725,1.2071851,0.42641836,0.9951656,0.37,10.0,0.8,45
0.002803935037362,8.377998,1.2179245,0.44093698,0.9994613,0.37,10.0,0.8,45
-0.0261637792912224,8.31185,1.2262107,0.44557244,0.94093823,0.37,10.0,0.8,45
-0.0136804735414955,7.9062157,1.2062665,0.44961885,0.98771226,0.37,10.0,0.8,45
0.0037458925352988,8.099465,1.2149255,0.44642973,0.96000004,0.37,10.0,0.8,45
-0.0082611837213277,8.325642,1.2282429,0.4332198,0.93361413,0.37,10.0,0.8,45
-0.028652386601111,8.504157,1.2089044,0.45810115,0.984038,0.37,10.0,0.8,45
-0.0370951771925066,8.510256,1.2113597,0.44930735,0.97014976,0.37,10.0,0.8,45
-0.0531609466449961,8.150539,1.1963372,0.4515782,0.9922489,0.37,10.0,0.8,45
-0.0106550279396649,8.34909,1.2332078,0.44446963,0.9995166,0.37,10.0,0.8,45
-0.0239463785748852,8.47939,1.2214143,0.44760635,0.98776317,0.37,10.0,0.8,45
-0.009074971339593,8.362203,1.2211078,0.4421128,0.9539962,0.37,10.0,0.8,45
0.0091999538160163,8.175045,1.2085359,0.43447754,0.99601424,0.37,10.0,0.8,45
0.0008843679435657,8.266083,1.2383801,0.43374288,0.93631065,0.37,10.0,0.8,45
-0.072040625854075,8.295243,1.2269423,0.46435377,0.9118384,0.37,10.0,0.8,45
-0.0169711911168226,8.5910845,1.2175698,0.44317383,0.99375725,0.37,10.0,0.8,45
-0.0093508345578249,8.183496,1.2114693,0.43470585,0.9827008,0.37,10.0,0.8,45
-0.0228257677823352,8.251298,1.2269335,0.43900377,0.98307204,0.37,10.0,0.8,45
-0.054699897426055,7.963883,1.1954063,0.45468315,0.98645735,0.37,10.0,0.8,45
-0.0176687650181789,8.380781,1.2197204,0.44645876,0.97231233,0.37,10.0,0.8,45
-0.0053480877740258,8.085184,1.212626,0.43824533,0.99169636,0.37,10.0,0.8,45
0.0210600352702919,8.399143,1.2098569,0.44776917,0.9931544,0.37,10.0,0.8,45
-0.0231570158443057,8.251219,1.2230803,0.4377267,0.9550693,0.37,10.0,0.8,45
-0.0285681621775196,8.500954,1.2207552,0.44751,0.9693581,0.37,10.0,0.8,45
-0.0099831980117338,8.135705,1.2100143,0.43766057,0.99846005,0.37,10.0,0.8,45
-0.0188417982563919,8.458219,1.2373028,0.4295203,0.9720814,0.37,10.0,0.8,45
-0.0396653493686258,8.421255,1.2102346,0.4504684,0.9935087,0.37,10.0,0.8,45
0.0176242223821238,8.310076,1.2221549,0.43290684,0.972278,0.37,10.0,0.8,45
-0.0183508077816426,8.501077,1.2234738,0.43132126,0.9819987,0.37,10.0,0.8,45
-0.0314119523943131,8.068796,1.2204539,0.44167238,0.9840878,0.37,10.0,0.8,45
-0.0108013326883693,8.313422,1.2238947,0.4349756,0.98319554,0.37,10.0,0.8,45
-0.0434308256664669,8.168636,1.2175317,0.43576872,0.98874176,0.37,10.0,0.8,45
-0.0254170075460394,8.115547,1.2112316,0.44446647,0.97021794,0.37,10.0,0.8,45
-0.016342153413171,8.0294285,1.2052768,0.45086226,0.9447365,0.37,10.0,0.8,45
-0.0409983743011668,8.175333,1.2176378,0.43904924,0.9938592,0.37,10.0,0.8,45
-0.0157618707786838,8.472629,1.2283703,0.43827736,0.9777088,0.37,10.0,0.8,45
-0.0132655161118545,8.177431,1.1982328,0.4390395,0.99987864,0.37,10.0,0.8,45
-0.0060326101851727,8.07693,1.217376,0.46422213,0.9913101,0.37,10.0,0.8,45
0.0153806311581667,8.16535,1.2172673,0.43017545,0.9891772,0.37,10.0,0.8,45
-0.0266500998412372,8.160913,1.2131362,0.43350503,0.986465,0.37,10.0,0.8,45
-0.0298535343962123,8.633442,1.226121,0.45695242,0.99291086,0.37,10.0,0.8,45
-0.0109120893402825,8.539799,1.2211138,0.4547785,0.95395446,0.37,10.0,0.8,45
-0.0297658753092806,8.515432,1.2383385,0.4473944,0.978824,0.37,10.0,0.8,45
-0.0460552119604192,8.781822,1.2250378,0.4512312,0.97572863,0.37,10.0,0.8,45
-0.039978889107893,8.072677,1.2168633,0.45205566,0.95582414,0.37,10.0,0.8,45
-0.0342630779497597,8.395453,1.2200079,0.44608486,0.96470284,0.37,10.0,0.8,45
-0.0248579870124248,7.9566936,1.2153711,0.45296028,0.9267316,0.37,10.0,0.8,45
-0.0007316356604526,8.145106,1.208942,0.43992227,0.9716033,0.37,10.0,0.8,45
-0.0084295398270838,8.29027,1.2151263,0.44109577,0.97363174,0.37,10.0,0.8,45
-0.0619875565383778,8.552385,1.2067642,0.447547,0.9957272,0.37,10.0,0.8,45
-0.0320294751418184,8.381117,1.2407745,0.45387125,0.9775617,0.37,10.0,0.8,45
-0.0794330199433582,7.856057,1.2071308,0.4587189,0.995561,0.37,10.0,0.8,45
-0.0328576767501287,8.384815,1.2035742,0.45441562,0.9867461,0.37,10.0,0.8,45
-0.0343162098890627,8.58588,1.2267683,0.45295897,0.9654248,0.37,10.0,0.8,45
-0.0108772352644834,8.51209,1.2307361,0.43969432,0.9601488,0.37,10.0,0.8,45
-0.0232435672294507,8.28065,1.2135807,0.4534212,0.98225546,0.37,10.0,0.8,45
-0.019907413760758,8.010357,1.2130433,0.45999572,0.9441762,0.37,10.0,0.8,45
-0.0423328322767266,8.622163,1.2306538,0.4439787,0.95751894,0.37,10.0,0.8,45
-0.0228488770793243,8.315278,1.2114655,0.44330537,0.9758525,0.37,10.0,0.8,45
-0.0236658821015274,8.189951,1.1936436,0.4439757,0.998157,0.37,10.0,0.8,45
-0.034032053879437,8.3185625,1.2112608,0.4462071,0.9782449,0.37,10.0,0.8,45
-0.0198069163623211,8.798087,1.2367538,0.43729055,0.9846821,0.37,10.0,0.8,45
0.0085446993446954,8.462084,1.2162902,0.4439365,0.98469937,0.37,10.0,0.8,45
-0.0373939683433569,8.636075,1.2203498,0.45331693,0.97346485,0.37,10.0,0.8,45
-0.026710175938916,8.153885,1.2333812,0.4472159,0.9430634,0.37,10.0,0.8,45
-0.0216966544958377,8.083044,1.2017667,0.4436243,0.9800354,0.37,10.0,0.8,45
-0.0267363040269649,8.37087,1.2011404,0.44172734,0.98926497,0.37,10.0,0.8,45
-0.0149412170265064,7.953024,1.2118578,0.44446683,0.99051297,0.37,10.0,0.8,45
-0.0069161762148378,7.8372765,1.219291,0.43676803,0.96097255,0.37,10.0,0.8,45
-0.0288626471903358,8.352486,1.2145115,0.44845557,0.9797975,0.37,10.0,0.8,45
-0.0302813244508298,8.246671,1.2216381,0.44410026,0.9773004,0.37,10.0,0.8,45
-0.032135884848714,8.478045,1.2300496,0.4556708,0.9657557,0.37,10.0,0.8,45
-0.0152405366089,8.311575,1.2378752,0.4556917,0.96620905,0.37,10.0,0.8,45
-0.0381640539116413,7.960626,1.2155697,0.44722214,0.9970943,0.37,10.0,0.8,45
-0.0329287987881341,8.405968,1.2364242,0.448702,0.9846095,0.37,10.0,0.8,45
-0.0324534784972951,8.091071,1.2178975,0.44653085,0.9886373,0.37,10.0,0.8,45
-0.0285068706740668,8.402751,1.2302737,0.43830112,0.9957658,0.37,10.0,0.8,45
-0.0245105513113236,7.925755,1.2104083,0.43930605,0.96067476,0.37,10.0,0.8,45
-0.0142954432076395,8.143277,1.1997675,0.44121373,0.97397447,0.37,10.0,0.8,45
-0.0502350458819212,8.1760645,1.2335343,0.4524586,0.97219265,0.37,10.0,0.8,45
0.0193290052247689,8.226793,1.207841,0.43449673,0.98334146,0.37,10.0,0.8,45
-0.0391005992700483,8.134661,1.2210141,0.44254413,0.9812602,0.37,10.0,0.8,45
-0.0224690960439751,7.679551,1.1814584,0.45428222,0.99259865,0.37,10.0,0.8,45
-0.0127329374644344,8.063167,1.196419,0.4380774,0.99643266,0.37,10.0,0.8,45
-0.0288700445896094,8.157431,1.248213,0.43998045,0.89967227,0.37,10.0,0.8,45
-0.0470740219492542,8.256393,1.1953727,0.4474178,0.98948956,0.37,10.0,0.8,45
-0.0317313097736159,8.22866,1.1976409,0.4451836,0.9915246,0.37,10.0,0.8,45
-0.03275662760727,8.34715,1.2094015,0.45181495,0.9963007,0.37,10.0,0.8,45
-0.0390606238044762,8.121732,1.2267224,0.43974513,0.99966717,0.37,10.0,0.8,45
0.0091399061320889,8.646176,1.2087814,0.43544716,0.99470806,0.37,10.0,0.8,45
-0.0302177977259676,8.0159645,1.2355665,0.4416127,0.8985387,0.37,10.0,0.8,45
0.0046394017910239,8.299573,1.2208608,0.43471068,0.9899639,0.37,10.0,0.8,45
-0.0067702935161378,8.191519,1.2199768,0.4367909,0.9861058,0.37,10.0,0.8,45
0.0167494015157128,8.342615,1.2296245,0.43466046,0.99562454,0.37,10.0,0.8,45
-0.076710831816714,8.543177,1.2253153,0.45297337,0.9950069,0.37,10.0,0.8,45
-0.0268363424224067,8.159519,1.2239558,0.44199207,0.9291569,0.37,10.0,0.8,45
-0.0421151095449263,8.256581,1.2138901,0.437573,0.9766923,0.37,10.0,0.8,45
-0.0275944511032709,8.15455,1.2020925,0.44980377,0.9936011,0.37,10.0,0.8,45
0.0187117634031171,8.312755,1.2266634,0.4312654,0.9920701,0.37,10.0,0.8,45
-0.039052283688317,8.418558,1.2061267,0.45368114,0.99592066,0.37,10.0,0.8,45
-0.0256266383663788,7.7873864,1.2062966,0.44298798,0.99531627,0.37,10.0,0.8,45
-0.0086674532308442,8.116296,1.2207057,0.44734633,0.97111404,0.37,10.0,0.8,45
-0.0337312771854612,8.2824955,1.2130507,0.4461324,0.9533814,0.37,10.0,0.8,45
-0.0122706092858654,8.586626,1.2323236,0.4370983,0.9752332,0.37,10.0,0.8,45
-0.022904109350286,8.2662325,1.2202336,0.4456985,0.9967996,0.37,10.0,0.8,45
0.0021697160936951,8.451276,1.2167642,0.4363593,0.9991964,0.37,10.0,0.8,45
-0.014543130526263,8.177503,1.2276256,0.43433642,0.9963429,0.37,10.0,0.8,45
-0.0129748131318251,8.495884,1.2081517,0.443728,0.9709482,0.37,10.0,0.8,45
-0.024390477197106,8.459678,1.2227143,0.4391723,0.98449683,0.37,10.0,0.8,45
-0.0207122982776297,8.348632,1.2106974,0.4347927,0.9986757,0.37,10.0,0.8,45
-0.0506765045945882,8.455022,1.2347333,0.43950304,0.9718194,0.37,10.0,0.8,45
-0.0054418240598566,8.047357,1.2109629,0.44355205,0.9954691,0.37,10.0,0.8,45
-0.0113845652332396,8.410555,1.2137308,0.4333338,0.9819137,0.37,10.0,0.8,45
-0.0615206306785486,8.637932,1.2390567,0.43695676,0.9965099,0.37,10.0,0.8,45
-0.0604639488430295,8.004838,1.2056801,0.44613597,0.98685026,0.37,10.0,0.8,45
-0.0073251199797858,8.535984,1.22876,0.45177522,0.9583496,0.37,10.0,0.8,45
-0.0158934114852155,8.147579,1.2039135,0.43627065,0.99751306,0.37,10.0,0.8,45
-0.0137319716523075,8.456703,1.2307972,0.45676714,0.98645675,0.37,10.0,0.8,45
-0.0234718284025056,8.301039,1.2032114,0.43803236,0.9994935,0.37,10.0,0.8,45
-0.0031413465974448,8.408568,1.2349267,0.4359414,0.94818497,0.37,10.0,0.8,45
-0.0327338087010874,8.056464,1.2140807,0.43635136,0.994267,0.37,10.0,0.8,45
-0.029852171008447,8.523484,1.2088668,0.4300958,0.9975809,0.37,10.0,0.8,45
0.0040826217686128,8.520716,1.2000324,0.4454596,0.98989654,0.37,10.0,0.8,45
-0.0365849346630924,8.569957,1.208024,0.45898712,0.9887153,0.37,10.0,0.8,45
-0.0367403359118429,7.872553,1.2081175,0.43941465,0.97039545,0.37,10.0,0.8,45
-0.0446527798655671,8.37955,1.2020158,0.45114672,0.99564433,0.37,10.0,0.8,45
-0.0174714062935576,8.346969,1.221041,0.44583413,0.9708109,0.37,10.0,0.8,45
-0.0398555747491621,8.539534,1.2215276,0.44243443,0.99740124,0.37,10.0,0.8,45
-0.0475386482033223,8.30839,1.2056602,0.46119168,0.9910145,0.37,10.0,0.8,45
-0.0166222047692433,8.152612,1.2243925,0.43734145,0.99636006,0.37,10.0,0.8,45
-0.0264993164505331,8.187919,1.2192849,0.4393419,0.99976134,0.37,10.0,0.8,45
-0.0329820388848354,8.365014,1.1975319,0.45402125,0.9888476,0.37,10.0,0.8,45
-0.0592413655929444,8.27781,1.2241695,0.44490337,0.97293663,0.37,10.0,0.8,45
-0.0434575466081948,7.6280813,1.1970807,0.44554058,0.9815061,0.37,10.0,0.8,45
-0.0256629728666387,8.848017,1.2267892,0.43761134,0.97462916,0.37,10.0,0.8,45
-0.0513294853990316,8.465252,1.2110304,0.4470764,0.99336755,0.37,10.0,0.8,45
-0.0134308731877104,8.349255,1.209139,0.43838835,0.9988996,0.37,10.0,0.8,45
-0.0152497098865297,8.233643,1.2374558,0.44198665,0.9024323,0.37,10.0,0.8,45
-0.0289104205492748,8.070227,1.2112145,0.4494842,0.9695327,0.37,10.0,0.8,45
-0.0455275108810461,8.525951,1.2174673,0.4471059,0.9732237,0.37,10.0,0.8,45
-0.0051927763950994,8.105516,1.2278837,0.43473426,0.9779408,0.37,10.0,0.8,45
-0.0318958526556918,8.33346,1.2131097,0.44582117,0.9831426,0.37,10.0,0.8,45
0.0051914752379839,8.516022,1.2386649,0.4361503,0.99355924,0.37,10.0,0.8,45
-0.0108265595088481,8.811443,1.2285018,0.44321746,0.96790636,0.37,10.0,0.8,45
-0.0377713784551847,8.183444,1.2145777,0.4295707,0.95116735,0.37,10.0,0.8,45
-0.0226019421583499,8.31027,1.2215081,0.43525773,0.99509346,0.37,10.0,0.8,45
-0.0086277233817498,8.159321,1.221459,0.4394512,0.99153614,0.37,10.0,0.8,45
-0.0066465055885859,8.14396,1.2162522,0.442425,0.9599602,0.37,10.0,0.8,45
0.0026028574741018,8.251152,1.2034078,0.43828046,0.9810864,0.37,10.0,0.8,45
-0.0322251230903359,8.536189,1.213461,0.44210517,0.97477615,0.37,10.0,0.8,45
-0.0212899536225006,8.046327,1.2131236,0.44747397,0.9792155,0.37,10.0,0.8,45
-0.006366506960426,8.34652,1.2308248,0.43677828,0.9338199,0.37,10.0,0.8,45
-0.0641722094993772,8.492032,1.2216839,0.45105442,0.9930785,0.37,10.0,0.8,45
-0.0681095375500843,8.085694,1.2163289,0.45129725,0.9172237,0.37,10.0,0.8,45
-0.0370521907572134,7.7816644,1.2114172,0.44301912,0.9543669,0.37,10.0,0.8,45
-0.0136061063092408,8.266056,1.2085979,0.43920457,0.9587257,0.37,10.0,0.8,45
-0.0320315850139986,8.5288315,1.2342757,0.45832312,0.9661499,0.37,10.0,0.8,45
0.0044381783994744,8.264907,1.2061877,0.44151187,0.99631035,0.37,10.0,0.8,45
-0.0539962943684658,8.416043,1.2264584,0.4361612,0.984532,0.37,10.0,0.8,45
-0.0822433567462745,8.106163,1.2142193,0.44976816,0.9745743,0.37,10.0,0.8,45
-0.0035907665825494,8.091364,1.2112806,0.4194874,0.98958385,0.37,10.0,0.8,45
-0.0059777621799716,8.157423,1.203906,0.43057525,0.9984001,0.37,10.0,0.8,45
-0.0431543904136742,8.23041,1.199599,0.43747637,0.9958948,0.37,10.0,0.8,45
-0.0317890952581837,8.079477,1.2293932,0.43009648,0.9975238,0.37,10.0,0.8,45
-0.0005602043895449,8.004611,1.2076212,0.4412264,0.9925939,0.37,10.0,0.8,45
-0.0220213518278723,8.821502,1.2342035,0.43811753,0.98901856,0.37,10.0,0.8,45
-0.0123661119662071,8.198836,1.219029,0.4358568,0.9896151,0.37,10.0,0.8,45
-0.031125494549656,8.149053,1.2059337,0.4480459,0.97787356,0.37,10.0,0.8,45
-0.0245253261408979,8.197045,1.2044185,0.45215893,0.9824884,0.37,10.0,0.8,45
-0.0278697142321409,7.8300476,1.2102331,0.4416831,0.997257,0.37,10.0,0.8,45
-0.0202002138607853,8.473674,1.2274882,0.45264867,0.9747485,0.37,10.0,0.8,45
-0.0632102062509479,7.9361725,1.1955543,0.46324927,0.9558333,0.37,10.0,0.8,45
-0.0151518464277361,7.87539,1.2000368,0.44813308,0.9924027,0.37,10.0,0.8,45
-0.0096062511347364,8.398917,1.2141509,0.45012787,0.993435,0.37,10.0,0.8,45
-0.0375404320125912,8.26817,1.2279655,0.4378153,0.94826627,0.37,10.0,0.8,45
-0.032913741596905,7.8437595,1.2045189,0.4410933,0.96968555,0.37,10.0,0.8,45
-0.0201945453551605,7.9917064,1.2411647,0.45610428,0.9177742,0.37,10.0,0.8,45
-0.0284819791887528,7.8747845,1.1810491,0.45805806,0.9938724,0.37,10.0,0.8,45
-0.0193265120125421,8.852601,1.24084,0.42757046,0.9303249,0.37,10.0,0.8,45
-0.0411250515709588,8.451581,1.213282,0.44413784,0.9843483,0.37,10.0,0.8,45
-0.0253918194166265,8.422566,1.2332832,0.45395052,0.9954665,0.37,10.0,0.8,45
-0.0118686103027331,8.042203,1.2134737,0.44161245,0.99782443,0.37,10.0,0.8,45
-0.0413232472921513,8.23036,1.2050118,0.44627917,0.98061836,0.37,10.0,0.8,45
-0.046323280666974,8.389579,1.223454,0.4521022,0.973789,0.37,10.0,0.8,45
-0.0066232772712284,8.179729,1.2144852,0.4465087,0.9949796,0.37,10.0,0.8,45
-0.0027169569169662,8.444939,1.2271957,0.4413739,0.9740951,0.37,10.0,0.8,45
-0.0092910175844908,8.318324,1.2255957,0.4335109,0.9964733,0.37,10.0,0.8,45
-0.0283210175350993,8.496879,1.2258294,0.44242057,0.9797851,0.37,10.0,0.8,45
-0.0075165886886524,8.47632,1.2236223,0.44594243,0.9842342,0.37,10.0,0.8,45
-0.0081600203000233,8.248172,1.2199342,0.43400422,0.9791076,0.37,10.0,0.8,45
-0.0140894963132976,7.889495,1.2029372,0.44492695,0.97675693,0.37,10.0,0.8,45
-0.0216778186157274,8.118987,1.2100511,0.44403017,0.98510146,0.37,10.0,0.8,45
-0.0312805703816058,8.342085,1.2104548,0.44382536,0.9491186,0.37,10.0,0.8,45
0.0262026691965747,7.996713,1.2115517,0.43815547,0.9959434,0.37,10.0,0.8,45
-0.0457462905515014,8.32274,1.2101902,0.44986206,0.99825275,0.37,10.0,0.8,45
-0.0184077323899971,8.226519,1.2148823,0.43896696,0.9869609,0.37,10.0,0.8,45
-0.0051618612322678,8.387814,1.2065339,0.43581873,0.99691963,0.37,10.0,0.8,45
-0.0178177494254618,8.1945095,1.230643,0.4430849,0.9617491,0.37,10.0,0.8,45
-0.0232899205053664,8.070598,1.2087822,0.4384309,0.99317575,0.37,10.0,0.8,45
-0.0363412356792274,8.480463,1.2259613,0.4484696,0.9737525,0.37,10.0,0.8,45
-0.0485061994634226,8.458805,1.2233224,0.43941247,0.98432124,0.37,10.0,0.8,45
-0.0297814601385839,7.8849664,1.2096488,0.43937993,0.95949256,0.37,10.0,0.8,45
-0.0454444840668498,8.3754425,1.212985,0.43816847,0.9907055,0.37,10.0,0.8,45
0.0003279259012164,8.423506,1.2136667,0.44107103,0.98769486,0.37,10.0,0.8,45
-0.0169019244741146,7.736969,1.2001294,0.43751946,0.96415186,0.37,10.0,0.8,45
0.0083346695605246,8.375196,1.2223142,0.43373454,0.9958974,0.37,10.0,0.8,45
-0.0251821792069025,8.628384,1.2450541,0.4459967,0.9397346,0.37,10.0,0.8,45
-0.0534094544295841,8.452331,1.2173545,0.43874812,0.98987985,0.37,10.0,0.8,45
-0.0150365354897669,8.196636,1.2102045,0.44102612,0.9999738,0.37,10.0,0.8,45
-0.0150903968538988,8.782456,1.2263767,0.43837723,0.99441993,0.37,10.0,0.8,45
-0.0471307934180681,7.982966,1.2029214,0.44167864,0.99679077,0.37,10.0,0.8,45
-0.0246178865810581,8.210621,1.2176439,0.42724478,0.9956652,0.37,10.0,0.8,45
-0.0575277809106793,8.762665,1.2270314,0.44858658,0.9942843,0.37,10.0,0.8,45
-0.0515854106274346,8.108452,1.2199159,0.44802722,0.99763906,0.37,10.0,0.8,45
-0.0201605541959239,8.434015,1.1983523,0.4568456,0.9976125,0.37,10.0,0.8,45
-0.0158498245449338,8.174537,1.220187,0.4340849,0.98476005,0.37,10.0,0.8,45
-0.0026681727161498,7.9183083,1.2169099,0.43913782,0.9699429,0.37,10.0,0.8,45
-0.0316544531264509,7.909279,1.1964841,0.45611727,0.9977238,0.37,10.0,0.8,45
-0.0497029779641261,8.165586,1.2129104,0.45676547,0.9855248,0.37,10.0,0.8,45
-0.0101827019934797,8.301874,1.2200933,0.45445222,0.9647838,0.37,10.0,0.8,45
-0.0266545641630085,8.585,1.2305659,0.44345394,0.9870105,0.37,10.0,0.8,45
-0.0034229816423165,8.082696,1.2260549,0.44857648,0.9699675,0.37,10.0,0.8,45
-0.0152785590635804,8.190995,1.2246538,0.43914914,0.9885781,0.37,10.0,0.8,45
-0.0647937453070352,8.28447,1.1855353,0.50042415,0.99990654,0.37,10.0,0.8,46
-0.0877381701802098,7.9019785,1.1799109,0.500446,0.9815124,0.37,10.0,0.8,46
-0.0492867555729178,8.182593,1.1898943,0.49629807,0.9916011,0.37,10.0,0.8,46
-0.0732717339382615,8.350235,1.1978532,0.49796647,0.94659793,0.37,10.0,0.8,46
-0.0617300543674202,7.741529,1.1711588,0.4920193,0.9818554,0.37,10.0,0.8,46
-0.0914713130440822,7.8664875,1.183875,0.49422187,0.90591705,0.37,10.0,0.8,46
-0.0782641923704812,8.08554,1.1780498,0.50948864,0.98147476,0.37,10.0,0.8,46
-0.0670351025670073,8.131747,1.188518,0.48924887,0.93587434,0.37,10.0,0.8,46
-0.09388172210649,7.6172113,1.1846576,0.50852704,0.9755504,0.37,10.0,0.8,46
-0.0297663757967394,8.043362,1.1718267,0.48611078,0.978474,0.37,10.0,0.8,46
-0.0876886833545773,7.843292,1.2001495,0.4896788,0.91136956,0.37,10.0,0.8,46
-0.0794602471728657,8.194481,1.1910557,0.510405,0.98871386,0.37,10.0,0.8,46
-0.0318458598713542,8.2863865,1.1990231,0.4862818,0.9511088,0.37,10.0,0.8,46
-0.0387194123379019,7.655579,1.1795483,0.4997064,0.9966817,0.37,10.0,0.8,46
-0.0685987272927927,7.6632752,1.1741643,0.5053733,0.9759437,0.37,10.0,0.8,46
-0.0804937609406404,8.17786,1.1872015,0.4868793,0.9877554,0.37,10.0,0.8,46
-0.0545496430507926,8.055428,1.1813782,0.5015275,0.97452044,0.37,10.0,0.8,46
-0.058629905345828,7.856553,1.1706986,0.48949036,0.9980655,0.37,10.0,0.8,46
-0.0676775269730146,7.7365303,1.1812129,0.48692304,0.97936165,0.37,10.0,0.8,46
-0.0516331703163856,7.620827,1.1804982,0.49697763,0.9951174,0.37,10.0,0.8,46
-0.0384269556333852,8.157712,1.1762667,0.492236,0.9921453,0.37,10.0,0.8,46
-0.0699146947195363,7.932127,1.1841984,0.49655282,0.99693036,0.37,10.0,0.8,46
-0.0458767292111419,7.741597,1.1619413,0.49603054,0.9869423,0.37,10.0,0.8,46
-0.1006322037341982,8.13088,1.16904,0.5027742,0.999908,0.37,10.0,0.8,46
-0.0675441941549611,8.001184,1.1805589,0.5114757,0.9996884,0.37,10.0,0.8,46
-0.0909384239551632,7.9937506,1.1741393,0.50444955,0.96941984,0.37,10.0,0.8,46
-0.0828115429989127,8.1782465,1.1789182,0.5199261,0.9773619,0.37,10.0,0.8,46
-0.0847780402316603,7.9774265,1.1824772,0.5000969,0.9887035,0.37,10.0,0.8,46
-0.0459878031597581,8.289912,1.2037956,0.50094825,0.9766066,0.37,10.0,0.8,46
-0.1031139761902565,8.109089,1.1751996,0.49983928,0.98046637,0.37,10.0,0.8,46
-0.0734159203462822,8.131815,1.1759769,0.48812583,0.99721515,0.37,10.0,0.8,46
-0.0282567423443461,8.235906,1.1843535,0.47173643,0.98361206,0.37,10.0,0.8,46
-0.074875259399414,7.872551,1.174328,0.5044098,0.99891245,0.37,10.0,0.8,46
-0.0455160739809967,7.743309,1.2329218,0.5001586,0.7991357,0.37,10.0,0.8,46
-0.0513559427372244,7.7461863,1.1635429,0.48263505,0.99086523,0.37,10.0,0.8,46
-0.0448067820349405,7.9229226,1.188852,0.4952109,0.99305975,0.37,10.0,0.8,46
-0.0390277843142664,8.252383,1.1933239,0.47766128,0.9578866,0.37,10.0,0.8,46
-0.0726217824359272,7.8905706,1.1947306,0.48298907,0.97650325,0.37,10.0,0.8,46
-0.0571350233499393,8.189101,1.1891907,0.513732,0.99776685,0.37,10.0,0.8,46
-0.0790513035862944,7.75677,1.188577,0.49604896,0.9373114,0.37,10.0,0.8,46
-0.0589117740475854,7.909198,1.174562,0.51114446,0.98671687,0.37,10.0,0.8,46
-0.0739262824834779,8.023696,1.2014673,0.49511027,0.9214568,0.37,10.0,0.8,46
-0.0939964336018229,8.092583,1.177311,0.48600817,0.99440527,0.37,10.0,0.8,46
-0.061043947519258,8.2696085,1.1967807,0.49251616,0.9359455,0.37,10.0,0.8,46
-0.09304046824921,8.213106,1.1988441,0.4949568,0.9896394,0.37,10.0,0.8,46
-0.0657456220582474,7.8548636,1.160439,0.49192593,0.9875845,0.37,10.0,0.8,46
-0.0656071820924448,7.870181,1.1889334,0.50672275,0.9418036,0.37,10.0,0.8,46
-0.0670844346977943,7.930048,1.1730196,0.5005471,0.96661127,0.37,10.0,0.8,46
-0.0602430731751198,7.795952,1.1697857,0.48568225,0.9897684,0.37,10.0,0.8,46
-0.0657000034354453,8.0744705,1.1951076,0.47844404,0.96115935,0.37,10.0,0.8,46
-0.0211985299753588,7.9426255,1.174055,0.48222485,0.98951054,0.37,10.0,0.8,46
-0.0955662774485211,8.627645,1.1853383,0.50249296,0.9992542,0.37,10.0,0.8,46
-0.0762104297793188,7.911318,1.1845522,0.48699367,0.9874314,0.37,10.0,0.8,46
-0.0327339749003565,7.9900756,1.1761081,0.4981705,0.98881197,0.37,10.0,0.8,46
-0.054887321383454,8.343475,1.1888179,0.48811087,0.9917016,0.37,10.0,0.8,46
-0.0482651951701142,8.218551,1.1852574,0.490358,0.94491076,0.37,10.0,0.8,46
-0.0791030975275261,8.043853,1.1727083,0.49797496,0.9775876,0.37,10.0,0.8,46
-0.0638894632805225,8.041916,1.1889039,0.47649017,0.9739729,0.37,10.0,0.8,46
-0.0889615610588428,8.455687,1.1935205,0.5030224,0.9743339,0.37,10.0,0.8,46
-0.0620338786480038,7.6837506,1.1783859,0.4869709,0.9855964,0.37,10.0,0.8,46
-0.0524328808451807,8.210268,1.1925092,0.48166764,0.9687767,0.37,10.0,0.8,46
-0.0266436091689176,7.947796,1.1774731,0.48699883,0.99948776,0.37,10.0,0.8,46
-0.093022673629051,7.8341293,1.1806191,0.50951004,0.9524182,0.37,10.0,0.8,46
-0.0430591563845789,7.665477,1.1781641,0.49765202,0.940982,0.37,10.0,0.8,46
-0.0389793573423873,8.121708,1.1858443,0.48861983,0.97478676,0.37,10.0,0.8,46
-0.0301908185315686,7.911291,1.1674812,0.4870658,0.9880557,0.37,10.0,0.8,46
-0.0263474128967107,8.520558,1.1952237,0.48277318,0.966305,0.37,10.0,0.8,46
-0.1087211833443752,8.177615,1.1810557,0.50969726,0.9731244,0.37,10.0,0.8,46
-0.0354849726654762,8.235147,1.2067307,0.49196738,0.9607537,0.37,10.0,0.8,46
-0.0650384248689163,8.169415,1.183558,0.49982297,0.9971702,0.37,10.0,0.8,46
-0.0657039054604463,8.146325,1.1867231,0.51109207,0.9356785,0.37,10.0,0.8,46
-0.0611559668252634,8.136733,1.1924993,0.4947818,0.9946239,0.37,10.0,0.8,46
-0.0380746641824411,7.6774435,1.1657487,0.496635,0.99563193,0.37,10.0,0.8,46
-0.0799049643583076,8.284875,1.1921536,0.49898672,0.96039236,0.37,10.0,0.8,46
-0.0698626249335533,8.242521,1.2272123,0.4869807,0.8645692,0.37,10.0,0.8,46
-0.0568803986837697,7.739369,1.1852995,0.48815042,0.9964311,0.37,10.0,0.8,46
-0.0462935081748075,8.401713,1.1970637,0.49337307,0.95619655,0.37,10.0,0.8,46
-0.0478840071101521,8.177627,1.1856151,0.50604045,0.9953364,0.37,10.0,0.8,46
-0.0884986625161281,7.994248,1.1823632,0.50220037,0.99701,0.37,10.0,0.8,46
-0.1109787641569625,8.241205,1.1972979,0.49636376,0.95178473,0.37,10.0,0.8,46
-0.071365620091904,7.9960613,1.195612,0.49220636,0.94136655,0.37,10.0,0.8,46
-0.0760594198870104,7.6910415,1.1886588,0.50043243,0.92450225,0.37,10.0,0.8,46
-0.058034861087799,8.066519,1.182012,0.48774552,0.98616254,0.37,10.0,0.8,46
-0.0587074512659117,8.149324,1.1986662,0.49796262,0.9266914,0.37,10.0,0.8,46
-0.0709689276162968,8.15244,1.1655897,0.50493485,0.9738103,0.37,10.0,0.8,46
-0.0834920691889385,7.888004,1.1902194,0.49977657,0.99412143,0.37,10.0,0.8,46
-0.0398731453474177,7.7076483,1.174598,0.49096882,0.9808667,0.37,10.0,0.8,46
-0.0651807521664819,8.02484,1.1918272,0.5016254,0.93435454,0.37,10.0,0.8,46
-0.0624810110690981,8.044271,1.1912969,0.5037099,0.95495605,0.37,10.0,0.8,46
-0.0884035432061483,7.923633,1.1939774,0.49006802,0.95555747,0.37,10.0,0.8,46
-0.0671913304994272,7.736864,1.1615399,0.48813125,0.9854851,0.37,10.0,0.8,46
-0.104384855614152,7.7755704,1.193857,0.50499815,0.9907731,0.37,10.0,0.8,46
-0.0718744776969732,8.613482,1.2108037,0.4967864,0.9472929,0.37,10.0,0.8,46
-0.0644723113193068,8.210393,1.1955687,0.49417657,0.9667678,0.37,10.0,0.8,46
-0.032721881256547,7.7224445,1.1785442,0.4983204,0.9477587,0.37,10.0,0.8,46
-0.0843329986860585,8.083652,1.1867152,0.48870698,0.97839344,0.37,10.0,0.8,46
-0.0556207548740298,8.184929,1.1851912,0.49341154,0.9993448,0.37,10.0,0.8,46
-0.0639296506726464,8.247309,1.1786058,0.48500073,0.98266006,0.37,10.0,0.8,46
-0.0505274814228678,7.9324465,1.1790848,0.49353766,0.9889933,0.37,10.0,0.8,46
-0.0792619907578756,8.00649,1.1836177,0.5004578,0.998044,0.37,10.0,0.8,46
-0.0736121468765791,7.8450375,1.1745601,0.50352615,0.999539,0.37,10.0,0.8,46
-0.0779943322026452,7.794396,1.1890156,0.49221298,0.9846877,0.37,10.0,0.8,46
-0.0481289777644844,7.857561,1.1722122,0.5021039,0.9945185,0.37,10.0,0.8,46
-0.0990886178127554,8.071831,1.1879758,0.5121275,0.99189246,0.37,10.0,0.8,46
-0.0395275689834772,7.7834826,1.1827081,0.48909685,0.94535255,0.37,10.0,0.8,46
-0.0938182875167491,7.8734922,1.1782272,0.50606686,0.9698694,0.37,10.0,0.8,46
-0.1109375329904778,8.0218315,1.172452,0.49415305,0.98375106,0.37,10.0,0.8,46
-0.1083954190098962,8.056704,1.1799394,0.50958616,0.98704934,0.37,10.0,0.8,46
-0.0794797220895456,8.105116,1.2046349,0.5073867,0.8781121,0.37,10.0,0.8,46
-0.0406555453012155,8.061893,1.1910944,0.4887885,0.96776617,0.37,10.0,0.8,46
-0.1150657565094703,7.6858454,1.1763606,0.49793446,0.9788996,0.37,10.0,0.8,46
-0.0452972833500352,8.07134,1.1727483,0.48188782,0.9936582,0.37,10.0,0.8,46
-0.0722619281258694,7.903805,1.176178,0.4915129,0.99424124,0.37,10.0,0.8,46
-0.0522863975791044,8.25675,1.1797585,0.4865553,0.9628928,0.37,10.0,0.8,46
-0.0758422482845395,7.5660577,1.1744899,0.48247752,0.96734977,0.37,10.0,0.8,46
-0.0698287231977595,7.7995267,1.163415,0.49248075,0.99850786,0.37,10.0,0.8,46
-0.0497914804968723,8.564227,1.1927581,0.48280486,0.96910477,0.37,10.0,0.8,46
-0.0437973047411719,8.0942135,1.2193311,0.49438968,0.83755994,0.37,10.0,0.8,46
-0.0467065423033958,7.7756863,1.1928656,0.49027345,0.95812416,0.37,10.0,0.8,46
-0.0659262460331584,8.546992,1.1950921,0.489847,0.967353,0.37,10.0,0.8,46
-0.0401969443920046,8.303688,1.1941165,0.4942752,0.94956553,0.37,10.0,0.8,46
-0.0508503844571668,8.046207,1.1920487,0.5027547,0.98443794,0.37,10.0,0.8,46
-0.0471604724263036,7.75355,1.1749154,0.48691642,0.9815403,0.37,10.0,0.8,46
-0.1066978177358937,8.469988,1.1740013,0.5030886,0.9984156,0.37,10.0,0.8,46
-0.0501166410224382,7.997848,1.196545,0.49762282,0.9547632,0.37,10.0,0.8,46
-0.0633488192114719,8.211394,1.1733977,0.49643025,0.9827906,0.37,10.0,0.8,46
-0.0936319484267124,8.230832,1.202637,0.5061862,0.99738824,0.37,10.0,0.8,46
-0.0641738204068915,7.889681,1.1825936,0.50291413,0.9602213,0.37,10.0,0.8,46
-0.0479311169579971,8.135379,1.1730831,0.50188875,0.97507906,0.37,10.0,0.8,46
-0.0754591298657794,8.43201,1.1752937,0.5029343,0.97487235,0.37,10.0,0.8,46
-0.0505450201589007,7.955456,1.1863903,0.48534888,0.97708166,0.37,10.0,0.8,46
-0.0884258694426957,8.23838,1.196566,0.50072825,0.97770107,0.37,10.0,0.8,46
-0.0547078795211259,7.8754597,1.1587578,0.5024763,0.99481475,0.37,10.0,0.8,46
-0.0724707240282103,7.887837,1.1844449,0.49431995,0.9644233,0.37,10.0,0.8,46
-0.0673687327739804,7.8627505,1.1737503,0.50739264,0.9796214,0.37,10.0,0.8,46
-0.0671302107877509,8.101487,1.1822739,0.4956146,0.9958024,0.37,10.0,0.8,46
-0.0522460025410319,7.9004602,1.1785755,0.4971484,0.9900321,0.37,10.0,0.8,46
-0.0742632444514784,8.132027,1.2032108,0.50305957,0.9696548,0.37,10.0,0.8,46
-0.0665724854136622,7.9956117,1.1803488,0.49925888,0.9965776,0.37,10.0,0.8,46
-0.0768071662547976,8.004494,1.1687138,0.49194145,0.98348844,0.37,10.0,0.8,46
-0.0821128534716229,8.045331,1.1850525,0.5066674,0.97177005,0.37,10.0,0.8,46
-0.0558964266333469,8.310388,1.1868402,0.49347898,0.96228695,0.37,10.0,0.8,46
-0.1001615565876628,7.673645,1.1900659,0.50712955,0.90219915,0.37,10.0,0.8,46
-0.040001433394676,7.876388,1.1817918,0.49328065,0.99179757,0.37,10.0,0.8,46
-0.049879954304806,8.173976,1.2021672,0.47715592,0.93483746,0.37,10.0,0.8,46
-0.0532377087792684,8.21112,1.1785531,0.5038654,0.98621404,0.37,10.0,0.8,46
-0.0159834415413612,8.301539,1.1872545,0.48270044,0.99396837,0.37,10.0,0.8,46
-0.0635176772295042,8.102493,1.1754323,0.50306773,0.9569758,0.37,10.0,0.8,46
-0.067348369332247,7.916026,1.1616286,0.49380508,0.99570227,0.37,10.0,0.8,46
-0.0408799559571022,7.604834,1.1860304,0.48165464,0.92944956,0.37,10.0,0.8,46
-0.0783054748246836,7.9753666,1.166895,0.49840876,0.9909673,0.37,10.0,0.8,46
-0.06939370133156,7.7551985,1.177027,0.5039051,0.9878249,0.37,10.0,0.8,46
-0.0446343854416248,8.129714,1.1932024,0.49773136,0.9620242,0.37,10.0,0.8,46
-0.0837010042611942,7.9736247,1.1883281,0.49232852,0.9841516,0.37,10.0,0.8,46
-0.0764429003693336,8.253806,1.1946428,0.5085538,0.9789398,0.37,10.0,0.8,46
-0.0680763078290362,7.876741,1.1761249,0.5103797,0.9810424,0.37,10.0,0.8,46
-0.0686852621477703,7.8595033,1.1737889,0.49080363,0.9989172,0.37,10.0,0.8,46
-0.0476590458736863,7.9505506,1.1830552,0.48902848,0.99242866,0.37,10.0,0.8,46
-0.061215161168298,8.053253,1.1736418,0.48545125,0.99377716,0.37,10.0,0.8,46
-0.0887215603229611,7.993976,1.1736791,0.5102254,0.99186003,0.37,10.0,0.8,46
-0.0965723481289176,8.121655,1.1876174,0.49064606,0.9609879,0.37,10.0,0.8,46
-0.0610928161199702,7.926221,1.184711,0.49399722,0.98296916,0.37,10.0,0.8,46
-0.0771279088286466,7.8998165,1.1700423,0.506413,0.99562347,0.37,10.0,0.8,46
-0.0611272268517072,7.8950467,1.1956105,0.5008753,0.899503,0.37,10.0,0.8,46
-0.0701969759408817,7.7527966,1.1660463,0.4906443,0.99795055,0.37,10.0,0.8,46
-0.0767851361008577,8.186636,1.2037642,0.49014622,0.97072315,0.37,10.0,0.8,46
-0.0356327469958815,7.8463855,1.1897529,0.48330787,0.93822396,0.37,10.0,0.8,46
-0.0789151122403699,8.4517765,1.1960207,0.4777681,0.98104215,0.37,10.0,0.8,46
-0.0658591891444006,7.7392893,1.1757393,0.491787,0.9932425,0.37,10.0,0.8,46
-0.0631548013798026,7.980342,1.1858152,0.49350607,0.9360539,0.37,10.0,0.8,46
-0.0509886963422908,8.201795,1.1938353,0.50101936,0.91900265,0.37,10.0,0.8,46
-0.0464135657909304,8.3465,1.1873411,0.4844383,0.98065317,0.37,10.0,0.8,46
-0.0656301257222197,7.878974,1.1739377,0.49530166,0.99983335,0.37,10.0,0.8,46
-0.1034246197966642,8.04966,1.1882107,0.49630696,0.97826517,0.37,10.0,0.8,46
-0.0739830773930216,8.165946,1.182944,0.47458136,0.9616289,0.37,10.0,0.8,46
-0.1036536693572998,7.615595,1.1800895,0.5155816,0.9577981,0.37,10.0,0.8,46
-0.0730559537577074,7.7898912,1.1729254,0.50083214,0.97129977,0.37,10.0,0.8,46
-0.0400017031403475,8.189548,1.2088515,0.48962143,0.9414798,0.37,10.0,0.8,46
-0.0421077207077381,8.258028,1.1938584,0.47989225,0.9716656,0.37,10.0,0.8,46
-0.0741584248321,8.078859,1.1853025,0.5036943,0.90854955,0.37,10.0,0.8,46
-0.0761045300683309,8.203697,1.1750746,0.5081321,0.9917785,0.37,10.0,0.8,46
-0.0335974460424378,7.8271036,1.1938524,0.49309325,0.9477415,0.37,10.0,0.8,46
-0.0579339884048284,7.901522,1.1865463,0.49947217,0.9443314,0.37,10.0,0.8,46
-0.0849185025969217,7.800719,1.1782331,0.4982596,0.99878,0.37,10.0,0.8,46
-0.078222137550975,8.117976,1.2009199,0.48896077,0.9667443,0.37,10.0,0.8,46
-0.037467112652091,8.092983,1.1853245,0.50505644,0.95406413,0.37,10.0,0.8,46
-0.0738435224045154,7.8250246,1.1704723,0.4965539,0.925593,0.37,10.0,0.8,46
-0.0561830789543861,8.235927,1.2060274,0.502693,0.9249127,0.37,10.0,0.8,46
-0.092616637917452,7.8840604,1.1812935,0.48793006,0.9859222,0.37,10.0,0.8,46
-0.0646063804626464,7.6666703,1.1773448,0.51028496,0.9951165,0.37,10.0,0.8,46
-0.0737888857375743,8.108919,1.1851317,0.49264044,0.9890053,0.37,10.0,0.8,46
-0.0890475705612537,7.903309,1.1939964,0.5043733,0.87882733,0.37,10.0,0.8,46
-0.052854075542716,8.358346,1.1919918,0.49350917,0.9843973,0.37,10.0,0.8,46
-0.0703266213106554,8.041516,1.1855536,0.49859738,0.97504044,0.37,10.0,0.8,46
-0.0790508669476176,7.9431086,1.1969322,0.49618104,0.9311007,0.37,10.0,0.8,46
-0.0493614659752956,8.024163,1.1766158,0.5041268,0.98152435,0.37,10.0,0.8,46
-0.0761557457058928,7.8660154,1.1809046,0.48346326,0.9812466,0.37,10.0,0.8,46
-0.0341334933458372,7.9620614,1.1825117,0.486165,0.93867946,0.37,10.0,0.8,46
-0.0257502336834752,8.153973,1.1953067,0.47780913,0.98452854,0.37,10.0,0.8,46
-0.057710640929466,7.98672,1.1839753,0.487005,0.99561155,0.37,10.0,0.8,46
-0.0732324943986049,8.226169,1.1871045,0.49664244,0.9695556,0.37,10.0,0.8,46
-0.0505382061004638,7.986348,1.170055,0.48484975,0.9971787,0.37,10.0,0.8,46
-0.0611038119293922,7.680904,1.1642722,0.4987161,0.9743655,0.37,10.0,0.8,46
-0.0394103083499642,8.191161,1.2076695,0.49733523,0.9035218,0.37,10.0,0.8,46
-0.043243487768395,8.1501255,1.17684,0.5012658,0.9645983,0.37,10.0,0.8,46
-0.0637255591015483,7.837923,1.1732585,0.49434638,0.9836986,0.37,10.0,0.8,46
-0.0880566131236941,7.9676275,1.1882026,0.4975054,0.95294785,0.37,10.0,0.8,46
-0.0711389197859653,8.026981,1.1880198,0.49805433,0.92873645,0.37,10.0,0.8,46
-0.0953272306641867,7.7893524,1.1648746,0.4915849,0.99192953,0.37,10.0,0.8,46
-0.0518123801364455,7.980707,1.1953826,0.48695713,0.96089685,0.37,10.0,0.8,46
-0.0823460346044496,7.757349,1.1801643,0.5064748,0.93843913,0.37,10.0,0.8,46
-0.0658824599066446,8.218611,1.1937397,0.4899516,0.9896394,0.37,10.0,0.8,46
-0.0576039957445721,8.075636,1.1821703,0.4980773,0.9805269,0.37,10.0,0.8,46
-0.0844427017278449,8.153608,1.1812792,0.51006013,0.9999778,0.37,10.0,0.8,46
-0.0474572336950967,8.116501,1.1998594,0.4921417,0.89235044,0.37,10.0,0.8,46
-0.0392485904139141,8.335463,1.20474,0.47709602,0.9086708,0.37,10.0,0.8,46
-0.0727528638617936,7.8387165,1.1713257,0.4923823,0.98346543,0.37,10.0,0.8,46
-0.0978552067002584,8.313066,1.1932201,0.51503175,0.9879116,0.37,10.0,0.8,46
-0.0759695632513179,7.6841097,1.1658825,0.4929785,0.9927013,0.37,10.0,0.8,46
-0.0566339792207229,7.8702416,1.182693,0.48639292,0.9850991,0.37,10.0,0.8,46
-0.0469667082609132,7.8595,1.2016249,0.4971669,0.8938687,0.37,10.0,0.8,46
-0.1080200439275697,7.7739983,1.1870346,0.5068183,0.9623134,0.37,10.0,0.8,46
-0.0645154645276624,7.7130175,1.1866657,0.50334233,0.9738983,0.37,10.0,0.8,46
-0.0608333296554033,8.180969,1.1624001,0.48838046,0.985533,0.37,10.0,0.8,46
-0.0736276537873024,8.073781,1.1883011,0.49919844,0.99231374,0.37,10.0,0.8,46
-0.0722826067791428,7.8662586,1.1690915,0.49756518,0.9821216,0.37,10.0,0.8,46
-0.0984621760457061,8.153153,1.1841272,0.4890072,0.99585915,0.37,10.0,0.8,46
-0.0599054325458615,8.228603,1.2015886,0.50241214,0.99840796,0.37,10.0,0.8,46
-0.038875330326169,8.3996725,1.2025567,0.49383005,0.8965739,0.37,10.0,0.8,46
-0.0534671284431634,7.9118376,1.1979154,0.49622208,0.95804906,0.37,10.0,0.8,46
-0.0851005565288455,8.237419,1.1931415,0.5103819,0.96525264,0.37,10.0,0.8,46
-0.0999579609826553,7.853818,1.1768469,0.50704235,0.98652375,0.37,10.0,0.8,46
-0.0580492621244386,8.118506,1.1969285,0.4874153,0.9050977,0.37,10.0,0.8,46
-0.0737329419269118,8.0438595,1.1928291,0.49606797,0.9684092,0.37,10.0,0.8,46
-0.0534806550935257,7.764031,1.1720803,0.48082432,0.99345446,0.37,10.0,0.8,46
-0.0697481288466342,7.998727,1.1892204,0.49652365,0.94325316,0.37,10.0,0.8,46
-0.0502668181131052,8.144976,1.1867503,0.46989653,0.9839282,0.37,10.0,0.8,46
-0.0797380724618601,8.009608,1.1820147,0.49128634,0.98619473,0.37,10.0,0.8,46
-0.0557766792386077,8.565202,1.1942925,0.50139576,0.9725094,0.37,10.0,0.8,46
-0.0415437265884044,8.043716,1.1785691,0.5006802,0.9865155,0.37,10.0,0.8,46
-0.0475421728089798,7.920456,1.1800889,0.4794438,0.9730631,0.37,10.0,0.8,46
-0.0672396560047948,7.8607655,1.1859591,0.51012045,0.9367418,0.37,10.0,0.8,46
-0.0508178278457286,7.405796,1.1732318,0.48550627,0.99076784,0.37,10.0,0.8,46
-0.0377839152203049,8.290691,1.1892693,0.48011276,0.945449,0.37,10.0,0.8,46
-0.05772297770478,7.797187,1.1757679,0.4762628,0.98889875,0.37,10.0,0.8,46
-0.0526759624481201,7.452383,1.1701849,0.49676794,0.9630166,0.37,10.0,0.8,46
-0.0370351589003274,7.5714636,1.1864703,0.4843887,0.96495664,0.37,10.0,0.8,46
-0.0575958784236464,7.995675,1.1731589,0.49890795,0.9337987,0.37,10.0,0.8,46
-0.060612911401793,8.397927,1.1926042,0.49115506,0.9606869,0.37,10.0,0.8,46
-0.0479842940042185,7.834094,1.1837945,0.50841093,0.9872918,0.37,10.0,0.8,46
-0.047084258323492,7.906988,1.190501,0.4902899,0.9957255,0.37,10.0,0.8,46
-0.0356544161951819,7.6486616,1.1737843,0.48015139,0.97958887,0.37,10.0,0.8,46
-0.0415428516476653,8.24944,1.1785327,0.50435555,0.9892043,0.37,10.0,0.8,46
-0.0694673962371293,8.099937,1.1820235,0.5027061,0.9885913,0.37,10.0,0.8,46
-0.0745936482451682,7.6990013,1.1845194,0.49616903,0.9144,0.37,10.0,0.8,46
-0.0664796721103579,7.9313354,1.1826621,0.50361186,0.99444056,0.37,10.0,0.8,46
-0.1093875496886497,7.771565,1.1873763,0.5226457,0.98287654,0.37,10.0,0.8,46
-0.0434519279834836,8.258744,1.1810943,0.49272245,0.97616684,0.37,10.0,0.8,46
-0.0784922910291095,8.280485,1.1888589,0.50661904,0.9560659,0.37,10.0,0.8,46
-0.050707783809928,7.706852,1.1858354,0.47406504,0.98170316,0.37,10.0,0.8,46
-0.0453489334084266,7.6009383,1.1727766,0.49947503,0.979759,0.37,10.0,0.8,46
-0.0817428275596263,7.6328163,1.1875902,0.48611453,0.9178145,0.37,10.0,0.8,46
-0.05388821335726,8.068882,1.1824542,0.5074366,0.9755,0.37,10.0,0.8,46
-0.0548501034115636,8.145443,1.1998495,0.4805448,0.9412024,0.37,10.0,0.8,46
-0.0830710630084193,7.9298143,1.1846523,0.50196487,0.9811907,0.37,10.0,0.8,46
-0.0873004156489705,7.8222513,1.1734052,0.50488585,0.9994322,0.37,10.0,0.8,46
-0.0925817533980968,8.204263,1.1896768,0.49735796,0.9894563,0.37,10.0,0.8,46
-0.0767314941384071,7.86708,1.183951,0.5052116,0.912873,0.37,10.0,0.8,46
-0.0530449249023614,8.124833,1.1863562,0.48988447,0.9820787,0.37,10.0,0.8,46
-0.0413592327472775,7.9609647,1.1842574,0.4948014,0.97395337,0.37,10.0,0.8,46
-0.02972251759019,7.897599,1.1823782,0.5104237,0.99259365,0.37,10.0,0.8,46
-0.0371812487757483,7.6379995,1.2131878,0.5003262,0.8813132,0.37,10.0,0.8,46
-0.0680484951928604,8.258567,1.1735225,0.48501325,0.9917047,0.37,10.0,0.8,46
-0.0660261719725852,7.949929,1.1950492,0.51060015,0.9848558,0.37,10.0,0.8,46
-0.0556241099224534,8.108288,1.1828485,0.48199385,0.9900894,0.37,10.0,0.8,46
-0.0753512027651764,8.093763,1.174691,0.5030809,0.98255205,0.37,10.0,0.8,46
-0.0828517037768696,7.7041483,1.1764923,0.50539905,0.9608891,0.37,10.0,0.8,46
-0.0983252325723337,7.9888787,1.1967385,0.4955883,0.9163158,0.37,10.0,0.8,46
-0.0478191431178603,8.338461,1.1769961,0.4990796,0.9977869,0.37,10.0,0.8,46
-0.0779505893241527,7.869822,1.1749798,0.51318127,0.9970933,0.37,10.0,0.8,46
-0.0647621573403824,8.051928,1.183926,0.49627054,0.978361,0.37,10.0,0.8,46
-0.0657450043877889,7.890601,1.1784416,0.5040141,0.994473,0.37,10.0,0.8,46
-0.0342795840529508,8.14447,1.1665041,0.4939842,0.999748,0.37,10.0,0.8,46
-0.0340625893237978,7.647929,1.170981,0.494299,0.9757619,0.37,10.0,0.8,46
-0.097368789273639,7.8479767,1.1630335,0.50757325,0.9727402,0.37,10.0,0.8,46
-0.0925545955813208,7.921324,1.1903169,0.504026,0.9486321,0.37,10.0,0.8,46
-0.0815135434616443,8.083539,1.1770259,0.5022378,0.9886292,0.37,10.0,0.8,46
-0.0925115751665692,8.118079,1.1922697,0.4972618,0.97288775,0.37,10.0,0.8,46
-0.0291452144467553,7.885208,1.1782253,0.46965212,0.9656966,0.37,10.0,0.8,46
-0.0850410794102868,7.9883432,1.1683035,0.49965307,0.9884237,0.37,10.0,0.8,46
-0.0683724658433781,7.679782,1.1919776,0.49218464,0.99857605,0.37,10.0,0.8,46
-0.0630666242089382,7.7543716,1.1893862,0.489426,0.98539436,0.37,10.0,0.8,46
-0.0756356901900712,8.011032,1.1765386,0.5106812,0.9760519,0.37,10.0,0.8,46
-0.0537815911825313,7.886443,1.1896336,0.49473423,0.9278785,0.37,10.0,0.8,46
-0.0695787099904792,8.151927,1.1890097,0.50362927,0.9776813,0.37,10.0,0.8,46
-0.0761530058328495,8.1342325,1.1867212,0.4910635,0.9915172,0.37,10.0,0.8,46
-0.0481968358505603,7.969578,1.1766567,0.49442884,0.98806775,0.37,10.0,0.8,46
-0.0830346007679784,7.5811114,1.1669389,0.50312835,0.9942106,0.37,10.0,0.8,46
-0.0726461524187132,8.220637,1.1706916,0.49594045,0.995126,0.37,10.0,0.8,46
-0.0322459728218788,8.298669,1.1975604,0.47863105,0.9693457,0.37,10.0,0.8,46
-0.063606115551882,7.833231,1.2088555,0.49740377,0.9228002,0.37,10.0,0.8,46
-0.0662311218505682,7.7423906,1.1726886,0.49416703,0.9490025,0.37,10.0,0.8,46
-0.08283747101939,8.205722,1.1882836,0.48614147,0.99238515,0.37,10.0,0.8,46
-0.0564842182536457,8.083677,1.1887437,0.49668095,0.9549818,0.37,10.0,0.8,46
-0.0791758903237276,7.891399,1.176121,0.49366197,0.99712646,0.37,10.0,0.8,46
-0.0349901556968689,8.089483,1.1793983,0.48929664,0.95288193,0.37,10.0,0.8,46
-0.0791731967482455,8.269831,1.1928318,0.4978123,0.98739696,0.37,10.0,0.8,46
-0.0685333141060762,8.198159,1.1798741,0.5044193,0.9956752,0.37,10.0,0.8,46
-0.0432454527810562,8.254876,1.1917557,0.48759073,0.9651667,0.37,10.0,0.8,46
-0.0739605570948401,8.200465,1.1840547,0.5042964,0.9635416,0.37,10.0,0.8,46
-0.0796073384063188,7.4911737,1.1780849,0.48704362,0.97282803,0.37,10.0,0.8,46
-0.0874796168748722,8.207637,1.1696388,0.496245,0.993953,0.37,10.0,0.8,46
-0.0444573524386383,7.6887274,1.1846651,0.49703076,0.9517307,0.37,10.0,0.8,46
-0.0762519914050434,7.9532924,1.1796583,0.49934745,0.9406067,0.37,10.0,0.8,46
-0.0684883541839067,7.8379374,1.1818898,0.514747,0.9634818,0.37,10.0,0.8,46
-0.0580964299135429,7.8422575,1.1895645,0.49416777,0.9488324,0.37,10.0,0.8,46
-0.0746900137080702,7.9413395,1.1916364,0.503293,0.9534296,0.37,10.0,0.8,46
-0.0207343370415443,8.116265,1.1830795,0.49589857,0.9746845,0.37,10.0,0.8,46
-0.0701692747515301,8.077932,1.1787829,0.49642503,0.990021,0.37,10.0,0.8,46
-0.0552242301231206,8.200245,1.1764257,0.5036159,0.98599255,0.37,10.0,0.8,46
-0.052282086915748,8.534716,1.1945244,0.49630874,0.956251,0.37,10.0,0.8,46
-0.0824035322943399,7.7141714,1.1609577,0.4998397,0.97730315,0.37,10.0,0.8,46
-0.0329017680744792,8.140931,1.1803228,0.4900258,0.99449885,0.37,10.0,0.8,46
-0.0802478956621746,7.8115034,1.1752462,0.50111705,0.9838959,0.37,10.0,0.8,46
-0.049427766578142,7.8864446,1.192521,0.48921835,0.95780754,0.37,10.0,0.8,46
-0.0673069551933643,7.4866676,1.1807892,0.49687207,0.94662535,0.37,10.0,0.8,46
-0.1058111323866733,7.9648747,1.1785665,0.49342084,0.99710596,0.37,10.0,0.8,46
-0.0399492687957231,8.055649,1.1832701,0.49101815,0.95800173,0.37,10.0,0.8,46
-0.070879392845686,7.921748,1.190619,0.50437415,0.95282805,0.37,10.0,0.8,46
-0.0471688129181085,7.921659,1.1942376,0.48588702,0.983366,0.37,10.0,0.8,46
-0.0838788720064385,7.835655,1.1917094,0.49903625,0.9007224,0.37,10.0,0.8,46
-0.0489558322485103,7.985088,1.1776423,0.4860165,0.9977797,0.37,10.0,0.8,46
-0.0613674793132515,7.8940787,1.1830782,0.48599496,0.9815297,0.37,10.0,0.8,46
-0.1199631732563639,8.143597,1.1975412,0.51469195,0.9775288,0.37,10.0,0.8,46
-0.07048482756282,7.7826467,1.1871622,0.50841457,0.98129153,0.37,10.0,0.8,46
-0.0582874619683554,7.90805,1.1768763,0.4981204,0.9929669,0.37,10.0,0.8,46
-0.0700832874275917,8.405577,1.1759343,0.5170962,0.9978156,0.37,10.0,0.8,46
-0.1204021966734597,8.051134,1.1938068,0.50321966,0.966787,0.37,10.0,0.8,46
-0.0942013183305429,7.879613,1.1928012,0.48848662,0.982149,0.37,10.0,0.8,46
-0.0803413712701132,7.8196983,1.1805946,0.48653162,0.97730315,0.37,10.0,0.8,46
-0.0448302133138789,8.278562,1.1969022,0.4721383,0.95829105,0.37,10.0,0.8,46
-0.0374751542889794,7.7921405,1.1691785,0.49413982,0.9877924,0.37,10.0,0.8,46
-0.0617507050203722,8.322831,1.1811332,0.5046506,0.99704754,0.37,10.0,0.8,46
-0.0541422536206799,7.706702,1.1814102,0.50747013,0.98631585,0.37,10.0,0.8,46
-0.0571738844694093,8.412903,1.1943774,0.49874213,0.97093546,0.37,10.0,0.8,46
-0.0628645228785137,7.9612236,1.1825309,0.49455345,0.9637606,0.37,10.0,0.8,46
-0.0453288657720698,8.122321,1.175396,0.4727516,0.98404455,0.37,10.0,0.8,46
-0.0861582645150118,7.8460646,1.1784852,0.49137026,0.9941163,0.37,10.0,0.8,46
-0.0474564896073452,8.259016,1.193262,0.48826665,0.989491,0.37,10.0,0.8,46
-0.0545954172001328,7.9509606,1.1652882,0.5014445,0.99311817,0.37,10.0,0.8,46
-0.0657680755437806,8.012829,1.182871,0.4980437,0.98810446,0.37,10.0,0.8,46
-0.0380764897479567,8.055957,1.1844207,0.4791394,0.9742634,0.37,10.0,0.8,46
-0.062939444253611,7.6751423,1.183623,0.48341858,0.93391037,0.37,10.0,0.8,46
-0.051863859143368,7.888191,1.2162503,0.5046302,0.84921813,0.37,10.0,0.8,46
-0.0737029286318047,7.6888466,1.1874318,0.49624795,0.97032905,0.37,10.0,0.8,46
-0.0845152014909788,8.336239,1.1851964,0.50074506,0.96979403,0.37,10.0,0.8,46
-0.055270109897436,7.7784076,1.1835467,0.4944752,0.9675931,0.37,10.0,0.8,46
-0.0653054159741069,8.175583,1.1921687,0.5123646,0.996336,0.37,10.0,0.8,46
-0.0694579349007717,8.173514,1.1960144,0.50095737,0.9775964,0.37,10.0,0.8,46
-0.0643173517182816,8.178478,1.1877877,0.4885478,0.93473506,0.37,10.0,0.8,46
-0.0791139148002447,8.120935,1.1855122,0.4997904,0.97628117,0.37,10.0,0.8,46
-0.0652624659760053,8.129182,1.1774232,0.49098024,0.9853195,0.37,10.0,0.8,46
-0.0773728767106699,7.8414345,1.1796949,0.49031103,0.9806707,0.37,10.0,0.8,46
-0.0644754007805225,7.4809675,1.1880466,0.46924093,0.92537844,0.37,10.0,0.8,46
-0.0634376503700433,8.232069,1.187942,0.49948186,0.9574233,0.37,10.0,0.8,46
-0.0636466813641925,7.6926355,1.1630589,0.49191967,0.9925747,0.37,10.0,0.8,46
-0.0660558453826017,8.070369,1.1790372,0.49539602,0.9903718,0.37,10.0,0.8,46
-0.0456339204034139,7.739897,1.1891193,0.48087287,0.92299676,0.37,10.0,0.8,46
-0.0662826149962669,8.193148,1.1933895,0.49530303,0.99609995,0.37,10.0,0.8,46
-0.0665340745171835,7.9226284,1.1865451,0.49561292,0.9894247,0.37,10.0,0.8,46
-0.0841128981390664,8.115066,1.176771,0.51581043,0.97018003,0.37,10.0,0.8,46
-0.0628170781357343,7.9258027,1.1810471,0.49303278,0.9974843,0.37,10.0,0.8,46
-0.0569100712620934,7.9741955,1.1759888,0.4969767,0.97181964,0.37,10.0,0.8,46
-0.0645832571872445,7.799945,1.2014706,0.4991046,0.92388606,0.37,10.0,0.8,46
-0.0768359638923822,7.7625685,1.1856556,0.50369656,0.95119774,0.37,10.0,0.8,46
-0.0672830836717472,7.7733006,1.1721264,0.4970955,0.99062216,0.37,10.0,0.8,46
-0.0908195517783941,8.09469,1.1919365,0.50480115,0.9914943,0.37,10.0,0.8,46
-0.109643421893896,8.033867,1.1756648,0.50638103,0.9736724,0.37,10.0,0.8,46
-0.0721575978190399,7.6788855,1.1729423,0.5011548,0.94715166,0.37,10.0,0.8,46
-0.0705737502075905,7.944401,1.1831253,0.51153135,0.99147296,0.37,10.0,0.8,46
-0.0563805161520492,8.022469,1.1748949,0.49281263,0.9850869,0.37,10.0,0.8,46
-0.0447011348813079,7.5418677,1.16218,0.4960833,0.94434655,0.37,10.0,0.8,46
-0.0577546804450279,7.9624777,1.1736556,0.5034005,0.99999475,0.37,10.0,0.8,46
-0.0504872055940849,8.531028,1.1847719,0.49720734,0.98832333,0.37,10.0,0.8,46
-0.0711614256681398,8.199456,1.1904129,0.5026696,0.99455976,0.37,10.0,0.8,46
-0.0565253523893134,8.399,1.1777436,0.4912952,0.95457685,0.37,10.0,0.8,46
-0.0504519925561062,8.130784,1.1985765,0.4824437,0.9797543,0.37,10.0,0.8,46
-0.0828787628994431,8.026805,1.1864644,0.4872876,0.89290535,0.37,10.0,0.8,46
-0.0315054627351982,7.993331,1.187453,0.4912833,0.93907297,0.37,10.0,0.8,46
-0.0741747703663138,8.177836,1.1726028,0.49529347,0.99752235,0.37,10.0,0.8,46
-0.0925470216329707,7.8431797,1.1845534,0.5028172,0.9942132,0.37,10.0,0.8,46
-0.0781102488207262,7.8784685,1.1760641,0.50198734,0.9941603,0.37,10.0,0.8,46
-0.0611271788907605,7.8631067,1.1770743,0.49547717,0.9789977,0.37,10.0,0.8,46
-0.0597171051557673,7.7144556,1.1779885,0.4962147,0.96408594,0.37,10.0,0.8,46
-0.0448343909064004,7.789257,1.1939418,0.47291496,0.9858475,0.37,10.0,0.8,46
-0.0946236089218494,7.724145,1.184836,0.5007592,0.97903204,0.37,10.0,0.8,46
-0.0682252659354099,8.040309,1.1789759,0.49461752,0.99696887,0.37,10.0,0.8,46
-0.0579332343367643,7.8003516,1.1914904,0.47603357,0.94947875,0.37,10.0,0.8,46
-0.0613313871760701,7.6231575,1.196885,0.50168145,0.90751064,0.37,10.0,0.8,46
-0.0482673079468483,8.045896,1.1832871,0.50583065,0.9917108,0.37,10.0,0.8,46
-0.0864560695389037,8.315291,1.1634347,0.4743076,0.99939394,0.39,10.0,0.8,47
-0.1175692429397747,8.34201,1.1570705,0.4854128,0.99201095,0.39,10.0,0.8,47
-0.0957575801973544,8.777705,1.1670426,0.4743712,0.99351585,0.39,10.0,0.8,47
-0.0939323237196293,8.228646,1.1461487,0.4684589,0.9960712,0.39,10.0,0.8,47
-0.1006686883996088,8.273951,1.1652024,0.47751227,0.99793816,0.39,10.0,0.8,47
-0.0982438583786317,8.202379,1.1544372,0.48604047,0.98472786,0.39,10.0,0.8,47
-0.0846922322124534,7.9527836,1.158509,0.47769418,0.94854116,0.39,10.0,0.8,47
-0.1036523732437157,7.810858,1.1502278,0.4749821,0.9864991,0.39,10.0,0.8,47
-0.1131104178129246,8.716846,1.176996,0.47126892,0.9921427,0.39,10.0,0.8,47
-0.0785484088099131,8.289521,1.157775,0.4523755,0.9947934,0.39,10.0,0.8,47
-0.0925090235505469,8.607805,1.1497302,0.47976407,0.9952544,0.39,10.0,0.8,47
-0.1207994123616908,8.555036,1.1714334,0.4892276,0.99333036,0.39,10.0,0.8,47
-0.0857357170921714,8.362589,1.161375,0.4601457,0.9781945,0.39,10.0,0.8,47
-0.0577362777827268,8.045139,1.1455529,0.47515506,0.99764717,0.39,10.0,0.8,47
-0.1010351095810662,8.500819,1.1828027,0.46486986,0.9742335,0.39,10.0,0.8,47
-0.1222863985015998,8.444088,1.1639503,0.46393988,0.99259937,0.39,10.0,0.8,47
-0.106337099393127,8.307934,1.1586267,0.48625863,0.9809935,0.39,10.0,0.8,47
-0.1054706419367061,8.105578,1.1549636,0.4628183,0.9983953,0.39,10.0,0.8,47
-0.094749635802184,7.98806,1.1477503,0.47226214,0.99004626,0.39,10.0,0.8,47
-0.0839792849204004,7.842229,1.1507485,0.4771005,0.97044945,0.39,10.0,0.8,47
-0.0999145504131307,8.2232,1.1777773,0.4688856,0.9801705,0.39,10.0,0.8,47
-0.1054867269216096,8.374263,1.1578363,0.4730002,0.9721956,0.39,10.0,0.8,47
-0.1254032199896921,8.453343,1.1841749,0.47786108,0.933663,0.39,10.0,0.8,47
-0.1182727743839395,8.502345,1.1747441,0.4768138,0.96676135,0.39,10.0,0.8,47
-0.0745857349880196,8.1682825,1.1600091,0.46193954,0.9991752,0.39,10.0,0.8,47
-0.1318344112173896,8.395196,1.1495901,0.48390567,0.99835217,0.39,10.0,0.8,47
-0.1427941206344549,8.630655,1.1516582,0.50478935,0.986626,0.39,10.0,0.8,47
-0.0844101607413004,8.264738,1.1611825,0.47227415,0.9706348,0.39,10.0,0.8,47
-0.0953343718222472,8.032458,1.1486074,0.47465423,0.9619217,0.39,10.0,0.8,47
-0.1387999866319205,8.525842,1.1594349,0.48379928,0.9880328,0.39,10.0,0.8,47
-0.0930559934627377,8.592825,1.1809323,0.47287634,0.974118,0.39,10.0,0.8,47
-0.0770139520473843,8.6410675,1.1612517,0.45573914,0.9930481,0.39,10.0,0.8,47
-0.1089503253518584,8.267768,1.1541514,0.4777141,0.94683695,0.39,10.0,0.8,47
-0.0966326147836321,8.735858,1.1760039,0.47770587,0.95615685,0.39,10.0,0.8,47
-0.1362331342279941,8.53416,1.1646968,0.47848234,0.98281443,0.39,10.0,0.8,47
-0.0824595983422299,8.286577,1.1656086,0.47046557,0.99872553,0.39,10.0,0.8,47
-0.1380161700062204,8.534835,1.1444948,0.48527837,0.99346936,0.39,10.0,0.8,47
-0.0915828034366091,8.539324,1.1496241,0.4866714,0.96364176,0.39,10.0,0.8,47
-0.086868040140793,8.590558,1.1631174,0.4862029,0.99988914,0.39,10.0,0.8,47
-0.111056316372542,8.34715,1.1717554,0.47216448,0.9757875,0.39,10.0,0.8,47
-0.0863383152297153,8.592826,1.1627241,0.4701463,0.9679215,0.39,10.0,0.8,47
-0.0879839347713213,8.443001,1.1662621,0.4762471,0.9703052,0.39,10.0,0.8,47
-0.1079521844942914,8.293872,1.161303,0.47666118,0.9971255,0.39,10.0,0.8,47
-0.0955642320578452,8.62407,1.1788547,0.46601012,0.99270535,0.39,10.0,0.8,47
-0.0774430425892278,8.079224,1.1386226,0.47002774,0.9978517,0.39,10.0,0.8,47
-0.0982307109400837,8.142347,1.1464795,0.46920666,0.97945046,0.39,10.0,0.8,47
-0.1058017948835827,8.35096,1.1720998,0.47788206,0.9638008,0.39,10.0,0.8,47
-0.074159437103242,8.636914,1.160511,0.46713188,0.97250473,0.39,10.0,0.8,47
-0.1189170892681587,8.464766,1.1773028,0.4806143,0.96861863,0.39,10.0,0.8,47
-0.1008046902164747,8.497087,1.1583514,0.4940436,0.9903914,0.39,10.0,0.8,47
-0.1340128897344458,8.449207,1.1666746,0.47607335,0.9444556,0.39,10.0,0.8,47
-0.1268328315942973,8.591958,1.1483572,0.48295784,0.9916035,0.39,10.0,0.8,47
-0.0968455726328548,8.112651,1.1557833,0.46755272,0.9838227,0.39,10.0,0.8,47
-0.1209067584200734,8.361984,1.1654981,0.48120177,0.99177325,0.39,10.0,0.8,47
-0.09964575160243,8.779055,1.1688901,0.47150868,0.9903805,0.39,10.0,0.8,47
-0.1175426832720353,8.283394,1.145003,0.47906423,0.97852206,0.39,10.0,0.8,47
-0.1159891926045891,8.383916,1.1466095,0.48107427,0.97298443,0.39,10.0,0.8,47
-0.0975006587850145,8.262187,1.1574254,0.46449733,0.9934287,0.39,10.0,0.8,47
-0.124436139988028,8.545247,1.1811409,0.4794402,0.8928385,0.39,10.0,0.8,47
-0.1339756264198213,8.199073,1.1562785,0.4920011,0.9938549,0.39,10.0,0.8,47
-0.0815355075859741,8.522487,1.1717434,0.46055478,0.9686334,0.39,10.0,0.8,47
-0.0580615521888418,8.282261,1.1453748,0.4596217,0.98480535,0.39,10.0,0.8,47
-0.1124549623046164,8.25116,1.1546758,0.47695783,0.96430504,0.39,10.0,0.8,47
-0.0725000155002753,7.8902164,1.1671741,0.47305158,0.95228875,0.39,10.0,0.8,47
-0.1238872713706447,8.212607,1.169626,0.47749558,0.9658567,0.39,10.0,0.8,47
-0.0340079708413493,7.6625566,1.1469293,0.46401456,0.99528337,0.39,10.0,0.8,47
-0.0286598047373286,8.352955,1.1741954,0.45881727,0.9501388,0.39,10.0,0.8,47
-0.1514901467358642,8.29857,1.168278,0.4817113,0.9799006,0.39,10.0,0.8,47
-0.1114813472619697,8.20299,1.1623831,0.46724132,0.9746798,0.39,10.0,0.8,47
-0.0943604960713997,8.172243,1.1562723,0.47290316,0.99335766,0.39,10.0,0.8,47
-0.1033081283596331,8.178148,1.1465372,0.4597143,0.99557257,0.39,10.0,0.8,47
-0.0966472323199736,8.574815,1.1736288,0.47095978,0.99135315,0.39,10.0,0.8,47
-0.0505948608963377,8.126751,1.155765,0.46507564,0.9763051,0.39,10.0,0.8,47
-0.1212248634727603,8.444312,1.1592569,0.48017132,0.98666704,0.39,10.0,0.8,47
-0.0684009524466632,8.473278,1.1720502,0.46587953,0.90898156,0.39,10.0,0.8,47
-0.0890368821175516,8.270677,1.1511948,0.47003147,0.93943703,0.39,10.0,0.8,47
-0.1285291982052931,7.866271,1.1469862,0.48210192,0.9937831,0.39,10.0,0.8,47
-0.1005824095811416,8.517085,1.1561804,0.47902602,0.98089635,0.39,10.0,0.8,47
-0.0721822952831521,8.282304,1.155114,0.47191957,0.93830097,0.39,10.0,0.8,47
-0.0944825983452416,8.027782,1.1589639,0.46746886,0.9985895,0.39,10.0,0.8,47
-0.0821207583668424,8.206664,1.1774411,0.45895845,0.9466233,0.39,10.0,0.8,47
-0.0803788378701281,8.783971,1.1622598,0.47877342,0.99358165,0.39,10.0,0.8,47
-0.1140543120703743,8.158598,1.1559355,0.48037118,0.9968257,0.39,10.0,0.8,47
-0.0902716817134321,8.588622,1.167725,0.476285,0.97571707,0.39,10.0,0.8,47
-0.1118157909815911,8.15886,1.1552507,0.47943678,0.99940836,0.39,10.0,0.8,47
-0.1125477511307288,8.132386,1.1581674,0.4629846,0.9621949,0.39,10.0,0.8,47
-0.0999246581927194,7.8401737,1.1483747,0.48124725,0.9748626,0.39,10.0,0.8,47
-0.1021922054182789,8.045757,1.1677259,0.46775493,0.974566,0.39,10.0,0.8,47
-0.0990379218250221,8.70003,1.1443417,0.47619152,0.988047,0.39,10.0,0.8,47
-0.1153257267510713,8.518966,1.1601448,0.47522286,0.98978806,0.39,10.0,0.8,47
-0.0862165828445677,8.318997,1.1759813,0.4565808,0.9665712,0.39,10.0,0.8,47
-0.1392099417906352,7.805659,1.1580758,0.4832034,0.98874056,0.39,10.0,0.8,47
-0.121831753869923,8.8376665,1.1800814,0.4739921,0.9547485,0.39,10.0,0.8,47
-0.110847249224943,8.281795,1.1633366,0.47842875,0.9654381,0.39,10.0,0.8,47
-0.0533176878476596,8.322035,1.1502584,0.4660811,0.9886224,0.39,10.0,0.8,47
-0.12313369262605,8.401783,1.1618699,0.46775985,0.9938129,0.39,10.0,0.8,47
-0.1116251047075991,8.208902,1.1373665,0.4921488,0.993495,0.39,10.0,0.8,47
-0.1116454741860319,8.55115,1.163332,0.45868814,0.98241436,0.39,10.0,0.8,47
-0.0872463228662052,8.212014,1.1591396,0.4694742,0.9920727,0.39,10.0,0.8,47
-0.1096212345548836,8.667116,1.1808078,0.47732845,0.9612348,0.39,10.0,0.8,47
-0.1005067830336075,7.995888,1.1571555,0.47645512,0.9994842,0.39,10.0,0.8,47
-0.0884029844355718,8.04145,1.1674008,0.47872412,0.9664463,0.39,10.0,0.8,47
-0.0829878185780712,8.159388,1.1521974,0.48033583,0.9963989,0.39,10.0,0.8,47
-0.1384921747829517,8.36999,1.162053,0.48957917,0.9928293,0.39,10.0,0.8,47
-0.0723945322112821,8.019093,1.1641403,0.4688063,0.9982635,0.39,10.0,0.8,47
-0.1277885145350822,8.028227,1.1580437,0.47806916,0.9813411,0.39,10.0,0.8,47
-0.148099333940556,8.342304,1.1531779,0.4737902,0.9852041,0.39,10.0,0.8,47
-0.1488190610115514,8.286064,1.1539927,0.48684627,0.99184513,0.39,10.0,0.8,47
-0.1136634923855913,8.340412,1.1759236,0.4708971,0.98411644,0.39,10.0,0.8,47
-0.0770340001540152,8.407675,1.1674485,0.46699104,0.9822935,0.39,10.0,0.8,47
-0.1291098484426077,8.197108,1.1793535,0.4762918,0.9579414,0.39,10.0,0.8,47
-0.102720253433202,8.540171,1.156879,0.4686941,0.9735224,0.39,10.0,0.8,47
-0.1079625170536404,8.213027,1.1538528,0.4701181,0.9918839,0.39,10.0,0.8,47
-0.1191257231774185,8.055101,1.1589955,0.48747325,0.9933486,0.39,10.0,0.8,47
-0.1074724772684486,7.8839984,1.1607863,0.46143615,0.9703394,0.39,10.0,0.8,47
-0.0998649720316134,8.110629,1.1391171,0.46956304,0.99430895,0.39,10.0,0.8,47
-0.0927825038456389,8.765338,1.1721909,0.47317597,0.9953402,0.39,10.0,0.8,47
-0.0775092203483346,8.401929,1.1903479,0.47341326,0.92889833,0.39,10.0,0.8,47
-0.0934853905399497,8.0403385,1.1612047,0.46536964,0.9839306,0.39,10.0,0.8,47
-0.0908315370307407,8.00833,1.150618,0.4719752,0.99444294,0.39,10.0,0.8,47
-0.105872860032139,8.385817,1.1608362,0.46580788,0.99014986,0.39,10.0,0.8,47
-0.102677369694457,8.401656,1.169978,0.47770408,0.9759828,0.39,10.0,0.8,47
-0.0812068458015748,8.033757,1.1519085,0.4661643,0.9876106,0.39,10.0,0.8,47
-0.1428281508127684,8.788183,1.1545279,0.48179904,0.99868596,0.39,10.0,0.8,47
-0.1209128093093679,8.203047,1.1378292,0.4764506,0.9957001,0.39,10.0,0.8,47
-0.1042558114674676,8.662324,1.1498717,0.48000538,0.9918927,0.39,10.0,0.8,47
-0.1308500231508735,8.517199,1.1785966,0.48405737,0.99587977,0.39,10.0,0.8,47
-0.1143043796953563,8.349741,1.1667366,0.48979986,0.9741522,0.39,10.0,0.8,47
-0.0860876100467028,8.317397,1.1630802,0.47977212,0.9905411,0.39,10.0,0.8,47
-0.1149984013807264,8.75676,1.1457025,0.4807255,0.96589255,0.39,10.0,0.8,47
-0.0558011058833386,8.189705,1.1657052,0.4750616,0.9823787,0.39,10.0,0.8,47
-0.0573378173996969,7.8840604,1.1472201,0.46998346,0.97762835,0.39,10.0,0.8,47
-0.1197385603609737,8.27942,1.151241,0.49034977,0.9879116,0.39,10.0,0.8,47
-0.0887469090730703,8.081129,1.1537166,0.47889435,0.9874592,0.39,10.0,0.8,47
-0.0894083341813492,8.236819,1.1559771,0.48126158,0.97920334,0.39,10.0,0.8,47
-0.1050221722370192,8.416479,1.1540542,0.47299746,0.9926014,0.39,10.0,0.8,47
-0.0918138931353436,8.080778,1.1470193,0.47169837,0.96862054,0.39,10.0,0.8,47
-0.1055348644082348,8.455232,1.1725783,0.48331475,0.9496919,0.39,10.0,0.8,47
-0.1254393699545867,8.234959,1.1559973,0.48993802,0.999985,0.39,10.0,0.8,47
-0.0942477669325674,8.35718,1.146768,0.47724283,0.9887849,0.39,10.0,0.8,47
-0.1223926839666518,8.429365,1.1501662,0.48425934,0.9777309,0.39,10.0,0.8,47
-0.0800116830404677,8.621152,1.1638455,0.47784778,0.9671476,0.39,10.0,0.8,47
-0.0702560472414779,8.287969,1.1487623,0.47077632,0.99717045,0.39,10.0,0.8,47
-0.0784510721365201,8.223131,1.1536242,0.47214112,0.9946786,0.39,10.0,0.8,47
-0.0875229107897979,8.525708,1.1763153,0.45757005,0.9432192,0.39,10.0,0.8,47
-0.0920160823769012,8.540028,1.1576349,0.48264837,0.98835516,0.39,10.0,0.8,47
-0.054406849782122,8.628595,1.1747915,0.45947126,0.97726643,0.39,10.0,0.8,47
-0.0999324639568731,8.397938,1.1517785,0.48112231,0.9795474,0.39,10.0,0.8,47
-0.1020235558177046,8.181424,1.1413454,0.4727106,0.9974115,0.39,10.0,0.8,47
-0.0987519668452959,8.192847,1.154925,0.4838568,0.9722302,0.39,10.0,0.8,47
-0.1257377039791073,8.281987,1.1463172,0.48490393,0.988498,0.39,10.0,0.8,47
-0.1397050965415161,8.16507,1.1499462,0.4775594,0.9992683,0.39,10.0,0.8,47
-0.0858722407009205,8.601614,1.1602154,0.47227016,0.96856165,0.39,10.0,0.8,47
-0.0778271894361699,8.252271,1.1557525,0.47338295,0.9969717,0.39,10.0,0.8,47
-0.0975771083920135,8.235968,1.1598977,0.4765858,0.95377946,0.39,10.0,0.8,47
-0.1066900044155071,8.284737,1.1492243,0.47393277,0.9925206,0.39,10.0,0.8,47
-0.1305512929907546,8.1848955,1.1635118,0.48500896,0.9961823,0.39,10.0,0.8,47
-0.0801743575401423,8.259461,1.1613657,0.46882805,0.9954672,0.39,10.0,0.8,47
-0.0960621182573743,8.346155,1.1471392,0.46393076,0.99434006,0.39,10.0,0.8,47
-0.0816882816713247,8.160343,1.161765,0.471953,0.9333031,0.39,10.0,0.8,47
-0.1340249113710161,8.402784,1.1623176,0.47008932,0.97697496,0.39,10.0,0.8,47
-0.0806560407406389,8.010455,1.1453644,0.45899907,0.9858446,0.39,10.0,0.8,47
-0.1067214207408726,8.151305,1.1586343,0.48569024,0.99232364,0.39,10.0,0.8,47
-0.1259222339651232,8.349402,1.1498461,0.47763136,0.99995685,0.39,10.0,0.8,47
-0.0966698606800799,8.092571,1.1389952,0.47237602,0.99819946,0.39,10.0,0.8,47
-0.1022637511796701,8.605208,1.1705965,0.47354916,0.98182654,0.39,10.0,0.8,47
-0.1185797318109089,8.301914,1.1557107,0.48954707,0.9833578,0.39,10.0,0.8,47
-0.1156084817828926,8.771772,1.170044,0.4577451,0.9811996,0.39,10.0,0.8,47
-0.0983455106270908,8.01785,1.152706,0.47081816,0.99502087,0.39,10.0,0.8,47
-0.098945732857846,8.270925,1.1601316,0.47269762,0.95822203,0.39,10.0,0.8,47
-0.0904109024081227,8.621867,1.1671772,0.47707894,0.9668652,0.39,10.0,0.8,47
-0.0827559140497915,8.309636,1.1743271,0.4776122,0.9980731,0.39,10.0,0.8,47
-0.0994319511245221,8.137591,1.1567839,0.4769785,0.9963422,0.39,10.0,0.8,47
-0.1395748691477851,8.406144,1.1632147,0.4752444,0.99133587,0.39,10.0,0.8,47
-0.112205160486287,8.407459,1.1647698,0.4532116,0.9710003,0.39,10.0,0.8,47
-0.1376728712929565,8.005967,1.1561217,0.49366298,0.97117543,0.39,10.0,0.8,47
-0.1009418340252038,8.15488,1.1442798,0.4783744,0.9862784,0.39,10.0,0.8,47
-0.0790156386712133,8.512254,1.1847829,0.46783036,0.97431386,0.39,10.0,0.8,47
-0.1414414797023099,8.079482,1.1627799,0.49090838,0.98095465,0.39,10.0,0.8,47
-0.1015441299503265,8.44106,1.1639389,0.4836465,0.9497839,0.39,10.0,0.8,47
-0.1091994880709645,8.582954,1.153391,0.48861992,0.993739,0.39,10.0,0.8,47
-0.0726841087446836,8.133788,1.1631019,0.4734506,0.9433322,0.39,10.0,0.8,47
-0.0957535575065671,8.246146,1.1647998,0.4754016,0.9547827,0.39,10.0,0.8,47
-0.098787695010544,8.6427765,1.1709893,0.47386515,0.98126674,0.39,10.0,0.8,47
-0.1001266129140809,7.9977064,1.1593826,0.48367655,0.9936414,0.39,10.0,0.8,47
-0.1366575283888867,8.225081,1.1607591,0.46722987,0.9910133,0.39,10.0,0.8,47
-0.093233870410821,8.459334,1.1635143,0.47534674,0.99852145,0.39,10.0,0.8,47
-0.1077130835999917,8.194709,1.1902297,0.49058482,0.8828019,0.39,10.0,0.8,47
-0.0973368020874902,8.130746,1.1600417,0.47872669,0.98010457,0.39,10.0,0.8,47
-0.112037713213551,8.317311,1.1801506,0.4593151,0.92319167,0.39,10.0,0.8,47
-0.0968172882036394,8.471005,1.168976,0.4673343,0.9999063,0.39,10.0,0.8,47
-0.127068967363973,8.225263,1.1704557,0.48455712,0.91868544,0.39,10.0,0.8,47
-0.090076692628296,8.668953,1.1657953,0.47225103,0.9925343,0.39,10.0,0.8,47
-0.108545879592493,8.345809,1.163914,0.47673944,0.98565567,0.39,10.0,0.8,47
-0.1019041363050565,8.545087,1.1552095,0.47187284,0.98914206,0.39,10.0,0.8,47
-0.0724297674869178,8.358031,1.1570698,0.47597417,0.9778106,0.39,10.0,0.8,47
-0.0941981300900292,8.505684,1.16487,0.47429702,0.9777206,0.39,10.0,0.8,47
-0.075405731682181,8.227158,1.153023,0.46979278,0.99046695,0.39,10.0,0.8,47
-0.0485316914513254,8.510576,1.1691375,0.45899698,0.9872221,0.39,10.0,0.8,47
-0.1207260918445459,8.081684,1.156047,0.48334795,0.979879,0.39,10.0,0.8,47
-0.1156013035258863,8.489085,1.1695186,0.4751823,0.95379174,0.39,10.0,0.8,47
-0.0787931268017622,8.361883,1.1511081,0.46676242,0.99812734,0.39,10.0,0.8,47
-0.0735353689100468,7.7519636,1.1380652,0.47906336,0.9848323,0.39,10.0,0.8,47
-0.0962592383604103,8.601737,1.1804814,0.46400377,0.9417454,0.39,10.0,0.8,47
-0.1013640160113956,8.167458,1.1585947,0.4749974,0.95568347,0.39,10.0,0.8,47
-0.1061192933738814,8.565877,1.1657388,0.47206548,0.98210144,0.39,10.0,0.8,47
-0.1051540390965377,8.13038,1.1719997,0.4693898,0.96068716,0.39,10.0,0.8,47
-0.088191602670588,8.458148,1.1558262,0.47766525,0.9973235,0.39,10.0,0.8,47
-0.1356509443183443,8.136531,1.1466699,0.47271731,0.99748766,0.39,10.0,0.8,47
-0.1006345801333821,8.135984,1.1772965,0.46425417,0.9325882,0.39,10.0,0.8,47
-0.1027183579257389,7.970112,1.156295,0.48677525,0.9528166,0.39,10.0,0.8,47
-0.1041776064076622,8.475576,1.1531515,0.47623584,0.97580683,0.39,10.0,0.8,47
-0.0931557784912454,8.485498,1.1609251,0.48340973,0.9746778,0.39,10.0,0.8,47
-0.1097743045160958,8.080478,1.1485603,0.47500423,0.999964,0.39,10.0,0.8,47
-0.0724499540886066,8.230322,1.1947986,0.4679532,0.92096806,0.39,10.0,0.8,47
-0.0992603127071677,7.937962,1.1363189,0.48516944,0.9865757,0.39,10.0,0.8,47
-0.1141116306208729,8.316588,1.1619513,0.46885693,0.9860151,0.39,10.0,0.8,47
-0.1255741354772496,8.6385565,1.169346,0.4865576,0.99444246,0.39,10.0,0.8,47
-0.1043650610202744,8.206687,1.1312473,0.47914207,0.99606264,0.39,10.0,0.8,47
-0.1150533515438859,8.541339,1.1694405,0.48616052,0.977381,0.39,10.0,0.8,47
-0.1071103203695457,8.997785,1.1765265,0.4588615,0.9927783,0.39,10.0,0.8,47
-0.0803763517054834,8.346537,1.1620611,0.4560021,0.9912394,0.39,10.0,0.8,47
-0.1214176950734482,8.34684,1.1612384,0.4792078,0.97284317,0.39,10.0,0.8,47
-0.0904344131697469,8.005052,1.1743543,0.4820504,0.88823295,0.39,10.0,0.8,47
-0.077288276090244,8.043662,1.1537424,0.47460392,0.9720658,0.39,10.0,0.8,47
-0.1079065069364507,8.153133,1.1473907,0.47604966,0.9914688,0.39,10.0,0.8,47
-0.1060214929192936,8.393143,1.1657099,0.4751266,0.97147167,0.39,10.0,0.8,47
-0.0604737378504248,8.226219,1.1526479,0.46939173,0.99909174,0.39,10.0,0.8,47
-0.127481107196425,8.162275,1.1700339,0.47497365,0.9734546,0.39,10.0,0.8,47
-0.0905599185540635,8.2146435,1.153818,0.47295883,0.99960506,0.39,10.0,0.8,47
-0.1117464703441095,8.095055,1.14717,0.47650993,0.98874855,0.39,10.0,0.8,47
-0.1331039026479284,8.222094,1.1547306,0.481825,0.99201965,0.39,10.0,0.8,47
-0.0946481404081178,8.428988,1.1804812,0.46389782,0.95934236,0.39,10.0,0.8,47
-0.0900737684900712,8.232899,1.1680324,0.47822794,0.9144403,0.39,10.0,0.8,47
-0.1330848318464168,8.344319,1.170151,0.4818617,0.97749853,0.39,10.0,0.8,47
-0.1217518585107403,8.246833,1.1656383,0.4841895,0.96074426,0.39,10.0,0.8,47
-0.0727727597273936,8.610847,1.165616,0.4616671,0.9745116,0.39,10.0,0.8,47
-0.1181633707400884,8.330176,1.1595204,0.47255406,0.98407364,0.39,10.0,0.8,47
-0.1006199390754464,8.796616,1.1627339,0.47906584,0.9859781,0.39,10.0,0.8,47
-0.0715923112296469,8.420246,1.1579658,0.47561592,0.9877424,0.39,10.0,0.8,47
-0.0753857142411122,8.192059,1.1566505,0.45885265,0.9764688,0.39,10.0,0.8,47
-0.101372926179981,8.209058,1.1669341,0.4885949,0.9550773,0.39,10.0,0.8,47
-0.0891816023140915,7.838826,1.1487005,0.46370244,0.98889685,0.39,10.0,0.8,47
-0.0612063595393362,8.461242,1.1713091,0.4626845,0.9914309,0.39,10.0,0.8,47
-0.0916220696832614,8.189379,1.1584747,0.47195902,0.9930533,0.39,10.0,0.8,47
-0.0880603132392718,7.9402065,1.1489346,0.47155812,0.9863652,0.39,10.0,0.8,47
-0.1384725109805658,8.175198,1.1665099,0.4728237,0.9871112,0.39,10.0,0.8,47
-0.1098327638927465,8.435397,1.1614566,0.4799171,0.9798775,0.39,10.0,0.8,47
-0.109482643728212,8.675893,1.1735928,0.46320844,0.99296355,0.39,10.0,0.8,47
-0.0872324777397984,8.198514,1.1631831,0.48610073,0.9789183,0.39,10.0,0.8,47
-0.0813740811959039,8.485995,1.16078,0.46875468,0.9930098,0.39,10.0,0.8,47
-0.1234836161056868,8.859578,1.1551502,0.48634255,0.9809811,0.39,10.0,0.8,47
-0.0801569797792694,8.557544,1.1522139,0.4853593,0.99419045,0.39,10.0,0.8,47
-0.101191048615996,8.39737,1.162166,0.48455322,0.9909302,0.39,10.0,0.8,47
-0.1031256611115283,7.95105,1.1562625,0.46930382,0.9648993,0.39,10.0,0.8,47
-0.0919541261764267,8.353243,1.1636308,0.48188803,0.99288166,0.39,10.0,0.8,47
-0.1390757180929061,8.122633,1.1603837,0.49962154,0.9861561,0.39,10.0,0.8,47
-0.0725678088244125,8.41536,1.1597574,0.4671395,0.98594713,0.39,10.0,0.8,47
-0.0831307995374584,8.436072,1.16924,0.46371213,0.9814539,0.39,10.0,0.8,47
-0.0716543545148695,8.079954,1.1557696,0.45297468,0.9948596,0.39,10.0,0.8,47
-0.0859362947824255,7.95602,1.1560512,0.47486225,0.97166145,0.39,10.0,0.8,47
-0.119687763100976,8.067639,1.1683536,0.48741168,0.9697683,0.39,10.0,0.8,47
-0.1249648666295941,8.311982,1.1565144,0.4641209,0.98899734,0.39,10.0,0.8,47
-0.0917785608308314,8.508881,1.16529,0.45860675,0.96953225,0.39,10.0,0.8,47
-0.1138281797356539,8.278537,1.1636888,0.47528815,0.9941807,0.39,10.0,0.8,47
-0.1226025939552181,8.0899105,1.1555057,0.49546912,0.99982095,0.39,10.0,0.8,47
-0.096694162710389,8.321996,1.1609437,0.4578351,0.9995972,0.39,10.0,0.8,47
-0.1200782052782228,8.001243,1.1555679,0.49216083,0.995298,0.39,10.0,0.8,47
-0.0813148807019102,8.342457,1.1613415,0.46936268,0.99493814,0.39,10.0,0.8,47
-0.0799555515617178,8.214165,1.1635835,0.47312665,0.9933318,0.39,10.0,0.8,47
-0.0684693621668813,8.021499,1.1596999,0.48933265,0.9977585,0.39,10.0,0.8,47
-0.1497124311375482,8.439036,1.1669567,0.48329654,0.99794173,0.39,10.0,0.8,47
-0.090460381956979,8.686593,1.1657434,0.46458232,0.991135,0.39,10.0,0.8,47
-0.0934626708715402,8.479035,1.1729498,0.48071116,0.99192834,0.39,10.0,0.8,47
-0.0868414832953012,8.427277,1.1628038,0.46469477,0.9862491,0.39,10.0,0.8,47
-0.0854512703805256,8.408459,1.1749562,0.475035,0.94839835,0.39,10.0,0.8,47
-0.1063195127773334,8.655291,1.1741202,0.46275923,0.99280405,0.39,10.0,0.8,47
-0.1302355300785031,8.281987,1.1641456,0.4816269,0.99281776,0.39,10.0,0.8,47
-0.0913092754884779,7.9296923,1.1583933,0.4796267,0.97277236,0.39,10.0,0.8,47
-0.12182751638277,8.281504,1.1588222,0.4755121,0.9616718,0.39,10.0,0.8,47
-0.0992563159822865,8.364177,1.1595068,0.47695526,0.98198533,0.39,10.0,0.8,47
-0.1087954794912686,8.169859,1.1536639,0.4804427,0.9835782,0.39,10.0,0.8,47
-0.0712988920943122,8.558259,1.1449329,0.4758641,0.99985814,0.39,10.0,0.8,47
-0.0723606891111804,8.165153,1.1544461,0.47521907,0.9837079,0.39,10.0,0.8,47
-0.1025198448201276,7.9968467,1.1509523,0.4745569,0.9961871,0.39,10.0,0.8,47
-0.09494209060826,8.464848,1.1722697,0.4656908,0.9773263,0.39,10.0,0.8,47
-0.1255125501851598,8.186887,1.1619378,0.48863918,0.9395511,0.39,10.0,0.8,47
-0.1330857994945406,8.603779,1.1617601,0.47124872,0.996927,0.39,10.0,0.8,47
-0.0455116770946053,7.934219,1.1649756,0.45984662,0.9828415,0.39,10.0,0.8,47
-0.1124614306669289,8.26264,1.1491628,0.47333953,0.9898666,0.39,10.0,0.8,47
-0.0601691412668036,8.166394,1.1525578,0.45029834,0.9919454,0.39,10.0,0.8,47
-0.0890797289830167,8.229829,1.1708243,0.47004673,0.98051894,0.39,10.0,0.8,47
-0.1102688153110333,8.299096,1.1623846,0.49534318,0.9369755,0.39,10.0,0.8,47
-0.0944916358426006,8.230665,1.1486853,0.46922103,0.99169993,0.39,10.0,0.8,47
-0.0866931020606134,8.565419,1.1784056,0.48528096,0.98842025,0.39,10.0,0.8,47
-0.108587415385234,8.454318,1.1560706,0.46784404,0.9929553,0.39,10.0,0.8,47
-0.0722616817837085,8.187473,1.155238,0.47289622,0.9887606,0.39,10.0,0.8,47
-0.1046383662562485,7.742386,1.1430486,0.48262632,0.9954238,0.39,10.0,0.8,47
-0.1017668739165219,8.281103,1.1654311,0.47865844,0.9982122,0.39,10.0,0.8,47
-0.0820169753471233,8.587408,1.1740215,0.46261823,0.9386071,0.39,10.0,0.8,47
-0.081661693301326,8.490764,1.1775957,0.4697666,0.96922565,0.39,10.0,0.8,47
-0.1027589959860216,8.196533,1.1540337,0.47451118,0.9776088,0.39,10.0,0.8,47
-0.1101510086442414,8.510165,1.1677171,0.46475005,0.99402404,0.39,10.0,0.8,47
-0.1002623102447757,8.346568,1.1691833,0.47759002,0.9864762,0.39,10.0,0.8,47
-0.0922804409710329,8.1183605,1.1401471,0.47767556,0.9956343,0.39,10.0,0.8,47
-0.0726342776186123,8.346063,1.1539648,0.46313575,0.96499455,0.39,10.0,0.8,47
-0.0850637935328225,8.755026,1.1768115,0.46972632,0.99265707,0.39,10.0,0.8,47
-0.106646954706509,8.365941,1.1662166,0.46039355,0.97006094,0.39,10.0,0.8,47
-0.0953009682172852,8.196441,1.1511952,0.49026224,0.9783714,0.39,10.0,0.8,47
-0.125968275044422,8.22569,1.1616645,0.48445243,0.96416175,0.39,10.0,0.8,47
-0.0845011159039868,8.361948,1.153301,0.473707,0.9876343,0.39,10.0,0.8,47
-0.0787196204960499,8.829657,1.1662414,0.47462595,0.9741211,0.39,10.0,0.8,47
-0.0723771513741591,8.261712,1.1549904,0.47540563,0.9835391,0.39,10.0,0.8,47
-0.0940465084560372,8.381376,1.1535139,0.47128594,0.9990101,0.39,10.0,0.8,47
-0.1041848168444277,8.371501,1.1547675,0.4895705,0.9886774,0.39,10.0,0.8,47
-0.1078504925601211,8.093005,1.1689335,0.46820325,0.97410035,0.39,10.0,0.8,47
-0.1235916298391643,8.239256,1.1444138,0.49148217,0.9969902,0.39,10.0,0.8,47
-0.084229330720818,8.464828,1.1507263,0.46682048,0.9963651,0.39,10.0,0.8,47
-0.1041865495756859,8.406806,1.1593719,0.47468686,0.97667277,0.39,10.0,0.8,47
-0.0799091542325434,8.268686,1.1501774,0.47320974,0.98801494,0.39,10.0,0.8,47
-0.0967758580648095,8.803216,1.1628814,0.46980822,0.9729872,0.39,10.0,0.8,47
-0.1007359509522069,8.631185,1.1605165,0.46474975,0.9932165,0.39,10.0,0.8,47
-0.0941938189802498,8.393338,1.1760949,0.47843874,0.9036604,0.39,10.0,0.8,47
-0.0947346511699462,8.329356,1.1642499,0.47582138,0.9793073,0.39,10.0,0.8,47
-0.084552567016201,8.06674,1.1732469,0.46923557,0.95461893,0.39,10.0,0.8,47
-0.0982375134651156,7.7933884,1.1506336,0.4756875,0.97459435,0.39,10.0,0.8,47
-0.1085031114174297,8.198405,1.1615387,0.46210954,0.968202,0.39,10.0,0.8,47
-0.0821466309264708,8.383263,1.1559843,0.471725,0.9794413,0.39,10.0,0.8,47
-0.1041478513272472,8.318745,1.1668668,0.48115933,0.98452806,0.39,10.0,0.8,47
-0.1370028088894077,8.378763,1.166387,0.4827398,0.9943429,0.39,10.0,0.8,47
-0.0956596540410802,8.458352,1.1702721,0.47676733,0.8907726,0.39,10.0,0.8,47
-0.1135823628243501,7.8639317,1.1493844,0.4742757,0.97199726,0.39,10.0,0.8,47
-0.0800732864685667,8.416746,1.1672533,0.4738084,0.98516536,0.39,10.0,0.8,47
-0.0736636076596859,8.156239,1.1499476,0.46229297,0.99912274,0.39,10.0,0.8,47
-0.0995395094981465,8.070665,1.1613613,0.484773,0.97290945,0.39,10.0,0.8,47
-0.1257798841584912,8.310359,1.1632886,0.48098454,0.96847403,0.39,10.0,0.8,47
-0.1393786894385494,8.415447,1.163835,0.48821148,0.97972345,0.39,10.0,0.8,47
-0.1407999858866017,8.26921,1.1743864,0.477919,0.9849547,0.39,10.0,0.8,47
-0.1335702693996144,8.212946,1.1683767,0.4693475,0.9742857,0.39,10.0,0.8,47
-0.1106537611080823,8.196443,1.1514117,0.46594054,0.97217107,0.39,10.0,0.8,47
-0.0629635630326361,8.604963,1.1745747,0.4580393,0.95593727,0.39,10.0,0.8,47
-0.0687417919894683,8.130097,1.1428668,0.47032893,0.98709095,0.39,10.0,0.8,47
-0.1244732625485693,8.803003,1.1554143,0.47382614,0.9916098,0.39,10.0,0.8,47
-0.0943449011649044,8.649848,1.1657774,0.47368258,0.9870653,0.39,10.0,0.8,47
-0.0916324945988264,8.755641,1.1694715,0.47624922,0.98351586,0.39,10.0,0.8,47
-0.1071499997000073,8.302318,1.1516833,0.48377264,0.99815106,0.39,10.0,0.8,47
-0.0759085397909304,8.118735,1.156876,0.4650272,0.9746511,0.39,10.0,0.8,47
-0.1144242585410914,8.143587,1.1612669,0.4671788,0.99756324,0.39,10.0,0.8,47
-0.1251009675576646,8.197967,1.1679962,0.47152528,0.9012703,0.39,10.0,0.8,47
-0.0864061757331647,7.9236937,1.168719,0.4659612,0.94165504,0.39,10.0,0.8,47
-0.1027344304878443,8.456283,1.1601019,0.47134387,0.9949293,0.39,10.0,0.8,47
-0.071272999364202,8.251305,1.1535369,0.46302706,0.9884379,0.39,10.0,0.8,47
-0.1050521466760247,7.9459763,1.1618819,0.4653257,0.9693701,0.39,10.0,0.8,47
-0.0819228804375299,8.214994,1.1472425,0.45469218,0.98901546,0.39,10.0,0.8,47
-0.0869132742155352,8.283219,1.1613806,0.46926045,0.95980954,0.39,10.0,0.8,47
-0.1252864855168961,8.625777,1.16369,0.48045826,0.9328178,0.39,10.0,0.8,47
-0.1009307524965279,8.111389,1.1603448,0.4709628,0.96990013,0.39,10.0,0.8,47
-0.1076675033618418,8.505522,1.168372,0.49020174,0.9949657,0.39,10.0,0.8,47
-0.1057903261768774,8.572179,1.1665133,0.48181713,0.99268997,0.39,10.0,0.8,47
-0.1118922399002071,8.56474,1.1589104,0.4714697,0.96576154,0.39,10.0,0.8,47
-0.0876735872640722,7.933152,1.1433023,0.47362038,0.99882364,0.39,10.0,0.8,47
-0.1078991372377922,8.505244,1.154494,0.4694646,0.9962075,0.39,10.0,0.8,47
-0.1251448073107375,8.532039,1.1731124,0.46845058,0.9763962,0.39,10.0,0.8,47
-0.1051004251547836,7.7810063,1.1659775,0.45466572,0.93728757,0.39,10.0,0.8,47
-0.1266024656536281,8.5367155,1.1570797,0.47107336,0.97384536,0.39,10.0,0.8,47
-0.1267590161272992,8.731642,1.182522,0.46621248,0.9790715,0.39,10.0,0.8,47
-0.1038024434832279,8.145556,1.1471623,0.4778786,0.98795676,0.39,10.0,0.8,47
-0.0831200229281073,7.991414,1.1639128,0.46135744,0.9589219,0.39,10.0,0.8,47
-0.0772913575761415,8.086355,1.1562651,0.48163497,0.9950359,0.39,10.0,0.8,47
-0.1049297877101633,8.417507,1.16985,0.46634305,0.9593587,0.39,10.0,0.8,47
-0.1212941923831089,8.447194,1.1528461,0.49131644,0.97685516,0.39,10.0,0.8,47
-0.1155514001232781,8.464394,1.1528245,0.47259867,0.99686587,0.39,10.0,0.8,47
-0.093703304041432,8.307577,1.1547251,0.47638515,0.979421,0.39,10.0,0.8,47
-0.0745121481623529,8.593384,1.1559508,0.4610155,0.9965006,0.39,10.0,0.8,47
-0.117583234327329,7.716902,1.1689509,0.47661832,0.91681516,0.39,10.0,0.8,47
-0.1004260972524143,8.042233,1.1526915,0.4747846,0.9937177,0.39,10.0,0.8,47
-0.1324752623557553,8.52397,1.1750635,0.48613667,0.9785204,0.39,10.0,0.8,47
-0.134352344115616,8.448213,1.1621269,0.47777867,0.9854926,0.39,10.0,0.8,47
-0.1122943909881167,7.9373946,1.1500448,0.47874436,0.957026,0.39,10.0,0.8,47
-0.1295389626729261,8.524547,1.1512156,0.47522187,0.9849248,0.39,10.0,0.8,47
-0.1108682220250874,8.451837,1.1651877,0.47722352,0.99155617,0.39,10.0,0.8,47
-0.1089373614772103,8.979302,1.165583,0.48342374,0.9980968,0.39,10.0,0.8,47
-0.0782170281788153,8.27147,1.1565518,0.47915998,0.9979174,0.39,10.0,0.8,47
-0.0881345052027051,8.927529,1.1649145,0.47358263,0.9907007,0.39,10.0,0.8,47
-0.0878880522083021,8.209748,1.1690251,0.48326415,0.9938847,0.39,10.0,0.8,47
-0.1018324382159124,8.574182,1.1648195,0.47180787,0.987481,0.39,10.0,0.8,47
-0.1035298009208349,8.748258,1.1648579,0.47397053,0.9951706,0.39,10.0,0.8,47
-0.1029659490393905,8.1645775,1.1593639,0.4694779,0.9998119,0.39,10.0,0.8,47
-0.0780389776784491,8.5927515,1.1667354,0.4555257,0.9846456,0.39,10.0,0.8,47
-0.1336454991513898,8.798389,1.1596124,0.48456928,0.99443245,0.39,10.0,0.8,47
-0.1211487319514853,8.080979,1.1611341,0.48101747,0.9990915,0.39,10.0,0.8,47
-0.1190408805505062,8.630309,1.1724706,0.47581786,0.9934491,0.39,10.0,0.8,47
-0.0967538487782382,8.2237015,1.1572453,0.47511303,0.9924942,0.39,10.0,0.8,47
-0.0797442549942574,8.076857,1.1571606,0.4748075,0.98021364,0.39,10.0,0.8,47
-0.09862065959578,8.185578,1.1669317,0.46161184,0.9941559,0.39,10.0,0.8,47
-0.1030046106587349,8.173507,1.1704412,0.4813119,0.9754044,0.39,10.0,0.8,47
-0.1096046943794619,8.178411,1.1450175,0.49837166,0.9960394,0.39,10.0,0.8,47
-0.0776479284639402,8.256715,1.162154,0.45872557,0.9716114,0.39,10.0,0.8,47
-0.098825660343337,7.93746,1.1618614,0.47813594,0.9753493,0.39,10.0,0.8,47
-0.0839286114282357,8.392115,1.1641079,0.48009118,0.9940573,0.39,10.0,0.8,47
0.1124298368167535,8.488734,1.1471525,0.55616444,0.9940444,0.43,10.0,0.8,48
0.1126513889494582,8.215144,1.1396141,0.56415063,0.9908633,0.43,10.0,0.8,48
0.1550583358571078,8.3362255,1.1363043,0.55583876,0.9758432,0.43,10.0,0.8,48
0.1189788218536846,8.158691,1.1393206,0.5633876,0.99749184,0.43,10.0,0.8,48
0.1448126036958288,8.7285185,1.1447163,0.55637234,0.99783087,0.43,10.0,0.8,48
0.1211283887563027,8.596151,1.1604266,0.5643124,0.97575283,0.43,10.0,0.8,48
0.1850824772450082,8.251048,1.1483846,0.54374826,0.99245167,0.43,10.0,0.8,48
0.1356958719695427,7.9111066,1.1325189,0.55816394,0.9792973,0.43,10.0,0.8,48
0.1188991126496018,8.489461,1.1523283,0.5657268,0.997499,0.43,10.0,0.8,48
0.1693972186172149,8.303066,1.1360359,0.5479134,0.99446785,0.43,10.0,0.8,48
0.1255870858587893,8.119465,1.1315354,0.5524843,0.99939704,0.43,10.0,0.8,48
0.1722711526204964,8.17482,1.1433023,0.53789645,0.9824754,0.43,10.0,0.8,48
0.092981864234107,8.182474,1.1332909,0.5726364,0.9979212,0.43,10.0,0.8,48
0.1649494659955656,8.437085,1.146802,0.56526476,0.99892867,0.43,10.0,0.8,48
0.1459036545922119,8.497411,1.1387981,0.5540566,0.9983634,0.43,10.0,0.8,48
0.124932811395869,8.358755,1.152866,0.5512636,0.9938451,0.43,10.0,0.8,48
0.122401700418219,8.599696,1.1454661,0.5643498,0.99238706,0.43,10.0,0.8,48
0.1310609036577108,8.344815,1.1454678,0.5533164,0.9589907,0.43,10.0,0.8,48
0.1334533393230272,7.9926014,1.152742,0.55698967,0.9839139,0.43,10.0,0.8,48
0.1531449326681883,8.14967,1.1457899,0.5594707,0.96198475,0.43,10.0,0.8,48
0.1630948440115736,8.352907,1.1432308,0.5547703,0.9797658,0.43,10.0,0.8,48
0.126871073765366,8.144407,1.1180689,0.5639722,0.99823725,0.43,10.0,0.8,48
0.1607424270672898,8.160114,1.1521869,0.55495036,0.98024106,0.43,10.0,0.8,48
0.1496100620023413,8.203793,1.1137371,0.54299647,0.9958563,0.43,10.0,0.8,48
0.1183968681998279,8.236128,1.1433672,0.5661579,0.9942281,0.43,10.0,0.8,48
0.1471079046160425,8.188131,1.1432028,0.553722,0.99840796,0.43,10.0,0.8,48
0.1004654915084721,8.6030655,1.1407213,0.5933669,0.9940386,0.43,10.0,0.8,48
0.1460278383907081,8.330229,1.1472642,0.5640014,0.99837244,0.43,10.0,0.8,48
0.125968137479085,8.067852,1.1404583,0.5488952,0.96247363,0.43,10.0,0.8,48
0.1185861773028977,7.934985,1.1372563,0.5741311,0.99779963,0.43,10.0,0.8,48
0.14169284071695,8.251314,1.131903,0.56757987,0.99883175,0.43,10.0,0.8,48
0.1523907097078848,7.9949775,1.133382,0.56128913,0.9957627,0.43,10.0,0.8,48
0.1352049224135938,8.0385685,1.1304785,0.56492764,0.98787546,0.43,10.0,0.8,48
0.17342381202643,8.642746,1.1471686,0.5563757,0.98891497,0.43,10.0,0.8,48
0.1271220006800993,8.303161,1.1489525,0.55525225,0.93748534,0.43,10.0,0.8,48
0.1589446715731794,8.253417,1.1490793,0.5566886,0.99600494,0.43,10.0,0.8,48
0.1673698170865761,8.505073,1.1484622,0.543197,0.9879551,0.43,10.0,0.8,48
0.1460662165181811,8.530189,1.1422628,0.5763616,0.97275543,0.43,10.0,0.8,48
0.1429773043706318,8.363579,1.1357433,0.53887874,0.96417975,0.43,10.0,0.8,48
0.1274416173390398,8.146012,1.1276087,0.56078583,0.9999337,0.43,10.0,0.8,48
0.1225741643187084,8.464747,1.1403736,0.5705721,0.9964144,0.43,10.0,0.8,48
0.1482700140545882,8.232819,1.14133,0.55792606,0.99781466,0.43,10.0,0.8,48
0.115634945586423,8.393908,1.1490878,0.5560992,0.9774388,0.43,10.0,0.8,48
0.143940329412385,8.489073,1.1383221,0.5635978,0.9994739,0.43,10.0,0.8,48
0.166097797895321,8.437531,1.1528549,0.5617802,0.99531126,0.43,10.0,0.8,48
0.1425522963808842,8.132318,1.1407672,0.552414,0.97176087,0.43,10.0,0.8,48
0.1191556825349417,8.273097,1.144778,0.5564659,0.99338937,0.43,10.0,0.8,48
0.1664402991499673,8.5235815,1.1422801,0.5529043,0.98634565,0.43,10.0,0.8,48
0.1203605779093513,8.43166,1.1357033,0.5679752,0.99844193,0.43,10.0,0.8,48
0.1757727765670377,8.04272,1.1385344,0.5672379,0.964628,0.43,10.0,0.8,48
0.1458203524849098,8.425103,1.1506124,0.5666306,0.9937452,0.43,10.0,0.8,48
0.1702764427985734,7.7246966,1.1283824,0.5498336,0.998971,0.43,10.0,0.8,48
0.1391422332243574,8.177072,1.1291012,0.5562772,0.9958608,0.43,10.0,0.8,48
0.1123740306895308,8.456147,1.1408763,0.563173,0.98546207,0.43,10.0,0.8,48
0.1493088745105456,8.73119,1.1432769,0.5549978,0.9982922,0.43,10.0,0.8,48
0.1145676235636951,8.249198,1.1358355,0.56864977,0.9695332,0.43,10.0,0.8,48
0.1315117821334142,8.10153,1.1446599,0.5660366,0.99955666,0.43,10.0,0.8,48
0.1372562892323332,8.161748,1.1352242,0.5414918,0.99416006,0.43,10.0,0.8,48
0.143432709392311,8.944527,1.1623689,0.56311387,0.99892914,0.43,10.0,0.8,48
0.167343011134591,8.258975,1.1253072,0.54446584,0.9983562,0.43,10.0,0.8,48
0.1543795146873705,8.366569,1.1387347,0.5452166,0.9958651,0.43,10.0,0.8,48
0.1731869872956933,8.28312,1.140534,0.546899,0.9990699,0.43,10.0,0.8,48
0.1628510597313079,8.745845,1.1530511,0.551725,0.9743792,0.43,10.0,0.8,48
0.1691155326335873,7.9460206,1.1260513,0.57212526,0.9972451,0.43,10.0,0.8,48
0.1210885583065156,8.312212,1.1366632,0.5564234,0.9945153,0.43,10.0,0.8,48
0.1673970467515141,8.3017025,1.145902,0.55176795,0.99168885,0.43,10.0,0.8,48
0.1978555193929902,8.544812,1.135634,0.5465304,0.9959223,0.43,10.0,0.8,48
0.0937681972106745,8.414138,1.1471156,0.56709605,0.992195,0.43,10.0,0.8,48
0.1249082582904888,7.980089,1.1369748,0.5610615,0.9983841,0.43,10.0,0.8,48
0.1270665417959114,8.167377,1.1270205,0.5626791,0.9880972,0.43,10.0,0.8,48
0.1345144338524689,8.144753,1.1483488,0.54927784,0.97618616,0.43,10.0,0.8,48
0.1395272882726484,8.435732,1.1455854,0.55751854,0.99897265,0.43,10.0,0.8,48
0.1811459188153351,8.273182,1.1362094,0.55561763,0.99966145,0.43,10.0,0.8,48
0.1201586206310043,8.53046,1.1414927,0.5664139,0.99273753,0.43,10.0,0.8,48
0.1341138456394463,8.280374,1.1448848,0.5598362,0.99987245,0.43,10.0,0.8,48
0.1424993168104006,8.238579,1.1430632,0.54575264,0.9900155,0.43,10.0,0.8,48
0.1069878158002312,8.099874,1.1519004,0.5702556,0.99216723,0.43,10.0,0.8,48
0.1658500281460526,8.360187,1.1631321,0.56622946,0.99126446,0.43,10.0,0.8,48
0.1555197679293821,8.211053,1.125633,0.5560798,0.98449147,0.43,10.0,0.8,48
0.0902333246335685,8.487037,1.1359056,0.55949646,0.9924431,0.43,10.0,0.8,48
0.1356189751441756,8.061693,1.1379975,0.554646,0.99895656,0.43,10.0,0.8,48
0.1234539956547919,7.8018775,1.138398,0.5611932,0.9943235,0.43,10.0,0.8,48
0.1463716672127947,8.428872,1.1339465,0.55114335,0.9909346,0.43,10.0,0.8,48
0.1466656796275988,8.355282,1.1419477,0.5592328,0.99824464,0.43,10.0,0.8,48
0.1227407059945673,8.164824,1.1459428,0.56485504,0.98816645,0.43,10.0,0.8,48
0.1579249926507931,8.168419,1.1454804,0.5576667,0.9899367,0.43,10.0,0.8,48
0.1462235247349506,8.279822,1.1223303,0.5513439,0.9969393,0.43,10.0,0.8,48
0.1475576520760446,8.275142,1.1445997,0.56256443,0.99050784,0.43,10.0,0.8,48
0.1551788111285391,8.332708,1.1507246,0.5630915,0.9984896,0.43,10.0,0.8,48
0.135798675472586,8.539319,1.1479506,0.56280905,0.9877759,0.43,10.0,0.8,48
0.1405859062648442,8.329509,1.1413791,0.54862297,0.9926866,0.43,10.0,0.8,48
0.1340688708523858,8.198472,1.124624,0.56826895,0.96668005,0.43,10.0,0.8,48
0.1443823903600476,8.529763,1.1404265,0.5709577,0.99853575,0.43,10.0,0.8,48
0.122474574162861,8.262129,1.1317939,0.56648326,0.9932401,0.43,10.0,0.8,48
0.113828908904646,8.706513,1.1422167,0.56820464,0.99278724,0.43,10.0,0.8,48
0.1189422146862192,8.699366,1.1521564,0.5573743,0.9922861,0.43,10.0,0.8,48
0.1258774712072281,8.52018,1.1507958,0.558089,0.9987607,0.43,10.0,0.8,48
0.1385372569681985,8.469592,1.1457236,0.5440977,0.9921597,0.43,10.0,0.8,48
0.1139433253428558,8.306727,1.1437615,0.5549176,0.99598265,0.43,10.0,0.8,48
0.1352076966868859,8.480354,1.1492481,0.57064897,0.997627,0.43,10.0,0.8,48
0.1200076525740474,8.014062,1.1436288,0.5668155,0.9997988,0.43,10.0,0.8,48
0.1248605207563485,8.09289,1.1300788,0.55879825,0.99653816,0.43,10.0,0.8,48
0.1580168185094758,8.243378,1.1536714,0.5640679,0.9873878,0.43,10.0,0.8,48
0.1773041366858704,8.151264,1.1332688,0.55,0.99737513,0.43,10.0,0.8,48
0.1605674729623408,8.105284,1.1494606,0.5567253,0.99596834,0.43,10.0,0.8,48
0.1093188478395549,7.951304,1.1467805,0.56387734,0.9951526,0.43,10.0,0.8,48
0.0951148985056679,8.246458,1.1391268,0.55704314,0.9753721,0.43,10.0,0.8,48
0.0909951270879201,8.271408,1.1459082,0.5717815,0.98643243,0.43,10.0,0.8,48
0.132415397439719,8.246758,1.1386436,0.5539192,0.99864936,0.43,10.0,0.8,48
0.1651654610030166,8.354705,1.1485988,0.5513925,0.9952147,0.43,10.0,0.8,48
0.1042934997896852,8.143762,1.1184824,0.56441015,0.9872117,0.43,10.0,0.8,48
0.1375812869753854,8.639846,1.1530927,0.5558396,0.9654937,0.43,10.0,0.8,48
0.1447545668847862,8.197609,1.1357071,0.55147916,0.99085295,0.43,10.0,0.8,48
0.1422246377398453,8.613222,1.1342379,0.55732685,0.99158525,0.43,10.0,0.8,48
0.1321612101930767,7.833945,1.1422164,0.5491303,0.9995872,0.43,10.0,0.8,48
0.1104667535700717,8.440397,1.1315813,0.5672398,0.9987403,0.43,10.0,0.8,48
0.1493114615586523,8.724783,1.15278,0.5622673,0.9987284,0.43,10.0,0.8,48
0.161342726159499,8.216556,1.1327772,0.5566543,0.99974155,0.43,10.0,0.8,48
0.134289382595334,8.656369,1.1504838,0.57066554,0.9870583,0.43,10.0,0.8,48
0.1378204416581021,8.74423,1.1314238,0.55011845,0.99623084,0.43,10.0,0.8,48
0.1441316547618653,8.393205,1.150037,0.5534293,0.99406195,0.43,10.0,0.8,48
0.156051586802222,8.303586,1.1499164,0.56629926,0.9950892,0.43,10.0,0.8,48
0.1561688976639787,8.17217,1.1446071,0.55225474,0.9834634,0.43,10.0,0.8,48
0.1057952018055409,8.7234955,1.1637492,0.5643845,0.9905182,0.43,10.0,0.8,48
0.1549339914688509,8.3791,1.132817,0.55411065,0.997275,0.43,10.0,0.8,48
0.1516743472708854,8.358648,1.1632837,0.56510574,0.9980333,0.43,10.0,0.8,48
0.1070837145472477,8.437536,1.1453315,0.5683105,0.99953735,0.43,10.0,0.8,48
0.1312151579854428,8.136728,1.1462265,0.5749794,0.9921919,0.43,10.0,0.8,48
0.160241067246985,8.415423,1.1455413,0.56732637,0.9953407,0.43,10.0,0.8,48
0.1517103790564759,7.9652023,1.1489241,0.5535142,0.99966073,0.43,10.0,0.8,48
0.1601136240722093,8.249384,1.1454937,0.5462211,0.9900507,0.43,10.0,0.8,48
0.1240039720833454,8.482661,1.145025,0.56313336,0.9979229,0.43,10.0,0.8,48
0.134567846726418,8.017424,1.1429484,0.5626045,0.93696904,0.43,10.0,0.8,48
0.1391537612942412,8.178416,1.1301012,0.55556446,0.98879194,0.43,10.0,0.8,48
0.1287702723101797,8.049894,1.1330386,0.56793326,0.99277985,0.43,10.0,0.8,48
0.1356271991993695,8.608867,1.1493416,0.5556147,0.9913517,0.43,10.0,0.8,48
0.1466339763844703,8.20184,1.1292837,0.5579579,0.9878006,0.43,10.0,0.8,48
0.1288478394180368,8.49845,1.1303074,0.5701788,0.99452186,0.43,10.0,0.8,48
0.1056992078915062,8.311081,1.1609465,0.5797069,0.98199487,0.43,10.0,0.8,48
0.1297798246679887,8.22423,1.144001,0.5610138,0.99472153,0.43,10.0,0.8,48
0.0926984421257359,8.259803,1.1354555,0.56770545,0.97368443,0.43,10.0,0.8,48
0.1248552492005833,8.157449,1.1309098,0.5607254,0.989751,0.43,10.0,0.8,48
0.0879801828148791,8.094807,1.1327397,0.56535363,0.9928336,0.43,10.0,0.8,48
0.1612178539704323,8.439954,1.1553408,0.55709034,0.9920708,0.43,10.0,0.8,48
0.153947241683913,8.501287,1.1277177,0.54415363,0.9979974,0.43,10.0,0.8,48
0.1369989187640449,8.124609,1.136724,0.56153667,0.99271405,0.43,10.0,0.8,48
0.174061405811476,8.471975,1.1328924,0.54446965,0.9990816,0.43,10.0,0.8,48
0.1397168589298203,8.429924,1.1373118,0.5659983,0.9831394,0.43,10.0,0.8,48
0.1400679509374559,8.134031,1.1374005,0.5573942,0.99984765,0.43,10.0,0.8,48
0.1297369548224718,8.176743,1.1303389,0.56728697,0.9855821,0.43,10.0,0.8,48
0.1096221239636458,8.41888,1.1459656,0.5689368,0.95038843,0.43,10.0,0.8,48
0.1071560303850824,8.209599,1.1435697,0.55638814,0.9612024,0.43,10.0,0.8,48
0.1281476342891925,8.603619,1.1454992,0.5705406,0.99605036,0.43,10.0,0.8,48
0.1617697022866738,8.296638,1.1470468,0.5596097,0.9848807,0.43,10.0,0.8,48
0.1515362132945957,8.243074,1.1376846,0.5600661,0.99960244,0.43,10.0,0.8,48
0.1355650818402922,8.1914835,1.1444216,0.5622081,0.97044706,0.43,10.0,0.8,48
0.1219856482906136,8.126421,1.1547848,0.5659502,0.98579013,0.43,10.0,0.8,48
0.1641279602979526,8.384567,1.1424541,0.55339223,0.99318874,0.43,10.0,0.8,48
0.1449935494857467,8.389085,1.1523483,0.5475968,0.9959686,0.43,10.0,0.8,48
0.1328558256490483,8.377908,1.1539717,0.5604675,0.9954717,0.43,10.0,0.8,48
0.1044055671975406,8.476678,1.1387348,0.56052595,0.99145925,0.43,10.0,0.8,48
0.1493303341134764,8.09384,1.1412491,0.5456076,0.97410643,0.43,10.0,0.8,48
0.1523695447859185,7.9017606,1.1110941,0.5440481,0.98320985,0.43,10.0,0.8,48
0.116249545296298,8.152502,1.1470997,0.5588711,0.9564165,0.43,10.0,0.8,48
0.1434122369718331,8.308707,1.1517701,0.556145,0.9334352,0.43,10.0,0.8,48
0.1198232976550752,8.637729,1.1440861,0.5534034,0.99770594,0.43,10.0,0.8,48
0.1743851070120541,8.3563385,1.1415653,0.55288523,0.9884881,0.43,10.0,0.8,48
0.1410415113626047,8.857544,1.1457156,0.5440849,0.9950408,0.43,10.0,0.8,48
0.1274056422068851,8.461739,1.137828,0.55573404,0.98857176,0.43,10.0,0.8,48
0.1446920401643081,8.140694,1.1211431,0.5521162,0.99646056,0.43,10.0,0.8,48
0.1304745110287414,8.294635,1.1372714,0.5599761,0.9981556,0.43,10.0,0.8,48
0.1280268224992854,7.9619675,1.1412908,0.554199,0.9670017,0.43,10.0,0.8,48
0.1343493406030839,8.350769,1.1438026,0.5549307,0.99867284,0.43,10.0,0.8,48
0.1025896417734135,8.394699,1.1465538,0.56118685,0.99760413,0.43,10.0,0.8,48
0.1360794013760017,8.574859,1.1414762,0.5403729,0.98947513,0.43,10.0,0.8,48
0.0923636681333314,7.733561,1.1335818,0.5773945,0.98539984,0.43,10.0,0.8,48
0.1416957800135375,8.404466,1.1454406,0.5668598,0.9870206,0.43,10.0,0.8,48
0.1526753039142524,8.306978,1.1302203,0.55076146,0.99884963,0.43,10.0,0.8,48
0.1578256457478861,8.50112,1.1463087,0.5531895,0.9991139,0.43,10.0,0.8,48
0.1386247116208137,8.197182,1.1514322,0.56498605,0.9986638,0.43,10.0,0.8,48
0.1350819661029481,8.454528,1.1585125,0.576195,0.97359765,0.43,10.0,0.8,48
0.1674605443623052,8.167601,1.1330514,0.55980474,0.9931258,0.43,10.0,0.8,48
0.1281030759219937,8.17673,1.1301147,0.5572177,0.99223375,0.43,10.0,0.8,48
0.1499340492074517,8.548251,1.1316354,0.55408406,0.99970555,0.43,10.0,0.8,48
0.1266024811948524,8.402739,1.1440909,0.55523646,0.9986681,0.43,10.0,0.8,48
0.1731174984936345,8.472819,1.1383153,0.5689424,0.98883975,0.43,10.0,0.8,48
0.1397679917889335,8.245113,1.162891,0.5663708,0.9954281,0.43,10.0,0.8,48
0.1118476412737449,8.167945,1.151752,0.55249065,0.9707949,0.43,10.0,0.8,48
0.1317477598879534,8.157216,1.1401446,0.5598246,0.9908886,0.43,10.0,0.8,48
0.1289870574253147,7.8040457,1.1383214,0.5669805,0.9909476,0.43,10.0,0.8,48
0.1326903790366888,8.703462,1.1626577,0.54810786,0.9879749,0.43,10.0,0.8,48
0.1271841269893441,8.452029,1.1325645,0.5649777,0.9983655,0.43,10.0,0.8,48
0.1391836411252747,7.8917136,1.1396029,0.5653151,0.99303055,0.43,10.0,0.8,48
0.1327774563207191,8.523742,1.1475093,0.5618836,0.9843949,0.43,10.0,0.8,48
0.1440702240385195,8.525128,1.1454672,0.5539377,0.9738444,0.43,10.0,0.8,48
0.12624983428259,8.207788,1.1332283,0.5515276,0.9956956,0.43,10.0,0.8,48
0.1542518139569836,8.440516,1.1358194,0.5591354,0.99274623,0.43,10.0,0.8,48
0.1546857028249469,8.186834,1.141645,0.56194335,0.98952234,0.43,10.0,0.8,48
0.1863938099906604,8.569207,1.145757,0.54274684,0.9973233,0.43,10.0,0.8,48
0.13102762721857,8.142899,1.1441177,0.56283975,0.9969902,0.43,10.0,0.8,48
0.1289337768877304,8.054148,1.1379545,0.5652636,0.99838006,0.43,10.0,0.8,48
0.1717618250541354,8.399461,1.1541593,0.5551923,0.9679915,0.43,10.0,0.8,48
0.0901251242748594,8.198009,1.1421149,0.55806243,0.9922756,0.43,10.0,0.8,48
0.1492904632192951,8.341294,1.1371176,0.55727804,0.99951994,0.43,10.0,0.8,48
0.1735016896136903,8.314981,1.1300046,0.5586985,0.9759846,0.43,10.0,0.8,48
0.1456551074883927,8.523918,1.1302118,0.55857927,0.9820361,0.43,10.0,0.8,48
0.1516293673024062,8.045819,1.1250749,0.55646336,0.9924387,0.43,10.0,0.8,48
0.1360054389517592,8.287786,1.1380761,0.554588,0.9968039,0.43,10.0,0.8,48
0.1757414999844049,8.499864,1.1339927,0.5599579,0.9983767,0.43,10.0,0.8,48
0.1158527200983341,8.152833,1.1389049,0.5663715,0.97878134,0.43,10.0,0.8,48
0.1028195668586641,7.9251575,1.1389966,0.57334286,0.994768,0.43,10.0,0.8,48
0.1426975305480018,8.598161,1.1488088,0.551826,0.9990442,0.43,10.0,0.8,48
0.1502418231621942,8.462648,1.1406242,0.5657299,0.98853993,0.43,10.0,0.8,48
0.13065011155477,8.371735,1.140758,0.5676262,0.99617267,0.43,10.0,0.8,48
0.1425330420630458,7.938714,1.1306959,0.5501868,0.99980664,0.43,10.0,0.8,48
0.130413435154362,8.089943,1.1551329,0.5724917,0.9708394,0.43,10.0,0.8,48
0.1237566119838775,8.107684,1.141158,0.55543286,0.99877715,0.43,10.0,0.8,48
0.1501963161554537,8.068385,1.128785,0.54931724,0.9965874,0.43,10.0,0.8,48
0.1320451487106644,8.014129,1.1541357,0.5619725,0.9673079,0.43,10.0,0.8,48
0.1310352552493128,8.563991,1.1362936,0.56160456,0.9921042,0.43,10.0,0.8,48
0.1523046707337114,9.08758,1.1315807,0.5421952,0.99879074,0.43,10.0,0.8,48
0.1316905979398945,8.017469,1.139342,0.55535823,0.9924592,0.43,10.0,0.8,48
0.1190722821517701,8.238665,1.133848,0.56228936,0.993364,0.43,10.0,0.8,48
0.1222918596663638,8.506425,1.1373234,0.55803305,0.9969306,0.43,10.0,0.8,48
0.1538162576987277,8.008702,1.13977,0.5644133,0.9867463,0.43,10.0,0.8,48
0.1253121842560799,8.130091,1.1327424,0.56718355,0.997785,0.43,10.0,0.8,48
0.1215036889823628,8.017464,1.1368493,0.54577714,0.9998195,0.43,10.0,0.8,48
0.1201290548745941,8.507617,1.1312135,0.5568165,0.97667277,0.43,10.0,0.8,48
0.1568806884595518,8.681827,1.13064,0.56573963,0.99974775,0.43,10.0,0.8,48
0.1555147165839089,8.252008,1.139273,0.5568917,0.99877095,0.43,10.0,0.8,48
0.1594407548811544,8.486219,1.1501937,0.55490124,0.9822389,0.43,10.0,0.8,48
0.1260967835299728,8.14164,1.1459957,0.5773947,0.97061145,0.43,10.0,0.8,48
0.115888596827528,8.220992,1.1435229,0.5679666,0.9869455,0.43,10.0,0.8,48
0.1662124342212061,8.266306,1.1385487,0.55781794,0.99849904,0.43,10.0,0.8,48
0.0899386799097183,8.607675,1.1519258,0.5670875,0.99954426,0.43,10.0,0.8,48
0.160171673709707,8.145354,1.150169,0.5501328,0.9815049,0.43,10.0,0.8,48
0.1317407437436462,7.969055,1.1375514,0.5796836,0.992362,0.43,10.0,0.8,48
0.1180225384730305,8.250044,1.1215191,0.5506621,0.9827241,0.43,10.0,0.8,48
0.1303290456090445,8.349414,1.1298416,0.5577987,0.9841155,0.43,10.0,0.8,48
0.1182360026800956,7.9306917,1.142973,0.5699928,0.9813659,0.43,10.0,0.8,48
0.1517248049324931,8.2536745,1.1325091,0.55003285,0.9933896,0.43,10.0,0.8,48
0.1668342441488448,8.465376,1.1444558,0.551917,0.988763,0.43,10.0,0.8,48
0.1525399018849305,7.883375,1.1354387,0.55094045,0.9685272,0.43,10.0,0.8,48
0.158983326222211,8.478544,1.1419408,0.5494721,0.9996182,0.43,10.0,0.8,48
0.1548791453949553,8.157981,1.1420314,0.55701256,0.99657977,0.43,10.0,0.8,48
0.1230974452548122,8.548965,1.149314,0.5528522,0.99188316,0.43,10.0,0.8,48
0.1401376164307782,8.063688,1.1406577,0.55033046,0.9990127,0.43,10.0,0.8,48
0.137150766146849,8.249553,1.154479,0.5615897,0.9946755,0.43,10.0,0.8,48
0.1412713490676293,8.660866,1.1417425,0.5509079,0.99534166,0.43,10.0,0.8,48
0.1451152091659319,8.720995,1.1556444,0.5458481,0.95853126,0.43,10.0,0.8,48
0.1567322338158995,8.261281,1.1486042,0.55833536,0.99624145,0.43,10.0,0.8,48
0.1790307121873207,8.110639,1.1491628,0.548039,0.9937767,0.43,10.0,0.8,48
0.1371736914313554,8.090294,1.1259011,0.5492843,0.9974921,0.43,10.0,0.8,48
0.1331965319087479,8.531306,1.145065,0.56904745,0.9827051,0.43,10.0,0.8,48
0.1346897798828563,8.686247,1.1559242,0.56707376,0.9913007,0.43,10.0,0.8,48
0.1561102206495589,8.231015,1.1380101,0.55017215,0.9934741,0.43,10.0,0.8,48
0.1623695801442125,8.520997,1.141772,0.5531386,0.9873295,0.43,10.0,0.8,48
0.1058354301687267,8.32711,1.1545758,0.5680893,0.99784935,0.43,10.0,0.8,48
0.1687614509107393,8.48146,1.1360017,0.54293346,0.99597716,0.43,10.0,0.8,48
0.1639499575538185,8.717192,1.1389658,0.55789095,0.9876214,0.43,10.0,0.8,48
0.155229274069328,7.831111,1.1411672,0.5628894,0.9893626,0.43,10.0,0.8,48
0.1438358763338418,8.216597,1.1269661,0.5715588,0.9965905,0.43,10.0,0.8,48
0.1328331484616199,8.507755,1.1533976,0.55090886,0.9868176,0.43,10.0,0.8,48
0.1442570823159112,8.282154,1.1426268,0.5468468,0.99952376,0.43,10.0,0.8,48
0.1535921239437414,8.369471,1.1368388,0.5530904,0.9870529,0.43,10.0,0.8,48
0.1005330614112451,8.108199,1.1570404,0.5708416,0.9756558,0.43,10.0,0.8,48
0.1716028361757983,8.414842,1.1482693,0.55157095,0.9953965,0.43,10.0,0.8,48
0.1071671216809279,7.8803015,1.1239939,0.57194203,0.9764204,0.43,10.0,0.8,48
0.1384973376815225,8.352433,1.1331782,0.54651415,0.9856806,0.43,10.0,0.8,48
0.1327454766635709,8.338604,1.1406562,0.55649185,0.99096346,0.43,10.0,0.8,48
0.1805861818381055,8.265598,1.1624804,0.57697785,0.9728503,0.43,10.0,0.8,48
0.1577578354957224,7.9587793,1.1205506,0.56274784,0.97266173,0.43,10.0,0.8,48
0.1324357474174088,8.252182,1.149773,0.55521584,0.9929527,0.43,10.0,0.8,48
0.1420368533767473,8.58517,1.1456505,0.55459845,0.99548507,0.43,10.0,0.8,48
0.1220240963183568,8.408564,1.14703,0.5514195,0.99117804,0.43,10.0,0.8,48
0.1429551300936512,8.2974825,1.1405615,0.5683991,0.990903,0.43,10.0,0.8,48
0.1559697067841452,8.21825,1.1435163,0.57855123,0.9891536,0.43,10.0,0.8,48
0.1521962189002259,8.631304,1.1308818,0.5521693,0.9969679,0.43,10.0,0.8,48
0.1255034691562779,8.464425,1.1440437,0.55549175,0.9928429,0.43,10.0,0.8,48
0.1560994283117923,8.365067,1.1517292,0.56349045,0.9887321,0.43,10.0,0.8,48
0.1237996847748084,8.380526,1.1406531,0.55885065,0.9912889,0.43,10.0,0.8,48
0.1378844881668755,8.578055,1.1490874,0.56096923,0.9934964,0.43,10.0,0.8,48
0.1279114957102624,8.078432,1.1173447,0.56275266,0.99976563,0.43,10.0,0.8,48
0.1168147132459021,8.494035,1.1555504,0.5795224,0.9864824,0.43,10.0,0.8,48
0.1806945089313814,8.581939,1.1348021,0.5539589,0.99890745,0.43,10.0,0.8,48
0.1077064141586827,8.14066,1.1325701,0.5635401,0.9918591,0.43,10.0,0.8,48
0.1366948729182193,7.897957,1.1316903,0.5551594,0.9955152,0.43,10.0,0.8,48
0.15830726655308,8.000822,1.1408508,0.5523264,0.9929892,0.43,10.0,0.8,48
0.14548764610095,8.170061,1.1269819,0.55414015,0.99805665,0.43,10.0,0.8,48
0.1184833798880213,8.400273,1.1483155,0.5595303,0.9960772,0.43,10.0,0.8,48
0.1424038212168589,8.526271,1.1513307,0.57300407,0.9972669,0.43,10.0,0.8,48
0.1246828081569935,8.076063,1.1429598,0.5550242,0.9980588,0.43,10.0,0.8,48
0.1298695552294099,8.364301,1.1473767,0.5699437,0.99085546,0.43,10.0,0.8,48
0.144086056347079,8.29222,1.1428943,0.56070644,0.98683023,0.43,10.0,0.8,48
0.1490218227695404,8.533689,1.150412,0.5642515,0.99586296,0.43,10.0,0.8,48
0.1318294129672263,7.964236,1.142704,0.5632695,0.9767926,0.43,10.0,0.8,48
0.1370062824104579,8.223446,1.1419196,0.5662661,0.99488425,0.43,10.0,0.8,48
0.1331795237578837,7.984821,1.152606,0.5669864,0.9695835,0.43,10.0,0.8,48
0.1385947978490441,8.197563,1.127876,0.55191886,0.9752072,0.43,10.0,0.8,48
0.0979616118210636,7.865373,1.1368641,0.5733977,0.9787059,0.43,10.0,0.8,48
0.1315471814877555,8.85355,1.1329415,0.5568095,0.99420035,0.43,10.0,0.8,48
0.1185231592739502,7.9066815,1.1305677,0.5563749,0.98089826,0.43,10.0,0.8,48
0.1367425562869824,8.434926,1.1512537,0.54771346,0.99271226,0.43,10.0,0.8,48
0.1442238067859628,8.249159,1.1433878,0.55769354,0.99612415,0.43,10.0,0.8,48
0.1320922684632833,8.43225,1.1500221,0.5595833,0.98034346,0.43,10.0,0.8,48
0.1665644112835781,8.444779,1.1371069,0.54654163,0.9802352,0.43,10.0,0.8,48
0.1350686748745134,8.177677,1.1492839,0.5616735,0.97479475,0.43,10.0,0.8,48
0.1101527340897286,8.152404,1.1462793,0.57067615,0.98127425,0.43,10.0,0.8,48
0.122364166998851,8.21976,1.1314158,0.5730768,0.9794717,0.43,10.0,0.8,48
0.1437053150253257,8.7540655,1.157619,0.547827,0.9943609,0.43,10.0,0.8,48
0.1168392710267794,7.7938523,1.1363642,0.55444425,0.99023557,0.43,10.0,0.8,48
0.1086729934678696,8.591838,1.139133,0.57113224,0.979123,0.43,10.0,0.8,48
0.1657955467511543,8.1655655,1.1352463,0.5650322,0.988745,0.43,10.0,0.8,48
0.1320259333267876,8.581777,1.1455331,0.55223966,0.979619,0.43,10.0,0.8,48
0.1272121215343231,8.390484,1.1433768,0.5701631,0.9884987,0.43,10.0,0.8,48
0.1369259306762476,8.190003,1.1319867,0.5575574,0.9925823,0.43,10.0,0.8,48
0.1024195010108498,8.387862,1.1346364,0.5634041,0.9965515,0.43,10.0,0.8,48
0.141499644870455,8.469465,1.1605244,0.55358964,0.9715775,0.43,10.0,0.8,48
0.1359198211413783,8.4429245,1.1420497,0.55971843,0.9864336,0.43,10.0,0.8,48
0.1705845003455556,8.072268,1.1276634,0.5587519,0.99758625,0.43,10.0,0.8,48
0.1495076885546005,8.736995,1.1475321,0.5550978,0.9918264,0.43,10.0,0.8,48
0.1338954325910105,8.033181,1.1431482,0.5638142,0.9694282,0.43,10.0,0.8,48
0.1831170801625136,8.337936,1.1392305,0.5450668,0.9985093,0.43,10.0,0.8,48
0.1375577292156366,8.475661,1.1453763,0.5652202,0.9905801,0.43,10.0,0.8,48
0.1465140281757411,8.0019865,1.1336563,0.5558856,0.9934703,0.43,10.0,0.8,48
0.1309755347313971,7.970295,1.1336528,0.5534938,0.997188,0.43,10.0,0.8,48
0.1249745207307034,8.243738,1.1418993,0.55770445,0.9848405,0.43,10.0,0.8,48
0.1542579125600371,8.435147,1.144801,0.56027216,0.99027574,0.43,10.0,0.8,48
0.1184819962268362,7.957808,1.1345462,0.55466837,0.9966092,0.43,10.0,0.8,48
0.1038275193361549,8.343259,1.1537025,0.5668842,0.99686277,0.43,10.0,0.8,48
0.1284893452015245,8.042789,1.111864,0.5582724,0.9827688,0.43,10.0,0.8,48
0.1165102238657534,7.721324,1.1356925,0.5556448,0.9874629,0.43,10.0,0.8,48
0.1541084547595205,8.528073,1.1495652,0.5616083,0.9944751,0.43,10.0,0.8,48
0.1143434298117914,8.269058,1.1531408,0.5826442,0.99573874,0.43,10.0,0.8,48
0.1436848657281505,7.928025,1.1409407,0.5648956,0.98965156,0.43,10.0,0.8,48
0.1259235267453411,8.22381,1.1422796,0.56917167,0.9881052,0.43,10.0,0.8,48
0.088204926212649,8.175073,1.1327724,0.56972134,0.9987917,0.43,10.0,0.8,48
0.1053500656663668,8.187373,1.1447546,0.56516254,0.99787843,0.43,10.0,0.8,48
0.1024323870523473,8.040181,1.1268433,0.552502,0.99482596,0.43,10.0,0.8,48
0.1286459291439555,8.272298,1.1292204,0.55721456,0.9981868,0.43,10.0,0.8,48
0.1889777699474919,8.547244,1.1359186,0.54402465,0.9981042,0.43,10.0,0.8,48
0.1574536847701627,8.234364,1.1364971,0.5569105,0.9827117,0.43,10.0,0.8,48
0.1255749491041956,8.904438,1.1549516,0.56129724,0.9963082,0.43,10.0,0.8,48
0.1552711039259151,8.581522,1.1525055,0.55376923,0.99895465,0.43,10.0,0.8,48
0.1289995007439187,8.357995,1.1488103,0.57062024,0.9850167,0.43,10.0,0.8,48
0.1258579153699303,8.339033,1.1414363,0.549863,0.9834875,0.43,10.0,0.8,48
0.1590186024200971,8.152969,1.1353402,0.5493804,0.9877193,0.43,10.0,0.8,48
0.1345553695819489,8.299236,1.14973,0.5606555,0.9754716,0.43,10.0,0.8,48
0.1098250392227524,8.206633,1.1207556,0.5573722,0.9986272,0.43,10.0,0.8,48
0.1477457955847759,8.022872,1.1229811,0.55185413,0.99572504,0.43,10.0,0.8,48
0.1437013424218831,8.225799,1.1404034,0.5609615,0.99673235,0.43,10.0,0.8,48
0.112513880795665,8.015006,1.1498044,0.5639376,0.97522295,0.43,10.0,0.8,48
0.1279509463180706,7.860978,1.133324,0.551174,0.98159266,0.43,10.0,0.8,48
0.1580579024226405,8.556485,1.1406361,0.54311115,0.9927608,0.43,10.0,0.8,48
0.1285846745644026,8.400354,1.1482472,0.57071567,0.99546325,0.43,10.0,0.8,48
0.1229754851403326,8.599184,1.1387879,0.5646358,0.98177147,0.43,10.0,0.8,48
0.1542176266684402,8.192754,1.1350381,0.56661695,0.9948536,0.43,10.0,0.8,48
0.1374241354525364,8.5110235,1.1385945,0.5777799,0.99778736,0.43,10.0,0.8,48
0.1290987560774716,8.374882,1.1239872,0.5531929,0.99344337,0.43,10.0,0.8,48
0.1262009810570385,8.511286,1.1388357,0.5621776,0.9948565,0.43,10.0,0.8,48
0.1181577150862012,8.565066,1.132123,0.567405,0.9979006,0.43,10.0,0.8,48
0.1377803813635172,8.586751,1.1377531,0.559022,0.9914695,0.43,10.0,0.8,48
0.1050740853411793,8.195163,1.1415131,0.55787474,0.9864261,0.43,10.0,0.8,48
0.1521369655702983,8.441591,1.1242847,0.55084187,0.9789108,0.43,10.0,0.8,48
0.1139470712299043,8.602377,1.1482128,0.5614267,0.9885503,0.43,10.0,0.8,48
0.1506950947347511,7.9320793,1.148619,0.562409,0.98499465,0.43,10.0,0.8,48
0.1348908537928719,8.184072,1.1428561,0.5619592,0.98287964,0.43,10.0,0.8,48
0.1525308561740564,8.091422,1.1292188,0.54807717,0.9859855,0.43,10.0,0.8,48
0.1519897824125617,8.042808,1.1528442,0.5667656,0.9822314,0.43,10.0,0.8,48
0.136151813026088,8.429015,1.1291376,0.5511771,0.98784745,0.43,10.0,0.8,48
0.1218393329960575,8.247762,1.1359481,0.5588353,0.99999213,0.43,10.0,0.8,48
0.1348822120029091,8.484583,1.1453859,0.5641239,0.99018574,0.43,10.0,0.8,48
0.149484707540515,8.330098,1.1412097,0.5746954,0.98600054,0.43,10.0,0.8,48
0.1655476624827578,8.638638,1.1542524,0.5493175,0.9688028,0.43,10.0,0.8,48
0.1473190338803462,8.397418,1.1244175,0.5587826,0.989069,0.43,10.0,0.8,48
0.1344478880375364,8.183201,1.1484294,0.55872184,0.9938177,0.43,10.0,0.8,48
0.1125164980915251,8.502213,1.1492165,0.57221603,0.99739957,0.43,10.0,0.8,48
0.1198355956299985,8.378563,1.1425172,0.5659989,0.97232926,0.43,10.0,0.8,48
0.1519550476631465,8.59829,1.142877,0.5651746,0.989717,0.43,10.0,0.8,48
0.1229523779978084,8.432641,1.1462685,0.5641141,0.9858632,0.43,10.0,0.8,48
0.1313968930960557,7.9480124,1.1318417,0.5581822,0.9859427,0.43,10.0,0.8,48
0.145310784676697,8.024648,1.1233096,0.5546602,0.99218357,0.43,10.0,0.8,48
0.1633551652097873,8.326902,1.1590933,0.56702167,0.981555,0.43,10.0,0.8,48
0.1628232808506592,8.96252,1.1520393,0.5566614,0.98159814,0.43,10.0,0.8,48
0.1282712571991217,8.4522295,1.146265,0.56257004,0.99461746,0.43,10.0,0.8,48
0.1342365535450617,8.58911,1.139607,0.5525573,0.99479127,0.43,10.0,0.8,48
0.1450418090184855,8.735572,1.1586326,0.5575605,0.9911593,0.43,10.0,0.8,48
0.1116249319811713,7.965652,1.1395481,0.55288976,0.9798844,0.43,10.0,0.8,48
0.1706470840909675,8.578637,1.1498127,0.5484238,0.9814986,0.43,10.0,0.8,48
0.1148962621283127,8.749925,1.152932,0.5702552,0.98223495,0.43,10.0,0.8,48
0.1121991242536332,8.209379,1.1502982,0.5693419,0.98519564,0.43,10.0,0.8,48
0.1332816009042447,8.54697,1.1529849,0.5585752,0.9980769,0.43,10.0,0.8,48
0.1446962498029887,8.173616,1.1380767,0.5597784,0.9703902,0.43,10.0,0.8,48
0.1564236438023866,8.119548,1.1386262,0.5611062,0.98789036,0.43,10.0,0.8,48
0.1443670979406453,8.2499695,1.1330128,0.56363386,0.9595376,0.43,10.0,0.8,48
0.112663818019161,8.192187,1.1372862,0.56224734,0.9973345,0.43,10.0,0.8,48
0.1584241608727717,8.289471,1.1373999,0.56367195,0.9990308,0.43,10.0,0.8,48
0.1608685908373779,8.294626,1.125532,0.5489575,0.98882043,0.43,10.0,0.8,48
0.1085670189610632,7.8977695,1.1219816,0.559339,0.9964247,0.43,10.0,0.8,48
0.159916078146148,8.224549,1.1523997,0.5606267,0.9931222,0.43,10.0,0.8,48
-0.1539799811095853,8.199361,1.2081509,0.44655907,0.9869102,0.4,10.0,0.8,49
-0.1718458640072232,8.556585,1.2239528,0.44966888,0.9921491,0.4,10.0,0.8,49
-0.1636771542619702,8.72872,1.2198979,0.4539624,0.9923395,0.4,10.0,0.8,49
-0.1562394831440236,8.421092,1.2055397,0.45912787,0.9904356,0.4,10.0,0.8,49
-0.1390770799670137,8.898034,1.2277241,0.43651077,0.9914099,0.4,10.0,0.8,49
-0.1521634977568308,8.777786,1.2394724,0.43950886,0.9708526,0.4,10.0,0.8,49
-0.1365044867352559,8.405712,1.2284516,0.4321483,0.99702084,0.4,10.0,0.8,49
-0.1593684558262112,8.218374,1.2165489,0.4412206,0.98346424,0.4,10.0,0.8,49
-0.1627606476042778,8.48974,1.2223336,0.4430172,0.99759746,0.4,10.0,0.8,49
-0.1344547470998739,8.6138115,1.2396793,0.44461554,0.96371186,0.4,10.0,0.8,49
-0.1433237525955844,8.780373,1.2398995,0.42623952,0.9861996,0.4,10.0,0.8,49
-0.1244724974450871,8.369747,1.2344873,0.43347377,0.98253477,0.4,10.0,0.8,49
-0.1140591136113376,8.837047,1.2177949,0.45980358,0.9928622,0.4,10.0,0.8,49
-0.1120559648239966,8.625157,1.2371144,0.42817062,0.9927461,0.4,10.0,0.8,49
-0.1701524225692689,8.697699,1.223329,0.46373728,0.98619163,0.4,10.0,0.8,49
-0.1777183040931487,8.68398,1.2417959,0.45360327,0.9634212,0.4,10.0,0.8,49
-0.1734508360034789,9.050736,1.2327992,0.4554379,0.9774475,0.4,10.0,0.8,49
-0.1649229406751401,8.569899,1.2399174,0.4466571,0.9697249,0.4,10.0,0.8,49
-0.165321539520534,8.231388,1.2308078,0.44622302,0.97821295,0.4,10.0,0.8,49
-0.1341624856417597,8.449236,1.2216134,0.43343806,0.9841063,0.4,10.0,0.8,49
-0.133493632390637,8.71471,1.2169775,0.4348473,0.98718655,0.4,10.0,0.8,49
-0.1824806091871157,8.452344,1.2023966,0.4578088,0.9959867,0.4,10.0,0.8,49
-0.1243944262725229,8.449252,1.2284142,0.4306823,0.97885835,0.4,10.0,0.8,49
-0.1517375872208464,8.603337,1.2497995,0.45461175,0.9987924,0.4,10.0,0.8,49
-0.1328645480455614,9.151252,1.2348187,0.4378705,0.9894216,0.4,10.0,0.8,49
-0.1787308706660765,8.805447,1.2222784,0.4465049,0.9919125,0.4,10.0,0.8,49
-0.1351232009172563,8.411684,1.2474049,0.4476825,0.8396127,0.4,10.0,0.8,49
-0.1592957688061255,8.535955,1.2218035,0.45037368,0.9934715,0.4,10.0,0.8,49
-0.1417088842876508,8.79416,1.2317667,0.46151662,0.9957373,0.4,10.0,0.8,49
-0.1332065796951504,8.857609,1.239483,0.45586818,0.9887997,0.4,10.0,0.8,49
-0.1479944145747806,8.640309,1.2166052,0.45755827,0.99401367,0.4,10.0,0.8,49
-0.1363410001747803,9.045243,1.2380531,0.44589353,0.9153453,0.4,10.0,0.8,49
-0.1624589590556675,8.59252,1.2270937,0.4477063,0.98907113,0.4,10.0,0.8,49
-0.1312284374299181,8.293053,1.2493118,0.4279209,0.95091033,0.4,10.0,0.8,49
-0.155166704913115,8.454814,1.2112932,0.44759056,0.9977355,0.4,10.0,0.8,49
-0.1665558146896183,8.659554,1.2177927,0.4469664,0.99594176,0.4,10.0,0.8,49
-0.190430416416041,8.66981,1.2344278,0.4435231,0.98799944,0.4,10.0,0.8,49
-0.1368443209470219,8.767352,1.2192835,0.43595302,0.9998069,0.4,10.0,0.8,49
-0.1500269716540123,8.459309,1.2169428,0.42224765,0.96967006,0.4,10.0,0.8,49
-0.1750746702390017,9.023924,1.2323974,0.4424387,0.99614453,0.4,10.0,0.8,49
-0.1374988921785677,8.534432,1.2238804,0.44400173,0.9971504,0.4,10.0,0.8,49
-0.1376839608025463,8.787401,1.2229527,0.45148128,0.9952947,0.4,10.0,0.8,49
-0.1783675079286067,8.706571,1.2403848,0.45606497,0.94309986,0.4,10.0,0.8,49
-0.1647575551547875,8.64037,1.234371,0.4405489,0.995415,0.4,10.0,0.8,49
-0.1153965766446052,8.699098,1.2336829,0.42707756,0.97169757,0.4,10.0,0.8,49
-0.1505851294573177,8.413222,1.2205812,0.43806323,0.9808978,0.4,10.0,0.8,49
-0.1575898478489608,8.647864,1.2303972,0.44860032,0.9959123,0.4,10.0,0.8,49
-0.1368065386926711,8.71661,1.2256889,0.4402535,0.98908293,0.4,10.0,0.8,49
-0.1666212834561473,8.708591,1.2122391,0.46103832,0.9968101,0.4,10.0,0.8,49
-0.1601291368739439,8.704377,1.2287445,0.44489717,0.9971782,0.4,10.0,0.8,49
-0.1158451525254321,8.647321,1.2352248,0.4407681,0.98171794,0.4,10.0,0.8,49
-0.1273202361682854,8.056775,1.2209013,0.4478059,0.9726144,0.4,10.0,0.8,49
-0.1526427842528326,8.380781,1.2188468,0.45069066,0.9662653,0.4,10.0,0.8,49
-0.1795288566054622,8.8221035,1.2249001,0.45508978,0.9526584,0.4,10.0,0.8,49
-0.15541032373812,8.826356,1.2318419,0.4520168,0.9854188,0.4,10.0,0.8,49
-0.1495540631009987,8.577986,1.2150149,0.44071454,0.99005616,0.4,10.0,0.8,49
-0.1227003314956021,8.536043,1.2253559,0.45052457,0.9966817,0.4,10.0,0.8,49
-0.1701986507725877,8.42063,1.2045585,0.46747398,0.9984577,0.4,10.0,0.8,49
-0.1455990812180873,8.968068,1.240993,0.44981313,0.97973585,0.4,10.0,0.8,49
-0.1642792004778585,8.260957,1.2257078,0.44296363,0.9919703,0.4,10.0,0.8,49
-0.1751499572155561,8.542076,1.2202219,0.44466972,0.99977446,0.4,10.0,0.8,49
-0.1050418440583722,8.45317,1.2247152,0.43895742,0.991007,0.4,10.0,0.8,49
-0.1436957245993701,8.5637865,1.2105505,0.43565133,0.9919821,0.4,10.0,0.8,49
-0.1447420659532393,8.264726,1.2083749,0.44852424,0.9716917,0.4,10.0,0.8,49
-0.1843634129465092,8.584283,1.2165976,0.45761445,0.9799961,0.4,10.0,0.8,49
-0.1122487296494051,8.3140545,1.2274187,0.44272396,0.98778605,0.4,10.0,0.8,49
-0.1565456045288913,8.901573,1.2336357,0.45732233,0.9896363,0.4,10.0,0.8,49
-0.124015720431043,8.285087,1.2236289,0.44503823,0.9512718,0.4,10.0,0.8,49
-0.1661728380172435,8.798858,1.2283459,0.4442203,0.99192536,0.4,10.0,0.8,49
-0.1503677516259396,8.912187,1.2344751,0.45129514,0.9829563,0.4,10.0,0.8,49
-0.1495476603632236,8.3634615,1.2336197,0.44263464,0.9577495,0.4,10.0,0.8,49
-0.176149225787858,8.610744,1.2285295,0.4504509,0.9855236,0.4,10.0,0.8,49
-0.0935768102145928,8.479115,1.2324991,0.4434843,0.9788933,0.4,10.0,0.8,49
-0.1707926764682036,8.852408,1.2233126,0.45526204,0.9891312,0.4,10.0,0.8,49
-0.1286168174075235,8.345616,1.2339766,0.42391762,0.99552727,0.4,10.0,0.8,49
-0.1683866447579929,8.371728,1.2276133,0.44730318,0.9179871,0.4,10.0,0.8,49
-0.1670149354949601,8.600365,1.228719,0.43653014,0.9955721,0.4,10.0,0.8,49
-0.1395380710474583,8.872286,1.2337987,0.4494686,0.9988793,0.4,10.0,0.8,49
-0.1684207781271862,8.833804,1.2324005,0.45371538,0.9728707,0.4,10.0,0.8,49
-0.2044326811659267,8.860503,1.2240541,0.4621539,0.9715831,0.4,10.0,0.8,49
-0.1684764011655393,8.49262,1.2261237,0.44958746,0.96749556,0.4,10.0,0.8,49
-0.1485389445274058,8.828139,1.2165756,0.45068997,0.98770666,0.4,10.0,0.8,49
-0.1543959602606427,8.633702,1.2418787,0.44483483,0.9753665,0.4,10.0,0.8,49
-0.1652506164363922,8.624172,1.2211013,0.45405152,0.98229647,0.4,10.0,0.8,49
-0.1689401119087064,8.390105,1.2222003,0.45195484,0.9987143,0.4,10.0,0.8,49
-0.122417631134383,8.497279,1.2199268,0.43825328,0.9963577,0.4,10.0,0.8,49
-0.1207473707820302,8.659537,1.2217586,0.44256154,0.9886128,0.4,10.0,0.8,49
-0.1624440666596799,8.617954,1.2199003,0.45032457,0.99706006,0.4,10.0,0.8,49
-0.160770968391971,8.86757,1.2216382,0.43960187,0.9813217,0.4,10.0,0.8,49
-0.1949735777461324,8.368344,1.2090799,0.4546836,0.9981973,0.4,10.0,0.8,49
-0.1644707875167286,8.671819,1.2218181,0.4451431,0.99195206,0.4,10.0,0.8,49
-0.1774758296276269,9.136384,1.2186213,0.46585622,0.9763212,0.4,10.0,0.8,49
-0.1818372752096207,9.042897,1.2253796,0.4664903,0.9924048,0.4,10.0,0.8,49
-0.1929034993063353,8.537069,1.2172163,0.4551469,0.9938458,0.4,10.0,0.8,49
-0.1542160247874297,8.237081,1.202164,0.44702065,0.9700304,0.4,10.0,0.8,49
-0.1502168946765623,8.9724,1.2245332,0.43326765,0.9870682,0.4,10.0,0.8,49
-0.1439652338818127,8.612185,1.2379194,0.44676286,0.98723805,0.4,10.0,0.8,49
-0.1714166483250429,8.695866,1.2327064,0.45158947,0.98361456,0.4,10.0,0.8,49
-0.1443475578799106,8.719743,1.2148191,0.43839192,0.97820616,0.4,10.0,0.8,49
-0.1798365962996092,8.709513,1.2249457,0.46886256,0.9926977,0.4,10.0,0.8,49
-0.164008670705504,8.5415325,1.2086875,0.42997262,0.9949633,0.4,10.0,0.8,49
-0.1551674186953534,8.433748,1.2100458,0.45156005,0.9963821,0.4,10.0,0.8,49
-0.1217270401966578,8.567279,1.2282344,0.4405669,0.9978056,0.4,10.0,0.8,49
-0.1796576794042383,8.832939,1.2337315,0.44594452,0.99668217,0.4,10.0,0.8,49
-0.1807720273431854,8.998163,1.2163893,0.4430957,0.99573004,0.4,10.0,0.8,49
-0.1605639331684937,8.617943,1.2130946,0.45125562,0.97082627,0.4,10.0,0.8,49
-0.192201746819602,8.58543,1.2187487,0.43935573,0.9877391,0.4,10.0,0.8,49
-0.1627810890939224,8.845305,1.2257637,0.45378593,0.97885084,0.4,10.0,0.8,49
-0.1537072507797149,8.509763,1.2245375,0.45839897,0.97199285,0.4,10.0,0.8,49
-0.1443862488233776,8.7139635,1.2266958,0.4478532,0.98230934,0.4,10.0,0.8,49
-0.1973090791118337,8.465603,1.2107742,0.46875936,0.99474716,0.4,10.0,0.8,49
-0.1530561660925133,8.938854,1.2313223,0.44228995,0.99913013,0.4,10.0,0.8,49
-0.168518778222995,8.338206,1.2121782,0.4519929,0.9820869,0.4,10.0,0.8,49
-0.1469253827768915,9.00004,1.2201958,0.44362032,0.9886031,0.4,10.0,0.8,49
-0.1468710929966022,8.269344,1.2380877,0.4367282,0.9732739,0.4,10.0,0.8,49
-0.1909236351011196,8.612969,1.2062519,0.4610771,0.997033,0.4,10.0,0.8,49
-0.1432262887614291,9.007483,1.2342013,0.46019587,0.973899,0.4,10.0,0.8,49
-0.1467034774996949,8.44296,1.2131962,0.46732408,0.9864391,0.4,10.0,0.8,49
-0.1435332634313582,8.419397,1.2191229,0.4446548,0.9633008,0.4,10.0,0.8,49
-0.161241421990248,8.943191,1.2176474,0.4522405,0.98909605,0.4,10.0,0.8,49
-0.1659044388484805,8.419281,1.2243595,0.44820797,0.97209275,0.4,10.0,0.8,49
-0.1659808184828467,8.524738,1.2114079,0.45332673,0.99066436,0.4,10.0,0.8,49
-0.1367208327359989,8.438762,1.2293072,0.44086203,0.96252704,0.4,10.0,0.8,49
-0.1843659015606318,9.026427,1.2506866,0.44492504,0.99101615,0.4,10.0,0.8,49
-0.1350265732079884,8.566853,1.2098299,0.46251404,0.9886217,0.4,10.0,0.8,49
-0.1712754135954311,8.706775,1.2421266,0.45156953,0.9968759,0.4,10.0,0.8,49
-0.1803362076564528,8.763486,1.2321196,0.47056812,0.98762727,0.4,10.0,0.8,49
-0.1551679634675189,8.554193,1.2250806,0.45532045,0.9996315,0.4,10.0,0.8,49
-0.1314996442364925,8.536487,1.2283301,0.45185447,0.9972154,0.4,10.0,0.8,49
-0.1382375090491218,8.218961,1.238994,0.45750356,0.9397186,0.4,10.0,0.8,49
-0.155728256266337,8.439365,1.2352353,0.4471307,0.9861618,0.4,10.0,0.8,49
-0.1976145719661881,8.754034,1.2351218,0.4536517,0.9888513,0.4,10.0,0.8,49
-0.1644298516989624,8.588782,1.2272074,0.43994924,0.9978335,0.4,10.0,0.8,49
-0.1301020883271444,8.381034,1.2176493,0.45185563,0.98325276,0.4,10.0,0.8,49
-0.1434994276940294,8.267017,1.2144237,0.4404919,0.99859476,0.4,10.0,0.8,49
-0.1505454666320081,8.8356905,1.2392273,0.44133943,0.98728776,0.4,10.0,0.8,49
-0.1304556383348617,8.5649185,1.2168413,0.43054017,0.9844229,0.4,10.0,0.8,49
-0.1652982372179076,8.85232,1.2082481,0.4539067,0.9956666,0.4,10.0,0.8,49
-0.1649811153116171,8.8449335,1.2380891,0.44892928,0.9993968,0.4,10.0,0.8,49
-0.1576616249511861,8.452526,1.2245283,0.45565596,0.9806067,0.4,10.0,0.8,49
-0.1621022696256513,8.794926,1.213676,0.44780162,0.98667574,0.4,10.0,0.8,49
-0.1352890654638945,8.883579,1.2183125,0.449322,0.9907712,0.4,10.0,0.8,49
-0.1864147446688542,8.400741,1.2111361,0.4522648,0.9935118,0.4,10.0,0.8,49
-0.1564691983293033,8.203152,1.1975437,0.4518082,0.99360585,0.4,10.0,0.8,49
-0.1464742729911088,8.65078,1.2088051,0.45530188,0.97573423,0.4,10.0,0.8,49
-0.1402019072995327,8.9023,1.2352096,0.44508952,0.99145555,0.4,10.0,0.8,49
-0.1409615329518301,8.722113,1.2270372,0.45747685,0.9656217,0.4,10.0,0.8,49
-0.1490440753886574,8.754914,1.2212875,0.44335824,0.98712325,0.4,10.0,0.8,49
-0.1416629501243877,8.640316,1.2365626,0.42713857,0.9884405,0.4,10.0,0.8,49
-0.1554854688289079,8.479693,1.2102932,0.45086056,0.97908986,0.4,10.0,0.8,49
-0.1756614690512776,8.660217,1.2196808,0.44204772,0.9925506,0.4,10.0,0.8,49
-0.1713207398124384,8.427629,1.2334538,0.4436062,0.9831046,0.4,10.0,0.8,49
-0.1727470705160068,8.360274,1.2220541,0.45032093,0.9572278,0.4,10.0,0.8,49
-0.1514388609255522,8.740302,1.2251221,0.45133758,0.9951334,0.4,10.0,0.8,49
-0.1704803770926546,8.858715,1.2302234,0.46270803,0.997882,0.4,10.0,0.8,49
-0.1552529826817753,8.419219,1.2145731,0.4497843,0.9972334,0.4,10.0,0.8,49
-0.170207466066598,8.392769,1.2379508,0.44918737,0.9758266,0.4,10.0,0.8,49
-0.1448000939604266,8.605202,1.2245086,0.44259995,0.98051894,0.4,10.0,0.8,49
-0.1869087445940929,8.690527,1.2209346,0.4606849,0.9956027,0.4,10.0,0.8,49
-0.1364538431006089,8.425,1.2106605,0.44943538,0.9851407,0.4,10.0,0.8,49
-0.1449055205154319,8.564807,1.2177339,0.4494233,0.99643934,0.4,10.0,0.8,49
-0.14904180507973,8.301935,1.2271211,0.43875852,0.96559286,0.4,10.0,0.8,49
-0.1265956872288543,8.219545,1.2028873,0.4405575,0.9970418,0.4,10.0,0.8,49
-0.1419405060139964,8.536976,1.2240518,0.4496655,0.9775057,0.4,10.0,0.8,49
-0.1451693223863296,8.521791,1.2376443,0.42658192,0.9754169,0.4,10.0,0.8,49
-0.1798795410927041,8.5206585,1.215815,0.4536312,0.99430966,0.4,10.0,0.8,49
-0.1377806785816075,8.634668,1.2330364,0.4402826,0.993507,0.4,10.0,0.8,49
-0.1501182336991127,8.951974,1.236452,0.45915943,0.9706311,0.4,10.0,0.8,49
-0.1737540821534634,8.649273,1.2215327,0.45297056,0.9854014,0.4,10.0,0.8,49
-0.148830433498142,8.799729,1.2440186,0.43626878,0.99674404,0.4,10.0,0.8,49
-0.1618610633755177,8.789356,1.2139715,0.4601278,0.9813329,0.4,10.0,0.8,49
-0.1361610577403412,8.610477,1.2450407,0.4554565,0.9933711,0.4,10.0,0.8,49
-0.1483070376516941,8.489265,1.2346799,0.4368396,0.98871577,0.4,10.0,0.8,49
-0.1262976998025517,8.4461975,1.2185305,0.43818238,0.99458516,0.4,10.0,0.8,49
-0.1312371876961617,8.661195,1.2350003,0.4504677,0.997105,0.4,10.0,0.8,49
-0.181872460731558,8.22079,1.2123684,0.4567756,0.99967265,0.4,10.0,0.8,49
-0.1434820025634368,8.469444,1.2272302,0.44733307,0.98182917,0.4,10.0,0.8,49
-0.1586799186788045,8.635303,1.2196764,0.4677918,0.9945499,0.4,10.0,0.8,49
-0.183773274552145,8.334144,1.223694,0.4551614,0.9992045,0.4,10.0,0.8,49
-0.1542326449850936,8.729982,1.2043732,0.45450166,0.9934703,0.4,10.0,0.8,49
-0.1626069369075073,8.9543295,1.2320594,0.43873218,0.993613,0.4,10.0,0.8,49
-0.1274522680885907,8.3548765,1.2108037,0.45198166,0.9841448,0.4,10.0,0.8,49
-0.1783917943023653,8.45007,1.2230091,0.45771056,0.9928838,0.4,10.0,0.8,49
-0.1570341981904714,8.996983,1.2226195,0.4609229,0.9710914,0.4,10.0,0.8,49
-0.1663261738700628,8.741137,1.2336266,0.4552164,0.985831,0.4,10.0,0.8,49
-0.1214849106031758,8.695164,1.2149558,0.44527355,0.9963118,0.4,10.0,0.8,49
-0.1502635248717446,8.436592,1.2277634,0.45228785,0.98932934,0.4,10.0,0.8,49
-0.1662337058767047,8.449818,1.1944678,0.46188357,0.999102,0.4,10.0,0.8,49
-0.1582291011999149,8.51421,1.2214124,0.44866917,0.96644485,0.4,10.0,0.8,49
-0.1341354897445909,8.436333,1.2357274,0.42993844,0.9882673,0.4,10.0,0.8,49
-0.1454581624608042,9.014576,1.2531754,0.4492538,0.9597441,0.4,10.0,0.8,49
-0.1738356293086399,8.48413,1.2041814,0.45609927,0.9961208,0.4,10.0,0.8,49
-0.1486395099623989,9.075923,1.2351639,0.44658348,0.99310446,0.4,10.0,0.8,49
-0.1497290247576257,8.6081915,1.2268748,0.44749114,0.9791919,0.4,10.0,0.8,49
-0.1497551294488792,8.602589,1.2277821,0.4450942,0.9835942,0.4,10.0,0.8,49
-0.1749936058808267,8.451999,1.2209778,0.454837,0.9742303,0.4,10.0,0.8,49
-0.1770676790754766,8.640185,1.2320898,0.4455092,0.9935374,0.4,10.0,0.8,49
-0.1339541634014958,8.504406,1.220626,0.43959787,0.9786576,0.4,10.0,0.8,49
-0.1648612563805135,8.647345,1.2267414,0.43343925,0.996685,0.4,10.0,0.8,49
-0.1434217099561984,8.403194,1.2229747,0.43796837,0.9930408,0.4,10.0,0.8,49
-0.1610289207307419,8.880284,1.2179009,0.45046216,0.98658955,0.4,10.0,0.8,49
-0.1485917734242529,8.754979,1.2395949,0.4397121,0.95886314,0.4,10.0,0.8,49
-0.133906430686247,8.177357,1.2072731,0.4351912,0.99684405,0.4,10.0,0.8,49
-0.1746127206438093,8.543315,1.2284452,0.4572543,0.9696002,0.4,10.0,0.8,49
-0.1112655221999716,8.539129,1.2092851,0.43899465,0.98888886,0.4,10.0,0.8,49
-0.1520703374277247,8.757432,1.2244829,0.44491467,0.9892105,0.4,10.0,0.8,49
-0.1658040179132856,8.201914,1.2223412,0.45334363,0.9908191,0.4,10.0,0.8,49
-0.1592425880014679,8.429416,1.2158475,0.45324424,0.9910641,0.4,10.0,0.8,49
-0.1800151443779624,8.670778,1.2172769,0.4322306,0.97820413,0.4,10.0,0.8,49
-0.1597812248642957,8.466776,1.2223577,0.4504284,0.9842887,0.4,10.0,0.8,49
-0.1524564538280314,8.317219,1.2114737,0.4567113,0.9851825,0.4,10.0,0.8,49
-0.1578119395535833,8.803183,1.2381482,0.45497793,0.95968497,0.4,10.0,0.8,49
-0.1430266328737597,8.697029,1.222014,0.44369036,0.9942317,0.4,10.0,0.8,49
-0.1386987106286963,8.764127,1.2348362,0.44002047,0.9495834,0.4,10.0,0.8,49
-0.1675047137539731,8.222712,1.2105571,0.44372547,0.98435664,0.4,10.0,0.8,49
-0.1143047558596632,8.389261,1.2249992,0.43262708,0.99357224,0.4,10.0,0.8,49
-0.1695138955737477,8.406983,1.2225777,0.4433841,0.9850862,0.4,10.0,0.8,49
-0.1619854465470207,8.89756,1.2353244,0.46292472,0.99921906,0.4,10.0,0.8,49
-0.1450219333376842,8.55693,1.228445,0.43934736,0.95655656,0.4,10.0,0.8,49
-0.165684884127507,8.437045,1.2248254,0.4513666,0.9974605,0.4,10.0,0.8,49
-0.168301784075319,9.287832,1.2257448,0.45180333,0.98901904,0.4,10.0,0.8,49
-0.1522930175193341,8.5489855,1.2328836,0.43369642,0.9570013,0.4,10.0,0.8,49
-0.1494847467940819,8.441362,1.2256013,0.45203307,0.99033964,0.4,10.0,0.8,49
-0.1492220680399323,8.200295,1.209483,0.45828113,0.99227774,0.4,10.0,0.8,49
-0.1701651472694989,8.803251,1.2183572,0.4589094,0.97954285,0.4,10.0,0.8,49
-0.1404344829312832,8.904958,1.2275596,0.44193536,0.98560333,0.4,10.0,0.8,49
-0.1920216702980073,8.8424835,1.2400955,0.4513873,0.9618987,0.4,10.0,0.8,49
-0.1323920708537536,8.71866,1.2261157,0.46153522,0.99993086,0.4,10.0,0.8,49
-0.2047633440125541,8.2794,1.2178324,0.46292934,0.97826755,0.4,10.0,0.8,49
-0.1648503091908048,8.622883,1.2248452,0.45613077,0.9862803,0.4,10.0,0.8,49
-0.1625148744767006,8.717721,1.2247682,0.45379436,0.9979793,0.4,10.0,0.8,49
-0.1492517276652596,8.568037,1.2201289,0.44836745,0.999544,0.4,10.0,0.8,49
-0.1615214858022812,8.569108,1.2180575,0.45293385,0.9713162,0.4,10.0,0.8,49
-0.1480921969679633,8.502984,1.2171696,0.46212915,0.9978889,0.4,10.0,0.8,49
-0.1788329281789552,8.743688,1.2284524,0.43926516,0.9912565,0.4,10.0,0.8,49
-0.1792246570358554,8.585554,1.2085044,0.454907,0.99506426,0.4,10.0,0.8,49
-0.1414604512709637,8.81022,1.2377566,0.44317114,0.93069875,0.4,10.0,0.8,49
-0.1622181448096593,8.693291,1.2125777,0.45049015,0.98159015,0.4,10.0,0.8,49
-0.149015060725965,8.9281,1.2287265,0.44450116,0.99913394,0.4,10.0,0.8,49
-0.1150765767427954,8.772689,1.2220182,0.4451481,0.9951383,0.4,10.0,0.8,49
-0.1368564472029518,8.407254,1.2305427,0.44236195,0.95677674,0.4,10.0,0.8,49
-0.1491492826619329,8.47152,1.2081811,0.44814992,0.9975842,0.4,10.0,0.8,49
-0.1498006299450225,8.4057455,1.2254549,0.447916,0.94873893,0.4,10.0,0.8,49
-0.1524161834764008,8.749858,1.2318699,0.44398135,0.9893925,0.4,10.0,0.8,49
-0.1509022905243878,8.489302,1.2394419,0.44752055,0.9679786,0.4,10.0,0.8,49
-0.1372152841258881,8.135121,1.2197721,0.4408735,0.9891751,0.4,10.0,0.8,49
-0.1657134586252726,8.670133,1.2267017,0.45134556,0.9980842,0.4,10.0,0.8,49
-0.1628613776922101,8.670479,1.2105973,0.45133296,0.99264574,0.4,10.0,0.8,49
-0.1748126858892137,8.829213,1.2303483,0.4481995,0.98793745,0.4,10.0,0.8,49
-0.1398263273840462,8.677488,1.2312317,0.45615008,0.99664056,0.4,10.0,0.8,49
-0.1651245429330719,8.481661,1.2273144,0.4502074,0.95891595,0.4,10.0,0.8,49
-0.1250652763382602,8.295396,1.229186,0.44289362,0.9795046,0.4,10.0,0.8,49
-0.1392986465270722,8.864388,1.231934,0.43925214,0.9969653,0.4,10.0,0.8,49
-0.1578064431977682,8.544327,1.2265177,0.4424112,0.9969536,0.4,10.0,0.8,49
-0.1581033068066031,8.182821,1.205041,0.44710162,0.99386525,0.4,10.0,0.8,49
-0.1436452071066633,8.417393,1.2187911,0.4466511,0.97664976,0.4,10.0,0.8,49
-0.179877342280775,8.403733,1.2269605,0.45890278,0.9995724,0.4,10.0,0.8,49
-0.1294350150067586,8.706263,1.2310469,0.44559684,0.9648211,0.4,10.0,0.8,49
-0.1691424107104307,8.625627,1.2228534,0.44616914,0.9933436,0.4,10.0,0.8,49
-0.1602295371677305,8.114496,1.2297368,0.45252264,0.97711146,0.4,10.0,0.8,49
-0.1735564419725029,8.715434,1.2307882,0.44158405,0.9947107,0.4,10.0,0.8,49
-0.170598638803155,8.815079,1.2079118,0.46122044,0.9985653,0.4,10.0,0.8,49
-0.1745283380394618,8.579203,1.2280482,0.4513128,0.95403457,0.4,10.0,0.8,49
-0.1759691579867428,8.448878,1.2430427,0.45486012,0.9632422,0.4,10.0,0.8,49
-0.159578910045415,8.642185,1.2223657,0.4548336,0.98381424,0.4,10.0,0.8,49
-0.1394195649684749,8.74518,1.2227907,0.43747628,0.95043397,0.4,10.0,0.8,49
-0.1255672315770974,8.68336,1.2343338,0.44335636,0.9573927,0.4,10.0,0.8,49
-0.162269635998128,8.188764,1.2023776,0.4476252,0.9989635,0.4,10.0,0.8,49
-0.1302353967932004,8.707626,1.2167126,0.4377046,0.9825232,0.4,10.0,0.8,49
-0.1336291983327622,8.56462,1.2193273,0.44283482,0.9841094,0.4,10.0,0.8,49
-0.1078182389426815,8.620849,1.2174073,0.44176623,0.9995254,0.4,10.0,0.8,49
-0.1318296149337335,8.087588,1.2163671,0.42642534,0.9936063,0.4,10.0,0.8,49
-0.1759866133513955,8.812591,1.2298111,0.4495637,0.97675455,0.4,10.0,0.8,49
-0.1733759804427965,8.472107,1.2127002,0.4438954,0.9854214,0.4,10.0,0.8,49
-0.156396936180071,8.731854,1.2356822,0.45138815,0.986791,0.4,10.0,0.8,49
-0.1703087442327502,8.585866,1.2242056,0.45346436,0.9873761,0.4,10.0,0.8,49
-0.1713710194071361,8.998986,1.2460558,0.4554373,0.9753679,0.4,10.0,0.8,49
-0.2007386600579862,8.487866,1.2286174,0.45671567,0.9936546,0.4,10.0,0.8,49
-0.154574631829632,8.465296,1.2165998,0.44653308,0.9946673,0.4,10.0,0.8,49
-0.1648553406577237,8.663736,1.2122469,0.45008588,0.9723649,0.4,10.0,0.8,49
-0.1403901031068242,8.775202,1.2318485,0.44120303,0.98774827,0.4,10.0,0.8,49
-0.1543653391561761,8.528347,1.2188362,0.44872043,0.9923556,0.4,10.0,0.8,49
-0.1321520140234414,8.968267,1.2409912,0.432253,0.9586141,0.4,10.0,0.8,49
-0.1277415254316086,8.187619,1.2105739,0.43818998,0.9969529,0.4,10.0,0.8,49
-0.1194689388384478,8.664708,1.1979665,0.4550529,0.9973092,0.4,10.0,0.8,49
-0.1522134713905437,8.736897,1.2310765,0.44357795,0.98647976,0.4,10.0,0.8,49
-0.1569613465385675,8.710707,1.2168264,0.44980285,0.9917588,0.4,10.0,0.8,49
-0.174440287962253,8.800152,1.2404361,0.4459616,0.9970617,0.4,10.0,0.8,49
-0.1312819678302604,8.313347,1.2221797,0.4397334,0.99553084,0.4,10.0,0.8,49
-0.1456368374836948,8.708526,1.2296681,0.4374684,0.9829793,0.4,10.0,0.8,49
-0.1324594504687859,8.251768,1.2321765,0.45845756,0.88629746,0.4,10.0,0.8,49
-0.1897011853121667,8.308883,1.2273779,0.45400652,0.9624834,0.4,10.0,0.8,49
-0.1392688431386962,8.68265,1.2403107,0.45717072,0.99828744,0.4,10.0,0.8,49
-0.1575715811156928,8.592127,1.233294,0.44954777,0.9810195,0.4,10.0,0.8,49
-0.1454154113694489,8.839119,1.2341133,0.46095422,0.99688756,0.4,10.0,0.8,49
-0.149472122758922,8.735996,1.2406185,0.44026092,0.97464085,0.4,10.0,0.8,49
-0.1284612421880109,8.574843,1.216995,0.44188854,0.9985117,0.4,10.0,0.8,49
-0.1587214021859161,8.3101635,1.2285609,0.44264346,0.99592686,0.4,10.0,0.8,49
-0.1628872603746427,8.95171,1.224646,0.4338102,0.9748782,0.4,10.0,0.8,49
-0.177044043778255,8.767016,1.2419914,0.44443753,0.99454653,0.4,10.0,0.8,49
-0.168011052239494,8.208232,1.2180938,0.46108305,0.98696864,0.4,10.0,0.8,49
-0.1642903791410715,8.25904,1.2230856,0.44438174,0.98634005,0.4,10.0,0.8,49
-0.1423391958448401,8.410388,1.2092628,0.45501983,0.99940085,0.4,10.0,0.8,49
-0.1468559533894962,8.661206,1.2200539,0.4492808,0.9844872,0.4,10.0,0.8,49
-0.131852494588179,8.371368,1.2196121,0.4508966,0.9810431,0.4,10.0,0.8,49
-0.1661976931541148,8.4328375,1.2216266,0.45720494,0.98953855,0.4,10.0,0.8,49
-0.1576650117821467,8.392739,1.2338789,0.45002812,0.9985739,0.4,10.0,0.8,49
-0.1586620139168724,8.678155,1.2172391,0.44697368,0.98478794,0.4,10.0,0.8,49
-0.1471228980409285,8.665104,1.230608,0.4454336,0.9563453,0.4,10.0,0.8,49
-0.1608509874815988,8.875609,1.2335858,0.43389466,0.9722246,0.4,10.0,0.8,49
-0.1773580287445827,8.086548,1.2198,0.45129177,0.9546144,0.4,10.0,0.8,49
-0.1593461120718776,9.004079,1.2181146,0.44425386,0.9968685,0.4,10.0,0.8,49
-0.1754907694156124,8.771804,1.2333374,0.46459562,0.99826944,0.4,10.0,0.8,49
-0.1600244366346143,8.474451,1.2062254,0.45291114,0.99449325,0.4,10.0,0.8,49
-0.1552946624686284,8.646917,1.2280217,0.45293683,0.9855344,0.4,10.0,0.8,49
-0.1540156469114004,8.466783,1.2194678,0.4516156,0.98077154,0.4,10.0,0.8,49
-0.1707361038728826,8.48693,1.2233531,0.46641818,0.9967058,0.4,10.0,0.8,49
-0.1948669064560552,8.630798,1.2394277,0.45524946,0.9916105,0.4,10.0,0.8,49
-0.1623102886556274,8.712934,1.2290336,0.44512343,0.97849107,0.4,10.0,0.8,49
-0.1883846254930203,8.4081135,1.21465,0.4545761,0.9633992,0.4,10.0,0.8,49
-0.140721084963474,9.069937,1.227868,0.44984645,0.99982333,0.4,10.0,0.8,49
-0.1732201541842987,8.566969,1.2156767,0.43493927,0.9851937,0.4,10.0,0.8,49
-0.1163265412334603,8.7779665,1.2199413,0.43938488,0.9785141,0.4,10.0,0.8,49
-0.1372521607896945,8.7151985,1.2239139,0.44315526,0.99977803,0.4,10.0,0.8,49
-0.1407725757667955,8.559363,1.2194563,0.44788736,0.9830713,0.4,10.0,0.8,49
-0.1378241765169876,8.715664,1.2237089,0.43136382,0.98394394,0.4,10.0,0.8,49
-0.1466297522033484,8.943713,1.225499,0.44695884,0.9819783,0.4,10.0,0.8,49
-0.1403374132779565,8.444901,1.2161851,0.44555524,0.9906013,0.4,10.0,0.8,49
-0.1321160256545825,8.390811,1.2143073,0.438985,0.99245715,0.4,10.0,0.8,49
-0.1598890388241778,8.4837055,1.2329841,0.46060172,0.9585546,0.4,10.0,0.8,49
-0.1338682519786987,8.073519,1.2014421,0.46357086,0.9962052,0.4,10.0,0.8,49
-0.1687883594335523,7.9386454,1.205117,0.45047408,0.99579525,0.4,10.0,0.8,49
-0.1419888955705671,8.541485,1.2198981,0.43555304,0.97936094,0.4,10.0,0.8,49
-0.1733081965411684,8.807206,1.2243103,0.44376305,0.99811566,0.4,10.0,0.8,49
-0.1406222929576836,8.538092,1.2210996,0.45427144,0.9829689,0.4,10.0,0.8,49
-0.1636996834025897,8.612933,1.2186592,0.44720843,0.9961213,0.4,10.0,0.8,49
-0.1418358179900471,9.015671,1.2395952,0.45839807,0.9925858,0.4,10.0,0.8,49
-0.1285528935499027,8.451572,1.2239875,0.42390025,0.9805515,0.4,10.0,0.8,49
-0.198568530459153,8.412685,1.1997209,0.45666835,0.9895917,0.4,10.0,0.8,49
-0.167135759306923,8.451417,1.2241247,0.44918665,0.9899334,0.4,10.0,0.8,49
-0.1662604956554832,8.978351,1.2319003,0.45551288,0.9910443,0.4,10.0,0.8,49
-0.130090148421611,8.466268,1.2286593,0.44542584,0.9538553,0.4,10.0,0.8,49
-0.141547842168634,9.17589,1.2374598,0.44732088,0.9823066,0.4,10.0,0.8,49
-0.1594036285078358,8.291276,1.2143273,0.44747528,0.9867115,0.4,10.0,0.8,49
-0.160499687030826,8.622928,1.2272604,0.45059174,0.9976008,0.4,10.0,0.8,49
-0.1511026287824304,8.635646,1.2247204,0.45173216,0.9666108,0.4,10.0,0.8,49
-0.1497916226277691,8.922563,1.2387376,0.4391171,0.99850047,0.4,10.0,0.8,49
-0.1659757927409555,8.856835,1.2308695,0.4545038,0.99202037,0.4,10.0,0.8,49
-0.1825038012506565,8.417951,1.2168941,0.4606994,0.9503666,0.4,10.0,0.8,49
-0.1395040560501699,8.166235,1.2078254,0.4508046,0.96207166,0.4,10.0,0.8,49
-0.1394345114354108,8.577676,1.2294321,0.45599982,0.9944079,0.4,10.0,0.8,49
-0.1768081368102947,8.48393,1.2248325,0.44562444,0.9993093,0.4,10.0,0.8,49
-0.1247123947672821,9.006782,1.2301315,0.44545344,0.98061275,0.4,10.0,0.8,49
-0.1810066200830838,8.613969,1.2061698,0.46870416,0.99697244,0.4,10.0,0.8,49
-0.1389708777303929,8.340199,1.2262719,0.4486773,0.999732,0.4,10.0,0.8,49
-0.1662552188398193,8.235691,1.2203488,0.46523857,0.9743358,0.4,10.0,0.8,49
-0.1795421139159011,8.881674,1.2334855,0.44955328,0.98961973,0.4,10.0,0.8,49
-0.1624038519456773,8.814457,1.2100031,0.4516375,0.9978204,0.4,10.0,0.8,49
-0.168994335390243,8.865467,1.211161,0.44760215,0.9839456,0.4,10.0,0.8,49
-0.1617739691244804,8.564718,1.2264787,0.45088977,0.969818,0.4,10.0,0.8,49
-0.1638094541391648,8.674367,1.2154163,0.45138916,0.99709153,0.4,10.0,0.8,49
-0.1451111545744136,8.597119,1.2274257,0.45426783,0.99870074,0.4,10.0,0.8,49
-0.1333721246055913,8.683815,1.2282444,0.44289684,0.9638245,0.4,10.0,0.8,49
-0.1447359838530444,8.556052,1.2287982,0.43740183,0.9982127,0.4,10.0,0.8,49
-0.1618257237909485,8.745816,1.2235827,0.44543886,0.99402213,0.4,10.0,0.8,49
-0.1470367268126976,8.988563,1.2303636,0.45951226,0.9982499,0.4,10.0,0.8,49
-0.1382488293061348,8.50971,1.2152196,0.44029012,0.99616337,0.4,10.0,0.8,49
-0.1638543006825907,8.433639,1.2024027,0.45052966,0.999194,0.4,10.0,0.8,49
-0.1753009349458723,8.711684,1.2125981,0.44825536,0.9885253,0.4,10.0,0.8,49
-0.1590588735925337,8.736478,1.2124212,0.4492414,0.97803545,0.4,10.0,0.8,49
-0.1287887522850016,8.508492,1.2266572,0.4548245,0.95469713,0.4,10.0,0.8,49
-0.1587812998507282,8.691802,1.239843,0.4462099,0.9630649,0.4,10.0,0.8,49
-0.1466559744303645,8.451066,1.2267964,0.4482036,0.9500674,0.4,10.0,0.8,49
-0.1383873331714508,8.925725,1.2365402,0.4405575,0.9778725,0.4,10.0,0.8,49
-0.1416445502705596,8.104663,1.2024347,0.44966412,0.98973894,0.4,10.0,0.8,49
-0.1548084130866133,8.44307,1.227216,0.44221056,0.9763689,0.4,10.0,0.8,49
-0.1659527901189286,8.76348,1.223974,0.45061105,0.995293,0.4,10.0,0.8,49
-0.1305600377344228,8.618979,1.2188247,0.44938505,0.96457946,0.4,10.0,0.8,49
-0.1570669251273485,8.332549,1.21094,0.44300798,0.9879377,0.4,10.0,0.8,49
-0.1708408916773058,8.633333,1.22483,0.44325083,0.9942379,0.4,10.0,0.8,49
-0.1525382070369929,8.3214245,1.2104236,0.44454315,0.99151886,0.4,10.0,0.8,49
-0.1420675310807777,8.148385,1.219176,0.44397372,0.9726733,0.4,10.0,0.8,49
-0.1345527576977788,8.676849,1.2442567,0.44480947,0.9865339,0.4,10.0,0.8,49
-0.1627497547799687,8.995228,1.2477102,0.4334327,0.98782134,0.4,10.0,0.8,49
-0.1615442369678729,8.864541,1.2310522,0.45548618,0.9675864,0.4,10.0,0.8,49
-0.1606929494478604,8.515143,1.2158475,0.4531412,0.9988853,0.4,10.0,0.8,49
-0.1630451999237414,8.395713,1.2365565,0.44910195,0.96130013,0.4,10.0,0.8,49
-0.184413065346285,8.426671,1.2204874,0.44955,0.98989284,0.4,10.0,0.8,49
-0.108175481784586,8.61017,1.2194905,0.44754207,0.9622971,0.4,10.0,0.8,49
-0.1713278795841648,8.99644,1.2270484,0.45093706,0.99720013,0.4,10.0,0.8,49
-0.166172472938639,8.632892,1.2314496,0.457325,0.9614819,0.4,10.0,0.8,49
-0.1381308922511702,8.325885,1.2065847,0.4422941,0.9956566,0.4,10.0,0.8,49
-0.1600808355409444,8.546985,1.2170906,0.44498992,0.97847164,0.4,10.0,0.8,49
-0.156264586967997,8.397808,1.2124635,0.44858253,0.9866886,0.4,10.0,0.8,49
-0.155181240422953,8.329151,1.2347928,0.45703807,0.9202025,0.4,10.0,0.8,49
-0.1633846982485804,8.3524475,1.2176131,0.45442128,0.9981532,0.4,10.0,0.8,49
-0.1139745844124878,8.414686,1.2064615,0.45942426,0.9804398,0.4,10.0,0.8,49
-0.1610330095634043,8.224564,1.2230182,0.45416218,0.99693525,0.4,10.0,0.8,49
-0.174703921223134,9.007058,1.2469668,0.44168088,0.9516846,0.4,10.0,0.8,49
-0.1602695343232266,8.655766,1.22091,0.4399665,0.98229575,0.4,10.0,0.8,49
0.0257193960690631,7.997648,1.1094432,0.5151287,0.9949429,0.37,10.0,0.8,50
0.041071204712937,8.322266,1.1209768,0.509734,0.9901171,0.37,10.0,0.8,50
0.0203791380194978,8.590699,1.130223,0.51408803,0.9845147,0.37,10.0,0.8,50
0.0355690195840164,8.405524,1.1338593,0.49685758,0.9431701,0.37,10.0,0.8,50
0.0070268992871545,8.113643,1.1311675,0.5156434,0.99888813,0.37,10.0,0.8,50
0.0128425927934699,8.297518,1.117763,0.52389723,0.9918158,0.37,10.0,0.8,50
0.014437750011849,7.8244143,1.105164,0.512784,0.97813296,0.37,10.0,0.8,50
0.0046304543591078,7.7903843,1.1160542,0.51008874,0.9839369,0.37,10.0,0.8,50
0.0068148946096111,8.786228,1.1385102,0.50912845,0.99602747,0.37,10.0,0.8,50
0.0349283742105494,8.283406,1.1301833,0.49419,0.9751327,0.37,10.0,0.8,50
0.0384008142801636,8.632046,1.1388552,0.510075,0.92163,0.37,10.0,0.8,50
-0.0106734818586424,8.561091,1.1308386,0.526418,0.9945605,0.37,10.0,0.8,50
-0.0138333219789259,8.468309,1.118877,0.5314272,0.99748576,0.37,10.0,0.8,50
0.0423617372566095,8.518315,1.1382614,0.50626785,0.953277,0.37,10.0,0.8,50
0.0179230393244567,8.540998,1.12259,0.50522393,0.9984839,0.37,10.0,0.8,50
-0.0113724306841802,8.400376,1.1305892,0.50206834,0.99290204,0.37,10.0,0.8,50
0.00898610248246,8.207353,1.1284624,0.5232048,0.9569055,0.37,10.0,0.8,50
0.0096626300385544,8.412809,1.1287806,0.5070161,0.9486792,0.37,10.0,0.8,50
-0.0063351020067097,7.983586,1.1351782,0.5069848,0.94335675,0.37,10.0,0.8,50
0.0271988473924178,7.910698,1.1250484,0.5147656,0.9709637,0.37,10.0,0.8,50
-0.0256097842061985,8.227585,1.1389183,0.5233069,0.98570037,0.37,10.0,0.8,50
-0.0195230625727989,8.149951,1.1074421,0.5187878,0.99081624,0.37,10.0,0.8,50
-0.0155640279647358,8.34049,1.1108819,0.5158184,0.99864364,0.37,10.0,0.8,50
0.0017591380140634,8.096906,1.148569,0.5283812,0.9078492,0.37,10.0,0.8,50
0.0361773941103972,8.133745,1.1349881,0.5150736,0.9523823,0.37,10.0,0.8,50
-0.0220856010580862,8.357215,1.1173908,0.52232105,0.9651543,0.37,10.0,0.8,50
-0.0336787999009286,8.635883,1.1184769,0.54470253,0.97125304,0.37,10.0,0.8,50
0.0267936620765558,8.528216,1.123975,0.5105924,0.9928123,0.37,10.0,0.8,50
0.0147388534439342,8.08591,1.1193066,0.5090122,0.98792124,0.37,10.0,0.8,50
0.0353612590768483,8.322444,1.1442498,0.50113803,0.98523235,0.37,10.0,0.8,50
0.0145158679791668,8.24873,1.1191952,0.51200026,0.94901514,0.37,10.0,0.8,50
0.0347153146839674,8.67209,1.1349012,0.49270514,0.98224425,0.37,10.0,0.8,50
1.3082666770041287e-05,7.9870157,1.1139938,0.5167233,0.9864235,0.37,10.0,0.8,50
-0.0009280612215649,8.530567,1.1256222,0.5193814,0.9818846,0.37,10.0,0.8,50
-0.0172448086205807,8.427337,1.1286775,0.5183325,0.9921417,0.37,10.0,0.8,50
0.0225825205328744,8.2598715,1.1326219,0.5094057,0.993508,0.37,10.0,0.8,50
-0.0288110138051336,8.436185,1.1344926,0.52133656,0.9405849,0.37,10.0,0.8,50
0.0056402203890198,8.053859,1.124089,0.4964021,0.9966786,0.37,10.0,0.8,50
0.0266602231137579,8.415909,1.138011,0.52564585,0.9986565,0.37,10.0,0.8,50
-0.0039124114286966,8.064791,1.1058917,0.51510495,0.9980837,0.37,10.0,0.8,50
0.0157684917023728,8.335479,1.1378095,0.5215121,0.97742534,0.37,10.0,0.8,50
0.02502046180171,8.459378,1.1190587,0.5144926,0.9920329,0.37,10.0,0.8,50
0.0021102188152973,8.412784,1.127399,0.5135742,0.95968914,0.37,10.0,0.8,50
0.043169439464974,8.524657,1.1185278,0.5110985,0.99852836,0.37,10.0,0.8,50
0.0292218453391304,8.290539,1.1432134,0.50356966,0.89836407,0.37,10.0,0.8,50
0.0105040315809196,7.9789495,1.121917,0.50472724,0.96166706,0.37,10.0,0.8,50
0.0040698354071079,8.391262,1.1220099,0.51603997,0.99676824,0.37,10.0,0.8,50
0.031696025432821,8.375528,1.123033,0.50422776,0.9758806,0.37,10.0,0.8,50
-0.0128721515293227,8.436347,1.1147662,0.5178074,0.99759746,0.37,10.0,0.8,50
0.0002645049281626,8.259269,1.1246564,0.5066758,0.9527625,0.37,10.0,0.8,50
0.0298793518343451,8.477554,1.1303561,0.4989941,0.9688016,0.37,10.0,0.8,50
-0.0171669417653003,9.00498,1.1349823,0.5206925,0.97192883,0.37,10.0,0.8,50
0.0063903149546191,8.202487,1.1138477,0.5036861,0.9701208,0.37,10.0,0.8,50
0.0350619217536968,8.433757,1.111724,0.50907826,0.99517894,0.37,10.0,0.8,50
0.0062765445389561,8.502604,1.1355326,0.5125988,0.9982805,0.37,10.0,0.8,50
0.0042449509631322,8.31367,1.1206827,0.51572776,0.96314347,0.37,10.0,0.8,50
0.0010848181340947,8.323496,1.1259549,0.5087318,0.9944477,0.37,10.0,0.8,50
0.0106432946700623,8.141623,1.1231714,0.5011154,0.9805021,0.37,10.0,0.8,50
0.0025902682442904,9.02525,1.1352892,0.5128419,0.99575853,0.37,10.0,0.8,50
0.0394517922001844,8.421772,1.1014789,0.5044589,0.99527,0.37,10.0,0.8,50
0.0318338183717354,8.366032,1.117428,0.49756497,0.9965613,0.37,10.0,0.8,50
0.0511918591653834,8.351689,1.1277113,0.4991503,0.99899936,0.37,10.0,0.8,50
-0.0179630463349752,8.526974,1.1122696,0.5168686,0.9962388,0.37,10.0,0.8,50
0.0345588358554094,7.807806,1.1184974,0.5107278,0.9981369,0.37,10.0,0.8,50
-0.0152949548966391,8.131213,1.1161757,0.5137486,0.9906819,0.37,10.0,0.8,50
0.0199058689884633,8.588557,1.1275095,0.50644785,0.974329,0.37,10.0,0.8,50
0.0941203088067763,8.10297,1.1176857,0.49328315,0.99361444,0.37,10.0,0.8,50
-0.0426442196915269,8.235741,1.1275475,0.5177698,0.9779135,0.37,10.0,0.8,50
-0.0062560913682649,8.20963,1.1157782,0.5060446,0.9825989,0.37,10.0,0.8,50
0.003400391306957,8.643565,1.1326083,0.517078,0.98927367,0.37,10.0,0.8,50
-0.0091843454265061,8.067614,1.1248168,0.51911414,0.9902048,0.37,10.0,0.8,50
0.0379466658331162,8.384321,1.1234834,0.50430727,0.9717121,0.37,10.0,0.8,50
0.0557123729236965,8.299151,1.1215159,0.50491744,0.9936509,0.37,10.0,0.8,50
-0.0050494279808172,8.548701,1.1232139,0.52035016,0.9887351,0.37,10.0,0.8,50
0.0022794017711831,8.150523,1.1282778,0.5229252,0.99977183,0.37,10.0,0.8,50
0.0213665404932459,7.9316883,1.1190743,0.50465685,0.9991807,0.37,10.0,0.8,50
-0.0179610185649807,8.042295,1.1287801,0.5178154,0.9660206,0.37,10.0,0.8,50
0.0105884221146226,8.756845,1.1219888,0.51532644,0.97623646,0.37,10.0,0.8,50
0.0363222897385751,8.290639,1.1089659,0.5091277,0.9786247,0.37,10.0,0.8,50
0.0098103381002415,8.097363,1.1311365,0.5059782,0.98360026,0.37,10.0,0.8,50
-0.0014730605333211,8.242464,1.1104572,0.5181865,0.9977994,0.37,10.0,0.8,50
0.0091397455950689,8.004975,1.1192241,0.5196184,0.98690224,0.37,10.0,0.8,50
-0.0044041732036867,8.154567,1.1303749,0.5172457,0.9821811,0.37,10.0,0.8,50
0.0145183354915853,8.178633,1.1209584,0.5153758,0.99707246,0.37,10.0,0.8,50
-0.0186290683959449,7.945501,1.1293876,0.51659465,0.9932357,0.37,10.0,0.8,50
-0.0369578988725246,8.29191,1.1247582,0.52142125,0.9754137,0.37,10.0,0.8,50
0.0141744641351966,7.716228,1.1150978,0.50726956,0.9627789,0.37,10.0,0.8,50
-0.0071135027981337,8.332446,1.1326973,0.5112386,0.9611527,0.37,10.0,0.8,50
0.0109781232759273,8.535998,1.121739,0.5143912,0.9648508,0.37,10.0,0.8,50
0.0163267207012496,8.403852,1.1235158,0.52807105,0.99924946,0.37,10.0,0.8,50
-0.016146921179148,8.38789,1.1333815,0.5221272,0.98604524,0.37,10.0,0.8,50
-0.0244161761939192,7.7982917,1.1246796,0.52332914,0.9982399,0.37,10.0,0.8,50
0.0053984280405097,8.750405,1.1213717,0.5163315,0.99816203,0.37,10.0,0.8,50
-0.0182024616502516,8.148232,1.1177377,0.5171953,0.993418,0.37,10.0,0.8,50
0.0049964912244061,8.610971,1.1214049,0.5114855,0.9900118,0.37,10.0,0.8,50
-0.0104928693291861,8.653865,1.1294414,0.5085463,0.9914768,0.37,10.0,0.8,50
-0.0029916817116337,8.505743,1.1276466,0.50536054,0.99857175,0.37,10.0,0.8,50
0.0085340009721297,8.054605,1.1256263,0.50707537,0.9415715,0.37,10.0,0.8,50
0.0035080179422261,8.590852,1.1137704,0.5096796,0.98753095,0.37,10.0,0.8,50
0.0274686461187607,8.179472,1.1123539,0.5101904,0.98949194,0.37,10.0,0.8,50
-0.0110835538230128,8.071737,1.1109284,0.52148634,0.9994825,0.37,10.0,0.8,50
0.0024727605041844,8.035949,1.1143055,0.5051111,0.99343264,0.37,10.0,0.8,50
-0.0144433480401278,8.197279,1.1282172,0.5044883,0.947613,0.37,10.0,0.8,50
-0.0148249802509499,8.104947,1.1158578,0.5188999,0.9979241,0.37,10.0,0.8,50
0.0410343404055973,7.9330473,1.1259565,0.51008236,0.99255204,0.37,10.0,0.8,50
-0.0351103495352761,8.020125,1.121431,0.5191944,0.97716784,0.37,10.0,0.8,50
0.0342944953961079,8.222786,1.1298087,0.51353747,0.99837863,0.37,10.0,0.8,50
-0.0431245379341381,8.271814,1.1231059,0.52504814,0.9760424,0.37,10.0,0.8,50
0.0130146332959223,8.3804035,1.1124667,0.5083446,0.99073434,0.37,10.0,0.8,50
0.0362379798143269,8.467601,1.1232839,0.50804794,0.99197006,0.37,10.0,0.8,50
-0.0544486018532481,7.895293,1.108214,0.50980824,0.995721,0.37,10.0,0.8,50
0.0242128352479561,8.114067,1.123251,0.50837207,0.99220276,0.37,10.0,0.8,50
0.0077994257511373,8.158148,1.1169579,0.5207435,0.9912281,0.37,10.0,0.8,50
-0.010371360285988,8.199094,1.1286979,0.5229332,0.994002,0.37,10.0,0.8,50
0.0451010087615284,8.520766,1.1432189,0.5298952,0.9906528,0.37,10.0,0.8,50
0.0341552818554073,8.135558,1.1399446,0.5062218,0.9682298,0.37,10.0,0.8,50
0.0349750196467564,8.783116,1.1352835,0.50706846,0.9981259,0.37,10.0,0.8,50
-0.0063045129429694,8.173747,1.1414229,0.5183006,0.98317146,0.37,10.0,0.8,50
0.0086495113905581,8.545979,1.1381906,0.51490694,0.9700221,0.37,10.0,0.8,50
0.0225480300754142,7.8445625,1.1234,0.50817984,0.9835515,0.37,10.0,0.8,50
0.0184360642672917,8.3458185,1.1147265,0.5149744,0.9880456,0.37,10.0,0.8,50
-0.0009492331376954,8.260446,1.1073933,0.5150793,0.9916489,0.37,10.0,0.8,50
0.0182695942351272,8.0975275,1.1296425,0.508496,0.953972,0.37,10.0,0.8,50
0.0493599938014366,7.9034867,1.0970691,0.5032214,0.9931241,0.37,10.0,0.8,50
0.0017020103651718,7.9523706,1.1258342,0.506368,0.9195001,0.37,10.0,0.8,50
-0.0080652459240492,8.384512,1.1365279,0.50568134,0.9919288,0.37,10.0,0.8,50
-0.009243430092348,8.668631,1.1275908,0.523104,0.9998777,0.37,10.0,0.8,50
0.0089280537653235,8.306108,1.1124583,0.51894933,0.989156,0.37,10.0,0.8,50
0.0153095394006654,8.275497,1.1198736,0.50954014,0.9682547,0.37,10.0,0.8,50
0.0260492895968133,7.8206983,1.1263357,0.5047286,0.99733996,0.37,10.0,0.8,50
-0.0152356369402155,8.257773,1.1186802,0.52350557,0.97186255,0.37,10.0,0.8,50
-0.0097252289010159,8.506088,1.1247529,0.51007795,0.9954511,0.37,10.0,0.8,50
0.0118493622508128,8.037921,1.1373451,0.51379114,0.866163,0.37,10.0,0.8,50
0.0496905328974377,8.318966,1.1270564,0.500407,0.9742942,0.37,10.0,0.8,50
0.0070085548954969,8.184488,1.117509,0.52207017,0.96276605,0.37,10.0,0.8,50
0.013687219566473,8.338208,1.1385053,0.50981694,0.9626552,0.37,10.0,0.8,50
0.0296871062230797,8.235639,1.1178951,0.5065221,0.9416137,0.37,10.0,0.8,50
0.0176366987175115,8.171606,1.1305425,0.5075497,0.96659374,0.37,10.0,0.8,50
-0.0294920533462609,8.356939,1.1485702,0.53004676,0.97534156,0.37,10.0,0.8,50
0.0060734467932631,8.032659,1.1225915,0.51477766,0.97403,0.37,10.0,0.8,50
-0.0306345972668525,8.111268,1.1196873,0.51889116,0.9427028,0.37,10.0,0.8,50
-0.0096281166715994,7.8679066,1.1205921,0.51992863,0.983495,0.37,10.0,0.8,50
0.0094730345230528,8.233514,1.1177074,0.5102344,0.998906,0.37,10.0,0.8,50
-0.0023579109580823,7.9630294,1.1087754,0.5177991,0.9992981,0.37,10.0,0.8,50
0.0303476566442564,7.8718295,1.1140692,0.51507854,0.99733233,0.37,10.0,0.8,50
0.0457530276868596,8.46689,1.1364055,0.50958425,0.94776773,0.37,10.0,0.8,50
0.0410507657674437,8.112502,1.112374,0.5008215,0.991019,0.37,10.0,0.8,50
0.0095822109456834,8.423644,1.1210163,0.5195128,0.98415256,0.37,10.0,0.8,50
0.0011134085841685,8.258927,1.1108054,0.5162303,0.99920666,0.37,10.0,0.8,50
0.0196920995872113,8.460618,1.1277307,0.5056975,0.97719204,0.37,10.0,0.8,50
-0.0327163259943104,8.572557,1.1286434,0.5154112,0.97947264,0.37,10.0,0.8,50
0.0226431854610336,8.068643,1.1148857,0.52315336,0.98245466,0.37,10.0,0.8,50
0.0185642894553072,8.377545,1.1272262,0.5156873,0.97427225,0.37,10.0,0.8,50
0.004259087866245,8.453329,1.114694,0.52026695,0.9803153,0.37,10.0,0.8,50
-0.0133869461373909,8.735807,1.1309649,0.5161156,0.98558986,0.37,10.0,0.8,50
0.0015836523897821,8.077869,1.1217551,0.52113205,0.9735379,0.37,10.0,0.8,50
0.0138444895184905,8.363729,1.113487,0.5190597,0.9972018,0.37,10.0,0.8,50
0.0171482567813809,8.268655,1.1210129,0.51097554,0.9974086,0.37,10.0,0.8,50
0.017954354206277,8.4438715,1.1320264,0.5012908,0.981964,0.37,10.0,0.8,50
0.0146067674732741,8.127873,1.1114742,0.5023818,0.998826,0.37,10.0,0.8,50
-0.0204716431362002,8.239007,1.1269332,0.51022947,0.9772445,0.37,10.0,0.8,50
0.0202595262687299,7.9686384,1.1270734,0.4967743,0.940423,0.37,10.0,0.8,50
0.0196554915998235,8.41141,1.1306372,0.508667,0.99964464,0.37,10.0,0.8,50
-0.0173022712941942,7.9559307,1.1050857,0.52567863,0.99811065,0.37,10.0,0.8,50
-0.0165946829785181,8.171471,1.1071881,0.51551735,0.99246085,0.37,10.0,0.8,50
0.0029876920364422,8.560763,1.1133921,0.5039862,0.9837729,0.37,10.0,0.8,50
-0.0074954932628397,8.566651,1.136079,0.51558715,0.9899986,0.37,10.0,0.8,50
0.0058854081244442,8.696654,1.1289414,0.49665195,0.99410033,0.37,10.0,0.8,50
0.0182946675582971,8.11772,1.1381503,0.5058752,0.9496652,0.37,10.0,0.8,50
-0.0124495451410389,8.684712,1.1397697,0.5152637,0.97547626,0.37,10.0,0.8,50
0.0300959503450873,8.504697,1.1115437,0.5122159,0.998333,0.37,10.0,0.8,50
0.0204139690825393,8.772335,1.117479,0.5056444,0.99288595,0.37,10.0,0.8,50
0.0072002205901971,8.429206,1.130659,0.50469565,0.9137951,0.37,10.0,0.8,50
0.022113863875746,8.135234,1.1139183,0.50792414,0.97521436,0.37,10.0,0.8,50
0.0023832128833792,8.549355,1.1177363,0.5012469,0.9843011,0.37,10.0,0.8,50
0.0439602276466412,8.717132,1.1197599,0.5013147,0.99364805,0.37,10.0,0.8,50
-0.0133653315085938,8.38459,1.118458,0.50599104,0.98531806,0.37,10.0,0.8,50
0.0403681983095307,8.176542,1.1230643,0.5030716,0.9832101,0.37,10.0,0.8,50
0.0153397926671544,8.070622,1.112582,0.51037985,0.9884348,0.37,10.0,0.8,50
0.0053096820655481,8.393643,1.1084995,0.5162595,0.9771112,0.37,10.0,0.8,50
0.006286166899697,8.035851,1.1114507,0.507046,0.99171174,0.37,10.0,0.8,50
0.0402736011164148,8.109736,1.1111276,0.5102424,0.9859483,0.37,10.0,0.8,50
-0.0114996310585703,8.126944,1.1171709,0.50633436,0.99164796,0.37,10.0,0.8,50
-0.0148815880541028,7.8815618,1.1337652,0.51068753,0.87519646,0.37,10.0,0.8,50
0.0526100949335364,7.974594,1.1173369,0.50570136,0.9944171,0.37,10.0,0.8,50
-0.0274465330352996,8.092173,1.1204414,0.5056813,0.9944092,0.37,10.0,0.8,50
0.0005903183814533,7.967302,1.0989648,0.5091481,0.9659965,0.37,10.0,0.8,50
-0.0242099730528932,7.850898,1.1169871,0.51057935,0.99853265,0.37,10.0,0.8,50
0.0130773965206892,8.686314,1.130423,0.5163275,0.98956525,0.37,10.0,0.8,50
0.013175784968797,8.557731,1.1316757,0.5016792,0.98028636,0.37,10.0,0.8,50
0.016982218300164,8.61827,1.1387472,0.5036204,0.9655789,0.37,10.0,0.8,50
0.0351854636016504,8.293438,1.1345506,0.50537044,0.9001441,0.37,10.0,0.8,50
0.0210722834837503,8.724483,1.1301801,0.50165737,0.98214984,0.37,10.0,0.8,50
-0.0048585751602769,8.58296,1.127556,0.51444846,0.988744,0.37,10.0,0.8,50
0.002143154197565,8.300672,1.1243409,0.5132511,0.97303474,0.37,10.0,0.8,50
-0.0204189412953467,7.994278,1.113765,0.51461774,0.98996246,0.37,10.0,0.8,50
0.0020615188369537,8.316995,1.1095564,0.51315314,0.99450886,0.37,10.0,0.8,50
0.0371037552476595,8.162775,1.1224424,0.50466466,0.98299515,0.37,10.0,0.8,50
0.057606770765848,8.564621,1.1304612,0.50007653,0.995901,0.37,10.0,0.8,50
0.0052181230710205,8.040011,1.1259438,0.5167439,0.98794234,0.37,10.0,0.8,50
0.0046000157121839,8.558529,1.1166794,0.5104181,0.9924569,0.37,10.0,0.8,50
0.0192328729043459,8.368593,1.1377193,0.50124896,0.9500915,0.37,10.0,0.8,50
-0.0080146207356586,8.310144,1.1158937,0.5148374,0.9969301,0.37,10.0,0.8,50
0.0063048333429091,8.356471,1.1201491,0.49995574,0.9994863,0.37,10.0,0.8,50
0.0415113315369163,8.237155,1.1098971,0.51102084,0.9713553,0.37,10.0,0.8,50
0.002759197117896,8.360389,1.1182588,0.5101951,0.97464824,0.37,10.0,0.8,50
0.0045332566586286,8.00758,1.1166321,0.506095,0.9971504,0.37,10.0,0.8,50
0.0117478077638082,8.1332445,1.1147858,0.51581746,0.99585605,0.37,10.0,0.8,50
-0.0283500486645618,8.248745,1.1312004,0.508534,0.98386204,0.37,10.0,0.8,50
-0.0110237935268679,8.251017,1.1299038,0.5154201,0.98420155,0.37,10.0,0.8,50
-0.0004106450214066,7.818325,1.1165477,0.5260181,0.98648417,0.37,10.0,0.8,50
0.0186027321202794,8.588379,1.1231408,0.51451737,0.9971818,0.37,10.0,0.8,50
0.0175464421810384,8.44579,1.118206,0.5202854,0.97956836,0.37,10.0,0.8,50
0.0036573020705963,8.156529,1.1173555,0.51056534,0.97692084,0.37,10.0,0.8,50
0.0423560733901721,8.158464,1.1036292,0.50752455,0.9997394,0.37,10.0,0.8,50
-0.0224743177770902,8.271174,1.1320056,0.5299862,0.92819,0.37,10.0,0.8,50
0.0049081711795742,8.245268,1.1247424,0.505147,0.9666604,0.37,10.0,0.8,50
-0.0133639888124093,8.489476,1.1335196,0.526954,0.99891555,0.37,10.0,0.8,50
-0.0010873441456416,7.942436,1.1286712,0.5110879,0.9419297,0.37,10.0,0.8,50
-0.0099394857417271,8.046444,1.1234772,0.5137709,0.9975853,0.37,10.0,0.8,50
0.026673847230453,8.9041195,1.1153382,0.50030875,0.9933429,0.37,10.0,0.8,50
-0.0303209820939175,7.946167,1.121979,0.5202967,0.98404956,0.37,10.0,0.8,50
0.0027792916217995,8.129526,1.1156288,0.5214941,0.97780156,0.37,10.0,0.8,50
0.0134732293816252,7.9587297,1.1115854,0.51774937,0.99678206,0.37,10.0,0.8,50
0.0096894582290223,7.8972545,1.1248738,0.5044783,0.97722006,0.37,10.0,0.8,50
0.0014940538219899,8.080702,1.1185163,0.5146926,0.98393977,0.37,10.0,0.8,50
0.0065399636103454,8.303885,1.1224034,0.5137811,0.9911506,0.37,10.0,0.8,50
0.0273049157425012,8.412361,1.142605,0.5192409,0.99691224,0.37,10.0,0.8,50
-0.0265470073742573,8.021076,1.126503,0.5143422,0.9995359,0.37,10.0,0.8,50
0.023804255703974,8.376837,1.1224658,0.50966597,0.9989561,0.37,10.0,0.8,50
-0.0091224031475003,8.541103,1.121757,0.5256144,0.9937366,0.37,10.0,0.8,50
-0.0315788866154974,8.105012,1.1296003,0.5234319,0.97933555,0.37,10.0,0.8,50
0.0220387570684848,8.339367,1.1180515,0.5029462,0.99454486,0.37,10.0,0.8,50
0.02910494458076,8.450265,1.123275,0.5102864,0.9914236,0.37,10.0,0.8,50
-0.0202108146624858,8.5647135,1.1279187,0.5174627,0.99673975,0.37,10.0,0.8,50
-0.0316472996946153,8.177339,1.106714,0.528046,0.99376786,0.37,10.0,0.8,50
0.0236858188906195,8.640068,1.1220872,0.49108145,0.9846463,0.37,10.0,0.8,50
0.0025057848605363,8.270082,1.1085776,0.51023346,0.98210216,0.37,10.0,0.8,50
0.0157622648484214,8.697494,1.1227096,0.5166878,0.9834293,0.37,10.0,0.8,50
0.0364674541004543,8.417452,1.1269679,0.51452225,0.97693884,0.37,10.0,0.8,50
0.027361346623085,8.111415,1.1208662,0.49369928,0.977334,0.37,10.0,0.8,50
0.0065593002361958,8.172086,1.1128539,0.5255361,0.988852,0.37,10.0,0.8,50
0.0128968396000356,7.9996157,1.1268578,0.49732938,0.9439422,0.37,10.0,0.8,50
0.0375118964211234,8.576236,1.1203552,0.4965924,0.9990115,0.37,10.0,0.8,50
0.0131200587416494,8.194092,1.1258918,0.50815254,0.9691473,0.37,10.0,0.8,50
0.0114800322122414,7.570589,1.1170809,0.50955045,0.98466957,0.37,10.0,0.8,50
-0.0272220466256807,8.321102,1.1326976,0.511022,0.9934554,0.37,10.0,0.8,50
0.0015798917695796,8.329954,1.1102158,0.5187754,0.982244,0.37,10.0,0.8,50
0.0107965759724878,8.636179,1.1243339,0.50936204,0.9952123,0.37,10.0,0.8,50
0.0409185325899603,8.429585,1.1277994,0.5165301,0.99562407,0.37,10.0,0.8,50
0.0297401978583309,8.366676,1.1248562,0.5105639,0.9910164,0.37,10.0,0.8,50
0.0398968251723816,8.083582,1.1231657,0.49481088,0.995288,0.37,10.0,0.8,50
0.031860514060079,8.304143,1.1176784,0.50893193,0.9954618,0.37,10.0,0.8,50
0.0065626849142532,8.401106,1.1251501,0.5195406,0.98392165,0.37,10.0,0.8,50
-0.0020253483010403,7.863715,1.1096048,0.5110802,0.9716617,0.37,10.0,0.8,50
0.0158105961037747,8.334909,1.1263896,0.5182489,0.9899167,0.37,10.0,0.8,50
-0.0328196749873667,7.966669,1.125902,0.537042,0.98915434,0.37,10.0,0.8,50
-0.0331516655197356,8.297363,1.1247112,0.52075857,0.99367976,0.37,10.0,0.8,50
0.0262850058145363,8.359771,1.119916,0.5007029,0.99261725,0.37,10.0,0.8,50
0.0285819684992955,7.9176283,1.1189452,0.49099043,0.99634147,0.37,10.0,0.8,50
0.0220841851580742,8.048106,1.113561,0.5160433,0.9665967,0.37,10.0,0.8,50
-0.003924727346644,8.007318,1.1171639,0.52501947,0.9929004,0.37,10.0,0.8,50
-0.010486031217948,8.608504,1.1229534,0.507407,0.99477255,0.37,10.0,0.8,50
0.0059009263635347,8.3172655,1.1257445,0.49189982,0.9986446,0.37,10.0,0.8,50
-0.0131396395933694,8.22867,1.123987,0.51725835,0.9914241,0.37,10.0,0.8,50
-0.0208649548605167,8.209093,1.1432831,0.5308898,0.90623,0.37,10.0,0.8,50
0.0370336225712099,8.3894,1.1316174,0.49558234,0.99841905,0.37,10.0,0.8,50
-0.0158317204560647,7.741405,1.106869,0.528042,0.9781513,0.37,10.0,0.8,50
0.026813106643421,8.423079,1.1107514,0.5056882,0.9659625,0.37,10.0,0.8,50
0.0321199274862278,8.231369,1.125273,0.5110494,0.98680174,0.37,10.0,0.8,50
0.038289713886197,8.184415,1.1227648,0.52769285,0.9928926,0.37,10.0,0.8,50
0.0249138162921926,7.9535847,1.1024531,0.50047314,0.972852,0.37,10.0,0.8,50
0.0087553772846413,8.678522,1.1269207,0.49947503,0.9884869,0.37,10.0,0.8,50
0.0076979011130732,8.286042,1.1246388,0.5157121,0.9994801,0.37,10.0,0.8,50
0.0225552138003557,8.444204,1.125299,0.5008259,0.98022115,0.37,10.0,0.8,50
0.0133710116913864,8.389593,1.1120287,0.5070656,0.992988,0.37,10.0,0.8,50
-0.0178980034023689,7.8457575,1.1113149,0.51807845,0.97738314,0.37,10.0,0.8,50
-0.0233246954992496,8.064845,1.1342157,0.5182275,0.99838746,0.37,10.0,0.8,50
0.0057048095404768,7.9276433,1.104413,0.51422364,0.9913012,0.37,10.0,0.8,50
-0.014461940000843,8.259402,1.1160338,0.5133503,0.9884449,0.37,10.0,0.8,50
0.01094565759158,8.324707,1.1236172,0.5130019,0.98397064,0.37,10.0,0.8,50
-0.0002639833775312,8.231673,1.1217241,0.5185054,0.9866009,0.37,10.0,0.8,50
0.0411653608183621,8.720327,1.1336907,0.5129049,0.9157622,0.37,10.0,0.8,50
0.028435557274845,8.292452,1.1189024,0.49095544,0.99349594,0.37,10.0,0.8,50
-0.0290666426759858,8.297263,1.124836,0.52417445,0.98012483,0.37,10.0,0.8,50
0.0294765064836214,8.48712,1.1333195,0.5027938,0.98323596,0.37,10.0,0.8,50
0.0134825759759828,8.395505,1.1158895,0.5139065,0.9925165,0.37,10.0,0.8,50
-0.0237035334176857,8.541828,1.1389295,0.5111075,0.9723582,0.37,10.0,0.8,50
0.0375169084857961,8.249763,1.1113644,0.484929,0.9913229,0.37,10.0,0.8,50
-0.0100893865617293,8.306363,1.1316648,0.5112296,0.9832498,0.37,10.0,0.8,50
0.0657905298904333,7.946558,1.1314825,0.5043188,0.98669195,0.37,10.0,0.8,50
0.0129759780521499,8.226261,1.1158502,0.5070996,0.9959487,0.37,10.0,0.8,50
0.0012754379171232,8.302043,1.1268408,0.5286484,0.9985634,0.37,10.0,0.8,50
0.0045995603060589,8.279076,1.1325125,0.50894177,0.9789144,0.37,10.0,0.8,50
0.0032435659722908,8.60195,1.1206994,0.51877147,0.9920994,0.37,10.0,0.8,50
0.0085211071888161,8.455749,1.1314954,0.50801736,0.969815,0.37,10.0,0.8,50
0.040373288586153,8.222384,1.128089,0.50708896,0.97414947,0.37,10.0,0.8,50
-0.0128958962483113,8.00025,1.1302007,0.5185075,0.9543706,0.37,10.0,0.8,50
-0.0089023581163843,8.585306,1.1305418,0.5079296,0.94076693,0.37,10.0,0.8,50
0.0391288570851587,8.740311,1.1279372,0.49796763,0.98982716,0.37,10.0,0.8,50
0.010636992854113,8.69063,1.1148541,0.5112494,0.99300766,0.37,10.0,0.8,50
0.0067597215002475,8.2350645,1.1176633,0.5131357,0.9796915,0.37,10.0,0.8,50
0.0037505813284293,8.445604,1.1317296,0.50037724,0.9917276,0.37,10.0,0.8,50
0.0125065666603642,8.220368,1.1238269,0.51232743,0.993271,0.37,10.0,0.8,50
-0.0235076580367274,8.2252035,1.1346186,0.5198864,0.94489694,0.37,10.0,0.8,50
0.0343781617233873,8.363364,1.1173768,0.49930882,0.96819603,0.37,10.0,0.8,50
0.0087682299906981,8.444489,1.1256737,0.51545084,0.9745128,0.37,10.0,0.8,50
-0.0212657470276901,8.107429,1.1266639,0.5248807,0.96387625,0.37,10.0,0.8,50
0.0104168932930717,7.9733815,1.106479,0.52680594,0.9755523,0.37,10.0,0.8,50
0.011374175481956,8.740649,1.1414304,0.49888876,0.9893004,0.37,10.0,0.8,50
-0.0141853367150162,7.758045,1.1175296,0.50668764,0.98549163,0.37,10.0,0.8,50
-0.0183649399826646,8.623076,1.1188449,0.5252628,0.9784453,0.37,10.0,0.8,50
0.0103468111240664,7.9660444,1.1126662,0.50857925,0.989612,0.37,10.0,0.8,50
-0.0017038191496992,8.495889,1.1292769,0.50225925,0.96666956,0.37,10.0,0.8,50
-0.0045508675601895,8.319695,1.1216623,0.5015583,0.9835168,0.37,10.0,0.8,50
-0.0083497793847622,8.094743,1.1177974,0.5033074,0.9959408,0.37,10.0,0.8,50
-0.0300397663675872,8.154099,1.1226238,0.517614,0.9944303,0.37,10.0,0.8,50
0.0103498782791904,8.381401,1.1352187,0.50607187,0.9595145,0.37,10.0,0.8,50
0.0083154562731694,8.379508,1.1218095,0.51163346,0.97652936,0.37,10.0,0.8,50
0.0444769619030659,8.015888,1.1170979,0.5083948,0.99823415,0.37,10.0,0.8,50
0.013748978769313,8.701682,1.1244805,0.5078284,0.9913392,0.37,10.0,0.8,50
-0.0122390768914249,8.01297,1.1182723,0.5150004,0.9573091,0.37,10.0,0.8,50
0.0298518880385926,8.161937,1.1398073,0.51170504,0.9608133,0.37,10.0,0.8,50
0.0073052416433835,8.439458,1.1237656,0.51617366,0.9843271,0.37,10.0,0.8,50
0.015814028212478,7.8745666,1.1131748,0.5104091,0.99253285,0.37,10.0,0.8,50
0.001047693644156,8.0152235,1.1214691,0.51048607,0.9906757,0.37,10.0,0.8,50
-0.0039442541878982,8.068452,1.123536,0.50146335,0.9899764,0.37,10.0,0.8,50
0.0065573132504298,8.378812,1.1278099,0.50654876,0.98787105,0.37,10.0,0.8,50
-0.0112692189216613,7.910339,1.111336,0.5114609,0.99803615,0.37,10.0,0.8,50
-0.0280201166035742,8.359251,1.133552,0.5199467,0.99370086,0.37,10.0,0.8,50
-0.0026559030543492,7.9906225,1.0942689,0.5138307,0.98115647,0.37,10.0,0.8,50
-0.0116837668285689,7.6862874,1.1156646,0.51080954,0.97632563,0.37,10.0,0.8,50
0.0216789991495995,8.459115,1.128094,0.51328874,0.9895867,0.37,10.0,0.8,50
-0.0233465559655727,8.319736,1.1302596,0.538423,0.9872464,0.37,10.0,0.8,50
0.0067701676437974,7.9675784,1.1161611,0.5185155,0.9816439,0.37,10.0,0.8,50
-0.0170509349567264,8.160823,1.1218419,0.5182891,0.9839817,0.37,10.0,0.8,50
-0.0521311221841993,8.349557,1.1133745,0.523886,0.99927354,0.37,10.0,0.8,50
-0.0289689422053331,8.2019005,1.1270419,0.51752657,0.99705935,0.37,10.0,0.8,50
-0.0264314524288284,8.075471,1.1077586,0.50695425,0.9879737,0.37,10.0,0.8,50
0.0038474527950393,8.235138,1.1153888,0.5098327,0.9970957,0.37,10.0,0.8,50
0.0569320915797569,8.514876,1.1232313,0.49514985,0.99797237,0.37,10.0,0.8,50
0.0097626576343728,8.1573515,1.1179659,0.50196713,0.95004225,0.37,10.0,0.8,50
0.00174650261522,8.594745,1.1372899,0.51415896,0.9928093,0.37,10.0,0.8,50
0.018329890746644,8.063126,1.1335216,0.5070072,0.9687487,0.37,10.0,0.8,50
-0.0073805610427643,8.357904,1.1258023,0.52308095,0.97354746,0.37,10.0,0.8,50
0.0186317884988624,8.131705,1.125629,0.5097886,0.99296665,0.37,10.0,0.8,50
0.0295280179497915,8.094268,1.1137571,0.5026205,0.99984,0.37,10.0,0.8,50
-0.0124405864763526,8.285997,1.13077,0.50405294,0.9599854,0.37,10.0,0.8,50
-0.0183722491104509,8.177243,1.1025323,0.5096933,0.9968195,0.37,10.0,0.8,50
0.0265762442050699,7.9900327,1.1035839,0.50840455,0.99154174,0.37,10.0,0.8,50
0.0131579223291833,8.213015,1.1222682,0.51442295,0.9941305,0.37,10.0,0.8,50
-0.0202919209336435,7.9508333,1.1303817,0.51842314,0.9421866,0.37,10.0,0.8,50
-0.0009933429057371,7.818322,1.114557,0.50372964,0.97998536,0.37,10.0,0.8,50
0.0283527048739641,8.427475,1.1234554,0.49290693,0.9815302,0.37,10.0,0.8,50
0.0126311525952216,8.351612,1.123607,0.5175809,0.98165286,0.37,10.0,0.8,50
-0.00927826417891,8.598011,1.1164403,0.5159315,0.9843987,0.37,10.0,0.8,50
0.028460929273893,8.098608,1.1150652,0.5177039,0.99098444,0.37,10.0,0.8,50
0.0023959477786911,8.49012,1.1153765,0.5288916,0.9959171,0.37,10.0,0.8,50
0.0070340699456923,8.230489,1.1231148,0.519386,0.9856849,0.37,10.0,0.8,50
-0.0072351048112581,8.5042715,1.1169734,0.51151645,0.9950328,0.37,10.0,0.8,50
-0.0135760579695248,8.51728,1.1144892,0.5187616,0.99389446,0.37,10.0,0.8,50
0.0071862518454397,8.56504,1.1195362,0.51049805,0.9768263,0.37,10.0,0.8,50
-0.0242059522234527,8.151027,1.1226244,0.5120438,0.96551764,0.37,10.0,0.8,50
0.0184196630936095,8.417707,1.1361701,0.5306373,0.97473145,0.37,10.0,0.8,50
-0.0205110523953784,8.514085,1.1231251,0.5129028,0.99025464,0.37,10.0,0.8,50
0.0203974359927896,7.8807797,1.1335204,0.51328784,0.95469,0.37,10.0,0.8,50
0.0055966046269379,8.169694,1.1242261,0.51422155,0.97061324,0.37,10.0,0.8,50
0.0233069639898545,8.096167,1.1227522,0.50350314,0.98944664,0.37,10.0,0.8,50
0.0204747194151638,7.9739933,1.1312329,0.5171707,0.97751784,0.37,10.0,0.8,50
0.0053035319850431,8.387527,1.1102321,0.5036445,0.97758806,0.37,10.0,0.8,50
-0.0122094101745989,8.2337475,1.1151798,0.51287323,0.9999652,0.37,10.0,0.8,50
0.0056176081183236,8.498862,1.1309043,0.5132845,0.9808477,0.37,10.0,0.8,50
0.0202704751424949,8.258112,1.1183019,0.526069,0.9799644,0.37,10.0,0.8,50
0.0341938569159481,8.605667,1.1332886,0.49964806,0.9579103,0.37,10.0,0.8,50
0.0262201074781364,8.320365,1.1075622,0.51066905,0.9789164,0.37,10.0,0.8,50
0.0043377041949906,8.134139,1.1305139,0.5109095,0.9835309,0.37,10.0,0.8,50
-0.0209240903135118,8.552042,1.1268535,0.52529067,0.99588025,0.37,10.0,0.8,50
-0.0127476391046406,8.347791,1.124889,0.5189228,0.9629973,0.37,10.0,0.8,50
0.0212027564661462,8.573037,1.1226716,0.51547,0.9863819,0.37,10.0,0.8,50
-0.0112534006747453,8.437422,1.1287037,0.51717955,0.9796772,0.37,10.0,0.8,50
0.0091672374682719,7.879389,1.1131797,0.51525,0.98024714,0.37,10.0,0.8,50
0.0262405940007897,7.913257,1.1069432,0.5088962,0.98411775,0.37,10.0,0.8,50
0.0181831793012565,8.383356,1.1343511,0.51434547,0.9654796,0.37,10.0,0.8,50
0.0295063174903059,8.963924,1.1314422,0.5114842,0.98357546,0.37,10.0,0.8,50
-0.0229045850471411,8.411849,1.1245008,0.5145747,0.9875976,0.37,10.0,0.8,50
0.0032325259267284,8.568862,1.1200576,0.50736475,0.9949291,0.37,10.0,0.8,50
0.0090125261871508,8.751443,1.1388327,0.50957406,0.98705995,0.37,10.0,0.8,50
-0.0170782388122388,8.003743,1.119766,0.50637573,0.9751462,0.37,10.0,0.8,50
0.0413098284652113,8.48156,1.12876,0.49569923,0.9800714,0.37,10.0,0.8,50
-0.0192280058088249,8.737602,1.131718,0.52261996,0.9832612,0.37,10.0,0.8,50
-0.0208553018516668,8.175364,1.1297679,0.5200992,0.98360217,0.37,10.0,0.8,50
-0.00122076563329,8.538109,1.1328331,0.51268476,0.99559987,0.37,10.0,0.8,50
0.0103724948520766,8.125544,1.12024,0.5112608,0.9584794,0.37,10.0,0.8,50
0.027020942592088,8.069507,1.1195107,0.51267093,0.9791938,0.37,10.0,0.8,50
0.0137469571395959,8.15886,1.1275826,0.502127,0.9960762,0.37,10.0,0.8,50
0.0416960745017621,8.159831,1.1209466,0.50682443,0.9758611,0.37,10.0,0.8,50
0.0259312665928675,8.250781,1.116672,0.51647884,0.9977509,0.37,10.0,0.8,50
0.0327460157937843,8.240617,1.1105235,0.4982459,0.98662376,0.37,10.0,0.8,50
-0.0112060938067942,7.767197,1.1038074,0.5153592,0.9916376,0.37,10.0,0.8,50
0.0067909573709498,8.107748,1.1088737,0.5139776,0.98661315,0.37,10.0,0.8,50
0.1013317327929428,8.180161,1.2469674,0.5658784,0.996222,0.38,10.0,0.8,51
0.0805911111806368,8.288005,1.2643743,0.56349087,0.98350906,0.38,10.0,0.8,51
0.0895536473929407,8.439143,1.261748,0.5643334,0.9853096,0.38,10.0,0.8,51
0.0929160083649329,8.251472,1.2782868,0.5740389,0.97026956,0.38,10.0,0.8,51
0.086181319077388,8.536025,1.2734866,0.5722832,0.9279226,0.38,10.0,0.8,51
0.0988289704765502,8.821393,1.2677042,0.5639551,0.99772024,0.38,10.0,0.8,51
0.1141238583380094,8.279334,1.2501459,0.5570448,0.974553,0.38,10.0,0.8,51
0.0911649517646202,8.054474,1.2723104,0.5573114,0.94887257,0.38,10.0,0.8,51
0.1057533230515943,8.415451,1.2712523,0.5628951,0.9193332,0.38,10.0,0.8,51
0.1197490976065476,7.998498,1.2504046,0.55271035,0.9916321,0.38,10.0,0.8,51
0.0826248478016739,8.242851,1.2708015,0.5753971,0.9695264,0.38,10.0,0.8,51
0.0937852572382919,8.600044,1.2804966,0.5725013,0.9900181,0.38,10.0,0.8,51
0.1407321826671732,8.757621,1.2701287,0.5775233,0.97209394,0.38,10.0,0.8,51
0.1428712515843642,8.410428,1.2696455,0.54606783,0.9921025,0.38,10.0,0.8,51
0.0982732035892395,8.661824,1.2603424,0.5778618,0.9760231,0.38,10.0,0.8,51
0.078024946167235,8.446544,1.2542216,0.57255775,0.99436426,0.38,10.0,0.8,51
0.0857911747241842,8.689545,1.2666956,0.57463926,0.9793993,0.38,10.0,0.8,51
0.1072030891853555,8.19972,1.2455543,0.55862445,0.99868,0.38,10.0,0.8,51
0.08738382272948,7.9431405,1.2515023,0.56185275,0.99649835,0.38,10.0,0.8,51
0.0876493697937983,8.26125,1.2753761,0.5757149,0.9565408,0.38,10.0,0.8,51
0.1218709296927211,8.606904,1.2639503,0.5470071,0.9669777,0.38,10.0,0.8,51
0.0793040764300197,8.3902025,1.2727752,0.55970937,0.91561186,0.38,10.0,0.8,51
0.1347904325328391,8.274553,1.2580574,0.5440179,0.98879313,0.38,10.0,0.8,51
0.1030028601729901,8.453431,1.2714365,0.5693477,0.9949851,0.38,10.0,0.8,51
0.1455516034993948,8.550535,1.2487547,0.557604,0.99992514,0.38,10.0,0.8,51
0.0795377460398787,8.482008,1.2689776,0.56339175,0.9982687,0.38,10.0,0.8,51
0.1115856995241079,7.981669,1.2293998,0.54404867,0.98724914,0.38,10.0,0.8,51
0.129590151703326,8.377858,1.2574756,0.5661507,0.9869536,0.38,10.0,0.8,51
0.1179732540494883,8.522005,1.2752333,0.5745738,0.99696124,0.38,10.0,0.8,51
0.0658184602469285,8.358393,1.2732549,0.566413,0.96611285,0.38,10.0,0.8,51
0.1018822346897277,8.355642,1.2523013,0.5520165,0.9918333,0.38,10.0,0.8,51
0.1278528154054434,8.716488,1.2438844,0.56124634,0.9945415,0.38,10.0,0.8,51
0.1025754443100339,8.3728895,1.2740895,0.55640125,0.9753865,0.38,10.0,0.8,51
0.077921606701312,8.056705,1.2766533,0.5695501,0.9502959,0.38,10.0,0.8,51
0.1201294013359818,8.404903,1.2770396,0.564254,0.95312965,0.38,10.0,0.8,51
0.1207437555480066,8.439808,1.275421,0.5490678,0.9051379,0.38,10.0,0.8,51
0.0685119522863737,8.557974,1.2624834,0.5600903,0.97858346,0.38,10.0,0.8,51
0.1306510680019065,8.8198595,1.298534,0.5533764,0.9068017,0.38,10.0,0.8,51
0.1467564067031091,8.692093,1.2580551,0.53502303,0.995309,0.38,10.0,0.8,51
0.1233896779836963,8.369614,1.2678988,0.56960803,0.9991051,0.38,10.0,0.8,51
0.0999046389784673,8.324578,1.2608472,0.5737194,0.99185276,0.38,10.0,0.8,51
0.1126131219332667,8.546492,1.2829492,0.57481533,0.9495102,0.38,10.0,0.8,51
0.1191006040952566,8.661218,1.287152,0.5513843,0.96380866,0.38,10.0,0.8,51
0.0866213868796351,8.460356,1.2502027,0.5555787,0.99869764,0.38,10.0,0.8,51
0.1309713838966835,8.600025,1.252719,0.54567194,0.9862876,0.38,10.0,0.8,51
0.1214884153259844,8.373068,1.2571603,0.5502033,0.9784751,0.38,10.0,0.8,51
0.1172825031837038,8.415662,1.2685862,0.5674528,0.9898484,0.38,10.0,0.8,51
0.1216690043340627,8.567684,1.2669444,0.5542342,0.98406756,0.38,10.0,0.8,51
0.1316222266189615,8.44257,1.2465893,0.55486566,0.985764,0.38,10.0,0.8,51
0.0875499097991052,8.272624,1.250684,0.5582499,0.99551046,0.38,10.0,0.8,51
0.093690785020985,8.441381,1.2539178,0.5796581,0.983343,0.38,10.0,0.8,51
0.1224402891103405,7.876911,1.2593479,0.5690661,0.95292556,0.38,10.0,0.8,51
0.1015153485153967,8.302418,1.2606283,0.557311,0.97972155,0.38,10.0,0.8,51
0.0772029026598133,8.408759,1.2545583,0.57140803,0.9981973,0.38,10.0,0.8,51
0.1079416835289102,8.662191,1.2613846,0.56713647,0.99281657,0.38,10.0,0.8,51
0.1018497059212439,8.397389,1.2654703,0.554261,0.9499049,0.38,10.0,0.8,51
0.1370655256063931,8.407579,1.2769415,0.5642803,0.97820103,0.38,10.0,0.8,51
0.0869899861667137,8.189757,1.2547094,0.57794833,0.9863876,0.38,10.0,0.8,51
0.1034337629981003,9.106477,1.2742659,0.5689444,0.9963156,0.38,10.0,0.8,51
0.1132873233218408,8.522904,1.2713357,0.5748719,0.99626195,0.38,10.0,0.8,51
0.1146861141113766,8.471293,1.247198,0.570915,0.98493445,0.38,10.0,0.8,51
0.150327764576879,8.411351,1.2574399,0.55434877,0.99581623,0.38,10.0,0.8,51
0.0917708462176335,8.555803,1.2678862,0.5803313,0.99073076,0.38,10.0,0.8,51
0.1184945531941219,8.382064,1.2420024,0.57288915,0.9931121,0.38,10.0,0.8,51
0.0851689905677613,8.312977,1.2582117,0.5691403,0.9513273,0.38,10.0,0.8,51
0.1429609909209395,8.488992,1.2485546,0.5568781,0.97378993,0.38,10.0,0.8,51
0.1198624974005418,8.123725,1.266209,0.5581519,0.9676248,0.38,10.0,0.8,51
0.1407863234967704,8.200979,1.2616785,0.55862194,0.97393644,0.38,10.0,0.8,51
0.1041950299796754,8.673699,1.2775315,0.55813855,0.9763477,0.38,10.0,0.8,51
0.096826635365777,8.234437,1.2577215,0.56730485,0.95794344,0.38,10.0,0.8,51
0.1105662035347612,8.5872965,1.2867563,0.5662796,0.9395399,0.38,10.0,0.8,51
0.1347472090936149,8.508229,1.2578697,0.5633137,0.98965466,0.38,10.0,0.8,51
0.0966944767878605,8.52375,1.2676867,0.5766836,0.97432923,0.38,10.0,0.8,51
0.1194198133281434,8.276206,1.2713721,0.5689791,0.9785969,0.38,10.0,0.8,51
0.126745041748573,8.266037,1.2579818,0.54873776,0.99309576,0.38,10.0,0.8,51
0.1229326248523094,8.156789,1.2696582,0.5670873,0.9755349,0.38,10.0,0.8,51
0.0952016188775829,8.253029,1.2641075,0.5483077,0.9808042,0.38,10.0,0.8,51
0.1222964624764116,8.715291,1.283704,0.5591076,0.9479505,0.38,10.0,0.8,51
0.1187083155887512,8.349388,1.2596914,0.5624679,0.94360316,0.38,10.0,0.8,51
0.0503980335518915,8.539835,1.259912,0.57680684,0.98803496,0.38,10.0,0.8,51
0.1006572748887444,8.365189,1.2739241,0.5647733,0.94446146,0.38,10.0,0.8,51
0.1072265251726307,8.669422,1.2632476,0.56620896,0.9704443,0.38,10.0,0.8,51
0.1031797890397534,8.305074,1.2654016,0.56376374,0.9915973,0.38,10.0,0.8,51
0.1040795747114429,8.349534,1.2775966,0.57046044,0.9912423,0.38,10.0,0.8,51
0.10064186724554,8.560026,1.2856398,0.56839114,0.9413854,0.38,10.0,0.8,51
0.1255875334499369,8.376622,1.2629824,0.5525629,0.98477876,0.38,10.0,0.8,51
0.0957343115515671,8.092587,1.2645907,0.5631998,0.9920913,0.38,10.0,0.8,51
0.1123259616568487,8.49027,1.2840275,0.5684157,0.9153472,0.38,10.0,0.8,51
0.0919224991886938,8.33349,1.2641587,0.58164364,0.95857275,0.38,10.0,0.8,51
0.1028016722550126,8.70481,1.2732868,0.56320316,0.9825916,0.38,10.0,0.8,51
0.0961580012394831,8.611698,1.2711793,0.5568896,0.97191775,0.38,10.0,0.8,51
0.0576795396981884,7.984565,1.2702383,0.5820337,0.99856484,0.38,10.0,0.8,51
0.0947823435634137,8.716818,1.2761294,0.5778628,0.98769486,0.38,10.0,0.8,51
0.087642997539328,8.379971,1.2717106,0.568938,0.95536387,0.38,10.0,0.8,51
0.0910912686203772,8.35455,1.2393733,0.5513455,0.97164106,0.38,10.0,0.8,51
0.1197893917478364,8.936335,1.2602012,0.5553489,0.9821539,0.38,10.0,0.8,51
0.1212701875752416,8.695434,1.2626288,0.57562596,0.98013353,0.38,10.0,0.8,51
0.0939692542230418,8.225704,1.2403272,0.561266,0.9900453,0.38,10.0,0.8,51
0.1099342873368402,8.431201,1.2510998,0.55299425,0.97153676,0.38,10.0,0.8,51
0.0837781271542415,8.546317,1.2718867,0.5829836,0.9900805,0.38,10.0,0.8,51
0.0916092536379867,8.4324465,1.2758397,0.5520068,0.92714393,0.38,10.0,0.8,51
0.0957110521685855,8.02635,1.2631065,0.5680762,0.9856632,0.38,10.0,0.8,51
0.1368419320741446,8.464454,1.2655522,0.561878,0.9711808,0.38,10.0,0.8,51
0.143086369102134,8.505369,1.2575626,0.5586215,0.98033154,0.38,10.0,0.8,51
0.1205033159382463,8.075166,1.2506131,0.57014966,0.9991745,0.38,10.0,0.8,51
0.0716042785998681,8.345904,1.2576284,0.56523174,0.97505164,0.38,10.0,0.8,51
0.0842580020914659,8.493229,1.2549639,0.5541566,0.9871882,0.38,10.0,0.8,51
0.0909830201146457,8.508868,1.2605932,0.5698263,0.997043,0.38,10.0,0.8,51
0.1038076038714745,8.257099,1.2545503,0.5737436,0.9890343,0.38,10.0,0.8,51
0.1146500053911689,8.460961,1.258553,0.5625982,0.99119365,0.38,10.0,0.8,51
0.0797555205044126,7.9815626,1.2561247,0.5924248,0.9966639,0.38,10.0,0.8,51
0.1235025346032504,8.256987,1.2513467,0.5636796,0.99149966,0.38,10.0,0.8,51
0.1041538544358878,8.45881,1.272807,0.56803495,0.9939854,0.38,10.0,0.8,51
0.0936923600457391,8.225852,1.2739282,0.571286,0.9810499,0.38,10.0,0.8,51
0.0900891460600835,7.9138803,1.2522118,0.55750257,0.99027574,0.38,10.0,0.8,51
0.0673709061670682,8.512106,1.2825516,0.5737903,0.9580003,0.38,10.0,0.8,51
0.1108288708896788,8.832386,1.2752417,0.5620353,0.993464,0.38,10.0,0.8,51
0.1176978138688388,8.377126,1.2745767,0.584082,0.9911579,0.38,10.0,0.8,51
0.113654753864602,8.203583,1.2598782,0.55561537,0.9955225,0.38,10.0,0.8,51
0.100481500620551,8.732749,1.269579,0.5669053,0.9738579,0.38,10.0,0.8,51
0.091348119902674,8.389817,1.2611815,0.5626707,0.99080324,0.38,10.0,0.8,51
0.1187588029401055,8.439928,1.2776726,0.5716951,0.9860035,0.38,10.0,0.8,51
0.1208069515987163,8.208218,1.2526999,0.5552884,0.98394954,0.38,10.0,0.8,51
0.0798514985001055,8.917153,1.2651042,0.5636627,0.9989877,0.38,10.0,0.8,51
0.123451766183585,8.553047,1.2732251,0.57649326,0.9740242,0.38,10.0,0.8,51
0.1051717614191596,8.673392,1.2605046,0.57330024,0.9976239,0.38,10.0,0.8,51
0.1017223448715412,8.799443,1.2854612,0.5680535,0.95739865,0.38,10.0,0.8,51
0.1132849474433878,8.372155,1.272984,0.5581653,0.9529873,0.38,10.0,0.8,51
0.130245440758824,8.495202,1.2746211,0.5693026,0.9817709,0.38,10.0,0.8,51
0.0759499597169992,8.2926655,1.2589968,0.5583327,0.96431744,0.38,10.0,0.8,51
0.1174602367087447,8.080255,1.2664976,0.5626534,0.98418045,0.38,10.0,0.8,51
0.0713230615964935,8.528404,1.2761272,0.5645838,0.98683286,0.38,10.0,0.8,51
0.1263389245597374,8.5275135,1.2445304,0.5718511,0.9715395,0.38,10.0,0.8,51
0.1213041075547114,8.193766,1.262641,0.5675403,0.98090553,0.38,10.0,0.8,51
0.1086578490917499,8.25125,1.2763608,0.5625078,0.960243,0.38,10.0,0.8,51
0.1092149313160215,8.505819,1.2575033,0.55843353,0.9902806,0.38,10.0,0.8,51
0.1071835470174288,8.41564,1.259985,0.5536168,0.9356836,0.38,10.0,0.8,51
0.102450666387138,8.563035,1.2896329,0.56474787,0.9656049,0.38,10.0,0.8,51
0.089913926410422,8.475791,1.2708625,0.5726568,0.9997399,0.38,10.0,0.8,51
0.0957356480211414,8.1980715,1.2549987,0.5737936,0.99634266,0.38,10.0,0.8,51
0.1044952572890871,8.419562,1.257184,0.5556828,0.9794245,0.38,10.0,0.8,51
0.1276583323946682,8.7196455,1.2728657,0.5640767,0.9611007,0.38,10.0,0.8,51
0.0628088647908177,8.289159,1.2683101,0.5637465,0.9540316,0.38,10.0,0.8,51
0.1179697733861381,8.5522995,1.2548225,0.5505013,0.9957943,0.38,10.0,0.8,51
0.1046560052219057,8.5121155,1.2494589,0.5681213,0.9745836,0.38,10.0,0.8,51
0.0818831009371527,7.975551,1.2554435,0.56788814,0.99149,0.38,10.0,0.8,51
0.0883727812071377,8.214455,1.2671065,0.56540996,0.97735023,0.38,10.0,0.8,51
0.1151323373577006,8.504725,1.2651962,0.55926466,0.9524789,0.38,10.0,0.8,51
0.119697455651564,8.4380245,1.2612705,0.5426531,0.9955311,0.38,10.0,0.8,51
0.102352739273395,8.19738,1.2638464,0.5674933,0.94691825,0.38,10.0,0.8,51
0.0892218886357719,8.286603,1.2563617,0.5574233,0.99552464,0.38,10.0,0.8,51
0.1003356033294839,8.183236,1.2649205,0.56198454,0.98612535,0.38,10.0,0.8,51
0.0983168907671455,8.234814,1.2588367,0.5740615,0.9867686,0.38,10.0,0.8,51
0.0797904527041893,8.473431,1.2591932,0.57194865,0.98715997,0.38,10.0,0.8,51
0.1001195491972905,8.67969,1.2853733,0.58133775,0.97208595,0.38,10.0,0.8,51
0.1138574262715144,8.486329,1.2655158,0.5594996,0.98736763,0.38,10.0,0.8,51
0.118327277884243,8.448263,1.2528566,0.5739674,0.9887514,0.38,10.0,0.8,51
0.1161426266890305,8.377143,1.2668264,0.55405676,0.9903517,0.38,10.0,0.8,51
0.1145184295259673,8.343287,1.2563565,0.54796684,0.99968576,0.38,10.0,0.8,51
0.0985207260394918,8.468071,1.266849,0.562369,0.9852934,0.38,10.0,0.8,51
0.069743375069899,8.420048,1.2540658,0.56620026,0.9803357,0.38,10.0,0.8,51
0.1151363821307923,8.102856,1.2362595,0.5512121,0.98686814,0.38,10.0,0.8,51
0.1026665721458212,8.628325,1.282386,0.5604534,0.9845828,0.38,10.0,0.8,51
0.1003782550295721,8.245274,1.2734344,0.57365054,0.98495305,0.38,10.0,0.8,51
0.1143602374706723,8.360764,1.2621651,0.54343766,0.9909798,0.38,10.0,0.8,51
0.1029982342049677,8.606709,1.2538801,0.57782733,0.9793136,0.38,10.0,0.8,51
0.0932823735902416,8.385501,1.2600421,0.56526834,0.99845195,0.38,10.0,0.8,51
0.094993040160728,8.84064,1.2553796,0.5642047,0.9827918,0.38,10.0,0.8,51
0.0962419543633094,8.485225,1.2752372,0.56832415,0.9556947,0.38,10.0,0.8,51
0.1069067134755992,8.577068,1.2675363,0.5711971,0.9355105,0.38,10.0,0.8,51
0.1011654601615683,8.489904,1.2694718,0.576407,0.9650793,0.38,10.0,0.8,51
0.1158893238087864,8.72326,1.2596244,0.5568575,0.9812108,0.38,10.0,0.8,51
0.1171073979597825,8.408422,1.2597471,0.5507686,0.9988408,0.38,10.0,0.8,51
0.1048831478139133,8.326333,1.2773105,0.56300735,0.92186224,0.38,10.0,0.8,51
0.1265655147744742,8.386598,1.2825623,0.56399244,0.96604717,0.38,10.0,0.8,51
0.0604838687658942,7.9463305,1.2940706,0.5737176,0.8566811,0.38,10.0,0.8,51
0.118152058821458,8.383366,1.2570363,0.5606387,0.99278295,0.38,10.0,0.8,51
0.0811832606925256,8.452948,1.2614523,0.56771946,0.99427223,0.38,10.0,0.8,51
0.1018437748562435,8.408833,1.2587388,0.57137334,0.99471986,0.38,10.0,0.8,51
0.094939760410501,8.595844,1.2674544,0.57289135,0.9412695,0.38,10.0,0.8,51
0.1049030441668685,8.032535,1.2602652,0.5561984,0.9882574,0.38,10.0,0.8,51
0.1293310619172114,8.251902,1.2714305,0.56702805,0.96801615,0.38,10.0,0.8,51
0.0829778891090372,8.042102,1.2589058,0.57157123,0.96910083,0.38,10.0,0.8,51
0.1070157442421748,8.629217,1.2582809,0.57659554,0.97576654,0.38,10.0,0.8,51
0.098517156165854,8.571515,1.2603521,0.5662496,0.9669899,0.38,10.0,0.8,51
0.0734079729631661,8.145507,1.2476704,0.568543,0.99295485,0.38,10.0,0.8,51
0.0960424217001512,8.165899,1.2497199,0.56107676,0.9561069,0.38,10.0,0.8,51
0.1068552215282733,8.767543,1.2702941,0.5699357,0.9872836,0.38,10.0,0.8,51
0.0904742584279108,8.315332,1.2585559,0.56140745,0.98617244,0.38,10.0,0.8,51
0.1411993598634431,8.4217415,1.2660061,0.558793,0.9996463,0.38,10.0,0.8,51
0.1145786587034675,8.637341,1.2510401,0.56544125,0.9981183,0.38,10.0,0.8,51
0.082402121531236,8.43613,1.2793467,0.5755896,0.92500854,0.38,10.0,0.8,51
0.1066131702089183,7.9606724,1.2620436,0.5653372,0.9793185,0.38,10.0,0.8,51
0.1213588050012563,8.351756,1.2598839,0.5539084,0.97186947,0.38,10.0,0.8,51
0.1207167069260574,8.315576,1.2728748,0.55974483,0.98271203,0.38,10.0,0.8,51
0.1230061488164198,8.521884,1.2717805,0.5606138,0.9889525,0.38,10.0,0.8,51
0.1143793417831947,8.574803,1.2682319,0.56338197,0.97010815,0.38,10.0,0.8,51
0.1248906950356157,8.355756,1.2581432,0.5614804,0.98214054,0.38,10.0,0.8,51
0.0825446007371897,8.41178,1.2795427,0.5547655,0.96409583,0.38,10.0,0.8,51
0.112297337984849,8.328085,1.263607,0.5543236,0.9628035,0.38,10.0,0.8,51
0.0982954264066579,8.609085,1.2760879,0.57176715,0.9659971,0.38,10.0,0.8,51
0.1187914144935911,8.342383,1.2522447,0.5522477,0.9981549,0.38,10.0,0.8,51
0.1224673595833209,8.622029,1.2738951,0.5436049,0.97870517,0.38,10.0,0.8,51
0.0931598647595716,8.591939,1.2659463,0.575139,0.9892237,0.38,10.0,0.8,51
0.1226576932810978,8.286348,1.2683866,0.5594705,0.96943927,0.38,10.0,0.8,51
0.1116787373165869,8.64634,1.270795,0.552795,0.9855828,0.38,10.0,0.8,51
0.1032442402270491,8.241425,1.2719121,0.5647528,0.9575485,0.38,10.0,0.8,51
0.0930941371968317,8.302389,1.2643518,0.5683649,0.96063197,0.38,10.0,0.8,51
0.0631366958618164,8.389035,1.2712828,0.5684253,0.9608576,0.38,10.0,0.8,51
0.1150148631634699,8.376148,1.2656568,0.56577384,0.9729614,0.38,10.0,0.8,51
0.0938259346352331,8.018799,1.2663593,0.57698274,0.9179461,0.38,10.0,0.8,51
0.1045579865756654,8.463578,1.258884,0.5791488,0.9976251,0.38,10.0,0.8,51
0.098993220200273,8.205264,1.2505558,0.56304204,0.9876306,0.38,10.0,0.8,51
0.1196186680730521,8.413661,1.2465749,0.55851215,0.9998629,0.38,10.0,0.8,51
0.118944597972799,8.289,1.273231,0.5816866,0.98768187,0.38,10.0,0.8,51
0.132357501396766,8.284908,1.2551767,0.54473835,0.9881103,0.38,10.0,0.8,51
0.1101172153108632,8.39916,1.2611955,0.55203384,0.97945464,0.38,10.0,0.8,51
0.0934468875146355,8.744803,1.2817347,0.581709,0.9834031,0.38,10.0,0.8,51
0.0922513350630944,8.217506,1.2467488,0.55210716,0.9835423,0.38,10.0,0.8,51
0.0905190356479715,8.340255,1.2721916,0.57141304,0.9814464,0.38,10.0,0.8,51
0.0908487331076705,8.627467,1.2696631,0.55968624,0.9817085,0.38,10.0,0.8,51
0.0792719334417692,8.202394,1.2755826,0.57251793,0.9409187,0.38,10.0,0.8,51
0.1236686389933214,8.319214,1.2645818,0.5637709,0.9960202,0.38,10.0,0.8,51
0.1128855953621295,8.042818,1.2725528,0.57332337,0.9718174,0.38,10.0,0.8,51
0.1255162580171377,8.200195,1.2623278,0.56331295,0.9506242,0.38,10.0,0.8,51
0.092019037605913,8.396721,1.2602532,0.55104095,0.9644753,0.38,10.0,0.8,51
0.104057289103298,7.892869,1.2669592,0.5741563,0.95169806,0.38,10.0,0.8,51
0.1155280326215911,8.514633,1.2668808,0.5847605,0.99876976,0.38,10.0,0.8,51
0.0618372512685841,7.9951954,1.2594163,0.5834467,0.9960731,0.38,10.0,0.8,51
0.1143303377622002,8.428674,1.2575994,0.58035743,0.99234045,0.38,10.0,0.8,51
0.0948124448943201,8.475761,1.2782552,0.56783384,0.9767128,0.38,10.0,0.8,51
0.1066262927169192,8.45861,1.2894968,0.5567025,0.95529914,0.38,10.0,0.8,51
0.1205918600299946,8.631442,1.2714297,0.5771423,0.9869237,0.38,10.0,0.8,51
0.0999864388372284,8.10108,1.2564943,0.5705813,0.9523976,0.38,10.0,0.8,51
0.0979553088838288,8.67054,1.2763644,0.5532431,0.95947766,0.38,10.0,0.8,51
0.0791991738994811,8.417788,1.2844442,0.57177997,0.9109459,0.38,10.0,0.8,51
0.100301563996535,8.4220295,1.2956599,0.5687686,0.89923203,0.38,10.0,0.8,51
0.0879697739730147,8.416257,1.2490529,0.5615235,0.9485086,0.38,10.0,0.8,51
0.1201392723913218,9.066287,1.2912552,0.55999404,0.98432386,0.38,10.0,0.8,51
0.1408992286803551,8.577292,1.2647943,0.56321555,0.9827777,0.38,10.0,0.8,51
0.1202745632252579,8.178494,1.2438779,0.5585832,0.98417246,0.38,10.0,0.8,51
0.1043162666897558,8.288603,1.2809105,0.56675977,0.93702626,0.38,10.0,0.8,51
0.1163705843867294,8.157456,1.2478768,0.5578367,0.98116195,0.38,10.0,0.8,51
0.1121656363408824,8.549133,1.2510316,0.56275755,0.990432,0.38,10.0,0.8,51
0.0948026594369417,8.27054,1.2523074,0.5430833,0.9911858,0.38,10.0,0.8,51
0.131468455084439,8.120376,1.2665607,0.5634509,0.94792426,0.38,10.0,0.8,51
0.0993879461667898,8.619871,1.2661539,0.5669023,0.9877695,0.38,10.0,0.8,51
0.0897713736273565,8.647495,1.2794656,0.5706906,0.90423536,0.38,10.0,0.8,51
0.1203574424460332,8.744102,1.2716584,0.57544404,0.989949,0.38,10.0,0.8,51
0.1320062523697668,8.395897,1.2754139,0.56865376,0.979321,0.38,10.0,0.8,51
0.1047387732599395,8.266042,1.2667679,0.5640972,0.9965881,0.38,10.0,0.8,51
0.1370945706961958,8.238233,1.2497345,0.5542979,0.97683656,0.38,10.0,0.8,51
0.1243493398216105,8.610995,1.279778,0.55660444,0.99518204,0.38,10.0,0.8,51
0.1090109872033804,8.624142,1.2754352,0.5622912,0.9982132,0.38,10.0,0.8,51
0.1005764287447739,8.077443,1.2637194,0.56022435,0.9458083,0.38,10.0,0.8,51
0.1132179829524113,8.526986,1.2865409,0.573905,0.97409713,0.38,10.0,0.8,51
0.0883018020103717,8.301792,1.2920268,0.5775364,0.8997667,0.38,10.0,0.8,51
0.134963808793288,8.706422,1.2734196,0.55778694,0.971275,0.38,10.0,0.8,51
0.0981253396497165,8.427559,1.2669775,0.5583541,0.9834877,0.38,10.0,0.8,51
0.0998031131961933,7.880193,1.2322205,0.5719955,0.99204123,0.38,10.0,0.8,51
0.1244878619014426,8.134945,1.2489761,0.568326,0.9871174,0.38,10.0,0.8,51
0.095975822929362,8.329893,1.2956572,0.5700944,0.8518311,0.38,10.0,0.8,51
0.0795945929924436,8.29949,1.2433454,0.5641379,0.98446095,0.38,10.0,0.8,51
0.0907400135020046,8.332372,1.2504259,0.5694368,0.99503756,0.38,10.0,0.8,51
0.0928407905335767,8.339338,1.2723961,0.5746027,0.9925759,0.38,10.0,0.8,51
0.1272413495971922,8.653076,1.2547462,0.55508643,0.98321533,0.38,10.0,0.8,51
0.0647386711029538,8.298717,1.2528749,0.5920132,0.97588015,0.38,10.0,0.8,51
0.0902475889797868,8.030529,1.2927651,0.5646676,0.8699676,0.38,10.0,0.8,51
0.1293424378756819,8.532899,1.2720011,0.5565005,0.9914626,0.38,10.0,0.8,51
0.1264421984320926,8.374892,1.2703339,0.5591141,0.98420346,0.38,10.0,0.8,51
0.1366871225169862,8.361416,1.2838901,0.56092095,0.99395275,0.38,10.0,0.8,51
0.0496323083629658,8.56678,1.2800726,0.5768929,0.98814595,0.38,10.0,0.8,51
0.0832335828634408,8.714912,1.2703631,0.5647693,0.9903805,0.38,10.0,0.8,51
0.1206315636571585,8.230658,1.2796054,0.5689658,0.95546854,0.38,10.0,0.8,51
0.1011397101708369,8.317032,1.2479267,0.563714,0.99324536,0.38,10.0,0.8,51
0.1018250233172105,8.273139,1.2682691,0.5730357,0.9902688,0.38,10.0,0.8,51
0.0960207742594913,8.635817,1.2503388,0.5686943,0.9956877,0.38,10.0,0.8,51
0.1105839798115292,8.194604,1.2571204,0.5503672,0.99539745,0.38,10.0,0.8,51
0.114590102931865,8.091618,1.2681446,0.56840235,0.9747424,0.38,10.0,0.8,51
0.0911338265770626,8.403178,1.2630912,0.5650591,0.9449917,0.38,10.0,0.8,51
0.1183021660205223,8.409902,1.25923,0.55666953,0.9894992,0.38,10.0,0.8,51
0.1113366252990237,8.369336,1.2644725,0.5619364,0.9978553,0.38,10.0,0.8,51
0.0708174054628974,8.257356,1.2837497,0.5757157,0.9820148,0.38,10.0,0.8,51
0.1061327646088537,8.551107,1.2742164,0.56082386,0.99232435,0.38,10.0,0.8,51
0.1027566511624687,8.741469,1.2713184,0.5648582,0.9684701,0.38,10.0,0.8,51
0.0697508561111571,8.186868,1.2580267,0.5706811,0.98451793,0.38,10.0,0.8,51
0.1061084655994445,8.524733,1.2686151,0.5609687,0.96558464,0.38,10.0,0.8,51
0.0906180792183711,8.920081,1.2798935,0.5617271,0.9630178,0.38,10.0,0.8,51
0.0758477862127896,8.786421,1.2585247,0.5712145,0.9695736,0.38,10.0,0.8,51
0.1079488728571317,8.536914,1.2642424,0.552671,0.9734688,0.38,10.0,0.8,51
0.080593864279021,8.566585,1.2868402,0.5718031,0.9968678,0.38,10.0,0.8,51
0.102360400910719,8.135112,1.2446241,0.58026534,0.99242115,0.38,10.0,0.8,51
0.1121535422732406,8.26742,1.2574968,0.56849396,0.99645555,0.38,10.0,0.8,51
0.1059039792837451,8.269663,1.2716299,0.55997,0.9429858,0.38,10.0,0.8,51
0.1047584366482195,8.629732,1.2706795,0.5717314,0.98258746,0.38,10.0,0.8,51
0.1020259900029837,8.487366,1.243784,0.5591152,0.98893297,0.38,10.0,0.8,51
0.113010361324887,8.549617,1.2904637,0.56808215,0.93574035,0.38,10.0,0.8,51
0.1009319550744418,8.155957,1.2617325,0.5576094,0.9913846,0.38,10.0,0.8,51
0.0943940792235518,8.716937,1.2565018,0.5544544,0.9963412,0.38,10.0,0.8,51
0.114726371102371,8.608461,1.268099,0.56041247,0.9961052,0.38,10.0,0.8,51
0.0975845588107324,8.832464,1.2679515,0.57062995,0.97429836,0.38,10.0,0.8,51
0.0957186078898786,7.9834747,1.2607627,0.55711365,0.9824343,0.38,10.0,0.8,51
0.0830226879828172,8.472474,1.2522999,0.5665512,0.992291,0.38,10.0,0.8,51
0.0816221966933192,8.659593,1.2733957,0.5694105,0.93524575,0.38,10.0,0.8,51
0.115893102610459,8.567711,1.2756538,0.5695167,0.9688679,0.38,10.0,0.8,51
0.1445881599810775,8.525098,1.2600672,0.5515142,0.9576595,0.38,10.0,0.8,51
0.1126402250284857,8.31267,1.2745384,0.55696064,0.98874354,0.38,10.0,0.8,51
0.1179425434547647,8.47045,1.2541519,0.5721327,0.977038,0.38,10.0,0.8,51
0.089772722431456,8.4728775,1.2471588,0.56028366,0.9930514,0.38,10.0,0.8,51
0.0927851094971917,8.2391,1.2767013,0.55975765,0.94655013,0.38,10.0,0.8,51
0.0840078139039502,7.800466,1.2446856,0.5627687,0.9804498,0.38,10.0,0.8,51
0.1037136598430198,8.935739,1.2722993,0.55988127,0.96358323,0.38,10.0,0.8,51
0.1163393185309453,7.9267693,1.2672911,0.56743675,0.97076213,0.38,10.0,0.8,51
0.1168124714960154,8.59437,1.2506759,0.5593338,0.99857676,0.38,10.0,0.8,51
0.099232001883914,8.457206,1.2473129,0.56390315,0.99669003,0.38,10.0,0.8,51
0.1036558199915392,8.340176,1.263846,0.5617641,0.98638403,0.38,10.0,0.8,51
0.0753106510860534,8.294935,1.2793419,0.5822885,0.9498123,0.38,10.0,0.8,51
0.1440767099345078,8.440879,1.2879174,0.5538152,0.95882726,0.38,10.0,0.8,51
0.0973948537841715,8.443757,1.2620533,0.56545705,0.98050284,0.38,10.0,0.8,51
0.1266027587415052,8.8065815,1.27987,0.55686593,0.9957737,0.38,10.0,0.8,51
0.1260627187379791,9.057901,1.2801977,0.56687355,0.9700854,0.38,10.0,0.8,51
0.1013463553674025,8.22542,1.2590107,0.5425046,0.9549935,0.38,10.0,0.8,51
0.1416470605511248,8.541537,1.2644453,0.5537158,0.9581455,0.38,10.0,0.8,51
0.0854486624669649,8.168171,1.2604654,0.5750469,0.95458114,0.38,10.0,0.8,51
0.1281752810845008,8.337815,1.263858,0.5614482,0.95897746,0.38,10.0,0.8,51
0.1144723852951899,8.199159,1.2539903,0.56110847,0.9819361,0.38,10.0,0.8,51
0.0955897221906748,8.570434,1.2614962,0.56541723,0.98446894,0.38,10.0,0.8,51
0.1203519180611527,8.487488,1.2644843,0.55788267,0.9964458,0.38,10.0,0.8,51
0.1061215325514897,8.382965,1.283698,0.56435543,0.9219924,0.38,10.0,0.8,51
0.1162559077164222,8.601409,1.2800946,0.54625565,0.96516263,0.38,10.0,0.8,51
0.0670049229325919,8.206776,1.269811,0.5664546,0.87034464,0.38,10.0,0.8,51
0.1008884749374592,8.110214,1.2547499,0.55691034,0.9489993,0.38,10.0,0.8,51
0.1095117470313762,8.391428,1.2647976,0.56201094,0.9558606,0.38,10.0,0.8,51
0.1251836993523555,8.415904,1.2657309,0.5719842,0.9796964,0.38,10.0,0.8,51
0.1104883766022538,8.564842,1.2567705,0.56370705,0.995047,0.38,10.0,0.8,51
0.0785294411606118,8.536191,1.2770524,0.5615343,0.96455836,0.38,10.0,0.8,51
0.0649725125512646,8.164082,1.2716613,0.5801411,0.932776,0.38,10.0,0.8,51
0.130124939855277,8.49867,1.2584379,0.53690654,0.98529506,0.38,10.0,0.8,51
0.1007772668287039,7.9990625,1.2587227,0.56627566,0.9959636,0.38,10.0,0.8,51
0.0845732965140507,8.319273,1.2569163,0.5562535,0.97141194,0.38,10.0,0.8,51
0.1264630193330881,8.371404,1.2524126,0.57088196,0.99139357,0.38,10.0,0.8,51
0.1262848230609843,8.14945,1.2591112,0.5587085,0.9928466,0.38,10.0,0.8,51
0.1123311550686783,8.917285,1.2778401,0.56182474,0.9838222,0.38,10.0,0.8,51
0.0947414152666491,8.206842,1.2663324,0.56728095,0.9776784,0.38,10.0,0.8,51
0.0864091252901193,8.440075,1.2785802,0.57152206,0.98120546,0.38,10.0,0.8,51
0.0929688146778379,8.38142,1.2520443,0.565783,0.9696474,0.38,10.0,0.8,51
0.1005999723581167,7.9829817,1.2645271,0.55687267,0.991364,0.38,10.0,0.8,51
0.103415146010624,8.714107,1.2757049,0.56853664,0.9864391,0.38,10.0,0.8,51
0.0594605830063554,8.0245695,1.2442145,0.5824646,0.95264983,0.38,10.0,0.8,51
0.1102481578629592,7.9388537,1.2482179,0.5706727,0.942628,0.38,10.0,0.8,51
0.1235935060870426,8.385526,1.2730643,0.5776432,0.99639666,0.38,10.0,0.8,51
0.0892219742033779,8.384657,1.2838117,0.5630198,0.91022086,0.38,10.0,0.8,51
0.1067749153309222,8.524802,1.2707916,0.5786183,0.98246706,0.38,10.0,0.8,51
0.1124638338974363,8.175505,1.2944874,0.5729454,0.885658,0.38,10.0,0.8,51
0.0909178391008857,8.313552,1.2578039,0.56411767,0.9949405,0.38,10.0,0.8,51
0.1292532717454338,8.703871,1.2793095,0.5553142,0.98931754,0.38,10.0,0.8,51
0.0912199875758244,8.548558,1.2639674,0.56320953,0.98152363,0.38,10.0,0.8,51
0.1157713930296961,8.556657,1.2807577,0.5724781,0.9980378,0.38,10.0,0.8,51
0.0913440560915109,8.458052,1.2752247,0.5655981,0.984733,0.38,10.0,0.8,51
0.0958648182896783,8.528069,1.2636398,0.5643972,0.9853368,0.38,10.0,0.8,51
0.0832782059828862,8.477163,1.2795254,0.57196194,0.9916723,0.38,10.0,0.8,51
0.1018633466159001,8.629759,1.2564847,0.54893386,0.96254337,0.38,10.0,0.8,51
0.1199043727591436,8.734754,1.2581396,0.5605254,0.9948114,0.38,10.0,0.8,51
0.1088390881009696,8.441759,1.2759441,0.5507539,0.99405885,0.38,10.0,0.8,51
0.1106881422553834,8.749812,1.2793831,0.56506115,0.98402774,0.38,10.0,0.8,51
0.1198997356151712,8.6343,1.2703415,0.5659325,0.9748479,0.38,10.0,0.8,51
0.1023576083904236,8.301156,1.2641798,0.555717,0.9714985,0.38,10.0,0.8,51
0.1146984751319379,8.041099,1.2567122,0.561495,0.99020934,0.38,10.0,0.8,51
0.1034110513833853,8.283194,1.2622489,0.56556326,0.9782778,0.38,10.0,0.8,51
0.1068395427885991,8.251124,1.266191,0.5649825,0.99401605,0.38,10.0,0.8,51
0.1106929320428984,8.057871,1.2545402,0.5743958,0.992738,0.38,10.0,0.8,51
0.0859305115100243,8.453046,1.2602496,0.56984895,0.99875855,0.38,10.0,0.8,51
0.1317927427317166,8.368902,1.2826165,0.56245446,0.98545945,0.38,10.0,0.8,51
0.1311335171413674,8.6597185,1.2592425,0.5506388,0.9952774,0.38,10.0,0.8,51
0.1131463015174359,8.257179,1.2788591,0.5654911,0.8767047,0.38,10.0,0.8,51
0.0992494347468611,8.160475,1.2517511,0.55873644,0.99711406,0.38,10.0,0.8,51
0.0916743940459638,8.633667,1.2718483,0.5714617,0.9804416,0.38,10.0,0.8,51
0.1156545134729036,8.299554,1.2698495,0.55649394,0.9791111,0.38,10.0,0.8,51
0.1064511032762198,8.55948,1.271657,0.56839675,0.97766817,0.38,10.0,0.8,51
0.085801671936278,8.534989,1.2643703,0.555969,0.98897207,0.38,10.0,0.8,51
0.1021492491451435,8.056491,1.2673976,0.5606715,0.93671906,0.38,10.0,0.8,51
0.0924103119594665,8.914414,1.2798618,0.57229316,0.9980794,0.38,10.0,0.8,51
0.1284005011297979,8.401933,1.2709193,0.5567641,0.99999285,0.38,10.0,0.8,51
0.1234887751925845,8.990155,1.2723229,0.5591507,0.98802245,0.38,10.0,0.8,51
0.1016071195627713,8.543277,1.2646167,0.5713818,0.99653256,0.38,10.0,0.8,51
0.0980868832312465,8.365188,1.2792733,0.56530386,0.92171216,0.38,10.0,0.8,51
0.0929152877615364,7.8586416,1.2576251,0.5638715,0.97477615,0.38,10.0,0.8,51
0.1041310260226302,8.570868,1.2722362,0.5622524,0.91486216,0.38,10.0,0.8,51
0.1279376228241452,8.287211,1.254395,0.57181484,0.97200227,0.38,10.0,0.8,51
0.1228674371400625,7.901781,1.2591969,0.56008625,0.9578363,0.38,10.0,0.8,51
0.0794225699326087,8.235402,1.2663698,0.5682791,0.99594533,0.38,10.0,0.8,51
0.1102217156134486,8.35548,1.2704493,0.5619424,0.97662735,0.38,10.0,0.8,51
0.091433290167892,8.494261,1.2639956,0.5635155,0.98611355,0.38,10.0,0.8,51
0.1118552625691542,8.487118,1.2688711,0.56119835,0.9785701,0.38,10.0,0.8,51
0.1052484722643379,8.119762,1.2575192,0.54715466,0.97273755,0.38,10.0,0.8,51
0.0801671157604187,8.325964,1.2691822,0.56956315,0.99085057,0.38,10.0,0.8,51
0.1353295131298844,8.757041,1.2668012,0.56737936,0.9694786,0.38,10.0,0.8,51
0.0912467163096056,7.9776554,1.2432286,0.5650128,0.98371565,0.38,10.0,0.8,51
0.0949365464572248,8.599772,1.250997,0.56328243,0.9941362,0.38,10.0,0.8,51
0.118786256608027,8.43283,1.2713006,0.56379175,0.9882386,0.38,10.0,0.8,51
0.1314419603569563,8.445645,1.2173402,0.5316705,0.9950079,0.35,10.0,0.8,52
0.1003428300813187,8.176714,1.2296578,0.5247873,0.93994653,0.35,10.0,0.8,52
0.1356272599419882,8.156317,1.2065607,0.5247053,0.9842386,0.35,10.0,0.8,52
0.1140180117584938,8.474736,1.2221128,0.5149296,0.985533,0.35,10.0,0.8,52
0.1042956121134203,8.2255535,1.2144431,0.52446395,0.99563956,0.35,10.0,0.8,52
0.1242029349304909,8.421877,1.2247782,0.53200567,0.9536029,0.35,10.0,0.8,52
0.1512445453821226,8.370402,1.2332684,0.50419813,0.9800725,0.35,10.0,0.8,52
0.1295301581094431,8.498438,1.2369014,0.51631314,0.99346185,0.35,10.0,0.8,52
0.1311664964542832,8.356178,1.2517534,0.5255123,0.90844405,0.35,10.0,0.8,52
0.1278454556576041,8.139148,1.2194084,0.52344763,0.9788747,0.35,10.0,0.8,52
0.1297616563841354,8.029933,1.2143035,0.51465017,0.9963132,0.35,10.0,0.8,52
0.1177324292382528,8.468388,1.2443675,0.51769716,0.98926497,0.35,10.0,0.8,52
0.1200849346338316,7.8580074,1.2338977,0.54115057,0.96043265,0.35,10.0,0.8,52
0.1553017684138098,8.109451,1.2342124,0.528721,0.96528256,0.35,10.0,0.8,52
0.1264355793442837,7.921263,1.2389625,0.5243006,0.91224635,0.35,10.0,0.8,52
0.1150910027082576,8.232398,1.2077403,0.5285809,0.99385417,0.35,10.0,0.8,52
0.1206707689595776,8.28972,1.2333496,0.52387476,0.96727633,0.35,10.0,0.8,52
0.1086649313194807,7.9498177,1.2054356,0.5339772,0.9728111,0.35,10.0,0.8,52
0.1159744741306748,7.7753,1.2096956,0.5296448,0.987352,0.35,10.0,0.8,52
0.1341116066866143,8.416553,1.2132224,0.53062636,0.99481523,0.35,10.0,0.8,52
0.115349883323492,8.275497,1.2325803,0.5357414,0.985433,0.35,10.0,0.8,52
0.1432431468963623,8.153251,1.2121377,0.5180774,0.9977602,0.35,10.0,0.8,52
0.1564788640488025,7.97375,1.2260501,0.52432096,0.91891,0.35,10.0,0.8,52
0.1508183685568876,8.2806635,1.2098699,0.4925935,0.97921765,0.35,10.0,0.8,52
0.1269727096557617,8.190568,1.2411332,0.5115993,0.9225699,0.35,10.0,0.8,52
0.1227827694915061,8.165734,1.2358981,0.51611173,0.9312066,0.35,10.0,0.8,52
0.1332935064448867,7.723139,1.186321,0.5249487,0.98769176,0.35,10.0,0.8,52
0.1234704057116841,8.238757,1.2209469,0.5170469,0.9779687,0.35,10.0,0.8,52
0.1557779763687488,8.12183,1.2403525,0.51788574,0.97028184,0.35,10.0,0.8,52
0.1313265571594238,8.370593,1.2382513,0.5417161,0.976995,0.35,10.0,0.8,52
0.1233266228520593,8.194262,1.2145337,0.5255349,0.9633992,0.35,10.0,0.8,52
0.1507312870025634,8.295302,1.1961119,0.5226982,0.9821464,0.35,10.0,0.8,52
0.1481196389309195,8.074027,1.232509,0.5065038,0.97616684,0.35,10.0,0.8,52
0.1665468925653502,8.669925,1.2148292,0.50843716,0.99041975,0.35,10.0,0.8,52
0.152442058030949,8.273385,1.2271585,0.5022345,0.9753344,0.35,10.0,0.8,52
0.1685428050728731,8.16465,1.2250817,0.5181052,0.9820733,0.35,10.0,0.8,52
0.092914528203565,8.185221,1.2311343,0.53095037,0.95054626,0.35,10.0,0.8,52
0.1441888384708138,8.191138,1.2369951,0.51529986,0.9205195,0.35,10.0,0.8,52
0.1586415860375692,8.55799,1.222616,0.49239323,0.9878545,0.35,10.0,0.8,52
0.1221441184642703,8.3553505,1.2291193,0.5241538,0.9969113,0.35,10.0,0.8,52
0.1323967124140539,8.105063,1.2312012,0.5242519,0.8992231,0.35,10.0,0.8,52
0.1613352318253628,8.41584,1.2222074,0.51221234,0.97186506,0.35,10.0,0.8,52
0.0917476186086965,8.124604,1.2057143,0.5387686,0.9828501,0.35,10.0,0.8,52
0.1017479143808054,8.013559,1.2210273,0.5333323,0.96287096,0.35,10.0,0.8,52
0.1395445984685143,8.327743,1.2334508,0.49902362,0.99259794,0.35,10.0,0.8,52
0.1345867899961249,7.9247236,1.2218386,0.5185169,0.9677193,0.35,10.0,0.8,52
0.1309163522942121,8.207184,1.2257687,0.51796746,0.99206173,0.35,10.0,0.8,52
0.1452372111387031,8.130625,1.2350867,0.51165277,0.986747,0.35,10.0,0.8,52
0.126108761011168,8.373812,1.2277868,0.515633,0.99282885,0.35,10.0,0.8,52
0.1468027706589809,8.095363,1.2042052,0.5158728,0.996066,0.35,10.0,0.8,52
0.1414551849808804,8.373192,1.2220086,0.52878857,0.96198773,0.35,10.0,0.8,52
0.1228541903828465,8.369825,1.2169161,0.5256157,0.9707838,0.35,10.0,0.8,52
0.1248265902497047,8.2865505,1.2266388,0.5070475,0.94540644,0.35,10.0,0.8,52
0.0816674114493436,8.127335,1.2202297,0.5358338,0.96989596,0.35,10.0,0.8,52
0.1359617274528326,8.424502,1.2156857,0.52097493,0.9935639,0.35,10.0,0.8,52
0.1263413010087124,8.100448,1.2149832,0.5237527,0.98981845,0.35,10.0,0.8,52
0.1351080231333888,8.153567,1.2465692,0.521777,0.9485873,0.35,10.0,0.8,52
0.1354245050119799,7.972739,1.201578,0.5027846,0.9989382,0.35,10.0,0.8,52
0.1342701302018276,8.85725,1.2267241,0.5341574,0.99875224,0.35,10.0,0.8,52
0.1226381232239479,8.269983,1.2390199,0.51783496,0.9542756,0.35,10.0,0.8,52
0.1043077794008476,8.157669,1.25786,0.52257293,0.8325008,0.35,10.0,0.8,52
0.1559454262755638,8.180538,1.224268,0.5009506,0.987991,0.35,10.0,0.8,52
0.1224725673586823,8.535787,1.2245189,0.53471094,0.988683,0.35,10.0,0.8,52
0.1477839207760123,7.93989,1.196136,0.5242072,0.99912155,0.35,10.0,0.8,52
0.1121671705467756,8.166914,1.2165093,0.5144688,0.98648334,0.35,10.0,0.8,52
0.1748786513749943,7.986059,1.2223163,0.51643807,0.9488354,0.35,10.0,0.8,52
0.1163130256297976,8.4271555,1.2247275,0.52155596,0.998541,0.35,10.0,0.8,52
0.1730068913836812,8.1227045,1.2154874,0.51308167,0.962181,0.35,10.0,0.8,52
0.1040358372178188,7.983411,1.2144573,0.5143063,0.94565165,0.35,10.0,0.8,52
0.1228206018847088,7.933203,1.2269641,0.51725775,0.9281962,0.35,10.0,0.8,52
0.1222668022333189,7.861452,1.2049348,0.523416,0.9524276,0.35,10.0,0.8,52
0.1341241419148999,7.9755573,1.2345837,0.50997776,0.89775515,0.35,10.0,0.8,52
0.136941739814226,8.039623,1.218007,0.5299015,0.9840739,0.35,10.0,0.8,52
0.1308719439395638,8.436325,1.2263863,0.515195,0.9828255,0.35,10.0,0.8,52
0.1259728766596594,8.064876,1.2228243,0.5324445,0.90366304,0.35,10.0,0.8,52
0.1330131689116012,7.9163613,1.2071183,0.51524115,0.9882543,0.35,10.0,0.8,52
0.1615489507275958,8.550391,1.2201676,0.5142935,0.9973271,0.35,10.0,0.8,52
0.1512207689950632,8.251734,1.233481,0.52677256,0.95248365,0.35,10.0,0.8,52
0.0931547250969465,8.032654,1.2230617,0.53900105,0.97977746,0.35,10.0,0.8,52
0.0891361987535343,8.320766,1.2170373,0.5255531,0.98864365,0.35,10.0,0.8,52
0.1451758718712385,8.099128,1.1998358,0.51967937,0.99726355,0.35,10.0,0.8,52
0.1150419145184894,7.6568475,1.2092593,0.52362,0.99002945,0.35,10.0,0.8,52
0.154819441418315,8.369561,1.230937,0.5135403,0.9610051,0.35,10.0,0.8,52
0.1329049369457156,8.318689,1.217775,0.5235415,0.9865931,0.35,10.0,0.8,52
0.1296096193180528,8.346582,1.2412031,0.51679444,0.9526459,0.35,10.0,0.8,52
0.109683331068172,8.034757,1.2062995,0.51817715,0.99920547,0.35,10.0,0.8,52
0.1529800401731979,7.5446033,1.2227372,0.51095355,0.9200361,0.35,10.0,0.8,52
0.1488788387387297,8.460469,1.2328811,0.5252541,0.9857311,0.35,10.0,0.8,52
0.1236224301803943,7.930056,1.2078155,0.5254367,0.99745953,0.35,10.0,0.8,52
0.1339125482426133,8.647294,1.2413907,0.5248775,0.9491528,0.35,10.0,0.8,52
0.1195092123608256,8.41012,1.2153438,0.52209187,0.92391527,0.35,10.0,0.8,52
0.1301465594269508,7.927505,1.2027555,0.5288657,0.9898803,0.35,10.0,0.8,52
0.1213086542528729,8.538297,1.2284914,0.51846135,0.9975685,0.35,10.0,0.8,52
0.123713974309522,8.257395,1.2319714,0.5125194,0.9593959,0.35,10.0,0.8,52
0.1106082063719283,8.656002,1.2315469,0.5144172,0.97821033,0.35,10.0,0.8,52
0.1223685601256614,8.368519,1.2427832,0.5148793,0.9244001,0.35,10.0,0.8,52
0.1250922486948412,8.413534,1.248068,0.531709,0.9316602,0.35,10.0,0.8,52
0.1033542193479316,8.176759,1.2049102,0.52125776,0.9840014,0.35,10.0,0.8,52
0.1300586762539176,8.147554,1.2220788,0.51617086,0.9821949,0.35,10.0,0.8,52
0.115864378596461,8.112579,1.2238114,0.5332181,0.9993088,0.35,10.0,0.8,52
0.1264835432629252,8.165548,1.2311397,0.5110241,0.978282,0.35,10.0,0.8,52
0.1227432428404342,7.983184,1.2152361,0.5107694,0.9865962,0.35,10.0,0.8,52
0.1149992843006932,8.164334,1.2197689,0.5296456,0.9625225,0.35,10.0,0.8,52
0.1212357352500738,8.097997,1.2213234,0.5161847,0.9950925,0.35,10.0,0.8,52
0.1394503289156181,7.699979,1.2187369,0.52650636,0.99455535,0.35,10.0,0.8,52
0.0926215994191724,7.9255276,1.2263693,0.5247124,0.9571214,0.35,10.0,0.8,52
0.1833704021365143,8.30893,1.2229165,0.51951706,0.9897691,0.35,10.0,0.8,52
0.1011539207724637,8.220874,1.235249,0.5322646,0.9391949,0.35,10.0,0.8,52
0.1266174704529518,8.332849,1.2332332,0.5141154,0.98044,0.35,10.0,0.8,52
0.1455355206866597,8.139313,1.221779,0.5180515,0.9801868,0.35,10.0,0.8,52
0.0749671290198037,7.8516464,1.20578,0.51485705,0.98253965,0.35,10.0,0.8,52
0.145524142509283,8.515763,1.2305188,0.52285796,0.914528,0.35,10.0,0.8,52
0.1481035735551701,8.219436,1.2297785,0.5131952,0.9657117,0.35,10.0,0.8,52
0.1319465523653252,7.88431,1.2228292,0.52435017,0.96926963,0.35,10.0,0.8,52
0.1760414283220158,8.640547,1.254099,0.5183297,0.9613161,0.35,10.0,0.8,52
0.1471398388618646,7.9825096,1.2218713,0.53344405,0.9867729,0.35,10.0,0.8,52
0.1462707869507545,8.635939,1.2258614,0.53114104,0.9978639,0.35,10.0,0.8,52
0.1136343754169552,8.040466,1.2348722,0.5347542,0.98851407,0.35,10.0,0.8,52
0.1205148392610771,8.359182,1.2303817,0.53577524,0.98117614,0.35,10.0,0.8,52
0.1299144248962402,7.8005614,1.209813,0.5219535,0.9333601,0.35,10.0,0.8,52
0.1379479551980661,8.2605915,1.2105771,0.5144492,0.99734926,0.35,10.0,0.8,52
0.146505434745966,8.284228,1.2273631,0.5194956,0.967867,0.35,10.0,0.8,52
0.1235803940351619,8.382569,1.2273953,0.52122414,0.98891354,0.35,10.0,0.8,52
0.1149699332215065,8.566061,1.2289678,0.5262135,0.9632385,0.35,10.0,0.8,52
0.1327341152900873,8.104877,1.2265431,0.5240221,0.98837185,0.35,10.0,0.8,52
0.1340351140221884,8.3078,1.22393,0.53451365,0.98425484,0.35,10.0,0.8,52
0.0892309518414874,8.065349,1.2264338,0.5317813,0.995527,0.35,10.0,0.8,52
0.1174623706728913,8.398943,1.2426342,0.52210957,0.9540994,0.35,10.0,0.8,52
0.1410559551771297,8.215831,1.2242213,0.51863384,0.9212234,0.35,10.0,0.8,52
0.1251106650330299,7.9740286,1.2013978,0.5260606,0.9853878,0.35,10.0,0.8,52
0.1213431209741636,8.197718,1.2444586,0.51852906,0.9071635,0.35,10.0,0.8,52
0.1206757391552592,8.27098,1.2419385,0.53103954,0.866959,0.35,10.0,0.8,52
0.1191521837101426,8.563474,1.2469609,0.5241402,0.90989554,0.35,10.0,0.8,52
0.1626044362090354,8.199525,1.210465,0.5256474,0.98711646,0.35,10.0,0.8,52
0.1490790457614632,8.18023,1.2419714,0.5168534,0.92928207,0.35,10.0,0.8,52
0.0941356511670489,8.386236,1.2400805,0.525429,0.99177825,0.35,10.0,0.8,52
0.1399342813270036,8.128515,1.2260395,0.5146741,0.9704251,0.35,10.0,0.8,52
0.1219846791999284,8.398676,1.2307496,0.5093239,0.9746839,0.35,10.0,0.8,52
0.0952314950366352,8.211118,1.2379817,0.5417178,0.90549016,0.35,10.0,0.8,52
0.095011854083039,8.081046,1.2159405,0.52261823,0.98762584,0.35,10.0,0.8,52
0.1592989910480588,8.310914,1.2206695,0.5151792,0.9976034,0.35,10.0,0.8,52
0.1260815302826637,7.898,1.226712,0.5237855,0.94533646,0.35,10.0,0.8,52
0.1342952583224274,8.178607,1.2199976,0.516503,0.9941027,0.35,10.0,0.8,52
0.1407238530003747,8.162603,1.2173402,0.51010615,0.99092376,0.35,10.0,0.8,52
0.1623150792232779,7.961583,1.2243185,0.5131428,0.9959705,0.35,10.0,0.8,52
0.1583027249713276,8.245482,1.2285998,0.5309991,0.9434321,0.35,10.0,0.8,52
0.1209390866479208,8.091278,1.2328101,0.51580954,0.977584,0.35,10.0,0.8,52
0.1355142914971639,8.333635,1.2313315,0.5204152,0.9679326,0.35,10.0,0.8,52
0.1416362658212351,8.244352,1.2290105,0.52435136,0.91606426,0.35,10.0,0.8,52
0.1465725656553756,8.386128,1.2204208,0.5179047,0.9696888,0.35,10.0,0.8,52
0.1028530825681464,7.804406,1.2219206,0.5252783,0.89078856,0.35,10.0,0.8,52
0.1050151063785996,8.115461,1.2281586,0.5239261,0.99222004,0.35,10.0,0.8,52
0.1365714403196822,8.3455305,1.2299076,0.518615,0.92641056,0.35,10.0,0.8,52
0.1198025432409242,8.319319,1.2171395,0.5233515,0.97571397,0.35,10.0,0.8,52
0.150458215669144,7.700138,1.2137406,0.5048774,0.99260736,0.35,10.0,0.8,52
0.1321537380662075,8.146459,1.2283742,0.5228216,0.90990424,0.35,10.0,0.8,52
0.1515785612061966,8.356862,1.2292621,0.51325893,0.9707334,0.35,10.0,0.8,52
0.1598393025509146,8.316712,1.2300165,0.5200911,0.90736663,0.35,10.0,0.8,52
0.09039709752105,8.349984,1.2305441,0.5375178,0.9995159,0.35,10.0,0.8,52
0.1296322298715281,8.293603,1.2307624,0.5191047,0.98569024,0.35,10.0,0.8,52
0.1336634670967279,8.177298,1.2210624,0.5290546,0.97290003,0.35,10.0,0.8,52
0.1148256971226182,7.9165726,1.2131612,0.5141015,0.99555147,0.35,10.0,0.8,52
0.1448830420471901,8.292456,1.215129,0.5255847,0.9993954,0.35,10.0,0.8,52
0.1482325277993845,8.4810505,1.219579,0.52208203,0.9802177,0.35,10.0,0.8,52
0.0920355699228686,8.08588,1.2012225,0.5206996,0.98632526,0.35,10.0,0.8,52
0.1152443752288818,8.398684,1.2173574,0.52601427,0.9897443,0.35,10.0,0.8,52
0.1095228543392447,8.377404,1.2313629,0.5309363,0.9861442,0.35,10.0,0.8,52
0.1450811724995457,8.637608,1.214188,0.51684994,0.9788163,0.35,10.0,0.8,52
0.1317059439282084,8.095384,1.2262177,0.5229452,0.98302424,0.35,10.0,0.8,52
0.097455318983211,8.444837,1.2307061,0.53724355,0.9718714,0.35,10.0,0.8,52
0.1287492791552876,8.143414,1.2218187,0.5254043,0.9221468,0.35,10.0,0.8,52
0.1252293888358182,8.294401,1.2143115,0.51070625,0.9775727,0.35,10.0,0.8,52
0.1307957424341246,8.119064,1.2251623,0.5343372,0.9975047,0.35,10.0,0.8,52
0.1327106938473014,8.240109,1.2212338,0.5119822,0.98084843,0.35,10.0,0.8,52
0.1409983858951302,7.98007,1.2363746,0.52424246,0.9560729,0.35,10.0,0.8,52
0.1665770008619441,8.619801,1.2244489,0.5080623,0.99451756,0.35,10.0,0.8,52
0.1350364245481269,8.405378,1.2123754,0.5181689,0.97638524,0.35,10.0,0.8,52
0.1635444248554318,8.095007,1.2244581,0.50922686,0.9850228,0.35,10.0,0.8,52
0.151205560728561,8.146008,1.211565,0.5235568,0.972571,0.35,10.0,0.8,52
0.1376111868037733,8.464809,1.217242,0.5062577,0.9542731,0.35,10.0,0.8,52
0.1291513783210932,7.967521,1.2067486,0.5149982,0.9914957,0.35,10.0,0.8,52
0.1607052164299543,8.097405,1.2145368,0.5116817,0.95540106,0.35,10.0,0.8,52
0.1243770648157873,8.175392,1.2239045,0.5131628,0.96825814,0.35,10.0,0.8,52
0.1132752413638802,7.8281765,1.2263467,0.526433,0.8918799,0.35,10.0,0.8,52
0.179486893720405,7.991538,1.219905,0.5074156,0.9849981,0.35,10.0,0.8,52
0.1081073811109676,8.0963335,1.2082942,0.51822186,0.97770476,0.35,10.0,0.8,52
0.1333753804495168,8.06871,1.2116987,0.49836835,0.94415116,0.35,10.0,0.8,52
0.1294580186799515,8.112044,1.2202796,0.50955975,0.92599285,0.35,10.0,0.8,52
0.128219280198563,8.488763,1.2296814,0.52959013,0.9845048,0.35,10.0,0.8,52
0.105824693324954,8.107487,1.2328771,0.5221115,0.9619324,0.35,10.0,0.8,52
0.1149860951179681,8.54436,1.2158198,0.53922087,0.9639293,0.35,10.0,0.8,52
0.0867189165603282,8.109627,1.2259396,0.5124903,0.9972298,0.35,10.0,0.8,52
0.1383786159337953,8.531699,1.2263923,0.5169915,0.96511304,0.35,10.0,0.8,52
0.1209019507031108,8.489347,1.2332393,0.522945,0.971099,0.35,10.0,0.8,52
0.142529022083726,8.355579,1.2323419,0.53203124,0.9841833,0.35,10.0,0.8,52
0.0988136364249296,8.061517,1.2134061,0.5286432,0.9808798,0.35,10.0,0.8,52
0.1182501462004905,8.009904,1.2234883,0.52663136,0.9836751,0.35,10.0,0.8,52
0.1519377947518992,8.054936,1.2119975,0.51938707,0.96627593,0.35,10.0,0.8,52
0.1763880556683207,8.454819,1.215618,0.522172,0.9884728,0.35,10.0,0.8,52
0.1379571499935416,8.015304,1.2335029,0.52261937,0.9503801,0.35,10.0,0.8,52
0.1279064632238343,8.255592,1.2162415,0.5149463,0.9829314,0.35,10.0,0.8,52
0.1369950427565463,8.131337,1.2182419,0.53300565,0.9650866,0.35,10.0,0.8,52
0.1080362148284912,8.212753,1.2305566,0.5194487,0.94582975,0.35,10.0,0.8,52
0.1520009261730105,8.19017,1.2192357,0.51458937,0.9968051,0.35,10.0,0.8,52
0.0772653056299963,8.197536,1.2140539,0.53461945,0.97800493,0.35,10.0,0.8,52
0.1477794012912484,8.471551,1.227441,0.503531,0.9421747,0.35,10.0,0.8,52
0.1518137219007625,8.037692,1.2178115,0.51082784,0.9880856,0.35,10.0,0.8,52
0.1242564036347145,8.154751,1.215115,0.51662326,0.9927454,0.35,10.0,0.8,52
0.1554024219512939,8.416891,1.2239914,0.507006,0.9813762,0.35,10.0,0.8,52
0.118255701419919,8.186179,1.2278249,0.5178401,0.9414059,0.35,10.0,0.8,52
0.1010684343382369,7.9210978,1.2305739,0.5251858,0.9612684,0.35,10.0,0.8,52
0.1144486143422681,8.07373,1.2207446,0.52938616,0.998971,0.35,10.0,0.8,52
0.1142778691136559,8.111179,1.2147175,0.5334252,0.9899926,0.35,10.0,0.8,52
0.1259247921788415,8.086123,1.2224872,0.518229,0.9837872,0.35,10.0,0.8,52
0.1429544062503548,8.220213,1.2224983,0.5170894,0.9965724,0.35,10.0,0.8,52
0.1126265512067218,8.300899,1.2201734,0.51821285,0.9319774,0.35,10.0,0.8,52
0.1272044622288193,8.12965,1.2185241,0.5172244,0.985891,0.35,10.0,0.8,52
0.125448446007662,8.337367,1.2313236,0.52859324,0.9975463,0.35,10.0,0.8,52
0.1087940994528837,7.837162,1.2305329,0.5364717,0.95643806,0.35,10.0,0.8,52
0.132583045648974,8.1769285,1.2207671,0.5247135,0.9619602,0.35,10.0,0.8,52
0.1394006176882012,8.776603,1.2107664,0.50644165,0.98878884,0.35,10.0,0.8,52
0.1328634543307991,7.826331,1.2147121,0.5141824,0.98105896,0.35,10.0,0.8,52
0.1084660552268804,8.16648,1.230089,0.51245826,0.94683516,0.35,10.0,0.8,52
0.1415413004853004,7.75033,1.2230812,0.51343167,0.98181033,0.35,10.0,0.8,52
0.1192400432409242,8.172551,1.2209984,0.5151016,0.9896743,0.35,10.0,0.8,52
0.1047160787360612,8.030014,1.2208451,0.53217053,0.9994544,0.35,10.0,0.8,52
0.098854659768038,8.0779505,1.2106218,0.5388606,0.99467623,0.35,10.0,0.8,52
0.1118935109515522,8.505965,1.2201208,0.5114888,0.9996841,0.35,10.0,0.8,52
0.1248750735438147,8.193846,1.1950415,0.53586066,0.99220634,0.35,10.0,0.8,52
0.1198978967001271,8.106192,1.2360916,0.51702124,0.9751644,0.35,10.0,0.8,52
0.1411921196871025,7.926548,1.2104814,0.5084789,0.9442899,0.35,10.0,0.8,52
0.1373563271455986,8.105138,1.2018204,0.52358645,0.9967824,0.35,10.0,0.8,52
0.1441554940245872,8.464929,1.2273642,0.518669,0.9909923,0.35,10.0,0.8,52
0.1649411767028099,8.225155,1.2209299,0.5119291,0.99381053,0.35,10.0,0.8,52
0.0800924733184104,8.538087,1.2231869,0.5379649,0.99061084,0.35,10.0,0.8,52
0.1479920336257579,8.337016,1.2286425,0.5270223,0.90655315,0.35,10.0,0.8,52
0.1261735833633777,7.9967146,1.2380712,0.51696604,0.98532975,0.35,10.0,0.8,52
0.148603431790374,8.098946,1.2254329,0.5209187,0.9841988,0.35,10.0,0.8,52
0.1021891809064288,7.7218246,1.203587,0.51855606,0.96644926,0.35,10.0,0.8,52
0.109261196580044,7.913076,1.2216321,0.52791727,0.9430015,0.35,10.0,0.8,52
0.1477427464418633,8.200481,1.2166792,0.5213755,0.95035803,0.35,10.0,0.8,52
0.1306941730587981,8.138187,1.2092191,0.52976954,0.99688065,0.35,10.0,0.8,52
0.1457752379483954,7.7682986,1.20896,0.5202158,0.9884143,0.35,10.0,0.8,52
0.1438810321896575,8.237796,1.2026678,0.52623767,0.9990972,0.35,10.0,0.8,52
0.1686625825748887,8.095408,1.2228961,0.52030855,0.98156345,0.35,10.0,0.8,52
0.1512171077728271,7.862463,1.2224036,0.5118559,0.8993424,0.35,10.0,0.8,52
0.1187152364863905,8.336044,1.2308865,0.52241045,0.97158146,0.35,10.0,0.8,52
0.1297102745854577,8.261884,1.2342579,0.50997126,0.91901577,0.35,10.0,0.8,52
0.1425534164073855,8.624978,1.2221023,0.51357466,0.9943576,0.35,10.0,0.8,52
0.1463444008494532,8.008645,1.2397232,0.5251331,0.9821904,0.35,10.0,0.8,52
0.1126934692471526,8.109441,1.2272999,0.5161228,0.9179224,0.35,10.0,0.8,52
0.1681806803414988,8.014954,1.2202542,0.51680094,0.98501873,0.35,10.0,0.8,52
0.1416708841545637,8.124102,1.2291529,0.521942,0.97996855,0.35,10.0,0.8,52
0.1582728203174679,8.154961,1.2124221,0.5060065,0.9810108,0.35,10.0,0.8,52
0.1239500977272211,8.569908,1.234789,0.52798533,0.9841237,0.35,10.0,0.8,52
0.15011343108776,8.025959,1.195895,0.5138912,0.98775184,0.35,10.0,0.8,52
0.115198732819668,8.08656,1.2143841,0.5393738,0.99466634,0.35,10.0,0.8,52
0.1312696194759635,8.257702,1.2202824,0.5325659,0.9702132,0.35,10.0,0.8,52
0.1499214853242386,8.265824,1.2049506,0.5091486,0.9945482,0.35,10.0,0.8,52
0.133540147825729,7.7943435,1.2071153,0.5171861,0.9707577,0.35,10.0,0.8,52
0.1061453268805215,8.001736,1.1950866,0.52494705,0.9474772,0.35,10.0,0.8,52
0.1466778881161712,8.279255,1.2398844,0.51271826,0.8688023,0.35,10.0,0.8,52
0.1553508496838946,8.215971,1.2412192,0.5214265,0.96535623,0.35,10.0,0.8,52
0.1229071780360022,8.114987,1.2285719,0.5189913,0.9657552,0.35,10.0,0.8,52
0.1391805535249932,8.300541,1.2168554,0.51246965,0.96080494,0.35,10.0,0.8,52
0.0994776348291441,8.059152,1.2479746,0.5414484,0.88383687,0.35,10.0,0.8,52
0.1146844971678977,8.073097,1.2629327,0.51756895,0.8264711,0.35,10.0,0.8,52
0.1367050086176672,7.851675,1.2446557,0.51300067,0.90977705,0.35,10.0,0.8,52
0.1419098594133244,8.324826,1.2205782,0.50036645,0.93972266,0.35,10.0,0.8,52
0.1078446179766987,8.107696,1.2234596,0.5227785,0.96484935,0.35,10.0,0.8,52
0.1351402159846106,8.332125,1.2504014,0.51987547,0.9663831,0.35,10.0,0.8,52
0.1573757647580878,8.0010805,1.2189091,0.50821596,0.905854,0.35,10.0,0.8,52
0.1328913843908975,8.223343,1.2057407,0.5236395,0.9871087,0.35,10.0,0.8,52
0.1112267990999443,8.194699,1.2287621,0.5145987,0.96566427,0.35,10.0,0.8,52
0.1305094742885856,8.294814,1.221601,0.514914,0.9663905,0.35,10.0,0.8,52
0.1362962440224581,8.159729,1.2137254,0.5158228,0.99248123,0.35,10.0,0.8,52
0.1132579691687295,8.500639,1.2187264,0.53175384,0.98967314,0.35,10.0,0.8,52
0.1663059107758278,8.414495,1.2312852,0.50089145,0.9671172,0.35,10.0,0.8,52
0.1415027236494907,8.2509165,1.2182394,0.52086645,0.98933554,0.35,10.0,0.8,52
0.1338881167921909,8.183294,1.2262257,0.5305528,0.9902358,0.35,10.0,0.8,52
0.1411384868178256,8.37271,1.2324023,0.52171445,0.95664525,0.35,10.0,0.8,52
0.1339865841089293,8.319593,1.2154152,0.5143848,0.9859575,0.35,10.0,0.8,52
0.1578638418330702,8.304181,1.2179304,0.52989787,0.96200836,0.35,10.0,0.8,52
0.1386234553137491,8.057343,1.2043802,0.5155533,0.9873059,0.35,10.0,0.8,52
0.1112060098426286,8.219922,1.2202957,0.5247738,0.9718716,0.35,10.0,0.8,52
0.0981936705389688,8.034091,1.2167131,0.52476764,0.99737895,0.35,10.0,0.8,52
0.1560233197323111,8.194386,1.220164,0.5100841,0.9802973,0.35,10.0,0.8,52
0.1385414427380229,7.8120184,1.2034318,0.5277105,0.97914314,0.35,10.0,0.8,52
0.1453046814230985,7.740588,1.2186959,0.50202453,0.98137593,0.35,10.0,0.8,52
0.1290965498990791,8.1189375,1.2107956,0.5159462,0.95262396,0.35,10.0,0.8,52
0.1469355820500573,8.372564,1.2471505,0.52408624,0.98123884,0.35,10.0,0.8,52
0.1435063038315883,8.36741,1.2427928,0.52123624,0.9697808,0.35,10.0,0.8,52
0.1328244732701501,8.132873,1.2191647,0.5188554,0.9882425,0.35,10.0,0.8,52
0.1284304236478583,8.126565,1.2181,0.5270055,0.9433907,0.35,10.0,0.8,52
0.1332710977598678,8.310264,1.2365133,0.5206687,0.992339,0.35,10.0,0.8,52
0.1520481260432753,8.14548,1.2301822,0.51969755,0.91874516,0.35,10.0,0.8,52
0.1116672590388808,8.422571,1.2074509,0.51887584,0.982375,0.35,10.0,0.8,52
0.1307518936423368,8.014973,1.2311015,0.5270816,0.9564146,0.35,10.0,0.8,52
0.1443396784760231,8.093854,1.2127018,0.5062903,0.96344066,0.35,10.0,0.8,52
0.1600844012415686,8.414305,1.2028487,0.5171355,0.9916347,0.35,10.0,0.8,52
0.1426981213591819,8.620308,1.223237,0.50290304,0.9932182,0.35,10.0,0.8,52
0.1232941215869992,7.918488,1.2094624,0.51660204,0.9916917,0.35,10.0,0.8,52
0.1418278093116228,8.204093,1.2385923,0.50526893,0.9445361,0.35,10.0,0.8,52
0.1536867034379826,8.271967,1.2211312,0.5106565,0.98093593,0.35,10.0,0.8,52
0.1427952483864717,8.296081,1.215953,0.5072755,0.996145,0.35,10.0,0.8,52
0.1671797997674276,8.537937,1.2237372,0.5103906,0.9723406,0.35,10.0,0.8,52
0.1435277589310047,7.8993,1.2306256,0.50384116,0.9089155,0.35,10.0,0.8,52
0.1230293184324752,8.008281,1.237721,0.521111,0.8929639,0.35,10.0,0.8,52
0.1265907213077988,7.741243,1.2190437,0.51796097,0.9375441,0.35,10.0,0.8,52
0.1349276194461556,8.134465,1.2127012,0.50152284,0.93075335,0.35,10.0,0.8,52
0.1028646027764608,7.619891,1.2023759,0.52293056,0.98589706,0.35,10.0,0.8,52
0.1259134539670722,7.6190295,1.2131774,0.51221013,0.9742739,0.35,10.0,0.8,52
0.1198958351667537,8.260981,1.2167077,0.5272665,0.9839423,0.35,10.0,0.8,52
0.131953834045765,8.240471,1.22036,0.5074819,0.9676063,0.35,10.0,0.8,52
0.130313877016999,8.207515,1.2041049,0.526017,0.99332404,0.35,10.0,0.8,52
0.1347761925098508,8.052441,1.2154483,0.5178789,0.9745718,0.35,10.0,0.8,52
0.1024596655202466,8.275531,1.214105,0.51823187,0.99895513,0.35,10.0,0.8,52
0.1861497362269911,8.277936,1.22866,0.50497484,0.94417465,0.35,10.0,0.8,52
0.1167628387628599,8.237536,1.2221006,0.5271663,0.9626956,0.35,10.0,0.8,52
0.1176333234032919,7.860649,1.1903727,0.5164465,0.99585605,0.35,10.0,0.8,52
0.1279907812074173,7.9086447,1.2355877,0.51493204,0.9297776,0.35,10.0,0.8,52
0.114672853957775,7.991355,1.2283641,0.51355857,0.96903646,0.35,10.0,0.8,52
0.1209632020994674,8.061386,1.2423631,0.52469397,0.8697518,0.35,10.0,0.8,52
0.1449192836229191,8.219641,1.2258862,0.5135969,0.9914359,0.35,10.0,0.8,52
0.1476868699539539,8.052526,1.2198244,0.505234,0.99475455,0.35,10.0,0.8,52
0.1138411372872286,8.141029,1.2379017,0.52166003,0.8952651,0.35,10.0,0.8,52
0.1261206889928773,8.258873,1.2384753,0.5218212,0.955968,0.35,10.0,0.8,52
0.1536346284289692,8.14977,1.2251025,0.51538867,0.97563815,0.35,10.0,0.8,52
0.1520416257104208,8.357666,1.2240052,0.5119976,0.98991966,0.35,10.0,0.8,52
0.1776911722227584,8.308377,1.218252,0.51059425,0.97888887,0.35,10.0,0.8,52
0.1274085756346236,8.098047,1.2234597,0.49238217,0.94535863,0.35,10.0,0.8,52
0.1190600064299827,7.6387815,1.2034446,0.5153858,0.96921325,0.35,10.0,0.8,52
0.1352565155472866,8.141661,1.2284914,0.519524,0.9669913,0.35,10.0,0.8,52
0.126474303977434,8.167076,1.2216301,0.5263277,0.97653425,0.35,10.0,0.8,52
0.1374920434286428,7.99547,1.2294695,0.5214644,0.9186574,0.35,10.0,0.8,52
0.110195347896842,8.131596,1.237542,0.52177036,0.8967819,0.35,10.0,0.8,52
0.0897577759942343,8.112643,1.2070398,0.5197273,0.9954834,0.35,10.0,0.8,52
0.1477504698287609,8.37052,1.2166767,0.50059104,0.9882275,0.35,10.0,0.8,52
0.1072434587256853,8.328347,1.2319407,0.5234615,0.9355583,0.35,10.0,0.8,52
0.1217875837725262,7.7478266,1.2101206,0.5109014,0.9936404,0.35,10.0,0.8,52
0.1423836056021757,8.202133,1.2081969,0.5159221,0.99882865,0.35,10.0,0.8,52
0.1328889118904291,8.037665,1.2149124,0.52003884,0.9479871,0.35,10.0,0.8,52
0.1226373393036598,8.650866,1.231049,0.52096546,0.9774895,0.35,10.0,0.8,52
0.1533873750997144,7.9660845,1.2276247,0.5186549,0.95282686,0.35,10.0,0.8,52
0.1237175710367602,8.026665,1.2202605,0.5260694,0.9887568,0.35,10.0,0.8,52
0.1346517429795376,8.1713915,1.2187457,0.51984257,0.9742179,0.35,10.0,0.8,52
0.1473917131202165,8.257239,1.2043986,0.5193173,0.9747175,0.35,10.0,0.8,52
0.128219962585804,8.511821,1.2222121,0.52135056,0.98285127,0.35,10.0,0.8,52
0.1484899489824162,8.857069,1.2372837,0.511701,0.9537108,0.35,10.0,0.8,52
0.1323128616865291,7.7905574,1.2040834,0.50964576,0.98783433,0.35,10.0,0.8,52
0.1406874647805857,8.323703,1.2186887,0.5297859,0.97181046,0.35,10.0,0.8,52
0.1488190743645956,8.003357,1.2105085,0.51974803,0.9829881,0.35,10.0,0.8,52
0.0943482862073321,8.428023,1.2358316,0.54678243,0.9619882,0.35,10.0,0.8,52
0.1367154639931612,8.048556,1.2145263,0.52072155,0.96866095,0.35,10.0,0.8,52
0.130103575240734,7.862754,1.1861871,0.5194111,0.99693406,0.35,10.0,0.8,52
0.1400096540229265,8.74831,1.2494758,0.5054711,0.96336126,0.35,10.0,0.8,52
0.1533433699940526,7.9874053,1.228451,0.5184644,0.99002314,0.35,10.0,0.8,52
0.1317082218347594,8.433145,1.2254922,0.5117122,0.9541489,0.35,10.0,0.8,52
0.1322557886256728,8.246155,1.2222869,0.51130426,0.98451257,0.35,10.0,0.8,52
0.1074264608427535,8.049412,1.2219142,0.5179358,0.93851554,0.35,10.0,0.8,52
0.1301833709450655,7.795701,1.2252901,0.5332443,0.94897234,0.35,10.0,0.8,52
0.1081859793995702,8.264681,1.2463456,0.5269516,0.8348826,0.35,10.0,0.8,52
0.0997944662404614,8.020502,1.2196829,0.52168626,0.9766803,0.35,10.0,0.8,52
0.1377064533677212,8.16077,1.2366282,0.5251001,0.94258463,0.35,10.0,0.8,52
0.1434446041195891,8.53047,1.222474,0.52276677,0.97357094,0.35,10.0,0.8,52
0.1398972483790198,8.606263,1.2201108,0.5143625,0.9890015,0.35,10.0,0.8,52
0.1038168311895326,8.09115,1.2176682,0.5359173,0.9738034,0.35,10.0,0.8,52
0.1292014075434485,7.964816,1.2130487,0.5217977,0.9546261,0.35,10.0,0.8,52
0.1502608119609744,8.034053,1.2167138,0.52274173,0.970402,0.35,10.0,0.8,52
0.1297374986604202,8.3130245,1.2138804,0.5088766,0.98105335,0.35,10.0,0.8,52
0.121177019651546,8.274694,1.2177927,0.5169384,0.9997773,0.35,10.0,0.8,52
0.1141855596054432,8.264948,1.2157496,0.53022295,0.96498907,0.35,10.0,0.8,52
0.1259872684478759,8.010748,1.2183503,0.52052504,0.9858618,0.35,10.0,0.8,52
0.112542389403942,8.183723,1.2350056,0.54044664,0.9774227,0.35,10.0,0.8,52
0.1455412620278292,7.8351097,1.2168776,0.51599413,0.9628806,0.35,10.0,0.8,52
0.1136875254165294,7.8925304,1.2166744,0.53135824,0.94757533,0.35,10.0,0.8,52
0.1123108370581338,8.441587,1.2285259,0.52181226,0.9808105,0.35,10.0,0.8,52
0.1098363307686739,8.433252,1.2354946,0.52299386,0.9474853,0.35,10.0,0.8,52
0.141693536625352,8.295298,1.2317014,0.52680016,0.98912585,0.35,10.0,0.8,52
0.1244128963115603,8.403781,1.2096479,0.51831824,0.9984565,0.35,10.0,0.8,52
0.1609350200032079,8.300071,1.2230852,0.51803446,0.98462903,0.35,10.0,0.8,52
0.128327591607737,8.79345,1.2389971,0.52741987,0.98370814,0.35,10.0,0.8,52
0.1394873241601988,8.328779,1.2328615,0.5383629,0.99112105,0.35,10.0,0.8,52
0.1515294687138047,8.797178,1.2325469,0.52172023,0.9711782,0.35,10.0,0.8,52
0.1274650961410167,8.345874,1.2234039,0.53320867,0.9894258,0.35,10.0,0.8,52
0.1269888759435609,8.466373,1.230428,0.5263909,0.99072886,0.35,10.0,0.8,52
0.1616612883723059,8.314081,1.2141441,0.5125483,0.9905338,0.35,10.0,0.8,52
0.1420299210215724,8.295291,1.2288554,0.49787444,0.9765496,0.35,10.0,0.8,52
0.1831410119699877,8.335209,1.2182655,0.5052449,0.99088025,0.35,10.0,0.8,52
0.1404713144967722,7.8357077,1.2029122,0.51156026,0.9634621,0.35,10.0,0.8,52
0.0964625606093295,8.18473,1.211336,0.5383468,0.9406208,0.35,10.0,0.8,52
0.1226396773582281,8.490238,1.227753,0.5310151,0.96303964,0.35,10.0,0.8,52
0.1309668422965116,8.094528,1.2284634,0.5155864,0.9504545,0.35,10.0,0.8,52
0.142161448633948,8.24184,1.2223816,0.5226144,0.9649651,0.35,10.0,0.8,52
0.1371303681218346,7.9413857,1.2165135,0.5092334,0.9553113,0.35,10.0,0.8,52
0.1348452454943989,8.098879,1.2111244,0.5235849,0.9772165,0.35,10.0,0.8,52
0.1313206108004548,7.8869786,1.2069103,0.5111175,0.9979534,0.35,10.0,0.8,52
0.1311276765867721,8.409093,1.2400228,0.5266443,0.95310354,0.35,10.0,0.8,52
0.115769968698191,8.449516,1.2166857,0.533605,0.9593682,0.35,10.0,0.8,52
0.1445743990609812,8.144949,1.2286617,0.5126279,0.9717425,0.35,10.0,0.8,52
-0.0878938386616883,8.772014,1.1725857,0.5368199,0.98890364,0.38,10.0,0.8,53
-0.1084463252255946,8.307854,1.1659701,0.5298175,0.99057674,0.38,10.0,0.8,53
-0.0770849581265155,8.631614,1.1784518,0.5322206,0.99189246,0.38,10.0,0.8,53
-0.0694142929565759,8.552337,1.1699184,0.53064907,0.9989041,0.38,10.0,0.8,53
-0.0809941454728444,8.308316,1.1759067,0.5325426,0.9827219,0.38,10.0,0.8,53
-0.1082116713052914,8.397213,1.1814743,0.5327635,0.9953332,0.38,10.0,0.8,53
-0.0655305761761135,8.311518,1.1846528,0.5105382,0.9868783,0.38,10.0,0.8,53
-0.0984357964256663,8.53401,1.1905289,0.522078,0.94541705,0.38,10.0,0.8,53
-0.0960166867279712,8.14534,1.1689,0.52794117,0.9991194,0.38,10.0,0.8,53
-0.0749496836132473,8.296841,1.1719316,0.5324136,0.98961604,0.38,10.0,0.8,53
-0.0580343501361799,8.720194,1.1631303,0.5344129,0.99675727,0.38,10.0,0.8,53
-0.0623117878407607,8.175913,1.1629511,0.5273379,0.9792501,0.38,10.0,0.8,53
-0.0824257782506354,8.025571,1.1525495,0.5471047,0.99601185,0.38,10.0,0.8,53
-0.0669311408643369,8.379192,1.1673789,0.52998143,0.98757315,0.38,10.0,0.8,53
-0.0742990175294287,8.214596,1.1495594,0.5358194,0.9917458,0.38,10.0,0.8,53
-0.079489349067947,8.399243,1.1798673,0.5156775,0.9880074,0.38,10.0,0.8,53
-0.1182970919285291,8.643123,1.174556,0.53540945,0.9817002,0.38,10.0,0.8,53
-0.0841340844425154,8.209742,1.1675714,0.5369776,0.96867347,0.38,10.0,0.8,53
-0.0996524119818652,8.051534,1.1641937,0.5372419,0.99403334,0.38,10.0,0.8,53
-0.1082796024687496,8.750334,1.1858943,0.52464527,0.98539793,0.38,10.0,0.8,53
-0.0525577980942196,8.66956,1.1549076,0.5185123,0.97726214,0.38,10.0,0.8,53
-0.089045517930278,8.487817,1.1700337,0.5089572,0.9894664,0.38,10.0,0.8,53
-0.0611007477913373,8.291414,1.1540108,0.5301378,0.98324394,0.38,10.0,0.8,53
-0.0641318304597595,8.318978,1.1752284,0.5130765,0.9989786,0.38,10.0,0.8,53
-0.0974511404096344,8.420095,1.1585596,0.5445297,0.9974408,0.38,10.0,0.8,53
-0.0962626913447438,8.261995,1.1677034,0.5411165,0.9807925,0.38,10.0,0.8,53
-0.1069994277718626,8.578392,1.1623207,0.52249056,0.99975395,0.38,10.0,0.8,53
-0.0852350248525172,8.099285,1.1670625,0.5355457,0.9909167,0.38,10.0,0.8,53
-0.1074045099593974,8.15702,1.1583297,0.52410877,0.9677743,0.38,10.0,0.8,53
-0.0987318896511454,8.509522,1.1677451,0.5217221,0.9952216,0.38,10.0,0.8,53
-0.0957616812653011,8.383126,1.164506,0.53399277,0.9738157,0.38,10.0,0.8,53
-0.0613565567393361,8.630157,1.1709632,0.5299297,0.9244437,0.38,10.0,0.8,53
-0.1082032730108426,8.371335,1.1667178,0.5307306,0.9960885,0.38,10.0,0.8,53
-0.0709184357707883,8.719827,1.1826276,0.5215345,0.99992275,0.38,10.0,0.8,53
-0.0534437831831567,8.444162,1.1718585,0.5199681,0.962857,0.38,10.0,0.8,53
-0.0766060492138803,8.279037,1.1580747,0.50794536,0.99020576,0.38,10.0,0.8,53
-0.1236077071119237,8.475483,1.1559467,0.53893036,0.9855039,0.38,10.0,0.8,53
-0.0691379250714808,8.422335,1.1590086,0.52200425,0.9988332,0.38,10.0,0.8,53
-0.0783374280105402,8.460236,1.1657758,0.4953151,0.9825975,0.38,10.0,0.8,53
-0.0976162233470398,8.2209015,1.1910579,0.53101885,0.9891598,0.38,10.0,0.8,53
-0.087750131877852,8.372751,1.1558638,0.5278703,0.9980105,0.38,10.0,0.8,53
-0.0571307465029351,8.576024,1.1780691,0.51721936,0.9520936,0.38,10.0,0.8,53
-0.110680797394411,8.373943,1.1713814,0.5375234,0.98940086,0.38,10.0,0.8,53
-0.1129371699138923,8.400023,1.1582308,0.5416679,0.9874133,0.38,10.0,0.8,53
-0.0756189089645574,8.275307,1.1508902,0.5321357,0.9939786,0.38,10.0,0.8,53
-0.0803362197640501,8.268629,1.1610582,0.52336174,0.9726409,0.38,10.0,0.8,53
-0.0950564075693672,8.292004,1.1717203,0.5221105,0.98844993,0.38,10.0,0.8,53
-0.0813417863992997,8.321839,1.1587906,0.5275599,0.9895009,0.38,10.0,0.8,53
-0.0888726990164062,8.137546,1.1568186,0.5262545,0.9620981,0.38,10.0,0.8,53
-0.0753586135675877,8.477591,1.1735346,0.5219775,0.960902,0.38,10.0,0.8,53
-0.0909321661495868,8.445447,1.1769419,0.5317941,0.9959824,0.38,10.0,0.8,53
-0.0542867370740866,7.933572,1.1795902,0.51469606,0.9511781,0.38,10.0,0.8,53
-0.0889883084944736,8.18384,1.1605053,0.5192093,0.97173095,0.38,10.0,0.8,53
-0.1350968377236966,8.393329,1.1706377,0.542865,0.9767716,0.38,10.0,0.8,53
-0.0821022241939733,8.650498,1.1821043,0.5277776,0.98118174,0.38,10.0,0.8,53
-0.0826790951652291,8.278337,1.176799,0.5338427,0.978765,0.38,10.0,0.8,53
-0.0695639892860695,8.151054,1.1729466,0.53081566,0.9574274,0.38,10.0,0.8,53
-0.0951263802434191,8.305033,1.1794095,0.52778417,0.94213176,0.38,10.0,0.8,53
-0.1040734597341513,9.103101,1.1858977,0.53359514,0.991006,0.38,10.0,0.8,53
-0.0991841288554815,8.337933,1.1651908,0.54412997,0.9973811,0.38,10.0,0.8,53
-0.1131522934672273,8.211919,1.1661881,0.528344,0.9996103,0.38,10.0,0.8,53
-0.0353187178682397,8.211084,1.163573,0.5156294,0.99617076,0.38,10.0,0.8,53
-0.0963699852390053,8.528851,1.1843945,0.5399694,0.9833168,0.38,10.0,0.8,53
-0.0654415322674645,8.283305,1.1629275,0.5264503,0.94254255,0.38,10.0,0.8,53
-0.1082226737193119,8.401292,1.1752794,0.52229685,0.9837786,0.38,10.0,0.8,53
-0.0552819209481462,8.2073145,1.1678904,0.52987987,0.98158634,0.38,10.0,0.8,53
-0.1078026076893747,8.84758,1.2005515,0.53248197,0.99183595,0.38,10.0,0.8,53
-0.1206824631749847,8.518818,1.170332,0.5283825,0.99116075,0.38,10.0,0.8,53
-0.0973356773971039,8.118394,1.1692519,0.5290657,0.9813329,0.38,10.0,0.8,53
-0.0799042243280528,8.160005,1.1718518,0.5146388,0.9660462,0.38,10.0,0.8,53
-0.078804655958105,8.229321,1.1682482,0.5266297,0.97872174,0.38,10.0,0.8,53
-0.1085463291627389,8.392845,1.1702108,0.5233084,0.9903815,0.38,10.0,0.8,53
-0.0703257315835835,7.9038696,1.1628157,0.53479725,0.98624957,0.38,10.0,0.8,53
-0.1026649839642607,8.625899,1.1736908,0.52915084,0.98929393,0.38,10.0,0.8,53
-0.0786959184540642,7.8395176,1.1522235,0.5342849,0.9982234,0.38,10.0,0.8,53
-0.090582245396979,8.051277,1.17843,0.53839976,0.98055387,0.38,10.0,0.8,53
-0.1114759866838102,8.288426,1.1560158,0.5351668,0.99624693,0.38,10.0,0.8,53
-0.0886780487313682,8.781188,1.1688932,0.51778257,0.9950664,0.38,10.0,0.8,53
-0.1246937909979879,8.459363,1.1687719,0.54295886,0.9848356,0.38,10.0,0.8,53
-0.1046606731267622,8.498521,1.1655948,0.52965546,0.9744749,0.38,10.0,0.8,53
-0.0730799416259483,8.317057,1.1908534,0.5199025,0.9318172,0.38,10.0,0.8,53
-0.0897005921823007,8.079992,1.1760194,0.5304663,0.9617388,0.38,10.0,0.8,53
-0.0997440049972063,8.239113,1.1673732,0.5430837,0.9940736,0.38,10.0,0.8,53
-0.0887392958152441,8.370917,1.1625831,0.53044564,0.984179,0.38,10.0,0.8,53
-0.0764716413580341,8.361584,1.1762114,0.51929975,0.99891937,0.38,10.0,0.8,53
-0.1079435164545789,8.335495,1.1740599,0.5254634,0.98373115,0.38,10.0,0.8,53
-0.0694821302831908,8.358937,1.1626054,0.52688587,0.98542964,0.38,10.0,0.8,53
-0.1006597839755776,8.759975,1.1778284,0.53435224,0.9993193,0.38,10.0,0.8,53
-0.10293390000308,8.589821,1.1547062,0.5327787,0.9893688,0.38,10.0,0.8,53
-0.0900452976903797,8.406211,1.1462138,0.5317436,0.9744252,0.38,10.0,0.8,53
-0.0768263133514074,8.068725,1.1568611,0.5289236,0.98194706,0.38,10.0,0.8,53
-0.1298570649859346,8.826346,1.1669495,0.5430503,0.96976733,0.38,10.0,0.8,53
-0.1035518795031088,8.882735,1.1846272,0.52805907,0.9727993,0.38,10.0,0.8,53
-0.0676348091937877,8.527885,1.1866374,0.53116727,0.9588572,0.38,10.0,0.8,53
-0.0408285712312768,8.02569,1.1656566,0.5332968,0.98967636,0.38,10.0,0.8,53
-0.1078059445192784,8.5773945,1.1591734,0.5214336,0.9795896,0.38,10.0,0.8,53
-0.0917523450468793,8.263886,1.1546367,0.5247,0.9994315,0.38,10.0,0.8,53
-0.0965857570554003,8.297462,1.181971,0.53510267,0.99001956,0.38,10.0,0.8,53
-0.0913036542174256,8.649836,1.1744971,0.52717006,0.99928856,0.38,10.0,0.8,53
-0.0961152155458191,8.839936,1.1976602,0.53031284,0.98179734,0.38,10.0,0.8,53
-0.0919705195927325,8.380713,1.1518663,0.5105536,0.99399734,0.38,10.0,0.8,53
-0.0919344988428516,8.130227,1.1727426,0.51882917,0.98288953,0.38,10.0,0.8,53
-0.0602209129009717,8.238345,1.1636665,0.53243,0.9973216,0.38,10.0,0.8,53
-0.0579144529354425,8.351879,1.1692028,0.5267362,0.97601235,0.38,10.0,0.8,53
-0.0734152156924024,8.05864,1.178452,0.5366644,0.95939314,0.38,10.0,0.8,53
-0.0966708839822698,8.241036,1.1626384,0.53772026,0.99322736,0.38,10.0,0.8,53
-0.1068063929787388,8.384248,1.1584,0.52029055,0.9768983,0.38,10.0,0.8,53
-0.1161254501195601,8.327495,1.1627876,0.5318798,0.9996439,0.38,10.0,0.8,53
-0.0738306830694646,8.326726,1.1786221,0.52407926,0.98827314,0.38,10.0,0.8,53
-0.080311488089738,8.529199,1.1780102,0.5247455,0.9763957,0.38,10.0,0.8,53
-0.1249594073972584,8.429694,1.1741514,0.52764606,0.95461464,0.38,10.0,0.8,53
-0.0959907720412737,8.202806,1.1749253,0.5274464,0.9637195,0.38,10.0,0.8,53
-0.0864829126846643,8.338206,1.163626,0.5242064,0.9887445,0.38,10.0,0.8,53
-0.0869126353881977,8.794816,1.1763983,0.5200534,0.97542155,0.38,10.0,0.8,53
-0.1059877024756537,8.282061,1.176739,0.53350073,0.95393443,0.38,10.0,0.8,53
-0.101561440317719,8.725997,1.1828789,0.5143946,0.99002445,0.38,10.0,0.8,53
-0.0800696810086568,8.924675,1.1888589,0.52674514,0.96588767,0.38,10.0,0.8,53
-0.1150796368534182,8.2867,1.1788437,0.54903483,0.98625934,0.38,10.0,0.8,53
-0.0788790856614524,8.129373,1.1694969,0.5185541,0.97410035,0.38,10.0,0.8,53
-0.077486637139026,8.933952,1.1819793,0.5125666,0.97935677,0.38,10.0,0.8,53
-0.0790808111355628,8.212334,1.1684779,0.52714795,0.97446,0.38,10.0,0.8,53
-0.0862287598774756,8.448866,1.1746566,0.51542884,0.98720706,0.38,10.0,0.8,53
-0.0730015892305491,8.117518,1.1639867,0.52859473,0.97357094,0.38,10.0,0.8,53
-0.1439509533805611,8.821387,1.1733539,0.5545596,0.9932759,0.38,10.0,0.8,53
-0.1169353956204873,8.221896,1.1489949,0.53515923,0.9884181,0.38,10.0,0.8,53
-0.0999256789095607,8.5574465,1.1802473,0.5380816,0.9893563,0.38,10.0,0.8,53
-0.0784692881283936,9.158406,1.1812104,0.5282457,0.9744438,0.38,10.0,0.8,53
-0.0713435572017858,8.466495,1.1733047,0.5304604,0.99970055,0.38,10.0,0.8,53
-0.063602602555428,8.4970045,1.1672677,0.5279458,0.9945271,0.38,10.0,0.8,53
-0.0725842865970399,7.908427,1.1822357,0.5363439,0.95628476,0.38,10.0,0.8,53
-0.094659592722669,8.171232,1.1673179,0.5296685,0.99732876,0.38,10.0,0.8,53
-0.0793721318244934,7.9379654,1.1618878,0.51278436,0.9944974,0.38,10.0,0.8,53
-0.1015443924326955,8.382965,1.158485,0.5321748,0.99659026,0.38,10.0,0.8,53
-0.0703098451061013,8.131798,1.1513249,0.530949,0.98594177,0.38,10.0,0.8,53
-0.050485396326324,8.434237,1.1732813,0.5162323,0.9889549,0.38,10.0,0.8,53
-0.0680726775710965,8.276812,1.1772296,0.5118696,0.99108636,0.38,10.0,0.8,53
-0.0775194581055346,8.187826,1.1557808,0.5181113,0.98872495,0.38,10.0,0.8,53
-0.0845963086169443,8.634349,1.1766604,0.5111081,0.99537015,0.38,10.0,0.8,53
-0.1315017584959666,8.354922,1.170476,0.5533975,0.9988241,0.38,10.0,0.8,53
-0.0934322578818709,8.192184,1.1721376,0.5363105,0.9865383,0.38,10.0,0.8,53
-0.1093976820986947,8.487578,1.158014,0.52813977,0.98662555,0.38,10.0,0.8,53
-0.0937988119360841,8.168583,1.1644521,0.5345177,0.9883448,0.38,10.0,0.8,53
-0.1209962941540612,8.238193,1.1653788,0.52183765,0.9931328,0.38,10.0,0.8,53
-0.0924376738954473,8.389197,1.1696746,0.53645146,0.9970095,0.38,10.0,0.8,53
-0.0676510600396144,8.680706,1.1812621,0.5098256,0.9489567,0.38,10.0,0.8,53
-0.0685321030793366,8.614197,1.1649556,0.52974683,0.99654317,0.38,10.0,0.8,53
-0.0645425920427581,8.578707,1.1925659,0.5268917,0.9873793,0.38,10.0,0.8,53
-0.0845466335025834,8.445309,1.1607869,0.52654654,0.99093485,0.38,10.0,0.8,53
-0.080196066285357,8.278185,1.1528461,0.53404754,0.99028397,0.38,10.0,0.8,53
-0.1000252050382119,8.169522,1.1684573,0.52232397,0.98422015,0.38,10.0,0.8,53
-0.0718389958069648,8.585053,1.1691399,0.51923925,0.9586717,0.38,10.0,0.8,53
-0.0659014251497056,8.648729,1.1696635,0.52711254,0.9768766,0.38,10.0,0.8,53
-0.0803038176489465,8.532225,1.1770061,0.5275875,0.98500896,0.38,10.0,0.8,53
-0.064031320736732,8.164148,1.160695,0.52770084,0.9894358,0.38,10.0,0.8,53
-0.0921861964537773,8.723975,1.1885254,0.53482515,0.99508893,0.38,10.0,0.8,53
-0.0741250467300415,8.344906,1.1656224,0.5307214,0.98709667,0.38,10.0,0.8,53
-0.0902042966124452,8.256336,1.1757793,0.5365856,0.97182035,0.38,10.0,0.8,53
-0.070599554526953,8.533798,1.1686672,0.52769893,0.98879147,0.38,10.0,0.8,53
-0.0799808829066194,8.271554,1.1654454,0.5335041,0.99325883,0.38,10.0,0.8,53
-0.063999280752959,8.3008175,1.1707852,0.516649,0.9762193,0.38,10.0,0.8,53
-0.1261379359092241,8.48337,1.1726906,0.5337785,0.959308,0.38,10.0,0.8,53
-0.0834735151426291,8.404164,1.1729674,0.5300654,0.99882054,0.38,10.0,0.8,53
-0.1169412210694065,8.803702,1.173784,0.5503775,0.98710203,0.38,10.0,0.8,53
-0.0826651215847627,8.389307,1.1873786,0.52090394,0.9910412,0.38,10.0,0.8,53
-0.0973224166293203,8.135773,1.1553364,0.5303772,0.9868181,0.38,10.0,0.8,53
-0.0665214183448273,8.668242,1.1834886,0.51999867,0.9615152,0.38,10.0,0.8,53
-0.0775293819845458,8.199189,1.1612761,0.5205419,0.99058807,0.38,10.0,0.8,53
-0.1000120635385866,8.845482,1.1839987,0.5231433,0.9588945,0.38,10.0,0.8,53
-0.0886765483132115,8.126395,1.1640635,0.5286074,0.99179876,0.38,10.0,0.8,53
-0.0797807157333986,8.374244,1.169526,0.51866037,0.9866743,0.38,10.0,0.8,53
-0.089736828421369,8.290812,1.1560496,0.5328963,0.99011517,0.38,10.0,0.8,53
-0.0693339723863719,8.344626,1.1823418,0.543182,0.9954964,0.38,10.0,0.8,53
-0.0807848799523012,8.341182,1.1651262,0.52633184,0.98913145,0.38,10.0,0.8,53
-0.0631487165262669,8.209387,1.1564265,0.52580065,0.9957564,0.38,10.0,0.8,53
-0.0553748562895221,8.497694,1.1773119,0.5345215,0.9979243,0.38,10.0,0.8,53
-0.1048350436746338,8.071013,1.1615309,0.5327257,0.99942553,0.38,10.0,0.8,53
-0.0642272000989796,8.431703,1.17675,0.52303964,0.9702742,0.38,10.0,0.8,53
-0.0886560201939241,8.604828,1.1919214,0.5106854,0.97421,0.38,10.0,0.8,53
-0.1103802294790008,8.258493,1.1744032,0.53100646,0.9932051,0.38,10.0,0.8,53
-0.0907528142428692,8.498355,1.1737949,0.5190438,0.99741435,0.38,10.0,0.8,53
-0.1097424023681216,8.639159,1.1640366,0.5307874,0.99630654,0.38,10.0,0.8,53
-0.0476469086570504,8.28189,1.174772,0.51568323,0.97869587,0.38,10.0,0.8,53
-0.1108556250142462,8.242791,1.1809947,0.52702934,0.97586524,0.38,10.0,0.8,53
-0.0803396000832687,8.251229,1.1615341,0.5184022,0.9857688,0.38,10.0,0.8,53
-0.0972493053218464,8.535628,1.1848147,0.5273573,0.97388697,0.38,10.0,0.8,53
-0.032175976935728,8.633202,1.1698619,0.5160343,0.99806356,0.38,10.0,0.8,53
-0.0921375906761781,8.282628,1.1754953,0.55402225,0.9870399,0.38,10.0,0.8,53
-0.0630943071695021,8.449469,1.1933318,0.50630623,0.99923444,0.38,10.0,0.8,53
-0.0954999145460717,8.387772,1.1586974,0.52814746,0.96893036,0.38,10.0,0.8,53
-0.0679120302494661,8.047873,1.1617366,0.5288063,0.99504435,0.38,10.0,0.8,53
-0.086891160202615,8.098805,1.1686068,0.5193182,0.9971851,0.38,10.0,0.8,53
-0.0915279139854289,8.433412,1.1810693,0.5089899,0.9966599,0.38,10.0,0.8,53
-0.0872843569590721,8.807171,1.178352,0.52914745,0.99433434,0.38,10.0,0.8,53
-0.1010027120289979,8.494695,1.1741261,0.5280842,0.99097073,0.38,10.0,0.8,53
-0.0834752469445452,8.309127,1.1677145,0.53442,0.9986683,0.38,10.0,0.8,53
-0.1005535203880733,8.290275,1.1794057,0.52535254,0.9602519,0.38,10.0,0.8,53
-0.1023601916837103,8.285432,1.1569633,0.5351051,0.9639033,0.38,10.0,0.8,53
-0.079656428054527,8.313452,1.1698378,0.5365069,0.9740765,0.38,10.0,0.8,53
-0.045352003029835,8.509782,1.1860299,0.5247026,0.9534135,0.38,10.0,0.8,53
-0.0786159907594139,8.121648,1.1584108,0.5275097,0.9940765,0.38,10.0,0.8,53
-0.09666820988243,8.600136,1.1725886,0.52165747,0.99804187,0.38,10.0,0.8,53
-0.0785478274763366,8.331437,1.1632466,0.53698295,0.9810288,0.38,10.0,0.8,53
-0.0751699202149002,8.261095,1.1725614,0.51163656,0.9952202,0.38,10.0,0.8,53
-0.1002113175980838,8.439579,1.1659801,0.5390384,0.9980514,0.38,10.0,0.8,53
-0.0425673695405324,8.421252,1.1587154,0.5107469,0.990898,0.38,10.0,0.8,53
-0.084835700650274,8.626235,1.1784787,0.5282352,0.96872354,0.38,10.0,0.8,53
-0.0779793756537967,8.2726965,1.1782392,0.514594,0.97831047,0.38,10.0,0.8,53
-0.106568076301504,8.432868,1.1817229,0.5235076,0.9738693,0.38,10.0,0.8,53
-0.1150201217922163,8.159376,1.1539621,0.5248013,0.9875654,0.38,10.0,0.8,53
-0.0769369998978979,8.357504,1.1846955,0.51916724,0.980512,0.38,10.0,0.8,53
-0.0985752683657187,8.1440935,1.1722437,0.5372241,0.98181534,0.38,10.0,0.8,53
-0.1142757795033631,8.6961565,1.1819804,0.53220385,0.9906287,0.38,10.0,0.8,53
-0.0888233541264946,8.148762,1.1716064,0.52857995,0.96833694,0.38,10.0,0.8,53
-0.0761576835755948,8.086038,1.1632464,0.51713765,0.9523376,0.38,10.0,0.8,53
-0.0496497522901605,8.469787,1.1976657,0.50950205,0.9505186,0.38,10.0,0.8,53
-0.0742191005194628,8.646804,1.19202,0.51178837,0.9442524,0.38,10.0,0.8,53
-0.0926762825177039,8.370228,1.1638358,0.52434736,0.9867004,0.38,10.0,0.8,53
-0.0972711901753037,8.707355,1.182111,0.5413864,0.99940133,0.38,10.0,0.8,53
-0.0992275385944931,8.079486,1.1536609,0.5355006,0.9737797,0.38,10.0,0.8,53
-0.0860073908905924,8.331643,1.1715227,0.5322636,0.9983196,0.38,10.0,0.8,53
-0.11706995214945,8.703483,1.1689619,0.53224844,0.9991075,0.38,10.0,0.8,53
-0.0498010563261714,8.5162735,1.1809454,0.5295578,0.9637017,0.38,10.0,0.8,53
-0.0869425496201456,8.314185,1.167934,0.52254266,0.9980861,0.38,10.0,0.8,53
-0.0783877522415585,8.190471,1.1853868,0.5239399,0.9889419,0.38,10.0,0.8,53
-0.061256246610924,8.087531,1.1686677,0.5263502,0.9842727,0.38,10.0,0.8,53
-0.0819464304123395,8.250319,1.1577829,0.52493286,0.9768251,0.38,10.0,0.8,53
-0.1135563144713272,8.528962,1.1716919,0.53528905,0.9750358,0.38,10.0,0.8,53
-0.0506671154499053,8.288747,1.154269,0.52882606,0.9984436,0.38,10.0,0.8,53
-0.1169423887317563,8.068629,1.1876794,0.5416761,0.9502456,0.38,10.0,0.8,53
-0.0869039867542408,8.276098,1.1774453,0.5355142,0.99774635,0.38,10.0,0.8,53
-0.0948723954477427,8.74446,1.1814079,0.5321296,0.99804854,0.38,10.0,0.8,53
-0.0912217476780031,8.270169,1.1607801,0.5272196,0.99952185,0.38,10.0,0.8,53
-0.0768469310248339,8.562758,1.1818753,0.52204275,0.9682623,0.38,10.0,0.8,53
-0.0730441639011288,8.644124,1.18295,0.5390267,0.99863076,0.38,10.0,0.8,53
-0.0717391468860484,8.440905,1.1589664,0.52402335,0.9849068,0.38,10.0,0.8,53
-0.1091847475664115,8.213749,1.1648703,0.51810366,0.9989196,0.38,10.0,0.8,53
-0.1003431272359541,8.204207,1.1662669,0.52249044,0.999722,0.38,10.0,0.8,53
-0.1005878474977281,8.439388,1.1643769,0.5185762,0.98117924,0.38,10.0,0.8,53
-0.0692391831197856,8.661728,1.1650121,0.5277846,0.99183524,0.38,10.0,0.8,53
-0.0734078494119055,8.582449,1.178059,0.5334637,0.9567224,0.38,10.0,0.8,53
-0.0716702212522059,8.321295,1.1694918,0.52339715,0.9486805,0.38,10.0,0.8,53
-0.0689239132845843,8.258635,1.172817,0.5137755,0.9975618,0.38,10.0,0.8,53
-0.078438032997979,7.770767,1.1602936,0.52011395,0.97229815,0.38,10.0,0.8,53
-0.0741125404834747,8.676066,1.1807299,0.52753127,0.98203754,0.38,10.0,0.8,53
-0.0973380000797318,8.346277,1.1820085,0.5354119,0.99320817,0.38,10.0,0.8,53
-0.1122355353243556,8.612138,1.170602,0.5384062,0.98584414,0.38,10.0,0.8,53
-0.111973341188313,8.52985,1.1665887,0.526562,0.99108446,0.38,10.0,0.8,53
-0.0905125209137245,8.482138,1.1671299,0.51904947,0.98701334,0.38,10.0,0.8,53
-0.0937852764571154,8.756032,1.1858487,0.5368255,0.9705292,0.38,10.0,0.8,53
-0.0660200880044772,8.249572,1.1734504,0.5295606,0.9983791,0.38,10.0,0.8,53
-0.0913723472606988,8.235081,1.1851188,0.52759326,0.9943439,0.38,10.0,0.8,53
-0.108231853261406,8.54887,1.1758454,0.5285246,0.99785006,0.38,10.0,0.8,53
-0.1013426677238794,8.352729,1.1890812,0.52554303,0.90485,0.38,10.0,0.8,53
-0.075991593569885,8.385554,1.1741623,0.51503223,0.98957634,0.38,10.0,0.8,53
-0.0909902211619012,8.042861,1.162981,0.51980084,0.99453735,0.38,10.0,0.8,53
-0.0801805485913783,8.100367,1.1645811,0.5211534,0.9954803,0.38,10.0,0.8,53
-0.0908720092420224,8.491819,1.1690812,0.5342205,0.9594065,0.38,10.0,0.8,53
-0.0606052716720251,8.734754,1.1712542,0.52210665,0.9772997,0.38,10.0,0.8,53
-0.078507107378524,8.594094,1.1815902,0.516024,0.98455274,0.38,10.0,0.8,53
-0.0881913915975594,7.9509335,1.1889933,0.53339505,0.97770154,0.38,10.0,0.8,53
-0.1225097020761466,8.497711,1.1611674,0.5366908,0.99561584,0.38,10.0,0.8,53
-0.0900007981577037,8.415694,1.175945,0.5237843,0.99918544,0.38,10.0,0.8,53
-0.0566334747532267,8.024407,1.1586341,0.52139026,0.99805593,0.38,10.0,0.8,53
-0.0750629235196996,8.430061,1.1902692,0.5369152,0.9757724,0.38,10.0,0.8,53
-0.0917481473492987,8.288985,1.1720072,0.53340775,0.9963125,0.38,10.0,0.8,53
-0.1287501943700107,8.160329,1.1658112,0.549946,0.9983891,0.38,10.0,0.8,53
-0.0997147391754903,8.484419,1.1755116,0.5488112,0.99974585,0.38,10.0,0.8,53
-0.0881453036673275,8.126019,1.1586518,0.51338536,0.99801993,0.38,10.0,0.8,53
-0.0714779230106024,8.550364,1.1707416,0.51083547,0.98961604,0.38,10.0,0.8,53
-0.0625635444676434,8.379112,1.171608,0.5236592,0.9904698,0.38,10.0,0.8,53
-0.1269772665147428,8.4806185,1.1724705,0.5251898,0.9941442,0.38,10.0,0.8,53
-0.1158631269725752,8.456934,1.1801152,0.53905755,0.9983299,0.38,10.0,0.8,53
-0.1022751293947667,8.4953575,1.1667815,0.5261611,0.9704969,0.38,10.0,0.8,53
-0.0843809102199695,8.354891,1.1751944,0.5287021,0.97503793,0.38,10.0,0.8,53
-0.0823033299122327,8.491872,1.1756169,0.52944523,0.97707784,0.38,10.0,0.8,53
-0.0893610730583285,8.388281,1.1858644,0.5207523,0.9462441,0.38,10.0,0.8,53
-0.1092689619535281,8.759792,1.1830335,0.53810006,0.9943898,0.38,10.0,0.8,53
-0.0689622238388767,8.104611,1.1637155,0.52512825,0.98996055,0.38,10.0,0.8,53
-0.0595970112894788,8.050915,1.1676106,0.51898193,0.9887608,0.38,10.0,0.8,53
-0.0976179129547542,8.322101,1.1654269,0.51918155,0.9741696,0.38,10.0,0.8,53
-0.0766353351098519,8.711414,1.1677171,0.52875483,0.98965704,0.38,10.0,0.8,53
-0.0901981251622423,8.323572,1.1694219,0.5339023,0.9897096,0.38,10.0,0.8,53
-0.0788183598753846,8.628052,1.1668843,0.54626685,0.98850596,0.38,10.0,0.8,53
-0.0810372307859821,8.434351,1.1619136,0.53412306,0.9970057,0.38,10.0,0.8,53
-0.1074274852246413,8.185183,1.1496897,0.53393096,0.987556,0.38,10.0,0.8,53
-0.1092745340311968,8.356894,1.169174,0.5316174,0.9670727,0.38,10.0,0.8,53
-0.1023071776496039,8.458649,1.1686453,0.52154106,0.99312174,0.38,10.0,0.8,53
-0.0877812730677333,8.654933,1.1716361,0.53035706,0.99730873,0.38,10.0,0.8,53
-0.0528114050405996,8.19639,1.1779096,0.5184887,0.9975915,0.38,10.0,0.8,53
-0.076296791544667,8.458457,1.1570902,0.5232962,0.97852373,0.38,10.0,0.8,53
-0.1234833936190899,8.548566,1.1556914,0.5184092,0.99930596,0.38,10.0,0.8,53
-0.0923919602823846,8.193648,1.1830481,0.53227955,0.9495499,0.38,10.0,0.8,53
-0.1180750825817202,8.430844,1.1635697,0.51437885,0.9950055,0.38,10.0,0.8,53
-0.0896301217285203,8.34311,1.16338,0.53343177,0.97810054,0.38,10.0,0.8,53
-0.0759069029931668,8.765044,1.1885841,0.5273382,0.9945352,0.38,10.0,0.8,53
-0.1058095600281232,8.365572,1.1640147,0.5399741,0.96869934,0.38,10.0,0.8,53
-0.0753056620374137,8.553076,1.1734926,0.5309166,0.9991349,0.38,10.0,0.8,53
-0.0986894720939942,7.970015,1.1559767,0.5357123,0.9967568,0.38,10.0,0.8,53
-0.1087323375101442,8.592728,1.16252,0.5344515,0.98105216,0.38,10.0,0.8,53
-0.1084607402777966,8.193613,1.1547669,0.53058934,0.99877596,0.38,10.0,0.8,53
-0.0671619164502179,8.919228,1.1885598,0.5141833,0.99402666,0.38,10.0,0.8,53
-0.0925064980395046,8.099368,1.1636817,0.525376,0.962427,0.38,10.0,0.8,53
-0.0664833688441618,8.357668,1.1551949,0.5113352,0.98051786,0.38,10.0,0.8,53
-0.0715091266161129,8.345612,1.1727753,0.5342674,0.96356916,0.38,10.0,0.8,53
-0.1155611833819636,8.366821,1.1651155,0.5428792,0.98405254,0.38,10.0,0.8,53
-0.0413620306680231,8.442651,1.1613585,0.51439846,0.97291875,0.38,10.0,0.8,53
-0.1117453526861873,8.740755,1.1805145,0.53814304,0.9836669,0.38,10.0,0.8,53
-0.0933188233993671,8.200009,1.1549569,0.5282094,0.99951136,0.38,10.0,0.8,53
-0.0804378910123566,8.21817,1.1569754,0.52452666,0.9754149,0.38,10.0,0.8,53
-0.0921311276930349,8.604412,1.165652,0.51694626,0.9808129,0.38,10.0,0.8,53
-0.0839974041485492,8.441585,1.1687863,0.532414,0.9854816,0.38,10.0,0.8,53
-0.0912454053502024,8.532101,1.1599145,0.5185505,0.9991547,0.38,10.0,0.8,53
-0.1197193280414298,8.720984,1.1776288,0.53531516,0.98871577,0.38,10.0,0.8,53
-0.089933678485729,8.432768,1.1653665,0.53765935,0.9701139,0.38,10.0,0.8,53
-0.0722024995603679,8.331881,1.1608133,0.5270023,0.9986981,0.38,10.0,0.8,53
-0.0982073562675052,8.271152,1.1773833,0.52838284,0.98568153,0.38,10.0,0.8,53
-0.08797483364741,8.36396,1.1753455,0.5308621,0.9952102,0.38,10.0,0.8,53
-0.0258486889173955,8.5196905,1.1650416,0.5171301,0.994931,0.38,10.0,0.8,53
-0.0777520580203444,8.55409,1.17439,0.5244394,0.9775466,0.38,10.0,0.8,53
-0.0628002620332034,8.603807,1.1629611,0.5303905,0.9993255,0.38,10.0,0.8,53
-0.0671541622685797,8.915463,1.1770233,0.52568704,0.9974978,0.38,10.0,0.8,53
-0.1002097111719625,8.303224,1.1513399,0.5210944,0.98363054,0.38,10.0,0.8,53
-0.0916607569029301,8.02546,1.1644404,0.5304341,0.9973347,0.38,10.0,0.8,53
-0.078924424133183,8.277791,1.1703424,0.5243877,0.9598143,0.38,10.0,0.8,53
-0.0789232336591791,8.324407,1.1773516,0.518102,0.9934628,0.38,10.0,0.8,53
-0.0608753709292706,7.873576,1.1610478,0.52531797,0.9584563,0.38,10.0,0.8,53
-0.0924024690227744,8.59432,1.168252,0.52718073,0.9991602,0.38,10.0,0.8,53
-0.0755844762443024,8.316148,1.173396,0.5206777,0.9858465,0.38,10.0,0.8,53
-0.0527496386457372,8.362856,1.169148,0.51212746,0.9908503,0.38,10.0,0.8,53
-0.0679985769736914,8.300004,1.15441,0.51357144,0.997622,0.38,10.0,0.8,53
-0.0695146719909008,8.480202,1.168248,0.49499583,0.99656487,0.38,10.0,0.8,53
-0.0925659086233303,7.9081583,1.1604614,0.52318585,0.96561706,0.38,10.0,0.8,53
-0.0863854864055727,8.610059,1.1776212,0.53368485,0.9797218,0.38,10.0,0.8,53
-0.0570860494360511,8.513318,1.1535957,0.5233262,0.9789314,0.38,10.0,0.8,53
-0.0799163870605421,8.231139,1.1668308,0.5282151,0.98677313,0.38,10.0,0.8,53
-0.0982907592661586,8.27472,1.1629012,0.52548254,0.99647284,0.38,10.0,0.8,53
-0.1208329927038263,8.43039,1.1643499,0.52613264,0.9709674,0.38,10.0,0.8,53
-0.1335339538109155,8.483586,1.1867851,0.53622067,0.9726379,0.38,10.0,0.8,53
-0.1212110007545094,8.37812,1.1747906,0.51321626,0.9820963,0.38,10.0,0.8,53
-0.0886460202270083,8.16764,1.1698974,0.5292235,0.99342155,0.38,10.0,0.8,53
-0.0531973367267184,8.621624,1.1905242,0.5212241,0.998948,0.38,10.0,0.8,53
-0.0700860221003308,8.144384,1.1666608,0.5312872,0.97822857,0.38,10.0,0.8,53
-0.0828363160586651,8.693791,1.1677527,0.5325597,0.9983208,0.38,10.0,0.8,53
-0.0880550219836058,8.480161,1.1800411,0.5336431,0.9836861,0.38,10.0,0.8,53
-0.0898321518485928,8.308483,1.1715459,0.5336729,0.9935814,0.38,10.0,0.8,53
-0.0925332611725654,8.460994,1.1695616,0.52689075,0.9675604,0.38,10.0,0.8,53
-0.0679847913171038,8.579648,1.1697564,0.52812487,0.9967563,0.38,10.0,0.8,53
-0.0928489591751569,8.259743,1.1751032,0.5348835,0.98535705,0.38,10.0,0.8,53
-0.0904171655501848,8.018185,1.1697824,0.5218471,0.9883503,0.38,10.0,0.8,53
-0.0727321564415354,8.092308,1.1696702,0.5224937,0.9706073,0.38,10.0,0.8,53
-0.0704894024648784,8.389816,1.1767429,0.5331857,0.9928293,0.38,10.0,0.8,53
-0.0937252471770769,8.177315,1.1591538,0.5355466,0.99797475,0.38,10.0,0.8,53
-0.060190029365045,8.491748,1.1670966,0.5259271,0.98939395,0.38,10.0,0.8,53
-0.0787651614053749,8.319018,1.1565038,0.52707744,0.9935483,0.38,10.0,0.8,53
-0.0880566613909639,8.535895,1.1733109,0.5264009,0.9984355,0.38,10.0,0.8,53
-0.0830788672264711,8.727265,1.1684881,0.51232046,0.9999447,0.38,10.0,0.8,53
-0.1005765793058607,8.600355,1.1739722,0.5346746,0.99545777,0.38,10.0,0.8,53
-0.1247670044428036,8.467508,1.1720855,0.5393155,0.9452609,0.38,10.0,0.8,53
-0.0855551778828656,8.668018,1.1726302,0.5214093,0.96978545,0.38,10.0,0.8,53
-0.0909845618112587,8.594638,1.1806488,0.5253385,0.9659296,0.38,10.0,0.8,53
-0.0802725880234329,7.936964,1.1494966,0.54043555,0.98855615,0.38,10.0,0.8,53
-0.088212369709839,8.436969,1.1692688,0.5244467,0.98204875,0.38,10.0,0.8,53
-0.1124079677793714,8.274679,1.1663458,0.5327704,0.9812169,0.38,10.0,0.8,53
-0.1057597362847975,8.500298,1.1936306,0.5213138,0.99732995,0.38,10.0,0.8,53
-0.0794812317983603,8.638997,1.1805857,0.52550775,0.99463356,0.38,10.0,0.8,53
-0.0749495219448466,8.685029,1.1732402,0.519723,0.9764192,0.38,10.0,0.8,53
-0.0755373375651277,8.64327,1.1798505,0.52704227,0.97742784,0.38,10.0,0.8,53
-0.1025609727994895,8.617368,1.1621251,0.5425769,0.98818195,0.38,10.0,0.8,53
-0.0646747431931672,8.283268,1.1650218,0.53049695,0.96994877,0.38,10.0,0.8,53
-0.0869701613908932,8.566385,1.1728375,0.51628786,0.96897984,0.38,10.0,0.8,53
-0.0845690600739585,7.9395833,1.1849167,0.51989037,0.95991004,0.38,10.0,0.8,53
-0.1117126225100623,8.538754,1.1713344,0.5448082,0.9701761,0.38,10.0,0.8,53
-0.0796882549332983,8.327377,1.1757078,0.5262916,0.96181977,0.38,10.0,0.8,53
-0.0795412868923611,8.295914,1.1773158,0.5150653,0.97997296,0.38,10.0,0.8,53
-0.084120979235496,8.072301,1.1749899,0.5173512,0.9959686,0.38,10.0,0.8,53
-0.0963083856782795,8.177326,1.1587768,0.53706175,0.9825773,0.38,10.0,0.8,53
-0.1020213908913694,8.55599,1.1732814,0.5281894,0.9943137,0.38,10.0,0.8,53
-0.1220748503414201,8.464621,1.1656944,0.5327836,0.98585737,0.38,10.0,0.8,53
-0.069946707619561,8.286781,1.1662289,0.53400695,0.9910655,0.38,10.0,0.8,53
-0.1075302438529921,8.515101,1.1633668,0.5306346,0.98748064,0.38,10.0,0.8,53
-0.0764825486400981,8.420688,1.1710474,0.51998174,0.9892577,0.38,10.0,0.8,53
-0.110998961881355,9.031005,1.1818006,0.5346206,0.9941362,0.38,10.0,0.8,53
-0.0664180224618794,8.48848,1.1744674,0.5380223,0.9959997,0.38,10.0,0.8,53
-0.0672670256502834,8.993741,1.1704725,0.52820355,0.9876934,0.38,10.0,0.8,53
-0.1141051993988178,8.549014,1.1656958,0.5331757,0.9828757,0.38,10.0,0.8,53
-0.0889445726076761,8.709103,1.1790769,0.5169256,0.99936247,0.38,10.0,0.8,53
-0.0567822785436371,8.528088,1.1825556,0.521223,0.95986605,0.38,10.0,0.8,53
-0.1015423729095929,8.132439,1.1707752,0.52450365,0.9648137,0.38,10.0,0.8,53
-0.0339439631244282,8.49237,1.1812304,0.5129229,0.9464116,0.38,10.0,0.8,53
-0.089342009373653,8.697975,1.1633406,0.5330478,0.9929184,0.38,10.0,0.8,53
-0.1214814721213446,8.153675,1.16922,0.54224735,0.96337795,0.38,10.0,0.8,53
-0.0962123397986094,8.680907,1.1798663,0.5367777,0.9844607,0.38,10.0,0.8,53
-0.0783963434490156,8.233843,1.1570672,0.520574,0.98634195,0.38,10.0,0.8,53
-0.0778050012353025,8.290258,1.1630949,0.52002656,0.9908148,0.38,10.0,0.8,53
-0.0827274760346353,8.022189,1.1808852,0.5337665,0.9510784,0.38,10.0,0.8,53
-0.0771472672032721,8.319266,1.1658654,0.53577596,0.98240006,0.38,10.0,0.8,53
-0.0792334505363746,8.353907,1.1818106,0.5330215,0.98973584,0.38,10.0,0.8,53
-0.0838524288012657,8.194597,1.1790147,0.5224745,0.9959192,0.38,10.0,0.8,53
-0.1025984628995259,8.6478195,1.1736971,0.5428429,0.9916028,0.38,10.0,0.8,53
-0.0629987473252378,8.421734,1.1675434,0.5248142,0.99515355,0.38,10.0,0.8,53
-0.159047004188968,8.284082,1.1554114,0.45253754,0.9825158,0.38,10.0,0.8,54
-0.1489382979932487,7.8695087,1.1410393,0.44617268,0.99098825,0.38,10.0,0.8,54
-0.1371215273423762,8.217312,1.156057,0.45225203,0.961619,0.38,10.0,0.8,54
-0.1389664122826165,8.254585,1.1565968,0.44460377,0.99660003,0.38,10.0,0.8,54
-0.1465502287173381,8.007722,1.1361884,0.46194357,0.9768832,0.38,10.0,0.8,54
-0.1438501827315164,8.222437,1.1383309,0.46322492,0.9929364,0.38,10.0,0.8,54
-0.1091484460137911,7.9019575,1.1564404,0.44251168,0.995463,0.38,10.0,0.8,54
-0.1397983461738185,8.291939,1.1705662,0.45187968,0.95585406,0.38,10.0,0.8,54
-0.1456659595748925,8.150984,1.1443825,0.45153207,0.99897265,0.38,10.0,0.8,54
-0.135295217004036,7.9768324,1.1516337,0.45157084,0.99665964,0.38,10.0,0.8,54
-0.130034487755995,8.321884,1.144743,0.45144406,0.98359,0.38,10.0,0.8,54
-0.1198115320662626,7.9821553,1.1396755,0.45148912,0.9600762,0.38,10.0,0.8,54
-0.1617276099402532,7.5492573,1.1303686,0.46220642,0.99884176,0.38,10.0,0.8,54
-0.1085798513391839,8.101115,1.1354141,0.45212555,0.9961715,0.38,10.0,0.8,54
-0.1323059187421842,7.8733683,1.1313857,0.45473194,0.9927484,0.38,10.0,0.8,54
-0.1232412221811285,8.177443,1.1467752,0.4433588,0.9956616,0.38,10.0,0.8,54
-0.1575999104036982,8.354174,1.1482174,0.45297003,0.99266136,0.38,10.0,0.8,54
-0.1586832824446134,7.8467383,1.1496336,0.46444127,0.9859406,0.38,10.0,0.8,54
-0.1455849286061719,7.694074,1.1479231,0.45751792,0.9882312,0.38,10.0,0.8,54
-0.1482550354497694,8.432425,1.1581044,0.45186996,0.96271324,0.38,10.0,0.8,54
-0.103096764080307,8.31353,1.1489887,0.43422368,0.9946134,0.38,10.0,0.8,54
-0.1376125194632104,8.000954,1.1461816,0.46507105,0.997694,0.38,10.0,0.8,54
-0.1082042735953235,7.963754,1.1283689,0.4499414,0.99600375,0.38,10.0,0.8,54
-0.1218470821977582,8.126793,1.155144,0.42882094,0.9934275,0.38,10.0,0.8,54
-0.1513887133627807,7.909174,1.1489077,0.44748223,0.99873626,0.38,10.0,0.8,54
-0.1600961456121948,8.202668,1.1426451,0.44359058,0.9927461,0.38,10.0,0.8,54
-0.1685380041838797,8.294116,1.135509,0.45126355,0.99931407,0.38,10.0,0.8,54
-0.1426135740287521,8.013363,1.1366636,0.457745,0.9892919,0.38,10.0,0.8,54
-0.1537693683736291,7.845581,1.1327896,0.4481382,0.956064,0.38,10.0,0.8,54
-0.1649989347185196,8.394179,1.1485124,0.45912835,0.9997487,0.38,10.0,0.8,54
-0.1406105754032754,7.8558507,1.1306514,0.4489972,0.9942355,0.38,10.0,0.8,54
-0.1244594184803262,8.288485,1.1468767,0.454021,0.9362041,0.38,10.0,0.8,54
-0.1304393149785686,7.847886,1.1499261,0.4453017,0.99880743,0.38,10.0,0.8,54
-0.1415892220427853,7.8977947,1.1330088,0.453137,0.9969703,0.38,10.0,0.8,54
-0.1027750240485119,8.143671,1.1453048,0.4409944,0.98008215,0.38,10.0,0.8,54
-0.1728046179001998,8.207202,1.1424932,0.44927686,0.9842354,0.38,10.0,0.8,54
-0.0820225173170452,8.167177,1.1535994,0.43889493,0.94829047,0.38,10.0,0.8,54
-0.1200378017189698,8.337561,1.1367933,0.44000685,0.9995564,0.38,10.0,0.8,54
-0.1389112115827557,8.419948,1.1360973,0.4307425,0.9921491,0.38,10.0,0.8,54
-0.1366893922527201,8.20189,1.1459167,0.46227512,0.9754144,0.38,10.0,0.8,54
-0.1436928318125387,8.0819845,1.1373491,0.4488477,0.9930763,0.38,10.0,0.8,54
-0.1303505778091584,8.333918,1.145299,0.4401311,0.9877709,0.38,10.0,0.8,54
-0.107301144721519,8.01019,1.1494628,0.43543047,0.9989332,0.38,10.0,0.8,54
-0.1731207397474203,8.082247,1.145848,0.46377185,0.99854267,0.38,10.0,0.8,54
-0.1166881694491532,8.259549,1.160159,0.43436146,0.99229956,0.38,10.0,0.8,54
-0.1269113167728854,7.9168177,1.1391231,0.44454634,0.9723593,0.38,10.0,0.8,54
-0.1425299276413836,7.8832655,1.1475605,0.446137,0.9935987,0.38,10.0,0.8,54
-0.1254141951086348,8.162107,1.1411308,0.44715607,0.9795294,0.38,10.0,0.8,54
-0.130122605696712,7.882674,1.1338558,0.45621026,0.9865179,0.38,10.0,0.8,54
-0.1160084444809549,7.9881363,1.1544421,0.44334564,0.9911672,0.38,10.0,0.8,54
-0.1411928233518114,8.022721,1.1583711,0.4515863,0.9983218,0.38,10.0,0.8,54
-0.0980969736933524,7.9573836,1.1594471,0.42933387,0.98189914,0.38,10.0,0.8,54
-0.1328858923875198,7.9687595,1.1394315,0.4382811,0.97669613,0.38,10.0,0.8,54
-0.1889936304903104,8.052373,1.1463534,0.4675947,0.9774852,0.38,10.0,0.8,54
-0.1232386228363886,8.242939,1.1577214,0.450809,0.9729866,0.38,10.0,0.8,54
-0.1429825585113242,7.879106,1.1472669,0.4597984,0.98752487,0.38,10.0,0.8,54
-0.1351074359516456,7.9103804,1.1436353,0.45578015,0.9828961,0.38,10.0,0.8,54
-0.1347615601806404,8.022672,1.1698366,0.43416035,0.9689909,0.38,10.0,0.8,54
-0.1517972578294863,8.846567,1.158925,0.45963785,0.9851414,0.38,10.0,0.8,54
-0.1534846805678637,8.174063,1.148456,0.45706895,0.99899316,0.38,10.0,0.8,54
-0.1064609149950549,8.36622,1.1490011,0.4490328,0.9875411,0.38,10.0,0.8,54
-0.0937552937915925,8.046933,1.1354047,0.43669206,0.9753885,0.38,10.0,0.8,54
-0.1739716604467153,8.151007,1.1599678,0.4471004,0.99138784,0.38,10.0,0.8,54
-0.1239714394581188,7.8197575,1.1526288,0.4488982,0.9527401,0.38,10.0,0.8,54
-0.106477099187223,8.22618,1.152083,0.454553,0.96437824,0.38,10.0,0.8,54
-0.1853256024201465,8.583322,1.1582334,0.4534167,0.9869,0.38,10.0,0.8,54
-0.1671381303552866,8.6346035,1.1794966,0.44738773,0.99456286,0.38,10.0,0.8,54
-0.1632577455357016,8.220368,1.1501424,0.4495725,0.9949429,0.38,10.0,0.8,54
-0.1638202438435562,7.9547324,1.1411319,0.44566453,0.97325623,0.38,10.0,0.8,54
-0.1234355532109645,8.289707,1.1546204,0.4393993,0.9782691,0.38,10.0,0.8,54
-0.1297633020439325,8.119863,1.1438446,0.45276606,0.9657974,0.38,10.0,0.8,54
-0.1092378834484165,7.9925013,1.1473471,0.45176208,0.97934926,0.38,10.0,0.8,54
-0.1408721400265347,7.7716,1.1426744,0.46213487,0.98388505,0.38,10.0,0.8,54
-0.1620228106013774,8.131955,1.1445516,0.45694852,0.99445474,0.38,10.0,0.8,54
-0.1500635502953802,8.42088,1.1775023,0.44505727,0.9416815,0.38,10.0,0.8,54
-0.1246438216573488,8.009734,1.1567234,0.44216892,0.97576547,0.38,10.0,0.8,54
-0.1152967767590164,8.363302,1.1713759,0.4432304,0.95157814,0.38,10.0,0.8,54
-0.1388901826366206,8.466354,1.1439381,0.44486964,0.99508965,0.38,10.0,0.8,54
-0.1756084355320407,8.048244,1.14688,0.4679397,0.9845158,0.38,10.0,0.8,54
-0.188008426864512,8.355098,1.1587249,0.45331827,0.9546597,0.38,10.0,0.8,54
-0.1244398469350069,8.080134,1.1655818,0.44845086,0.9501413,0.38,10.0,0.8,54
-0.1513742449110405,7.712455,1.1567725,0.45143366,0.9551691,0.38,10.0,0.8,54
-0.1276356864528272,8.229042,1.1474645,0.43984258,0.97766376,0.38,10.0,0.8,54
-0.1374604621331511,7.8794923,1.1339235,0.45508566,0.98251617,0.38,10.0,0.8,54
-0.1440356803824765,7.7811766,1.154324,0.45853183,0.9962374,0.38,10.0,0.8,54
-0.1142147208365627,7.951129,1.1369631,0.45059112,0.9777757,0.38,10.0,0.8,54
-0.110326390623862,7.495486,1.1288303,0.44403228,0.98414385,0.38,10.0,0.8,54
-0.1369293067702185,8.379912,1.161078,0.4530341,0.99607503,0.38,10.0,0.8,54
-0.1535478492424329,7.7209663,1.1606658,0.44531596,0.97753906,0.38,10.0,0.8,54
-0.1204821702759638,8.3756,1.1613193,0.43806565,0.99872863,0.38,10.0,0.8,54
-0.1271094411086446,8.074935,1.1332848,0.44335988,0.99246085,0.38,10.0,0.8,54
-0.1801479021769587,8.199511,1.1407213,0.45977548,0.9850644,0.38,10.0,0.8,54
-0.1506202206619003,8.66988,1.1662315,0.45161036,0.99812925,0.38,10.0,0.8,54
-0.120603317027851,8.327313,1.1696159,0.44572923,0.9359958,0.38,10.0,0.8,54
-0.1220348133959762,7.74491,1.142636,0.44834653,0.95829153,0.38,10.0,0.8,54
-0.1395918382743411,8.534994,1.1399138,0.4498568,0.9820806,0.38,10.0,0.8,54
-0.1589968920122527,8.093791,1.1287526,0.44632283,0.99898076,0.38,10.0,0.8,54
-0.1518088246386791,8.199965,1.1575754,0.45440695,0.9703814,0.38,10.0,0.8,54
-0.1429880220333612,8.192816,1.1493722,0.45051217,0.99991584,0.38,10.0,0.8,54
-0.157760585540966,8.39536,1.1735218,0.45061785,0.9806677,0.38,10.0,0.8,54
-0.1465872117651301,8.090559,1.1307181,0.43424654,0.99354875,0.38,10.0,0.8,54
-0.1444996581453444,7.835286,1.1533681,0.44324097,0.98438346,0.38,10.0,0.8,54
-0.1147950077056884,7.9312687,1.1413113,0.45537066,0.9971775,0.38,10.0,0.8,54
-0.1092487366601156,7.9985933,1.1531962,0.4487195,0.9761697,0.38,10.0,0.8,54
-0.1299456582555815,7.712941,1.1530784,0.45960152,0.9592655,0.38,10.0,0.8,54
-0.1492967793046046,7.967475,1.1410831,0.45946607,0.99350536,0.38,10.0,0.8,54
-0.1646022880685384,7.9324737,1.1385804,0.4468198,0.9973031,0.38,10.0,0.8,54
-0.1530708649611731,8.267207,1.1441149,0.45968565,0.9971614,0.38,10.0,0.8,54
-0.1362089707530816,8.167847,1.1641743,0.44995454,0.9712688,0.38,10.0,0.8,54
-0.1332089565784153,8.202697,1.1537604,0.4465074,0.975929,0.38,10.0,0.8,54
-0.1143260198324872,8.245617,1.133939,0.4417214,0.9983151,0.38,10.0,0.8,54
-0.1521036133036547,8.23809,1.1500306,0.4463757,0.9997084,0.38,10.0,0.8,54
-0.1390072200987401,8.060215,1.1429124,0.4453986,0.9878769,0.38,10.0,0.8,54
-0.1368989723911609,8.450923,1.1538666,0.44230533,0.97496283,0.38,10.0,0.8,54
-0.1617614475505245,7.9873304,1.1546915,0.4550629,0.96030915,0.38,10.0,0.8,54
-0.1472211376850535,7.816189,1.1322513,0.4527345,0.99711406,0.38,10.0,0.8,54
-0.1341833629379685,8.647338,1.1630493,0.44558325,0.9621451,0.38,10.0,0.8,54
-0.1698683869304391,8.047286,1.1526779,0.4732293,0.98578143,0.38,10.0,0.8,54
-0.157586667062326,8.337332,1.145618,0.45722008,0.99550784,0.38,10.0,0.8,54
-0.1391415389354299,8.536885,1.1565912,0.4520307,0.99046314,0.38,10.0,0.8,54
-0.1310042282197354,7.907392,1.1483202,0.45021144,0.9733757,0.38,10.0,0.8,54
-0.1392996857634283,8.160521,1.153004,0.43811616,0.98735845,0.38,10.0,0.8,54
-0.126016211915053,7.815485,1.1415539,0.45239455,0.97316897,0.38,10.0,0.8,54
-0.2005555911263137,8.536754,1.1491482,0.4764322,0.99355614,0.38,10.0,0.8,54
-0.1525897697908616,7.7849035,1.1289573,0.45771575,0.9772955,0.38,10.0,0.8,54
-0.1569403652798447,8.242712,1.1529844,0.45772088,0.99058366,0.38,10.0,0.8,54
-0.1560254673943084,8.737047,1.1694264,0.45699993,0.988919,0.38,10.0,0.8,54
-0.1269347192662576,8.203217,1.1504163,0.45133355,0.9996027,0.38,10.0,0.8,54
-0.1151418109544462,8.151504,1.1442952,0.4498353,0.9944315,0.38,10.0,0.8,54
-0.1255272815621802,7.599347,1.1602371,0.45969224,0.958889,0.38,10.0,0.8,54
-0.14891210367359,7.905256,1.1469676,0.45312074,0.9974394,0.38,10.0,0.8,54
-0.1591878502004113,8.474332,1.1521069,0.45798504,0.9799167,0.38,10.0,0.8,54
-0.1432992688176068,8.08502,1.1364521,0.45505273,0.995322,0.38,10.0,0.8,54
-0.129963243505133,7.893224,1.1308386,0.4574614,0.9887271,0.38,10.0,0.8,54
-0.1407042631852387,8.169053,1.1364026,0.44740272,0.9930142,0.38,10.0,0.8,54
-0.1425973035821222,8.035212,1.1536667,0.44276655,0.9987738,0.38,10.0,0.8,54
-0.1265850022181845,8.093996,1.1416204,0.44081467,0.9894905,0.38,10.0,0.8,54
-0.1436667723007143,8.409331,1.1487988,0.43406978,0.99462223,0.38,10.0,0.8,54
-0.18422882370455,8.059474,1.1435101,0.47397795,0.9988129,0.38,10.0,0.8,54
-0.1487813710060886,7.8688335,1.1505299,0.45727277,0.9877851,0.38,10.0,0.8,54
-0.1597356579034737,8.235927,1.1361073,0.45253175,0.9873587,0.38,10.0,0.8,54
-0.119876277649421,8.387361,1.1500795,0.44288564,0.99199677,0.38,10.0,0.8,54
-0.1737462952184898,7.968791,1.1446376,0.44590798,0.9931481,0.38,10.0,0.8,54
-0.1467801033584559,8.129254,1.1444774,0.45965925,0.99668884,0.38,10.0,0.8,54
-0.1160773074608497,7.788353,1.1456373,0.4476077,0.9950328,0.38,10.0,0.8,54
-0.1217530429234276,8.379022,1.146902,0.4532471,0.9894031,0.38,10.0,0.8,54
-0.1149709949795577,8.260739,1.1696641,0.44696864,0.98128664,0.38,10.0,0.8,54
-0.1380311940331731,8.168516,1.1385293,0.45021242,0.9910648,0.38,10.0,0.8,54
-0.1353195970725423,8.007679,1.1309817,0.4582053,0.9892994,0.38,10.0,0.8,54
-0.1504147142862794,7.8675556,1.1452804,0.44578984,0.9848596,0.38,10.0,0.8,54
-0.1661506147215134,8.111378,1.1348935,0.45256895,0.9873327,0.38,10.0,0.8,54
-0.1273273543817735,8.340228,1.1462054,0.4467751,0.98467994,0.38,10.0,0.8,54
-0.1337216226173884,8.328495,1.1521246,0.44733343,0.98921704,0.38,10.0,0.8,54
-0.1191339463907563,7.8773894,1.1432141,0.45250022,0.9814949,0.38,10.0,0.8,54
-0.1484874179042657,8.415275,1.1614587,0.45457923,0.9986534,0.38,10.0,0.8,54
-0.1298166860531802,8.135186,1.1438317,0.4543979,0.986423,0.38,10.0,0.8,54
-0.1428576365946986,7.9234295,1.1521776,0.45808145,0.97128236,0.38,10.0,0.8,54
-0.119586675620337,8.211687,1.1441184,0.44809234,0.99067855,0.38,10.0,0.8,54
-0.151699607604438,8.104094,1.1362908,0.45113653,0.9920459,0.38,10.0,0.8,54
-0.1156986281344842,7.991166,1.1487496,0.43847352,0.9763777,0.38,10.0,0.8,54
-0.1808629543630196,8.267868,1.1432788,0.45509586,0.96429837,0.38,10.0,0.8,54
-0.1380459169037007,8.114846,1.150521,0.45206428,0.99883604,0.38,10.0,0.8,54
-0.1720061021389143,8.47456,1.1482909,0.46789503,0.9835776,0.38,10.0,0.8,54
-0.1427298027249355,7.9982595,1.1658981,0.44259447,0.9849293,0.38,10.0,0.8,54
-0.1427266744115437,7.938402,1.1290069,0.4609566,0.983536,0.38,10.0,0.8,54
-0.1236312434035806,8.19681,1.1595048,0.44685835,0.95787644,0.38,10.0,0.8,54
-0.1142546314581468,7.808186,1.1459249,0.43509868,0.98678434,0.38,10.0,0.8,54
-0.1555202695169994,8.546446,1.1605201,0.4458657,0.96409833,0.38,10.0,0.8,54
-0.1424073359881523,7.795491,1.1412804,0.45234835,0.9859034,0.38,10.0,0.8,54
-0.1345589184945296,8.086265,1.1469758,0.44287992,0.98757267,0.38,10.0,0.8,54
-0.13919931064249,7.999196,1.1327863,0.45558938,0.99177134,0.38,10.0,0.8,54
-0.1716750874622527,7.973949,1.1353854,0.4459093,0.966897,0.38,10.0,0.8,54
-0.1235123658548735,8.037642,1.1416016,0.4546993,0.99114823,0.38,10.0,0.8,54
-0.1141390037536621,7.8853,1.1339183,0.44817656,0.995738,0.38,10.0,0.8,54
-0.1094828787100554,8.223511,1.1543126,0.45561585,0.9974874,0.38,10.0,0.8,54
-0.1569334727387524,7.8099313,1.1397997,0.45431796,0.99944127,0.38,10.0,0.8,54
-0.1396381458027469,8.186806,1.1518015,0.4484851,0.9666482,0.38,10.0,0.8,54
-0.155488789984395,7.727461,1.1291578,0.44594395,0.9909916,0.38,10.0,0.8,54
-0.1631866671460489,7.9477673,1.1510172,0.45225278,0.99363315,0.38,10.0,0.8,54
-0.1433777944013545,8.142796,1.1501458,0.4404195,0.99730873,0.38,10.0,0.8,54
-0.1396465839558443,7.850081,1.1518172,0.4339172,0.98587334,0.38,10.0,0.8,54
-0.0999957862372007,7.96031,1.1525352,0.4379536,0.9784695,0.38,10.0,0.8,54
-0.1629090189786377,7.9710927,1.1577228,0.44946674,0.9777403,0.38,10.0,0.8,54
-0.1289663832043938,7.9331603,1.1384165,0.4431447,0.9895891,0.38,10.0,0.8,54
-0.1363185809126593,7.849539,1.147761,0.4595114,0.9971281,0.38,10.0,0.8,54
-0.1765230923937129,7.968321,1.151786,0.4590923,0.9857311,0.38,10.0,0.8,54
-0.1555710150211635,8.013397,1.1405951,0.4453571,0.9718299,0.38,10.0,0.8,54
-0.0970697842536053,8.487702,1.1509953,0.44228387,0.97295845,0.38,10.0,0.8,54
-0.1540730013545182,8.052845,1.1374813,0.44834226,0.974844,0.38,10.0,0.8,54
-0.1314971922059331,7.754491,1.141389,0.44633526,0.99527144,0.38,10.0,0.8,54
-0.1575270136320241,8.312879,1.1571361,0.46752524,0.97942376,0.38,10.0,0.8,54
-0.1514277843161381,8.263081,1.1641316,0.431994,0.9987893,0.38,10.0,0.8,54
-0.1318660268864639,7.673985,1.1449554,0.44799957,0.99194,0.38,10.0,0.8,54
-0.1560676855650346,8.172194,1.1491623,0.4497386,0.9905361,0.38,10.0,0.8,54
-0.1396537726960926,8.030753,1.1454668,0.45677423,0.99859023,0.38,10.0,0.8,54
-0.1253463668469483,8.290811,1.1428368,0.45262995,0.99912345,0.38,10.0,0.8,54
-0.129993705661072,8.273873,1.1487213,0.44487205,0.9582323,0.38,10.0,0.8,54
-0.1338169281412682,8.020148,1.1449568,0.45921507,0.9742588,0.38,10.0,0.8,54
-0.1013728844142955,8.204088,1.1624271,0.44744542,0.9465492,0.38,10.0,0.8,54
-0.1359449386596679,7.888694,1.148038,0.45334768,0.96771705,0.38,10.0,0.8,54
-0.1154881086894865,8.187672,1.1505066,0.45648637,0.97001886,0.38,10.0,0.8,54
-0.1358419597425269,8.064113,1.1414638,0.4629336,0.9906634,0.38,10.0,0.8,54
-0.1190357461778973,7.8721714,1.128811,0.43545637,0.9960437,0.38,10.0,0.8,54
-0.1232099847189241,8.379274,1.161793,0.44151962,0.9329064,0.38,10.0,0.8,54
-0.1110222000500886,8.1504755,1.1362125,0.4427985,0.9906783,0.38,10.0,0.8,54
-0.1366322472032844,8.322521,1.1562138,0.4519322,0.959865,0.38,10.0,0.8,54
-0.1466825768568047,8.046056,1.1498458,0.45517805,0.9810188,0.38,10.0,0.8,54
-0.1327473993905729,8.219994,1.1464299,0.45352423,0.989532,0.38,10.0,0.8,54
-0.1778089238687129,7.8634467,1.1324682,0.44914111,0.98674154,0.38,10.0,0.8,54
-0.1407339928286521,8.04504,1.1603285,0.4404834,0.9820794,0.38,10.0,0.8,54
-0.1447726592988098,7.8493943,1.1489692,0.45775297,0.98446846,0.38,10.0,0.8,54
-0.1681057489894825,8.371733,1.1549536,0.4520213,0.9912647,0.38,10.0,0.8,54
-0.1440582951217014,7.866273,1.1492679,0.45317087,0.96174896,0.38,10.0,0.8,54
-0.1300640809849204,7.7989388,1.1418352,0.4407515,0.9558741,0.38,10.0,0.8,54
-0.1070057485129402,8.134066,1.17229,0.42923728,0.94096315,0.38,10.0,0.8,54
-0.1289795575296676,8.368128,1.174751,0.43702218,0.9375979,0.38,10.0,0.8,54
-0.1310984567144001,7.92637,1.146578,0.45813835,0.99035287,0.38,10.0,0.8,54
-0.1481712875815779,8.261948,1.1589861,0.45792723,0.99856365,0.38,10.0,0.8,54
-0.1491475444746533,7.7133923,1.1335794,0.46259546,0.97450995,0.38,10.0,0.8,54
-0.1402325705066899,8.034189,1.1488105,0.45323026,0.99708533,0.38,10.0,0.8,54
-0.1352466901634723,8.83266,1.1698264,0.4328421,0.96952164,0.38,10.0,0.8,54
-0.1657129228759954,7.914419,1.1482476,0.45297968,0.9960265,0.38,10.0,0.8,54
-0.1409231211892235,8.122482,1.1442145,0.44666696,0.9916141,0.38,10.0,0.8,54
-0.1296768155127441,7.8505564,1.1622354,0.44520575,0.9915167,0.38,10.0,0.8,54
-0.1161666230108859,7.841304,1.1413532,0.4470656,0.9770087,0.38,10.0,0.8,54
-0.1309414713386406,8.003784,1.1355731,0.4486895,0.9746964,0.38,10.0,0.8,54
-0.1742511087886332,8.258446,1.1496116,0.4585178,0.97188663,0.38,10.0,0.8,54
-0.099402906312456,8.043042,1.1396441,0.44978213,0.9982525,0.38,10.0,0.8,54
-0.17493298430347,7.7892523,1.1636821,0.46240163,0.9951509,0.38,10.0,0.8,54
-0.1264452145936131,8.103998,1.1683761,0.45124185,0.98915696,0.38,10.0,0.8,54
-0.1463848858528196,8.421322,1.1568289,0.45324665,0.9977014,0.38,10.0,0.8,54
-0.1410590795350406,7.9924884,1.1363926,0.4536599,0.99934125,0.38,10.0,0.8,54
-0.1332547980777263,8.239318,1.1578903,0.44333056,0.9568955,0.38,10.0,0.8,54
-0.1161509498820238,8.031385,1.1540169,0.4363935,0.9863287,0.38,10.0,0.8,54
-0.1364153797770209,8.164156,1.1402719,0.44842908,0.98130834,0.38,10.0,0.8,54
-0.1615544800117174,7.9663353,1.1442386,0.4419575,0.9988557,0.38,10.0,0.8,54
-0.1389606968586375,8.096936,1.145231,0.45894384,0.94581234,0.38,10.0,0.8,54
-0.1546036852382618,8.236604,1.1406379,0.44085783,0.9666102,0.38,10.0,0.8,54
-0.128237488759909,8.405061,1.1430365,0.45080203,0.9909998,0.38,10.0,0.8,54
-0.1088648365638355,8.153778,1.1433774,0.45410553,0.99427867,0.38,10.0,0.8,54
-0.1252691563167011,7.9768944,1.1469023,0.44714153,0.9595282,0.38,10.0,0.8,54
-0.1382402810615586,8.0011,1.1501905,0.44379,0.99794245,0.38,10.0,0.8,54
-0.1163221528799124,7.7200904,1.1481308,0.4468826,0.96088815,0.38,10.0,0.8,54
-0.1245821301940788,8.377703,1.1559215,0.4480332,0.9860958,0.38,10.0,0.8,54
-0.1465661251710776,8.151904,1.146055,0.45721793,0.98427856,0.38,10.0,0.8,54
-0.1647153966725333,8.393694,1.1472843,0.46235013,0.9878247,0.38,10.0,0.8,54
-0.1690093324357612,8.1932745,1.1516795,0.451527,0.9987905,0.38,10.0,0.8,54
-0.1223377294555145,8.109649,1.1383417,0.433954,0.99453425,0.38,10.0,0.8,54
-0.1393122626198498,8.464695,1.1594627,0.44219723,0.9743936,0.38,10.0,0.8,54
-0.1180289756090969,7.934325,1.1501406,0.4522524,0.99836385,0.38,10.0,0.8,54
-0.1461702890410858,7.939966,1.158778,0.4510423,0.984691,0.38,10.0,0.8,54
-0.168228382275683,8.186553,1.1560454,0.4528705,0.9990816,0.38,10.0,0.8,54
-0.1250905915979624,8.354473,1.1456312,0.45599446,0.99716115,0.38,10.0,0.8,54
-0.1230651024578159,8.078268,1.1508341,0.4375923,0.9912605,0.38,10.0,0.8,54
-0.1423122036622886,7.7394214,1.1403986,0.4423421,0.99663913,0.38,10.0,0.8,54
-0.1401549257008701,7.9775743,1.1408721,0.4454295,0.957278,0.38,10.0,0.8,54
-0.1427361081519856,8.188062,1.1463945,0.45689484,0.9627093,0.38,10.0,0.8,54
-0.1107770997626704,8.388465,1.1474917,0.44359487,0.97825074,0.38,10.0,0.8,54
-0.1360357273380391,8.281377,1.1584419,0.43795562,0.9838489,0.38,10.0,0.8,54
-0.1357664640093513,7.639683,1.1639993,0.4549091,0.9776118,0.38,10.0,0.8,54
-0.1230655256526363,7.710285,1.1395751,0.45052984,0.9903362,0.38,10.0,0.8,54
-0.13077107141707,8.056462,1.1544013,0.43757778,0.9995431,0.38,10.0,0.8,54
-0.1595409959656009,8.030554,1.1461412,0.4540591,0.9507735,0.38,10.0,0.8,54
-0.1557381634071031,8.068145,1.1671392,0.44748616,0.9812288,0.38,10.0,0.8,54
-0.1461456506919271,8.0194025,1.149902,0.4555553,0.99567115,0.38,10.0,0.8,54
-0.1809301516372232,7.888913,1.1382155,0.47678035,0.9968771,0.38,10.0,0.8,54
-0.1476154687599936,8.371067,1.155381,0.4704121,0.9994494,0.38,10.0,0.8,54
-0.1323483376856749,7.816378,1.1404998,0.43816268,0.9984498,0.38,10.0,0.8,54
-0.109234098227352,8.303667,1.1456428,0.4424193,0.9784992,0.38,10.0,0.8,54
-0.1148302373967178,8.078446,1.1475698,0.44573593,0.9856771,0.38,10.0,0.8,54
-0.1779297078374364,8.101674,1.1526976,0.45457438,0.98580754,0.38,10.0,0.8,54
-0.1679169341622401,8.196392,1.1576947,0.46035606,0.99842954,0.38,10.0,0.8,54
-0.1343503910901926,8.283988,1.1514829,0.44382036,0.98378015,0.38,10.0,0.8,54
-0.1310521600567023,8.085886,1.1594015,0.4556583,0.98016465,0.38,10.0,0.8,54
-0.1381824782311087,8.183761,1.1532856,0.44815794,0.9921119,0.38,10.0,0.8,54
-0.1416785503281323,8.058691,1.1657178,0.44578174,0.9531977,0.38,10.0,0.8,54
-0.1624349982218912,8.451498,1.1595283,0.45730823,0.97662246,0.38,10.0,0.8,54
-0.1381079160264323,7.7045918,1.1433591,0.44794476,0.9956151,0.38,10.0,0.8,54
-0.1796525630000201,8.314948,1.1663699,0.45461318,0.9936911,0.38,10.0,0.8,54
-0.1278448065797549,8.006582,1.1413249,0.45984802,0.9973942,0.38,10.0,0.8,54
-0.1239409901259303,8.407035,1.1409109,0.44650674,0.98658776,0.38,10.0,0.8,54
-0.1472790691251917,8.002594,1.1438007,0.4535289,0.98890483,0.38,10.0,0.8,54
-0.1329403974799874,8.242333,1.1347221,0.46539485,0.9883212,0.38,10.0,0.8,54
-0.1346949903084284,8.106365,1.1367021,0.4554642,0.99648786,0.38,10.0,0.8,54
-0.1560757299516079,7.7994123,1.1250999,0.45692754,0.99652255,0.38,10.0,0.8,54
-0.1282598139218974,8.2144,1.1528258,0.444193,0.9844527,0.38,10.0,0.8,54
-0.1557822208021302,8.152478,1.1484594,0.4466499,0.99310637,0.38,10.0,0.8,54
-0.1514337263298919,8.350382,1.151758,0.45286757,0.9968989,0.38,10.0,0.8,54
-0.1441194069440803,8.15578,1.1287754,0.4488814,0.9985117,0.38,10.0,0.8,54
-0.1280203011673421,8.10937,1.1362782,0.4468797,0.98187125,0.38,10.0,0.8,54
-0.0990305718424884,7.8268795,1.1664056,0.44952476,0.8873408,0.38,10.0,0.8,54
-0.1472796314097998,7.8860283,1.1584857,0.4577432,0.9655765,0.38,10.0,0.8,54
-0.1309088862660863,8.207803,1.1458315,0.4576757,0.99644053,0.38,10.0,0.8,54
-0.1436379052940439,8.037558,1.1397469,0.45636144,0.9797809,0.38,10.0,0.8,54
-0.132778946579516,8.433338,1.165486,0.4494098,0.9962512,0.38,10.0,0.8,54
-0.1560287315362756,8.0876,1.1398628,0.46058732,0.96700215,0.38,10.0,0.8,54
-0.124991431243637,8.291908,1.1490037,0.44901383,0.9989041,0.38,10.0,0.8,54
-0.1394395663159708,7.4300814,1.1272322,0.46242398,0.99864125,0.38,10.0,0.8,54
-0.1640269663160698,8.273333,1.1371765,0.4558147,0.9806979,0.38,10.0,0.8,54
-0.1193826236496384,8.527018,1.1647708,0.44921097,0.9964206,0.38,10.0,0.8,54
-0.1208396762895068,8.660661,1.1707392,0.43306115,0.9922025,0.38,10.0,0.8,54
-0.1415700549541337,7.7838006,1.1479077,0.45427376,0.98895526,0.38,10.0,0.8,54
-0.1573760695214249,7.9210377,1.1380391,0.45818046,0.99923277,0.38,10.0,0.8,54
-0.1386715582091436,8.276732,1.1508341,0.4466255,0.995186,0.38,10.0,0.8,54
-0.1392859129080264,8.180939,1.1567066,0.45265317,0.96537507,0.38,10.0,0.8,54
-0.1613667020841949,8.195534,1.1457689,0.45570353,0.9570714,0.38,10.0,0.8,54
-0.1573648523952714,8.266218,1.1388574,0.46346685,0.97884226,0.38,10.0,0.8,54
-0.1543529693236491,8.037406,1.1390238,0.45017585,0.9982072,0.38,10.0,0.8,54
-0.1297156092335673,8.547307,1.1604178,0.44737336,0.97758377,0.38,10.0,0.8,54
-0.1190231482691521,7.9075794,1.1585082,0.45592237,0.9939674,0.38,10.0,0.8,54
-0.1416771233063392,8.099335,1.1447833,0.45317286,0.9845917,0.38,10.0,0.8,54
-0.1484131528531565,8.313395,1.1365378,0.44830427,0.99397504,0.38,10.0,0.8,54
-0.1584462932751757,8.280428,1.1607533,0.4630393,0.99539125,0.38,10.0,0.8,54
-0.1183263624359319,8.197635,1.1511737,0.44711602,0.98655856,0.38,10.0,0.8,54
-0.1339535110295279,8.051244,1.1475915,0.44676274,0.99919975,0.38,10.0,0.8,54
-0.1546732032575415,8.001793,1.1512827,0.45154133,0.9748219,0.38,10.0,0.8,54
-0.1584526061127322,7.9311147,1.1584295,0.45780432,0.98717475,0.38,10.0,0.8,54
-0.0950910454592343,7.981664,1.1521357,0.4298036,0.99404037,0.38,10.0,0.8,54
-0.1504703666622156,8.213237,1.1486876,0.4519984,0.9795737,0.38,10.0,0.8,54
-0.1081651366291311,8.398342,1.1421562,0.4491959,0.9982501,0.38,10.0,0.8,54
-0.1379789098558322,7.780172,1.1598552,0.44059095,0.98315275,0.38,10.0,0.8,54
-0.1555838564521931,8.025377,1.1315048,0.4439784,0.98766875,0.38,10.0,0.8,54
-0.1287749513776446,8.084154,1.1713926,0.4381895,0.97794056,0.38,10.0,0.8,54
-0.1195666540903507,8.228383,1.1494954,0.44338256,0.9997337,0.38,10.0,0.8,54
-0.1361737271180661,7.965431,1.1567209,0.4389871,0.99097073,0.38,10.0,0.8,54
-0.1246537042622219,7.5432997,1.1380262,0.45195842,0.98618245,0.38,10.0,0.8,54
-0.1569663401991359,8.226035,1.1434878,0.4538514,0.9888655,0.38,10.0,0.8,54
-0.1129605583650804,8.140311,1.147371,0.44287074,0.9849131,0.38,10.0,0.8,54
-0.1091350715495703,8.011285,1.1471256,0.4307607,0.9967898,0.38,10.0,0.8,54
-0.1165284062905879,7.992714,1.1349045,0.43540177,0.99880147,0.38,10.0,0.8,54
-0.1253229890356108,8.239265,1.146245,0.42243004,0.9973209,0.38,10.0,0.8,54
-0.1363719533068319,8.032005,1.1473343,0.45612764,0.96951747,0.38,10.0,0.8,54
-0.1221305760460253,8.018454,1.1409094,0.44345117,0.9789809,0.38,10.0,0.8,54
-0.1143420072169355,8.172952,1.1344606,0.443176,0.9963558,0.38,10.0,0.8,54
-0.1137910004192747,8.090739,1.1488007,0.45585328,0.9714724,0.38,10.0,0.8,54
-0.1351423717798,8.068955,1.1462117,0.44040433,0.9966831,0.38,10.0,0.8,54
-0.1582264220696144,7.9611206,1.1545075,0.43979052,0.949505,0.38,10.0,0.8,54
-0.179634994469249,8.030336,1.1595079,0.4553758,0.979795,0.38,10.0,0.8,54
-0.134028266979701,7.840716,1.1466527,0.4550065,0.99471307,0.38,10.0,0.8,54
-0.1345168329464412,7.865658,1.1520473,0.45548993,0.9953364,0.38,10.0,0.8,54
-0.107802749111258,8.257077,1.171015,0.4407462,0.99080026,0.38,10.0,0.8,54
-0.1225964752010068,7.838087,1.1455628,0.4558127,0.9801513,0.38,10.0,0.8,54
-0.1456679711349228,8.496495,1.1552966,0.45745194,0.99929166,0.38,10.0,0.8,54
-0.1242958655202591,8.092926,1.1325283,0.4479115,0.98767674,0.38,10.0,0.8,54
-0.1595580919337972,8.113335,1.1405542,0.45788714,0.9965795,0.38,10.0,0.8,54
-0.139256610678742,8.084626,1.1549938,0.44783306,0.97262204,0.38,10.0,0.8,54
-0.1437585838316397,8.369105,1.1518404,0.45719656,0.99069726,0.38,10.0,0.8,54
-0.1496701973667469,8.441668,1.1531452,0.44923246,0.9886781,0.38,10.0,0.8,54
-0.1167088682684684,8.240224,1.1372876,0.44717857,0.99168575,0.38,10.0,0.8,54
-0.1624455365552415,8.6835575,1.1592929,0.45177498,0.98965096,0.38,10.0,0.8,54
-0.124301979162225,8.03081,1.1544516,0.4564629,0.99466825,0.38,10.0,0.8,54
-0.15145222376819,8.010481,1.1394739,0.45401803,0.99882126,0.38,10.0,0.8,54
-0.1399959037845617,7.803866,1.1564486,0.4426141,0.97976875,0.38,10.0,0.8,54
-0.1066546990550835,8.143166,1.1426411,0.4495088,0.9738786,0.38,10.0,0.8,54
-0.1489913816577316,8.356286,1.1515483,0.45423654,0.98892653,0.38,10.0,0.8,54
-0.1370087615673472,8.517132,1.1466129,0.43687433,0.99908674,0.38,10.0,0.8,54
-0.1259929919353408,8.031054,1.1556185,0.45257017,0.9937558,0.38,10.0,0.8,54
-0.1572490749329651,8.302601,1.1593992,0.45860332,0.9984168,0.38,10.0,0.8,54
-0.1600894048335563,8.301664,1.1466104,0.4401859,0.9894563,0.38,10.0,0.8,54
-0.1335991960109846,8.008087,1.133296,0.43919602,0.987136,0.38,10.0,0.8,54
-0.1386891212677108,8.206086,1.1496848,0.45110953,0.985008,0.38,10.0,0.8,54
-0.1393770008846265,8.271211,1.1374558,0.44364515,0.9789269,0.38,10.0,0.8,54
-0.1127548996963677,8.302503,1.1501849,0.44718665,0.99553275,0.38,10.0,0.8,54
-0.1554691484206611,8.328023,1.1568682,0.4517546,0.9999559,0.38,10.0,0.8,54
-0.1223155715181801,8.36606,1.1536849,0.4489566,0.9946656,0.38,10.0,0.8,54
-0.1619021456687491,8.317774,1.1584363,0.45567802,0.99588025,0.38,10.0,0.8,54
-0.1203023028484267,8.054501,1.136567,0.44575712,0.99649835,0.38,10.0,0.8,54
-0.1606092436236244,8.287292,1.1342162,0.45984605,0.99131465,0.38,10.0,0.8,54
-0.1104197422208889,7.752873,1.1507454,0.4540555,0.9935751,0.38,10.0,0.8,54
-0.1370840214135289,8.129296,1.1437662,0.45172447,0.98309624,0.38,10.0,0.8,54
-0.1588588649780709,7.677733,1.1572758,0.45323613,0.95503736,0.38,10.0,0.8,54
-0.158189226320759,8.214526,1.1420714,0.4619871,0.966187,0.38,10.0,0.8,54
-0.1286737968674767,7.9737787,1.1512324,0.44982362,0.94418275,0.38,10.0,0.8,54
-0.147151368983562,8.215573,1.1420491,0.45925793,0.988449,0.38,10.0,0.8,54
-0.1288025514640985,7.9474034,1.1460598,0.44578785,0.99705553,0.38,10.0,0.8,54
-0.1512932595182239,7.8364563,1.1335107,0.4609549,0.9856745,0.38,10.0,0.8,54
-0.1400851950173768,8.361913,1.1559361,0.4542084,0.94821763,0.38,10.0,0.8,54
-0.1035864597089139,8.060657,1.1538428,0.44867048,0.9945439,0.38,10.0,0.8,54
-0.1250736309055935,8.095539,1.1362234,0.4533205,0.995631,0.38,10.0,0.8,54
-0.1549804720849121,8.349495,1.1450723,0.4527783,0.9965434,0.38,10.0,0.8,54
-0.1402183817785342,7.96446,1.1438887,0.44119102,0.99951994,0.38,10.0,0.8,54
-0.1369453234097688,8.782311,1.1587791,0.44728824,0.99239135,0.38,10.0,0.8,54
-0.1351280535170247,8.04071,1.1439474,0.45725036,0.99745166,0.38,10.0,0.8,54
-0.122499947422623,8.71357,1.1464261,0.4503379,0.99039376,0.38,10.0,0.8,54
-0.1639776368671812,8.333848,1.1496943,0.45408976,0.99537635,0.38,10.0,0.8,54
-0.1201845254890701,8.355137,1.1511933,0.44606906,0.98947585,0.38,10.0,0.8,54
-0.1749254412739501,8.103157,1.140364,0.45920882,0.99589264,0.38,10.0,0.8,54
-0.1226208038529067,8.144324,1.1579696,0.43280685,0.9831302,0.38,10.0,0.8,54
-0.1266483960306441,7.9578047,1.1602942,0.43057856,0.97778857,0.38,10.0,0.8,54
-0.1403879174935578,8.3140545,1.1374583,0.45714808,0.9917903,0.38,10.0,0.8,54
-0.1648601002671066,7.924701,1.1485711,0.4635055,0.9855145,0.38,10.0,0.8,54
-0.1265677759599464,8.425007,1.1577625,0.45774192,0.9586767,0.38,10.0,0.8,54
-0.1222813247197193,7.9936852,1.1363691,0.44172806,0.99064624,0.38,10.0,0.8,54
-0.1212259944365971,7.907961,1.14267,0.44866374,0.9858428,0.38,10.0,0.8,54
-0.1351305424153712,7.8244686,1.1633561,0.45620587,0.9546654,0.38,10.0,0.8,54
-0.1537578753452212,8.575862,1.1629537,0.45198712,0.9357934,0.38,10.0,0.8,54
-0.1682608492554984,8.527733,1.1564797,0.44876868,0.97615314,0.38,10.0,0.8,54
-0.141711763620745,7.816825,1.1513921,0.44640538,0.9620292,0.38,10.0,0.8,54
-0.1662421576390863,8.446913,1.1478677,0.4598565,0.9566791,0.38,10.0,0.8,54
-0.1272493044486186,8.149088,1.142211,0.4447615,0.99175227,0.38,10.0,0.8,54
-0.1135884461264392,8.673397,1.2176639,0.45880187,0.9718723,0.38,10.0,0.8,55
-0.1519679419183137,8.426257,1.2134602,0.47056562,0.9883392,0.38,10.0,0.8,55
-0.1406108552489537,8.473234,1.2039318,0.46949092,0.98992634,0.38,10.0,0.8,55
-0.1252257008226086,8.49867,1.2019756,0.4598664,0.9954618,0.38,10.0,0.8,55
-0.1526312414046639,8.596201,1.214565,0.47652084,0.89273095,0.38,10.0,0.8,55
-0.0852886744010497,8.334619,1.2162566,0.45443177,0.9756452,0.38,10.0,0.8,55
-0.1259578480512769,8.344665,1.2299229,0.4613047,0.96836805,0.38,10.0,0.8,55
-0.143238434390903,8.463748,1.2144014,0.45728466,0.9928187,0.38,10.0,0.8,55
-0.1324327362028889,8.717604,1.2294884,0.46133232,0.94516957,0.38,10.0,0.8,55
-0.1196587717582575,8.228718,1.1979957,0.47748277,0.9946246,0.38,10.0,0.8,55
-0.1022780048896662,8.753662,1.2195458,0.4522689,0.99797595,0.38,10.0,0.8,55
-0.1476790987208671,8.672159,1.2274102,0.47660735,0.9914571,0.38,10.0,0.8,55
-0.0952631064223056,8.772187,1.2142307,0.47817016,0.97906494,0.38,10.0,0.8,55
-0.0916031728146976,8.416071,1.2186003,0.44845492,0.99414253,0.38,10.0,0.8,55
-0.1099007129026151,8.558314,1.2130206,0.45573202,0.97574544,0.38,10.0,0.8,55
-0.1586120551799837,8.502002,1.2035688,0.47324878,0.9963273,0.38,10.0,0.8,55
-0.1582860290262214,8.807392,1.2151458,0.4799183,0.9826397,0.38,10.0,0.8,55
-0.1394789296908002,8.228734,1.1958054,0.46768287,0.99772406,0.38,10.0,0.8,55
-0.1461176722574036,8.103167,1.2029124,0.4663303,0.9893633,0.38,10.0,0.8,55
-0.0958252066250164,8.378976,1.2129169,0.4608889,0.97395194,0.38,10.0,0.8,55
-0.1440819743510598,8.054938,1.2047535,0.4825014,0.9892831,0.38,10.0,0.8,55
-0.1466333254442175,8.455206,1.2188647,0.46454144,0.948071,0.38,10.0,0.8,55
-0.0992388025556857,8.400637,1.2127119,0.44688064,0.98871696,0.38,10.0,0.8,55
-0.1612427804677813,8.757626,1.210262,0.45991787,0.99709713,0.38,10.0,0.8,55
-0.1541972404199022,8.687849,1.2181408,0.46899,0.9728056,0.38,10.0,0.8,55
-0.1595259603326251,8.617598,1.2154428,0.4670377,0.998521,0.38,10.0,0.8,55
-0.1083636458731291,7.833686,1.1845152,0.47307324,0.9991437,0.38,10.0,0.8,55
-0.1518333493030912,8.487576,1.2192217,0.4612366,0.9741808,0.38,10.0,0.8,55
-0.1537596480430903,8.224717,1.1984334,0.461083,0.9758887,0.38,10.0,0.8,55
-0.1173284185971461,8.774527,1.2223957,0.4763093,0.9937779,0.38,10.0,0.8,55
-0.126684787139853,8.335156,1.2034906,0.45467225,0.9931407,0.38,10.0,0.8,55
-0.1157560125030422,8.798788,1.1947937,0.46658006,0.9947723,0.38,10.0,0.8,55
-0.1184423084080961,8.360519,1.2097747,0.47276932,0.99171627,0.38,10.0,0.8,55
-0.1625721748043392,8.425901,1.2310961,0.46715358,0.9956089,0.38,10.0,0.8,55
-0.1484153792917481,8.70869,1.212158,0.45998698,0.9943242,0.38,10.0,0.8,55
-0.1493192901601435,8.589337,1.2106788,0.4822864,0.998742,0.38,10.0,0.8,55
-0.1653088929445417,8.680454,1.209833,0.46188453,0.9971602,0.38,10.0,0.8,55
-0.1370902241364554,8.393376,1.1998341,0.4751707,0.9749054,0.38,10.0,0.8,55
-0.1100487036526945,8.561855,1.214782,0.43730545,0.9724618,0.38,10.0,0.8,55
-0.1525056523999732,8.540876,1.2090453,0.46596557,0.9943187,0.38,10.0,0.8,55
-0.1201989106716456,8.490637,1.2144021,0.4624072,0.9592159,0.38,10.0,0.8,55
-0.123124290056743,8.579826,1.2243932,0.4750537,0.95994663,0.38,10.0,0.8,55
-0.1537882263333965,8.346289,1.2000736,0.4782158,0.99822533,0.38,10.0,0.8,55
-0.1747891577150812,8.407732,1.2110344,0.48238826,0.9643674,0.38,10.0,0.8,55
-0.160637765019761,8.590677,1.2326944,0.47783837,0.9400537,0.38,10.0,0.8,55
-0.1298436840292823,8.200669,1.2028073,0.4565776,0.99347913,0.38,10.0,0.8,55
-0.1279954516491949,8.452865,1.219171,0.4744394,0.9850869,0.38,10.0,0.8,55
-0.1214668677258788,8.478733,1.2077072,0.4625412,0.9760344,0.38,10.0,0.8,55
-0.1465723335198841,8.6585865,1.2196758,0.48020136,0.9293368,0.38,10.0,0.8,55
-0.146336904091459,8.303979,1.1963985,0.4744099,0.99528944,0.38,10.0,0.8,55
-0.147141834734881,8.15311,1.2110755,0.47563183,0.96285856,0.38,10.0,0.8,55
-0.1459767057935231,8.929181,1.2201779,0.46708634,0.9926175,0.38,10.0,0.8,55
-0.1215159742664004,8.344736,1.2126119,0.45572126,0.9683963,0.38,10.0,0.8,55
-0.172461156256466,8.564811,1.2176683,0.47228882,0.99375916,0.38,10.0,0.8,55
-0.1367839615819859,8.663589,1.2080846,0.47220957,0.9913385,0.38,10.0,0.8,55
-0.136437668488728,8.601075,1.2157146,0.4599929,0.9624233,0.38,10.0,0.8,55
-0.1588288501535708,8.456946,1.2101569,0.4637026,0.99527645,0.38,10.0,0.8,55
-0.1501671345154774,8.263593,1.1993922,0.4860603,0.9904299,0.38,10.0,0.8,55
-0.1484268470176522,9.107032,1.2215801,0.47273085,0.99772906,0.38,10.0,0.8,55
-0.12518257073347,8.583312,1.2152566,0.47833985,0.99701536,0.38,10.0,0.8,55
-0.1554782451040022,8.469637,1.2267601,0.4687132,0.9638939,0.38,10.0,0.8,55
-0.1040804534482758,8.327256,1.1998761,0.46028915,0.975536,0.38,10.0,0.8,55
-0.1570717454896428,8.434306,1.2161857,0.47727627,0.9533318,0.38,10.0,0.8,55
-0.1221954056187784,7.8936796,1.2072593,0.48143628,0.9944979,0.38,10.0,0.8,55
-0.1014592464534078,8.673,1.2075955,0.4636587,0.99268925,0.38,10.0,0.8,55
-0.0894324213736284,8.471983,1.199835,0.45984653,0.9796938,0.38,10.0,0.8,55
-0.104542514268788,8.097483,1.2237619,0.4558415,0.9258927,0.38,10.0,0.8,55
-0.1015492749362565,8.134089,1.2075816,0.46332496,0.96474326,0.38,10.0,0.8,55
-0.1441218346233684,8.682818,1.2234299,0.46222442,0.9800298,0.38,10.0,0.8,55
-0.1320626802958888,8.715143,1.2138005,0.47314262,0.9979876,0.38,10.0,0.8,55
-0.1382500559413086,8.596803,1.2376289,0.46604213,0.9367845,0.38,10.0,0.8,55
-0.1312528238702117,8.661452,1.2028928,0.48017824,0.99871147,0.38,10.0,0.8,55
-0.1436312039858078,8.767948,1.2223517,0.48633876,0.9724699,0.38,10.0,0.8,55
-0.1513382073111553,8.7342005,1.21708,0.4756287,0.9798062,0.38,10.0,0.8,55
-0.1037364405072081,8.147634,1.2232476,0.44885242,0.99614453,0.38,10.0,0.8,55
-0.1120957048799981,8.196283,1.2174082,0.47062272,0.9742632,0.38,10.0,0.8,55
-0.1425132851333539,8.298245,1.2155732,0.45338458,0.9855107,0.38,10.0,0.8,55
-0.1113561670315216,8.744688,1.2299567,0.46202314,0.9981173,0.38,10.0,0.8,55
-0.1505174247159997,8.535154,1.2106717,0.4768248,0.998134,0.38,10.0,0.8,55
-0.1485156010542667,8.613219,1.2003261,0.46701312,0.98075604,0.38,10.0,0.8,55
-0.1648566111439985,8.093949,1.2027993,0.47152767,0.96525073,0.38,10.0,0.8,55
-0.1445320648375388,8.155582,1.2070522,0.4769085,0.9889463,0.38,10.0,0.8,55
-0.1261541426132328,8.319899,1.211263,0.46499074,0.99998116,0.38,10.0,0.8,55
-0.1414774188856861,8.414602,1.2123698,0.46230367,0.98761857,0.38,10.0,0.8,55
-0.1462104744436335,8.590393,1.2292395,0.46855658,0.9555212,0.38,10.0,0.8,55
-0.1531170075562979,8.32686,1.212218,0.48337543,0.98976064,0.38,10.0,0.8,55
-0.1044975765018542,7.8892994,1.2059071,0.45250583,0.96038115,0.38,10.0,0.8,55
-0.1454253146856157,8.670748,1.2195532,0.4691714,0.97899795,0.38,10.0,0.8,55
-0.1483005834763475,8.461095,1.2036911,0.47530738,0.96344995,0.38,10.0,0.8,55
-0.1603980546175691,8.348522,1.2140386,0.45781288,0.9846996,0.38,10.0,0.8,55
-0.139013099022426,8.8926325,1.2255435,0.4608022,0.96779644,0.38,10.0,0.8,55
-0.1786955902685268,8.084373,1.2172258,0.4843655,0.99273276,0.38,10.0,0.8,55
-0.1574407843880633,8.753524,1.2218794,0.4823277,0.98517287,0.38,10.0,0.8,55
-0.1476346608711971,8.553978,1.2093102,0.46529257,0.9938878,0.38,10.0,0.8,55
-0.1422220857064259,8.353229,1.1913,0.46052447,0.97190917,0.38,10.0,0.8,55
-0.1278651369557835,8.921328,1.2159836,0.45485517,0.97622347,0.38,10.0,0.8,55
-0.1198578387721445,8.778079,1.2222476,0.45623183,0.9462154,0.38,10.0,0.8,55
-0.1532529645886164,8.573895,1.2039324,0.47133958,0.9962398,0.38,10.0,0.8,55
-0.1582349700898055,8.478406,1.2076482,0.47394148,0.9637401,0.38,10.0,0.8,55
-0.1437047270076403,8.495469,1.2158622,0.46913818,0.9942163,0.38,10.0,0.8,55
-0.1471909991784709,8.442052,1.2240924,0.45109326,0.9639176,0.38,10.0,0.8,55
-0.1321506297687277,8.241506,1.2089466,0.4794619,0.9901725,0.38,10.0,0.8,55
-0.1029652790855075,8.485166,1.220321,0.45825946,0.99396765,0.38,10.0,0.8,55
-0.1546507127898362,8.785537,1.2307676,0.46305612,0.98351264,0.38,10.0,0.8,55
-0.1384162773334139,8.238934,1.1963161,0.4631586,0.9880161,0.38,10.0,0.8,55
-0.161071639728744,8.386069,1.2064642,0.4693153,0.9583802,0.38,10.0,0.8,55
-0.1645048148899157,8.51675,1.2089462,0.45727623,0.97651637,0.38,10.0,0.8,55
-0.1687955870766857,8.585871,1.2092655,0.47123307,0.98774123,0.38,10.0,0.8,55
-0.1476163930418085,8.252535,1.1998799,0.48294327,0.9934746,0.38,10.0,0.8,55
-0.1154683976450401,8.677021,1.2113563,0.47226423,0.9717479,0.38,10.0,0.8,55
-0.1754212151869698,8.21086,1.2059839,0.48589373,0.99330366,0.38,10.0,0.8,55
-0.1160661372653676,8.094792,1.211779,0.46419957,0.97236216,0.38,10.0,0.8,55
-0.1330222439419679,8.261329,1.2072055,0.46549654,0.98663175,0.38,10.0,0.8,55
-0.1290855442191555,8.708556,1.2101526,0.46457246,0.9613987,0.38,10.0,0.8,55
-0.1871554884277438,8.617228,1.236064,0.4695185,0.9691695,0.38,10.0,0.8,55
-0.1082836981630918,8.13592,1.2090317,0.44764772,0.9982977,0.38,10.0,0.8,55
-0.1251475386451389,8.8625555,1.2111304,0.47790283,0.9919691,0.38,10.0,0.8,55
-0.1363465486473067,8.516746,1.21845,0.4931159,0.9843421,0.38,10.0,0.8,55
-0.1255176977497908,8.678055,1.2213895,0.46568123,0.9946741,0.38,10.0,0.8,55
-0.1485528392119031,9.052235,1.2157245,0.46919355,0.9790691,0.38,10.0,0.8,55
-0.1340124282698413,8.315313,1.2066858,0.46870828,0.9880487,0.38,10.0,0.8,55
-0.1368683699255662,8.569355,1.2206324,0.47214168,0.9420893,0.38,10.0,0.8,55
-0.1520092911937919,8.682085,1.2236005,0.47276074,0.96112955,0.38,10.0,0.8,55
-0.1537461507815048,8.99746,1.2237357,0.45757782,0.9991964,0.38,10.0,0.8,55
-0.1493167129888574,8.266247,1.2000322,0.45242503,0.99058414,0.38,10.0,0.8,55
-0.1484206945569683,8.824806,1.2088788,0.47285527,0.99747,0.38,10.0,0.8,55
-0.1609211531368033,8.58266,1.2125814,0.48552135,0.99238753,0.38,10.0,0.8,55
-0.1423370368945648,8.648344,1.2351304,0.47375008,0.9485092,0.38,10.0,0.8,55
-0.1054535841496653,8.382388,1.2148334,0.47049528,0.99508286,0.38,10.0,0.8,55
-0.1536961298760537,8.045063,1.1839256,0.47282842,0.97817767,0.38,10.0,0.8,55
-0.1273590142796148,8.14291,1.2142859,0.46961245,0.9961902,0.38,10.0,0.8,55
-0.146310993358802,8.708103,1.2070688,0.47099936,0.98419154,0.38,10.0,0.8,55
-0.1276967841807242,8.000903,1.2132411,0.44998217,0.99290013,0.38,10.0,0.8,55
-0.1230436312459811,8.292937,1.2167163,0.4706148,0.9607562,0.38,10.0,0.8,55
-0.1181809173678956,8.655317,1.2194804,0.4616889,0.9786334,0.38,10.0,0.8,55
-0.1306888623801504,8.5652075,1.2015933,0.455808,0.99325013,0.38,10.0,0.8,55
-0.1071978053957594,8.403028,1.2101864,0.44800836,0.95676124,0.38,10.0,0.8,55
-0.1449163414630652,8.267746,1.1967524,0.47265857,0.99902844,0.38,10.0,0.8,55
-0.1422188119373875,8.646172,1.2085873,0.47231826,0.9999821,0.38,10.0,0.8,55
-0.1528771887923672,8.361964,1.199992,0.47789586,0.98512423,0.38,10.0,0.8,55
-0.1604539815172614,8.403018,1.207839,0.45658877,0.96903014,0.38,10.0,0.8,55
-0.1322103055928258,8.332353,1.21843,0.46737564,0.93064165,0.38,10.0,0.8,55
-0.1088816899432186,8.451234,1.2058253,0.45874074,0.9894676,0.38,10.0,0.8,55
-0.1277920720933383,8.625451,1.2063684,0.45480135,0.9961488,0.38,10.0,0.8,55
-0.1241684356368923,8.529421,1.1967026,0.47593978,0.96931326,0.38,10.0,0.8,55
-0.1614310947196612,8.241501,1.2210343,0.48000178,0.97281086,0.38,10.0,0.8,55
-0.1506847342020248,8.450775,1.2095563,0.4609286,0.9523381,0.38,10.0,0.8,55
-0.1285362576745852,8.536793,1.2133466,0.45945793,0.9779582,0.38,10.0,0.8,55
-0.128348088907503,8.596554,1.216137,0.4482064,0.9937786,0.38,10.0,0.8,55
-0.1185582108715263,8.440758,1.2145218,0.46843392,0.9797541,0.38,10.0,0.8,55
-0.1277501154242709,8.379765,1.2118909,0.47076,0.9573966,0.38,10.0,0.8,55
-0.1349390275448684,8.704334,1.2115426,0.4663879,0.9952036,0.38,10.0,0.8,55
-0.1302351041057792,8.643473,1.2287431,0.4610364,0.97742903,0.38,10.0,0.8,55
-0.1466565123237515,8.776264,1.2162766,0.47580647,0.9950088,0.38,10.0,0.8,55
-0.1466938832488792,8.626099,1.2206839,0.48376787,0.99071753,0.38,10.0,0.8,55
-0.1181223171974118,8.474339,1.2167048,0.4627416,0.97250545,0.38,10.0,0.8,55
-0.1442400174220073,8.225037,1.2036273,0.47389144,0.99743843,0.38,10.0,0.8,55
-0.1310355163164653,8.389922,1.2078505,0.47147304,0.98840094,0.38,10.0,0.8,55
-0.1224248914896699,8.469875,1.197978,0.44796765,0.9983686,0.38,10.0,0.8,55
-0.1265947791056019,8.594046,1.2080737,0.45794365,0.99099445,0.38,10.0,0.8,55
-0.1597939852115029,8.516908,1.201519,0.4767057,0.9822763,0.38,10.0,0.8,55
-0.1068895913209163,8.235103,1.2136352,0.4646115,0.9717984,0.38,10.0,0.8,55
-0.1384868853913303,8.404673,1.212013,0.46127403,0.9924735,0.38,10.0,0.8,55
-0.1529151053695757,8.650744,1.232366,0.46367243,0.9640293,0.38,10.0,0.8,55
-0.1395259603276787,8.40853,1.2157964,0.48955077,0.9869189,0.38,10.0,0.8,55
-0.143101276856735,8.231352,1.222997,0.4808805,0.96042645,0.38,10.0,0.8,55
-0.1231572551796545,8.510877,1.2082226,0.46771994,0.98424757,0.38,10.0,0.8,55
-0.1470133301974332,8.731711,1.2107339,0.47464824,0.9995779,0.38,10.0,0.8,55
-0.1330776001506821,8.611286,1.2147324,0.46795723,0.9565376,0.38,10.0,0.8,55
-0.1461139309060029,8.449104,1.2123868,0.46994355,0.9986615,0.38,10.0,0.8,55
-0.1346879593415873,8.398383,1.2076907,0.45929962,0.99380934,0.38,10.0,0.8,55
-0.1406716031503875,8.676894,1.2044704,0.46862066,0.97368836,0.38,10.0,0.8,55
-0.1314085894699413,8.550203,1.2158053,0.45470738,0.9953289,0.38,10.0,0.8,55
-0.1432200842081758,8.494698,1.2199961,0.46780446,0.96543145,0.38,10.0,0.8,55
-0.0971163526709149,8.47389,1.2356237,0.4592617,0.9933598,0.38,10.0,0.8,55
-0.1647746455471545,8.160642,1.2270812,0.47332594,0.96064067,0.38,10.0,0.8,55
-0.1452310195107677,8.53117,1.2048231,0.47549537,0.99538934,0.38,10.0,0.8,55
-0.1523630836643124,8.521377,1.2015438,0.48233423,0.9843869,0.38,10.0,0.8,55
-0.1536292522032726,8.266177,1.2167163,0.47154033,0.99835885,0.38,10.0,0.8,55
-0.1303598529026221,8.232947,1.1939139,0.4591607,0.9975109,0.38,10.0,0.8,55
-0.1481729906822141,8.784157,1.231612,0.47161806,0.9973428,0.38,10.0,0.8,55
-0.0999110469036577,8.250659,1.2142646,0.46829903,0.97308636,0.38,10.0,0.8,55
-0.1133417075946617,8.534472,1.2251378,0.4586906,0.9439113,0.38,10.0,0.8,55
-0.1220829250406922,8.652287,1.1951737,0.4644975,0.9912447,0.38,10.0,0.8,55
-0.1059879296053494,8.111019,1.2175573,0.46274406,0.99394655,0.38,10.0,0.8,55
-0.1036560473550899,8.656894,1.233871,0.4669652,0.95887685,0.38,10.0,0.8,55
-0.1194263165521423,8.540314,1.2306461,0.46863133,0.99942386,0.38,10.0,0.8,55
-0.1377677202422589,8.412567,1.23766,0.48312828,0.8907926,0.38,10.0,0.8,55
-0.1367550595667352,8.305225,1.2102575,0.46575344,0.98409903,0.38,10.0,0.8,55
-0.1184771108132674,8.3889065,1.2030866,0.4639305,0.9973899,0.38,10.0,0.8,55
-0.1387634816951276,8.696033,1.1992183,0.46602762,0.99926686,0.38,10.0,0.8,55
-0.1617075097264096,8.615422,1.2315696,0.4862225,0.8919898,0.38,10.0,0.8,55
-0.1278864223927383,8.760414,1.211708,0.46625507,0.99226975,0.38,10.0,0.8,55
-0.1170817556915441,8.402258,1.2090697,0.45863986,0.97953665,0.38,10.0,0.8,55
-0.1457534389574992,8.546806,1.2125794,0.45891845,0.98840225,0.38,10.0,0.8,55
-0.1516804655656775,8.207443,1.19986,0.4754489,0.9858117,0.38,10.0,0.8,55
-0.1425451834122669,8.485614,1.206821,0.45996878,0.98355293,0.38,10.0,0.8,55
-0.1267974694932644,8.2628975,1.2142203,0.4723386,0.97682214,0.38,10.0,0.8,55
-0.0917426033336591,8.544937,1.2039444,0.46925345,0.99083066,0.38,10.0,0.8,55
-0.1318532692940898,8.469496,1.2187304,0.45786378,0.93997145,0.38,10.0,0.8,55
-0.1386728575615467,8.764038,1.216193,0.46852386,0.9754783,0.38,10.0,0.8,55
-0.1186304892346077,8.38991,1.2011738,0.45811448,0.9981611,0.38,10.0,0.8,55
-0.1141780167892266,8.10537,1.2186056,0.45122585,0.9570303,0.38,10.0,0.8,55
-0.1398198817775457,8.562317,1.2089889,0.47881824,0.98660445,0.38,10.0,0.8,55
-0.1223960762449319,8.336616,1.2234294,0.45885426,0.8912519,0.38,10.0,0.8,55
-0.1305256599707227,8.749771,1.2253572,0.4562664,0.9753493,0.38,10.0,0.8,55
-0.1281752368820158,8.207348,1.218285,0.47090793,0.98331356,0.38,10.0,0.8,55
-0.129509431207823,8.520201,1.2172554,0.46580637,0.9928125,0.38,10.0,0.8,55
-0.1694655323127493,8.322178,1.2130834,0.47192675,0.96532834,0.38,10.0,0.8,55
-0.1253173305384845,8.360727,1.2119147,0.4712172,0.9748105,0.38,10.0,0.8,55
-0.1511117509539196,8.20889,1.2154428,0.4822975,0.95425785,0.38,10.0,0.8,55
-0.164115211355241,8.508143,1.2083524,0.46807605,0.99473715,0.38,10.0,0.8,55
-0.1320633320491838,8.236273,1.2008442,0.4676735,0.98621655,0.38,10.0,0.8,55
-0.1234878746899331,8.497551,1.1944461,0.46447694,0.9997411,0.38,10.0,0.8,55
-0.1172882983793361,8.318806,1.2144703,0.48740712,0.96938384,0.38,10.0,0.8,55
-0.1050737002281727,8.298851,1.2130599,0.44612208,0.99196553,0.38,10.0,0.8,55
-0.1452639182820854,8.1148,1.2088267,0.466009,0.9673774,0.38,10.0,0.8,55
-0.1364875607965398,8.543844,1.2220148,0.47637507,0.99890816,0.38,10.0,0.8,55
-0.1384112119377896,8.35364,1.1962005,0.45500666,0.98995674,0.38,10.0,0.8,55
-0.1390091173579584,8.215862,1.1983194,0.4689301,0.9956274,0.38,10.0,0.8,55
-0.1460244729508997,9.146229,1.2115297,0.47199324,0.9798646,0.38,10.0,0.8,55
-0.1634966055881927,8.3723545,1.2231522,0.47323093,0.9462378,0.38,10.0,0.8,55
-0.1433398987346665,8.464191,1.2244518,0.46856144,0.9520569,0.38,10.0,0.8,55
-0.1259925688153975,8.666836,1.2049351,0.4529579,0.99646926,0.38,10.0,0.8,55
-0.1449471614271773,8.585747,1.2191716,0.47472504,0.99455154,0.38,10.0,0.8,55
-0.1381341037265492,8.354047,1.2082905,0.45839125,0.976395,0.38,10.0,0.8,55
-0.1456160729851465,8.097906,1.208636,0.48996568,0.9712688,0.38,10.0,0.8,55
-0.1261370368617204,8.453424,1.199552,0.4804567,0.9995352,0.38,10.0,0.8,55
-0.177431487364393,8.201242,1.2101375,0.4885954,0.99571455,0.38,10.0,0.8,55
-0.1217689013530604,8.434421,1.2057302,0.48685193,0.9953922,0.38,10.0,0.8,55
-0.144394511488958,8.823426,1.2243739,0.48091748,0.98619986,0.38,10.0,0.8,55
-0.1327813827843092,8.636318,1.2333889,0.4586938,0.9158796,0.38,10.0,0.8,55
-0.124165818003698,8.728734,1.216217,0.47931352,0.97841454,0.38,10.0,0.8,55
-0.1396181780470852,8.546616,1.2131895,0.47753742,0.95541584,0.38,10.0,0.8,55
-0.1128519259894042,8.173001,1.2266786,0.4538219,0.9607947,0.38,10.0,0.8,55
-0.1520547857373582,8.421851,1.2315173,0.47056824,0.9437933,0.38,10.0,0.8,55
-0.1323242092132568,8.650549,1.2332238,0.47099456,0.9155854,0.38,10.0,0.8,55
-0.1543052474937992,8.460694,1.204207,0.46709952,0.97770905,0.38,10.0,0.8,55
-0.1277490275628339,9.03137,1.2384886,0.46285883,0.98270905,0.38,10.0,0.8,55
-0.0986599953194376,8.617833,1.2140461,0.46614125,0.98558545,0.38,10.0,0.8,55
-0.113785195128057,8.275514,1.1913904,0.4642257,0.9815576,0.38,10.0,0.8,55
-0.1320758264193396,8.346537,1.2267114,0.47155818,0.94611835,0.38,10.0,0.8,55
-0.1168130489726284,7.8557982,1.2014501,0.4586408,0.95345926,0.38,10.0,0.8,55
-0.1251660962174047,8.552707,1.1944517,0.47128683,0.9904624,0.38,10.0,0.8,55
-0.1531150602057761,8.438876,1.2044688,0.467481,0.9875244,0.38,10.0,0.8,55
-0.0942830257346521,8.138867,1.2159312,0.46771434,0.9333606,0.38,10.0,0.8,55
-0.1554139372570386,8.295854,1.2023127,0.4905483,0.97455835,0.38,10.0,0.8,55
-0.1319181364947829,8.500751,1.2204792,0.4646276,0.96513593,0.38,10.0,0.8,55
-0.1494790552018589,8.66912,1.2148322,0.47926843,0.9956386,0.38,10.0,0.8,55
-0.1026158756091881,8.414958,1.224073,0.46979046,0.9814029,0.38,10.0,0.8,55
-0.1158171321099229,8.319516,1.2075984,0.47604677,0.99601805,0.38,10.0,0.8,55
-0.0962399251085099,8.09769,1.199828,0.45891422,0.9587765,0.38,10.0,0.8,55
-0.1208886301072306,8.691517,1.2267174,0.4630967,0.995316,0.38,10.0,0.8,55
-0.1370739797833549,8.5394,1.2290723,0.4629165,0.99620426,0.38,10.0,0.8,55
-0.1347711489902986,8.139458,1.2109698,0.46472573,0.9427811,0.38,10.0,0.8,55
-0.1287387322538621,8.069097,1.1975933,0.46395957,0.986748,0.38,10.0,0.8,55
-0.162900241044547,8.378542,1.2360009,0.47731873,0.9685013,0.38,10.0,0.8,55
-0.1211242691461476,8.756173,1.2089733,0.47147468,0.9974363,0.38,10.0,0.8,55
-0.1385232908102486,8.3467865,1.2112046,0.46778613,0.98244786,0.38,10.0,0.8,55
-0.1360315900966834,7.8932505,1.1802433,0.4786664,0.9932288,0.38,10.0,0.8,55
-0.1027635510284376,8.1769705,1.2003045,0.4719394,0.9953364,0.38,10.0,0.8,55
-0.1509780592394073,8.400632,1.2368453,0.47407454,0.9101412,0.38,10.0,0.8,55
-0.0979786037656776,8.206372,1.2179948,0.4623696,0.96888876,0.38,10.0,0.8,55
-0.1469911657774597,8.329289,1.1949086,0.47659835,0.9941629,0.38,10.0,0.8,55
-0.1396314963760217,8.496628,1.2138212,0.47483268,0.9666705,0.38,10.0,0.8,55
-0.1139337840020904,8.651016,1.2058282,0.4587977,0.9811441,0.38,10.0,0.8,55
-0.1625264842727866,8.562341,1.2067794,0.49632448,0.98653245,0.38,10.0,0.8,55
-0.1393655969097406,8.113628,1.2386621,0.467294,0.912503,0.38,10.0,0.8,55
-0.1142744406130304,8.560343,1.219079,0.46173817,0.98889685,0.38,10.0,0.8,55
-0.1118479769952069,8.387371,1.2169104,0.46441415,0.9850714,0.38,10.0,0.8,55
-0.155481163866787,8.714204,1.2193401,0.464163,0.9982432,0.38,10.0,0.8,55
-0.1836763814376102,8.601864,1.2231196,0.4775865,0.9904176,0.38,10.0,0.8,55
-0.1346062439309116,8.725983,1.1993989,0.46848398,0.9817027,0.38,10.0,0.8,55
-0.1350770887695407,8.435198,1.2269608,0.47546318,0.974771,0.38,10.0,0.8,55
-0.1398424536459673,8.391541,1.1955893,0.47246775,0.9933877,0.38,10.0,0.8,55
-0.1377833914163201,8.314606,1.2131354,0.47823083,0.9871249,0.38,10.0,0.8,55
-0.154060689314767,8.790155,1.1981263,0.4760661,0.9961624,0.38,10.0,0.8,55
-0.1294070738084088,8.475168,1.2040138,0.45685717,0.9993541,0.38,10.0,0.8,55
-0.1210384914835459,8.03222,1.2188637,0.47047734,0.90637684,0.38,10.0,0.8,55
-0.141443284898378,8.509009,1.2098391,0.4718554,0.9454993,0.38,10.0,0.8,55
-0.1346676597060999,8.450201,1.2103956,0.4650328,0.99425733,0.38,10.0,0.8,55
-0.12878109668795,8.3807335,1.2164997,0.469733,0.99726593,0.38,10.0,0.8,55
-0.1352027428793214,8.417107,1.2246659,0.4736361,0.984584,0.38,10.0,0.8,55
-0.1289743720990493,8.135858,1.2215445,0.4640652,0.9477365,0.38,10.0,0.8,55
-0.1433508351136045,8.65756,1.2110455,0.47224116,0.9660566,0.38,10.0,0.8,55
-0.1067619679132437,8.6110735,1.2174025,0.46298578,0.981091,0.38,10.0,0.8,55
-0.1371570193173974,8.654532,1.2204331,0.4667639,0.96957684,0.38,10.0,0.8,55
-0.1285521574782138,8.661866,1.231465,0.47265923,0.9427395,0.38,10.0,0.8,55
-0.1074449424872259,8.131181,1.194334,0.459717,0.990054,0.38,10.0,0.8,55
-0.1350110776938838,8.647342,1.2150141,0.45641035,0.98027194,0.38,10.0,0.8,55
-0.1442038149606142,8.226378,1.1911702,0.46681026,0.9807421,0.38,10.0,0.8,55
-0.1333269606190598,8.356901,1.2021251,0.48299414,0.9804877,0.38,10.0,0.8,55
-0.1328838299171558,8.802514,1.2177701,0.45820272,0.96227944,0.38,10.0,0.8,55
-0.127744703564901,8.4225855,1.2030293,0.45938393,0.9948902,0.38,10.0,0.8,55
-0.1316545103199749,8.740414,1.2274617,0.4763818,0.98721695,0.38,10.0,0.8,55
-0.1459091240538601,8.613728,1.2122582,0.4672577,0.99215424,0.38,10.0,0.8,55
-0.112217698398962,8.33521,1.2100335,0.4617224,0.98918474,0.38,10.0,0.8,55
-0.1296690889760171,8.231538,1.21151,0.45957652,0.993206,0.38,10.0,0.8,55
-0.1159968201253424,8.625837,1.2137889,0.4567002,0.99875665,0.38,10.0,0.8,55
-0.1323315629029175,8.63979,1.203463,0.46881092,0.994154,0.38,10.0,0.8,55
-0.1476841319596619,8.387567,1.2125384,0.48191515,0.99366844,0.38,10.0,0.8,55
-0.1455821055445928,8.391183,1.1923519,0.46360123,0.97648716,0.38,10.0,0.8,55
-0.150772852506875,8.524259,1.2033476,0.47317606,0.99567044,0.38,10.0,0.8,55
-0.1431559499121306,8.741536,1.218938,0.4728502,0.9507431,0.38,10.0,0.8,55
-0.1583716739262782,8.416443,1.2122823,0.46260533,0.9991025,0.38,10.0,0.8,55
-0.0995484727546881,8.531504,1.2104903,0.45394826,0.964401,0.38,10.0,0.8,55
-0.144057117938006,8.412364,1.2271272,0.45908344,0.9794415,0.38,10.0,0.8,55
-0.134567679369598,8.50396,1.2026992,0.46952415,0.99707437,0.38,10.0,0.8,55
-0.1332421896319171,8.499871,1.2203485,0.4662958,0.9471513,0.38,10.0,0.8,55
-0.134507041323729,8.750006,1.2001953,0.46325988,0.99927497,0.38,10.0,0.8,55
-0.1522270227542062,7.8923764,1.1947984,0.47142124,0.9842013,0.38,10.0,0.8,55
-0.150126287175412,8.888565,1.2193586,0.45972395,0.98960674,0.38,10.0,0.8,55
-0.1635002893530976,8.748264,1.2125585,0.47634232,0.99393,0.38,10.0,0.8,55
-0.1343394268944055,8.6024885,1.1976686,0.46294367,0.99897957,0.38,10.0,0.8,55
-0.120136447066588,8.746091,1.2281874,0.46731347,0.9433844,0.38,10.0,0.8,55
-0.1388552188576504,8.247915,1.2142466,0.4762519,0.9737927,0.38,10.0,0.8,55
-0.1644153894972504,8.458076,1.2176069,0.4726522,0.9720079,0.38,10.0,0.8,55
-0.117668909388459,8.585866,1.221263,0.4470414,0.9740628,0.38,10.0,0.8,55
-0.1387935367115305,8.536105,1.2108792,0.46861213,0.97683513,0.38,10.0,0.8,55
-0.1072624549776686,8.689862,1.2288063,0.4536122,0.98555183,0.38,10.0,0.8,55
-0.1323987464637677,8.96247,1.2156644,0.46128154,0.96913457,0.38,10.0,0.8,55
-0.1309013186104564,8.39635,1.2158939,0.4558956,0.97855663,0.38,10.0,0.8,55
-0.1226611700295412,8.302088,1.223486,0.45905373,0.9734751,0.38,10.0,0.8,55
-0.1247589290240988,8.583501,1.2207057,0.46388412,0.9901,0.38,10.0,0.8,55
-0.1269464857053954,8.525892,1.2107843,0.46653852,0.9672997,0.38,10.0,0.8,55
-0.0986562075456642,8.246212,1.2052524,0.46742988,0.967132,0.38,10.0,0.8,55
-0.135576421467595,8.173528,1.2122295,0.4610124,0.97418606,0.38,10.0,0.8,55
-0.1214834438171624,8.439687,1.2193296,0.46032184,0.9950285,0.38,10.0,0.8,55
-0.1180426859361007,8.501986,1.2266313,0.46053737,0.97951376,0.38,10.0,0.8,55
-0.1425042514088737,8.364265,1.2002618,0.47884133,0.99546504,0.38,10.0,0.8,55
-0.1114818198057625,8.721418,1.2299186,0.46702236,0.96842396,0.38,10.0,0.8,55
-0.1399338292877703,8.012857,1.2044871,0.46788105,0.9919485,0.38,10.0,0.8,55
-0.1346038054974742,8.311599,1.2135715,0.45694736,0.97245204,0.38,10.0,0.8,55
-0.1561656493863624,8.952742,1.2363279,0.48395893,0.97010374,0.38,10.0,0.8,55
-0.1134581022984753,8.391738,1.2211598,0.47427785,0.9606215,0.38,10.0,0.8,55
-0.1518450545918397,8.491624,1.2252043,0.4597588,0.9322345,0.38,10.0,0.8,55
-0.1915237941781515,8.713825,1.2122879,0.47372824,0.98415446,0.38,10.0,0.8,55
-0.106445878439919,7.988669,1.2060406,0.4565033,0.95505035,0.38,10.0,0.8,55
-0.1686073362283192,8.3598,1.202613,0.47847384,0.9740038,0.38,10.0,0.8,55
-0.1440690083968688,8.323586,1.1982672,0.4630288,0.9727448,0.38,10.0,0.8,55
-0.1334221623349486,8.4194355,1.1951005,0.47428456,0.99932384,0.38,10.0,0.8,55
-0.1168179443515682,8.191333,1.2013252,0.4567382,0.9856484,0.38,10.0,0.8,55
-0.1365123630262509,8.809353,1.2348641,0.47147724,0.9794184,0.38,10.0,0.8,55
-0.1377969633939355,8.593856,1.2065239,0.4715627,0.9945321,0.38,10.0,0.8,55
-0.1303029760631782,8.582376,1.209148,0.46532202,0.98365545,0.38,10.0,0.8,55
-0.129721792367484,8.4015255,1.2105858,0.4734801,0.9783319,0.38,10.0,0.8,55
-0.1296954071323901,8.63824,1.2025374,0.45606557,0.9987446,0.38,10.0,0.8,55
-0.150304264344615,8.64215,1.21913,0.4656592,0.9484359,0.38,10.0,0.8,55
-0.1598579260570874,8.360667,1.1963149,0.48609272,0.9401437,0.38,10.0,0.8,55
-0.1134842345576068,8.238778,1.1987337,0.47889698,0.992486,0.38,10.0,0.8,55
-0.1306890944672818,8.607055,1.2069213,0.47290823,0.9982449,0.38,10.0,0.8,55
-0.1257883476221709,8.729893,1.2161865,0.47708476,0.97970617,0.38,10.0,0.8,55
-0.1468169540884089,8.068207,1.2020017,0.46410677,0.96969366,0.38,10.0,0.8,55
-0.1405674771896536,8.438611,1.2175016,0.47900042,0.94940245,0.38,10.0,0.8,55
-0.1213959551945761,8.617926,1.2206624,0.46698615,0.98054194,0.38,10.0,0.8,55
-0.1221273495547504,8.429678,1.2156985,0.46131897,0.9956523,0.38,10.0,0.8,55
-0.1191927233424918,8.383622,1.2108164,0.46949837,0.93873596,0.38,10.0,0.8,55
-0.1401880927798164,8.669764,1.2290897,0.47678536,0.99456644,0.38,10.0,0.8,55
-0.152567296527728,8.661475,1.2178841,0.47034472,0.99373066,0.38,10.0,0.8,55
-0.1273870303769329,8.290532,1.2052618,0.46469477,0.9709352,0.38,10.0,0.8,55
-0.1421644939179242,8.693376,1.2126968,0.47539598,0.9728582,0.38,10.0,0.8,55
-0.1352268193767278,8.709412,1.2120913,0.45715356,0.98455036,0.38,10.0,0.8,55
-0.1537510680954485,8.187532,1.2049835,0.46709904,0.97557163,0.38,10.0,0.8,55
-0.116315669068657,8.682485,1.228416,0.45536116,0.9967407,0.38,10.0,0.8,55
-0.1564645628958816,8.696742,1.2190043,0.45739496,0.959869,0.38,10.0,0.8,55
-0.1225170793473967,7.9982834,1.2087567,0.4547559,0.9955033,0.38,10.0,0.8,55
-0.1252214140516099,8.44589,1.2065145,0.47134393,0.9941907,0.38,10.0,0.8,55
-0.1246399672397439,8.346506,1.2059321,0.4654281,0.9786835,0.38,10.0,0.8,55
-0.1206380531995622,8.229923,1.2135676,0.46695715,0.998953,0.38,10.0,0.8,55
-0.115287972856854,8.501782,1.2171483,0.47119343,0.99765146,0.38,10.0,0.8,55
-0.1442470032347683,8.640848,1.2375189,0.45909175,0.9516554,0.38,10.0,0.8,55
-0.1538001628337559,8.562698,1.2037039,0.4674017,0.99724317,0.38,10.0,0.8,55
-0.1304030381891242,8.469074,1.2152798,0.46188512,0.9855504,0.38,10.0,0.8,55
-0.1285347029727524,8.642867,1.2047199,0.46175855,0.99573517,0.38,10.0,0.8,55
-0.131914026791624,8.475421,1.1888146,0.46782863,0.992574,0.38,10.0,0.8,55
-0.1220897700232588,8.349153,1.2070158,0.4635772,0.99038005,0.38,10.0,0.8,55
-0.1251352244392964,8.069553,1.2071486,0.46001554,0.9724834,0.38,10.0,0.8,55
-0.1565245104231775,8.710562,1.2196728,0.46699777,0.9663873,0.38,10.0,0.8,55
-0.1231115373091084,8.62967,1.2081485,0.47352242,0.99515283,0.38,10.0,0.8,55
-0.1570162955013053,8.479693,1.2183162,0.46091884,0.99251103,0.38,10.0,0.8,55
-0.1256111571155643,8.202834,1.2164559,0.46383575,0.96205294,0.38,10.0,0.8,55
-0.1301896214089453,8.617657,1.2309551,0.45866615,0.9003707,0.38,10.0,0.8,55
-0.1138869089407544,8.42938,1.2226933,0.46416909,0.99846125,0.38,10.0,0.8,55
-0.1270921717986031,9.127904,1.2235594,0.4602186,0.9914073,0.38,10.0,0.8,55
-0.1470742812789822,8.764772,1.2108939,0.4719094,0.9889952,0.38,10.0,0.8,55
-0.124203349910831,8.365141,1.2158912,0.46333778,0.99916804,0.38,10.0,0.8,55
-0.1300982486608117,8.938609,1.2216473,0.46317086,0.99363005,0.38,10.0,0.8,55
-0.1568343324631576,8.246272,1.1924672,0.4691441,0.9972836,0.38,10.0,0.8,55
-0.10178618423177,8.329187,1.2066892,0.47199884,0.99305093,0.38,10.0,0.8,55
-0.1484204476403992,8.841398,1.2131115,0.46543148,0.99901867,0.38,10.0,0.8,55
-0.1499286583696658,8.294223,1.2130532,0.4728004,0.99932694,0.38,10.0,0.8,55
-0.1423982575919123,8.859573,1.2127095,0.48232797,0.9927995,0.38,10.0,0.8,55
-0.1350244234557963,8.368419,1.208839,0.46447554,0.9856188,0.38,10.0,0.8,55
-0.1160873616582625,8.193375,1.2125276,0.46545544,0.9744531,0.38,10.0,0.8,55
-0.1464921112822299,8.072568,1.191615,0.47965357,0.9979527,0.38,10.0,0.8,55
-0.1554404962804802,8.470722,1.2025245,0.48365566,0.97751105,0.38,10.0,0.8,55
-0.1479252311401842,8.230663,1.2142735,0.4524079,0.9909514,0.38,10.0,0.8,55
-0.146968052392184,8.117248,1.189157,0.4713895,0.99893653,0.38,10.0,0.8,55
-0.1084109899512959,8.217295,1.2216078,0.4765793,0.9702761,0.38,10.0,0.8,55
-0.143531557183048,8.649884,1.2092147,0.46603566,0.99070096,0.38,10.0,0.8,55
0.0593108077371706,9.18547,1.1505622,0.4550554,0.98845506,0.41,10.0,0.8,56
0.0721133064637418,9.079426,1.1568823,0.45580778,0.9860647,0.41,10.0,0.8,56
0.0374382186473393,9.22767,1.1496576,0.46761125,0.9960394,0.41,10.0,0.8,56
0.0484080124780779,9.040152,1.1464816,0.46396375,0.9781798,0.41,10.0,0.8,56
0.0546449511217289,9.091464,1.1607733,0.46705133,0.9864036,0.41,10.0,0.8,56
0.0187683864304276,9.318607,1.1512964,0.47634134,0.9814563,0.41,10.0,0.8,56
0.0605351844478826,9.070059,1.1668386,0.45438334,0.98530304,0.41,10.0,0.8,56
0.042512484207505,8.7336645,1.1425661,0.45028055,0.98805594,0.41,10.0,0.8,56
0.0392274720014118,9.068389,1.1597301,0.46230444,0.9986081,0.41,10.0,0.8,56
0.0553932282963737,8.788773,1.1650099,0.4597745,0.9461812,0.41,10.0,0.8,56
0.0561063161736629,9.346788,1.141801,0.4653878,0.99460316,0.41,10.0,0.8,56
0.0710193752509648,8.734355,1.1430216,0.45720452,0.9901978,0.41,10.0,0.8,56
0.0826297716869682,9.4545965,1.1665112,0.45233482,0.99418306,0.41,10.0,0.8,56
0.0631021095445898,9.023755,1.1437395,0.4660038,0.9941466,0.41,10.0,0.8,56
0.0601597087744806,8.921882,1.142138,0.4637211,0.991853,0.41,10.0,0.8,56
0.06104713931924,9.21095,1.1576538,0.45156038,0.994025,0.41,10.0,0.8,56
0.0342415989178126,9.089036,1.1548142,0.46553716,0.9942763,0.41,10.0,0.8,56
0.0055011414309017,8.841682,1.1472936,0.46889025,0.9770194,0.41,10.0,0.8,56
0.0322723173704303,8.667374,1.1507807,0.4656729,0.9879024,0.41,10.0,0.8,56
0.043288078523073,9.346378,1.156049,0.4666042,0.9921602,0.41,10.0,0.8,56
0.0761864774979528,9.327346,1.1354511,0.4571479,0.98541653,0.41,10.0,0.8,56
0.052007100264557,8.998845,1.1446215,0.44386137,0.9898958,0.41,10.0,0.8,56
0.0646260382894609,8.793026,1.1319624,0.4629617,0.9833864,0.41,10.0,0.8,56
0.0416204437711199,8.844531,1.1554855,0.48321337,0.99447215,0.41,10.0,0.8,56
0.0665212134601639,8.89029,1.1505553,0.44536307,0.99657834,0.41,10.0,0.8,56
0.004992898551167,9.1025,1.1418681,0.46025932,0.99434316,0.41,10.0,0.8,56
0.0004533727247206,9.293316,1.1435292,0.4611696,0.9999161,0.41,10.0,0.8,56
0.0431491192442471,8.953148,1.1462855,0.4683462,0.97977626,0.41,10.0,0.8,56
0.0797718421601858,9.210105,1.1649542,0.45337358,0.9967005,0.41,10.0,0.8,56
0.0537288042072389,8.982092,1.1590774,0.47369504,0.98373353,0.41,10.0,0.8,56
0.0556184974801344,9.031144,1.155866,0.45090935,0.99510086,0.41,10.0,0.8,56
0.0516111038991662,9.3550825,1.1535976,0.4661669,0.9367988,0.41,10.0,0.8,56
0.0725898618190015,8.891056,1.143168,0.4502305,0.9955689,0.41,10.0,0.8,56
0.0411833680750893,9.44882,1.1594453,0.45706865,0.9894968,0.41,10.0,0.8,56
0.0467688498878088,9.272119,1.1638665,0.44237104,0.9832988,0.41,10.0,0.8,56
0.0731117656973541,9.068108,1.1563454,0.46021676,0.994277,0.41,10.0,0.8,56
0.0004395830338118,9.1852665,1.1361909,0.47442523,0.9880314,0.41,10.0,0.8,56
0.0312890022993087,8.710413,1.1666262,0.4620262,0.98836887,0.41,10.0,0.8,56
0.0485523748300114,9.313303,1.157855,0.47479713,0.9993293,0.41,10.0,0.8,56
0.0142278403972016,8.947726,1.1703471,0.45472458,0.9637997,0.41,10.0,0.8,56
0.0587045440273206,8.870271,1.136862,0.46907285,0.99287105,0.41,10.0,0.8,56
0.0502368266172096,9.141813,1.1573117,0.45697153,0.99119556,0.41,10.0,0.8,56
7.195991570832158e-05,8.9398365,1.1580265,0.47301552,0.98054075,0.41,10.0,0.8,56
0.0292009867214765,8.577927,1.1419648,0.46836916,0.97591317,0.41,10.0,0.8,56
0.0609466296971821,8.940406,1.1644862,0.43764317,0.9868983,0.41,10.0,0.8,56
0.0374361317177287,8.641214,1.145448,0.4556539,0.9834378,0.41,10.0,0.8,56
0.0407462580966167,9.183088,1.1516442,0.45976993,0.99705887,0.41,10.0,0.8,56
0.0526899720068837,8.897204,1.1422939,0.45316178,0.9898994,0.41,10.0,0.8,56
0.0383490479578737,9.294525,1.1631532,0.44937575,0.9951974,0.41,10.0,0.8,56
0.0340241163236195,8.925748,1.1604266,0.4610331,0.9689151,0.41,10.0,0.8,56
0.059669582863323,9.194126,1.1326841,0.46020016,0.99951446,0.41,10.0,0.8,56
0.0451974381872865,8.400503,1.147364,0.4601601,0.9905567,0.41,10.0,0.8,56
0.0265418523501177,8.792251,1.1405736,0.4529078,0.9744458,0.41,10.0,0.8,56
-0.0005251294814172,9.085341,1.1549349,0.4660118,0.9827355,0.41,10.0,0.8,56
0.0332906777008635,9.477649,1.1715047,0.4610681,0.98972905,0.41,10.0,0.8,56
0.0242974006836531,8.908823,1.1342254,0.45999855,0.994118,0.41,10.0,0.8,56
0.0126594216071191,9.162255,1.1414447,0.45906478,0.98600376,0.41,10.0,0.8,56
0.0329158072833155,8.954692,1.1542801,0.46331093,0.98642254,0.41,10.0,0.8,56
0.0351740286731329,9.398007,1.1504335,0.47494042,0.98468065,0.41,10.0,0.8,56
0.075505458644179,9.245544,1.167146,0.44458708,0.97847724,0.41,10.0,0.8,56
0.0167101597785949,9.052361,1.138483,0.46455052,0.99861383,0.41,10.0,0.8,56
0.0951770535746558,9.035082,1.152692,0.4537244,0.9924344,0.41,10.0,0.8,56
0.0455452391798378,9.339763,1.1590697,0.44828942,0.9836143,0.41,10.0,0.8,56
0.0512394771663869,8.687621,1.1558338,0.46206698,0.9903432,0.41,10.0,0.8,56
0.0175450022689631,8.984402,1.1609005,0.45376134,0.98891103,0.41,10.0,0.8,56
0.0688259906651543,9.015423,1.1518135,0.45946953,0.9915701,0.41,10.0,0.8,56
0.048748600189803,8.593845,1.1330667,0.45487735,0.9993396,0.41,10.0,0.8,56
0.0679813119573671,8.873189,1.1555922,0.44904065,0.9600463,0.41,10.0,0.8,56
0.0331107793137675,9.069064,1.1583672,0.45162097,0.960063,0.41,10.0,0.8,56
0.0184670681591893,9.177022,1.1465675,0.4627561,0.98159134,0.41,10.0,0.8,56
0.0511708284450359,9.394065,1.1514329,0.44928968,0.99911296,0.41,10.0,0.8,56
0.0201489800019342,9.06941,1.1476957,0.4502777,0.99607337,0.41,10.0,0.8,56
0.0859240999671279,9.174486,1.1669918,0.45303336,0.98629963,0.41,10.0,0.8,56
0.0221197443272246,9.25752,1.1551825,0.46112868,0.9917234,0.41,10.0,0.8,56
0.0500105044880851,8.452759,1.1305665,0.46302313,0.9967338,0.41,10.0,0.8,56
0.0352095811679715,8.697956,1.1608318,0.46680415,0.9802011,0.41,10.0,0.8,56
0.0349621366868253,8.90723,1.145396,0.45704305,0.9853122,0.41,10.0,0.8,56
0.0729992510207363,9.038003,1.1563463,0.4634903,0.99499524,0.41,10.0,0.8,56
0.0093693608973847,8.944934,1.1533376,0.47210488,0.98794305,0.41,10.0,0.8,56
-0.0024717050302224,9.035507,1.1673675,0.46954992,0.9798541,0.41,10.0,0.8,56
0.0403180561788746,9.328466,1.1599581,0.44498187,0.98562205,0.41,10.0,0.8,56
0.0347843022131529,8.816557,1.1462339,0.46763515,0.98218155,0.41,10.0,0.8,56
0.0206227158669565,8.848233,1.1481451,0.47217074,0.9948025,0.41,10.0,0.8,56
0.051157217128355,9.351714,1.1558375,0.45837998,0.9859822,0.41,10.0,0.8,56
0.0455483024188729,8.935414,1.1561618,0.45307505,0.9987998,0.41,10.0,0.8,56
0.0641582049795838,9.088354,1.1435735,0.45442855,0.998822,0.41,10.0,0.8,56
0.0622039608486363,9.031197,1.1440835,0.44884384,0.99407864,0.41,10.0,0.8,56
0.0584225359998765,9.067373,1.1556106,0.4551258,0.9885824,0.41,10.0,0.8,56
0.033063610582078,9.387393,1.1332309,0.46572998,0.99245405,0.41,10.0,0.8,56
0.0497255107760429,9.213212,1.1349455,0.4506729,0.9984379,0.41,10.0,0.8,56
0.0307253408627431,9.517574,1.1551262,0.46302113,0.97858524,0.41,10.0,0.8,56
0.0056075097791484,8.482824,1.1499276,0.46658128,0.99774325,0.41,10.0,0.8,56
0.0273633742918733,9.701977,1.1745013,0.45643306,0.9958285,0.41,10.0,0.8,56
0.0334152779080828,9.168445,1.158123,0.45983034,0.9877335,0.41,10.0,0.8,56
0.0721084191906647,9.083467,1.1434332,0.45782083,0.9952353,0.41,10.0,0.8,56
0.0289531427914979,9.371002,1.1451101,0.45295572,0.99354446,0.41,10.0,0.8,56
0.0270131383860697,9.086283,1.1671437,0.46127152,0.99908936,0.41,10.0,0.8,56
0.0308627444065985,8.816112,1.1543065,0.46787083,0.9783914,0.41,10.0,0.8,56
0.03699164316791,9.1141615,1.1391518,0.45369697,0.98835754,0.41,10.0,0.8,56
0.0360378633024262,9.387679,1.1762116,0.4591321,0.98348355,0.41,10.0,0.8,56
0.0247579483565737,8.947032,1.131442,0.44622338,0.99381626,0.41,10.0,0.8,56
0.0317950362162511,8.732107,1.1563857,0.45188653,0.9838227,0.41,10.0,0.8,56
0.0649920160995155,8.921216,1.1482576,0.46326703,0.9976063,0.41,10.0,0.8,56
0.0662987136694251,9.0447,1.1500874,0.4579512,0.9810145,0.41,10.0,0.8,56
0.0471957169546455,8.637715,1.1575952,0.46745414,0.9708934,0.41,10.0,0.8,56
0.0265238178411468,8.821757,1.1428257,0.46880674,0.9916208,0.41,10.0,0.8,56
0.0198524452330636,9.070688,1.1414467,0.4521801,0.9799118,0.41,10.0,0.8,56
-0.002575513187979,9.120542,1.1480488,0.468115,0.99829173,0.41,10.0,0.8,56
0.0500348112866526,8.974357,1.1628557,0.4573926,0.9874147,0.41,10.0,0.8,56
0.0660759756555322,9.164739,1.1614966,0.46214798,0.9666532,0.41,10.0,0.8,56
-0.0008078484554759,8.873621,1.1507211,0.46137282,0.9874418,0.41,10.0,0.8,56
0.0309156695838834,9.207563,1.164906,0.45979655,0.9962938,0.41,10.0,0.8,56
0.0401093512968938,8.99901,1.1461545,0.45539927,0.98788214,0.41,10.0,0.8,56
0.0400435588252349,8.485587,1.147457,0.4648737,0.985374,0.41,10.0,0.8,56
0.0288709364220744,8.472896,1.1444166,0.459428,0.96404016,0.41,10.0,0.8,56
0.001232043895565,9.236095,1.1627041,0.45478854,0.999269,0.41,10.0,0.8,56
0.0476392399531896,9.427558,1.1630225,0.4691579,0.98361456,0.41,10.0,0.8,56
0.0056199435083592,8.917642,1.155661,0.47837803,0.9886159,0.41,10.0,0.8,56
0.0413483362461699,8.719525,1.1486884,0.4511753,0.9811876,0.41,10.0,0.8,56
0.0475264085365123,9.640956,1.1624174,0.44459453,0.981784,0.41,10.0,0.8,56
0.0456060726085647,8.867017,1.1532016,0.45907992,0.98020065,0.41,10.0,0.8,56
0.0412505444933156,9.134865,1.1553097,0.4462653,0.9883863,0.41,10.0,0.8,56
0.0516937781748224,8.752323,1.1448562,0.45973635,0.9760288,0.41,10.0,0.8,56
0.0075361917986244,9.45704,1.1498672,0.47936198,0.9936532,0.41,10.0,0.8,56
0.0463769701025525,9.007714,1.1587186,0.45619637,0.9894655,0.41,10.0,0.8,56
0.0281339717888441,9.3172035,1.162503,0.46507397,0.994154,0.41,10.0,0.8,56
0.0570146198888294,9.804406,1.1623478,0.45315555,0.9844847,0.41,10.0,0.8,56
0.0559736458981623,9.136429,1.1550276,0.46114478,0.9997492,0.41,10.0,0.8,56
0.0605784705867532,9.139491,1.1493714,0.45861992,0.9960995,0.41,10.0,0.8,56
0.0509960023838965,8.5124445,1.1616781,0.46844092,0.9690621,0.41,10.0,0.8,56
0.0398333818697538,8.822374,1.1497518,0.46464407,0.9979998,0.41,10.0,0.8,56
0.0598516793622345,8.65732,1.1477858,0.45413035,0.9935154,0.41,10.0,0.8,56
0.0332538012207531,9.08078,1.1423335,0.46133575,0.99689746,0.41,10.0,0.8,56
0.0670235169178149,8.733226,1.1397262,0.4633709,0.9938035,0.41,10.0,0.8,56
0.0746607301371996,9.100729,1.1561098,0.44842893,0.9909396,0.41,10.0,0.8,56
0.0224911063616393,9.160019,1.1620649,0.45388332,0.9974048,0.41,10.0,0.8,56
0.0454602737114077,8.8289795,1.1371745,0.4500841,0.98831046,0.41,10.0,0.8,56
0.0322446213393914,9.327393,1.1537278,0.44013223,0.9939624,0.41,10.0,0.8,56
-0.0057242660248865,8.935947,1.1488768,0.48120636,0.9989698,0.41,10.0,0.8,56
0.0320333043522522,8.838435,1.1528661,0.46665716,0.99103177,0.41,10.0,0.8,56
0.0105653108827403,9.086672,1.1364878,0.4606012,0.989432,0.41,10.0,0.8,56
0.0604737107822152,9.36823,1.1542174,0.45122164,0.9947963,0.41,10.0,0.8,56
0.0012111637777969,8.869966,1.1451969,0.45448497,0.9930922,0.41,10.0,0.8,56
0.0346915618318026,9.081764,1.1488805,0.4647616,0.99647975,0.41,10.0,0.8,56
0.060438042703222,9.291092,1.163213,0.44245106,0.94624996,0.41,10.0,0.8,56
0.0559870548131035,9.266735,1.1460078,0.4616472,0.9974698,0.41,10.0,0.8,56
0.0637516527732864,9.234679,1.1754322,0.45661178,0.9852612,0.41,10.0,0.8,56
0.038369105072295,9.087548,1.1397948,0.46012405,0.99782085,0.41,10.0,0.8,56
0.0441470571326427,8.9743595,1.1346307,0.46591568,0.98998773,0.41,10.0,0.8,56
0.0247137117337008,8.79353,1.1490448,0.45169267,0.9873148,0.41,10.0,0.8,56
0.0614334745680699,9.262653,1.151498,0.45150676,0.9814104,0.41,10.0,0.8,56
0.0568105387345689,9.154712,1.1501603,0.45707652,0.9837028,0.41,10.0,0.8,56
0.0376715558913887,9.2374525,1.1533449,0.45700213,0.986341,0.41,10.0,0.8,56
0.0479480865158018,9.3167,1.1529583,0.4619113,0.9939103,0.41,10.0,0.8,56
0.0348864250104935,9.352425,1.1672375,0.46383098,0.9988893,0.41,10.0,0.8,56
0.0465942444859958,9.058962,1.1346817,0.4601885,0.99816513,0.41,10.0,0.8,56
0.0386993293342043,8.928882,1.1575452,0.4666624,0.9755939,0.41,10.0,0.8,56
0.0685604317999277,9.142671,1.1498495,0.46173197,0.9956726,0.41,10.0,0.8,56
0.0413481974455176,8.953948,1.1463081,0.4668436,0.9946455,0.41,10.0,0.8,56
0.0244356304749113,8.814929,1.1396245,0.4639696,0.99500835,0.41,10.0,0.8,56
-0.0041709795838496,9.055319,1.1504629,0.4639089,0.96679735,0.41,10.0,0.8,56
0.0417155775965237,9.033659,1.153865,0.4607235,0.99911916,0.41,10.0,0.8,56
0.0167150211334228,9.592682,1.1564533,0.474333,0.98847187,0.41,10.0,0.8,56
0.0419166978753981,8.978243,1.1704595,0.45145112,0.9873892,0.41,10.0,0.8,56
0.0616518860664524,9.430967,1.1509137,0.46683195,0.98232853,0.41,10.0,0.8,56
0.0370138138776919,9.155221,1.1668985,0.457449,0.98853004,0.41,10.0,0.8,56
0.0540060384937974,8.996323,1.1567577,0.4484534,0.9802722,0.41,10.0,0.8,56
0.0432273001309301,9.412511,1.171236,0.47229373,0.9684912,0.41,10.0,0.8,56
0.0364175736513294,8.762081,1.1459455,0.45914593,0.9930794,0.41,10.0,0.8,56
0.0437435886263847,9.027055,1.1502241,0.44998828,0.987748,0.41,10.0,0.8,56
0.0372427962793678,8.920442,1.1357644,0.46222055,0.98985934,0.41,10.0,0.8,56
0.0429452832214167,9.3334465,1.1486034,0.4466949,0.980453,0.41,10.0,0.8,56
0.0399800721934584,8.999496,1.1443267,0.45997065,0.988585,0.41,10.0,0.8,56
0.064684456230187,8.8574915,1.1393698,0.45546103,0.9982203,0.41,10.0,0.8,56
0.0307254014689414,9.201808,1.1594684,0.45593852,0.96549785,0.41,10.0,0.8,56
0.0223975744403776,8.623962,1.1400714,0.46209008,0.99946725,0.41,10.0,0.8,56
0.0502774226128077,9.082522,1.1552622,0.46469295,0.97045684,0.41,10.0,0.8,56
0.0202932141208257,8.96333,1.1364802,0.44805336,0.9936359,0.41,10.0,0.8,56
0.0175423120328637,8.883639,1.1551964,0.4615297,0.99426794,0.41,10.0,0.8,56
0.0505027022371526,9.036086,1.1471721,0.46783957,0.96957934,0.41,10.0,0.8,56
0.0156920899377494,9.299464,1.1491783,0.4608853,0.9977876,0.41,10.0,0.8,56
0.0796904022918372,8.944486,1.1566691,0.447133,0.9833133,0.41,10.0,0.8,56
0.0153523877360781,8.889325,1.1626682,0.45789006,0.99049485,0.41,10.0,0.8,56
0.0434920253177158,8.809512,1.1414729,0.4485145,0.9890555,0.41,10.0,0.8,56
0.0295350612626701,9.177066,1.1632609,0.4581393,0.97589064,0.41,10.0,0.8,56
0.0797462534953336,9.224162,1.1522855,0.4489855,0.99790764,0.41,10.0,0.8,56
0.0231380294336647,8.998628,1.1470178,0.45216942,0.97843647,0.41,10.0,0.8,56
0.0622596593763007,9.146698,1.1771158,0.43646383,0.99930096,0.41,10.0,0.8,56
0.0234124153315043,8.954888,1.144513,0.45765853,0.97550905,0.41,10.0,0.8,56
0.0524893411456561,8.72958,1.1422766,0.45774144,0.9946172,0.41,10.0,0.8,56
0.0205609083517653,9.257634,1.1585748,0.4740601,0.9844978,0.41,10.0,0.8,56
0.0172903019824966,8.911229,1.1561079,0.4456035,0.99561155,0.41,10.0,0.8,56
0.0449028625595765,8.612256,1.148096,0.45725802,0.9921472,0.41,10.0,0.8,56
0.0259127128661656,9.179967,1.1563287,0.45606005,0.99296737,0.41,10.0,0.8,56
0.0401590277865284,9.01867,1.1512823,0.46314514,0.9983803,0.41,10.0,0.8,56
0.0623972751810902,9.2062235,1.157404,0.45722297,0.9887862,0.41,10.0,0.8,56
0.0188385925087772,8.956189,1.1401035,0.46638495,0.9720987,0.41,10.0,0.8,56
0.0442489457863276,8.932897,1.1489462,0.46672165,0.9776335,0.41,10.0,0.8,56
0.0795912881317685,9.183751,1.166609,0.45490372,0.95917284,0.41,10.0,0.8,56
0.0438833934948092,8.755215,1.1401998,0.45893517,0.99503374,0.41,10.0,0.8,56
0.0279423042398984,9.255886,1.1537144,0.45375535,0.9971669,0.41,10.0,0.8,56
0.0414278205984928,8.9980755,1.1434336,0.47190577,0.9856136,0.41,10.0,0.8,56
0.0471649854007314,8.981131,1.1572366,0.44335794,0.9942746,0.41,10.0,0.8,56
0.0298644376289649,9.158255,1.1492476,0.46637952,0.998317,0.41,10.0,0.8,56
0.0824380327639032,9.089733,1.1419879,0.44160464,0.99230635,0.41,10.0,0.8,56
0.0469316759510118,9.213973,1.1541301,0.46017617,0.9767015,0.41,10.0,0.8,56
0.0549999627666395,8.969865,1.159094,0.44985834,0.9925028,0.41,10.0,0.8,56
0.0487157101953615,9.234801,1.1530118,0.46241286,0.99213815,0.41,10.0,0.8,56
0.0089322882060144,8.822986,1.1368742,0.45719743,0.9882965,0.41,10.0,0.8,56
0.0468480396319608,9.043124,1.1658386,0.45078984,0.98965824,0.41,10.0,0.8,56
0.0274657768011093,8.746248,1.152126,0.4669079,0.9866611,0.41,10.0,0.8,56
0.0158805851907026,9.375766,1.1613135,0.46147376,0.9932586,0.41,10.0,0.8,56
0.0372856576130038,8.797565,1.1531618,0.45965266,0.9718429,0.41,10.0,0.8,56
0.0247708849828751,9.149979,1.152039,0.47338668,0.9603145,0.41,10.0,0.8,56
0.0770033021051375,9.145554,1.1782069,0.4396157,0.9634106,0.41,10.0,0.8,56
0.0417986063634763,8.61023,1.1261032,0.45930323,0.9960499,0.41,10.0,0.8,56
0.0389798055662483,9.151044,1.1487921,0.4525768,0.99274087,0.41,10.0,0.8,56
0.0657844646543752,8.7746525,1.142005,0.45138294,0.9882159,0.41,10.0,0.8,56
0.0282925441470302,8.737357,1.1353748,0.46538985,0.97543,0.41,10.0,0.8,56
0.0406777969637855,8.962946,1.152805,0.4622275,0.99766815,0.41,10.0,0.8,56
0.016175870250483,8.792072,1.1394469,0.46825048,0.99364877,0.41,10.0,0.8,56
0.0182383244252595,8.751333,1.149152,0.4568201,0.98241436,0.41,10.0,0.8,56
0.0334205860485796,8.955603,1.1484663,0.45406145,0.9980731,0.41,10.0,0.8,56
0.048953239277738,8.837752,1.1664982,0.45392898,0.99168456,0.41,10.0,0.8,56
0.0291044544929363,9.164163,1.1604465,0.4681472,0.99567807,0.41,10.0,0.8,56
0.0458821378379571,8.913658,1.140593,0.45692474,0.98105776,0.41,10.0,0.8,56
0.0128130079879135,9.203575,1.1542318,0.46574217,0.9787955,0.41,10.0,0.8,56
0.0579499245862491,8.747383,1.1328509,0.4634641,0.99890316,0.41,10.0,0.8,56
0.0410433632135391,8.745085,1.1225153,0.4645208,0.999279,0.41,10.0,0.8,56
0.032875566389717,8.911384,1.1563047,0.46914768,0.99887955,0.41,10.0,0.8,56
0.0304958924748858,9.298289,1.1611671,0.4630084,0.99865675,0.41,10.0,0.8,56
0.0362200196014075,8.897946,1.1386031,0.46137536,0.9996072,0.41,10.0,0.8,56
0.0495741778416711,9.221827,1.1635417,0.4529213,0.97323763,0.41,10.0,0.8,56
0.0518351739058729,9.284315,1.1629459,0.46982607,0.9988251,0.41,10.0,0.8,56
0.0746482116619094,8.840955,1.1491168,0.4430384,0.9970796,0.41,10.0,0.8,56
0.0124841200035126,8.9488125,1.1504836,0.4500976,0.99865746,0.41,10.0,0.8,56
0.0227091046581502,8.8056,1.1464009,0.45522025,0.9997463,0.41,10.0,0.8,56
0.0199791856476517,9.111042,1.1430838,0.44906536,0.9708148,0.41,10.0,0.8,56
0.0673624894120654,9.800216,1.1592494,0.44633508,0.99689186,0.41,10.0,0.8,56
0.0745564827371816,9.124161,1.1517107,0.45955774,0.9874363,0.41,10.0,0.8,56
0.0370407907542635,9.111083,1.1446592,0.46080083,0.9976201,0.41,10.0,0.8,56
0.006764801940957,9.184905,1.1523784,0.46326303,0.9994956,0.41,10.0,0.8,56
0.0544575440590498,8.498812,1.1450472,0.4513179,0.9777925,0.41,10.0,0.8,56
0.0556624084906499,8.940836,1.1325094,0.45786166,0.99436986,0.41,10.0,0.8,56
0.0230421291755848,9.119039,1.1478461,0.46384087,0.97542155,0.41,10.0,0.8,56
0.0068572316208823,9.218098,1.1492779,0.4702384,0.9876777,0.41,10.0,0.8,56
0.0216534701478285,9.340631,1.1593865,0.45862874,0.9992969,0.41,10.0,0.8,56
0.0308385392779209,9.052294,1.1527979,0.4742164,0.9614966,0.41,10.0,0.8,56
0.0366732426842705,9.453821,1.1678324,0.46565473,0.97071815,0.41,10.0,0.8,56
0.0540729207337879,9.216151,1.1672649,0.46186468,0.9961016,0.41,10.0,0.8,56
0.0390318528062007,8.9042,1.1647416,0.4605137,0.99501944,0.41,10.0,0.8,56
0.018254799246788,9.241426,1.158128,0.45885623,0.9980519,0.41,10.0,0.8,56
0.0395811435629109,9.017353,1.1607589,0.46304545,0.9921831,0.41,10.0,0.8,56
0.05265988404145,9.035169,1.1571398,0.4448603,0.9906604,0.41,10.0,0.8,56
0.0432994881467741,8.811515,1.1494673,0.4467061,0.9930197,0.41,10.0,0.8,56
0.0372831891306111,8.893557,1.1436498,0.4551437,0.9686439,0.41,10.0,0.8,56
0.034398906001302,9.151851,1.1498183,0.46396598,0.9613067,0.41,10.0,0.8,56
0.0058849123120307,9.122344,1.1619868,0.45837083,0.99045014,0.41,10.0,0.8,56
0.0504905508287617,9.280298,1.1628364,0.44743448,0.98583126,0.41,10.0,0.8,56
0.0382431201465794,8.5681305,1.1667401,0.4647369,0.9765985,0.41,10.0,0.8,56
0.0641571565680816,8.542367,1.1548039,0.45665857,0.99344766,0.41,10.0,0.8,56
0.0490874248938482,8.823557,1.1468751,0.46305734,0.9991063,0.41,10.0,0.8,56
0.0664207840307814,8.640523,1.1402192,0.4536107,0.99831724,0.41,10.0,0.8,56
0.0494113232268661,9.089088,1.168779,0.46617258,0.9782573,0.41,10.0,0.8,56
0.0252928974540507,8.925412,1.1538236,0.46667212,0.99490106,0.41,10.0,0.8,56
-0.0032346168795569,8.764807,1.1441925,0.48147416,0.9981463,0.41,10.0,0.8,56
0.0151423033729928,9.044006,1.1547432,0.45046973,0.9958589,0.41,10.0,0.8,56
0.0455488052524504,8.65654,1.1473014,0.44656947,0.9988432,0.41,10.0,0.8,56
0.0593163591379024,9.272948,1.1482196,0.44406077,0.980808,0.41,10.0,0.8,56
0.0431071756755719,8.899356,1.146682,0.46529076,0.9891871,0.41,10.0,0.8,56
0.0893496168783453,8.906243,1.1457242,0.46044,0.99943745,0.41,10.0,0.8,56
0.0085892335068984,9.07908,1.1607786,0.4688156,0.99869597,0.41,10.0,0.8,56
0.0214197219883809,9.15061,1.1477214,0.45959342,0.97018003,0.41,10.0,0.8,56
0.0354964119928782,9.02772,1.1544094,0.4585577,0.9761026,0.41,10.0,0.8,56
0.0382966251256036,9.128979,1.1574234,0.45620084,0.99060035,0.41,10.0,0.8,56
0.0368164291391607,9.054236,1.1674063,0.45171475,0.9551023,0.41,10.0,0.8,56
0.0142757320257483,9.379783,1.1605207,0.4698519,0.9834826,0.41,10.0,0.8,56
0.0491903427389801,9.101616,1.1628445,0.4580172,0.9965197,0.41,10.0,0.8,56
0.0659654117949673,8.668481,1.1506196,0.44864276,0.9925679,0.41,10.0,0.8,56
0.0436246768714951,9.287503,1.1592829,0.4423576,0.96884155,0.41,10.0,0.8,56
0.0471117852603802,9.385692,1.146785,0.4598354,0.98964286,0.41,10.0,0.8,56
0.0352811382197942,8.967519,1.1509118,0.4633032,0.9934803,0.41,10.0,0.8,56
0.0450972211654069,9.141912,1.1405976,0.47379553,0.99079955,0.41,10.0,0.8,56
0.0270001004318721,9.205621,1.1571608,0.4649294,0.97792304,0.41,10.0,0.8,56
0.0173514188313093,8.796196,1.131869,0.4645076,0.99023724,0.41,10.0,0.8,56
0.0682531763979646,9.271952,1.1477152,0.45577306,0.9764986,0.41,10.0,0.8,56
0.0202474166330744,9.106022,1.1488134,0.45390713,0.99408615,0.41,10.0,0.8,56
0.0182953694267351,9.301234,1.1458597,0.4573641,0.99745286,0.41,10.0,0.8,56
0.0742234108096263,8.86499,1.1590242,0.44972596,0.99815416,0.41,10.0,0.8,56
0.0493867049402877,9.132215,1.1391958,0.45350984,0.98100305,0.41,10.0,0.8,56
-0.0049322536734283,9.193916,1.1388919,0.4495461,0.99943626,0.41,10.0,0.8,56
0.03237046056595,8.827926,1.163387,0.4628738,0.9573566,0.41,10.0,0.8,56
0.0042501375518861,9.102627,1.1457398,0.44739118,0.995458,0.41,10.0,0.8,56
0.0351978591915036,9.007212,1.1456394,0.4646484,0.9798651,0.41,10.0,0.8,56
0.0499426171379011,9.460622,1.1666222,0.45759124,0.99797785,0.41,10.0,0.8,56
0.0210159347682702,9.002781,1.1457906,0.47055608,0.97889376,0.41,10.0,0.8,56
0.0490141851100765,9.154737,1.1542869,0.46063146,0.99947155,0.41,10.0,0.8,56
0.0236195041605683,8.582705,1.1363802,0.46774685,0.9971975,0.41,10.0,0.8,56
0.0270184789622416,9.253824,1.1428282,0.46910667,0.9827285,0.41,10.0,0.8,56
0.0151343147285649,8.794079,1.137103,0.4625804,0.99907565,0.41,10.0,0.8,56
0.0604155426386927,9.641147,1.172371,0.44088322,0.9918456,0.41,10.0,0.8,56
0.0317467607875339,8.679667,1.1473329,0.4558767,0.9825101,0.41,10.0,0.8,56
0.0422492528645718,9.262789,1.159828,0.4658175,0.9826331,0.41,10.0,0.8,56
0.0439804040359669,9.189313,1.154168,0.455143,0.9956963,0.41,10.0,0.8,56
0.0592228426649922,8.882077,1.1501435,0.45459694,0.9742342,0.41,10.0,0.8,56
0.026149334707221,8.9470415,1.1504892,0.46566543,0.9910672,0.41,10.0,0.8,56
0.004927474235902,9.262128,1.1439939,0.47552684,0.981897,0.41,10.0,0.8,56
0.0331359084121516,8.891323,1.1404582,0.45649487,0.99813235,0.41,10.0,0.8,56
0.0425090847298747,8.820079,1.137959,0.45453194,0.98503006,0.41,10.0,0.8,56
0.0607084677698182,8.851779,1.1636744,0.46442485,0.99517536,0.41,10.0,0.8,56
0.0314981362614475,9.12024,1.1493115,0.46298364,0.9877378,0.41,10.0,0.8,56
0.0396638610568202,8.51583,1.146234,0.44971627,0.97772515,0.41,10.0,0.8,56
0.0288033437044894,9.157934,1.1615175,0.4716492,0.99741817,0.41,10.0,0.8,56
0.0397211168584276,9.164487,1.1509644,0.44484264,0.9795997,0.41,10.0,0.8,56
0.0523619570790744,8.940752,1.1448605,0.45628616,0.9985198,0.41,10.0,0.8,56
0.0518825288287928,8.959969,1.1593381,0.44821054,0.98005295,0.41,10.0,0.8,56
0.0107664335311436,9.370778,1.149646,0.45066854,0.98105407,0.41,10.0,0.8,56
0.0839565233324394,8.998047,1.1562779,0.43774244,0.9926542,0.41,10.0,0.8,56
0.0256648279604364,9.093456,1.1512059,0.46419576,0.9848269,0.41,10.0,0.8,56
0.0704585612895058,9.399488,1.148217,0.4592493,0.9991871,0.41,10.0,0.8,56
0.0395826513649987,8.873711,1.1667594,0.44749922,0.9911684,0.41,10.0,0.8,56
0.0227277408613533,8.783383,1.129011,0.45232943,0.99164605,0.41,10.0,0.8,56
0.0617675768058808,9.097738,1.150067,0.44661215,0.9778837,0.41,10.0,0.8,56
0.0539327121122938,8.955594,1.1538389,0.45363727,0.9629557,0.41,10.0,0.8,56
0.0420484200364253,8.885584,1.1611545,0.44811466,0.98799443,0.41,10.0,0.8,56
0.0542611057592219,8.448735,1.1384851,0.45789263,0.98111725,0.41,10.0,0.8,56
0.0508265080364024,8.914941,1.1571383,0.4551984,0.98088026,0.41,10.0,0.8,56
0.0676461059881038,9.111455,1.150613,0.45120224,0.98844266,0.41,10.0,0.8,56
0.0745053065702563,8.971041,1.1518887,0.4404682,0.9902991,0.41,10.0,0.8,56
0.0428825985652501,9.045936,1.1714919,0.46423557,0.9589436,0.41,10.0,0.8,56
0.0568219439416635,9.303541,1.1554651,0.42855385,0.9958781,0.41,10.0,0.8,56
0.0358718237280845,8.472074,1.1425254,0.4511254,0.99271345,0.41,10.0,0.8,56
0.0466681617644966,9.028026,1.1471606,0.45178953,0.9928086,0.41,10.0,0.8,56
0.0746092428779992,9.175132,1.1379138,0.45136988,0.9904561,0.41,10.0,0.8,56
0.0418080005587124,8.817251,1.149848,0.45762122,0.9949597,0.41,10.0,0.8,56
0.02391699911141,8.833071,1.1412033,0.45777854,0.9968567,0.41,10.0,0.8,56
0.1005490672148642,9.17109,1.145951,0.4485452,0.9940195,0.41,10.0,0.8,56
0.0045317114572056,9.06036,1.1644027,0.46070293,0.9778899,0.41,10.0,0.8,56
0.0342679338719024,8.875897,1.1564512,0.46217385,0.9942,0.41,10.0,0.8,56
0.0172883814426719,8.904267,1.1454194,0.4515608,0.9932908,0.41,10.0,0.8,56
0.0715736628409291,9.272311,1.1724734,0.44991264,0.9988948,0.41,10.0,0.8,56
0.0519484086603414,8.966627,1.1448241,0.46079063,0.98532856,0.41,10.0,0.8,56
0.0202492293617764,9.470199,1.1463695,0.4604508,0.99277425,0.41,10.0,0.8,56
0.0528003226391604,8.918956,1.1356646,0.45301205,0.9936125,0.41,10.0,0.8,56
0.0620503918264733,9.020153,1.1484485,0.44354677,0.9839531,0.41,10.0,0.8,56
0.0434085417722092,9.157968,1.1539207,0.45191866,0.9540956,0.41,10.0,0.8,56
0.0523703241641404,9.230104,1.1438943,0.46129796,0.98360574,0.41,10.0,0.8,56
0.0323769529921109,9.266823,1.1656542,0.4591028,0.99208987,0.41,10.0,0.8,56
0.0528998136031823,9.251299,1.143701,0.45402715,0.9908706,0.41,10.0,0.8,56
0.0206008953833189,9.585386,1.1674086,0.46141437,0.98770356,0.41,10.0,0.8,56
0.0491763198571126,8.981674,1.1585134,0.46703422,0.9951165,0.41,10.0,0.8,56
0.0480294075754822,9.139545,1.1647656,0.4530992,0.9949497,0.41,10.0,0.8,56
0.0231520191518986,8.808042,1.158971,0.45765272,0.9745337,0.41,10.0,0.8,56
0.0490024119126992,9.025002,1.1351805,0.46221867,0.97937477,0.41,10.0,0.8,56
0.0526457723633187,8.720558,1.148011,0.4540038,0.9998505,0.41,10.0,0.8,56
0.040797108069795,9.532061,1.1514077,0.44197223,0.99995637,0.41,10.0,0.8,56
0.0602569723226985,8.907766,1.1532177,0.45485294,0.99315083,0.41,10.0,0.8,56
0.0369373469274552,9.203964,1.1569408,0.449637,0.99909174,0.41,10.0,0.8,56
0.0358483620940661,9.279907,1.1562725,0.44968703,0.9809644,0.41,10.0,0.8,56
0.0496399792979975,9.213839,1.1645224,0.45694342,0.9643538,0.41,10.0,0.8,56
0.0246630545620058,9.149168,1.1539891,0.4561008,0.993752,0.41,10.0,0.8,56
0.0482983171060437,9.331472,1.1452987,0.44678625,0.986326,0.41,10.0,0.8,56
0.0092565768028869,8.8635645,1.1458539,0.4627606,0.989344,0.41,10.0,0.8,56
0.0219015937457319,9.239405,1.1664989,0.45910668,0.999845,0.41,10.0,0.8,56
0.0563924092200935,9.379397,1.1594665,0.45844102,0.9953538,0.41,10.0,0.8,56
0.0407222194212381,8.742667,1.1345294,0.46392173,0.99166095,0.41,10.0,0.8,56
0.0589215411221394,9.009596,1.1407932,0.45380342,0.99597836,0.41,10.0,0.8,56
0.0532956557195694,9.077377,1.1371961,0.45097423,0.994714,0.41,10.0,0.8,56
0.0652455074132465,8.7635565,1.1561157,0.46405515,0.9941859,0.41,10.0,0.8,56
0.0259040730019084,9.011667,1.1483303,0.45956713,0.98113847,0.41,10.0,0.8,56
0.0121046130969876,8.616978,1.1578841,0.46282437,0.96060085,0.41,10.0,0.8,56
0.0249070164463559,9.113009,1.1462127,0.47061986,0.9684528,0.41,10.0,0.8,56
0.0436468954799605,8.955672,1.1550332,0.45885885,0.95620203,0.41,10.0,0.8,56
0.0469238439006883,8.927756,1.1649733,0.44432586,0.9953263,0.41,10.0,0.8,56
0.0713789066770037,8.749591,1.1369126,0.44840235,0.9938278,0.41,10.0,0.8,56
0.0323386094951238,8.821385,1.1411493,0.4669274,0.9865211,0.41,10.0,0.8,56
0.0294641066232665,9.102622,1.1527003,0.4624677,0.99499595,0.41,10.0,0.8,56
0.0692827406427899,9.041921,1.1520108,0.45824027,0.9760449,0.41,10.0,0.8,56
0.0533283882160655,8.899275,1.1458707,0.4620535,0.98490846,0.41,10.0,0.8,56
0.0217859408992235,9.237555,1.1467829,0.45979464,0.9892546,0.41,10.0,0.8,56
0.0496215889150979,8.713809,1.1404004,0.4586877,0.98147285,0.41,10.0,0.8,56
0.0429619957531084,8.5403185,1.1399463,0.455026,0.9846593,0.41,10.0,0.8,56
0.0472709559466018,9.067756,1.148069,0.46779168,0.9888631,0.41,10.0,0.8,56
0.0555424772764815,9.636699,1.1498976,0.45943677,0.9897826,0.41,10.0,0.8,56
0.0273298105353214,9.200056,1.151544,0.46924746,0.9846746,0.41,10.0,0.8,56
0.0326722754025068,9.199692,1.1702579,0.46570098,0.9756516,0.41,10.0,0.8,56
0.0012389484829589,9.066012,1.1462845,0.46844482,0.9968649,0.41,10.0,0.8,56
-0.0038924957396554,8.712912,1.1477262,0.46698326,0.9703661,0.41,10.0,0.8,56
0.070376845607992,8.98572,1.1591134,0.45462847,0.9776286,0.41,10.0,0.8,56
0.0315662208248357,9.286001,1.1418842,0.46540532,0.9929606,0.41,10.0,0.8,56
0.0158836102974219,8.918112,1.1534475,0.4715024,0.9925257,0.41,10.0,0.8,56
0.0750576667854043,8.714585,1.1379254,0.46239644,0.9967046,0.41,10.0,0.8,56
0.0214551607458317,9.233411,1.1583445,0.46819055,0.9730867,0.41,10.0,0.8,56
0.0363422243321528,9.14341,1.1519282,0.45301285,0.9935447,0.41,10.0,0.8,56
0.0365354280589056,8.770969,1.1619316,0.46620238,0.93593013,0.41,10.0,0.8,56
0.0146565480896684,9.146412,1.1718765,0.4620017,0.98126066,0.41,10.0,0.8,56
0.0447924961906964,8.926504,1.1614876,0.4641552,0.99360514,0.41,10.0,0.8,56
0.0420973397522676,8.784221,1.1591077,0.45426622,0.9842222,0.41,10.0,0.8,56
0.0294898160656944,9.173422,1.1502298,0.46981132,0.99691105,0.41,10.0,0.8,56
0.0551509279892092,9.082619,1.1425968,0.45497012,0.99145925,0.41,10.0,0.8,56
-0.0225724560873849,7.9294825,1.2354429,0.47275254,0.9933231,0.44,10.0,0.8,57
-0.0023621436527797,8.074329,1.244037,0.47197473,0.9929482,0.44,10.0,0.8,57
-0.0463418851579938,8.29341,1.2580438,0.4703421,0.9968592,0.44,10.0,0.8,57
-0.024931115082332,8.274966,1.2464638,0.46473897,0.9971354,0.44,10.0,0.8,57
-0.0120759241921561,8.219739,1.2457389,0.4656339,0.9685956,0.44,10.0,0.8,57
0.0105286189488002,7.994323,1.2460364,0.4572386,0.98990667,0.44,10.0,0.8,57
-0.0311009202684674,8.102632,1.234856,0.47260228,0.98096335,0.44,10.0,0.8,57
-0.0396858419690813,7.8404236,1.2500165,0.4641415,0.9886267,0.44,10.0,0.8,57
-0.0245346914018903,8.49218,1.2631478,0.46918276,0.99269795,0.44,10.0,0.8,57
-0.0111846760341099,7.9927506,1.2302623,0.46969423,0.997411,0.44,10.0,0.8,57
-0.0377519743783133,7.9375362,1.2501395,0.4958347,0.9941962,0.44,10.0,0.8,57
-0.0479870336396353,8.280268,1.2596462,0.4813161,0.9968687,0.44,10.0,0.8,57
-0.0320796080998012,7.791786,1.2549917,0.45726037,0.995715,0.44,10.0,0.8,57
-0.0092987428392682,8.050147,1.2457881,0.4556263,0.99259365,0.44,10.0,0.8,57
-0.0485283112525939,8.293434,1.243569,0.47945032,0.9911251,0.44,10.0,0.8,57
-0.059538573878152,8.073335,1.2390721,0.47762775,0.99838793,0.44,10.0,0.8,57
-0.0356514195033482,8.134439,1.26291,0.4710227,0.99416244,0.44,10.0,0.8,57
-0.0402699828147888,7.90195,1.2313715,0.46999395,0.9993353,0.44,10.0,0.8,57
-0.039230443409511,7.9287033,1.2315634,0.46411967,0.99751616,0.44,10.0,0.8,57
-0.0468019158499581,7.787183,1.2539824,0.48632005,0.98168206,0.44,10.0,0.8,57
-0.0491095965249197,7.789362,1.2398441,0.48663843,0.9956393,0.44,10.0,0.8,57
-0.0427911925315857,7.964094,1.2418858,0.47588593,0.9872513,0.44,10.0,0.8,57
-0.048332963671003,8.270144,1.2551197,0.48272207,0.9793346,0.44,10.0,0.8,57
-0.0550381057603018,8.369709,1.2488433,0.46268514,0.99956834,0.44,10.0,0.8,57
0.005787147794451,8.116837,1.2401971,0.46407095,0.9996803,0.44,10.0,0.8,57
-0.0537651688711983,8.26917,1.2546887,0.46830514,0.998615,0.44,10.0,0.8,57
-0.0525572095598493,8.593898,1.2789496,0.46829104,0.99630415,0.44,10.0,0.8,57
-0.0456380295753479,8.2388,1.2500854,0.46401668,0.99222875,0.44,10.0,0.8,57
-0.0451004113469805,7.7995014,1.2354637,0.46484217,0.9820838,0.44,10.0,0.8,57
0.0038144179752894,8.167591,1.2550765,0.4716335,0.998302,0.44,10.0,0.8,57
-0.0343465001242501,8.142431,1.2481779,0.46432903,0.9914304,0.44,10.0,0.8,57
-0.0125919764382498,8.3825,1.2326458,0.4684152,0.9971423,0.44,10.0,0.8,57
-0.0380776626723153,8.065233,1.2558815,0.46700564,0.9762223,0.44,10.0,0.8,57
-0.0250074345724923,8.336121,1.253055,0.47261944,0.99390125,0.44,10.0,0.8,57
-0.0494210406712123,8.2936535,1.2619259,0.47729516,0.99253523,0.44,10.0,0.8,57
-0.0098106275285993,8.176151,1.2518554,0.46967182,0.99843526,0.44,10.0,0.8,57
-0.0227673884800502,8.174699,1.2475792,0.4769996,0.9906384,0.44,10.0,0.8,57
-0.0445744582584926,8.019528,1.2292076,0.4796019,0.99309504,0.44,10.0,0.8,57
-0.0199382318769182,8.098734,1.2312266,0.4462521,0.9638066,0.44,10.0,0.8,57
-0.0449999822889055,8.002737,1.2496419,0.48481557,0.99840295,0.44,10.0,0.8,57
-0.0338971407072884,8.202847,1.2413493,0.47960004,0.994143,0.44,10.0,0.8,57
-0.05410890851702,8.228093,1.2569588,0.46860218,0.9920249,0.44,10.0,0.8,57
-0.0514501544407435,7.952167,1.2372663,0.4809588,0.9990697,0.44,10.0,0.8,57
-0.0618842312267848,8.071866,1.2542758,0.49159238,0.97302413,0.44,10.0,0.8,57
0.0101290621076311,8.172887,1.2425652,0.45419464,0.99828506,0.44,10.0,0.8,57
-0.0364551135471888,8.022366,1.2382994,0.4629205,0.9980285,0.44,10.0,0.8,57
-0.0325065418652125,8.166247,1.2580497,0.47733366,0.9877173,0.44,10.0,0.8,57
-0.0174700260162353,8.071079,1.2468487,0.462405,0.9874097,0.44,10.0,0.8,57
-0.04345020873206,8.294385,1.2564452,0.4823472,0.9968457,0.44,10.0,0.8,57
-0.0378136920928955,8.400987,1.2593702,0.46892583,0.99588764,0.44,10.0,0.8,57
-0.0409713840484619,8.172704,1.2325253,0.48171648,0.99410105,0.44,10.0,0.8,57
-0.0170447894505092,7.6467896,1.2396743,0.4751981,0.9796419,0.44,10.0,0.8,57
-0.0333965519496372,7.894147,1.2434531,0.47745946,0.9978163,0.44,10.0,0.8,57
-0.054934629372188,8.058119,1.2472217,0.48145637,0.998119,0.44,10.0,0.8,57
-0.0272793003490992,7.8484297,1.244189,0.45335996,0.97701967,0.44,10.0,0.8,57
-0.0393983374323163,8.198982,1.2558436,0.46483693,0.9908402,0.44,10.0,0.8,57
-0.0574859806469508,8.140326,1.2489097,0.46245036,0.99173,0.44,10.0,0.8,57
-0.0606695226260593,7.869687,1.2281398,0.47323367,0.99960434,0.44,10.0,0.8,57
-0.0233434636252267,8.543468,1.24598,0.47301194,0.9995011,0.44,10.0,0.8,57
-0.0250960854121616,8.20109,1.2439313,0.48159295,0.99843,0.44,10.0,0.8,57
-0.0448384775434221,8.153742,1.2637819,0.47235602,0.9908725,0.44,10.0,0.8,57
-0.032870990548815,8.263805,1.258209,0.46188647,0.97072315,0.44,10.0,0.8,57
-0.0622300635065351,8.076416,1.2472962,0.4735703,0.9797368,0.44,10.0,0.8,57
-0.0209262384687151,7.5536613,1.2439184,0.48307347,0.9965762,0.44,10.0,0.8,57
-0.0617992860930306,7.905116,1.2508726,0.4759644,0.98585856,0.44,10.0,0.8,57
-0.003457920891898,8.295131,1.2385018,0.46703202,0.99420035,0.44,10.0,0.8,57
-0.0022838429042271,7.8236213,1.2532911,0.45757803,0.96098495,0.44,10.0,0.8,57
-0.0612240927559988,8.350363,1.2531863,0.4773295,0.99282205,0.44,10.0,0.8,57
-0.0334042617252894,8.07734,1.248526,0.4640682,0.9955735,0.44,10.0,0.8,57
-0.0321961399487086,8.371199,1.2536843,0.47737828,0.99922717,0.44,10.0,0.8,57
-0.0260099002293178,8.264828,1.2722929,0.47650725,0.9765023,0.44,10.0,0.8,57
-0.0216511590140206,8.182726,1.2403594,0.48115084,0.9978527,0.44,10.0,0.8,57
-0.032642262322562,8.328676,1.2558722,0.49242452,0.99168766,0.44,10.0,0.8,57
-0.050920535496303,8.311623,1.2586877,0.47459966,0.98893404,0.44,10.0,0.8,57
-0.0141724954332624,8.200851,1.2484837,0.4525008,0.9962218,0.44,10.0,0.8,57
-0.0200389317103794,7.9033327,1.243736,0.47421908,0.99262035,0.44,10.0,0.8,57
-0.0435657337733677,7.954866,1.2526091,0.45809722,0.9940833,0.44,10.0,0.8,57
-0.0338180484090532,8.314854,1.2514424,0.46669412,0.98692703,0.44,10.0,0.8,57
-0.0467024718012128,8.210645,1.2518806,0.47930053,0.99911773,0.44,10.0,0.8,57
-0.0513435445513044,8.327997,1.2382393,0.46923152,0.9917848,0.44,10.0,0.8,57
-0.0820373354639325,7.9063287,1.2390766,0.47762752,0.9874631,0.44,10.0,0.8,57
-0.0461708664894104,7.860694,1.2405185,0.47700846,0.9972061,0.44,10.0,0.8,57
-0.0324095249176025,8.107696,1.2508171,0.47111604,0.997952,0.44,10.0,0.8,57
-0.0384271754537309,8.200205,1.2505053,0.47735238,0.9893775,0.44,10.0,0.8,57
-0.0494142954690115,8.171046,1.2569824,0.47548115,0.9980093,0.44,10.0,0.8,57
-0.0613116141727992,7.976363,1.2496246,0.4804709,0.9936805,0.44,10.0,0.8,57
-0.0110965388161795,7.655821,1.2399735,0.455338,0.986099,0.44,10.0,0.8,57
-0.031097480228969,8.00972,1.2536852,0.46809736,0.97691274,0.44,10.0,0.8,57
-0.036549448626382,8.333114,1.2416235,0.4791724,0.9921708,0.44,10.0,0.8,57
-0.0400533298083714,7.8730183,1.2297368,0.4702862,0.99396336,0.44,10.0,0.8,57
-0.026502091203417,7.9879646,1.2299068,0.4801226,0.9930264,0.44,10.0,0.8,57
-0.0766507353101457,7.7005672,1.2517254,0.4871453,0.99693036,0.44,10.0,0.8,57
-0.0538722988537379,8.389757,1.2556121,0.48230493,0.9909096,0.44,10.0,0.8,57
-0.0510656353405543,8.067821,1.2428772,0.4704426,0.9982718,0.44,10.0,0.8,57
-0.0464786406925746,8.381246,1.2540952,0.47400013,0.99287486,0.44,10.0,0.8,57
-0.0342097214290074,8.539162,1.2480103,0.46006015,0.99779224,0.44,10.0,0.8,57
-0.039151930468423,8.232611,1.2540514,0.47505963,0.99910915,0.44,10.0,0.8,57
-0.0432887022835867,7.8281145,1.2353003,0.47092107,0.9926083,0.44,10.0,0.8,57
-0.0587093431609017,8.1128845,1.2414005,0.47431755,0.99078655,0.44,10.0,0.8,57
-0.0547016446931021,8.238805,1.252645,0.482649,0.9984584,0.44,10.0,0.8,57
-0.0401977743421282,8.0920315,1.2612195,0.45077962,0.98125315,0.44,10.0,0.8,57
-0.043003488608769,8.006021,1.2343614,0.4812473,0.99833155,0.44,10.0,0.8,57
-0.0033757836478097,8.169334,1.2492135,0.4677863,0.9978039,0.44,10.0,0.8,57
-0.0100796263558524,7.9282537,1.2350913,0.47229493,0.9907433,0.44,10.0,0.8,57
-0.0101974187578473,7.8114333,1.2341053,0.481992,0.99921143,0.44,10.0,0.8,57
-0.0645329311915806,7.9801335,1.2477236,0.46947658,0.98917174,0.44,10.0,0.8,57
-0.0658326762063162,8.246956,1.2465398,0.46078146,0.98928165,0.44,10.0,0.8,57
-0.0607207519667489,8.279524,1.255407,0.47076818,0.9932214,0.44,10.0,0.8,57
-0.0308545906203133,8.044559,1.2390711,0.4837851,0.9955826,0.44,10.0,0.8,57
-0.026462584904262,8.125363,1.2445605,0.47019657,0.99373233,0.44,10.0,0.8,57
-0.0874663540295192,7.845826,1.2390041,0.48854065,0.9969275,0.44,10.0,0.8,57
-0.0244198891094752,7.9728284,1.2309259,0.46633574,0.9980464,0.44,10.0,0.8,57
-0.0511372787611825,8.166037,1.2565781,0.48720625,0.98135936,0.44,10.0,0.8,57
-0.0269098758697509,8.510475,1.2523775,0.4685293,0.9810393,0.44,10.0,0.8,57
-0.0480108274732317,7.401288,1.2245015,0.46708566,0.99339175,0.44,10.0,0.8,57
-0.0296343285696847,8.060213,1.2483674,0.45709327,0.9955658,0.44,10.0,0.8,57
-0.0310958838462829,8.513533,1.2477171,0.47711325,0.99839747,0.44,10.0,0.8,57
-0.0384232589176722,8.074436,1.2520432,0.4782195,0.98736405,0.44,10.0,0.8,57
-0.0272013568878173,7.994906,1.2485478,0.47182608,0.990891,0.44,10.0,0.8,57
-0.0394175543103899,8.525246,1.2494448,0.47339284,0.9918773,0.44,10.0,0.8,57
-0.0506729752676827,8.045233,1.242375,0.46657464,0.99542236,0.44,10.0,0.8,57
-0.0376853612491062,8.292547,1.2506013,0.4694744,0.9912522,0.44,10.0,0.8,57
-0.0123492186410086,7.896908,1.2388611,0.46384174,0.9933721,0.44,10.0,0.8,57
-0.0666877606936863,8.647101,1.2528944,0.47192454,0.99975324,0.44,10.0,0.8,57
-0.0313173171452113,8.233612,1.247756,0.46715814,0.99065804,0.44,10.0,0.8,57
-0.032807445185525,8.253372,1.2475863,0.47144827,0.9980074,0.44,10.0,0.8,57
-0.0376645169939313,8.353365,1.2646686,0.45531705,0.9751885,0.44,10.0,0.8,57
-0.0212037113734654,8.275624,1.2625152,0.4746911,0.983412,0.44,10.0,0.8,57
-0.0217542988913399,8.183527,1.2580508,0.46769845,0.99516654,0.44,10.0,0.8,57
-0.0138652978624616,7.6820245,1.2360661,0.4840286,0.9987234,0.44,10.0,0.8,57
-0.0168271759578159,7.6933746,1.2538513,0.47617725,0.9951459,0.44,10.0,0.8,57
-0.0641917279788426,8.243628,1.2588581,0.47008508,0.9927075,0.44,10.0,0.8,57
-0.0188163253239222,7.982942,1.2559742,0.44992197,0.99680007,0.44,10.0,0.8,57
-0.0048550823756626,8.026026,1.2392939,0.47089934,0.99400985,0.44,10.0,0.8,57
-0.0182150105067661,8.121455,1.2568519,0.46514803,0.9915241,0.44,10.0,0.8,57
-0.0338228494780404,8.014124,1.2545263,0.47724536,0.97050285,0.44,10.0,0.8,57
-0.0205458191462925,8.048116,1.2497088,0.4625988,0.9963151,0.44,10.0,0.8,57
-0.0289781022071838,7.9655294,1.2422711,0.4705303,0.9996418,0.44,10.0,0.8,57
-0.0475768528665815,8.248356,1.2573637,0.4789493,0.99979997,0.44,10.0,0.8,57
-0.0417103835514613,7.910981,1.2400917,0.48208907,0.99788296,0.44,10.0,0.8,57
-0.0344888155800955,8.344782,1.2476159,0.47535187,0.9887731,0.44,10.0,0.8,57
-0.0174650764465332,8.482991,1.2511382,0.4689619,0.98669875,0.44,10.0,0.8,57
-0.0580898826462881,7.8912334,1.2524433,0.4812485,0.9761224,0.44,10.0,0.8,57
-0.0029000173296247,8.001481,1.2505763,0.46378815,0.99492717,0.44,10.0,0.8,57
-0.0320753506251743,8.255177,1.2321687,0.47499886,0.9864701,0.44,10.0,0.8,57
-0.0169630118778773,8.352914,1.2563609,0.4673386,0.9962052,0.44,10.0,0.8,57
-0.0501727894374302,7.8201833,1.2470798,0.46946305,0.9944099,0.44,10.0,0.8,57
-0.0261542078426906,8.292659,1.2524271,0.46698302,0.98558867,0.44,10.0,0.8,57
-0.0207949025290352,8.172846,1.2478037,0.4508331,0.9989165,0.44,10.0,0.8,57
-0.0272678688594273,7.580091,1.2406116,0.4675963,0.9827688,0.44,10.0,0.8,57
-0.047745486668178,8.0770445,1.2445207,0.46582648,0.9983839,0.44,10.0,0.8,57
-0.0545611940111432,8.142145,1.2494942,0.45666254,0.9979327,0.44,10.0,0.8,57
-0.0559595138686043,8.089259,1.2402414,0.47558293,0.99390817,0.44,10.0,0.8,57
-0.0614660481044224,8.173025,1.2423317,0.48029715,0.9913806,0.44,10.0,0.8,57
-0.0574757252420697,8.711557,1.2657756,0.4922132,0.9973794,0.44,10.0,0.8,57
-0.0341018826620919,8.071669,1.2617147,0.46962902,0.9873674,0.44,10.0,0.8,57
-0.0124442250388009,8.1158285,1.2385414,0.47490743,0.9962928,0.44,10.0,0.8,57
-0.0167961420331682,8.026896,1.2501783,0.45989242,0.992028,0.44,10.0,0.8,57
-0.0302851925577436,8.155523,1.2400634,0.4632485,0.9965972,0.44,10.0,0.8,57
-0.0118406609126499,7.972256,1.2473835,0.46882907,0.98937297,0.44,10.0,0.8,57
-0.0624130412510463,8.118282,1.2420764,0.4766906,0.99309194,0.44,10.0,0.8,57
-0.0209979234422956,7.7591624,1.2294726,0.4618554,0.9938208,0.44,10.0,0.8,57
-0.0347556945255824,7.9012947,1.2582542,0.46570766,0.9984993,0.44,10.0,0.8,57
-0.0411750878606523,7.954378,1.2547429,0.4847616,0.9677087,0.44,10.0,0.8,57
-0.0263849667140415,8.046126,1.2467728,0.45466793,0.99603844,0.44,10.0,0.8,57
-0.0417147033555167,8.328954,1.2391087,0.49155304,0.9871365,0.44,10.0,0.8,57
-0.0078838893345424,7.8581095,1.2526047,0.45879027,0.972944,0.44,10.0,0.8,57
-0.0474445983341762,8.376032,1.2481576,0.47547087,0.99915373,0.44,10.0,0.8,57
-0.0579270308358328,8.241308,1.2533058,0.47839263,0.98805404,0.44,10.0,0.8,57
-0.0209628527505057,8.238471,1.2485876,0.47051397,0.96911335,0.44,10.0,0.8,57
-0.0395181904520307,8.225285,1.250604,0.47305253,0.9964273,0.44,10.0,0.8,57
-0.0232088361467633,8.523135,1.250674,0.46489644,0.9923669,0.44,10.0,0.8,57
-0.0174794060843331,8.138032,1.2470698,0.46277305,0.9998467,0.44,10.0,0.8,57
-0.03649904523577,8.078464,1.2565118,0.4723772,0.98348796,0.44,10.0,0.8,57
-0.0399641633033752,8.173552,1.2359364,0.4709571,0.98427904,0.44,10.0,0.8,57
-0.0536866280010768,7.933575,1.2545915,0.47400856,0.98760235,0.44,10.0,0.8,57
-0.0283872413635253,8.097208,1.2393817,0.4701437,0.9927918,0.44,10.0,0.8,57
-0.0296248054504394,8.064557,1.2438459,0.48539773,0.9980595,0.44,10.0,0.8,57
-0.0663695962088448,8.103679,1.2599372,0.4740388,0.98411965,0.44,10.0,0.8,57
-0.02305146081107,7.960699,1.245397,0.47562745,0.99952614,0.44,10.0,0.8,57
-0.0350199576786586,8.35728,1.2654889,0.46009874,0.9974669,0.44,10.0,0.8,57
-0.0025107860565185,7.9716444,1.2480029,0.4729917,0.9800588,0.44,10.0,0.8,57
-0.0482227042743137,7.8216853,1.242187,0.4827953,0.9852903,0.44,10.0,0.8,57
-0.0317220510755266,8.382946,1.2454481,0.4843967,0.9813758,0.44,10.0,0.8,57
-0.0416802351815359,8.388174,1.2425185,0.47044066,0.9876026,0.44,10.0,0.8,57
-0.059023562499455,7.8622055,1.2361506,0.4802617,0.99452853,0.44,10.0,0.8,57
-0.0348244489942278,8.002296,1.2484465,0.48006585,0.99995136,0.44,10.0,0.8,57
-0.0371652889251709,8.392175,1.2598137,0.47463644,0.9975573,0.44,10.0,0.8,57
-0.0481450601986476,8.122455,1.2363719,0.46751258,0.9818115,0.44,10.0,0.8,57
-0.0249994182586669,7.8405633,1.2576442,0.47036475,0.99941003,0.44,10.0,0.8,57
-0.0265027349335806,8.2879715,1.2425652,0.47721386,0.9993124,0.44,10.0,0.8,57
-0.0598770781925746,8.31792,1.2687345,0.48152146,0.9457891,0.44,10.0,0.8,57
-0.0287821810586111,7.7337565,1.2469958,0.47508007,0.9967077,0.44,10.0,0.8,57
-0.0184393092564174,8.007198,1.2446071,0.46496606,0.9898083,0.44,10.0,0.8,57
-0.0208718708583286,8.052335,1.2595732,0.46963552,0.9925473,0.44,10.0,0.8,57
-0.0170950644356863,8.212963,1.2556372,0.46694997,0.99151695,0.44,10.0,0.8,57
-0.0555073271478925,8.082992,1.238128,0.46730363,0.9886123,0.44,10.0,0.8,57
-0.0024096720559256,8.130017,1.2472217,0.46372688,0.988132,0.44,10.0,0.8,57
0.0049544402531215,8.199334,1.2403793,0.47397408,0.994635,0.44,10.0,0.8,57
-0.0276569121224539,8.041531,1.2495028,0.45776156,0.9802319,0.44,10.0,0.8,57
-0.0429485542433602,8.433232,1.2569094,0.4779317,0.9830142,0.44,10.0,0.8,57
-0.016970282963344,8.012076,1.2445638,0.46536356,0.9991578,0.44,10.0,0.8,57
-0.0359712788036891,8.309121,1.2711759,0.46287543,0.9838867,0.44,10.0,0.8,57
-0.0452115195138113,8.099222,1.2538093,0.47063205,0.993757,0.44,10.0,0.8,57
-0.0244993649210248,8.110502,1.2478828,0.46859825,0.9741187,0.44,10.0,0.8,57
-0.0286977389880589,8.361114,1.2512113,0.46042493,0.99296856,0.44,10.0,0.8,57
-0.0490602755546569,7.9884973,1.2461009,0.4746575,0.993505,0.44,10.0,0.8,57
-0.0291400170326232,8.480655,1.2482729,0.4767165,0.9980469,0.44,10.0,0.8,57
-0.0607927298545837,8.049036,1.2472613,0.46588936,0.9974241,0.44,10.0,0.8,57
-0.0411696212632315,7.957096,1.2497877,0.47381154,0.9763242,0.44,10.0,0.8,57
0.0052601391928536,8.464845,1.2488592,0.46792752,0.9929806,0.44,10.0,0.8,57
-0.0494827594075884,8.034019,1.2476019,0.48500267,0.9991268,0.44,10.0,0.8,57
-0.0227813529968261,8.288067,1.2626587,0.4672232,0.98475385,0.44,10.0,0.8,57
-0.0175069481985909,8.007648,1.2353852,0.46355578,0.9998741,0.44,10.0,0.8,57
-0.0297510596684047,7.88294,1.2524364,0.48147687,0.9855869,0.44,10.0,0.8,57
0.0056994642530168,8.007503,1.2490753,0.46269155,0.9914659,0.44,10.0,0.8,57
-0.0312988087109157,8.023921,1.2434286,0.47414058,0.9944662,0.44,10.0,0.8,57
-0.0343350849832807,8.520391,1.2567415,0.4858308,0.9977621,0.44,10.0,0.8,57
-0.0214442947932652,8.436683,1.2540723,0.4814563,0.9779384,0.44,10.0,0.8,57
-0.0367658339227948,8.04281,1.2385774,0.47091234,0.9958534,0.44,10.0,0.8,57
-0.0145192977360316,7.9914503,1.2473515,0.46991283,0.9953611,0.44,10.0,0.8,57
0.0045815876552036,7.9247,1.2519811,0.4607476,0.98536074,0.44,10.0,0.8,57
-0.0438215606553213,8.28446,1.2522871,0.47442624,0.9859836,0.44,10.0,0.8,57
-0.0287211510113307,7.7572694,1.2535428,0.4787977,0.96386063,0.44,10.0,0.8,57
-0.0160785920279366,7.904345,1.2324501,0.4656978,0.9904988,0.44,10.0,0.8,57
-0.0122742884499686,8.203217,1.2505306,0.4697125,0.97320855,0.44,10.0,0.8,57
-0.0502580860682896,7.698248,1.2450647,0.4888379,0.9858012,0.44,10.0,0.8,57
-0.0247320205824715,8.081782,1.2506778,0.48461005,0.99976015,0.44,10.0,0.8,57
-0.0839991337912423,7.7590146,1.2430404,0.48090905,0.99817157,0.44,10.0,0.8,57
-0.0397119331359863,8.202951,1.2406261,0.47077113,0.9971676,0.44,10.0,0.8,57
-0.0448305961063929,8.425272,1.2612015,0.4773758,0.9843185,0.44,10.0,0.8,57
-0.022281197139195,8.370528,1.247082,0.47613272,0.995612,0.44,10.0,0.8,57
-0.0357213183811732,8.014375,1.2418156,0.47347295,0.98912776,0.44,10.0,0.8,57
-0.0230602587972368,7.8826475,1.2481031,0.4864038,0.9819883,0.44,10.0,0.8,57
-0.0607209914071219,8.521915,1.265573,0.47283176,0.9902457,0.44,10.0,0.8,57
-0.0328885245323181,8.165968,1.2453992,0.47091484,0.9863473,0.44,10.0,0.8,57
-0.063223419530051,8.062475,1.235759,0.47385827,0.9905753,0.44,10.0,0.8,57
-0.0471496868133544,7.9283457,1.2308496,0.46826026,0.9911554,0.44,10.0,0.8,57
-0.0255772948265075,8.663349,1.2631779,0.46316835,0.99379516,0.44,10.0,0.8,57
0.000575338091169,8.326864,1.248699,0.4709693,0.99366415,0.44,10.0,0.8,57
-0.0240011300359453,7.9009056,1.2334207,0.46231622,0.9928005,0.44,10.0,0.8,57
-0.0345142909458705,8.047199,1.2672971,0.47381246,0.9708334,0.44,10.0,0.8,57
-0.0237059048243931,7.8759956,1.2270391,0.46853602,0.9956379,0.44,10.0,0.8,57
-0.0268353513308933,8.104606,1.2451473,0.45941755,0.99208784,0.44,10.0,0.8,57
-0.02096405846732,7.869809,1.2504663,0.47800383,0.9904487,0.44,10.0,0.8,57
-0.0006690856388637,7.8273945,1.2307861,0.46974197,0.991248,0.44,10.0,0.8,57
-0.037106419972011,8.165625,1.2435416,0.48254964,0.9907508,0.44,10.0,0.8,57
-0.0305136353628976,8.204749,1.2539905,0.47404632,0.99859834,0.44,10.0,0.8,57
-0.0271682548522949,8.300083,1.2551808,0.4601337,0.9968053,0.44,10.0,0.8,57
-0.0123244571685791,8.24581,1.2598042,0.47944444,0.98759294,0.44,10.0,0.8,57
-0.0456934520176478,7.979007,1.2480248,0.47092083,0.997378,0.44,10.0,0.8,57
-0.0549355891772678,8.583208,1.2518913,0.48278496,0.9917499,0.44,10.0,0.8,57
-0.0171754932403564,8.322474,1.2659472,0.45974573,0.9968374,0.44,10.0,0.8,57
-0.0405680516787937,8.180635,1.2556276,0.46713394,0.99725986,0.44,10.0,0.8,57
-0.0355711609976632,7.8588467,1.243598,0.46819213,0.9716939,0.44,10.0,0.8,57
-0.0207371793474469,8.020213,1.2298658,0.46892008,0.9897864,0.44,10.0,0.8,57
-0.0518946698733738,8.103805,1.2618512,0.48215273,0.99271405,0.44,10.0,0.8,57
-0.00646942956107,8.23423,1.2438304,0.4642357,0.99821055,0.44,10.0,0.8,57
-0.0445522386687142,8.036514,1.2573584,0.468895,0.9943509,0.44,10.0,0.8,57
-0.0406435666765485,7.490865,1.2191277,0.46966237,0.9974313,0.44,10.0,0.8,57
-0.0235183439935956,7.918642,1.2309114,0.46003413,0.99191964,0.44,10.0,0.8,57
-0.0389398724692208,8.119567,1.2720915,0.46972623,0.9656222,0.44,10.0,0.8,57
-0.054819905757904,8.124485,1.2254988,0.47484836,0.9955938,0.44,10.0,0.8,57
-0.0359471334729875,8.0809765,1.2380139,0.46417356,0.99275625,0.44,10.0,0.8,57
-0.0416450868334089,8.196379,1.2443192,0.47999835,0.995509,0.44,10.0,0.8,57
-0.0532242134639195,7.9611745,1.2573521,0.46954837,0.99997425,0.44,10.0,0.8,57
-0.0021564769744873,8.400219,1.2318205,0.4703752,0.99919355,0.44,10.0,0.8,57
-0.0364767616135733,8.223351,1.2425611,0.47268945,0.9950093,0.44,10.0,0.8,57
-0.0060276739937918,8.205119,1.2513896,0.46203592,0.9958663,0.44,10.0,0.8,57
-0.0643237744058881,8.147025,1.2471081,0.47605598,0.99133277,0.44,10.0,0.8,57
-0.0113417925153459,8.280474,1.2581298,0.44862884,0.99862766,0.44,10.0,0.8,57
-0.0836160063743591,8.445721,1.2524602,0.48174325,0.9991878,0.44,10.0,0.8,57
-0.0305387919289725,8.104156,1.2527261,0.46956375,0.97674644,0.44,10.0,0.8,57
-0.0402215899739946,8.165184,1.2491359,0.4912482,0.9969833,0.44,10.0,0.8,57
-0.0348818039894104,8.024436,1.2384543,0.47587368,0.99479604,0.44,10.0,0.8,57
-0.0444524124690464,7.9867425,1.2472849,0.47515598,0.98500216,0.44,10.0,0.8,57
-0.0474797824450901,8.23808,1.2431489,0.48004955,0.9975002,0.44,10.0,0.8,57
-0.0398714242662702,7.7592626,1.2340146,0.47205156,0.998168,0.44,10.0,0.8,57
-0.0236129937853132,7.944781,1.2513582,0.46997687,0.9905406,0.44,10.0,0.8,57
-0.0439200673784528,8.199129,1.2344087,0.48453438,0.9911809,0.44,10.0,0.8,57
-0.0516522543770926,7.972584,1.2439857,0.47914886,0.98694086,0.44,10.0,0.8,57
-0.0304401510102408,8.140331,1.2524129,0.4707296,0.9990939,0.44,10.0,0.8,57
-0.0160742419106619,8.29185,1.2535566,0.45535666,0.9998865,0.44,10.0,0.8,57
-0.0110460526602608,7.9173627,1.2589356,0.45612466,0.99630654,0.44,10.0,0.8,57
-0.0245125038283211,8.438706,1.241332,0.4772072,0.9753765,0.44,10.0,0.8,57
-0.0372904419898986,8.287339,1.2581884,0.4689105,0.9891081,0.44,10.0,0.8,57
-0.0291860284124101,8.206073,1.2436492,0.46173277,0.9995147,0.44,10.0,0.8,57
-0.0580084797314235,8.370765,1.2649049,0.46503013,0.98565876,0.44,10.0,0.8,57
-0.0559427884646824,8.42249,1.2565768,0.47154048,0.99753404,0.44,10.0,0.8,57
-0.0268067608560834,8.266707,1.2426409,0.45867243,0.9940684,0.44,10.0,0.8,57
-0.0684815893854413,8.386236,1.2709119,0.47058722,0.9941293,0.44,10.0,0.8,57
-0.0283552111898149,8.001195,1.2327218,0.49550834,0.9918685,0.44,10.0,0.8,57
-0.0387981854166303,8.197921,1.2505306,0.45636365,0.9990611,0.44,10.0,0.8,57
-0.0244059130123683,8.041578,1.23985,0.46291658,0.99623835,0.44,10.0,0.8,57
-0.034556051322392,8.355568,1.2620091,0.47752523,0.9908968,0.44,10.0,0.8,57
-0.0418937441280909,8.183544,1.2380453,0.4677955,0.99965346,0.44,10.0,0.8,57
-0.0060990360804966,8.058697,1.2486117,0.4615378,0.99254465,0.44,10.0,0.8,57
-0.0378889669690813,7.888185,1.2486913,0.46851522,0.99719226,0.44,10.0,0.8,57
-0.0305769896507263,8.259822,1.2561252,0.47007692,0.99892986,0.44,10.0,0.8,57
-0.0075932039533342,8.293765,1.2295026,0.4737567,0.99443793,0.44,10.0,0.8,57
-0.0377473589352198,8.549941,1.2549981,0.47423708,0.9923003,0.44,10.0,0.8,57
-0.0421510669163295,7.886311,1.2511,0.46624997,0.9905312,0.44,10.0,0.8,57
-0.0471846321650913,8.189581,1.2378533,0.4750462,0.9970969,0.44,10.0,0.8,57
-0.0398910931178501,8.353777,1.2514849,0.47531724,0.9733664,0.44,10.0,0.8,57
-0.0350277927943638,8.170181,1.2514141,0.45724678,0.9997642,0.44,10.0,0.8,57
0.0002668176378522,8.218136,1.2443769,0.4570323,0.98156154,0.44,10.0,0.8,57
-0.0369889259338378,8.033128,1.2616235,0.46147728,0.9935293,0.44,10.0,0.8,57
-0.0270849500383649,7.955165,1.2577838,0.46890807,0.9736798,0.44,10.0,0.8,57
-0.0378224781581333,8.337889,1.253079,0.4679043,0.9826729,0.44,10.0,0.8,57
-0.0332422035081046,8.366985,1.239136,0.46659493,0.9997282,0.44,10.0,0.8,57
-0.0218755381447928,8.218117,1.2447748,0.46777427,0.99461603,0.44,10.0,0.8,57
-0.0515800608907427,8.566969,1.2572128,0.4644779,0.9958708,0.44,10.0,0.8,57
0.0014272662571498,8.143846,1.249868,0.46570444,0.9912367,0.44,10.0,0.8,57
-0.0339999403272356,8.221741,1.234977,0.46680632,0.9995476,0.44,10.0,0.8,57
-0.0219224616459437,8.539287,1.2537447,0.4705469,0.9942727,0.44,10.0,0.8,57
-0.0383403301239013,7.986665,1.2436516,0.47878587,0.9822073,0.44,10.0,0.8,57
-0.0619449029650007,8.126584,1.259491,0.47568884,0.9901657,0.44,10.0,0.8,57
-0.0137270941053118,8.384755,1.2547537,0.4495945,0.99673593,0.44,10.0,0.8,57
-0.0420667699405125,8.129907,1.2499115,0.47585994,0.9927262,0.44,10.0,0.8,57
-0.0332568250383649,7.7249126,1.2395703,0.47411516,0.9963919,0.44,10.0,0.8,57
-0.0318334221839904,8.569856,1.2525854,0.46067053,0.99122643,0.44,10.0,0.8,57
-0.0321926059041704,8.136478,1.2438171,0.45854053,0.9837959,0.44,10.0,0.8,57
-0.0218106542314801,7.963176,1.2606275,0.4630768,0.98374593,0.44,10.0,0.8,57
-0.0243674087524414,8.449319,1.2525296,0.46746263,0.9850061,0.44,10.0,0.8,57
-0.0167889635903494,7.7942386,1.2499437,0.47370866,0.98639154,0.44,10.0,0.8,57
-0.0037964861733572,7.9963126,1.2279873,0.47193107,0.98509514,0.44,10.0,0.8,57
-0.0491136700766427,7.925804,1.2319633,0.4746369,0.9928175,0.44,10.0,0.8,57
-0.0160818263462611,8.097487,1.2556484,0.4647686,0.99689376,0.44,10.0,0.8,57
-0.0298200620923723,8.176539,1.2554733,0.46919787,0.9977852,0.44,10.0,0.8,57
-0.0614369147164481,8.273145,1.2521167,0.4812086,0.99744105,0.44,10.0,0.8,57
-0.020833396911621,8.2484865,1.2686603,0.466001,0.9641156,0.44,10.0,0.8,57
-0.0408617281913757,7.814161,1.2348435,0.47000095,0.9885467,0.44,10.0,0.8,57
-0.0303823855945042,8.0612,1.2409436,0.46442083,0.99228907,0.44,10.0,0.8,57
-0.0666434066636221,8.505073,1.2794818,0.4823479,0.99262846,0.44,10.0,0.8,57
-0.015128458568028,8.086329,1.2490113,0.47745427,0.989725,0.44,10.0,0.8,57
-0.0531203024727957,8.131252,1.2645788,0.46919942,0.97895074,0.44,10.0,0.8,57
-0.0933430784089224,8.438402,1.2444634,0.47602364,0.99503136,0.44,10.0,0.8,57
-0.0733527619498116,8.061582,1.2459416,0.49116614,0.9927981,0.44,10.0,0.8,57
-0.0309181809425354,7.738161,1.2389067,0.4693662,0.9977267,0.44,10.0,0.8,57
-0.0415047550201416,7.981788,1.2334907,0.46461308,0.98794734,0.44,10.0,0.8,57
-0.0307520624569484,8.049229,1.2368072,0.47308466,0.9982077,0.44,10.0,0.8,57
-0.0173934459686279,7.955823,1.238598,0.45794976,0.9942099,0.44,10.0,0.8,57
-0.0362941990579877,8.569218,1.2700785,0.46138155,0.9941739,0.44,10.0,0.8,57
-0.0263399917738778,8.302942,1.2443808,0.48691964,0.99815845,0.44,10.0,0.8,57
-0.0284466906956263,8.181935,1.2434635,0.46788588,0.9948231,0.44,10.0,0.8,57
-0.0316150232723781,8.011971,1.2436278,0.47432598,0.98220825,0.44,10.0,0.8,57
-0.0299765041896275,8.202672,1.2482955,0.45903957,0.99913275,0.44,10.0,0.8,57
-0.0316244057246616,7.9160166,1.2441486,0.47519046,0.9985852,0.44,10.0,0.8,57
-0.0637542537280491,8.032141,1.2294658,0.4908975,0.9728923,0.44,10.0,0.8,57
-0.0189844403948102,7.778926,1.2342182,0.48319167,0.98867714,0.44,10.0,0.8,57
-0.0172949600219726,8.142069,1.2523249,0.48423707,0.9992595,0.44,10.0,0.8,57
-0.0310546551431928,8.423667,1.2461325,0.479622,0.9782927,0.44,10.0,0.8,57
-0.0419155366080147,7.7384534,1.2398041,0.46941712,0.98802507,0.44,10.0,0.8,57
-0.0203440952301025,8.123711,1.2395331,0.46400476,0.988878,0.44,10.0,0.8,57
-0.038038694858551,7.9752827,1.2292651,0.48172954,0.996596,0.44,10.0,0.8,57
-0.0361868735722133,8.3629875,1.2615898,0.4628059,0.95715547,0.44,10.0,0.8,57
-0.0183313315255301,8.195212,1.234722,0.47282204,0.9874053,0.44,10.0,0.8,57
-0.0309920941080365,8.321996,1.2658458,0.48147452,0.98907816,0.44,10.0,0.8,57
-0.0511996064867292,8.348131,1.2510291,0.47179976,0.9978553,0.44,10.0,0.8,57
-0.0345567372867039,8.0309925,1.2437171,0.4695416,0.9899912,0.44,10.0,0.8,57
-0.0377239663260323,8.152538,1.2475463,0.4681761,0.99883866,0.44,10.0,0.8,57
-0.0330303277288164,8.322911,1.2519588,0.46105215,0.9875983,0.44,10.0,0.8,57
-0.0622774083273751,8.03835,1.2489045,0.47275615,0.99115276,0.44,10.0,0.8,57
-0.0507070088386535,7.5502696,1.2177943,0.4801119,0.9799347,0.44,10.0,0.8,57
-0.0492036495889936,8.383145,1.2528305,0.46809527,0.99297667,0.44,10.0,0.8,57
-0.0234906073978969,7.797387,1.2368196,0.45581508,0.99696434,0.44,10.0,0.8,57
-0.0243670763288225,8.094054,1.2458007,0.46227804,0.9923433,0.44,10.0,0.8,57
-0.0232657374654497,8.015314,1.2415049,0.46776816,0.9904915,0.44,10.0,0.8,57
-0.0199692385537283,7.978158,1.2483186,0.47055134,0.99958503,0.44,10.0,0.8,57
-0.0376827270644051,8.146971,1.2428654,0.47287267,0.99532604,0.44,10.0,0.8,57
-0.0429198207174028,8.358713,1.2667955,0.46124196,0.99487805,0.44,10.0,0.8,57
-0.0500787050383431,8.169835,1.2415078,0.46852332,0.99878573,0.44,10.0,0.8,57
-0.0306266324860709,8.115311,1.2572805,0.46461967,0.99063206,0.44,10.0,0.8,57
-0.0160434886387416,8.315383,1.2441196,0.45834136,0.9992993,0.44,10.0,0.8,57
-0.0267332349504743,7.7554607,1.2462007,0.47025672,0.97450745,0.44,10.0,0.8,57
-0.0229685592651367,7.988761,1.2454715,0.4674298,0.99581194,0.44,10.0,0.8,57
-0.0263035951341901,7.975756,1.2484795,0.4699522,0.9741633,0.44,10.0,0.8,57
-0.0479736767496381,8.289445,1.2517012,0.47415334,0.9898163,0.44,10.0,0.8,57
-0.0282701134681701,8.061867,1.2597132,0.46350533,0.98291624,0.44,10.0,0.8,57
-0.0537012675830296,8.081768,1.2607135,0.46305242,0.9945489,0.44,10.0,0.8,57
-0.0268155632700238,7.9623713,1.2457939,0.4662967,0.9845252,0.44,10.0,0.8,57
-0.0455151762281145,8.618646,1.2681811,0.47168422,0.998217,0.44,10.0,0.8,57
-0.0136498383113316,8.315659,1.2471247,0.4669327,0.9989122,0.44,10.0,0.8,57
-0.0131263351440429,8.709632,1.2621701,0.46695924,0.9934318,0.44,10.0,0.8,57
-0.046130210331508,8.287917,1.2517469,0.47521177,0.998183,0.44,10.0,0.8,57
-0.0217207704271589,8.521767,1.2453966,0.47320437,0.99680626,0.44,10.0,0.8,57
-0.026571580341884,8.574486,1.2560699,0.46641695,0.9976834,0.44,10.0,0.8,57
-0.0571192928722926,7.9317093,1.2270766,0.47190535,0.9989979,0.44,10.0,0.8,57
-0.0054611682891845,8.007426,1.24419,0.4717209,0.9923246,0.44,10.0,0.8,57
-0.059896832874843,8.586021,1.2572184,0.47377566,0.9981837,0.44,10.0,0.8,57
-0.0598136792864118,8.064166,1.2439574,0.4740186,0.9988451,0.44,10.0,0.8,57
-0.0411546857016427,8.47585,1.2418706,0.48601732,0.99752426,0.44,10.0,0.8,57
-0.0275728430066789,8.065429,1.2506702,0.4605671,0.99156547,0.44,10.0,0.8,57
-0.0205164514269147,7.979925,1.2518208,0.46982694,0.9900011,0.44,10.0,0.8,57
-0.0377580400875636,8.565028,1.2655159,0.4782379,0.9878279,0.44,10.0,0.8,57
-0.0535931723458426,8.079629,1.2387718,0.48712194,0.9909538,0.44,10.0,0.8,57
-0.0417711969784327,7.9178505,1.2504747,0.45767584,0.9938587,0.44,10.0,0.8,57
-0.0305109790393284,7.8794003,1.2281725,0.4736696,0.9985355,0.44,10.0,0.8,57
-0.0327449965476989,8.01493,1.2392801,0.47237486,0.9927368,0.44,10.0,0.8,57
-0.0160226358686174,8.11816,1.2671845,0.46536535,0.9886255,0.44,10.0,0.8,57
-0.0045054330927932,8.531499,1.1852143,0.54920393,0.985417,0.35,10.0,0.8,58
-0.0289967565035589,8.486787,1.1974804,0.54837453,0.9495032,0.35,10.0,0.8,58
0.0100157290073999,8.491874,1.1749359,0.54745924,0.9802326,0.35,10.0,0.8,58
0.029281290629152,8.357068,1.1725702,0.54381293,0.96382844,0.35,10.0,0.8,58
0.0119588973362916,8.4482155,1.1880748,0.54847884,0.9863833,0.35,10.0,0.8,58
-0.0046484319316313,8.757198,1.1894678,0.55517346,0.947554,0.35,10.0,0.8,58
0.0281562363888644,8.562038,1.2058003,0.5257316,0.95144606,0.35,10.0,0.8,58
0.0073727851373574,8.759546,1.2046571,0.5422063,0.9891001,0.35,10.0,0.8,58
-0.0077086099734542,8.575053,1.2127483,0.547144,0.9351568,0.35,10.0,0.8,58
0.0096704502582306,8.615881,1.1822196,0.5495029,0.9910233,0.35,10.0,0.8,58
0.0158389372341733,8.621731,1.1922129,0.549197,0.9513979,0.35,10.0,0.8,58
-0.0122603310084598,8.789903,1.2092589,0.5408391,0.9913286,0.35,10.0,0.8,58
-0.006676539664728,8.22618,1.2014766,0.5618685,0.9718876,0.35,10.0,0.8,58
0.0231698690635218,8.399654,1.2112721,0.538009,0.9888735,0.35,10.0,0.8,58
0.0032228506419927,8.269921,1.2018075,0.54777175,0.9370831,0.35,10.0,0.8,58
0.0195176066797889,8.738957,1.1987976,0.53412545,0.9685991,0.35,10.0,0.8,58
-0.017354196604875,8.927116,1.1981308,0.54642874,0.9855758,0.35,10.0,0.8,58
-0.0141794654704185,8.2538805,1.1732594,0.5554946,0.9729984,0.35,10.0,0.8,58
-0.0079764273262704,7.9872704,1.1799164,0.55356723,0.9538816,0.35,10.0,0.8,58
0.0217916167530096,8.429018,1.1929725,0.54157954,0.89726627,0.35,10.0,0.8,58
0.0122837728143406,8.720795,1.2033415,0.5377713,0.9833698,0.35,10.0,0.8,58
0.0177498799498624,8.483165,1.1807333,0.54130036,0.9972664,0.35,10.0,0.8,58
0.0317421542813983,8.256588,1.1926423,0.54739845,0.95553505,0.35,10.0,0.8,58
0.0226542207648837,8.586708,1.175911,0.5165573,0.98301554,0.35,10.0,0.8,58
0.0023811489681027,8.55522,1.2016748,0.53794414,0.9592701,0.35,10.0,0.8,58
0.0241858795405285,8.672582,1.1961536,0.54229784,0.98235786,0.35,10.0,0.8,58
0.0160558714275758,8.310772,1.1544613,0.53140026,0.9926162,0.35,10.0,0.8,58
-0.0015583863615807,8.545151,1.1881073,0.54215795,0.9898319,0.35,10.0,0.8,58
0.0302232408693771,8.437767,1.2047209,0.541412,0.97901523,0.35,10.0,0.8,58
-0.00088308782738,8.749819,1.2040567,0.5646944,0.98879635,0.35,10.0,0.8,58
-0.0038645105930933,8.519059,1.1815271,0.5502862,0.9697237,0.35,10.0,0.8,58
0.0232611952649884,8.634198,1.1639682,0.5456895,0.983382,0.35,10.0,0.8,58
0.0220853908739182,8.385411,1.1971513,0.5304714,0.9832746,0.35,10.0,0.8,58
0.0278615797228621,8.838769,1.198384,0.5375249,0.99566925,0.35,10.0,0.8,58
0.0314698606653519,8.733792,1.1831292,0.54509056,0.9607184,0.35,10.0,0.8,58
0.0176618264561584,8.426571,1.193212,0.5221171,0.96796286,0.35,10.0,0.8,58
-0.0345007298395136,8.523556,1.1966484,0.55414826,0.9830301,0.35,10.0,0.8,58
0.0162913443639775,8.486153,1.2020063,0.5375634,0.9388565,0.35,10.0,0.8,58
0.0039452764636579,8.567579,1.1949534,0.56724197,0.99877405,0.35,10.0,0.8,58
-0.0069944703901136,8.637085,1.1963742,0.5468495,0.9961852,0.35,10.0,0.8,58
0.0060613853721093,8.424764,1.1996361,0.54682404,0.93019915,0.35,10.0,0.8,58
0.0323176325419191,8.703263,1.1901855,0.5361236,0.9635484,0.35,10.0,0.8,58
0.03877146353228,8.728348,1.2034949,0.52846503,0.963338,0.35,10.0,0.8,58
-0.0226356436317517,8.336697,1.1885953,0.5567728,0.94087243,0.35,10.0,0.8,58
0.0213448435089406,8.668123,1.1894159,0.52575046,0.9928644,0.35,10.0,0.8,58
0.0104596539020295,8.226889,1.1873221,0.5420162,0.9806167,0.35,10.0,0.8,58
0.0058406473117966,8.4885025,1.192177,0.5419653,0.9932878,0.35,10.0,0.8,58
0.0299375642020747,8.720922,1.1891153,0.5355464,0.9690249,0.35,10.0,0.8,58
-0.0026041160196385,8.615554,1.1867186,0.5379527,0.9988334,0.35,10.0,0.8,58
0.0065466635936015,8.504658,1.1670375,0.5360901,0.99687636,0.35,10.0,0.8,58
0.0123520831487909,8.440149,1.1960433,0.5428575,0.9000957,0.35,10.0,0.8,58
0.0252391739805883,7.8518963,1.1790507,0.5388883,0.98610747,0.35,10.0,0.8,58
-0.0017700106802186,8.642087,1.1919967,0.53119147,0.94725096,0.35,10.0,0.8,58
-0.0440856802299398,8.501366,1.1856989,0.5578109,0.9770366,0.35,10.0,0.8,58
0.0103906623202279,8.751783,1.1839521,0.5427153,0.9939736,0.35,10.0,0.8,58
0.0168483797692936,8.668829,1.187919,0.5383818,0.9874288,0.35,10.0,0.8,58
0.0122454652051911,8.489874,1.2044469,0.5426902,0.98106086,0.35,10.0,0.8,58
0.0097363083706651,8.567174,1.1945608,0.5350284,0.9887068,0.35,10.0,0.8,58
-0.0216554637492645,8.920699,1.192716,0.54712975,0.9871793,0.35,10.0,0.8,58
0.014135974600022,8.678522,1.181221,0.53124005,0.9910046,0.35,10.0,0.8,58
-0.0196220132369644,8.486956,1.2212789,0.5440813,0.8802295,0.35,10.0,0.8,58
0.0274193477776511,8.370495,1.1949679,0.5203791,0.98439264,0.35,10.0,0.8,58
-0.0104276052608227,8.799224,1.1915654,0.5577837,0.98943734,0.35,10.0,0.8,58
0.0237510024473899,8.333798,1.1709747,0.5443228,0.99494076,0.35,10.0,0.8,58
-0.0143647987000009,8.465091,1.1838665,0.5376136,0.98476076,0.35,10.0,0.8,58
0.0530668086606832,8.326059,1.186312,0.5396135,0.9502771,0.35,10.0,0.8,58
-0.011192791966502,8.587614,1.2000083,0.55040234,0.99900436,0.35,10.0,0.8,58
0.0429370118646461,8.423716,1.1807194,0.53422934,0.9667125,0.35,10.0,0.8,58
-0.0067743143337469,8.218174,1.1880533,0.5447898,0.97939885,0.35,10.0,0.8,58
-0.0010746095813943,8.312736,1.1881772,0.54025674,0.95866644,0.35,10.0,0.8,58
-0.0003364929187547,8.210106,1.1724437,0.5462356,0.9576193,0.35,10.0,0.8,58
0.0106712980868559,8.301428,1.1997476,0.53300864,0.90893114,0.35,10.0,0.8,58
0.0142778598915734,8.429551,1.183662,0.5552505,0.9934168,0.35,10.0,0.8,58
0.0015819741900267,8.769374,1.1925993,0.5389811,0.981581,0.35,10.0,0.8,58
0.0086685036324165,8.265177,1.2074418,0.55546516,0.9617505,0.35,10.0,0.8,58
0.0107704578936555,8.230646,1.1765592,0.5379189,0.98855877,0.35,10.0,0.8,58
0.0261421614359496,8.841379,1.1899791,0.53966105,0.9980295,0.35,10.0,0.8,58
0.0228280992279363,8.563195,1.2001793,0.5496812,0.946738,0.35,10.0,0.8,58
0.0143113770258785,8.53813,1.1868289,0.53860414,0.9694449,0.35,10.0,0.8,58
-0.041594636349092,8.628764,1.1836845,0.5491774,0.99042237,0.35,10.0,0.8,58
0.0223593490139554,8.360308,1.1675866,0.5398466,0.99747026,0.35,10.0,0.8,58
-0.0068965172171896,7.997346,1.1796196,0.54797995,0.9878689,0.35,10.0,0.8,58
0.0060799243290894,8.653933,1.1901494,0.532831,0.9746381,0.35,10.0,0.8,58
0.0069768345690332,8.336418,1.185068,0.54297787,0.9312501,0.35,10.0,0.8,58
-4.8434195744635755e-05,8.665691,1.2093072,0.5407155,0.95473695,0.35,10.0,0.8,58
0.0267716462973244,8.303819,1.1891865,0.5421614,0.90953946,0.35,10.0,0.8,58
0.0311659259494623,8.172493,1.1850052,0.5315297,0.9642327,0.35,10.0,0.8,58
0.0181182677742171,8.809562,1.1982062,0.5494835,0.988462,0.35,10.0,0.8,58
0.0013501305412358,8.318071,1.1770588,0.5475473,0.9982499,0.35,10.0,0.8,58
0.0141639336805328,8.289767,1.1897813,0.537907,0.997622,0.35,10.0,0.8,58
-0.0116087959227301,8.637662,1.1956074,0.5453371,0.97444403,0.35,10.0,0.8,58
0.0069286627382845,8.322292,1.1744745,0.5514592,0.973544,0.35,10.0,0.8,58
-0.0116458509796313,8.986419,1.1994942,0.54361725,0.99892485,0.35,10.0,0.8,58
-0.0090326542297472,8.460108,1.1963283,0.53758836,0.96994615,0.35,10.0,0.8,58
-0.0201935399399309,8.99912,1.2000984,0.53747493,0.97981226,0.35,10.0,0.8,58
0.0070661374636294,8.752029,1.1856583,0.54190165,0.97043324,0.35,10.0,0.8,58
0.0170384062582713,8.470937,1.2046279,0.5430394,0.9274185,0.35,10.0,0.8,58
-0.0219720261149233,8.545977,1.1714453,0.54332113,0.98695636,0.35,10.0,0.8,58
-0.001981347286841,8.516653,1.1862522,0.5410472,0.985306,0.35,10.0,0.8,58
-0.0098729388632378,8.433474,1.1909025,0.55568004,0.9989834,0.35,10.0,0.8,58
-0.0039223781791893,8.359898,1.2014331,0.53397775,0.9837251,0.35,10.0,0.8,58
-0.0010383348693536,8.243399,1.1867722,0.53319484,0.998585,0.35,10.0,0.8,58
-0.0161637367197957,8.437431,1.1829429,0.54754514,0.96854687,0.35,10.0,0.8,58
-0.0050971073401576,8.386851,1.1883141,0.53994495,0.99507046,0.35,10.0,0.8,58
0.0170617918941453,8.046215,1.1856246,0.5492087,0.9949336,0.35,10.0,0.8,58
-0.0331744685943852,8.289847,1.1934173,0.54803336,0.95553577,0.35,10.0,0.8,58
-0.0380809277092419,8.200184,1.1709851,0.53916323,0.94491684,0.35,10.0,0.8,58
-0.03666871151591,8.528808,1.1995292,0.55540913,0.98191345,0.35,10.0,0.8,58
-0.0003750613074956,8.507708,1.1722199,0.5389696,0.9937141,0.35,10.0,0.8,58
0.0098974749581173,8.541637,1.1838815,0.54025185,0.98672295,0.35,10.0,0.8,58
-0.048590278767737,8.166352,1.1733519,0.53788084,0.98318017,0.35,10.0,0.8,58
0.0229642801707888,8.421128,1.1980315,0.5352703,0.9253042,0.35,10.0,0.8,58
0.0239500513130277,8.548737,1.1913115,0.5385666,0.982594,0.35,10.0,0.8,58
-0.0136476263739757,8.542672,1.2016602,0.5483105,0.957567,0.35,10.0,0.8,58
-0.0137328730402766,8.76001,1.1720617,0.5354696,0.9886856,0.35,10.0,0.8,58
0.0212861849518833,8.3204565,1.1880057,0.55605537,0.99051344,0.35,10.0,0.8,58
0.0147137299537172,8.980637,1.1928396,0.5539736,0.9981475,0.35,10.0,0.8,58
-0.0171922085006768,8.3911495,1.2019544,0.5570373,0.989427,0.35,10.0,0.8,58
-0.0064037848661773,8.625796,1.2001764,0.55652183,0.95488906,0.35,10.0,0.8,58
0.0079231885232103,8.04787,1.1789627,0.5445636,0.9298022,0.35,10.0,0.8,58
0.0109891223032093,8.574715,1.1775439,0.53836304,0.99754846,0.35,10.0,0.8,58
0.0194313067310261,8.581896,1.192433,0.5427783,0.97371304,0.35,10.0,0.8,58
-0.0055287769070576,8.713184,1.1939825,0.5446163,0.9909656,0.35,10.0,0.8,58
0.0596558109149222,8.111308,1.1723777,0.51710653,0.9862629,0.35,10.0,0.8,58
0.0393093923571643,8.609291,1.1835787,0.5348254,0.99818206,0.35,10.0,0.8,58
0.0049879096953738,8.617969,1.1906651,0.5585877,0.98688626,0.35,10.0,0.8,58
-0.0210297280583437,8.888922,1.1937791,0.5553186,0.9998071,0.35,10.0,0.8,58
-0.0111982372571837,8.736801,1.2078626,0.5447383,0.9506501,0.35,10.0,0.8,58
0.0117423261810722,8.546839,1.1886406,0.5428192,0.9382273,0.35,10.0,0.8,58
0.0195321410848801,8.1072235,1.172984,0.5526946,0.9913498,0.35,10.0,0.8,58
-0.0061241944258095,8.533323,1.2076217,0.5421652,0.9291711,0.35,10.0,0.8,58
-0.0246978276800829,8.813675,1.2024649,0.5494949,0.95628524,0.35,10.0,0.8,58
-0.0150469822958985,8.958958,1.21487,0.5490506,0.91577506,0.35,10.0,0.8,58
0.0317518088697232,8.464213,1.1800573,0.54276425,0.98878956,0.35,10.0,0.8,58
0.0183860506226006,8.518786,1.198055,0.5418223,0.92471683,0.35,10.0,0.8,58
0.0109732480562201,8.411954,1.1854334,0.5516279,0.98179495,0.35,10.0,0.8,58
0.0114225373324054,8.428293,1.1783131,0.53190094,0.997738,0.35,10.0,0.8,58
-0.0081105662632329,8.7531805,1.1975238,0.5326714,0.97688174,0.35,10.0,0.8,58
-0.0287156731130394,8.500383,1.2049674,0.56103426,0.9345356,0.35,10.0,0.8,58
-0.0302481979961482,8.380118,1.1797174,0.5445823,0.98704374,0.35,10.0,0.8,58
0.0298546283114995,8.633671,1.1869326,0.5366815,0.9978175,0.35,10.0,0.8,58
0.0028535896974336,8.212768,1.1908387,0.54665434,0.9513198,0.35,10.0,0.8,58
0.0082942078321457,8.478454,1.186289,0.53948945,0.99449134,0.35,10.0,0.8,58
0.0035345060736594,8.611512,1.1832724,0.54727197,0.9903617,0.35,10.0,0.8,58
0.0380745950588944,8.2776985,1.1916157,0.53662443,0.9959518,0.35,10.0,0.8,58
-0.0039543774248324,8.380056,1.1835159,0.5419974,0.9872767,0.35,10.0,0.8,58
-0.0042585103940988,7.9932384,1.1846617,0.53295195,0.98031723,0.35,10.0,0.8,58
0.0123872757055271,8.59315,1.188676,0.54039603,0.9473187,0.35,10.0,0.8,58
0.0129007458480142,8.6031685,1.1947819,0.5479861,0.92348266,0.35,10.0,0.8,58
0.0175135045778623,8.697244,1.1864613,0.5414218,0.97091746,0.35,10.0,0.8,58
0.0151290339246688,8.641954,1.1959773,0.54962534,0.99749136,0.35,10.0,0.8,58
0.0216473518665319,8.23118,1.1875979,0.5523578,0.96561015,0.35,10.0,0.8,58
-0.0019716960395373,8.33947,1.1747769,0.5407549,0.9821316,0.35,10.0,0.8,58
-0.0071496910735212,8.580332,1.18982,0.5473157,0.98215127,0.35,10.0,0.8,58
0.0286286372083112,7.875859,1.1817553,0.525771,0.99239373,0.35,10.0,0.8,58
0.006984707420423,8.337971,1.20073,0.54751843,0.97788596,0.35,10.0,0.8,58
0.022286809603211,8.68114,1.1956408,0.53738403,0.9686247,0.35,10.0,0.8,58
0.0320187639035113,8.635174,1.1947914,0.5432058,0.9158803,0.35,10.0,0.8,58
0.0188045809063481,8.254943,1.1715246,0.5407679,0.9809226,0.35,10.0,0.8,58
0.0297203324729845,8.581687,1.1779135,0.5340932,0.9881817,0.35,10.0,0.8,58
0.006276267867256,8.535056,1.1895958,0.551886,0.97422445,0.35,10.0,0.8,58
0.0126996713752104,8.14293,1.1715388,0.54609025,0.9658767,0.35,10.0,0.8,58
0.0177170308058143,8.589819,1.1835665,0.5490273,0.9993963,0.35,10.0,0.8,58
-0.001953040039825,8.2328415,1.19214,0.54211617,0.98849237,0.35,10.0,0.8,58
0.014689444722356,8.498137,1.1979797,0.5461069,0.9685339,0.35,10.0,0.8,58
-0.0127092510896456,8.6317215,1.1801727,0.5466697,0.9923301,0.35,10.0,0.8,58
-0.0203919705561628,8.726669,1.1977317,0.55388296,0.98760414,0.35,10.0,0.8,58
0.0147250030893017,8.938967,1.1798635,0.5400035,0.9840137,0.35,10.0,0.8,58
0.0168533507565464,8.342433,1.1922038,0.5474828,0.96309006,0.35,10.0,0.8,58
-0.0319804287297211,8.766166,1.1959604,0.55961925,0.9800768,0.35,10.0,0.8,58
0.0028233184114151,8.488677,1.1888818,0.5481902,0.9311272,0.35,10.0,0.8,58
-0.0007302401638468,8.580034,1.1805855,0.5329905,0.97493553,0.35,10.0,0.8,58
0.0051809296177577,8.401309,1.1910274,0.5563808,0.9978894,0.35,10.0,0.8,58
0.007025918454798,8.507224,1.1854275,0.53481174,0.982877,0.35,10.0,0.8,58
0.0162998733005008,8.300508,1.202812,0.5473839,0.96463704,0.35,10.0,0.8,58
0.0273042604231457,8.8881235,1.1869004,0.5305725,0.9935447,0.35,10.0,0.8,58
0.0278385823846532,8.197151,1.1885751,0.5402959,0.97991836,0.35,10.0,0.8,58
0.0376482301923099,8.382096,1.1935863,0.5371262,0.98141766,0.35,10.0,0.8,58
0.0256564263407518,8.463285,1.1777716,0.54636794,0.9914578,0.35,10.0,0.8,58
0.0211669887443515,8.874703,1.1827055,0.53026813,0.96323574,0.35,10.0,0.8,58
0.0034511899340219,8.338488,1.1750588,0.5385702,0.9902084,0.35,10.0,0.8,58
0.0359759403940732,8.395209,1.1823447,0.5349063,0.9645661,0.35,10.0,0.8,58
-0.0033998338377396,8.504834,1.1884613,0.53690356,0.96826744,0.35,10.0,0.8,58
-0.0081413519254817,8.142376,1.1918858,0.5500656,0.8814105,0.35,10.0,0.8,58
0.0558961379388228,8.255173,1.1857579,0.53108835,0.98835444,0.35,10.0,0.8,58
-0.0157675593316342,8.413997,1.1754042,0.54247934,0.979339,0.35,10.0,0.8,58
0.0105158551355699,8.32944,1.1782576,0.5214603,0.9433292,0.35,10.0,0.8,58
0.0050142410323061,8.381265,1.189161,0.532683,0.93168724,0.35,10.0,0.8,58
0.0304944186718837,8.202133,1.1871239,0.53464556,0.94976604,0.35,10.0,0.8,58
-0.0080314109448204,8.362108,1.1931498,0.5498545,0.9459337,0.35,10.0,0.8,58
0.0081642321091048,8.53745,1.2101243,0.53607947,0.9904604,0.35,10.0,0.8,58
-0.0411598420276865,8.447785,1.1941485,0.53626436,0.9979079,0.35,10.0,0.8,58
-0.006441224369086,8.7781,1.179238,0.5472732,0.98450875,0.35,10.0,0.8,58
-0.0100405330453704,8.8255625,1.1978406,0.5460048,0.97658527,0.35,10.0,0.8,58
0.0136439077444431,8.684779,1.1987948,0.55485684,0.9873568,0.35,10.0,0.8,58
-0.0231665901259948,8.117538,1.1723025,0.5459349,0.98579204,0.35,10.0,0.8,58
-0.006853838827706,8.311174,1.1910868,0.54897225,0.9850502,0.35,10.0,0.8,58
0.0255613030711343,8.402596,1.1807376,0.5434702,0.96645665,0.35,10.0,0.8,58
0.0474081665663497,8.76083,1.1834189,0.5451354,0.98754346,0.35,10.0,0.8,58
0.0033003576551998,8.286133,1.1973864,0.5408777,0.9590703,0.35,10.0,0.8,58
9.144142536044592e-05,8.840633,1.1927052,0.5467592,0.98685074,0.35,10.0,0.8,58
0.0105842359183942,8.437134,1.1862303,0.55749404,0.99008465,0.35,10.0,0.8,58
-0.0047380963373646,8.641944,1.1977758,0.5445451,0.940601,0.35,10.0,0.8,58
-0.0052178743382852,8.609043,1.1861188,0.5424343,0.99972844,0.35,10.0,0.8,58
-0.0003071103151935,8.404975,1.1817877,0.5403485,0.95428884,0.35,10.0,0.8,58
-0.0033139470278882,8.441076,1.1873808,0.53555524,0.93313026,0.35,10.0,0.8,58
0.0236914347337861,8.439048,1.1774584,0.53850967,0.9733869,0.35,10.0,0.8,58
-0.0181000734725088,8.62064,1.1886313,0.5453368,0.9914404,0.35,10.0,0.8,58
0.0241572375202713,8.725605,1.1840117,0.52909285,0.9881387,0.35,10.0,0.8,58
-0.0099643822776487,8.444958,1.1944774,0.5421319,0.9518434,0.35,10.0,0.8,58
-0.0369998093176593,8.303521,1.1914065,0.55271417,0.98812616,0.35,10.0,0.8,58
-0.0096708942541718,8.3451395,1.198305,0.54701847,0.97057045,0.35,10.0,0.8,58
0.0055254499988857,8.709893,1.1989832,0.5417765,0.9664234,0.35,10.0,0.8,58
-0.0126430614769063,8.92309,1.1926876,0.5672159,0.9726654,0.35,10.0,0.8,58
0.0375140803180015,8.471849,1.1734302,0.52216697,0.99908185,0.35,10.0,0.8,58
-6.676169574899166e-05,8.205817,1.2108816,0.554027,0.97731626,0.35,10.0,0.8,58
0.0073830592152052,8.648653,1.203509,0.5322092,0.91045845,0.35,10.0,0.8,58
0.0154673549121037,8.120184,1.1793721,0.5262894,0.9932399,0.35,10.0,0.8,58
-0.0121956850058688,8.086791,1.1878747,0.5579448,0.9461838,0.35,10.0,0.8,58
0.0024861293493151,8.611377,1.1910492,0.54333806,0.9961294,0.35,10.0,0.8,58
0.0076152613842627,9.145811,1.1808354,0.5277792,0.99189556,0.35,10.0,0.8,58
-0.0110686351741108,8.04765,1.1815392,0.5465808,0.98086953,0.35,10.0,0.8,58
-0.0112216507397641,8.538823,1.1946073,0.53673893,0.9617927,0.35,10.0,0.8,58
0.0213838199156392,8.086662,1.1896797,0.53551614,0.9856653,0.35,10.0,0.8,58
0.0352421302493891,8.234208,1.1931517,0.5393581,0.98033595,0.35,10.0,0.8,58
-0.0159078504308518,8.378187,1.1903435,0.54962957,0.99869144,0.35,10.0,0.8,58
-0.0230918834332238,8.38081,1.1875019,0.5642195,0.993803,0.35,10.0,0.8,58
0.0114420263552045,8.278528,1.1877601,0.5201176,0.9903394,0.35,10.0,0.8,58
0.0034374164161117,8.631914,1.1653771,0.5536161,0.99292505,0.35,10.0,0.8,58
0.0218242329495832,8.295709,1.1808603,0.5418217,0.9988867,0.35,10.0,0.8,58
0.031081442422006,8.385451,1.1833148,0.5389069,0.9611763,0.35,10.0,0.8,58
0.0095759820087049,8.503595,1.2123891,0.543897,0.8407607,0.35,10.0,0.8,58
0.0139880620235693,8.805451,1.1902542,0.5417176,0.99517393,0.35,10.0,0.8,58
0.0421750761525233,8.586446,1.1882337,0.5373276,0.99161935,0.35,10.0,0.8,58
0.0358297257810025,8.492274,1.1946243,0.5409815,0.9079009,0.35,10.0,0.8,58
0.0212092506393129,8.714135,1.1869653,0.55482054,0.9533125,0.35,10.0,0.8,58
0.0046017761609798,8.350533,1.2059492,0.5429499,0.9627557,0.35,10.0,0.8,58
-0.0252237630656396,8.415511,1.1729137,0.53186363,0.96842396,0.35,10.0,0.8,58
-0.010880555717511,8.11354,1.1668125,0.54847497,0.97691965,0.35,10.0,0.8,58
-0.0140062172299802,8.2329235,1.1904378,0.5538569,0.9365636,0.35,10.0,0.8,58
0.0142375103981138,8.5071945,1.1780734,0.54059404,0.9748831,0.35,10.0,0.8,58
0.005099405145718,8.387421,1.1780641,0.5504434,0.99655795,0.35,10.0,0.8,58
0.0188651591913241,7.9426637,1.1810021,0.5384177,0.95127153,0.35,10.0,0.8,58
0.014937277175771,8.531759,1.1687384,0.54981965,0.9993675,0.35,10.0,0.8,58
0.0230824683382461,8.331567,1.196526,0.5347575,0.9825896,0.35,10.0,0.8,58
-0.027136750700278,8.527208,1.1783953,0.5535491,0.98778415,0.35,10.0,0.8,58
-0.0008704225996329,8.383113,1.168415,0.5469525,0.99289286,0.35,10.0,0.8,58
-0.0037288570160892,8.4581785,1.1841319,0.55835277,0.98577905,0.35,10.0,0.8,58
0.0100581836165487,8.951738,1.1833298,0.5400553,0.98202276,0.35,10.0,0.8,58
0.0061455218272814,8.503614,1.1999323,0.53871125,0.992239,0.35,10.0,0.8,58
0.01436227381199,8.380173,1.1824241,0.55321497,0.9891492,0.35,10.0,0.8,58
0.0311439087170839,8.539987,1.1806619,0.5362399,0.9841943,0.35,10.0,0.8,58
0.0175387963708841,8.438952,1.199154,0.5450233,0.95750463,0.35,10.0,0.8,58
0.0313918073635694,8.447607,1.1763445,0.53015417,0.98326945,0.35,10.0,0.8,58
-0.0086376670864636,8.9103775,1.2006449,0.55009407,0.9776118,0.35,10.0,0.8,58
0.0293672053732475,8.268884,1.1602644,0.53751725,0.992939,0.35,10.0,0.8,58
-0.0083734908826128,8.557173,1.1740816,0.55836976,0.993811,0.35,10.0,0.8,58
-0.0382867365355153,8.675939,1.1968489,0.5508249,0.9873165,0.35,10.0,0.8,58
-0.0007922275305888,8.613339,1.1895161,0.5354138,0.9749539,0.35,10.0,0.8,58
-0.0049351461392042,8.404363,1.1898516,0.54219806,0.9969541,0.35,10.0,0.8,58
-0.0267556635473894,8.242879,1.1740777,0.5466403,0.98621476,0.35,10.0,0.8,58
-0.0132011322826831,8.244441,1.1961794,0.54709655,0.98647714,0.35,10.0,0.8,58
0.0260480294575319,8.375288,1.2057343,0.53691125,0.92598164,0.35,10.0,0.8,58
0.0013690684462979,8.369077,1.165897,0.54976773,0.99918497,0.35,10.0,0.8,58
0.0132234796390796,8.580416,1.1880343,0.5353734,0.97374856,0.35,10.0,0.8,58
0.006128372608673,8.347085,1.1946822,0.55530345,0.9620669,0.35,10.0,0.8,58
-0.0133386560583041,8.405765,1.2137613,0.5472567,0.88430834,0.35,10.0,0.8,58
-0.0045901082596688,8.259382,1.2020574,0.52921146,0.95523655,0.35,10.0,0.8,58
0.0226018395246382,8.769922,1.188104,0.53699344,0.9642161,0.35,10.0,0.8,58
-0.0128295208008419,8.451525,1.1890919,0.546255,0.9498242,0.35,10.0,0.8,58
0.031132097633319,8.409024,1.21664,0.56094915,0.8703048,0.35,10.0,0.8,58
0.0388292051759804,8.343432,1.1798627,0.5292235,0.9584719,0.35,10.0,0.8,58
0.0018287564685671,8.762427,1.1903648,0.5403321,0.97330976,0.35,10.0,0.8,58
8.868879350296122e-07,8.470574,1.1970761,0.54319906,0.96836674,0.35,10.0,0.8,58
-0.0013493451970016,8.507486,1.1855894,0.547309,0.9857669,0.35,10.0,0.8,58
0.0088662119607181,8.48636,1.1813762,0.53864986,0.9947071,0.35,10.0,0.8,58
-0.0308227442916955,8.849736,1.1817288,0.5568049,0.9952489,0.35,10.0,0.8,58
0.0259656623186717,8.653747,1.1956682,0.52285004,0.9902977,0.35,10.0,0.8,58
0.0192376448122109,8.152677,1.1925517,0.5325865,0.9631432,0.35,10.0,0.8,58
0.0096524606828237,8.5139475,1.1776011,0.5365306,0.9979372,0.35,10.0,0.8,58
0.0177170075402461,8.745476,1.2117114,0.5447975,0.9429072,0.35,10.0,0.8,58
0.0116135766808929,8.426629,1.1993043,0.55123776,0.9866352,0.35,10.0,0.8,58
0.0319499855245758,8.591793,1.1844887,0.55155116,0.9645245,0.35,10.0,0.8,58
0.0180548570497737,8.330418,1.1748197,0.5374122,0.97988653,0.35,10.0,0.8,58
-0.0320795998240173,8.131078,1.1898074,0.54960805,0.9730339,0.35,10.0,0.8,58
-0.0260416601580785,8.350673,1.188473,0.5468892,0.9724196,0.35,10.0,0.8,58
0.0349799326741531,8.415142,1.1834357,0.5360258,0.97485125,0.35,10.0,0.8,58
0.0120361992779099,8.190208,1.1728098,0.55092484,0.9790609,0.35,10.0,0.8,58
0.0242117109838521,8.128754,1.1861519,0.52587277,0.9949063,0.35,10.0,0.8,58
0.0021960148624106,8.46062,1.1807492,0.54304504,0.93401515,0.35,10.0,0.8,58
0.0141733834647451,8.684838,1.2118815,0.5463591,0.98813653,0.35,10.0,0.8,58
0.0150489149866877,8.783917,1.2048419,0.54387456,0.98865783,0.35,10.0,0.8,58
0.0140518774492651,8.475132,1.1862384,0.5510834,0.99333084,0.35,10.0,0.8,58
0.0162672563695834,8.711767,1.1867617,0.5380069,0.95769215,0.35,10.0,0.8,58
-0.0053543323184202,8.879291,1.1845601,0.53974664,0.97925174,0.35,10.0,0.8,58
-0.0022222557777898,8.828319,1.1926966,0.539589,0.9681263,0.35,10.0,0.8,58
-0.0073388736896038,8.468739,1.1955806,0.545636,0.9958539,0.35,10.0,0.8,58
0.0059659644987192,8.822401,1.1937462,0.53912824,0.9642068,0.35,10.0,0.8,58
0.0273463523734412,8.345742,1.1716708,0.53867245,0.95985603,0.35,10.0,0.8,58
0.0315294370062797,8.747635,1.175438,0.5396809,0.99379706,0.35,10.0,0.8,58
0.0249010426337958,8.88394,1.1834084,0.52627885,0.996145,0.35,10.0,0.8,58
-0.0128564098451527,8.145405,1.175306,0.54181176,0.9544517,0.35,10.0,0.8,58
-0.0220803813457732,8.208187,1.1976827,0.55950123,0.9455167,0.35,10.0,0.8,58
0.0013858962314339,8.572231,1.1945554,0.54734266,0.96830595,0.35,10.0,0.8,58
0.0240556250099987,8.4498005,1.1889539,0.53715557,0.9346149,0.35,10.0,0.8,58
0.0392280579148233,8.7231,1.1936418,0.53263336,0.9803437,0.35,10.0,0.8,58
-0.0259955163271922,8.648939,1.1809103,0.56007636,0.98829603,0.35,10.0,0.8,58
-0.0078553038455587,8.388682,1.2043285,0.5426391,0.89767313,0.35,10.0,0.8,58
0.0009407949228787,8.520908,1.163872,0.54580873,0.9870571,0.35,10.0,0.8,58
-0.0209266645479178,8.537065,1.1978468,0.5451207,0.9744164,0.35,10.0,0.8,58
-0.0063884823082783,8.5060625,1.17847,0.5480251,0.97941566,0.35,10.0,0.8,58
0.0521179423704249,8.231233,1.1817054,0.5424221,0.9984937,0.35,10.0,0.8,58
-0.0072452761335436,8.404236,1.1834972,0.5553275,0.9960567,0.35,10.0,0.8,58
-0.0041646873944879,8.531635,1.2050128,0.5363101,0.9492588,0.35,10.0,0.8,58
0.0025721990837241,8.62565,1.2163997,0.54136264,0.94984305,0.35,10.0,0.8,58
0.0079369982719907,8.408068,1.1830034,0.5356052,0.9738101,0.35,10.0,0.8,58
-0.0272439418794669,8.459315,1.1854028,0.5470159,0.99275196,0.35,10.0,0.8,58
-0.0567375669632561,8.530489,1.1900485,0.5597681,0.97577584,0.35,10.0,0.8,58
-0.0120017878441467,8.576407,1.1888428,0.5489099,0.9674852,0.35,10.0,0.8,58
-0.0156261976029057,8.293596,1.1605998,0.5391967,0.9977238,0.35,10.0,0.8,58
0.0017865340287803,8.346308,1.2087195,0.53361404,0.9587058,0.35,10.0,0.8,58
-0.0107968400413439,8.35444,1.1918632,0.53606737,0.95506287,0.35,10.0,0.8,58
0.0245972245034972,8.716893,1.1898876,0.53248054,0.9970603,0.35,10.0,0.8,58
-0.010355449751407,8.354133,1.1833656,0.5454114,0.9271643,0.35,10.0,0.8,58
0.0141915973311234,8.536013,1.1897131,0.5358032,0.987381,0.35,10.0,0.8,58
0.0024430893125247,8.17076,1.1948696,0.53669155,0.9714024,0.35,10.0,0.8,58
0.0089483307795157,8.359914,1.1820934,0.54020405,0.984288,0.35,10.0,0.8,58
0.0322701066857026,8.462179,1.1839205,0.5339293,0.9536842,0.35,10.0,0.8,58
0.0333977622052104,8.538562,1.2036779,0.5228458,0.9265317,0.35,10.0,0.8,58
0.0082370620184805,8.409934,1.1770073,0.5500446,0.99773026,0.35,10.0,0.8,58
0.0067971399084516,8.464139,1.1835973,0.5130369,0.9716642,0.35,10.0,0.8,58
-0.00714007873185,7.901778,1.1764419,0.5377565,0.94129014,0.35,10.0,0.8,58
0.0075492623799434,8.576696,1.2010002,0.5400488,0.95904064,0.35,10.0,0.8,58
-0.0190729539191339,8.775445,1.2116565,0.5556695,0.9760121,0.35,10.0,0.8,58
0.0247845802423845,8.54785,1.1828007,0.550535,0.9850112,0.35,10.0,0.8,58
-0.0101560305138743,8.39203,1.1955256,0.5416444,0.9217819,0.35,10.0,0.8,58
-0.0432420718444968,8.35162,1.2012081,0.55171067,0.9962536,0.35,10.0,0.8,58
-0.0361607835780352,8.469508,1.1855164,0.5480708,0.9931594,0.35,10.0,0.8,58
0.0021957937373852,8.613792,1.1973747,0.5523797,0.9528401,0.35,10.0,0.8,58
-0.0119431830498103,8.421736,1.1727833,0.53729934,0.9979645,0.35,10.0,0.8,58
0.013387751790834,8.682225,1.168042,0.54426324,0.99839866,0.35,10.0,0.8,58
0.0196439254144087,8.236471,1.1854627,0.55020815,0.95511127,0.35,10.0,0.8,58
0.0003896739615401,8.8721,1.1979239,0.5465234,0.9834094,0.35,10.0,0.8,58
0.015585027186011,8.448939,1.1857809,0.53850836,0.8946581,0.35,10.0,0.8,58
0.0059202203210794,8.28373,1.1843776,0.54553765,0.99060917,0.35,10.0,0.8,58
0.0085444763179703,8.794676,1.2021158,0.5384076,0.958575,0.35,10.0,0.8,58
0.0164202401833774,8.749653,1.1809702,0.52976876,0.9998765,0.35,10.0,0.8,58
0.0047778664286923,8.634572,1.1873624,0.5494625,0.9361576,0.35,10.0,0.8,58
0.0136783617409682,9.031694,1.1997651,0.54444015,0.9864143,0.35,10.0,0.8,58
0.0108582984276537,8.102113,1.180154,0.5348861,0.9816046,0.35,10.0,0.8,58
0.0145219112524628,8.566675,1.1901702,0.5527447,0.98601604,0.35,10.0,0.8,58
0.0122383074490529,8.576003,1.173477,0.53843343,0.993639,0.35,10.0,0.8,58
0.010216962803632,8.697579,1.193446,0.5503259,0.97686374,0.35,10.0,0.8,58
-0.0030153413088816,8.570393,1.1931505,0.5358495,0.99886644,0.35,10.0,0.8,58
0.0026328704090886,8.65903,1.2218103,0.53963166,0.91103315,0.35,10.0,0.8,58
0.00631969149413,9.218977,1.223637,0.53054374,0.9497751,0.35,10.0,0.8,58
0.0254070097180667,8.419499,1.1962765,0.5454804,0.98501503,0.35,10.0,0.8,58
0.015407677786135,8.795727,1.2014774,0.54705334,0.97998095,0.35,10.0,0.8,58
0.0039524979569485,8.54965,1.1861991,0.53003013,0.98822105,0.35,10.0,0.8,58
0.0111253518148808,8.665679,1.1824954,0.54416233,0.996065,0.35,10.0,0.8,58
0.0015674838163851,8.275073,1.1920642,0.562183,0.9724846,0.35,10.0,0.8,58
0.0209121717037685,8.54625,1.1845568,0.5448166,0.99637735,0.35,10.0,0.8,58
0.0313964138196354,8.702966,1.1857013,0.5384714,0.9793937,0.35,10.0,0.8,58
-0.0093647347488675,8.321004,1.2120235,0.5473002,0.9398056,0.35,10.0,0.8,58
-0.0083975920708795,8.829447,1.1958011,0.54437286,0.9524771,0.35,10.0,0.8,58
-0.0205822837115671,8.79669,1.176584,0.55062896,0.9876789,0.35,10.0,0.8,58
0.0114263593001611,8.642641,1.1798491,0.54778916,0.9951341,0.35,10.0,0.8,58
-0.0209281974784699,8.542329,1.1962206,0.55325633,0.9743271,0.35,10.0,0.8,58
0.0268455997624608,8.26963,1.1868652,0.54645187,0.9550576,0.35,10.0,0.8,58
-0.015549658970344,8.464492,1.1902741,0.5495076,0.9316039,0.35,10.0,0.8,58
0.0255266117162086,8.883317,1.1986617,0.54827356,0.93743634,0.35,10.0,0.8,58
-0.0101953507928687,8.549814,1.1844511,0.55781883,0.9639976,0.35,10.0,0.8,58
0.0136277796041594,8.403705,1.1840771,0.54142493,0.9826106,0.35,10.0,0.8,58
0.0157884824160469,8.283172,1.1896669,0.52562994,0.99722123,0.35,10.0,0.8,58
0.0222169096867446,8.126074,1.1885834,0.536335,0.9862735,0.35,10.0,0.8,58
-0.0020983586707691,8.185044,1.1818627,0.54942936,0.963228,0.35,10.0,0.8,58
0.013831829506788,8.548635,1.1906105,0.55238754,0.97298145,0.35,10.0,0.8,58
0.0361689200637171,8.370671,1.1882504,0.54016554,0.9857737,0.35,10.0,0.8,58
1.6814241112640682e-05,8.448785,1.1949255,0.53730345,0.9389887,0.35,10.0,0.8,58
-0.0153157674555022,8.662868,1.1943333,0.5435846,0.9421871,0.35,10.0,0.8,58
0.0077230907763102,8.10993,1.1960667,0.535255,0.93398774,0.35,10.0,0.8,58
0.0098655010643569,8.0143385,1.1798539,0.53856057,0.96942353,0.35,10.0,0.8,58
0.0165621261800934,8.485194,1.1981083,0.55712783,0.92400146,0.35,10.0,0.8,58
0.0205943106875499,9.137311,1.2000859,0.5439606,0.97770596,0.35,10.0,0.8,58
-0.0099171320629752,8.727463,1.1906126,0.5536812,0.9893105,0.35,10.0,0.8,58
0.0079329198480321,8.561831,1.1943946,0.5281731,0.9820949,0.35,10.0,0.8,58
-0.0306140750309206,8.32145,1.1982431,0.55396634,0.96329963,0.35,10.0,0.8,58
0.0092232311264341,8.764337,1.199938,0.5261198,0.9422219,0.35,10.0,0.8,58
0.0111005357550699,8.349767,1.1793408,0.5227872,0.99168015,0.35,10.0,0.8,58
0.0338697674686601,8.213191,1.1851475,0.5309017,0.97244763,0.35,10.0,0.8,58
-0.0180949458803588,8.305136,1.1877887,0.55609685,0.98490226,0.35,10.0,0.8,58
0.0392182608443459,8.315962,1.1949596,0.54516715,0.987324,0.35,10.0,0.8,58
0.013899574396502,8.390694,1.1913675,0.5358487,0.9584143,0.35,10.0,0.8,58
0.0157884388514649,8.295561,1.1923479,0.5425899,0.96904147,0.35,10.0,0.8,58
0.013599792745027,8.336578,1.1822414,0.5346042,0.9727286,0.35,10.0,0.8,58
0.0153872164921271,8.250547,1.1714624,0.54730225,0.96645,0.35,10.0,0.8,58
0.0119261418283745,8.3030205,1.1821958,0.5329717,0.99810827,0.35,10.0,0.8,58
0.0121719391816492,8.729974,1.1943083,0.5440696,0.9453387,0.35,10.0,0.8,58
-0.0069789757988758,8.591691,1.1807773,0.5525163,0.99063253,0.35,10.0,0.8,58
0.0216180571459313,8.50927,1.1884745,0.5382834,0.97793186,0.35,10.0,0.8,58
0.0131674336058436,9.010623,1.2383542,0.61482185,0.97914755,0.43,10.0,0.8,59
0.052283644454767,8.835406,1.2462915,0.6057433,0.9194143,0.43,10.0,0.8,59
0.0135206820425972,8.682542,1.2575254,0.6127721,0.9172938,0.43,10.0,0.8,59
0.0171517352939759,9.021564,1.2605028,0.60830075,0.9574039,0.43,10.0,0.8,59
0.0408473688013413,8.7809515,1.2321357,0.6285873,0.9741638,0.43,10.0,0.8,59
-0.0118357274554462,9.017525,1.2453902,0.6140017,0.98738825,0.43,10.0,0.8,59
0.0453679255730596,8.808542,1.2468551,0.601168,0.9892076,0.43,10.0,0.8,59
0.026677536004837,9.147506,1.2651864,0.6161113,0.92430294,0.43,10.0,0.8,59
0.0362378056056728,9.116228,1.2368934,0.60853493,0.9969615,0.43,10.0,0.8,59
0.0372503890341649,8.667417,1.2469615,0.61234814,0.98235106,0.43,10.0,0.8,59
0.0080728014187178,8.501267,1.2301602,0.6134295,0.94746816,0.43,10.0,0.8,59
0.0411298370656583,8.77482,1.237254,0.61373466,0.9079423,0.43,10.0,0.8,59
0.0133615785781813,8.382436,1.2196542,0.6102589,0.9887872,0.43,10.0,0.8,59
0.0488401680169828,8.685579,1.222006,0.6202205,0.98634493,0.43,10.0,0.8,59
0.0285702182781585,8.669009,1.2295482,0.61222965,0.9811207,0.43,10.0,0.8,59
0.0092285293248415,8.778869,1.250718,0.613954,0.9197358,0.43,10.0,0.8,59
0.033702359745746,9.12283,1.2397851,0.611419,0.98335314,0.43,10.0,0.8,59
0.0285126161132434,8.413899,1.2464775,0.6176546,0.922012,0.43,10.0,0.8,59
0.0028372909852963,8.334873,1.2381785,0.61092466,0.90711236,0.43,10.0,0.8,59
0.0225106430348966,9.121054,1.2574416,0.61395246,0.97748387,0.43,10.0,0.8,59
0.0106606778714678,8.670449,1.2559971,0.6199386,0.8893806,0.43,10.0,0.8,59
0.0396321163531796,8.762146,1.2419412,0.6218698,0.96832955,0.43,10.0,0.8,59
0.052255162572713,8.720916,1.2330395,0.61359876,0.96164656,0.43,10.0,0.8,59
0.0665390681629948,8.613773,1.251221,0.60608697,0.9402963,0.43,10.0,0.8,59
0.0255236858627744,8.799983,1.2373377,0.5903447,0.9923402,0.43,10.0,0.8,59
0.0131171235359121,8.852415,1.2300422,0.60420567,0.98274934,0.43,10.0,0.8,59
0.0448261773254111,8.54269,1.2502208,0.61167186,0.9595971,0.43,10.0,0.8,59
0.017527559652417,8.798712,1.2247413,0.6075972,0.9704492,0.43,10.0,0.8,59
0.0478733801472666,8.703783,1.2408848,0.60113436,0.983685,0.43,10.0,0.8,59
0.0715861488791073,8.585076,1.2579882,0.6071906,0.9644891,0.43,10.0,0.8,59
0.0530067618048228,8.865528,1.2421836,0.59891826,0.98116755,0.43,10.0,0.8,59
0.0506769171440195,9.047604,1.2527031,0.61225516,0.99626505,0.43,10.0,0.8,59
0.0111803839302653,8.608978,1.2432616,0.61787367,0.956573,0.43,10.0,0.8,59
0.0567065491100582,9.5123825,1.2619369,0.60403466,0.999174,0.43,10.0,0.8,59
0.0569292199870012,8.656216,1.2262641,0.60006005,0.96258557,0.43,10.0,0.8,59
0.0519994804807491,8.668695,1.2211819,0.58472365,0.9916806,0.43,10.0,0.8,59
-0.0028230895346532,8.706167,1.2249308,0.61301,0.97404563,0.43,10.0,0.8,59
0.032433379441961,8.937651,1.2447369,0.61602026,0.9958658,0.43,10.0,0.8,59
-0.0193213222491851,8.490964,1.242583,0.6049868,0.9683037,0.43,10.0,0.8,59
0.0209958380589913,8.754597,1.2603626,0.6105628,0.8874177,0.43,10.0,0.8,59
0.0169738474276043,8.652,1.2377689,0.60376835,0.95630395,0.43,10.0,0.8,59
0.0505096444109276,9.108926,1.2325292,0.6060872,0.9590658,0.43,10.0,0.8,59
0.0668215063703318,8.703642,1.2287458,0.5891567,0.9709679,0.43,10.0,0.8,59
0.0308288480327594,8.89067,1.2502542,0.6131765,0.9894732,0.43,10.0,0.8,59
0.0280598775964034,8.641373,1.2264334,0.62229973,0.9898789,0.43,10.0,0.8,59
0.037442628429401,8.373864,1.2385452,0.614486,0.95857406,0.43,10.0,0.8,59
0.0265059042715066,8.587352,1.2344793,0.60239726,0.9700484,0.43,10.0,0.8,59
0.055961369641425,9.067486,1.2403558,0.6013457,0.9619285,0.43,10.0,0.8,59
0.0383753256901129,8.440361,1.2320017,0.6125828,0.98351896,0.43,10.0,0.8,59
0.0384021828418176,8.670936,1.2368139,0.6031977,0.9073434,0.43,10.0,0.8,59
0.0399437423682434,8.745306,1.2492821,0.6144224,0.97772133,0.43,10.0,0.8,59
0.0765186080696413,8.4792,1.2589346,0.5921694,0.890185,0.43,10.0,0.8,59
0.0223812545268528,8.936718,1.2485781,0.6119111,0.9913068,0.43,10.0,0.8,59
0.0528868574549908,8.751355,1.2391953,0.59661394,0.92278016,0.43,10.0,0.8,59
0.0284687700655438,8.465638,1.2233099,0.5999447,0.9658365,0.43,10.0,0.8,59
0.0306652089464406,8.656388,1.2357192,0.6047866,0.97749496,0.43,10.0,0.8,59
0.0162899853496728,8.699134,1.2322212,0.6132606,0.9739063,0.43,10.0,0.8,59
0.0187130942507055,8.648549,1.2735412,0.59888166,0.8696723,0.43,10.0,0.8,59
0.0311520615450738,8.315442,1.2409852,0.6150266,0.9385222,0.43,10.0,0.8,59
0.0373250410652751,8.630233,1.2368993,0.6171678,0.9950582,0.43,10.0,0.8,59
0.0179666395748362,8.782166,1.2291725,0.618892,0.99440384,0.43,10.0,0.8,59
0.0115344714527897,8.606072,1.2489302,0.6066403,0.9668559,0.43,10.0,0.8,59
0.0300275043511169,8.975435,1.2446057,0.6106365,0.9719639,0.43,10.0,0.8,59
0.0183490581040042,9.190329,1.2289786,0.60159457,0.9838661,0.43,10.0,0.8,59
0.0117922060703714,8.596259,1.2395691,0.604049,0.9813324,0.43,10.0,0.8,59
-0.0232425149675493,8.922688,1.2598095,0.6200636,0.9014604,0.43,10.0,0.8,59
0.0277244020172686,9.28411,1.2762688,0.60944754,0.9611249,0.43,10.0,0.8,59
0.0342051155279295,8.803795,1.242761,0.5964124,0.96033347,0.43,10.0,0.8,59
0.029804924383252,8.61389,1.2256086,0.6117224,0.9878824,0.43,10.0,0.8,59
0.0443584442138671,8.9346075,1.2304913,0.5983342,0.9770695,0.43,10.0,0.8,59
0.0428792700752754,8.982287,1.2455479,0.6023324,0.9963709,0.43,10.0,0.8,59
0.0387646264705126,8.839517,1.2417818,0.6025275,0.9603064,0.43,10.0,0.8,59
0.0384088802337646,9.107724,1.2522175,0.5963959,0.89105153,0.43,10.0,0.8,59
0.0236518769515188,8.517104,1.2331454,0.60450447,0.9512186,0.43,10.0,0.8,59
0.0333949481739717,8.959975,1.2974824,0.6032725,0.8243556,0.43,10.0,0.8,59
0.0550471436940479,9.102169,1.2281885,0.5956141,0.9954169,0.43,10.0,0.8,59
0.0265589318113061,8.907701,1.2444067,0.6103068,0.9895431,0.43,10.0,0.8,59
0.0117860779895132,8.365024,1.2528843,0.6088956,0.8985903,0.43,10.0,0.8,59
-0.0120657423996703,8.694788,1.2511289,0.62508744,0.94472003,0.43,10.0,0.8,59
0.0765312698234345,8.746557,1.2258662,0.6021387,0.99055696,0.43,10.0,0.8,59
0.0363507483101481,8.712479,1.224802,0.6160069,0.99509084,0.43,10.0,0.8,59
0.0141775951739804,8.492614,1.2476597,0.6039346,0.9151863,0.43,10.0,0.8,59
0.044785649975756,8.856317,1.245446,0.5941711,0.94753003,0.43,10.0,0.8,59
0.0494597676811572,8.942657,1.2462822,0.6062207,0.9438894,0.43,10.0,0.8,59
0.0265611402021473,8.482566,1.2320507,0.60584694,0.9703964,0.43,10.0,0.8,59
0.0128092913435708,9.221458,1.2549101,0.61279446,0.95152307,0.43,10.0,0.8,59
0.0181642961059192,9.361113,1.2644656,0.6132036,0.95528805,0.43,10.0,0.8,59
0.0228289725241646,9.176941,1.2503197,0.61316526,0.99835336,0.43,10.0,0.8,59
-0.0065955815448111,8.127883,1.2670084,0.6133865,0.8133426,0.43,10.0,0.8,59
0.0499874198252202,8.850153,1.2578664,0.6033339,0.98726773,0.43,10.0,0.8,59
0.0185860131030481,8.953097,1.2583913,0.6204223,0.9685402,0.43,10.0,0.8,59
-0.0088445325015868,8.374686,1.2381055,0.6210959,0.8624973,0.43,10.0,0.8,59
0.0234589278513433,8.549509,1.2160757,0.5995818,0.99001646,0.43,10.0,0.8,59
0.0343749781511147,8.9833975,1.2486374,0.61670214,0.9731002,0.43,10.0,0.8,59
0.0313942912193274,9.000134,1.25629,0.61493284,0.99391985,0.43,10.0,0.8,59
0.033091652489299,8.421691,1.2466986,0.6177053,0.9630588,0.43,10.0,0.8,59
0.0116181403712222,9.243196,1.2737097,0.60386497,0.8585285,0.43,10.0,0.8,59
0.0147920067908225,8.503095,1.2331734,0.61176914,0.9530678,0.43,10.0,0.8,59
0.0348553791577601,9.135352,1.2361203,0.613065,0.98422503,0.43,10.0,0.8,59
0.0562961809849222,8.748737,1.2579757,0.5998817,0.9097477,0.43,10.0,0.8,59
0.0133181010975557,8.547206,1.2111763,0.5960793,0.98581123,0.43,10.0,0.8,59
0.0213621918704856,8.499347,1.2381797,0.5978253,0.9431244,0.43,10.0,0.8,59
0.0261608291779509,8.666006,1.2338791,0.61228013,0.98159456,0.43,10.0,0.8,59
0.0174186152644201,8.673359,1.2543871,0.60387903,0.9346976,0.43,10.0,0.8,59
0.0264495160188468,8.510699,1.259024,0.6161056,0.9243603,0.43,10.0,0.8,59
0.0163722068975584,8.459102,1.2307489,0.6167035,0.9400661,0.43,10.0,0.8,59
0.035289892013597,8.808778,1.2225181,0.5969534,0.98706305,0.43,10.0,0.8,59
-0.0095568754355604,8.774457,1.2296228,0.6161296,0.99255407,0.43,10.0,0.8,59
0.0330187638699085,8.827541,1.2383254,0.6041146,0.8945509,0.43,10.0,0.8,59
0.0431459684342422,8.841141,1.2569783,0.6107973,0.949036,0.43,10.0,0.8,59
0.0797840208461041,8.750739,1.2291768,0.60987645,0.9963187,0.43,10.0,0.8,59
0.0588491998442186,8.792747,1.2305751,0.600169,0.98824036,0.43,10.0,0.8,59
0.037164032614268,8.83278,1.2414075,0.59849864,0.968822,0.43,10.0,0.8,59
0.0131059183055771,8.585682,1.2425427,0.6095782,0.99078226,0.43,10.0,0.8,59
0.0600866105165274,9.448671,1.2495713,0.6118815,0.979599,0.43,10.0,0.8,59
0.0400001294103569,8.523726,1.2346834,0.62130624,0.95882905,0.43,10.0,0.8,59
0.0316186539971791,9.273835,1.2669398,0.6188975,0.92146087,0.43,10.0,0.8,59
0.0050715390964189,8.596623,1.2216597,0.6250695,0.97935164,0.43,10.0,0.8,59
0.0789634229819472,8.617609,1.2410699,0.5970469,0.93907785,0.43,10.0,0.8,59
0.0207342716783931,8.436821,1.2343045,0.61371905,0.98644257,0.43,10.0,0.8,59
0.0494949265530234,8.902426,1.2517971,0.613309,0.96496284,0.43,10.0,0.8,59
0.013164780974019,8.706875,1.2406778,0.60590196,0.96032894,0.43,10.0,0.8,59
0.0115643553541909,8.99998,1.257462,0.61073,0.9000572,0.43,10.0,0.8,59
0.0728117720482888,8.4383135,1.240872,0.58212674,0.93535686,0.43,10.0,0.8,59
0.0511979411334814,8.935357,1.2724384,0.60320574,0.8821572,0.43,10.0,0.8,59
0.0311190252924113,9.039023,1.2491208,0.6238358,0.9424261,0.43,10.0,0.8,59
0.0629142308604237,8.394416,1.2214358,0.59669024,0.9928751,0.43,10.0,0.8,59
0.0301855422394932,8.801913,1.2307986,0.60254294,0.9741236,0.43,10.0,0.8,59
0.0423742367830069,9.142791,1.2365019,0.6091489,0.9642899,0.43,10.0,0.8,59
0.0385112332559591,8.345123,1.2536665,0.6157894,0.85884297,0.43,10.0,0.8,59
0.018687163255532,8.836005,1.2333266,0.60570204,0.9920876,0.43,10.0,0.8,59
-0.0020811362901339,8.956113,1.2390567,0.6231163,0.97834873,0.43,10.0,0.8,59
0.0325912227571564,9.372373,1.2707179,0.6035253,0.94422483,0.43,10.0,0.8,59
0.0623114403999257,8.654347,1.2442224,0.6115636,0.9344741,0.43,10.0,0.8,59
0.0250881228727452,8.818804,1.2441413,0.61370254,0.9376681,0.43,10.0,0.8,59
0.0069699403154591,8.745411,1.2467657,0.61324286,0.9950669,0.43,10.0,0.8,59
0.0475913039523381,8.540743,1.235215,0.6034159,0.95149124,0.43,10.0,0.8,59
0.0241711984699355,9.057434,1.2463692,0.5974697,0.9770278,0.43,10.0,0.8,59
-0.0087924380420531,8.836741,1.2434839,0.629716,0.99283314,0.43,10.0,0.8,59
0.008318306979011,8.779393,1.2559083,0.6084041,0.9426396,0.43,10.0,0.8,59
0.0519091454083705,8.99766,1.269134,0.60681754,0.90474296,0.43,10.0,0.8,59
0.0352131952516065,8.984982,1.2425218,0.61315495,0.9675329,0.43,10.0,0.8,59
0.0411971349686661,9.072168,1.2396849,0.62053585,0.9724333,0.43,10.0,0.8,59
0.0433502121089781,8.629253,1.2384799,0.59585816,0.98888266,0.43,10.0,0.8,59
0.0547866727397906,8.610356,1.2515672,0.60424954,0.9626311,0.43,10.0,0.8,59
0.0114200682093853,8.598261,1.250714,0.6036783,0.89422655,0.43,10.0,0.8,59
0.0186774275989355,9.09492,1.2502661,0.6138736,0.9820883,0.43,10.0,0.8,59
0.0261585192783698,8.917818,1.257611,0.6083389,0.9702761,0.43,10.0,0.8,59
0.0396465351411801,8.877326,1.2602975,0.59789413,0.9667983,0.43,10.0,0.8,59
0.0447011327300647,8.976375,1.2480836,0.6080584,0.96501505,0.43,10.0,0.8,59
0.0312520198113408,8.911735,1.2639122,0.6170626,0.9494008,0.43,10.0,0.8,59
0.0274676271857861,8.676432,1.2484046,0.6228387,0.95351994,0.43,10.0,0.8,59
0.0304037334749204,8.599477,1.2484664,0.6024795,0.89371514,0.43,10.0,0.8,59
0.0043578628858914,8.872019,1.2572944,0.61254317,0.9303286,0.43,10.0,0.8,59
0.0479676807332703,8.215457,1.2220638,0.593263,0.98703825,0.43,10.0,0.8,59
0.0325737035532853,8.5795145,1.242106,0.61088705,0.98668885,0.43,10.0,0.8,59
0.0339059091573898,8.915782,1.2428753,0.6032772,0.97496486,0.43,10.0,0.8,59
0.0196026345598439,8.801166,1.2457126,0.60431224,0.93820333,0.43,10.0,0.8,59
0.0513277609503306,8.679474,1.2237467,0.600217,0.9721699,0.43,10.0,0.8,59
0.0341749059895612,8.760185,1.2400025,0.60498863,0.95823646,0.43,10.0,0.8,59
0.0671548263207308,8.835926,1.2317187,0.6016479,0.9796518,0.43,10.0,0.8,59
0.0310671815783615,8.538077,1.2312372,0.6138512,0.9153758,0.43,10.0,0.8,59
-0.0009680516210502,8.638544,1.2292168,0.6090892,0.98278594,0.43,10.0,0.8,59
0.011340046667093,8.72262,1.2578571,0.6086021,0.96231544,0.43,10.0,0.8,59
-0.0102882361633489,8.419199,1.2448277,0.6043022,0.91507244,0.43,10.0,0.8,59
0.0026624779066434,8.9363985,1.2765418,0.606817,0.8494544,0.43,10.0,0.8,59
0.0101551374783825,9.029865,1.255115,0.6180442,0.95980585,0.43,10.0,0.8,59
0.0044349773454223,8.7106905,1.2689164,0.6177854,0.8743583,0.43,10.0,0.8,59
0.0421778727315896,8.579651,1.2269704,0.6094287,0.9727367,0.43,10.0,0.8,59
0.0105360323135328,8.853732,1.2445812,0.6266106,0.9866884,0.43,10.0,0.8,59
0.004429217654485,8.634492,1.2431068,0.6195044,0.95930254,0.43,10.0,0.8,59
0.044421191407431,9.271221,1.2487669,0.6096796,0.9487326,0.43,10.0,0.8,59
0.0239120741451487,8.894907,1.2239193,0.5995582,0.9722123,0.43,10.0,0.8,59
0.0361276741441189,8.8403425,1.2422689,0.60875636,0.95337415,0.43,10.0,0.8,59
-0.0225927347664493,8.547355,1.2535416,0.60768974,0.93296695,0.43,10.0,0.8,59
0.067033996227725,9.291539,1.2393138,0.5962051,0.95035076,0.43,10.0,0.8,59
0.0536679312171581,8.602195,1.2487704,0.61087424,0.97262204,0.43,10.0,0.8,59
0.0161664710915863,8.865793,1.269315,0.6059416,0.9004265,0.43,10.0,0.8,59
-0.0075086304573082,8.621865,1.233904,0.61547595,0.9982079,0.43,10.0,0.8,59
0.0347067971716724,8.994074,1.2286067,0.61192256,0.9967307,0.43,10.0,0.8,59
0.0177310253296843,8.608711,1.2607814,0.6056425,0.938184,0.43,10.0,0.8,59
0.0576877391744324,8.569083,1.2450275,0.6000981,0.96064293,0.43,10.0,0.8,59
0.0600682927358999,8.890586,1.2282655,0.6041546,0.9985734,0.43,10.0,0.8,59
0.0172275583072343,8.406873,1.224988,0.615293,0.9755018,0.43,10.0,0.8,59
0.0809544942401142,8.487283,1.2321819,0.5941385,0.9782208,0.43,10.0,0.8,59
0.0071924369032537,8.67805,1.2440597,0.6043084,0.8829597,0.43,10.0,0.8,59
0.0323168432454206,8.840891,1.236026,0.58681226,0.9797634,0.43,10.0,0.8,59
0.0190535978488508,8.724735,1.2239462,0.59845316,0.993943,0.43,10.0,0.8,59
0.0415142883088197,8.435626,1.2366519,0.60102254,0.9569763,0.43,10.0,0.8,59
0.0518275231399772,8.705969,1.2332022,0.6204849,0.9850099,0.43,10.0,0.8,59
0.0180806781485353,8.72314,1.2264704,0.60723406,0.99153304,0.43,10.0,0.8,59
-0.0149536613487975,8.655975,1.2543443,0.5979245,0.9647378,0.43,10.0,0.8,59
0.0222689102161041,9.057277,1.241218,0.6126471,0.93882394,0.43,10.0,0.8,59
0.0276216590219975,9.071939,1.2406981,0.6077265,0.98314,0.43,10.0,0.8,59
0.0359573585699217,8.942103,1.2321146,0.61710775,0.97884405,0.43,10.0,0.8,59
-0.0126881213527714,8.492601,1.2319343,0.61472493,0.96697855,0.43,10.0,0.8,59
0.0573350293717517,8.860579,1.2256901,0.6039377,0.9881339,0.43,10.0,0.8,59
0.0396089199231505,8.66994,1.2494085,0.60981977,0.9681159,0.43,10.0,0.8,59
0.0738725772066382,8.9701395,1.2487662,0.6110948,0.9675809,0.43,10.0,0.8,59
0.0380459386866897,8.508654,1.2207735,0.60544384,0.98966014,0.43,10.0,0.8,59
0.0273649334390835,8.907969,1.2446178,0.60172534,0.9887196,0.43,10.0,0.8,59
0.0401720858063122,8.872202,1.2302052,0.610925,0.943632,0.43,10.0,0.8,59
0.0029533886392788,8.854371,1.2358881,0.60325444,0.98702633,0.43,10.0,0.8,59
0.0168191737065743,9.102678,1.2411784,0.61227214,0.9940146,0.43,10.0,0.8,59
0.0035115582138392,8.70446,1.2690835,0.63360167,0.90004385,0.43,10.0,0.8,59
0.0308451435514278,8.680401,1.2383058,0.615256,0.9387528,0.43,10.0,0.8,59
0.0479875478065419,8.74029,1.2250365,0.6030877,0.9445944,0.43,10.0,0.8,59
0.019088870364446,8.8066845,1.2562956,0.6076436,0.9168774,0.43,10.0,0.8,59
0.0466295840791873,8.962715,1.2552842,0.59571505,0.9648192,0.43,10.0,0.8,59
0.0387585259664907,8.815425,1.2570472,0.60813934,0.9463378,0.43,10.0,0.8,59
-0.0131932130169942,8.532162,1.2426946,0.6158467,0.9412527,0.43,10.0,0.8,59
-0.0006087026507492,8.7126,1.2659366,0.61748916,0.86148477,0.43,10.0,0.8,59
0.0443367970469566,8.446506,1.2296358,0.6016267,0.96021664,0.43,10.0,0.8,59
0.0447929117185043,8.172014,1.220771,0.5972115,0.9356785,0.43,10.0,0.8,59
0.0590486793399964,8.764969,1.2588632,0.59132403,0.95644176,0.43,10.0,0.8,59
0.038237262495531,8.825462,1.2564183,0.59146744,0.9228127,0.43,10.0,0.8,59
0.0148661286912097,8.126527,1.2326274,0.61509305,0.95075786,0.43,10.0,0.8,59
0.0396457756266874,8.498011,1.2366822,0.5969726,0.97361386,0.43,10.0,0.8,59
0.0137187646859939,8.397735,1.2286179,0.61364716,0.9702592,0.43,10.0,0.8,59
0.0226664590097433,8.667022,1.2364123,0.6135994,0.95026124,0.43,10.0,0.8,59
0.0346038880953478,9.411066,1.252387,0.59278667,0.94589984,0.43,10.0,0.8,59
-0.000650832970445,8.710995,1.2399883,0.61053044,0.99082005,0.43,10.0,0.8,59
0.0171017658599759,8.660731,1.2311774,0.5998515,0.9640666,0.43,10.0,0.8,59
0.0407275697985669,8.522952,1.2222769,0.60101104,0.995316,0.43,10.0,0.8,59
-0.0023641141354115,8.809722,1.2445792,0.60787493,0.97465944,0.43,10.0,0.8,59
0.0320455535498934,8.443153,1.2159462,0.5936669,0.9773011,0.43,10.0,0.8,59
-0.0111312188895494,8.906265,1.2591158,0.6295479,0.88325703,0.43,10.0,0.8,59
0.0099504632329793,8.929379,1.2408372,0.60593104,0.9644631,0.43,10.0,0.8,59
0.0311741529824933,9.163483,1.2539705,0.6235445,0.9960705,0.43,10.0,0.8,59
0.0084438122315303,8.778408,1.2314208,0.59899586,0.99046385,0.43,10.0,0.8,59
0.0240931610426297,8.953341,1.2427926,0.60942274,0.9929582,0.43,10.0,0.8,59
0.031284452355683,8.799699,1.21544,0.61045533,0.9920405,0.43,10.0,0.8,59
0.0163697537106257,8.625224,1.2274956,0.60744077,0.9978039,0.43,10.0,0.8,59
0.0135418278956929,8.752066,1.2373054,0.5943214,0.916114,0.43,10.0,0.8,59
-0.0239076973631655,9.063213,1.2528602,0.62422055,0.98019505,0.43,10.0,0.8,59
0.0440666307974895,8.623738,1.2454811,0.6159205,0.9868237,0.43,10.0,0.8,59
0.0436067649085455,8.924646,1.2607825,0.6121801,0.95798063,0.43,10.0,0.8,59
-0.0028346594051679,8.773745,1.2353976,0.5979034,0.91319907,0.43,10.0,0.8,59
-0.0027105390471939,8.468089,1.2453204,0.608638,0.954211,0.43,10.0,0.8,59
0.0576209793149871,9.052849,1.2492925,0.60517514,0.9570769,0.43,10.0,0.8,59
0.0411230373382568,8.65337,1.2441033,0.603189,0.9564048,0.43,10.0,0.8,59
0.0104064562003309,9.042392,1.2449741,0.6124752,0.993829,0.43,10.0,0.8,59
0.0429614023970376,8.34417,1.2339473,0.6076,0.9091079,0.43,10.0,0.8,59
0.0058953552127991,8.751107,1.2205293,0.60543853,0.97218454,0.43,10.0,0.8,59
0.0462830634751925,8.701173,1.2399958,0.6042623,0.9535165,0.43,10.0,0.8,59
-0.0054197161116467,8.896619,1.2346632,0.61857516,0.9868387,0.43,10.0,0.8,59
-0.003742949246622,8.053809,1.2385432,0.61686903,0.9759946,0.43,10.0,0.8,59
0.0224047167751442,8.669701,1.2463942,0.62073,0.96580434,0.43,10.0,0.8,59
0.0362791843532408,9.219452,1.2486079,0.6051744,0.94971883,0.43,10.0,0.8,59
0.033662909457558,8.796218,1.2390634,0.6015542,0.99591184,0.43,10.0,0.8,59
0.0422054083797584,8.77813,1.2609473,0.61636424,0.89120626,0.43,10.0,0.8,59
0.0500453620355564,8.542097,1.2332348,0.6078186,0.95279396,0.43,10.0,0.8,59
0.0361629205296283,8.872663,1.2306392,0.61092347,0.9938146,0.43,10.0,0.8,59
0.0379565976204886,8.800395,1.2365224,0.600132,0.9776349,0.43,10.0,0.8,59
0.009224729774168,8.437183,1.2355405,0.60609186,0.9327862,0.43,10.0,0.8,59
0.0516841548588991,8.410765,1.2496089,0.59861106,0.9489142,0.43,10.0,0.8,59
0.0127723817559587,8.785873,1.2454839,0.61536455,0.90834165,0.43,10.0,0.8,59
0.0261410649715931,8.685536,1.2402793,0.61708957,0.93147886,0.43,10.0,0.8,59
0.0255511487305348,9.013377,1.2328655,0.60161024,0.94443417,0.43,10.0,0.8,59
0.029568605954433,8.479608,1.2831912,0.6158228,0.8938062,0.43,10.0,0.8,59
0.0390059128339076,8.260528,1.2373078,0.61124736,0.95256567,0.43,10.0,0.8,59
0.0634782274145829,8.922578,1.2190241,0.6034583,0.9874686,0.43,10.0,0.8,59
0.0078819258663307,9.023943,1.2459803,0.6041825,0.92004824,0.43,10.0,0.8,59
0.0401755524567406,8.799015,1.2261076,0.5974954,0.997018,0.43,10.0,0.8,59
0.0191996895934775,8.646499,1.2417759,0.61853653,0.9829823,0.43,10.0,0.8,59
0.0332174061695488,8.773519,1.2379416,0.62123924,0.98739934,0.43,10.0,0.8,59
0.0587249715114156,8.610061,1.2227117,0.6032195,0.99999666,0.43,10.0,0.8,59
0.0305559990944877,8.521314,1.2175775,0.59526366,0.99646735,0.43,10.0,0.8,59
0.0458500376426767,8.996778,1.2427132,0.6033647,0.9520514,0.43,10.0,0.8,59
0.0048086283007642,8.664341,1.2462573,0.6130072,0.9354435,0.43,10.0,0.8,59
0.0221412763507004,9.072213,1.2300186,0.5878598,0.9971597,0.43,10.0,0.8,59
0.0374045007959608,8.863166,1.2380623,0.6037517,0.99221504,0.43,10.0,0.8,59
0.0340036638750011,8.511825,1.244201,0.6149172,0.9624258,0.43,10.0,0.8,59
0.055938134769168,8.695359,1.2411858,0.6109324,0.9599829,0.43,10.0,0.8,59
0.018531290945992,8.732236,1.2430956,0.6146155,0.887571,0.43,10.0,0.8,59
0.0370844849861074,8.849335,1.2243505,0.6090262,0.9874935,0.43,10.0,0.8,59
0.0063706605279408,9.136451,1.2557652,0.61790746,0.88466513,0.43,10.0,0.8,59
0.051625011343705,8.82386,1.2320918,0.5902036,0.97553253,0.43,10.0,0.8,59
0.0341388375840319,8.791886,1.23367,0.604781,0.9947467,0.43,10.0,0.8,59
0.0217023624798092,8.882447,1.2802099,0.6049209,0.84516275,0.43,10.0,0.8,59
0.0411717901731792,9.072381,1.228172,0.6078654,0.99102724,0.43,10.0,0.8,59
0.0278306779477618,8.776722,1.238622,0.6188095,0.97122407,0.43,10.0,0.8,59
0.0123808817081038,8.573797,1.2662033,0.602536,0.8917093,0.43,10.0,0.8,59
0.0408632695342734,8.783267,1.2390751,0.6009498,0.9704883,0.43,10.0,0.8,59
0.0408041303002797,9.205451,1.2709914,0.5942766,0.9128989,0.43,10.0,0.8,59
-0.0049840679995415,8.55481,1.261375,0.6137067,0.8949039,0.43,10.0,0.8,59
0.0629978827721563,8.79006,1.2231615,0.60233957,0.9727088,0.43,10.0,0.8,59
-0.0020979011169528,9.129255,1.231001,0.60708386,0.9822682,0.43,10.0,0.8,59
0.0514493233352991,8.743273,1.2427534,0.6008723,0.9351665,0.43,10.0,0.8,59
0.0318434923425916,8.585625,1.2424114,0.60539967,0.97767735,0.43,10.0,0.8,59
0.0713323119255042,8.775268,1.2466682,0.61809194,0.9999466,0.43,10.0,0.8,59
0.0461284280782882,8.9284115,1.2362863,0.6039096,0.9934974,0.43,10.0,0.8,59
0.0367345997423579,8.699884,1.2582953,0.6164707,0.91194236,0.43,10.0,0.8,59
0.0326406356941435,8.699415,1.2372701,0.610112,0.9419018,0.43,10.0,0.8,59
0.0160509229665939,9.076269,1.2353095,0.6068581,0.95830107,0.43,10.0,0.8,59
0.0491423978894118,8.575215,1.2276484,0.6103221,0.97513413,0.43,10.0,0.8,59
0.0422073768757445,8.672237,1.2417989,0.6108346,0.9842628,0.43,10.0,0.8,59
0.0353645612580857,9.133487,1.2445041,0.60230845,0.96721435,0.43,10.0,0.8,59
0.0295031719975427,8.79356,1.2387447,0.5946014,0.9790416,0.43,10.0,0.8,59
0.0058339239126388,8.407829,1.2172468,0.60630673,0.9936186,0.43,10.0,0.8,59
0.0435864703647861,8.6615,1.2500132,0.6029708,0.95334005,0.43,10.0,0.8,59
0.0230575939154846,8.446818,1.2359477,0.61326635,0.9647207,0.43,10.0,0.8,59
0.0430211329681585,8.950072,1.253835,0.6112424,0.95641303,0.43,10.0,0.8,59
0.0263511870889102,8.80853,1.2381798,0.6077662,0.9719639,0.43,10.0,0.8,59
-0.0032138901524499,8.650256,1.2298073,0.627432,0.9741559,0.43,10.0,0.8,59
0.0062872262192953,8.693962,1.2458466,0.6168373,0.9313735,0.43,10.0,0.8,59
-0.0033075445724345,8.894456,1.249352,0.61934245,0.96537757,0.43,10.0,0.8,59
0.0133430012091763,8.616207,1.2241251,0.6083271,0.98855555,0.43,10.0,0.8,59
0.0287859214570131,8.90723,1.2465032,0.6085318,0.9184184,0.43,10.0,0.8,59
-0.0033341399803988,8.993552,1.2738951,0.612706,0.8765863,0.43,10.0,0.8,59
-0.0017571187388417,8.221705,1.2531195,0.6142488,0.84888065,0.43,10.0,0.8,59
0.0253619708955841,8.2163105,1.2325251,0.5973775,0.9538578,0.43,10.0,0.8,59
-0.011015748859559,9.077564,1.2572987,0.6166833,0.9500525,0.43,10.0,0.8,59
0.027265273055794,8.912874,1.229606,0.5940994,0.973804,0.43,10.0,0.8,59
0.0266274216005307,9.030728,1.2545171,0.613031,0.9522797,0.43,10.0,0.8,59
0.0490866030701911,8.636837,1.2377094,0.5947247,0.9683776,0.43,10.0,0.8,59
0.0264901483022022,8.852043,1.2353882,0.6091043,0.99101424,0.43,10.0,0.8,59
-0.022272417397691,8.733571,1.2521833,0.6304817,0.9274479,0.43,10.0,0.8,59
0.0151478294100923,8.782828,1.2409544,0.61275923,0.9537945,0.43,10.0,0.8,59
0.0603410138286673,8.885773,1.2330487,0.6099797,0.9980202,0.43,10.0,0.8,59
0.0134895511308321,8.234189,1.2437698,0.6104005,0.8706621,0.43,10.0,0.8,59
0.0526601371824187,8.92563,1.2399775,0.61021614,0.9852241,0.43,10.0,0.8,59
0.0302672197206101,8.615985,1.2236584,0.6119718,0.99732685,0.43,10.0,0.8,59
0.0244278233708242,8.47471,1.2361178,0.6040357,0.9378563,0.43,10.0,0.8,59
0.0383052011023364,8.71068,1.2473994,0.59906477,0.9616115,0.43,10.0,0.8,59
0.0347213594241777,8.282734,1.2213088,0.60661,0.978191,0.43,10.0,0.8,59
0.0211111207200277,8.79623,1.2386048,0.61395246,0.98538566,0.43,10.0,0.8,59
0.0474603570282643,8.673921,1.2320151,0.6017559,0.98512137,0.43,10.0,0.8,59
0.0658397526637688,8.75949,1.2304498,0.5915085,0.98316884,0.43,10.0,0.8,59
0.0710145306661033,8.502145,1.236722,0.5967556,0.9788394,0.43,10.0,0.8,59
0.030734111354816,8.673892,1.2340536,0.57931453,0.9798597,0.43,10.0,0.8,59
0.0205831820603125,8.179691,1.2259946,0.6000312,0.9089197,0.43,10.0,0.8,59
0.0260021677696298,8.919768,1.2395759,0.616273,0.95765674,0.43,10.0,0.8,59
0.0487132566705945,8.865014,1.2126597,0.6078685,0.9921268,0.43,10.0,0.8,59
0.0191082442729465,8.613279,1.2346503,0.6029878,0.97780275,0.43,10.0,0.8,59
0.0264398847054401,8.987034,1.2435266,0.60378134,0.9766625,0.43,10.0,0.8,59
0.0226275772945061,8.451453,1.2699244,0.5976043,0.7868979,0.43,10.0,0.8,59
0.0616803601799365,8.880434,1.2370983,0.59182334,0.9802618,0.43,10.0,0.8,59
0.0344916638058405,8.696073,1.2468545,0.6123555,0.9944413,0.43,10.0,0.8,59
0.0159945326766731,8.296739,1.2436056,0.6002588,0.95573187,0.43,10.0,0.8,59
-0.0037004712343954,8.713172,1.2324822,0.61935544,0.99471533,0.43,10.0,0.8,59
0.0435526085195157,8.509601,1.2402571,0.6148963,0.93164325,0.43,10.0,0.8,59
0.0273942568575265,9.1131,1.2308013,0.6124866,0.98706436,0.43,10.0,0.8,59
0.020561031867107,8.533867,1.2311525,0.5933412,0.9766288,0.43,10.0,0.8,59
0.026497584570303,8.624383,1.2397825,0.6123845,0.97690785,0.43,10.0,0.8,59
0.0323739927250534,8.782992,1.2425197,0.6065386,0.93879783,0.43,10.0,0.8,59
0.0421390515731953,8.906469,1.242388,0.6104824,0.9389334,0.43,10.0,0.8,59
0.0210419888097804,9.11334,1.2537632,0.61190563,0.96692574,0.43,10.0,0.8,59
0.0503268210880527,8.998184,1.2386309,0.605838,0.99463093,0.43,10.0,0.8,59
0.0007299538072048,8.723289,1.2389661,0.6136352,0.9610889,0.43,10.0,0.8,59
0.0478316258055506,8.759881,1.2426193,0.6126645,0.99098897,0.43,10.0,0.8,59
0.0211008868793215,8.726169,1.2233363,0.61243254,0.9949727,0.43,10.0,0.8,59
0.0728238329282117,8.937762,1.2251959,0.5999922,0.9861474,0.43,10.0,0.8,59
0.0284783323187577,8.7855015,1.2293876,0.6117143,0.98764396,0.43,10.0,0.8,59
0.0269237348538803,8.612199,1.2407347,0.6060608,0.95277417,0.43,10.0,0.8,59
0.035667274610915,9.273033,1.2363116,0.5932127,0.99971294,0.43,10.0,0.8,59
0.0473437186734226,8.711877,1.2414615,0.6136214,0.97972715,0.43,10.0,0.8,59
0.0265661904538748,8.973897,1.2584096,0.61236674,0.9552814,0.43,10.0,0.8,59
0.0071097260879658,9.062336,1.2336262,0.60086566,0.9725815,0.43,10.0,0.8,59
0.0012567632338579,8.658462,1.225184,0.60751325,0.9582844,0.43,10.0,0.8,59
0.0155970072672463,9.002663,1.2396597,0.60430694,0.98211646,0.43,10.0,0.8,59
0.0239486071052196,8.910848,1.2325656,0.60059005,0.9767301,0.43,10.0,0.8,59
0.0613565589326084,8.9211235,1.2392112,0.60198265,0.9530753,0.43,10.0,0.8,59
0.0320336491552299,8.981469,1.2575713,0.6070779,0.9343505,0.43,10.0,0.8,59
0.0379672308529124,9.075109,1.2477857,0.6112766,0.9836582,0.43,10.0,0.8,59
0.0060413238064792,9.026074,1.2633144,0.61141044,0.8704412,0.43,10.0,0.8,59
-0.0031895504647364,8.655095,1.2527807,0.6191514,0.8910351,0.43,10.0,0.8,59
0.0332068344387845,8.616939,1.2399718,0.6072842,0.94345057,0.43,10.0,0.8,59
0.0253808232652882,9.011555,1.2438593,0.59808475,0.9694538,0.43,10.0,0.8,59
0.0205877990250247,8.864118,1.245093,0.597693,0.89981055,0.43,10.0,0.8,59
0.0393626381959708,8.480204,1.2493225,0.59926265,0.95569766,0.43,10.0,0.8,59
0.0183755161592465,8.714991,1.2437841,0.61582685,0.9585217,0.43,10.0,0.8,59
0.0271061389143621,8.755675,1.2434098,0.6101883,0.9749191,0.43,10.0,0.8,59
0.0297848778833914,8.6559515,1.2433877,0.59975743,0.9308207,0.43,10.0,0.8,59
0.0528175240330651,8.903837,1.2342837,0.60637164,0.97600377,0.43,10.0,0.8,59
0.0370007314770583,8.732622,1.2289119,0.60865706,0.9912671,0.43,10.0,0.8,59
0.0104430375527302,8.896471,1.2386178,0.6057451,0.9871658,0.43,10.0,0.8,59
0.0092807344607893,8.861504,1.2425811,0.6064869,0.98676836,0.43,10.0,0.8,59
0.0350721148735967,8.678859,1.2286646,0.6100697,0.9889027,0.43,10.0,0.8,59
0.0112308862999127,9.036854,1.2300055,0.60895514,0.9981458,0.43,10.0,0.8,59
0.0345246941533989,8.633388,1.2313162,0.60030895,0.96829677,0.43,10.0,0.8,59
0.0228804146616082,8.227793,1.2366117,0.6046873,0.9253603,0.43,10.0,0.8,59
0.0159864392295341,8.723052,1.2547446,0.5933022,0.8741729,0.43,10.0,0.8,59
0.0320453737985238,9.210273,1.2356005,0.61395836,0.9830892,0.43,10.0,0.8,59
0.0043751557766468,8.912251,1.2470579,0.6095494,0.9903054,0.43,10.0,0.8,59
0.0438140555874851,9.02515,1.2467567,0.5960223,0.9937165,0.43,10.0,0.8,59
-0.0090749556582778,8.835667,1.2324837,0.62033063,0.9804522,0.43,10.0,0.8,59
0.0540973110907587,8.926369,1.2406198,0.5945723,0.9668492,0.43,10.0,0.8,59
0.0455603572089605,8.675445,1.2556336,0.60645026,0.9200691,0.43,10.0,0.8,59
0.0250579920198895,9.0542965,1.2310096,0.6124598,0.98434854,0.43,10.0,0.8,59
-0.0051973204420816,8.577524,1.2402921,0.62526655,0.9527627,0.43,10.0,0.8,59
0.037491755706976,8.583151,1.2139169,0.60006386,0.976956,0.43,10.0,0.8,59
0.0044704509593384,8.8781595,1.2557198,0.611624,0.9066751,0.43,10.0,0.8,59
0.0383566587702039,8.560982,1.2357861,0.6055995,0.9675257,0.43,10.0,0.8,59
0.0263563348634324,8.608592,1.2528343,0.6028305,0.9314046,0.43,10.0,0.8,59
0.0087765547217968,8.381024,1.2393166,0.60724014,0.9474797,0.43,10.0,0.8,59
0.0452074078952564,8.825526,1.2549019,0.60006607,0.9560007,0.43,10.0,0.8,59
0.0150533701834663,8.451822,1.2533087,0.60582316,0.9228927,0.43,10.0,0.8,59
0.015608388853516,8.829926,1.2432349,0.61647964,0.9842204,0.43,10.0,0.8,59
0.0265252491859459,8.8770895,1.2369258,0.596801,0.9648392,0.43,10.0,0.8,59
-0.1661695455921237,8.593112,1.1456574,0.49168307,0.9824729,0.41,10.0,0.8,60
-0.1667938373953271,8.038207,1.1364293,0.48130578,0.991416,0.41,10.0,0.8,60
-0.1656684496462314,8.228803,1.1398417,0.49926728,0.9807689,0.41,10.0,0.8,60
-0.1680202788032481,8.159686,1.142727,0.4977159,0.9988339,0.41,10.0,0.8,60
-0.1473954745314061,8.483258,1.1522789,0.4747603,0.95084333,0.41,10.0,0.8,60
-0.1415067379332391,7.931922,1.138056,0.4859214,0.99373925,0.41,10.0,0.8,60
-0.1247766497523003,8.031643,1.1539165,0.4785759,0.9929279,0.41,10.0,0.8,60
-0.1703382330303104,8.369288,1.152787,0.49561077,0.97102284,0.41,10.0,0.8,60
-0.1480043151742156,8.3458185,1.1460954,0.48029664,0.9990301,0.41,10.0,0.8,60
-0.1404314012335369,8.095633,1.1592656,0.4796849,0.9733796,0.41,10.0,0.8,60
-0.1575512905317809,8.316479,1.149166,0.4807987,0.98547924,0.41,10.0,0.8,60
-0.1193215230117945,8.205662,1.152587,0.47123492,0.9579078,0.41,10.0,0.8,60
-0.1443175680876872,7.8840237,1.1460052,0.47968042,0.9972011,0.41,10.0,0.8,60
-0.1001782454938562,8.231832,1.1500964,0.4673681,0.9959245,0.41,10.0,0.8,60
-0.1447271998472082,7.995429,1.1405162,0.4763161,0.9948696,0.41,10.0,0.8,60
-0.1258783280454321,8.170071,1.139461,0.47418442,0.9956652,0.41,10.0,0.8,60
-0.1639951668011783,8.624693,1.1477137,0.48619175,0.9912952,0.41,10.0,0.8,60
-0.1615452834357418,8.078459,1.1619567,0.4908707,0.96429265,0.41,10.0,0.8,60
-0.1621120778508845,7.8483276,1.1498443,0.48471406,0.99048376,0.41,10.0,0.8,60
-0.1676366800984699,8.577161,1.1372297,0.5016013,0.9812747,0.41,10.0,0.8,60
-0.1235521559968157,8.645089,1.1427457,0.46875092,0.9919785,0.41,10.0,0.8,60
-0.1718323438463011,8.070502,1.1227704,0.49322066,0.9963331,0.41,10.0,0.8,60
-0.1244851911973734,8.169697,1.1436416,0.46859044,0.9962541,0.41,10.0,0.8,60
-0.14219372518448,8.270152,1.115795,0.48146725,0.9733342,0.41,10.0,0.8,60
-0.1398518818887383,8.304775,1.137874,0.48349226,0.9976082,0.41,10.0,0.8,60
-0.1667970993493297,8.175467,1.1471944,0.48324296,0.9963685,0.41,10.0,0.8,60
-0.1461642222900527,8.529244,1.1328872,0.47634375,0.9992788,0.41,10.0,0.8,60
-0.131058555418955,8.332057,1.146736,0.47946677,0.9767245,0.41,10.0,0.8,60
-0.1393777522221321,8.502682,1.1450047,0.5012721,0.99524844,0.41,10.0,0.8,60
-0.1699056179264502,8.155916,1.1270636,0.5022123,0.99592185,0.41,10.0,0.8,60
-0.1387775693433373,8.136698,1.1408148,0.46999437,0.9869044,0.41,10.0,0.8,60
-0.1565725634622063,8.408351,1.1473973,0.4779774,0.9993515,0.41,10.0,0.8,60
-0.1651601189900757,8.341353,1.1469827,0.48017004,0.9899081,0.41,10.0,0.8,60
-0.1415920192681059,7.997778,1.1346493,0.48779926,0.9995843,0.41,10.0,0.8,60
-0.1269491508783946,7.8148727,1.1427203,0.4744445,0.98251224,0.41,10.0,0.8,60
-0.1691446410339137,8.433385,1.1410494,0.48176685,0.9754716,0.41,10.0,0.8,60
-0.1204755219970656,7.994162,1.1397611,0.48995742,0.981724,0.41,10.0,0.8,60
-0.1542530791969824,7.7684355,1.1430587,0.4948989,0.93060875,0.41,10.0,0.8,60
-0.1516284705740283,8.646389,1.1339722,0.4614611,0.9957086,0.41,10.0,0.8,60
-0.1410293345278711,8.5841255,1.1605295,0.4764191,0.9680058,0.41,10.0,0.8,60
-0.1528331071548714,8.227692,1.1379938,0.48019132,0.995929,0.41,10.0,0.8,60
-0.1403170753996448,8.299449,1.1364452,0.49253112,0.98837566,0.41,10.0,0.8,60
-0.1187434558671448,8.133408,1.1311884,0.4820452,0.9989829,0.41,10.0,0.8,60
-0.17314712285266,8.2828865,1.151945,0.48504323,0.9769858,0.41,10.0,0.8,60
-0.1454948576392719,8.170441,1.1262232,0.496626,0.9967996,0.41,10.0,0.8,60
-0.1394253168344376,8.004742,1.1378965,0.47371596,0.9693327,0.41,10.0,0.8,60
-0.1462943178825631,8.177197,1.1366738,0.48456258,0.9885378,0.41,10.0,0.8,60
-0.1308201734512694,8.333848,1.1364672,0.48227707,0.980847,0.41,10.0,0.8,60
-0.1331985445705863,8.228791,1.1424907,0.47021917,0.96788716,0.41,10.0,0.8,60
-0.1410154392839633,8.173659,1.1298842,0.4886222,0.9544207,0.41,10.0,0.8,60
-0.130406479133993,8.129344,1.1573398,0.4809914,0.97732437,0.41,10.0,0.8,60
-0.1411417174655402,7.5649147,1.1372749,0.49075258,0.97036076,0.41,10.0,0.8,60
-0.1509206890524923,8.084451,1.1325148,0.478553,0.9858949,0.41,10.0,0.8,60
-0.1776905088361461,8.351338,1.1511831,0.48881087,0.97204566,0.41,10.0,0.8,60
-0.1519125560495939,8.510738,1.1432594,0.4930454,0.99529874,0.41,10.0,0.8,60
-0.1354422314844224,8.159125,1.142599,0.49162903,0.9823731,0.41,10.0,0.8,60
-0.1124242748465239,8.15131,1.1419903,0.48694286,0.97933066,0.41,10.0,0.8,60
-0.1274307939618415,8.545414,1.1410782,0.48463258,0.99997115,0.41,10.0,0.8,60
-0.1689718784038538,8.971158,1.1526668,0.4986893,0.992867,0.41,10.0,0.8,60
-0.1404421745946613,8.149331,1.1265057,0.49758098,0.99329174,0.41,10.0,0.8,60
-0.1686784465455206,8.246792,1.1448841,0.47981477,0.9995543,0.41,10.0,0.8,60
-0.1134227226182917,8.06232,1.1305997,0.47250733,0.9826542,0.41,10.0,0.8,60
-0.169779894389649,8.284016,1.1492755,0.4930162,0.99092615,0.41,10.0,0.8,60
-0.1274911257212773,8.001866,1.1339843,0.5002329,0.9662845,0.41,10.0,0.8,60
-0.1235719824554602,8.342137,1.1527781,0.4828661,0.9904624,0.41,10.0,0.8,60
-0.2205348057725003,8.712857,1.1482526,0.50121707,0.982461,0.41,10.0,0.8,60
-0.176978630691326,8.691066,1.1578219,0.5010233,0.9904214,0.41,10.0,0.8,60
-0.1038889679964679,8.084145,1.1407433,0.48174474,0.9731107,0.41,10.0,0.8,60
-0.1645732835784729,8.062957,1.1404095,0.48514846,0.9803455,0.41,10.0,0.8,60
-0.1478371592445801,7.939936,1.1311227,0.48787215,0.9772142,0.41,10.0,0.8,60
-0.1438721975436446,8.270772,1.1459064,0.47992632,0.9615259,0.41,10.0,0.8,60
-0.1680626203380392,8.339778,1.1457486,0.49087238,0.9924623,0.41,10.0,0.8,60
-0.1138920006127092,8.145566,1.1447423,0.49085796,0.9735621,0.41,10.0,0.8,60
-0.1678049845552031,8.3481245,1.134716,0.4929083,0.99321604,0.41,10.0,0.8,60
-0.1267087976194534,8.136447,1.1472828,0.46555483,0.997465,0.41,10.0,0.8,60
-0.1383795594670589,8.132155,1.1346657,0.49189752,0.9883969,0.41,10.0,0.8,60
-0.1303207226519314,8.435459,1.141231,0.5000677,0.9805807,0.41,10.0,0.8,60
-0.1430054106984681,8.7502,1.1403933,0.4774082,0.99368596,0.41,10.0,0.8,60
-0.1800202194043168,8.333376,1.1565263,0.490752,0.9843621,0.41,10.0,0.8,60
-0.2065363605505103,8.404032,1.1446062,0.4981786,0.96812844,0.41,10.0,0.8,60
-0.1518521144996791,7.9279437,1.1466156,0.50261676,0.9800929,0.41,10.0,0.8,60
-0.1565229381158119,8.42222,1.133331,0.49410656,0.9867548,0.41,10.0,0.8,60
-0.1471435558947904,8.208645,1.1440355,0.48548812,0.99391985,0.41,10.0,0.8,60
-0.1569916426655226,8.266347,1.146338,0.4828951,0.9803778,0.41,10.0,0.8,60
-0.1579757783329043,8.372556,1.1412212,0.48566592,0.99825823,0.41,10.0,0.8,60
-0.1243830597479692,8.04591,1.138124,0.482749,0.992566,0.41,10.0,0.8,60
-0.1048997975368392,7.783071,1.1228216,0.4765561,0.978341,0.41,10.0,0.8,60
-0.153037207379504,8.381257,1.152462,0.4947871,0.9975616,0.41,10.0,0.8,60
-0.1579742572685701,8.000594,1.1302755,0.5086305,0.982167,0.41,10.0,0.8,60
-0.1614222580908756,8.262421,1.1317892,0.5026001,0.9990058,0.41,10.0,0.8,60
-0.1165194965940783,8.083472,1.1398013,0.47752413,0.99754727,0.41,10.0,0.8,60
-0.1944843128139665,8.487971,1.1342443,0.49986625,0.9890728,0.41,10.0,0.8,60
-0.170041767889477,8.637264,1.1462363,0.50433356,0.9942379,0.41,10.0,0.8,60
-0.1737793354681716,8.3512335,1.1373813,0.4927435,0.9885324,0.41,10.0,0.8,60
-0.1378714625547273,8.275968,1.1416491,0.49126434,0.9995414,0.41,10.0,0.8,60
-0.1551836201367726,8.672417,1.1417259,0.47710294,0.9949013,0.41,10.0,0.8,60
-0.116412162693224,8.319943,1.1498278,0.48347464,0.9871181,0.41,10.0,0.8,60
-0.1574656363362745,8.428961,1.1406366,0.48596784,0.94342196,0.41,10.0,0.8,60
-0.1568591166977248,8.390136,1.1353973,0.49583924,0.9999299,0.41,10.0,0.8,60
-0.1870255376853729,8.334251,1.1551354,0.49731776,0.99626267,0.41,10.0,0.8,60
-0.1577230584323558,8.173853,1.1282983,0.46717104,0.9955876,0.41,10.0,0.8,60
-0.1537500315913735,8.207882,1.126034,0.4929006,0.9983741,0.41,10.0,0.8,60
-0.1181034773153531,8.274549,1.1430211,0.48118228,0.9958223,0.41,10.0,0.8,60
-0.1273145914940977,8.1645355,1.1452359,0.48923987,0.971246,0.41,10.0,0.8,60
-0.1757666791208783,8.604429,1.1323607,0.48178983,0.9970534,0.41,10.0,0.8,60
-0.1560708181399706,8.352571,1.129653,0.48981798,0.97684634,0.41,10.0,0.8,60
-0.1873920070097678,8.218422,1.139095,0.47681755,0.97326314,0.41,10.0,0.8,60
-0.187217658357557,8.386386,1.14717,0.48991966,0.9983194,0.41,10.0,0.8,60
-0.1469138091744846,8.152216,1.1448104,0.49834758,0.9722481,0.41,10.0,0.8,60
-0.1433079589100166,8.407112,1.1429299,0.48495594,0.98905313,0.41,10.0,0.8,60
-0.1953624049405064,7.8987327,1.1412994,0.5130605,0.9755465,0.41,10.0,0.8,60
-0.1651207240122669,8.13941,1.1419252,0.49314344,0.9779904,0.41,10.0,0.8,60
-0.1618884097806414,8.047434,1.1371317,0.48714814,0.96572304,0.41,10.0,0.8,60
-0.16263155739384,8.578284,1.1326252,0.49235046,0.9880253,0.41,10.0,0.8,60
-0.1759091925134712,7.729142,1.1458442,0.48484766,0.9511726,0.41,10.0,0.8,60
-0.1932422307545527,8.352642,1.1304778,0.49635902,0.9972054,0.41,10.0,0.8,60
-0.1479007539950968,8.705099,1.1541792,0.4940081,0.97720015,0.41,10.0,0.8,60
-0.1592238859471346,8.15004,1.1304255,0.48976666,0.9871981,0.41,10.0,0.8,60
-0.1402099576584846,8.039678,1.1331973,0.48202008,0.993603,0.41,10.0,0.8,60
-0.1568657104547141,8.677058,1.1389468,0.48973945,0.98950255,0.41,10.0,0.8,60
-0.1701655032378201,8.224926,1.1521906,0.4835057,0.98346925,0.41,10.0,0.8,60
-0.1504663127663791,8.284088,1.1476555,0.48772573,0.98751354,0.41,10.0,0.8,60
-0.1321092592472327,8.074347,1.1456702,0.47863963,0.9747431,0.41,10.0,0.8,60
-0.1862901195903507,8.732816,1.1665534,0.4861556,0.99318314,0.41,10.0,0.8,60
-0.1317573546244744,8.282435,1.1327559,0.49832097,0.9896399,0.41,10.0,0.8,60
-0.1689306147009787,8.363577,1.1545005,0.48310837,0.9783226,0.41,10.0,0.8,60
-0.1684808874397725,8.578518,1.1431226,0.47827905,0.98901165,0.41,10.0,0.8,60
-0.1446259193004606,8.148274,1.1439536,0.49126562,0.99959695,0.41,10.0,0.8,60
-0.1329177067937564,8.323317,1.1411783,0.48489568,0.99591947,0.41,10.0,0.8,60
-0.1545072052966326,8.585065,1.1328183,0.46955955,0.99305093,0.41,10.0,0.8,60
-0.1707897174619765,8.533164,1.1424704,0.47907186,0.9877007,0.41,10.0,0.8,60
-0.1829893844593307,8.536244,1.1469367,0.48887047,0.994277,0.41,10.0,0.8,60
-0.16951112795946,8.21302,1.1448356,0.47907853,0.9985758,0.41,10.0,0.8,60
-0.1214883921220556,8.050022,1.1384137,0.48801515,0.96711373,0.41,10.0,0.8,60
-0.1351678344779085,8.056353,1.1355042,0.48314074,0.9959005,0.41,10.0,0.8,60
-0.1608821264193533,8.569057,1.1536797,0.48387554,0.9947282,0.41,10.0,0.8,60
-0.1447464958494382,8.085785,1.1390944,0.4762612,0.9978634,0.41,10.0,0.8,60
-0.1583686553538301,8.441963,1.1281787,0.4883772,0.9980416,0.41,10.0,0.8,60
-0.1705890439056365,8.52429,1.1534772,0.49344897,0.9966936,0.41,10.0,0.8,60
-0.1618500006071224,8.084159,1.1427087,0.49461135,0.9852438,0.41,10.0,0.8,60
-0.152228000200506,8.5018835,1.1343627,0.48999932,0.9902117,0.41,10.0,0.8,60
-0.1296377318857398,8.564507,1.1400416,0.4851053,0.9850017,0.41,10.0,0.8,60
-0.174816652421499,7.92195,1.1301327,0.4965779,0.99172354,0.41,10.0,0.8,60
-0.1221668555090951,8.443566,1.1533569,0.4774822,0.994396,0.41,10.0,0.8,60
-0.1696277934127411,8.568738,1.1438358,0.48053038,0.98043394,0.41,10.0,0.8,60
-0.1354621267732098,8.4177475,1.1474216,0.4838261,0.991166,0.41,10.0,0.8,60
-0.1488052415434406,8.237856,1.1449385,0.4830299,0.9559126,0.41,10.0,0.8,60
-0.1392709954498618,8.414417,1.1374584,0.48165992,0.985749,0.41,10.0,0.8,60
-0.1341493256270794,8.262704,1.1552395,0.46721363,0.9818574,0.41,10.0,0.8,60
-0.1479527088624369,8.229106,1.1292928,0.48834556,0.99292576,0.41,10.0,0.8,60
-0.1689053301735838,8.311125,1.1376182,0.4825756,0.97659314,0.41,10.0,0.8,60
-0.1679110135988335,8.271304,1.1543422,0.47191218,0.98306787,0.41,10.0,0.8,60
-0.1874415711114019,8.095553,1.1415766,0.4898028,0.9967972,0.41,10.0,0.8,60
-0.1316155923963018,8.129766,1.145773,0.48314834,0.98648775,0.41,10.0,0.8,60
-0.1674936615344762,8.437209,1.1464193,0.49983135,0.9968233,0.41,10.0,0.8,60
-0.1510326980644802,8.065592,1.1351719,0.4862828,0.99867046,0.41,10.0,0.8,60
-0.1658319368987348,8.102344,1.1556946,0.48277062,0.98421466,0.41,10.0,0.8,60
-0.1253080208480267,8.315068,1.1423036,0.4790215,0.98587716,0.41,10.0,0.8,60
-0.1422022726485949,8.364342,1.1601372,0.47603837,0.9825382,0.41,10.0,0.8,60
-0.1350848930530071,8.223072,1.1370072,0.48639035,0.9785776,0.41,10.0,0.8,60
-0.184146004025879,8.363706,1.1457839,0.49158958,0.990402,0.41,10.0,0.8,60
-0.1385574268601732,8.066616,1.1425728,0.4778395,0.949648,0.41,10.0,0.8,60
-0.1414658602848763,7.8640237,1.1142161,0.48230258,0.9881582,0.41,10.0,0.8,60
-0.1585967611938274,8.115397,1.1333665,0.49907196,0.99596834,0.41,10.0,0.8,60
-0.141504675104325,8.1466675,1.1512107,0.46858215,0.9791683,0.41,10.0,0.8,60
-0.1591961103164073,8.5339985,1.1457107,0.50490713,0.9573655,0.41,10.0,0.8,60
-0.1377785375275094,8.045569,1.1242533,0.48455924,0.98487437,0.41,10.0,0.8,60
-0.1456605518222888,8.669727,1.1552044,0.49994335,0.9811963,0.41,10.0,0.8,60
-0.1784286820724386,8.283315,1.1410947,0.4924382,0.9930581,0.41,10.0,0.8,60
-0.1342713967809137,8.333659,1.134381,0.48400182,0.97131133,0.41,10.0,0.8,60
-0.1582752836656351,8.266945,1.1377621,0.49003237,0.9864819,0.41,10.0,0.8,60
-0.1546824115821745,8.653575,1.1313894,0.4868716,0.982851,0.41,10.0,0.8,60
-0.1346220516757294,8.106015,1.1537416,0.47756234,0.9796127,0.41,10.0,0.8,60
-0.1162217110872633,8.027146,1.1357105,0.4753699,0.9929402,0.41,10.0,0.8,60
-0.1241857703761869,8.313565,1.1527598,0.48529258,0.9964994,0.41,10.0,0.8,60
-0.1741892472266664,7.893963,1.1353147,0.49163902,0.9996865,0.41,10.0,0.8,60
-0.1385941270782533,8.127451,1.1496645,0.48519897,0.9888756,0.41,10.0,0.8,60
-0.1497281949900656,8.269711,1.1404848,0.5023334,0.9962201,0.41,10.0,0.8,60
-0.1823299729890935,7.9972806,1.1443926,0.49340898,0.9975152,0.41,10.0,0.8,60
-0.1619326973046531,8.40545,1.1218114,0.49098924,0.99288905,0.41,10.0,0.8,60
-0.1455641240018293,8.496408,1.1585376,0.4838492,0.9988769,0.41,10.0,0.8,60
-0.1190531529108521,8.03233,1.132209,0.4885194,0.9839287,0.41,10.0,0.8,60
-0.1795097521687575,8.1461315,1.1434162,0.4925337,0.9348489,0.41,10.0,0.8,60
-0.152795163512777,8.674765,1.1384579,0.4992672,0.97238255,0.41,10.0,0.8,60
-0.1617113963831814,8.593705,1.1338542,0.48821878,0.9893999,0.41,10.0,0.8,60
-0.1138347368286556,8.393464,1.1354518,0.48204446,0.99734235,0.41,10.0,0.8,60
-0.1553500302417858,8.303085,1.1309499,0.48363075,0.9858787,0.41,10.0,0.8,60
-0.1654687890405864,8.106303,1.1514461,0.46952775,0.96944857,0.41,10.0,0.8,60
-0.14974831056376,8.249059,1.1402856,0.49053934,0.96772146,0.41,10.0,0.8,60
-0.1145636394399577,8.12047,1.1473631,0.476625,0.98386085,0.41,10.0,0.8,60
-0.1461837173699725,8.610709,1.1681275,0.49052608,0.97262275,0.41,10.0,0.8,60
-0.1761067743850933,8.3605795,1.1288513,0.4957455,0.99806833,0.41,10.0,0.8,60
-0.1454905123627957,7.91708,1.1359203,0.48934972,0.98997545,0.41,10.0,0.8,60
-0.1557903040166657,8.437045,1.1393003,0.4850009,0.9768871,0.41,10.0,0.8,60
-0.1438061894354073,8.147454,1.1424326,0.48771107,0.9931483,0.41,10.0,0.8,60
-0.1338270149359832,8.336647,1.1423824,0.48259568,0.9938208,0.41,10.0,0.8,60
-0.1430051317122564,8.390973,1.1409231,0.48667195,0.9959123,0.41,10.0,0.8,60
-0.1155502947126949,8.112403,1.13818,0.4784222,0.99481475,0.41,10.0,0.8,60
-0.1078609854344626,8.401595,1.1518034,0.48743668,0.9681834,0.41,10.0,0.8,60
-0.143770397327069,8.210776,1.1329526,0.47257206,0.97929907,0.41,10.0,0.8,60
-0.1560299735613953,8.263703,1.1540334,0.48604923,0.9570943,0.41,10.0,0.8,60
-0.1244409847903896,8.422523,1.162123,0.47607377,0.9788586,0.41,10.0,0.8,60
-0.1373509361730553,8.127783,1.1299444,0.47435308,0.9983722,0.41,10.0,0.8,60
-0.1489190929584026,8.277307,1.1336907,0.5000315,0.985217,0.41,10.0,0.8,60
-0.144503286173002,8.247693,1.1325862,0.488814,0.9814111,0.41,10.0,0.8,60
-0.1455328817576671,8.418407,1.1332686,0.47853395,0.9922986,0.41,10.0,0.8,60
-0.1481360143401804,8.136335,1.1332076,0.4948468,0.99084413,0.41,10.0,0.8,60
-0.182640253306043,8.288999,1.1429429,0.48917305,0.97745335,0.41,10.0,0.8,60
-0.1718094688614432,8.263966,1.1353304,0.49077615,0.9788221,0.41,10.0,0.8,60
-0.1378558186059822,8.302127,1.1436186,0.489403,0.98344886,0.41,10.0,0.8,60
-0.1145035880320781,8.601805,1.1506535,0.47636893,0.9803982,0.41,10.0,0.8,60
-0.1827650132925762,8.498869,1.1563181,0.48579472,0.99146736,0.41,10.0,0.8,60
-0.1469132488567813,7.994976,1.143799,0.48545682,0.9673135,0.41,10.0,0.8,60
-0.1446486690359295,8.594528,1.166915,0.48159564,0.9295405,0.41,10.0,0.8,60
-0.1363560227007965,8.177798,1.1294444,0.5047582,0.98812354,0.41,10.0,0.8,60
-0.1219211198467797,8.067592,1.1413202,0.46204555,0.99414825,0.41,10.0,0.8,60
-0.1419161141933925,8.054729,1.1476502,0.4854028,0.9819385,0.41,10.0,0.8,60
-0.1763333087524305,8.518985,1.1526226,0.50070715,0.99991417,0.41,10.0,0.8,60
-0.1598890360200484,8.024527,1.1473371,0.47191244,0.96260214,0.41,10.0,0.8,60
-0.1632978446054434,8.075426,1.141695,0.4932295,0.9978858,0.41,10.0,0.8,60
-0.1550308951426987,8.512931,1.1501008,0.4855406,0.99986744,0.41,10.0,0.8,60
-0.179852303597831,8.047305,1.1404895,0.49311447,0.99875855,0.41,10.0,0.8,60
-0.1574881778220508,8.139487,1.133656,0.4843994,0.998119,0.41,10.0,0.8,60
-0.1379237249346183,8.172866,1.1298931,0.4712086,0.9820602,0.41,10.0,0.8,60
-0.1668931556234306,8.365415,1.1507508,0.49078187,0.9833008,0.41,10.0,0.8,60
-0.152742814871804,7.93818,1.1352594,0.4791522,0.9892218,0.41,10.0,0.8,60
-0.1847836138374157,8.442553,1.154811,0.49151698,0.97976065,0.41,10.0,0.8,60
-0.1221744047337074,8.153802,1.1333951,0.48771,0.9996891,0.41,10.0,0.8,60
-0.1377900689198981,8.2398615,1.1262,0.47865584,0.9889041,0.41,10.0,0.8,60
-0.1437763919093546,8.256979,1.1425291,0.49886364,0.975701,0.41,10.0,0.8,60
-0.1680180237987465,8.466399,1.1464385,0.49434733,0.99832344,0.41,10.0,0.8,60
-0.1541806172753158,8.2088,1.1387442,0.47876027,0.9996927,0.41,10.0,0.8,60
-0.1511103349799468,8.133953,1.1343567,0.4854939,0.997296,0.41,10.0,0.8,60
-0.1604414321463184,8.536959,1.1432459,0.4977257,0.991603,0.41,10.0,0.8,60
-0.2035367028510187,8.52193,1.1476965,0.48938146,0.9952887,0.41,10.0,0.8,60
-0.1334691822072913,8.277578,1.1512316,0.4869495,0.9622326,0.41,10.0,0.8,60
-0.1508854759766823,8.210893,1.1473613,0.48280007,0.95920026,0.41,10.0,0.8,60
-0.1736442966536561,8.262192,1.1304986,0.48584554,0.98941433,0.41,10.0,0.8,60
-0.1430076553589345,8.840218,1.1432651,0.48020402,0.9980478,0.41,10.0,0.8,60
-0.1138440779530838,8.319095,1.1445148,0.48516425,0.98623073,0.41,10.0,0.8,60
-0.1264512193561633,8.262033,1.1458938,0.47747567,0.9454757,0.41,10.0,0.8,60
-0.1513562719424363,8.508755,1.1480057,0.48345205,0.99766195,0.41,10.0,0.8,60
-0.1140297196459733,7.78934,1.1376021,0.4833187,0.9781691,0.41,10.0,0.8,60
-0.1408625147830218,8.420491,1.1324431,0.48184165,0.9963013,0.41,10.0,0.8,60
-0.1747555780970035,8.378537,1.1456606,0.4864513,0.956229,0.41,10.0,0.8,60
-0.1205764444174662,7.6895537,1.1319264,0.47949803,0.98816097,0.41,10.0,0.8,60
-0.1306130973481815,7.7277865,1.1267377,0.5061266,0.9656677,0.41,10.0,0.8,60
-0.1600422375582724,8.247269,1.1542274,0.4930617,0.96090233,0.41,10.0,0.8,60
-0.1579782390351322,8.595129,1.146956,0.48833242,0.9986174,0.41,10.0,0.8,60
-0.1296863030378214,8.539629,1.1562886,0.4927147,0.99476254,0.41,10.0,0.8,60
-0.143144721167845,8.154093,1.1536682,0.48839438,0.98670304,0.41,10.0,0.8,60
-0.1112989612163055,7.9444647,1.1491611,0.47529948,0.94797015,0.41,10.0,0.8,60
-0.158004800453896,8.103588,1.1383241,0.5020166,0.9938599,0.41,10.0,0.8,60
-0.1447600591808846,8.3182535,1.1397285,0.48388478,0.99738634,0.41,10.0,0.8,60
-0.1534317544927893,7.937646,1.1316794,0.4839666,0.99098396,0.41,10.0,0.8,60
-0.145077870046527,8.028308,1.1396736,0.48185158,0.99545014,0.41,10.0,0.8,60
-0.1431992661338993,8.495383,1.1247736,0.49397507,0.9950156,0.41,10.0,0.8,60
-0.192376125427851,8.350828,1.1470649,0.49741235,0.9890022,0.41,10.0,0.8,60
-0.1504375261241596,8.364578,1.1402678,0.48486462,0.9895339,0.41,10.0,0.8,60
-0.1468642090121925,7.8763914,1.1537256,0.49403548,0.9545809,0.41,10.0,0.8,60
-0.1254887155523597,7.7786827,1.1397938,0.48821777,0.98791575,0.41,10.0,0.8,60
-0.1310856186984936,7.842809,1.1369743,0.4746516,0.99954736,0.41,10.0,0.8,60
-0.1719069763265782,8.280373,1.1445992,0.4881734,0.94628143,0.41,10.0,0.8,60
-0.1590710406215868,8.179274,1.1519272,0.49743474,0.97991455,0.41,10.0,0.8,60
-0.1607552041817781,8.121629,1.1429547,0.4960914,0.9989091,0.41,10.0,0.8,60
-0.1734309965782418,8.295017,1.1706507,0.47944993,0.99273133,0.41,10.0,0.8,60
-0.1727347715845648,8.207865,1.1490483,0.5069266,0.9464977,0.41,10.0,0.8,60
-0.1471401400288898,7.7692537,1.1328655,0.49265552,0.9991056,0.41,10.0,0.8,60
-0.1375504675998425,8.441041,1.1315655,0.4796814,0.98450696,0.41,10.0,0.8,60
-0.1273239550038541,8.226014,1.1423197,0.4829202,0.9901128,0.41,10.0,0.8,60
-0.1070646444441772,8.148356,1.152916,0.4808066,0.998276,0.41,10.0,0.8,60
-0.0924027405485457,7.9881096,1.1272169,0.47422555,0.9958608,0.41,10.0,0.8,60
-0.139864079744338,8.464361,1.1374402,0.47819576,0.9920869,0.41,10.0,0.8,60
-0.1594685953469497,8.199763,1.1408002,0.4923091,0.990867,0.41,10.0,0.8,60
-0.1616528741356549,8.424356,1.1554674,0.48956338,0.97191095,0.41,10.0,0.8,60
-0.1504454637728802,8.235727,1.14181,0.49496734,0.97545135,0.41,10.0,0.8,60
-0.1737128811621775,8.678962,1.1599647,0.49140236,0.97254,0.41,10.0,0.8,60
-0.1935054098204165,8.224826,1.1554737,0.4997611,0.99318516,0.41,10.0,0.8,60
-0.179543280866546,8.517831,1.1593808,0.4856378,0.98256683,0.41,10.0,0.8,60
-0.156961889516207,8.473814,1.1456228,0.5033956,0.95032585,0.41,10.0,0.8,60
-0.1422177533602483,8.584919,1.1391032,0.48294902,0.9917834,0.41,10.0,0.8,60
-0.1459109923913732,8.257609,1.146144,0.48497966,0.99021125,0.41,10.0,0.8,60
-0.1754122016601329,8.188456,1.1183339,0.48959258,0.9946985,0.41,10.0,0.8,60
-0.1372194079924821,8.023904,1.1336359,0.48095152,0.99905086,0.41,10.0,0.8,60
-0.1674257503560098,8.265959,1.1416439,0.4800328,0.9557332,0.41,10.0,0.8,60
-0.115915987281274,8.484922,1.1461071,0.4749923,0.985608,0.41,10.0,0.8,60
-0.1491339858364901,8.509827,1.1352931,0.4844557,0.99082386,0.41,10.0,0.8,60
-0.1316941333181818,8.09419,1.1511788,0.48460075,0.96602666,0.41,10.0,0.8,60
-0.1554522387109685,7.925997,1.1285545,0.48724294,0.99996734,0.41,10.0,0.8,60
-0.1536946999522145,8.417819,1.1452298,0.4762115,0.9925271,0.41,10.0,0.8,60
-0.1830051707929643,8.509081,1.148757,0.49742976,0.9973383,0.41,10.0,0.8,60
-0.1575777456518462,8.048016,1.1479514,0.49994743,0.9726907,0.41,10.0,0.8,60
-0.1526037115129143,8.454388,1.1429102,0.47993758,0.99396026,0.41,10.0,0.8,60
-0.1416681456881965,8.219469,1.1520048,0.47624803,0.96434116,0.41,10.0,0.8,60
-0.1710708783889898,8.123451,1.1399406,0.48474768,0.9936795,0.41,10.0,0.8,60
-0.1542940510845135,8.399058,1.1429925,0.48271257,0.9827241,0.41,10.0,0.8,60
-0.1628246633973673,8.447197,1.1359502,0.49156058,0.994606,0.41,10.0,0.8,60
-0.1519106180104961,8.506439,1.1377828,0.48819092,0.9801034,0.41,10.0,0.8,60
-0.1628994568715832,8.4988365,1.1507877,0.47811925,0.986045,0.41,10.0,0.8,60
-0.1352834795701874,8.591909,1.1517848,0.48680502,0.98939466,0.41,10.0,0.8,60
-0.1669076080263907,8.481877,1.1370124,0.4925822,0.9983275,0.41,10.0,0.8,60
-0.1600935852144641,7.907319,1.1411195,0.48201752,0.9818603,0.41,10.0,0.8,60
-0.1246663955241548,8.154395,1.1236429,0.47788376,0.98658705,0.41,10.0,0.8,60
-0.1537953837716658,8.392947,1.1389428,0.4930493,0.99317646,0.41,10.0,0.8,60
-0.168357932331731,8.429643,1.1526742,0.48879626,0.95800793,0.41,10.0,0.8,60
-0.1055165339415928,8.311358,1.1354773,0.47209612,0.9790077,0.41,10.0,0.8,60
-0.1471137150801425,7.986477,1.1416996,0.47146633,0.9846673,0.41,10.0,0.8,60
-0.1558388562910049,8.32418,1.1333693,0.48591635,0.9768468,0.41,10.0,0.8,60
-0.1482843466014171,7.881673,1.1266042,0.48818615,0.9935756,0.41,10.0,0.8,60
-0.1833406707038082,8.6170635,1.1396468,0.48204255,0.9878025,0.41,10.0,0.8,60
-0.1703633512580109,7.7398233,1.1435091,0.48897195,0.96067476,0.41,10.0,0.8,60
-0.153063593635384,8.72179,1.1367321,0.48239273,0.99672735,0.41,10.0,0.8,60
-0.1542838972177753,8.050046,1.1255836,0.47772577,0.9798517,0.41,10.0,0.8,60
-0.139791566604622,8.396692,1.1517842,0.48087654,0.98625445,0.41,10.0,0.8,60
-0.1516566978103952,8.365839,1.147052,0.49006748,0.9891182,0.41,10.0,0.8,60
-0.1542454748734839,8.167406,1.138121,0.49141043,0.98022723,0.41,10.0,0.8,60
-0.1618337714884853,8.144151,1.145957,0.4935876,0.9960648,0.41,10.0,0.8,60
-0.1970207857064359,8.405908,1.1519868,0.49085835,0.9424859,0.41,10.0,0.8,60
-0.1596401121955572,8.394432,1.1446929,0.48814493,0.98313344,0.41,10.0,0.8,60
-0.1862403886601488,8.185512,1.1363251,0.49617133,0.9779196,0.41,10.0,0.8,60
-0.1295674150601629,8.644776,1.1437001,0.48211983,0.9955745,0.41,10.0,0.8,60
-0.1494674097768267,8.1035385,1.1319782,0.46714982,0.9864485,0.41,10.0,0.8,60
-0.1152950810936262,8.440752,1.1364535,0.47802296,0.9800148,0.41,10.0,0.8,60
-0.1600140655156242,8.04312,1.1390839,0.5013369,0.9958646,0.41,10.0,0.8,60
-0.1390632159499596,8.223263,1.1369138,0.48583832,0.9916645,0.41,10.0,0.8,60
-0.1330965329870042,7.9114704,1.1378165,0.47837743,0.98736,0.41,10.0,0.8,60
-0.1618447321583457,8.343902,1.1577195,0.48758835,0.9862752,0.41,10.0,0.8,60
-0.1512578811443685,7.997258,1.1275362,0.49235183,0.9945432,0.41,10.0,0.8,60
-0.1267054858163933,8.166575,1.1394032,0.4757167,0.9896773,0.41,10.0,0.8,60
-0.1039451550343157,8.046806,1.138979,0.48252732,0.97795224,0.41,10.0,0.8,60
-0.1689980670701843,7.5821476,1.1404746,0.49321812,0.9733852,0.41,10.0,0.8,60
-0.1612702926514648,7.593676,1.127882,0.4877393,0.9923073,0.41,10.0,0.8,60
-0.141557074055144,8.240027,1.1383971,0.47749257,0.9890982,0.41,10.0,0.8,60
-0.1362644075046444,8.071964,1.1328814,0.4689982,0.9894527,0.41,10.0,0.8,60
-0.1197143837434184,8.374978,1.1529621,0.48267075,0.96872866,0.41,10.0,0.8,60
-0.1594281121396945,8.397284,1.1409248,0.48469928,0.9973589,0.41,10.0,0.8,60
-0.1971088153923244,8.60002,1.1378654,0.490544,0.99212086,0.41,10.0,0.8,60
-0.1979778308858681,8.216336,1.1429658,0.501306,0.98158026,0.41,10.0,0.8,60
-0.195948781130692,8.088553,1.1232566,0.4937705,0.99373734,0.41,10.0,0.8,60
-0.1567447133030227,8.0685835,1.142735,0.4875368,0.99224865,0.41,10.0,0.8,60
-0.1380794551115994,8.488618,1.146024,0.49827692,0.982293,0.41,10.0,0.8,60
-0.1226840962152709,8.070694,1.1469883,0.4826498,0.97969306,0.41,10.0,0.8,60
-0.1510514190195775,8.856214,1.1478716,0.4835797,0.98514044,0.41,10.0,0.8,60
-0.1275792208634609,8.065066,1.1335591,0.48209882,0.99686396,0.41,10.0,0.8,60
-0.1544612437775401,8.3398485,1.1466408,0.4890931,0.9976299,0.41,10.0,0.8,60
-0.1451071680655958,8.301611,1.1417829,0.4927067,0.96385765,0.41,10.0,0.8,60
-0.1380248589396537,8.396759,1.1525053,0.4717977,0.9971038,0.41,10.0,0.8,60
-0.1615265966385739,8.599373,1.1391867,0.492948,0.9899639,0.41,10.0,0.8,60
-0.1791613274542182,8.0179405,1.132543,0.5006447,0.95736706,0.41,10.0,0.8,60
-0.1504099732427679,7.87864,1.1365976,0.49214232,0.9861468,0.41,10.0,0.8,60
-0.1362379445171307,8.249446,1.1475017,0.49449477,0.9943005,0.41,10.0,0.8,60
-0.1688725929561772,8.076583,1.1451378,0.4832362,0.9994186,0.41,10.0,0.8,60
-0.1221411074077153,8.372593,1.135354,0.48557302,0.99476755,0.41,10.0,0.8,60
-0.1239370712086231,8.363214,1.1497884,0.46831182,0.97852695,0.41,10.0,0.8,60
-0.1312485742544653,7.9687214,1.1396298,0.48658407,0.99976826,0.41,10.0,0.8,60
-0.1587457775862955,7.8199654,1.1407365,0.50201833,0.9964931,0.41,10.0,0.8,60
-0.1532111505596446,8.397746,1.1422486,0.48060825,0.97544456,0.41,10.0,0.8,60
-0.1510880192988141,8.345631,1.1429116,0.49762455,0.99890745,0.41,10.0,0.8,60
-0.1716822504462301,8.421079,1.1261964,0.49052072,0.99195814,0.41,10.0,0.8,60
-0.1614160795323645,8.253792,1.1463821,0.48624682,0.970845,0.41,10.0,0.8,60
-0.1204439812068851,7.979361,1.1490049,0.47284636,0.9854057,0.41,10.0,0.8,60
-0.1388636484491405,8.351889,1.151755,0.4939897,0.9910518,0.41,10.0,0.8,60
-0.1397172037890102,8.461885,1.149059,0.4799881,0.9885776,0.41,10.0,0.8,60
-0.1394208091925991,8.279596,1.1474999,0.4742777,0.9987205,0.41,10.0,0.8,60
-0.1540797833396973,8.417325,1.1466451,0.4834228,0.99673116,0.41,10.0,0.8,60
-0.1344788289057971,8.384836,1.1310294,0.4890827,0.9945909,0.41,10.0,0.8,60
-0.1319502234775031,8.168975,1.1353345,0.47629774,0.9946343,0.41,10.0,0.8,60
-0.134813617139006,7.889234,1.1324565,0.48598987,0.95693076,0.41,10.0,0.8,60
-0.1276461166778673,7.9561486,1.1527888,0.48667005,0.9952619,0.41,10.0,0.8,60
-0.1555499128089274,8.423781,1.1311216,0.4862387,0.9804547,0.41,10.0,0.8,60
-0.1680344631026315,8.329487,1.1347439,0.48394698,0.99910414,0.41,10.0,0.8,60
-0.1728312971773103,8.511249,1.1573257,0.48981097,0.9766209,0.41,10.0,0.8,60
-0.1409691517660655,8.219185,1.1398393,0.47993124,0.9947965,0.41,10.0,0.8,60
-0.1282801950847172,8.550258,1.1532533,0.47547632,0.98123443,0.41,10.0,0.8,60
-0.1428457744993281,8.026428,1.1337241,0.48742035,0.9987353,0.41,10.0,0.8,60
-0.1477629102729279,8.114763,1.1455188,0.48069754,0.97796106,0.41,10.0,0.8,60
-0.1623444544460504,8.431714,1.1397202,0.49314436,0.99465275,0.41,10.0,0.8,60
-0.176869115931595,8.511518,1.1463875,0.48232153,0.98445857,0.41,10.0,0.8,60
-0.1350925768266704,8.136943,1.1409082,0.4916939,0.9835619,0.41,10.0,0.8,60
-0.1693779631028182,8.705544,1.1569594,0.47688785,0.994833,0.41,10.0,0.8,60
-0.1387409990360273,8.1052,1.1416539,0.48629284,0.9566524,0.41,10.0,0.8,60
-0.1596255703594902,8.809448,1.1475685,0.49255612,0.9991518,0.41,10.0,0.8,60
-0.1232059944569608,8.217381,1.1556344,0.48451477,0.9829643,0.41,10.0,0.8,60
-0.1313497989594723,8.902774,1.1467981,0.4811666,0.9922335,0.41,10.0,0.8,60
-0.1743703140354107,8.483215,1.1421418,0.48654345,0.97789395,0.41,10.0,0.8,60
-0.1463571397106845,8.5103,1.1325742,0.48175707,0.98461795,0.41,10.0,0.8,60
-0.1624791546782202,7.9623938,1.1411253,0.49020782,0.9887847,0.41,10.0,0.8,60
-0.1632802916849711,8.108609,1.131162,0.48387015,0.9965981,0.41,10.0,0.8,60
-0.1189624526985806,8.186908,1.1356572,0.49649644,0.97282064,0.41,10.0,0.8,60
-0.1253695756765362,7.80978,1.1274097,0.48811594,0.9818989,0.41,10.0,0.8,60
-0.1773116926098891,8.103118,1.1522034,0.4902322,0.99546695,0.41,10.0,0.8,60
-0.1352295495258917,8.308674,1.1514071,0.49435714,0.97540903,0.41,10.0,0.8,60
-0.134976906111385,8.122021,1.1335971,0.47453216,0.98860025,0.41,10.0,0.8,60
-0.1476692512897373,8.064575,1.1355141,0.48818195,0.98669314,0.41,10.0,0.8,60
-0.1513742582959705,8.007794,1.152756,0.49656427,0.9314903,0.41,10.0,0.8,60
-0.1409602895432258,8.085523,1.1324205,0.488887,0.99028087,0.41,10.0,0.8,60
-0.1433229054716519,8.249519,1.1425277,0.5026784,0.9927536,0.41,10.0,0.8,60
-0.1556221151862565,7.9240685,1.1372157,0.49202555,0.9848436,0.41,10.0,0.8,60
-0.1721552706421303,8.660973,1.1626326,0.48021913,0.95523286,0.41,10.0,0.8,60
-0.1313682430778943,8.303636,1.1322727,0.48641232,0.98947,0.41,10.0,0.8,60
-0.196981920019753,8.938274,1.1785783,0.42768607,0.96673214,0.39,10.0,0.8,61
-0.2256483862807587,8.614478,1.1810824,0.4226542,0.97898316,0.39,10.0,0.8,61
-0.1980417606408422,8.90182,1.1708431,0.43097532,0.98304796,0.39,10.0,0.8,61
-0.2118242237658193,8.747528,1.1883862,0.4152339,0.98910606,0.39,10.0,0.8,61
-0.1950524281406109,8.623057,1.1765212,0.42428592,0.99987054,0.39,10.0,0.8,61
-0.1985365152090574,8.807362,1.1685504,0.4274857,0.96159184,0.39,10.0,0.8,61
-0.1830579646485367,8.451129,1.1861639,0.40177274,0.98861814,0.39,10.0,0.8,61
-0.1942168801418956,8.346847,1.1766716,0.4100502,0.9367441,0.39,10.0,0.8,61
-0.1967200210028563,9.053734,1.191391,0.416897,0.945686,0.39,10.0,0.8,61
-0.1886068965493107,8.0962715,1.163027,0.4234008,0.9964427,0.39,10.0,0.8,61
-0.1660800577918241,8.933535,1.1817162,0.4224884,0.96685684,0.39,10.0,0.8,61
-0.173877953467862,8.2696705,1.1531789,0.4209462,0.99028933,0.39,10.0,0.8,61
-0.1586266833513273,8.695229,1.1696464,0.4136801,0.99038553,0.39,10.0,0.8,61
-0.1833814782349577,8.302318,1.1838571,0.4081848,0.986879,0.39,10.0,0.8,61
-0.1836692955574457,8.842603,1.1705532,0.41705152,0.9971497,0.39,10.0,0.8,61
-0.2155844298038658,8.685609,1.1616585,0.42840075,0.9939189,0.39,10.0,0.8,61
-0.1994092214144118,8.459359,1.1829121,0.41625777,0.9437512,0.39,10.0,0.8,61
-0.2135438406308817,8.394881,1.1554301,0.43266943,0.9753009,0.39,10.0,0.8,61
-0.2044026847944777,8.095113,1.171012,0.43192518,0.9590728,0.39,10.0,0.8,61
-0.1801840040310378,8.473034,1.1759489,0.41399208,0.90474534,0.39,10.0,0.8,61
-0.1945339022370907,8.64998,1.1689533,0.42518952,0.99820745,0.39,10.0,0.8,61
-0.196330382667764,8.729831,1.1799717,0.4154493,0.97510254,0.39,10.0,0.8,61
-0.2030518479771843,8.7777,1.1808618,0.40736178,0.99767125,0.39,10.0,0.8,61
-0.1733961869042629,8.673944,1.1667545,0.39386496,0.98654723,0.39,10.0,0.8,61
-0.2014783157906976,8.919654,1.1927798,0.43275365,0.940969,0.39,10.0,0.8,61
-0.1700800217991597,8.858903,1.1821272,0.41327125,0.9910109,0.39,10.0,0.8,61
-0.2102516454195903,9.226039,1.2136463,0.4089106,0.9887823,0.39,10.0,0.8,61
-0.1951411756985995,8.6125145,1.1791992,0.42591155,0.9966563,0.39,10.0,0.8,61
-0.2136206689364102,8.4364605,1.1615977,0.4161825,0.99661493,0.39,10.0,0.8,61
-0.1952801425356947,8.687224,1.1769217,0.43570006,0.9663273,0.39,10.0,0.8,61
-0.1774280916412142,8.631907,1.1805623,0.41078928,0.99218404,0.39,10.0,0.8,61
-0.1873083865849974,8.979085,1.1566454,0.42803323,0.9779718,0.39,10.0,0.8,61
-0.176879695113386,8.604482,1.1889701,0.4031788,0.9278517,0.39,10.0,0.8,61
-0.1949575098144117,9.03775,1.1956198,0.41408932,0.97241986,0.39,10.0,0.8,61
-0.1810375800640336,8.685608,1.1762357,0.41694304,0.9556459,0.39,10.0,0.8,61
-0.1495721156985147,8.576351,1.1797183,0.41518706,0.9885689,0.39,10.0,0.8,61
-0.231262632463215,8.781357,1.1832237,0.4298349,0.9741392,0.39,10.0,0.8,61
-0.174367268375877,8.577247,1.1907978,0.41508737,0.970785,0.39,10.0,0.8,61
-0.1854540987414981,8.786645,1.1802446,0.4347199,0.9977093,0.39,10.0,0.8,61
-0.2135047081524664,8.704899,1.1576391,0.41262537,0.9980345,0.39,10.0,0.8,61
-0.1746705260540348,8.5262785,1.1926339,0.42976725,0.9263433,0.39,10.0,0.8,61
-0.1856415622285591,8.716929,1.1776377,0.41909274,0.9903083,0.39,10.0,0.8,61
-0.2328179303870108,8.4813795,1.1621424,0.43450013,0.9909247,0.39,10.0,0.8,61
-0.2109550120496213,8.563264,1.1762288,0.4245309,0.9997115,0.39,10.0,0.8,61
-0.1790015594009977,8.55629,1.1880909,0.39598298,0.99318993,0.39,10.0,0.8,61
-0.1831662398521829,8.3445215,1.1737803,0.4119941,0.9880173,0.39,10.0,0.8,61
-0.183625634868411,8.819753,1.1646217,0.41976085,0.9754778,0.39,10.0,0.8,61
-0.1845844568078813,8.576768,1.1715623,0.41861853,0.9851165,0.39,10.0,0.8,61
-0.2015291102784195,8.795873,1.1806308,0.41147253,0.9939983,0.39,10.0,0.8,61
-0.1974989562781342,8.339487,1.1643777,0.41564432,0.957543,0.39,10.0,0.8,61
-0.1725460423027358,8.827031,1.1676657,0.42074803,0.986421,0.39,10.0,0.8,61
-0.202065921781495,9.276476,1.1902015,0.41801664,0.9667752,0.39,10.0,0.8,61
-0.1912093355028509,8.479591,1.1732732,0.41172424,0.9952166,0.39,10.0,0.8,61
-0.2378289326308571,8.636174,1.1663538,0.43051088,0.98832166,0.39,10.0,0.8,61
-0.1856033885466771,8.77261,1.170283,0.418442,0.9968455,0.39,10.0,0.8,61
-0.1775778839092781,8.702241,1.173044,0.4106215,0.9939321,0.39,10.0,0.8,61
-0.2204572993852465,8.630941,1.1691706,0.42222875,0.9953325,0.39,10.0,0.8,61
-0.1878636916144965,8.420006,1.1627737,0.40960908,0.998019,0.39,10.0,0.8,61
-0.2205440406155074,9.074805,1.175071,0.41997457,0.99800885,0.39,10.0,0.8,61
-0.201421789734976,8.0533695,1.1669265,0.42412218,0.991804,0.39,10.0,0.8,61
-0.2214109939904149,8.593021,1.2021055,0.416297,0.91630936,0.39,10.0,0.8,61
-0.1648151369617075,8.605888,1.1637639,0.39853582,0.95591176,0.39,10.0,0.8,61
-0.1932257215198255,8.720091,1.1736491,0.4132372,0.9722496,0.39,10.0,0.8,61
-0.1760138151687145,8.062885,1.1711724,0.41864547,0.9970983,0.39,10.0,0.8,61
-0.2168939055757122,8.551615,1.1699227,0.4134744,0.98167837,0.39,10.0,0.8,61
-0.18252491235489,8.628469,1.174751,0.3991273,0.97317755,0.39,10.0,0.8,61
-0.1853879873925856,8.924708,1.1637795,0.41951412,0.9995619,0.39,10.0,0.8,61
-0.154199422955391,8.417459,1.1633166,0.40808302,0.9676076,0.39,10.0,0.8,61
-0.171655128690335,8.638959,1.1674755,0.42266223,0.99658954,0.39,10.0,0.8,61
-0.1899716485681407,8.452846,1.1649259,0.414206,0.97778666,0.39,10.0,0.8,61
-0.1823034275761646,8.435888,1.1617962,0.4190344,0.98638797,0.39,10.0,0.8,61
-0.2082760571896602,8.618775,1.1777024,0.40892377,0.97720253,0.39,10.0,0.8,61
-0.2317110241935831,8.530742,1.178917,0.42317268,0.9356998,0.39,10.0,0.8,61
-0.2153928818209754,8.859463,1.1809932,0.4209063,0.9900533,0.39,10.0,0.8,61
-0.2037120772603834,8.621025,1.1878835,0.41711193,0.999805,0.39,10.0,0.8,61
-0.1838874190832233,8.262434,1.1628152,0.41324282,0.98825526,0.39,10.0,0.8,61
-0.20929132610895,8.268189,1.1804172,0.42195362,0.9317373,0.39,10.0,0.8,61
-0.1745593059367997,8.950761,1.1949999,0.41929585,0.9547584,0.39,10.0,0.8,61
-0.2326527792209246,8.581929,1.1722176,0.43225494,0.98158073,0.39,10.0,0.8,61
-0.2410324282997584,8.875346,1.161983,0.4276169,0.98751116,0.39,10.0,0.8,61
-0.1716545829948652,8.346787,1.156684,0.42940706,0.99847174,0.39,10.0,0.8,61
-0.1973732580401636,8.221219,1.1657163,0.42448866,0.98646283,0.39,10.0,0.8,61
-0.2095147672548752,8.386149,1.1704797,0.4347444,0.9775815,0.39,10.0,0.8,61
-0.1982469135077485,8.453159,1.1665742,0.42408442,0.9585397,0.39,10.0,0.8,61
-0.1995161334714235,8.690648,1.19277,0.41208315,0.97670794,0.39,10.0,0.8,61
-0.2277167945069202,8.491729,1.1646947,0.4144186,0.9906051,0.39,10.0,0.8,61
-0.1406879598018212,8.460804,1.1679928,0.40779647,0.97276616,0.39,10.0,0.8,61
-0.1965926479609986,8.814999,1.1806637,0.4088173,0.96863925,0.39,10.0,0.8,61
-0.1681493319606097,8.716904,1.1903195,0.4132533,0.99175406,0.39,10.0,0.8,61
-0.1918957318327444,8.892816,1.1804483,0.41842932,0.96784186,0.39,10.0,0.8,61
-0.1960554308364188,8.831175,1.1745542,0.41755447,0.99519694,0.39,10.0,0.8,61
-0.2289272823353262,9.087184,1.1651553,0.4338143,0.9986702,0.39,10.0,0.8,61
-0.1985501786313013,9.062818,1.1728857,0.42266718,0.9971038,0.39,10.0,0.8,61
-0.1897831195550174,8.570655,1.1916393,0.41671836,0.97711146,0.39,10.0,0.8,61
-0.1797059468139523,8.36463,1.1537843,0.41342285,0.99785936,0.39,10.0,0.8,61
-0.2092392882500358,8.9710455,1.180459,0.41063976,0.9920944,0.39,10.0,0.8,61
-0.1996758907649021,8.715445,1.1917665,0.4191114,0.9579078,0.39,10.0,0.8,61
-0.2059737118215375,8.849169,1.1649103,0.4193384,0.9903399,0.39,10.0,0.8,61
-0.1888267075881255,8.603964,1.1694393,0.41598356,0.99383354,0.39,10.0,0.8,61
-0.2126750975328677,8.646774,1.1751502,0.43229342,0.99801123,0.39,10.0,0.8,61
-0.2070348608945262,8.392091,1.1837575,0.41028178,0.98377573,0.39,10.0,0.8,61
-0.1954890752473165,8.395353,1.1712985,0.412316,0.99300075,0.39,10.0,0.8,61
-0.1676727451663178,8.524967,1.1903038,0.42366698,0.92843115,0.39,10.0,0.8,61
-0.1703142748371971,8.442014,1.1653491,0.41960788,0.94075954,0.39,10.0,0.8,61
-0.1951661492296958,8.192609,1.158778,0.41668233,0.98000944,0.39,10.0,0.8,61
-0.2256178512763586,8.483232,1.1695557,0.42592382,0.99545395,0.39,10.0,0.8,61
-0.1782007783144987,8.531891,1.1701175,0.4312989,0.9972284,0.39,10.0,0.8,61
-0.2208776157441622,8.825947,1.176714,0.4213848,0.9849558,0.39,10.0,0.8,61
-0.2041265038287261,8.520975,1.1580467,0.42327577,0.9988748,0.39,10.0,0.8,61
-0.1765541043179062,8.674422,1.166287,0.42045417,0.98990583,0.39,10.0,0.8,61
-0.1404788883095998,8.617907,1.1701035,0.42989463,0.99776995,0.39,10.0,0.8,61
-0.1609783382669564,8.571039,1.1894836,0.41608733,0.952204,0.39,10.0,0.8,61
-0.2007640655209122,8.459323,1.1680756,0.419386,0.9919735,0.39,10.0,0.8,61
-0.1885212332297006,8.54168,1.1561592,0.41716713,0.9987626,0.39,10.0,0.8,61
-0.1733912383716938,9.165984,1.1900424,0.4138173,0.9998138,0.39,10.0,0.8,61
-0.173153960482735,8.502667,1.170236,0.42709523,0.9228326,0.39,10.0,0.8,61
-0.1796693078205065,9.007063,1.176756,0.42333168,0.996945,0.39,10.0,0.8,61
-0.2293345046360636,8.684004,1.1806664,0.43566957,0.95827854,0.39,10.0,0.8,61
-0.1941884492290422,9.101968,1.1890874,0.40260142,0.9631995,0.39,10.0,0.8,61
-0.1854540870768021,8.341293,1.158224,0.41018,0.9966589,0.39,10.0,0.8,61
-0.1863226318139746,8.824879,1.1793886,0.41284215,0.99331546,0.39,10.0,0.8,61
-0.1977757167620937,8.859726,1.1910045,0.40874144,0.97523344,0.39,10.0,0.8,61
-0.1867314037915506,8.709416,1.1860564,0.42077482,0.9761996,0.39,10.0,0.8,61
-0.1339313216170366,8.260954,1.1702744,0.3917773,0.98386467,0.39,10.0,0.8,61
-0.1603330639001657,8.592341,1.1704289,0.40649518,0.9980223,0.39,10.0,0.8,61
-0.1860432022132795,9.042669,1.1921817,0.4259782,0.9944351,0.39,10.0,0.8,61
-0.1638324057677629,8.232198,1.1698906,0.41669583,0.9980297,0.39,10.0,0.8,61
-0.1854252789989342,8.71716,1.1951272,0.41358447,0.9797919,0.39,10.0,0.8,61
-0.1760924283630894,8.594492,1.1827977,0.42196244,0.9882227,0.39,10.0,0.8,61
-0.1824492887074286,8.1654215,1.1619992,0.42433476,0.99072325,0.39,10.0,0.8,61
-0.1969137505230664,8.712354,1.1909602,0.41414708,0.9548435,0.39,10.0,0.8,61
-0.2274093066730909,8.907891,1.1941254,0.42429236,0.9453331,0.39,10.0,0.8,61
-0.2101224319302804,8.606792,1.1904325,0.42281923,0.96404195,0.39,10.0,0.8,61
-0.1542728876725922,8.549083,1.1632106,0.41960457,0.9879215,0.39,10.0,0.8,61
-0.1661395264574791,8.50381,1.1943774,0.40712762,0.91764355,0.39,10.0,0.8,61
-0.2236414042148765,8.876616,1.1763508,0.4351499,0.9768888,0.39,10.0,0.8,61
-0.1879865738606135,8.467441,1.1810675,0.4084412,0.99418664,0.39,10.0,0.8,61
-0.2018580163123053,8.427871,1.1584021,0.44263887,0.9659872,0.39,10.0,0.8,61
-0.2360552921973573,8.555911,1.1820365,0.44090456,0.96151173,0.39,10.0,0.8,61
-0.2047271266881616,8.509885,1.164283,0.419722,0.98431957,0.39,10.0,0.8,61
-0.228735736373015,8.371571,1.1802025,0.41994357,0.9803988,0.39,10.0,0.8,61
-0.2124078674106539,8.460531,1.174139,0.42380366,0.95828736,0.39,10.0,0.8,61
-0.1970090117864501,8.53597,1.174496,0.41455472,0.99333084,0.39,10.0,0.8,61
-0.2236860954651691,9.086046,1.1709399,0.4330173,0.9514973,0.39,10.0,0.8,61
-0.1735314477380735,8.640123,1.1615549,0.4048792,0.99440646,0.39,10.0,0.8,61
-0.1935919674026075,8.804815,1.1871258,0.4163703,0.9643755,0.39,10.0,0.8,61
-0.1845634418182997,8.600746,1.1554803,0.41345635,0.99888384,0.39,10.0,0.8,61
-0.2176795938193127,8.544074,1.1658733,0.42153963,0.9700253,0.39,10.0,0.8,61
-0.1893374339194478,8.808415,1.1804401,0.40648052,0.9966879,0.39,10.0,0.8,61
-0.1777155921378667,8.707648,1.1696782,0.41849622,0.98010266,0.39,10.0,0.8,61
-0.192976732642038,8.657384,1.170115,0.4290466,0.99781275,0.39,10.0,0.8,61
-0.2183223838181432,8.458851,1.1730806,0.42326072,0.94087064,0.39,10.0,0.8,61
-0.2045285809223093,8.655398,1.1659682,0.41716427,0.9985024,0.39,10.0,0.8,61
-0.1829665218649037,8.832791,1.1890008,0.42038622,0.9527075,0.39,10.0,0.8,61
-0.1586207360669802,8.089137,1.1771371,0.40608144,0.99052477,0.39,10.0,0.8,61
-0.1849670789478501,8.728335,1.167311,0.42533895,0.9796407,0.39,10.0,0.8,61
-0.200141053519449,8.659987,1.1974341,0.42484522,0.98333156,0.39,10.0,0.8,61
-0.1773555191610096,8.650709,1.1686108,0.41169345,0.98169243,0.39,10.0,0.8,61
-0.1886241013928103,8.716481,1.1702731,0.43458238,0.9953208,0.39,10.0,0.8,61
-0.1674028224637589,8.617435,1.1660744,0.4117287,0.9945377,0.39,10.0,0.8,61
-0.1499350087523094,8.500951,1.180624,0.40988868,0.96887004,0.39,10.0,0.8,61
-0.1832941223191385,8.346906,1.1563939,0.41970217,0.9694989,0.39,10.0,0.8,61
-0.1911935200076264,8.73554,1.1656712,0.4190319,0.9989729,0.39,10.0,0.8,61
-0.1981884789076408,8.387146,1.1856595,0.4101999,0.99724627,0.39,10.0,0.8,61
-0.1639689509041355,8.631762,1.1858124,0.416644,0.932932,0.39,10.0,0.8,61
-0.2065981670777897,8.789075,1.1654603,0.4256917,0.99408305,0.39,10.0,0.8,61
-0.1701213946972069,8.389316,1.1731709,0.40898347,0.9712379,0.39,10.0,0.8,61
-0.1763816580411233,9.0206175,1.168266,0.41230997,0.9916098,0.39,10.0,0.8,61
-0.1734530306960567,8.48909,1.1786551,0.42498997,0.95069253,0.39,10.0,0.8,61
-0.2111858817498784,8.844048,1.1894729,0.43765166,0.9561094,0.39,10.0,0.8,61
-0.2028793358387942,8.720336,1.1703964,0.41813958,0.9995507,0.39,10.0,0.8,61
-0.1585031668214983,8.88743,1.1834731,0.4204379,0.9979986,0.39,10.0,0.8,61
-0.1953705441719922,8.8130455,1.1766,0.4065943,0.94107723,0.39,10.0,0.8,61
-0.1632809885326647,8.362427,1.1795145,0.4089684,0.9330821,0.39,10.0,0.8,61
-0.1774130468920041,8.475333,1.1957642,0.41340315,0.884531,0.39,10.0,0.8,61
-0.199910543836127,8.489895,1.1745158,0.4268595,0.9642441,0.39,10.0,0.8,61
-0.1714796748717707,8.648152,1.1664283,0.42251173,0.9751116,0.39,10.0,0.8,61
-0.173222349727166,8.751913,1.1642418,0.41417158,0.9964006,0.39,10.0,0.8,61
-0.2111635798807642,8.643708,1.1758261,0.41790345,0.9681783,0.39,10.0,0.8,61
-0.1728063103828117,8.737462,1.1808417,0.41647235,0.9931748,0.39,10.0,0.8,61
-0.1604331162690872,8.310025,1.1619297,0.4167826,0.9821712,0.39,10.0,0.8,61
-0.1727738689375753,8.5688305,1.1715398,0.41336587,0.9810035,0.39,10.0,0.8,61
-0.2173380817190773,8.525708,1.1609538,0.41777602,0.9846175,0.39,10.0,0.8,61
-0.1969214454595239,8.318878,1.180138,0.42919138,0.972399,0.39,10.0,0.8,61
-0.231338577085044,8.665725,1.1832747,0.4265127,0.98292255,0.39,10.0,0.8,61
-0.2040664725293888,8.508685,1.1787107,0.4178969,0.9625385,0.39,10.0,0.8,61
-0.191917782064104,8.637619,1.1693385,0.40197682,0.98638594,0.39,10.0,0.8,61
-0.223284828941068,8.448666,1.1693747,0.41754174,0.9985658,0.39,10.0,0.8,61
-0.183898096804487,8.816178,1.190827,0.42568183,0.97060263,0.39,10.0,0.8,61
-0.1785524274212067,8.462257,1.1907854,0.41616428,0.9042306,0.39,10.0,0.8,61
-0.2002772760440041,8.993898,1.1662071,0.43002945,0.9912962,0.39,10.0,0.8,61
-0.1863702500708393,8.548067,1.1639589,0.42915255,0.9494896,0.39,10.0,0.8,61
-0.2036694403314541,8.788137,1.1882516,0.41833693,0.9907218,0.39,10.0,0.8,61
-0.1794438912363355,8.8727865,1.1858099,0.42075276,0.9657974,0.39,10.0,0.8,61
-0.1814076167387752,8.543542,1.1754203,0.41977975,0.9900774,0.39,10.0,0.8,61
-0.1859563008643221,8.86339,1.188498,0.42219853,0.98151875,0.39,10.0,0.8,61
-0.2126718269473088,8.5460005,1.1692433,0.42648864,0.9547069,0.39,10.0,0.8,61
-0.1647213970602107,8.434008,1.1731515,0.41938388,0.94774437,0.39,10.0,0.8,61
-0.1588519516791633,8.757168,1.1660337,0.4199095,0.99175525,0.39,10.0,0.8,61
-0.1761034011352757,8.429446,1.1535937,0.40987065,0.9801775,0.39,10.0,0.8,61
-0.1634872234831569,8.513594,1.1742388,0.42111894,0.96773624,0.39,10.0,0.8,61
-0.1867770730778041,8.56874,1.1664741,0.4292151,0.98599136,0.39,10.0,0.8,61
-0.1974170504304501,8.193427,1.1628482,0.41395783,0.9778832,0.39,10.0,0.8,61
-0.1702252528172066,8.735784,1.1654341,0.41248778,0.9989301,0.39,10.0,0.8,61
-0.1479884777928082,8.623706,1.1831276,0.40199617,0.9520639,0.39,10.0,0.8,61
-0.186312689532277,8.7678385,1.1793399,0.40872273,0.9579967,0.39,10.0,0.8,61
-0.1734207911769589,8.542528,1.1721908,0.4109289,0.9888549,0.39,10.0,0.8,61
-0.1895020971522726,8.772407,1.1769873,0.4244818,0.99376535,0.39,10.0,0.8,61
-0.1509395957798406,8.550769,1.18898,0.4216839,0.9024805,0.39,10.0,0.8,61
-0.1907562159540221,8.529511,1.1722962,0.4113742,0.99466586,0.39,10.0,0.8,61
-0.1925095299981389,9.080582,1.1745268,0.42415226,0.9860642,0.39,10.0,0.8,61
-0.2209263583776772,8.672795,1.169301,0.42569965,0.99842095,0.39,10.0,0.8,61
-0.1871068032249091,8.835562,1.1903822,0.41288418,0.973804,0.39,10.0,0.8,61
-0.1691318028878531,8.674076,1.1695054,0.41151366,0.9940425,0.39,10.0,0.8,61
-0.1575399861316231,8.575808,1.1717124,0.4023348,0.99946034,0.39,10.0,0.8,61
-0.1750809036184601,8.430277,1.1743636,0.40600732,0.9978094,0.39,10.0,0.8,61
-0.1856256570469515,8.5914955,1.1626431,0.42730245,0.9937774,0.39,10.0,0.8,61
-0.2101792900784355,9.012106,1.1896371,0.42699274,0.9945904,0.39,10.0,0.8,61
-0.2085740454194489,8.284341,1.1676983,0.42912972,0.9503844,0.39,10.0,0.8,61
-0.1932963593931012,8.67307,1.1787875,0.4184425,0.95509505,0.39,10.0,0.8,61
-0.1914900399987016,9.316853,1.1747667,0.40319964,0.9942324,0.39,10.0,0.8,61
-0.2196604231094509,8.587311,1.1860696,0.41884807,0.9567733,0.39,10.0,0.8,61
-0.2027416823415453,8.705417,1.1880696,0.413124,0.9714626,0.39,10.0,0.8,61
-0.1735212796664164,8.29989,1.1712945,0.40773034,0.99023676,0.39,10.0,0.8,61
-0.1660766330882983,8.283101,1.175839,0.41675976,0.9612733,0.39,10.0,0.8,61
-0.2101158452082802,8.472124,1.1692818,0.4143427,0.9953402,0.39,10.0,0.8,61
-0.2136335068861806,8.649759,1.1846294,0.4364711,0.9703237,0.39,10.0,0.8,61
-0.1989407969936499,8.556364,1.1596944,0.437876,0.9949182,0.39,10.0,0.8,61
-0.1597886465222955,8.532114,1.1616575,0.41623065,0.9964403,0.39,10.0,0.8,61
-0.2013761830403104,8.545173,1.1638964,0.41266936,0.9978299,0.39,10.0,0.8,61
-0.2053237939930255,9.012914,1.1852804,0.42102498,0.9867797,0.39,10.0,0.8,61
-0.1936087939121828,8.6789465,1.19438,0.41390038,0.9585738,0.39,10.0,0.8,61
-0.1851307992901016,9.009588,1.1732254,0.41448447,0.9753599,0.39,10.0,0.8,61
-0.1854412016263393,8.864083,1.1818243,0.42968065,0.99436355,0.39,10.0,0.8,61
-0.1738497123503514,8.629661,1.1891407,0.41270542,0.96664333,0.39,10.0,0.8,61
-0.2155214418237504,8.580495,1.1889404,0.40790316,0.96392584,0.39,10.0,0.8,61
-0.2101473341578714,8.614945,1.1485595,0.41789854,0.98998344,0.39,10.0,0.8,61
-0.2123777232101776,8.656123,1.162748,0.41101974,0.9633118,0.39,10.0,0.8,61
-0.1739532671004015,9.269768,1.1965845,0.4055381,0.9683572,0.39,10.0,0.8,61
-0.1601495101703226,8.910435,1.1777649,0.41689357,0.9884193,0.39,10.0,0.8,61
-0.192939173182055,8.554412,1.1690979,0.4212298,0.9942293,0.39,10.0,0.8,61
-0.1895404422515002,8.562038,1.1898963,0.41027543,0.9843333,0.39,10.0,0.8,61
-0.1767564476793107,8.590744,1.1667951,0.4203872,0.9731798,0.39,10.0,0.8,61
-0.1767153990036877,8.701237,1.1537625,0.42114338,0.997579,0.39,10.0,0.8,61
-0.1721688847068388,8.289164,1.1618073,0.40919012,0.97491837,0.39,10.0,0.8,61
-0.2191000597235368,8.857806,1.166412,0.43090293,0.99372077,0.39,10.0,0.8,61
-0.2223539175713928,8.869341,1.1807071,0.4151011,0.99391794,0.39,10.0,0.8,61
-0.206205856953819,8.552638,1.1603558,0.4263906,0.97838163,0.39,10.0,0.8,61
-0.1827897241513341,8.843723,1.1810865,0.4114091,0.99271405,0.39,10.0,0.8,61
-0.1738076365787151,8.510052,1.1905023,0.41957343,0.9715787,0.39,10.0,0.8,61
-0.2004749623243006,8.366397,1.168488,0.42004827,0.99504554,0.39,10.0,0.8,61
-0.2178401178396102,8.882977,1.1948756,0.41766265,0.9731815,0.39,10.0,0.8,61
-0.191747957742568,8.481183,1.1624002,0.42365727,0.99614763,0.39,10.0,0.8,61
-0.1634940689735061,8.479903,1.1677792,0.41410545,0.9901515,0.39,10.0,0.8,61
-0.1864557214329894,8.336988,1.171982,0.40571338,0.9626689,0.39,10.0,0.8,61
-0.1923961727133548,8.524241,1.1759673,0.4260201,0.99165225,0.39,10.0,0.8,61
-0.1759157333159275,8.498285,1.161726,0.4169046,0.9994308,0.39,10.0,0.8,61
-0.1743731433879145,8.987242,1.180974,0.4126602,0.9643134,0.39,10.0,0.8,61
-0.1847027780699754,8.557115,1.1698202,0.41121057,0.993014,0.39,10.0,0.8,61
-0.1875337909261182,8.131469,1.1460568,0.42334154,0.99178743,0.39,10.0,0.8,61
-0.1784603618648181,8.882082,1.1886289,0.40545636,0.99639857,0.39,10.0,0.8,61
-0.2003753046784454,8.6221695,1.1982944,0.41168684,0.98221314,0.39,10.0,0.8,61
-0.1608410677353459,8.30858,1.1895179,0.4128021,0.92255116,0.39,10.0,0.8,61
-0.2033468713145417,8.544534,1.1484487,0.41974345,0.99818563,0.39,10.0,0.8,61
-0.2057108156463873,8.565613,1.172232,0.42495382,0.97207487,0.39,10.0,0.8,61
-0.2380987699444242,8.463052,1.1861374,0.43571454,0.97220004,0.39,10.0,0.8,61
-0.1993300826522686,8.776858,1.1700976,0.43211195,0.9798744,0.39,10.0,0.8,61
-0.1915375107386461,8.418221,1.1902146,0.40445855,0.90913594,0.39,10.0,0.8,61
-0.1762783983810409,8.816522,1.1729772,0.40473306,0.95721436,0.39,10.0,0.8,61
-0.1678195625757121,8.5554695,1.1792706,0.41701782,0.980852,0.39,10.0,0.8,61
-0.1445105770812918,8.524888,1.1862156,0.41790342,0.9715284,0.39,10.0,0.8,61
-0.2267625227140428,8.768903,1.1817738,0.42510363,0.9997225,0.39,10.0,0.8,61
-0.1900267262883415,8.736704,1.1674845,0.4210812,0.98973346,0.39,10.0,0.8,61
-0.1760975368508541,8.794938,1.1857878,0.42612773,0.9852532,0.39,10.0,0.8,61
-0.1945940605059128,8.6973505,1.1666678,0.41863742,0.9870249,0.39,10.0,0.8,61
-0.1878360418360699,8.617878,1.1692922,0.41558293,0.9954587,0.39,10.0,0.8,61
-0.1771017042592457,8.67667,1.1659026,0.41697294,0.9972503,0.39,10.0,0.8,61
-0.1813927152359375,9.078334,1.184731,0.41123065,0.99799144,0.39,10.0,0.8,61
-0.2244068362817793,8.828068,1.1837387,0.42116973,0.99621606,0.39,10.0,0.8,61
-0.2057995184856403,8.6167965,1.1744108,0.41102174,0.9799851,0.39,10.0,0.8,61
-0.1906526190426845,8.667093,1.1884363,0.40984368,0.9725989,0.39,10.0,0.8,61
-0.1937735593282334,8.509486,1.176223,0.41944486,0.97442055,0.39,10.0,0.8,61
-0.1766960263935545,8.660713,1.1691875,0.43108165,0.9433687,0.39,10.0,0.8,61
-0.2095243400268203,8.773401,1.160886,0.42578784,0.9915496,0.39,10.0,0.8,61
-0.2099335997082682,8.561142,1.1767629,0.42222938,0.97105217,0.39,10.0,0.8,61
-0.2175917365021447,8.624571,1.1675723,0.4208452,0.9802048,0.39,10.0,0.8,61
-0.1739540537108906,8.498274,1.1785681,0.4197394,0.98100793,0.39,10.0,0.8,61
-0.171906683774419,8.359595,1.1541872,0.42365378,0.98438275,0.39,10.0,0.8,61
-0.1628121440095813,8.241739,1.1663811,0.41481838,0.9938741,0.39,10.0,0.8,61
-0.2017710232051392,8.774002,1.186285,0.42193654,0.98137736,0.39,10.0,0.8,61
-0.2437880300523802,8.934818,1.2096639,0.4143146,0.9334649,0.39,10.0,0.8,61
-0.2011291624067261,8.541825,1.1642001,0.42143613,0.9937246,0.39,10.0,0.8,61
-0.2293919046264343,8.74425,1.1902337,0.40652293,0.98809767,0.39,10.0,0.8,61
-0.1757271013557605,8.545249,1.172456,0.40963602,0.9847311,0.39,10.0,0.8,61
-0.1860576705971662,8.917533,1.1883669,0.41737235,0.9971719,0.39,10.0,0.8,61
-0.2079306862590988,8.560622,1.1642435,0.4304269,0.98112047,0.39,10.0,0.8,61
-0.1840764722292108,8.502755,1.1721339,0.42491713,0.9826076,0.39,10.0,0.8,61
-0.1942609486047906,8.00707,1.1912259,0.4288101,0.86166036,0.39,10.0,0.8,61
-0.2068793607685436,8.74923,1.1710718,0.42847836,0.9523169,0.39,10.0,0.8,61
-0.1834031343704114,8.766742,1.1661873,0.41582084,0.9910332,0.39,10.0,0.8,61
-0.2032574137718919,8.899301,1.1794975,0.40118542,0.9928384,0.39,10.0,0.8,61
-0.1973817663890678,8.569813,1.1616197,0.4184541,0.9554386,0.39,10.0,0.8,61
-0.1626724349634918,8.907519,1.1826117,0.4056061,0.9706081,0.39,10.0,0.8,61
-0.2107357867371706,8.945881,1.1805892,0.4148845,0.96650267,0.39,10.0,0.8,61
-0.1972990870426962,8.705431,1.1801995,0.41724175,0.9890164,0.39,10.0,0.8,61
-0.1544185147534373,8.685196,1.1718837,0.4045781,0.95796716,0.39,10.0,0.8,61
-0.2241721576019099,8.753832,1.1917167,0.41692436,0.9980978,0.39,10.0,0.8,61
-0.1767936348793084,8.416405,1.1778002,0.41416907,0.99045014,0.39,10.0,0.8,61
-0.1759164776382329,8.647213,1.175545,0.4150614,0.95048046,0.39,10.0,0.8,61
-0.2129182544384178,8.918544,1.1649581,0.43074906,0.9919752,0.39,10.0,0.8,61
-0.1850491751643506,8.618138,1.16618,0.4244216,0.97332203,0.39,10.0,0.8,61
-0.2090860542133374,8.98856,1.1863037,0.41441134,0.9738574,0.39,10.0,0.8,61
-0.1752554935955098,8.317041,1.1610748,0.40703005,0.99325573,0.39,10.0,0.8,61
-0.2069048103266143,8.586608,1.1701782,0.42299438,0.983863,0.39,10.0,0.8,61
-0.1613942855456224,8.865457,1.1869591,0.42070618,0.91230047,0.39,10.0,0.8,61
-0.1939658653260253,8.47389,1.1706171,0.41252208,0.98783195,0.39,10.0,0.8,61
-0.2279957846072459,8.598307,1.1794224,0.4108857,0.99509203,0.39,10.0,0.8,61
-0.1399088881398906,8.640194,1.1842474,0.40824413,0.942441,0.39,10.0,0.8,61
-0.2010183579846072,8.717413,1.1726613,0.42016196,0.9758936,0.39,10.0,0.8,61
-0.1679440240752611,8.504398,1.1807209,0.42463225,0.9989375,0.39,10.0,0.8,61
-0.1848447726473227,9.0745735,1.1772392,0.4077945,0.99429,0.39,10.0,0.8,61
-0.2070875102665919,8.486336,1.1786424,0.41764045,0.9128015,0.39,10.0,0.8,61
-0.1528400899053474,8.897751,1.1708958,0.4066757,0.9977343,0.39,10.0,0.8,61
-0.191557415500512,8.731223,1.1779903,0.411157,0.9851322,0.39,10.0,0.8,61
-0.1838277901329306,8.480425,1.1724185,0.40512332,0.98896503,0.39,10.0,0.8,61
-0.2206434002527805,8.544543,1.1896589,0.41739804,0.9151758,0.39,10.0,0.8,61
-0.2318800017435938,8.754978,1.1688946,0.4321512,0.97510386,0.39,10.0,0.8,61
-0.1877528843835774,8.690039,1.1789396,0.41985586,0.97099125,0.39,10.0,0.8,61
-0.1614426834263601,8.711821,1.193642,0.40084806,0.93164396,0.39,10.0,0.8,61
-0.1896406148058365,8.685105,1.2036896,0.41408262,0.8709291,0.39,10.0,0.8,61
-0.1771761541918088,8.643046,1.1911498,0.38459668,0.9593289,0.39,10.0,0.8,61
-0.1915103608973804,8.216692,1.1650227,0.41734466,0.9451437,0.39,10.0,0.8,61
-0.2127514388397748,8.876143,1.1793727,0.42988974,0.99352765,0.39,10.0,0.8,61
-0.216544013191758,8.631278,1.186358,0.41803014,0.9959568,0.39,10.0,0.8,61
-0.1696003094885952,8.6146145,1.1798754,0.41844222,0.9549438,0.39,10.0,0.8,61
-0.2032746603447436,8.721476,1.1856213,0.41445258,0.96447384,0.39,10.0,0.8,61
-0.226158277927426,8.836616,1.1668589,0.41956046,0.9991766,0.39,10.0,0.8,61
-0.1730114481441806,8.268054,1.1690605,0.4015075,0.9663093,0.39,10.0,0.8,61
-0.1424331291378337,8.75003,1.1993914,0.4166286,0.93385196,0.39,10.0,0.8,61
-0.1997510797389332,8.529757,1.1725131,0.41564938,0.9964025,0.39,10.0,0.8,61
-0.1772377691908283,8.570968,1.1615554,0.41577837,0.9974791,0.39,10.0,0.8,61
-0.1767499672353816,8.2625675,1.1632856,0.41599974,0.952718,0.39,10.0,0.8,61
-0.213055593767332,9.18433,1.18703,0.41668388,0.9852569,0.39,10.0,0.8,61
-0.1888521365011482,8.776086,1.1705083,0.43467876,0.9984393,0.39,10.0,0.8,61
-0.2068009970693285,8.705417,1.1744772,0.42664188,0.98006344,0.39,10.0,0.8,61
-0.1935644645773888,8.557248,1.1712006,0.4186291,0.98264885,0.39,10.0,0.8,61
-0.1850934415781144,8.706408,1.1664435,0.42421943,0.9691106,0.39,10.0,0.8,61
-0.1865754100634595,8.918031,1.177275,0.41356292,0.9789965,0.39,10.0,0.8,61
-0.2202977800808519,8.528404,1.1575536,0.41488704,0.9951227,0.39,10.0,0.8,61
-0.1928286622783422,8.066808,1.1585537,0.40463385,0.98346686,0.39,10.0,0.8,61
-0.1768824962974204,8.570548,1.1876314,0.42231286,0.9916496,0.39,10.0,0.8,61
-0.1998650270791966,8.622554,1.1841513,0.4233209,0.885147,0.39,10.0,0.8,61
-0.1949186194980156,8.188603,1.163759,0.41220713,0.9703772,0.39,10.0,0.8,61
-0.1843607674796847,8.562027,1.1643364,0.41713274,0.9827666,0.39,10.0,0.8,61
-0.1682302966771862,8.445593,1.1709713,0.41015702,0.9885378,0.39,10.0,0.8,61
-0.2003358763316026,9.1021185,1.2029572,0.39998597,0.9750235,0.39,10.0,0.8,61
-0.1790780155978402,8.512321,1.1682316,0.41226602,0.9946822,0.39,10.0,0.8,61
-0.2042866421038687,8.815938,1.1883515,0.41322893,0.99490416,0.39,10.0,0.8,61
-0.1825631158354338,8.833583,1.182752,0.41884768,0.97956014,0.39,10.0,0.8,61
-0.2123233714513671,8.592806,1.1648432,0.41564435,0.9949478,0.39,10.0,0.8,61
-0.2185308184179581,8.844369,1.1779885,0.41244468,0.9942744,0.39,10.0,0.8,61
-0.1922206791128082,8.859416,1.1746966,0.41362637,0.96497023,0.39,10.0,0.8,61
-0.2114008105399054,8.726959,1.170148,0.42593554,0.982679,0.39,10.0,0.8,61
-0.1768297405984775,8.722917,1.1970993,0.43013105,0.9502628,0.39,10.0,0.8,61
-0.2022404515609038,8.854602,1.1753932,0.41178074,0.9886484,0.39,10.0,0.8,61
-0.2033790182798887,8.090854,1.1764035,0.4288093,0.98090136,0.39,10.0,0.8,61
-0.1757152412125617,8.578511,1.1731614,0.41244674,0.9715766,0.39,10.0,0.8,61
-0.1784616906664876,8.293099,1.1549504,0.40878785,0.9774014,0.39,10.0,0.8,61
-0.1709588824031052,8.327039,1.1758554,0.42748633,0.9726833,0.39,10.0,0.8,61
-0.1743353775848263,8.564954,1.1794746,0.42127925,0.991943,0.39,10.0,0.8,61
-0.2017642003120883,8.817844,1.1724266,0.4118478,0.9998865,0.39,10.0,0.8,61
-0.2127804769220225,8.729572,1.1648216,0.43063277,0.9873189,0.39,10.0,0.8,61
-0.1883737430235746,8.557916,1.178785,0.41615188,0.97223294,0.39,10.0,0.8,61
-0.1739772697285717,8.774908,1.1680611,0.42071527,0.96578264,0.39,10.0,0.8,61
-0.1907584171065776,8.581732,1.185599,0.4090978,0.950132,0.39,10.0,0.8,61
-0.2021419733061151,8.59972,1.1718382,0.420427,0.9865532,0.39,10.0,0.8,61
-0.190057988298586,8.11975,1.1787103,0.41736028,0.93551075,0.39,10.0,0.8,61
-0.2168339497674573,8.898355,1.1769298,0.41926646,0.9730313,0.39,10.0,0.8,61
-0.194509092006859,8.245201,1.1725999,0.41686344,0.9802017,0.39,10.0,0.8,61
-0.2112908289132367,8.851507,1.1752809,0.4242225,0.9686686,0.39,10.0,0.8,61
-0.1892797464553263,8.332692,1.173025,0.4104062,0.9536569,0.39,10.0,0.8,61
-0.2071906680704505,9.192505,1.1904558,0.4193484,0.98958087,0.39,10.0,0.8,61
-0.1834377916564473,8.666919,1.1818361,0.42612174,0.94504595,0.39,10.0,0.8,61
-0.1792147984597431,9.279309,1.1847345,0.4181813,0.97482,0.39,10.0,0.8,61
-0.2193194810370461,8.943521,1.1745231,0.4195863,0.960626,0.39,10.0,0.8,61
-0.1842392068777992,8.505338,1.1849424,0.41198322,0.95534253,0.39,10.0,0.8,61
-0.1683753565487622,8.651791,1.1656007,0.4161353,0.98786414,0.39,10.0,0.8,61
-0.2279617479513709,8.342822,1.1649727,0.42331636,0.9789612,0.39,10.0,0.8,61
-0.1686084202856222,8.542221,1.1868707,0.39910176,0.9890008,0.39,10.0,0.8,61
-0.1942036944328823,8.357564,1.1726362,0.4144965,0.9916028,0.39,10.0,0.8,61
-0.1998588015454818,8.53531,1.1721416,0.42444125,0.9683616,0.39,10.0,0.8,61
-0.1988085517863778,9.062176,1.1721683,0.42828348,0.9881344,0.39,10.0,0.8,61
-0.1770946324249861,8.551231,1.1815897,0.413257,0.94867015,0.39,10.0,0.8,61
-0.1959957629240889,8.445707,1.1805793,0.42187607,0.96125174,0.39,10.0,0.8,61
-0.2023363868045709,8.327826,1.1540807,0.43289202,0.99826443,0.39,10.0,0.8,61
-0.2214353143448961,8.604332,1.1671278,0.4221505,0.99018717,0.39,10.0,0.8,61
-0.1517811423411998,8.807409,1.1738677,0.4039028,0.99978614,0.39,10.0,0.8,61
-0.1897275260624646,8.239962,1.1515641,0.41822284,0.9976615,0.39,10.0,0.8,61
-0.207404740364305,8.793986,1.1708524,0.4349701,0.9897611,0.39,10.0,0.8,61
-0.1789832862592402,8.5920105,1.1923062,0.41157556,0.9563514,0.39,10.0,0.8,61
