acoh,is_correct,quantile,rt,proportion,n,draw,gain,bound,k
0.0,False,0.25,128.0,0.5033333333333333,1510,-1,1.2,2.94,10.0
0.0,False,0.5,212.0,0.5033333333333333,1510,-1,1.2,2.94,10.0
0.0,False,0.75,350.75,0.5033333333333333,1510,-1,1.2,2.94,10.0
0.0,True,0.25,137.0,0.49666666666666665,1490,-1,1.2,2.94,10.0
0.0,True,0.5,216.0,0.49666666666666665,1490,-1,1.2,2.94,10.0
0.0,True,0.75,354.0,0.49666666666666665,1490,-1,1.2,2.94,10.0
0.03,False,0.25,137.0,0.3017198196693939,1807,-1,1.2,2.94,10.0
0.03,False,0.5,215.0,0.3017198196693939,1807,-1,1.2,2.94,10.0
0.03,False,0.75,337.5,0.3017198196693939,1807,-1,1.2,2.94,10.0
0.03,True,0.25,126.0,0.6982801803306061,4182,-1,1.2,2.94,10.0
0.03,True,0.5,202.0,0.6982801803306061,4182,-1,1.2,2.94,10.0
0.03,True,0.75,328.0,0.6982801803306061,4182,-1,1.2,2.94,10.0
0.06,False,0.25,122.0,0.1620740257622697,994,-1,1.2,2.94,10.0
0.06,False,0.5,206.5,0.1620740257622697,994,-1,1.2,2.94,10.0
0.06,False,0.75,330.0,0.1620740257622697,994,-1,1.2,2.94,10.0
0.06,True,0.25,120.0,0.8379259742377303,5139,-1,1.2,2.94,10.0
0.06,True,0.5,193.0,0.8379259742377303,5139,-1,1.2,2.94,10.0
0.06,True,0.75,311.0,0.8379259742377303,5139,-1,1.2,2.94,10.0
0.09,False,0.25,117.0,0.07695902788596355,494,-1,1.2,2.94,10.0
0.09,False,0.5,179.5,0.07695902788596355,494,-1,1.2,2.94,10.0
0.09,False,0.75,271.0,0.07695902788596355,494,-1,1.2,2.94,10.0
0.09,True,0.25,107.0,0.9230409721140365,5925,-1,1.2,2.94,10.0
0.09,True,0.5,167.0,0.9230409721140365,5925,-1,1.2,2.94,10.0
0.09,True,0.75,267.0,0.9230409721140365,5925,-1,1.2,2.94,10.0
0.12,False,0.25,91.0,0.03338582677165354,212,-1,1.2,2.94,10.0
0.12,False,0.5,161.5,0.03338582677165354,212,-1,1.2,2.94,10.0
0.12,False,0.75,248.0,0.03338582677165354,212,-1,1.2,2.94,10.0
0.12,True,0.25,96.0,0.9666141732283464,6138,-1,1.2,2.94,10.0
0.12,True,0.5,146.0,0.9666141732283464,6138,-1,1.2,2.94,10.0
0.12,True,0.75,229.0,0.9666141732283464,6138,-1,1.2,2.94,10.0
0.15,False,0.25,85.0,0.011746280344557557,75,-1,1.2,2.94,10.0
0.15,False,0.5,136.0,0.011746280344557557,75,-1,1.2,2.94,10.0
0.15,False,0.75,192.0,0.011746280344557557,75,-1,1.2,2.94,10.0
0.15,True,0.25,83.0,0.9882537196554424,6310,-1,1.2,2.94,10.0
0.15,True,0.5,122.5,0.9882537196554424,6310,-1,1.2,2.94,10.0
0.15,True,0.75,187.0,0.9882537196554424,6310,-1,1.2,2.94,10.0
0.0,False,0.25,120.87499999999999,0.5071803852889667,1448,1,1.2,2.94,10.0
0.0,False,0.5,209.4,0.5071803852889667,1448,1,1.2,2.94,10.0
0.0,False,0.75,347.975,0.5071803852889667,1448,1,1.2,2.94,10.0
0.0,True,0.25,126.55,0.49281961471103325,1407,1,1.2,2.94,10.0
0.0,True,0.5,217.60000000000008,0.49281961471103325,1407,1,1.2,2.94,10.0
0.0,True,0.75,352.45000000000005,0.49281961471103325,1407,1,1.2,2.94,10.0
0.03,False,0.25,122.475,0.31247815449143657,1788,1,1.2,2.94,10.0
0.03,False,0.5,201.65000000000003,0.31247815449143657,1788,1,1.2,2.94,10.0
0.03,False,0.75,338.0,0.31247815449143657,1788,1,1.2,2.94,10.0
0.03,True,0.25,121.69999999999999,0.6875218455085634,3934,1,1.2,2.94,10.0
0.03,True,0.5,201.25,0.6875218455085634,3934,1,1.2,2.94,10.0
0.03,True,0.75,327.77500000000003,0.6875218455085634,3934,1,1.2,2.94,10.0
0.06,False,0.25,113.6,0.17712854757929883,1061,1,1.2,2.94,10.0
0.06,False,0.5,191.60000000000002,0.17712854757929883,1061,1,1.2,2.94,10.0
0.06,False,0.75,306.50000000000006,0.17712854757929883,1061,1,1.2,2.94,10.0
0.06,True,0.25,113.10000000000001,0.8228714524207011,4929,1,1.2,2.94,10.0
0.06,True,0.5,186.3,0.8228714524207011,4929,1,1.2,2.94,10.0
0.06,True,0.75,306.00000000000006,0.8228714524207011,4929,1,1.2,2.94,10.0
0.09,False,0.25,98.07499999999999,0.08106834249803614,516,1,1.2,2.94,10.0
0.09,False,0.5,154.45,0.08106834249803614,516,1,1.2,2.94,10.0
0.09,False,0.75,244.70000000000005,0.08106834249803614,516,1,1.2,2.94,10.0
0.09,True,0.25,102.4,0.9189316575019638,5849,1,1.2,2.94,10.0
0.09,True,0.5,166.2,0.9189316575019638,5849,1,1.2,2.94,10.0
0.09,True,0.75,264.4000000000001,0.9189316575019638,5849,1,1.2,2.94,10.0
0.12,False,0.25,94.95,0.04212020823473734,267,1,1.2,2.94,10.0
0.12,False,0.5,149.79999999999998,0.04212020823473734,267,1,1.2,2.94,10.0
0.12,False,0.75,218.40000000000003,0.04212020823473734,267,1,1.2,2.94,10.0
0.12,True,0.25,92.07499999999999,0.9578797917652626,6072,1,1.2,2.94,10.0
0.12,True,0.5,139.64999999999998,0.9578797917652626,6072,1,1.2,2.94,10.0
0.12,True,0.75,216.3,0.9578797917652626,6072,1,1.2,2.94,10.0
0.15,False,0.25,90.85000000000001,0.02413793103448276,154,1,1.2,2.94,10.0
0.15,False,0.5,132.7,0.02413793103448276,154,1,1.2,2.94,10.0
0.15,False,0.75,189.7,0.02413793103448276,154,1,1.2,2.94,10.0
0.15,True,0.25,82.80000000000001,0.9758620689655172,6226,1,1.2,2.94,10.0
0.15,True,0.5,123.55,0.9758620689655172,6226,1,1.2,2.94,10.0
0.15,True,0.75,184.1,0.9758620689655172,6226,1,1.2,2.94,10.0
0.0,False,0.25,123.0,0.510482180293501,1461,4,1.2,2.94,10.0
0.0,False,0.5,204.40000000000006,0.510482180293501,1461,4,1.2,2.94,10.0
0.0,False,0.75,331.20000000000005,0.510482180293501,1461,4,1.2,2.94,10.0
0.0,True,0.25,121.89999999999998,0.48951781970649894,1401,4,1.2,2.94,10.0
0.0,True,0.5,201.90000000000003,0.48951781970649894,1401,4,1.2,2.94,10.0
0.0,True,0.75,344.90000000000003,0.48951781970649894,1401,4,1.2,2.94,10.0
0.03,False,0.25,127.875,0.31994435750304295,1840,4,1.2,2.94,10.0
0.03,False,0.5,207.8,0.31994435750304295,1840,4,1.2,2.94,10.0
0.03,False,0.75,331.55,0.31994435750304295,1840,4,1.2,2.94,10.0
0.03,True,0.25,121.09999999999998,0.680055642496957,3911,4,1.2,2.94,10.0
0.03,True,0.5,204.70000000000002,0.680055642496957,3911,4,1.2,2.94,10.0
0.03,True,0.75,339.35,0.680055642496957,3911,4,1.2,2.94,10.0
0.06,False,0.25,112.3,0.18398268398268397,1105,4,1.2,2.94,10.0
0.06,False,0.5,189.10000000000002,0.18398268398268397,1105,4,1.2,2.94,10.0
0.06,False,0.75,299.90000000000003,0.18398268398268397,1105,4,1.2,2.94,10.0
0.06,True,0.25,113.19999999999999,0.816017316017316,4901,4,1.2,2.94,10.0
0.06,True,0.5,185.79999999999998,0.816017316017316,4901,4,1.2,2.94,10.0
0.06,True,0.75,302.90000000000003,0.816017316017316,4901,4,1.2,2.94,10.0
0.09,False,0.25,97.6,0.08836477987421383,562,4,1.2,2.94,10.0
0.09,False,0.5,161.39999999999998,0.08836477987421383,562,4,1.2,2.94,10.0
0.09,False,0.75,259.675,0.08836477987421383,562,4,1.2,2.94,10.0
0.09,True,0.25,104.625,0.9116352201257861,5798,4,1.2,2.94,10.0
0.09,True,0.5,163.2,0.9116352201257861,5798,4,1.2,2.94,10.0
0.09,True,0.75,262.27500000000003,0.9116352201257861,5798,4,1.2,2.94,10.0
0.12,False,0.25,94.8,0.042318016737723035,268,4,1.2,2.94,10.0
0.12,False,0.5,153.0,0.042318016737723035,268,4,1.2,2.94,10.0
0.12,False,0.75,232.75000000000006,0.042318016737723035,268,4,1.2,2.94,10.0
0.12,True,0.25,93.0,0.9576819832622769,6065,4,1.2,2.94,10.0
0.12,True,0.5,143.6,0.9576819832622769,6065,4,1.2,2.94,10.0
0.12,True,0.75,219.80000000000004,0.9576819832622769,6065,4,1.2,2.94,10.0
0.15,False,0.25,83.20000000000002,0.020209932633557887,129,4,1.2,2.94,10.0
0.15,False,0.5,118.0,0.020209932633557887,129,4,1.2,2.94,10.0
0.15,False,0.75,177.9,0.020209932633557887,129,4,1.2,2.94,10.0
0.15,True,0.25,83.39999999999999,0.9797900673664421,6254,4,1.2,2.94,10.0
0.15,True,0.5,124.15,0.9797900673664421,6254,4,1.2,2.94,10.0
0.15,True,0.75,186.575,0.9797900673664421,6254,4,1.2,2.94,10.0
0.0,False,0.25,125.79999999999998,0.5072056239015817,1443,8,1.2,2.94,10.0
0.0,False,0.5,206.90000000000003,0.5072056239015817,1443,8,1.2,2.94,10.0
0.0,False,0.75,333.20000000000005,0.5072056239015817,1443,8,1.2,2.94,10.0
0.0,True,0.25,123.39999999999999,0.49279437609841825,1402,8,1.2,2.94,10.0
0.0,True,0.5,209.80000000000004,0.49279437609841825,1402,8,1.2,2.94,10.0
0.0,True,0.75,362.62500000000006,0.49279437609841825,1402,8,1.2,2.94,10.0
0.03,False,0.25,121.02499999999999,0.3163229639986019,1810,8,1.2,2.94,10.0
0.03,False,0.5,203.25,0.3163229639986019,1810,8,1.2,2.94,10.0
0.03,False,0.75,337.5,0.3163229639986019,1810,8,1.2,2.94,10.0
0.03,True,0.25,119.975,0.6836770360013981,3912,8,1.2,2.94,10.0
0.03,True,0.5,201.20000000000005,0.6836770360013981,3912,8,1.2,2.94,10.0
0.03,True,0.75,337.0250000000001,0.6836770360013981,3912,8,1.2,2.94,10.0
0.06,False,0.25,113.425,0.17616580310880828,1054,8,1.2,2.94,10.0
0.06,False,0.5,188.0,0.17616580310880828,1054,8,1.2,2.94,10.0
0.06,False,0.75,307.02500000000003,0.17616580310880828,1054,8,1.2,2.94,10.0
0.06,True,0.25,114.5,0.8238341968911918,4929,8,1.2,2.94,10.0
0.06,True,0.5,186.6,0.8238341968911918,4929,8,1.2,2.94,10.0
0.06,True,0.75,301.90000000000003,0.8238341968911918,4929,8,1.2,2.94,10.0
0.09,False,0.25,103.475,0.08720289626947898,554,8,1.2,2.94,10.0
0.09,False,0.5,163.39999999999998,0.08720289626947898,554,8,1.2,2.94,10.0
0.09,False,0.75,271.475,0.08720289626947898,554,8,1.2,2.94,10.0
0.09,True,0.25,99.15,0.912797103730521,5799,8,1.2,2.94,10.0
0.09,True,0.5,159.99999999999997,0.912797103730521,5799,8,1.2,2.94,10.0
0.09,True,0.75,263.95000000000005,0.912797103730521,5799,8,1.2,2.94,10.0
0.12,False,0.25,87.85,0.042002210642665405,266,8,1.2,2.94,10.0
0.12,False,0.5,135.75,0.042002210642665405,266,8,1.2,2.94,10.0
0.12,False,0.75,217.70000000000005,0.042002210642665405,266,8,1.2,2.94,10.0
0.12,True,0.25,91.35,0.9579977893573346,6067,8,1.2,2.94,10.0
0.12,True,0.5,138.7,0.9579977893573346,6067,8,1.2,2.94,10.0
0.12,True,0.75,219.35000000000002,0.9579977893573346,6067,8,1.2,2.94,10.0
0.15,False,0.25,78.39999999999999,0.01879993733354222,120,8,1.2,2.94,10.0
0.15,False,0.5,144.75,0.01879993733354222,120,8,1.2,2.94,10.0
0.15,False,0.75,227.95000000000005,0.01879993733354222,120,8,1.2,2.94,10.0
0.15,True,0.25,82.9,0.9812000626664578,6263,8,1.2,2.94,10.0
0.15,True,0.5,124.1,0.9812000626664578,6263,8,1.2,2.94,10.0
0.15,True,0.75,188.2,0.9812000626664578,6263,8,1.2,2.94,10.0
0.0,False,0.25,125.2,0.509142053445851,1448,26,1.2,2.94,10.0
0.0,False,0.5,205.95000000000005,0.509142053445851,1448,26,1.2,2.94,10.0
0.0,False,0.75,335.85,0.509142053445851,1448,26,1.2,2.94,10.0
0.0,True,0.25,123.19999999999999,0.4908579465541491,1396,26,1.2,2.94,10.0
0.0,True,0.5,208.05,0.4908579465541491,1396,26,1.2,2.94,10.0
0.0,True,0.75,330.175,0.4908579465541491,1396,26,1.2,2.94,10.0
0.03,False,0.25,120.09999999999998,0.3195606694560669,1833,26,1.2,2.94,10.0
0.03,False,0.5,203.80000000000004,0.3195606694560669,1833,26,1.2,2.94,10.0
0.03,False,0.75,339.7,0.3195606694560669,1833,26,1.2,2.94,10.0
0.03,True,0.25,119.2,0.680439330543933,3903,26,1.2,2.94,10.0
0.03,True,0.5,198.7,0.680439330543933,3903,26,1.2,2.94,10.0
0.03,True,0.75,337.05000000000007,0.680439330543933,3903,26,1.2,2.94,10.0
0.06,False,0.25,120.94999999999999,0.16752620196306772,1007,26,1.2,2.94,10.0
0.06,False,0.5,195.1,0.16752620196306772,1007,26,1.2,2.94,10.0
0.06,False,0.75,315.90000000000003,0.16752620196306772,1007,26,1.2,2.94,10.0
0.06,True,0.25,111.975,0.8324737980369323,5004,26,1.2,2.94,10.0
0.06,True,0.5,186.1,0.8324737980369323,5004,26,1.2,2.94,10.0
0.06,True,0.75,310.15000000000003,0.8324737980369323,5004,26,1.2,2.94,10.0
0.09,False,0.25,100.7,0.08739390128890286,556,26,1.2,2.94,10.0
0.09,False,0.5,160.95,0.08739390128890286,556,26,1.2,2.94,10.0
0.09,False,0.75,250.50000000000006,0.08739390128890286,556,26,1.2,2.94,10.0
0.09,True,0.25,103.00000000000001,0.9126060987110971,5806,26,1.2,2.94,10.0
0.09,True,0.5,162.35,0.9126060987110971,5806,26,1.2,2.94,10.0
0.09,True,0.75,261.8,0.9126060987110971,5806,26,1.2,2.94,10.0
0.12,False,0.25,89.59999999999998,0.04354686020826759,276,26,1.2,2.94,10.0
0.12,False,0.5,134.54999999999998,0.04354686020826759,276,26,1.2,2.94,10.0
0.12,False,0.75,212.875,0.04354686020826759,276,26,1.2,2.94,10.0
0.12,True,0.25,91.30000000000001,0.9564531397917324,6062,26,1.2,2.94,10.0
0.12,True,0.5,140.4,0.9564531397917324,6062,26,1.2,2.94,10.0
0.12,True,0.75,222.07500000000005,0.9564531397917324,6062,26,1.2,2.94,10.0
0.15,False,0.25,92.52499999999999,0.017857142857142856,114,26,1.2,2.94,10.0
0.15,False,0.5,126.1,0.017857142857142856,114,26,1.2,2.94,10.0
0.15,False,0.75,182.075,0.017857142857142856,114,26,1.2,2.94,10.0
0.15,True,0.25,82.69999999999999,0.9821428571428571,6270,26,1.2,2.94,10.0
0.15,True,0.5,121.3,0.9821428571428571,6270,26,1.2,2.94,10.0
0.15,True,0.75,182.17499999999995,0.9821428571428571,6270,26,1.2,2.94,10.0
0.0,False,0.25,120.25,0.4966584593739008,1412,33,1.2,2.94,10.0
0.0,False,0.5,214.65000000000003,0.4966584593739008,1412,33,1.2,2.94,10.0
0.0,False,0.75,355.225,0.4966584593739008,1412,33,1.2,2.94,10.0
0.0,True,0.25,125.25,0.5033415406260991,1431,33,1.2,2.94,10.0
0.0,True,0.5,211.00000000000003,0.5033415406260991,1431,33,1.2,2.94,10.0
0.0,True,0.75,340.1,0.5033415406260991,1431,33,1.2,2.94,10.0
0.03,False,0.25,122.2,0.3173996175908222,1826,33,1.2,2.94,10.0
0.03,False,0.5,200.45000000000005,0.3173996175908222,1826,33,1.2,2.94,10.0
0.03,False,0.75,339.07500000000005,0.3173996175908222,1826,33,1.2,2.94,10.0
0.03,True,0.25,118.94999999999999,0.6826003824091779,3927,33,1.2,2.94,10.0
0.03,True,0.5,205.80000000000004,0.6826003824091779,3927,33,1.2,2.94,10.0
0.03,True,0.75,336.45000000000005,0.6826003824091779,3927,33,1.2,2.94,10.0
0.06,False,0.25,112.5,0.17120427593118423,1025,33,1.2,2.94,10.0
0.06,False,0.5,183.9,0.17120427593118423,1025,33,1.2,2.94,10.0
0.06,False,0.75,293.90000000000003,0.17120427593118423,1025,33,1.2,2.94,10.0
0.06,True,0.25,110.925,0.8287957240688157,4962,33,1.2,2.94,10.0
0.06,True,0.5,181.55,0.8287957240688157,4962,33,1.2,2.94,10.0
0.06,True,0.75,297.00000000000006,0.8287957240688157,4962,33,1.2,2.94,10.0
0.09,False,0.25,98.14999999999999,0.08983637507866583,571,33,1.2,2.94,10.0
0.09,False,0.5,156.1,0.08983637507866583,571,33,1.2,2.94,10.0
0.09,False,0.75,259.95000000000005,0.08983637507866583,571,33,1.2,2.94,10.0
0.09,True,0.25,98.6,0.9101636249213342,5785,33,1.2,2.94,10.0
0.09,True,0.5,160.70000000000002,0.9101636249213342,5785,33,1.2,2.94,10.0
0.09,True,0.75,261.20000000000005,0.9101636249213342,5785,33,1.2,2.94,10.0
0.12,False,0.25,91.65,0.04025892011367224,255,33,1.2,2.94,10.0
0.12,False,0.5,135.4,0.04025892011367224,255,33,1.2,2.94,10.0
0.12,False,0.75,213.70000000000005,0.04025892011367224,255,33,1.2,2.94,10.0
0.12,True,0.25,90.1,0.9597410798863277,6079,33,1.2,2.94,10.0
0.12,True,0.5,138.79999999999998,0.9597410798863277,6079,33,1.2,2.94,10.0
0.12,True,0.75,214.25000000000006,0.9597410798863277,6079,33,1.2,2.94,10.0
0.15,False,0.25,83.3,0.023350572010656635,149,33,1.2,2.94,10.0
0.15,False,0.5,112.99999999999999,0.023350572010656635,149,33,1.2,2.94,10.0
0.15,False,0.75,170.70000000000002,0.023350572010656635,149,33,1.2,2.94,10.0
0.15,True,0.25,83.59999999999998,0.9766494279893434,6232,33,1.2,2.94,10.0
0.15,True,0.5,121.49999999999999,0.9766494279893434,6232,33,1.2,2.94,10.0
0.15,True,0.75,184.25,0.9766494279893434,6232,33,1.2,2.94,10.0
0.0,False,0.25,126.8,0.5101398601398601,1459,41,1.2,2.94,10.0
0.0,False,0.5,218.8,0.5101398601398601,1459,41,1.2,2.94,10.0
0.0,False,0.75,346.55000000000007,0.5101398601398601,1459,41,1.2,2.94,10.0
0.0,True,0.25,123.8,0.4898601398601399,1401,41,1.2,2.94,10.0
0.0,True,0.5,211.50000000000003,0.4898601398601399,1401,41,1.2,2.94,10.0
0.0,True,0.75,354.50000000000006,0.4898601398601399,1401,41,1.2,2.94,10.0
0.03,False,0.25,118.64999999999999,0.317786286112078,1826,41,1.2,2.94,10.0
0.03,False,0.5,197.35000000000002,0.317786286112078,1826,41,1.2,2.94,10.0
0.03,False,0.75,335.92500000000007,0.317786286112078,1826,41,1.2,2.94,10.0
0.03,True,0.25,118.2,0.6822137138879221,3920,41,1.2,2.94,10.0
0.03,True,0.5,200.90000000000003,0.6822137138879221,3920,41,1.2,2.94,10.0
0.03,True,0.75,328.8,0.6822137138879221,3920,41,1.2,2.94,10.0
0.06,False,0.25,120.14999999999999,0.17897727272727273,1071,41,1.2,2.94,10.0
0.06,False,0.5,190.1,0.17897727272727273,1071,41,1.2,2.94,10.0
0.06,False,0.75,319.15000000000003,0.17897727272727273,1071,41,1.2,2.94,10.0
0.06,True,0.25,110.5,0.8210227272727273,4913,41,1.2,2.94,10.0
0.06,True,0.5,181.79999999999998,0.8210227272727273,4913,41,1.2,2.94,10.0
0.06,True,0.75,301.50000000000006,0.8210227272727273,4913,41,1.2,2.94,10.0
0.09,False,0.25,102.17499999999998,0.08494572911750826,540,41,1.2,2.94,10.0
0.09,False,0.5,155.79999999999998,0.08494572911750826,540,41,1.2,2.94,10.0
0.09,False,0.75,249.47500000000002,0.08494572911750826,540,41,1.2,2.94,10.0
0.09,True,0.25,104.00000000000001,0.9150542708824917,5817,41,1.2,2.94,10.0
0.09,True,0.5,161.70000000000002,0.9150542708824917,5817,41,1.2,2.94,10.0
0.09,True,0.75,257.1,0.9150542708824917,5817,41,1.2,2.94,10.0
0.12,False,0.25,87.475,0.043217665615141954,274,41,1.2,2.94,10.0
0.12,False,0.5,130.4,0.043217665615141954,274,41,1.2,2.94,10.0
0.12,False,0.75,200.62500000000003,0.043217665615141954,274,41,1.2,2.94,10.0
0.12,True,0.25,92.525,0.956782334384858,6066,41,1.2,2.94,10.0
0.12,True,0.5,140.04999999999998,0.956782334384858,6066,41,1.2,2.94,10.0
0.12,True,0.75,215.77500000000003,0.956782334384858,6066,41,1.2,2.94,10.0
0.15,False,0.25,84.39999999999999,0.02146662488248198,137,41,1.2,2.94,10.0
0.15,False,0.5,115.99999999999999,0.02146662488248198,137,41,1.2,2.94,10.0
0.15,False,0.75,195.8,0.02146662488248198,137,41,1.2,2.94,10.0
0.15,True,0.25,84.19999999999999,0.978533375117518,6245,41,1.2,2.94,10.0
0.15,True,0.5,124.3,0.978533375117518,6245,41,1.2,2.94,10.0
0.15,True,0.75,184.8,0.978533375117518,6245,41,1.2,2.94,10.0
0.0,False,0.25,125.2,0.5169521146452289,1479,52,1.2,2.94,10.0
0.0,False,0.5,213.20000000000005,0.5169521146452289,1479,52,1.2,2.94,10.0
0.0,False,0.75,351.00000000000006,0.5169521146452289,1479,52,1.2,2.94,10.0
0.0,True,0.25,124.05,0.48304788535477106,1382,52,1.2,2.94,10.0
0.0,True,0.5,206.95000000000005,0.48304788535477106,1382,52,1.2,2.94,10.0
0.0,True,0.75,329.9,0.48304788535477106,1382,52,1.2,2.94,10.0
0.03,False,0.25,125.5,0.3143853530950305,1803,52,1.2,2.94,10.0
0.03,False,0.5,209.1,0.3143853530950305,1803,52,1.2,2.94,10.0
0.03,False,0.75,342.85,0.3143853530950305,1803,52,1.2,2.94,10.0
0.03,True,0.25,122.975,0.6856146469049695,3932,52,1.2,2.94,10.0
0.03,True,0.5,201.15000000000003,0.6856146469049695,3932,52,1.2,2.94,10.0
0.03,True,0.75,327.625,0.6856146469049695,3932,52,1.2,2.94,10.0
0.06,False,0.25,111.99999999999999,0.1768922974324775,1061,52,1.2,2.94,10.0
0.06,False,0.5,187.20000000000002,0.1768922974324775,1061,52,1.2,2.94,10.0
0.06,False,0.75,303.3,0.1768922974324775,1061,52,1.2,2.94,10.0
0.06,True,0.25,112.3,0.8231077025675225,4937,52,1.2,2.94,10.0
0.06,True,0.5,186.1,0.8231077025675225,4937,52,1.2,2.94,10.0
0.06,True,0.75,299.3,0.8231077025675225,4937,52,1.2,2.94,10.0
0.09,False,0.25,100.35000000000001,0.0924092409240924,588,52,1.2,2.94,10.0
0.09,False,0.5,154.8,0.0924092409240924,588,52,1.2,2.94,10.0
0.09,False,0.75,257.25,0.0924092409240924,588,52,1.2,2.94,10.0
0.09,True,0.25,101.85,0.9075907590759076,5775,52,1.2,2.94,10.0
0.09,True,0.5,162.89999999999998,0.9075907590759076,5775,52,1.2,2.94,10.0
0.09,True,0.75,261.6,0.9075907590759076,5775,52,1.2,2.94,10.0
0.12,False,0.25,86.475,0.04357436059362172,276,52,1.2,2.94,10.0
0.12,False,0.5,136.95,0.04357436059362172,276,52,1.2,2.94,10.0
0.12,False,0.75,212.60000000000002,0.04357436059362172,276,52,1.2,2.94,10.0
0.12,True,0.25,92.225,0.9564256394063783,6058,52,1.2,2.94,10.0
0.12,True,0.5,140.3,0.9564256394063783,6058,52,1.2,2.94,10.0
0.12,True,0.75,220.50000000000006,0.9564256394063783,6058,52,1.2,2.94,10.0
0.15,False,0.25,75.57499999999999,0.023190222500783453,148,52,1.2,2.94,10.0
0.15,False,0.5,116.99999999999997,0.023190222500783453,148,52,1.2,2.94,10.0
0.15,False,0.75,176.675,0.023190222500783453,148,52,1.2,2.94,10.0
0.15,True,0.25,84.7,0.9768097774992165,6234,52,1.2,2.94,10.0
0.15,True,0.5,125.45,0.9768097774992165,6234,52,1.2,2.94,10.0
0.15,True,0.75,187.50000000000003,0.9768097774992165,6234,52,1.2,2.94,10.0
0.0,False,0.25,120.57499999999999,0.5036726128016789,1440,56,1.2,2.94,10.0
0.0,False,0.5,210.35000000000002,0.5036726128016789,1440,56,1.2,2.94,10.0
0.0,False,0.75,342.8500000000001,0.5036726128016789,1440,56,1.2,2.94,10.0
0.0,True,0.25,121.89999999999998,0.4963273871983211,1419,56,1.2,2.94,10.0
0.0,True,0.5,214.90000000000003,0.4963273871983211,1419,56,1.2,2.94,10.0
0.0,True,0.75,365.15000000000003,0.4963273871983211,1419,56,1.2,2.94,10.0
0.03,False,0.25,117.09999999999998,0.3160919540229885,1815,56,1.2,2.94,10.0
0.03,False,0.5,197.8,0.3160919540229885,1815,56,1.2,2.94,10.0
0.03,False,0.75,332.15000000000003,0.3160919540229885,1815,56,1.2,2.94,10.0
0.03,True,0.25,123.1,0.6839080459770115,3927,56,1.2,2.94,10.0
0.03,True,0.5,209.30000000000004,0.6839080459770115,3927,56,1.2,2.94,10.0
0.03,True,0.75,330.85,0.6839080459770115,3927,56,1.2,2.94,10.0
0.06,False,0.25,109.89999999999998,0.170703190245532,1022,56,1.2,2.94,10.0
0.06,False,0.5,183.55,0.170703190245532,1022,56,1.2,2.94,10.0
0.06,False,0.75,309.45000000000005,0.170703190245532,1022,56,1.2,2.94,10.0
0.06,True,0.25,111.99999999999999,0.8292968097544681,4965,56,1.2,2.94,10.0
0.06,True,0.5,183.0,0.8292968097544681,4965,56,1.2,2.94,10.0
0.06,True,0.75,298.30000000000007,0.8292968097544681,4965,56,1.2,2.94,10.0
0.09,False,0.25,99.425,0.0944610073748627,602,56,1.2,2.94,10.0
0.09,False,0.5,159.35,0.0944610073748627,602,56,1.2,2.94,10.0
0.09,False,0.75,266.07500000000005,0.0944610073748627,602,56,1.2,2.94,10.0
0.09,True,0.25,103.95,0.9055389926251373,5771,56,1.2,2.94,10.0
0.09,True,0.5,165.39999999999998,0.9055389926251373,5771,56,1.2,2.94,10.0
0.09,True,0.75,263.40000000000003,0.9055389926251373,5771,56,1.2,2.94,10.0
0.12,False,0.25,91.25,0.04516027159324175,286,56,1.2,2.94,10.0
0.12,False,0.5,133.25,0.04516027159324175,286,56,1.2,2.94,10.0
0.12,False,0.75,202.12500000000003,0.04516027159324175,286,56,1.2,2.94,10.0
0.12,True,0.25,91.8,0.9548397284067582,6047,56,1.2,2.94,10.0
0.12,True,0.5,140.9,0.9548397284067582,6047,56,1.2,2.94,10.0
0.12,True,0.75,219.00000000000003,0.9548397284067582,6047,56,1.2,2.94,10.0
0.15,False,0.25,85.12499999999999,0.021316614420062698,136,56,1.2,2.94,10.0
0.15,False,0.5,126.6,0.021316614420062698,136,56,1.2,2.94,10.0
0.15,False,0.75,182.52500000000003,0.021316614420062698,136,56,1.2,2.94,10.0
0.15,True,0.25,83.1,0.9786833855799373,6244,56,1.2,2.94,10.0
0.15,True,0.5,123.05,0.9786833855799373,6244,56,1.2,2.94,10.0
0.15,True,0.75,184.3,0.9786833855799373,6244,56,1.2,2.94,10.0
0.0,False,0.25,126.89999999999999,0.49895251396648044,1429,57,1.2,2.94,10.0
0.0,False,0.5,219.00000000000003,0.49895251396648044,1429,57,1.2,2.94,10.0
0.0,False,0.75,360.70000000000005,0.49895251396648044,1429,57,1.2,2.94,10.0
0.0,True,0.25,120.5,0.5010474860335196,1435,57,1.2,2.94,10.0
0.0,True,0.5,199.4,0.5010474860335196,1435,57,1.2,2.94,10.0
0.0,True,0.75,334.45000000000005,0.5010474860335196,1435,57,1.2,2.94,10.0
0.03,False,0.25,120.25,0.32581540596807773,1878,57,1.2,2.94,10.0
0.03,False,0.5,209.75000000000003,0.32581540596807773,1878,57,1.2,2.94,10.0
0.03,False,0.75,338.70000000000005,0.32581540596807773,1878,57,1.2,2.94,10.0
0.03,True,0.25,124.35,0.6741845940319223,3886,57,1.2,2.94,10.0
0.03,True,0.5,206.3,0.6741845940319223,3886,57,1.2,2.94,10.0
0.03,True,0.75,341.75000000000006,0.6741845940319223,3886,57,1.2,2.94,10.0
0.06,False,0.25,110.3,0.1727757414195268,1037,57,1.2,2.94,10.0
0.06,False,0.5,179.9,0.1727757414195268,1037,57,1.2,2.94,10.0
0.06,False,0.75,307.3,0.1727757414195268,1037,57,1.2,2.94,10.0
0.06,True,0.25,111.99999999999999,0.8272242585804732,4965,57,1.2,2.94,10.0
0.06,True,0.5,184.3,0.8272242585804732,4965,57,1.2,2.94,10.0
0.06,True,0.75,298.1,0.8272242585804732,4965,57,1.2,2.94,10.0
0.09,False,0.25,104.49999999999999,0.09544025157232705,607,57,1.2,2.94,10.0
0.09,False,0.5,168.9,0.09544025157232705,607,57,1.2,2.94,10.0
0.09,False,0.75,270.75,0.09544025157232705,607,57,1.2,2.94,10.0
0.09,True,0.25,102.4,0.904559748427673,5753,57,1.2,2.94,10.0
0.09,True,0.5,161.39999999999998,0.904559748427673,5753,57,1.2,2.94,10.0
0.09,True,0.75,259.40000000000003,0.904559748427673,5753,57,1.2,2.94,10.0
0.12,False,0.25,100.07499999999999,0.04673930206852992,296,57,1.2,2.94,10.0
0.12,False,0.5,146.39999999999998,0.04673930206852992,296,57,1.2,2.94,10.0
0.12,False,0.75,230.92500000000004,0.04673930206852992,296,57,1.2,2.94,10.0
0.12,True,0.25,93.0,0.9532606979314701,6037,57,1.2,2.94,10.0
0.12,True,0.5,141.5,0.9532606979314701,6037,57,1.2,2.94,10.0
0.12,True,0.75,219.50000000000003,0.9532606979314701,6037,57,1.2,2.94,10.0
0.15,False,0.25,84.775,0.021933260222465924,140,57,1.2,2.94,10.0
0.15,False,0.5,129.75,0.021933260222465924,140,57,1.2,2.94,10.0
0.15,False,0.75,207.0,0.021933260222465924,140,57,1.2,2.94,10.0
0.15,True,0.25,84.39999999999999,0.9780667397775341,6243,57,1.2,2.94,10.0
0.15,True,0.5,122.09999999999998,0.9780667397775341,6243,57,1.2,2.94,10.0
0.15,True,0.75,182.4,0.9780667397775341,6243,57,1.2,2.94,10.0
0.0,False,0.25,127.94999999999999,0.492280701754386,1403,59,1.2,2.94,10.0
0.0,False,0.5,207.80000000000004,0.492280701754386,1403,59,1.2,2.94,10.0
0.0,False,0.75,350.30000000000007,0.492280701754386,1403,59,1.2,2.94,10.0
0.0,True,0.25,117.09999999999998,0.507719298245614,1447,59,1.2,2.94,10.0
0.0,True,0.5,206.90000000000003,0.507719298245614,1447,59,1.2,2.94,10.0
0.0,True,0.75,345.20000000000005,0.507719298245614,1447,59,1.2,2.94,10.0
0.03,False,0.25,123.39999999999999,0.32006258692628653,1841,59,1.2,2.94,10.0
0.03,False,0.5,204.40000000000006,0.32006258692628653,1841,59,1.2,2.94,10.0
0.03,False,0.75,335.40000000000003,0.32006258692628653,1841,59,1.2,2.94,10.0
0.03,True,0.25,121.6,0.6799374130737135,3911,59,1.2,2.94,10.0
0.03,True,0.5,200.50000000000003,0.6799374130737135,3911,59,1.2,2.94,10.0
0.03,True,0.75,333.65,0.6799374130737135,3911,59,1.2,2.94,10.0
0.06,False,0.25,119.37499999999999,0.17269544924154026,1036,59,1.2,2.94,10.0
0.06,False,0.5,190.8,0.17269544924154026,1036,59,1.2,2.94,10.0
0.06,False,0.75,308.35,0.17269544924154026,1036,59,1.2,2.94,10.0
0.06,True,0.25,116.44999999999999,0.8273045507584598,4963,59,1.2,2.94,10.0
0.06,True,0.5,190.1,0.8273045507584598,4963,59,1.2,2.94,10.0
0.06,True,0.75,310.50000000000006,0.8273045507584598,4963,59,1.2,2.94,10.0
0.09,False,0.25,99.1,0.0877579959035765,557,59,1.2,2.94,10.0
0.09,False,0.5,158.1,0.0877579959035765,557,59,1.2,2.94,10.0
0.09,False,0.75,252.10000000000005,0.0877579959035765,557,59,1.2,2.94,10.0
0.09,True,0.25,101.69999999999999,0.9122420040964235,5790,59,1.2,2.94,10.0
0.09,True,0.5,162.65,0.9122420040964235,5790,59,1.2,2.94,10.0
0.09,True,0.75,263.70000000000005,0.9122420040964235,5790,59,1.2,2.94,10.0
0.12,False,0.25,89.95,0.03835227272727273,243,59,1.2,2.94,10.0
0.12,False,0.5,146.09999999999997,0.03835227272727273,243,59,1.2,2.94,10.0
0.12,False,0.75,237.10000000000005,0.03835227272727273,243,59,1.2,2.94,10.0
0.12,True,0.25,94.19999999999999,0.9616477272727273,6093,59,1.2,2.94,10.0
0.12,True,0.5,142.0,0.9616477272727273,6093,59,1.2,2.94,10.0
0.12,True,0.75,218.70000000000005,0.9616477272727273,6093,59,1.2,2.94,10.0
0.15,False,0.25,80.69999999999999,0.018492399310452906,118,59,1.2,2.94,10.0
0.15,False,0.5,126.9,0.018492399310452906,118,59,1.2,2.94,10.0
0.15,False,0.75,185.60000000000002,0.018492399310452906,118,59,1.2,2.94,10.0
0.15,True,0.25,83.1,0.9815076006895471,6263,59,1.2,2.94,10.0
0.15,True,0.5,123.60000000000001,0.9815076006895471,6263,59,1.2,2.94,10.0
0.15,True,0.75,187.79999999999998,0.9815076006895471,6263,59,1.2,2.94,10.0
0.0,False,0.25,124.8,0.5033462486791124,1429,61,1.2,2.94,10.0
0.0,False,0.5,207.90000000000003,0.5033462486791124,1429,61,1.2,2.94,10.0
0.0,False,0.75,345.7,0.5033462486791124,1429,61,1.2,2.94,10.0
0.0,True,0.25,127.025,0.4966537513208876,1410,61,1.2,2.94,10.0
0.0,True,0.5,209.14999999999998,0.4966537513208876,1410,61,1.2,2.94,10.0
0.0,True,0.75,345.77500000000003,0.4966537513208876,1410,61,1.2,2.94,10.0
0.03,False,0.25,122.475,0.30624673742822345,1760,61,1.2,2.94,10.0
0.03,False,0.5,207.6,0.30624673742822345,1760,61,1.2,2.94,10.0
0.03,False,0.75,345.45000000000005,0.30624673742822345,1760,61,1.2,2.94,10.0
0.03,True,0.25,122.35,0.6937532625717766,3987,61,1.2,2.94,10.0
0.03,True,0.5,209.40000000000003,0.6937532625717766,3987,61,1.2,2.94,10.0
0.03,True,0.75,349.40000000000003,0.6937532625717766,3987,61,1.2,2.94,10.0
0.06,False,0.25,111.525,0.17650984317650983,1058,61,1.2,2.94,10.0
0.06,False,0.5,189.0,0.17650984317650983,1058,61,1.2,2.94,10.0
0.06,False,0.75,309.6,0.17650984317650983,1058,61,1.2,2.94,10.0
0.06,True,0.25,112.375,0.8234901568234901,4936,61,1.2,2.94,10.0
0.06,True,0.5,183.79999999999998,0.8234901568234901,4936,61,1.2,2.94,10.0
0.06,True,0.75,298.55000000000007,0.8234901568234901,4936,61,1.2,2.94,10.0
0.09,False,0.25,101.57499999999999,0.08811959087332809,560,61,1.2,2.94,10.0
0.09,False,0.5,161.09999999999997,0.08811959087332809,560,61,1.2,2.94,10.0
0.09,False,0.75,269.95000000000005,0.08811959087332809,560,61,1.2,2.94,10.0
0.09,True,0.25,102.69999999999999,0.9118804091266719,5795,61,1.2,2.94,10.0
0.09,True,0.5,165.2,0.9118804091266719,5795,61,1.2,2.94,10.0
0.09,True,0.75,263.3,0.9118804091266719,5795,61,1.2,2.94,10.0
0.12,False,0.25,92.525,0.043601895734597156,276,61,1.2,2.94,10.0
0.12,False,0.5,148.75,0.043601895734597156,276,61,1.2,2.94,10.0
0.12,False,0.75,232.20000000000002,0.043601895734597156,276,61,1.2,2.94,10.0
0.12,True,0.25,93.0,0.9563981042654028,6054,61,1.2,2.94,10.0
0.12,True,0.5,142.29999999999998,0.9563981042654028,6054,61,1.2,2.94,10.0
0.12,True,0.75,223.10000000000002,0.9563981042654028,6054,61,1.2,2.94,10.0
0.15,False,0.25,87.75,0.020679931066896445,132,61,1.2,2.94,10.0
0.15,False,0.5,128.89999999999998,0.020679931066896445,132,61,1.2,2.94,10.0
0.15,False,0.75,204.77500000000003,0.020679931066896445,132,61,1.2,2.94,10.0
0.15,True,0.25,84.1,0.9793200689331035,6251,61,1.2,2.94,10.0
0.15,True,0.5,125.0,0.9793200689331035,6251,61,1.2,2.94,10.0
0.15,True,0.75,190.5,0.9793200689331035,6251,61,1.2,2.94,10.0
0.0,False,0.25,130.97499999999997,0.49121574139142654,1398,73,1.2,2.94,10.0
0.0,False,0.5,219.3,0.49121574139142654,1398,73,1.2,2.94,10.0
0.0,False,0.75,358.75000000000006,0.49121574139142654,1398,73,1.2,2.94,10.0
0.0,True,0.25,125.075,0.5087842586085735,1448,73,1.2,2.94,10.0
0.0,True,0.5,206.95000000000005,0.5087842586085735,1448,73,1.2,2.94,10.0
0.0,True,0.75,334.5,0.5087842586085735,1448,73,1.2,2.94,10.0
0.03,False,0.25,116.725,0.31633895945710805,1818,73,1.2,2.94,10.0
0.03,False,0.5,203.60000000000005,0.31633895945710805,1818,73,1.2,2.94,10.0
0.03,False,0.75,337.5,0.31633895945710805,1818,73,1.2,2.94,10.0
0.03,True,0.25,119.2,0.6836610405428919,3929,73,1.2,2.94,10.0
0.03,True,0.5,205.30000000000004,0.6836610405428919,3929,73,1.2,2.94,10.0
0.03,True,0.75,335.30000000000007,0.6836610405428919,3929,73,1.2,2.94,10.0
0.06,False,0.25,111.17500000000001,0.1772658988482724,1062,73,1.2,2.94,10.0
0.06,False,0.5,175.55,0.1772658988482724,1062,73,1.2,2.94,10.0
0.06,False,0.75,289.87500000000006,0.1772658988482724,1062,73,1.2,2.94,10.0
0.06,True,0.25,113.19999999999999,0.8227341011517276,4929,73,1.2,2.94,10.0
0.06,True,0.5,185.79999999999998,0.8227341011517276,4929,73,1.2,2.94,10.0
0.06,True,0.75,305.50000000000006,0.8227341011517276,4929,73,1.2,2.94,10.0
0.09,False,0.25,101.77499999999999,0.08791208791208792,560,73,1.2,2.94,10.0
0.09,False,0.5,164.79999999999998,0.08791208791208792,560,73,1.2,2.94,10.0
0.09,False,0.75,273.05000000000007,0.08791208791208792,560,73,1.2,2.94,10.0
0.09,True,0.25,103.125,0.9120879120879121,5810,73,1.2,2.94,10.0
0.09,True,0.5,163.1,0.9120879120879121,5810,73,1.2,2.94,10.0
0.09,True,0.75,265.875,0.9120879120879121,5810,73,1.2,2.94,10.0
0.12,False,0.25,80.67500000000001,0.04360878495812925,276,73,1.2,2.94,10.0
0.12,False,0.5,124.89999999999999,0.04360878495812925,276,73,1.2,2.94,10.0
0.12,False,0.75,202.05000000000004,0.04360878495812925,276,73,1.2,2.94,10.0
0.12,True,0.25,92.30000000000001,0.9563912150418707,6053,73,1.2,2.94,10.0
0.12,True,0.5,140.2,0.9563912150418707,6053,73,1.2,2.94,10.0
0.12,True,0.75,217.90000000000003,0.9563912150418707,6053,73,1.2,2.94,10.0
0.15,False,0.25,77.42499999999998,0.01755485893416928,112,73,1.2,2.94,10.0
0.15,False,0.5,116.44999999999999,0.01755485893416928,112,73,1.2,2.94,10.0
0.15,False,0.75,168.325,0.01755485893416928,112,73,1.2,2.94,10.0
0.15,True,0.25,82.9,0.9824451410658307,6268,73,1.2,2.94,10.0
0.15,True,0.5,123.05,0.9824451410658307,6268,73,1.2,2.94,10.0
0.15,True,0.75,182.32500000000002,0.9824451410658307,6268,73,1.2,2.94,10.0
0.0,False,0.25,129.54999999999998,0.4964813511611541,1411,79,1.2,2.94,10.0
0.0,False,0.5,218.00000000000003,0.4964813511611541,1411,79,1.2,2.94,10.0
0.0,False,0.75,360.1,0.4964813511611541,1411,79,1.2,2.94,10.0
0.0,True,0.25,128.55,0.5035186488388459,1431,79,1.2,2.94,10.0
0.0,True,0.5,210.4,0.5035186488388459,1431,79,1.2,2.94,10.0
0.0,True,0.75,352.75,0.5035186488388459,1431,79,1.2,2.94,10.0
0.03,False,0.25,121.39999999999999,0.3190334442304325,1822,79,1.2,2.94,10.0
0.03,False,0.5,200.10000000000002,0.3190334442304325,1822,79,1.2,2.94,10.0
0.03,False,0.75,332.15000000000003,0.3190334442304325,1822,79,1.2,2.94,10.0
0.03,True,0.25,126.4,0.6809665557695675,3889,79,1.2,2.94,10.0
0.03,True,0.5,206.8,0.6809665557695675,3889,79,1.2,2.94,10.0
0.03,True,0.75,335.80000000000007,0.6809665557695675,3889,79,1.2,2.94,10.0
0.06,False,0.25,115.4,0.16859199732127908,1007,79,1.2,2.94,10.0
0.06,False,0.5,190.0,0.16859199732127908,1007,79,1.2,2.94,10.0
0.06,False,0.75,306.95000000000005,0.16859199732127908,1007,79,1.2,2.94,10.0
0.06,True,0.25,114.5,0.831408002678721,4966,79,1.2,2.94,10.0
0.06,True,0.5,191.10000000000002,0.831408002678721,4966,79,1.2,2.94,10.0
0.06,True,0.75,311.975,0.831408002678721,4966,79,1.2,2.94,10.0
0.09,False,0.25,106.9,0.08513980521520578,542,79,1.2,2.94,10.0
0.09,False,0.5,161.5,0.08513980521520578,542,79,1.2,2.94,10.0
0.09,False,0.75,260.725,0.08513980521520578,542,79,1.2,2.94,10.0
0.09,True,0.25,102.2,0.9148601947847942,5824,79,1.2,2.94,10.0
0.09,True,0.5,165.1,0.9148601947847942,5824,79,1.2,2.94,10.0
0.09,True,0.75,262.3,0.9148601947847942,5824,79,1.2,2.94,10.0
0.12,False,0.25,91.0,0.042522921277268415,269,79,1.2,2.94,10.0
0.12,False,0.5,150.1,0.042522921277268415,269,79,1.2,2.94,10.0
0.12,False,0.75,231.20000000000002,0.042522921277268415,269,79,1.2,2.94,10.0
0.12,True,0.25,92.39999999999999,0.9574770787227316,6057,79,1.2,2.94,10.0
0.12,True,0.5,142.6,0.9574770787227316,6057,79,1.2,2.94,10.0
0.12,True,0.75,222.60000000000005,0.9574770787227316,6057,79,1.2,2.94,10.0
0.15,False,0.25,94.05000000000001,0.016763277455741816,107,79,1.2,2.94,10.0
0.15,False,0.5,124.69999999999999,0.016763277455741816,107,79,1.2,2.94,10.0
0.15,False,0.75,195.25,0.016763277455741816,107,79,1.2,2.94,10.0
0.15,True,0.25,82.9,0.9832367225442582,6276,79,1.2,2.94,10.0
0.15,True,0.5,121.8,0.9832367225442582,6276,79,1.2,2.94,10.0
0.15,True,0.75,184.225,0.9832367225442582,6276,79,1.2,2.94,10.0
0.0,False,0.25,129.14999999999998,0.5015895443306252,1420,80,1.2,2.94,10.0
0.0,False,0.5,215.10000000000002,0.5015895443306252,1420,80,1.2,2.94,10.0
0.0,False,0.75,343.50000000000006,0.5015895443306252,1420,80,1.2,2.94,10.0
0.0,True,0.25,125.74999999999999,0.49841045566937475,1411,80,1.2,2.94,10.0
0.0,True,0.5,210.70000000000002,0.49841045566937475,1411,80,1.2,2.94,10.0
0.0,True,0.75,348.25,0.49841045566937475,1411,80,1.2,2.94,10.0
0.03,False,0.25,124.64999999999999,0.32132963988919666,1856,80,1.2,2.94,10.0
0.03,False,0.5,205.50000000000003,0.32132963988919666,1856,80,1.2,2.94,10.0
0.03,False,0.75,335.975,0.32132963988919666,1856,80,1.2,2.94,10.0
0.03,True,0.25,120.02499999999998,0.6786703601108033,3920,80,1.2,2.94,10.0
0.03,True,0.5,202.25,0.6786703601108033,3920,80,1.2,2.94,10.0
0.03,True,0.75,341.625,0.6786703601108033,3920,80,1.2,2.94,10.0
0.06,False,0.25,107.80000000000001,0.17366571858792035,1038,80,1.2,2.94,10.0
0.06,False,0.5,174.2,0.17366571858792035,1038,80,1.2,2.94,10.0
0.06,False,0.75,279.30000000000007,0.17366571858792035,1038,80,1.2,2.94,10.0
0.06,True,0.25,112.5,0.8263342814120797,4939,80,1.2,2.94,10.0
0.06,True,0.5,184.70000000000002,0.8263342814120797,4939,80,1.2,2.94,10.0
0.06,True,0.75,299.95000000000005,0.8263342814120797,4939,80,1.2,2.94,10.0
0.09,False,0.25,103.8,0.08697703680402642,553,80,1.2,2.94,10.0
0.09,False,0.5,171.5,0.08697703680402642,553,80,1.2,2.94,10.0
0.09,False,0.75,279.70000000000005,0.08697703680402642,553,80,1.2,2.94,10.0
0.09,True,0.25,102.8,0.9130229631959735,5805,80,1.2,2.94,10.0
0.09,True,0.5,163.99999999999997,0.9130229631959735,5805,80,1.2,2.94,10.0
0.09,True,0.75,260.70000000000005,0.9130229631959735,5805,80,1.2,2.94,10.0
0.12,False,0.25,91.375,0.04167324388318863,264,80,1.2,2.94,10.0
0.12,False,0.5,138.39999999999998,0.04167324388318863,264,80,1.2,2.94,10.0
0.12,False,0.75,225.62500000000006,0.04167324388318863,264,80,1.2,2.94,10.0
0.12,True,0.25,92.1,0.9583267561168114,6071,80,1.2,2.94,10.0
0.12,True,0.5,141.7,0.9583267561168114,6071,80,1.2,2.94,10.0
0.12,True,0.75,222.55000000000007,0.9583267561168114,6071,80,1.2,2.94,10.0
0.15,False,0.25,78.49999999999999,0.02272015042306487,145,80,1.2,2.94,10.0
0.15,False,0.5,121.39999999999999,0.02272015042306487,145,80,1.2,2.94,10.0
0.15,False,0.75,191.50000000000003,0.02272015042306487,145,80,1.2,2.94,10.0
0.15,True,0.25,82.2,0.9772798495769351,6237,80,1.2,2.94,10.0
0.15,True,0.5,123.3,0.9772798495769351,6237,80,1.2,2.94,10.0
0.15,True,0.75,185.79999999999998,0.9772798495769351,6237,80,1.2,2.94,10.0
0.0,False,0.25,122.32499999999999,0.5063025210084033,1446,81,1.2,2.94,10.0
0.0,False,0.5,209.50000000000003,0.5063025210084033,1446,81,1.2,2.94,10.0
0.0,False,0.75,353.82500000000005,0.5063025210084033,1446,81,1.2,2.94,10.0
0.0,True,0.25,124.475,0.49369747899159666,1410,81,1.2,2.94,10.0
0.0,True,0.5,215.65000000000006,0.49369747899159666,1410,81,1.2,2.94,10.0
0.0,True,0.75,359.30000000000007,0.49369747899159666,1410,81,1.2,2.94,10.0
0.03,False,0.25,121.15,0.320048729550992,1839,81,1.2,2.94,10.0
0.03,False,0.5,206.70000000000002,0.320048729550992,1839,81,1.2,2.94,10.0
0.03,False,0.75,336.75000000000006,0.320048729550992,1839,81,1.2,2.94,10.0
0.03,True,0.25,121.2,0.679951270449008,3907,81,1.2,2.94,10.0
0.03,True,0.5,204.20000000000002,0.679951270449008,3907,81,1.2,2.94,10.0
0.03,True,0.75,335.35,0.679951270449008,3907,81,1.2,2.94,10.0
0.06,False,0.25,111.075,0.17161936560934893,1028,81,1.2,2.94,10.0
0.06,False,0.5,185.10000000000002,0.17161936560934893,1028,81,1.2,2.94,10.0
0.06,False,0.75,303.20000000000005,0.17161936560934893,1028,81,1.2,2.94,10.0
0.06,True,0.25,112.79999999999998,0.8283806343906511,4962,81,1.2,2.94,10.0
0.06,True,0.5,186.0,0.8283806343906511,4962,81,1.2,2.94,10.0
0.06,True,0.75,304.90000000000003,0.8283806343906511,4962,81,1.2,2.94,10.0
0.09,False,0.25,101.6,0.09674886131616146,616,81,1.2,2.94,10.0
0.09,False,0.5,164.9,0.09674886131616146,616,81,1.2,2.94,10.0
0.09,False,0.75,263.675,0.09674886131616146,616,81,1.2,2.94,10.0
0.09,True,0.25,101.55,0.9032511386838386,5751,81,1.2,2.94,10.0
0.09,True,0.5,164.6,0.9032511386838386,5751,81,1.2,2.94,10.0
0.09,True,0.75,260.90000000000003,0.9032511386838386,5751,81,1.2,2.94,10.0
0.12,False,0.25,92.7,0.04755134281200632,301,81,1.2,2.94,10.0
0.12,False,0.5,140.7,0.04755134281200632,301,81,1.2,2.94,10.0
0.12,False,0.75,226.60000000000005,0.04755134281200632,301,81,1.2,2.94,10.0
0.12,True,0.25,93.19999999999999,0.9524486571879937,6029,81,1.2,2.94,10.0
0.12,True,0.5,142.89999999999998,0.9524486571879937,6029,81,1.2,2.94,10.0
0.12,True,0.75,228.20000000000005,0.9524486571879937,6029,81,1.2,2.94,10.0
0.15,False,0.25,88.15,0.021936696960200563,140,81,1.2,2.94,10.0
0.15,False,0.5,147.64999999999998,0.021936696960200563,140,81,1.2,2.94,10.0
0.15,False,0.75,204.05000000000004,0.021936696960200563,140,81,1.2,2.94,10.0
0.15,True,0.25,84.3,0.9780633030397994,6242,81,1.2,2.94,10.0
0.15,True,0.5,123.3,0.9780633030397994,6242,81,1.2,2.94,10.0
0.15,True,0.75,188.05,0.9780633030397994,6242,81,1.2,2.94,10.0
0.0,False,0.25,120.39999999999999,0.4904281239122868,1409,97,1.2,2.94,10.0
0.0,False,0.5,214.40000000000006,0.4904281239122868,1409,97,1.2,2.94,10.0
0.0,False,0.75,360.1,0.4904281239122868,1409,97,1.2,2.94,10.0
0.0,True,0.25,121.225,0.5095718760877131,1464,97,1.2,2.94,10.0
0.0,True,0.5,206.15000000000003,0.5095718760877131,1464,97,1.2,2.94,10.0
0.0,True,0.75,352.375,0.5095718760877131,1464,97,1.2,2.94,10.0
0.03,False,0.25,123.375,0.31445006100749523,1804,97,1.2,2.94,10.0
0.03,False,0.5,205.3,0.31445006100749523,1804,97,1.2,2.94,10.0
0.03,False,0.75,333.775,0.31445006100749523,1804,97,1.2,2.94,10.0
0.03,True,0.25,118.79999999999998,0.6855499389925048,3933,97,1.2,2.94,10.0
0.03,True,0.5,200.70000000000002,0.6855499389925048,3933,97,1.2,2.94,10.0
0.03,True,0.75,339.6,0.6855499389925048,3933,97,1.2,2.94,10.0
0.06,False,0.25,111.3,0.1677818668450987,1003,97,1.2,2.94,10.0
0.06,False,0.5,184.1,0.1677818668450987,1003,97,1.2,2.94,10.0
0.06,False,0.75,306.95000000000005,0.1677818668450987,1003,97,1.2,2.94,10.0
0.06,True,0.25,112.19999999999999,0.8322181331549013,4975,97,1.2,2.94,10.0
0.06,True,0.5,182.0,0.8322181331549013,4975,97,1.2,2.94,10.0
0.06,True,0.75,300.20000000000005,0.8322181331549013,4975,97,1.2,2.94,10.0
0.09,False,0.25,103.29999999999998,0.09208045254556882,586,97,1.2,2.94,10.0
0.09,False,0.5,159.55,0.09208045254556882,586,97,1.2,2.94,10.0
0.09,False,0.75,245.22500000000002,0.09208045254556882,586,97,1.2,2.94,10.0
0.09,True,0.25,101.625,0.9079195474544312,5778,97,1.2,2.94,10.0
0.09,True,0.5,162.8,0.9079195474544312,5778,97,1.2,2.94,10.0
0.09,True,0.75,258.45000000000005,0.9079195474544312,5778,97,1.2,2.94,10.0
0.12,False,0.25,87.7,0.04249605055292259,269,97,1.2,2.94,10.0
0.12,False,0.5,140.1,0.04249605055292259,269,97,1.2,2.94,10.0
0.12,False,0.75,215.20000000000005,0.04249605055292259,269,97,1.2,2.94,10.0
0.12,True,0.25,92.7,0.9575039494470774,6061,97,1.2,2.94,10.0
0.12,True,0.5,141.09999999999997,0.9575039494470774,6061,97,1.2,2.94,10.0
0.12,True,0.75,218.8,0.9575039494470774,6061,97,1.2,2.94,10.0
0.15,False,0.25,82.0,0.021469989029932614,137,97,1.2,2.94,10.0
0.15,False,0.5,123.1,0.021469989029932614,137,97,1.2,2.94,10.0
0.15,False,0.75,181.10000000000002,0.021469989029932614,137,97,1.2,2.94,10.0
0.15,True,0.25,83.39999999999999,0.9785300109700674,6244,97,1.2,2.94,10.0
0.15,True,0.5,122.09999999999998,0.9785300109700674,6244,97,1.2,2.94,10.0
0.15,True,0.75,184.35000000000002,0.9785300109700674,6244,97,1.2,2.94,10.0
0.0,False,0.25,127.32500000000002,0.5031446540880503,1440,98,1.2,2.94,10.0
0.0,False,0.5,216.55,0.5031446540880503,1440,98,1.2,2.94,10.0
0.0,False,0.75,347.225,0.5031446540880503,1440,98,1.2,2.94,10.0
0.0,True,0.25,120.625,0.4968553459119497,1422,98,1.2,2.94,10.0
0.0,True,0.5,215.70000000000005,0.4968553459119497,1422,98,1.2,2.94,10.0
0.0,True,0.75,349.85,0.4968553459119497,1422,98,1.2,2.94,10.0
0.03,False,0.25,121.725,0.304022288002786,1746,98,1.2,2.94,10.0
0.03,False,0.5,200.50000000000003,0.304022288002786,1746,98,1.2,2.94,10.0
0.03,False,0.75,341.87500000000006,0.304022288002786,1746,98,1.2,2.94,10.0
0.03,True,0.25,119.6,0.695977711997214,3997,98,1.2,2.94,10.0
0.03,True,0.5,202.90000000000003,0.695977711997214,3997,98,1.2,2.94,10.0
0.03,True,0.75,338.40000000000003,0.695977711997214,3997,98,1.2,2.94,10.0
0.06,False,0.25,115.89999999999999,0.17228714524207012,1032,98,1.2,2.94,10.0
0.06,False,0.5,184.6,0.17228714524207012,1032,98,1.2,2.94,10.0
0.06,False,0.75,308.95000000000005,0.17228714524207012,1032,98,1.2,2.94,10.0
0.06,True,0.25,109.5,0.8277128547579299,4958,98,1.2,2.94,10.0
0.06,True,0.5,181.10000000000002,0.8277128547579299,4958,98,1.2,2.94,10.0
0.06,True,0.75,296.40000000000003,0.8277128547579299,4958,98,1.2,2.94,10.0
0.09,False,0.25,101.6,0.09320968248978309,593,98,1.2,2.94,10.0
0.09,False,0.5,170.3,0.09320968248978309,593,98,1.2,2.94,10.0
0.09,False,0.75,266.70000000000005,0.09320968248978309,593,98,1.2,2.94,10.0
0.09,True,0.25,103.8,0.9067903175102169,5769,98,1.2,2.94,10.0
0.09,True,0.5,162.70000000000002,0.9067903175102169,5769,98,1.2,2.94,10.0
0.09,True,0.75,264.20000000000005,0.9067903175102169,5769,98,1.2,2.94,10.0
0.12,False,0.25,93.0,0.04137059845255013,262,98,1.2,2.94,10.0
0.12,False,0.5,141.3,0.04137059845255013,262,98,1.2,2.94,10.0
0.12,False,0.75,212.95000000000005,0.04137059845255013,262,98,1.2,2.94,10.0
0.12,True,0.25,93.7,0.9586294015474499,6071,98,1.2,2.94,10.0
0.12,True,0.5,141.09999999999997,0.9586294015474499,6071,98,1.2,2.94,10.0
0.12,True,0.75,223.05,0.9586294015474499,6071,98,1.2,2.94,10.0
0.15,False,0.25,73.02499999999999,0.02162331557505484,138,98,1.2,2.94,10.0
0.15,False,0.5,119.6,0.02162331557505484,138,98,1.2,2.94,10.0
0.15,False,0.75,181.9,0.02162331557505484,138,98,1.2,2.94,10.0
0.15,True,0.25,82.975,0.9783766844249452,6244,98,1.2,2.94,10.0
0.15,True,0.5,122.39999999999999,0.9783766844249452,6244,98,1.2,2.94,10.0
0.15,True,0.75,183.2,0.9783766844249452,6244,98,1.2,2.94,10.0
0.0,False,0.25,122.19999999999999,0.4998249912495625,1428,99,1.2,2.94,10.0
0.0,False,0.5,207.25,0.4998249912495625,1428,99,1.2,2.94,10.0
0.0,False,0.75,344.37500000000006,0.4998249912495625,1428,99,1.2,2.94,10.0
0.0,True,0.25,129.5,0.5001750087504375,1429,99,1.2,2.94,10.0
0.0,True,0.5,216.50000000000006,0.5001750087504375,1429,99,1.2,2.94,10.0
0.0,True,0.75,350.80000000000007,0.5001750087504375,1429,99,1.2,2.94,10.0
0.03,False,0.25,120.52499999999999,0.31343283582089554,1806,99,1.2,2.94,10.0
0.03,False,0.5,203.15000000000003,0.31343283582089554,1806,99,1.2,2.94,10.0
0.03,False,0.75,333.77500000000003,0.31343283582089554,1806,99,1.2,2.94,10.0
0.03,True,0.25,125.925,0.6865671641791045,3956,99,1.2,2.94,10.0
0.03,True,0.5,209.15000000000003,0.6865671641791045,3956,99,1.2,2.94,10.0
0.03,True,0.75,337.1500000000001,0.6865671641791045,3956,99,1.2,2.94,10.0
0.06,False,0.25,112.925,0.18002672010688042,1078,99,1.2,2.94,10.0
0.06,False,0.5,188.8,0.18002672010688042,1078,99,1.2,2.94,10.0
0.06,False,0.75,299.45000000000005,0.18002672010688042,1078,99,1.2,2.94,10.0
0.06,True,0.25,115.625,0.8199732798931195,4910,99,1.2,2.94,10.0
0.06,True,0.5,185.15000000000003,0.8199732798931195,4910,99,1.2,2.94,10.0
0.06,True,0.75,304.20000000000005,0.8199732798931195,4910,99,1.2,2.94,10.0
0.09,False,0.25,95.75,0.09573295544008817,608,99,1.2,2.94,10.0
0.09,False,0.5,159.45,0.09573295544008817,608,99,1.2,2.94,10.0
0.09,False,0.75,251.52500000000003,0.09573295544008817,608,99,1.2,2.94,10.0
0.09,True,0.25,105.64999999999999,0.9042670445599118,5743,99,1.2,2.94,10.0
0.09,True,0.5,167.8,0.9042670445599118,5743,99,1.2,2.94,10.0
0.09,True,0.75,263.0,0.9042670445599118,5743,99,1.2,2.94,10.0
0.12,False,0.25,91.30000000000001,0.04594978683088584,291,99,1.2,2.94,10.0
0.12,False,0.5,137.1,0.04594978683088584,291,99,1.2,2.94,10.0
0.12,False,0.75,211.00000000000003,0.04594978683088584,291,99,1.2,2.94,10.0
0.12,True,0.25,95.30000000000001,0.9540502131691142,6042,99,1.2,2.94,10.0
0.12,True,0.5,143.45,0.9540502131691142,6042,99,1.2,2.94,10.0
0.12,True,0.75,221.97500000000002,0.9540502131691142,6042,99,1.2,2.94,10.0
0.15,False,0.25,67.75,0.01864619241617048,119,99,1.2,2.94,10.0
0.15,False,0.5,112.69999999999999,0.01864619241617048,119,99,1.2,2.94,10.0
0.15,False,0.75,194.5,0.01864619241617048,119,99,1.2,2.94,10.0
0.15,True,0.25,83.15,0.9813538075838295,6263,99,1.2,2.94,10.0
0.15,True,0.5,125.3,0.9813538075838295,6263,99,1.2,2.94,10.0
0.15,True,0.75,188.2,0.9813538075838295,6263,99,1.2,2.94,10.0
0.0,False,0.25,115.84999999999998,0.5075359270942867,1448,101,1.2,2.94,10.0
0.0,False,0.5,204.95000000000005,0.5075359270942867,1448,101,1.2,2.94,10.0
0.0,False,0.75,336.225,0.5075359270942867,1448,101,1.2,2.94,10.0
0.0,True,0.25,132.6,0.49246407290571326,1405,101,1.2,2.94,10.0
0.0,True,0.5,216.40000000000006,0.49246407290571326,1405,101,1.2,2.94,10.0
0.0,True,0.75,354.40000000000003,0.49246407290571326,1405,101,1.2,2.94,10.0
0.03,False,0.25,122.49999999999999,0.3203950788424883,1849,101,1.2,2.94,10.0
0.03,False,0.5,209.00000000000003,0.3203950788424883,1849,101,1.2,2.94,10.0
0.03,False,0.75,337.90000000000003,0.3203950788424883,1849,101,1.2,2.94,10.0
0.03,True,0.25,122.625,0.6796049211575117,3922,101,1.2,2.94,10.0
0.03,True,0.5,202.95000000000005,0.6796049211575117,3922,101,1.2,2.94,10.0
0.03,True,0.75,333.1,0.6796049211575117,3922,101,1.2,2.94,10.0
0.06,False,0.25,118.49999999999999,0.18013972055888225,1083,101,1.2,2.94,10.0
0.06,False,0.5,189.60000000000002,0.18013972055888225,1083,101,1.2,2.94,10.0
0.06,False,0.75,299.35,0.18013972055888225,1083,101,1.2,2.94,10.0
0.06,True,0.25,116.39999999999999,0.8198602794411177,4929,101,1.2,2.94,10.0
0.06,True,0.5,186.6,0.8198602794411177,4929,101,1.2,2.94,10.0
0.06,True,0.75,302.1,0.8198602794411177,4929,101,1.2,2.94,10.0
0.09,False,0.25,103.1,0.09135220125786163,581,101,1.2,2.94,10.0
0.09,False,0.5,159.70000000000002,0.09135220125786163,581,101,1.2,2.94,10.0
0.09,False,0.75,254.80000000000004,0.09135220125786163,581,101,1.2,2.94,10.0
0.09,True,0.25,103.29999999999998,0.9086477987421384,5779,101,1.2,2.94,10.0
0.09,True,0.5,166.7,0.9086477987421384,5779,101,1.2,2.94,10.0
0.09,True,0.75,264.1000000000001,0.9086477987421384,5779,101,1.2,2.94,10.0
0.12,False,0.25,95.60000000000002,0.043553732049865866,276,101,1.2,2.94,10.0
0.12,False,0.5,151.25,0.043553732049865866,276,101,1.2,2.94,10.0
0.12,False,0.75,210.77500000000003,0.043553732049865866,276,101,1.2,2.94,10.0
0.12,True,0.25,90.7,0.9564462679501341,6061,101,1.2,2.94,10.0
0.12,True,0.5,141.29999999999998,0.9564462679501341,6061,101,1.2,2.94,10.0
0.12,True,0.75,223.40000000000003,0.9564462679501341,6061,101,1.2,2.94,10.0
0.15,False,0.25,89.60000000000001,0.020676691729323307,132,101,1.2,2.94,10.0
0.15,False,0.5,120.69999999999999,0.020676691729323307,132,101,1.2,2.94,10.0
0.15,False,0.75,171.975,0.020676691729323307,132,101,1.2,2.94,10.0
0.15,True,0.25,83.1,0.9793233082706767,6252,101,1.2,2.94,10.0
0.15,True,0.5,122.69999999999999,0.9793233082706767,6252,101,1.2,2.94,10.0
0.15,True,0.75,184.70000000000002,0.9793233082706767,6252,101,1.2,2.94,10.0
0.0,False,0.25,125.1,0.4902097902097902,1402,113,1.2,2.94,10.0
0.0,False,0.5,218.05000000000004,0.4902097902097902,1402,113,1.2,2.94,10.0
0.0,False,0.75,360.475,0.4902097902097902,1402,113,1.2,2.94,10.0
0.0,True,0.25,126.94999999999999,0.5097902097902098,1458,113,1.2,2.94,10.0
0.0,True,0.5,216.65000000000003,0.5097902097902098,1458,113,1.2,2.94,10.0
0.0,True,0.75,348.05,0.5097902097902098,1458,113,1.2,2.94,10.0
0.03,False,0.25,121.82499999999999,0.3136300417246175,1804,113,1.2,2.94,10.0
0.03,False,0.5,201.1,0.3136300417246175,1804,113,1.2,2.94,10.0
0.03,False,0.75,339.775,0.3136300417246175,1804,113,1.2,2.94,10.0
0.03,True,0.25,124.475,0.6863699582753825,3948,113,1.2,2.94,10.0
0.03,True,0.5,210.45000000000005,0.6863699582753825,3948,113,1.2,2.94,10.0
0.03,True,0.75,345.4750000000001,0.6863699582753825,3948,113,1.2,2.94,10.0
0.06,False,0.25,107.80000000000001,0.17465353147436968,1046,113,1.2,2.94,10.0
0.06,False,0.5,178.35000000000002,0.17465353147436968,1046,113,1.2,2.94,10.0
0.06,False,0.75,301.1,0.17465353147436968,1046,113,1.2,2.94,10.0
0.06,True,0.25,111.19999999999999,0.8253464685256303,4943,113,1.2,2.94,10.0
0.06,True,0.5,183.2,0.8253464685256303,4943,113,1.2,2.94,10.0
0.06,True,0.75,302.30000000000007,0.8253464685256303,4943,113,1.2,2.94,10.0
0.09,False,0.25,97.69999999999997,0.09239729261766094,587,113,1.2,2.94,10.0
0.09,False,0.5,154.1,0.09239729261766094,587,113,1.2,2.94,10.0
0.09,False,0.75,257.95000000000005,0.09239729261766094,587,113,1.2,2.94,10.0
0.09,True,0.25,104.89999999999999,0.9076027073823391,5766,113,1.2,2.94,10.0
0.09,True,0.5,165.39999999999998,0.9076027073823391,5766,113,1.2,2.94,10.0
0.09,True,0.75,263.975,0.9076027073823391,5766,113,1.2,2.94,10.0
0.12,False,0.25,92.19999999999999,0.03997471954495181,253,113,1.2,2.94,10.0
0.12,False,0.5,143.7,0.03997471954495181,253,113,1.2,2.94,10.0
0.12,False,0.75,213.30000000000004,0.03997471954495181,253,113,1.2,2.94,10.0
0.12,True,0.25,91.8,0.9600252804550482,6076,113,1.2,2.94,10.0
0.12,True,0.5,140.4,0.9600252804550482,6076,113,1.2,2.94,10.0
0.12,True,0.75,220.60000000000005,0.9600252804550482,6076,113,1.2,2.94,10.0
0.15,False,0.25,90.95000000000002,0.021313273781538945,136,113,1.2,2.94,10.0
0.15,False,0.5,123.85,0.021313273781538945,136,113,1.2,2.94,10.0
0.15,False,0.75,183.8,0.021313273781538945,136,113,1.2,2.94,10.0
0.15,True,0.25,83.39999999999999,0.9786867262184611,6245,113,1.2,2.94,10.0
0.15,True,0.5,125.4,0.9786867262184611,6245,113,1.2,2.94,10.0
0.15,True,0.75,185.39999999999998,0.9786867262184611,6245,113,1.2,2.94,10.0
0.0,False,0.25,119.225,0.5038759689922481,1430,117,1.2,2.94,10.0
0.0,False,0.5,212.25,0.5038759689922481,1430,117,1.2,2.94,10.0
0.0,False,0.75,330.9000000000001,0.5038759689922481,1430,117,1.2,2.94,10.0
0.0,True,0.25,122.44999999999999,0.49612403100775193,1408,117,1.2,2.94,10.0
0.0,True,0.5,209.20000000000002,0.49612403100775193,1408,117,1.2,2.94,10.0
0.0,True,0.75,356.575,0.49612403100775193,1408,117,1.2,2.94,10.0
0.03,False,0.25,122.52499999999999,0.32229965156794427,1850,117,1.2,2.94,10.0
0.03,False,0.5,204.55000000000004,0.32229965156794427,1850,117,1.2,2.94,10.0
0.03,False,0.75,347.1,0.32229965156794427,1850,117,1.2,2.94,10.0
0.03,True,0.25,125.69999999999997,0.6777003484320557,3890,117,1.2,2.94,10.0
0.03,True,0.5,205.8,0.6777003484320557,3890,117,1.2,2.94,10.0
0.03,True,0.75,340.475,0.6777003484320557,3890,117,1.2,2.94,10.0
0.06,False,0.25,110.39999999999998,0.18380634390651085,1101,117,1.2,2.94,10.0
0.06,False,0.5,184.3,0.18380634390651085,1101,117,1.2,2.94,10.0
0.06,False,0.75,311.6,0.18380634390651085,1101,117,1.2,2.94,10.0
0.06,True,0.25,111.5,0.8161936560934892,4889,117,1.2,2.94,10.0
0.06,True,0.5,182.9,0.8161936560934892,4889,117,1.2,2.94,10.0
0.06,True,0.75,303.1,0.8161936560934892,4889,117,1.2,2.94,10.0
0.09,False,0.25,108.30000000000001,0.08228445563247325,523,117,1.2,2.94,10.0
0.09,False,0.5,166.8,0.08228445563247325,523,117,1.2,2.94,10.0
0.09,False,0.75,273.90000000000003,0.08228445563247325,523,117,1.2,2.94,10.0
0.09,True,0.25,103.89999999999999,0.9177155443675268,5833,117,1.2,2.94,10.0
0.09,True,0.5,165.9,0.9177155443675268,5833,117,1.2,2.94,10.0
0.09,True,0.75,260.50000000000006,0.9177155443675268,5833,117,1.2,2.94,10.0
0.12,False,0.25,98.65,0.043382236945890516,275,117,1.2,2.94,10.0
0.12,False,0.5,139.2,0.043382236945890516,275,117,1.2,2.94,10.0
0.12,False,0.75,223.15000000000003,0.043382236945890516,275,117,1.2,2.94,10.0
0.12,True,0.25,95.0,0.9566177630541095,6064,117,1.2,2.94,10.0
0.12,True,0.5,143.5,0.9566177630541095,6064,117,1.2,2.94,10.0
0.12,True,0.75,221.90000000000003,0.9566177630541095,6064,117,1.2,2.94,10.0
0.15,False,0.25,72.49999999999999,0.023346913193356314,149,117,1.2,2.94,10.0
0.15,False,0.5,114.79999999999998,0.023346913193356314,149,117,1.2,2.94,10.0
0.15,False,0.75,179.29999999999998,0.023346913193356314,149,117,1.2,2.94,10.0
0.15,True,0.25,84.9,0.9766530868066436,6233,117,1.2,2.94,10.0
0.15,True,0.5,124.49999999999999,0.9766530868066436,6233,117,1.2,2.94,10.0
0.15,True,0.75,187.79999999999998,0.9766530868066436,6233,117,1.2,2.94,10.0
0.0,False,0.25,130.2,0.49524145223827987,1405,118,1.2,2.94,10.0
0.0,False,0.5,217.80000000000004,0.49524145223827987,1405,118,1.2,2.94,10.0
0.0,False,0.75,357.30000000000007,0.49524145223827987,1405,118,1.2,2.94,10.0
0.0,True,0.25,127.175,0.5047585477617201,1432,118,1.2,2.94,10.0
0.0,True,0.5,215.10000000000002,0.5047585477617201,1432,118,1.2,2.94,10.0
0.0,True,0.75,356.87500000000006,0.5047585477617201,1432,118,1.2,2.94,10.0
0.03,False,0.25,118.89999999999998,0.3122502172024327,1797,118,1.2,2.94,10.0
0.03,False,0.5,204.20000000000002,0.3122502172024327,1797,118,1.2,2.94,10.0
0.03,False,0.75,336.6000000000001,0.3122502172024327,1797,118,1.2,2.94,10.0
0.03,True,0.25,119.99999999999999,0.6877497827975674,3958,118,1.2,2.94,10.0
0.03,True,0.5,199.55,0.6877497827975674,3958,118,1.2,2.94,10.0
0.03,True,0.75,324.70000000000005,0.6877497827975674,3958,118,1.2,2.94,10.0
0.06,False,0.25,110.6,0.1813790806129247,1089,118,1.2,2.94,10.0
0.06,False,0.5,184.0,0.1813790806129247,1089,118,1.2,2.94,10.0
0.06,False,0.75,298.7000000000001,0.1813790806129247,1089,118,1.2,2.94,10.0
0.06,True,0.25,109.39999999999998,0.8186209193870753,4915,118,1.2,2.94,10.0
0.06,True,0.5,181.29999999999998,0.8186209193870753,4915,118,1.2,2.94,10.0
0.06,True,0.75,302.7500000000001,0.8186209193870753,4915,118,1.2,2.94,10.0
0.09,False,0.25,102.82499999999999,0.08774964617078157,558,118,1.2,2.94,10.0
0.09,False,0.5,159.5,0.08774964617078157,558,118,1.2,2.94,10.0
0.09,False,0.75,256.15000000000003,0.08774964617078157,558,118,1.2,2.94,10.0
0.09,True,0.25,100.8,0.9122503538292185,5801,118,1.2,2.94,10.0
0.09,True,0.5,160.99999999999997,0.9122503538292185,5801,118,1.2,2.94,10.0
0.09,True,0.75,258.8,0.9122503538292185,5801,118,1.2,2.94,10.0
0.12,False,0.25,85.1,0.044006309148264984,279,118,1.2,2.94,10.0
0.12,False,0.5,136.4,0.044006309148264984,279,118,1.2,2.94,10.0
0.12,False,0.75,204.20000000000005,0.044006309148264984,279,118,1.2,2.94,10.0
0.12,True,0.25,93.6,0.955993690851735,6061,118,1.2,2.94,10.0
0.12,True,0.5,144.5,0.955993690851735,6061,118,1.2,2.94,10.0
0.12,True,0.75,219.00000000000003,0.955993690851735,6061,118,1.2,2.94,10.0
0.15,False,0.25,88.1,0.0189595738013162,121,118,1.2,2.94,10.0
0.15,False,0.5,135.2,0.0189595738013162,121,118,1.2,2.94,10.0
0.15,False,0.75,214.10000000000005,0.0189595738013162,121,118,1.2,2.94,10.0
0.15,True,0.25,82.4,0.9810404261986838,6261,118,1.2,2.94,10.0
0.15,True,0.5,120.39999999999999,0.9810404261986838,6261,118,1.2,2.94,10.0
0.15,True,0.75,184.3,0.9810404261986838,6261,118,1.2,2.94,10.0
0.0,False,0.25,128.42499999999998,0.4892340275326509,1386,120,1.2,2.94,10.0
0.0,False,0.5,217.05,0.4892340275326509,1386,120,1.2,2.94,10.0
0.0,False,0.75,361.20000000000005,0.4892340275326509,1386,120,1.2,2.94,10.0
0.0,True,0.25,123.75,0.5107659724673491,1447,120,1.2,2.94,10.0
0.0,True,0.5,212.60000000000005,0.5107659724673491,1447,120,1.2,2.94,10.0
0.0,True,0.75,364.15000000000003,0.5107659724673491,1447,120,1.2,2.94,10.0
0.03,False,0.25,125.525,0.31345885634588566,1798,120,1.2,2.94,10.0
0.03,False,0.5,205.85000000000002,0.31345885634588566,1798,120,1.2,2.94,10.0
0.03,False,0.75,334.6500000000001,0.31345885634588566,1798,120,1.2,2.94,10.0
0.03,True,0.25,122.82499999999999,0.6865411436541143,3938,120,1.2,2.94,10.0
0.03,True,0.5,203.15000000000003,0.6865411436541143,3938,120,1.2,2.94,10.0
0.03,True,0.75,332.0,0.6865411436541143,3938,120,1.2,2.94,10.0
0.06,False,0.25,110.15,0.18056018672890964,1083,120,1.2,2.94,10.0
0.06,False,0.5,185.79999999999998,0.18056018672890964,1083,120,1.2,2.94,10.0
0.06,False,0.75,311.90000000000003,0.18056018672890964,1083,120,1.2,2.94,10.0
0.06,True,0.25,112.05,0.8194398132710904,4915,120,1.2,2.94,10.0
0.06,True,0.5,185.0,0.8194398132710904,4915,120,1.2,2.94,10.0
0.06,True,0.75,305.05000000000007,0.8194398132710904,4915,120,1.2,2.94,10.0
0.09,False,0.25,99.1,0.09285153181461116,591,120,1.2,2.94,10.0
0.09,False,0.5,159.6,0.09285153181461116,591,120,1.2,2.94,10.0
0.09,False,0.75,246.20000000000005,0.09285153181461116,591,120,1.2,2.94,10.0
0.09,True,0.25,103.025,0.9071484681853889,5774,120,1.2,2.94,10.0
0.09,True,0.5,160.75,0.9071484681853889,5774,120,1.2,2.94,10.0
0.09,True,0.75,262.27500000000003,0.9071484681853889,5774,120,1.2,2.94,10.0
0.12,False,0.25,87.1,0.0415219450584149,263,120,1.2,2.94,10.0
0.12,False,0.5,135.1,0.0415219450584149,263,120,1.2,2.94,10.0
0.12,False,0.75,215.20000000000005,0.0415219450584149,263,120,1.2,2.94,10.0
0.12,True,0.25,94.85,0.9584780549415851,6071,120,1.2,2.94,10.0
0.12,True,0.5,144.89999999999998,0.9584780549415851,6071,120,1.2,2.94,10.0
0.12,True,0.75,225.50000000000003,0.9584780549415851,6071,120,1.2,2.94,10.0
0.15,False,0.25,79.3,0.0230371415138693,147,120,1.2,2.94,10.0
0.15,False,0.5,119.0,0.0230371415138693,147,120,1.2,2.94,10.0
0.15,False,0.75,189.45,0.0230371415138693,147,120,1.2,2.94,10.0
0.15,True,0.25,83.925,0.9769628584861307,6234,120,1.2,2.94,10.0
0.15,True,0.5,124.3,0.9769628584861307,6234,120,1.2,2.94,10.0
0.15,True,0.75,188.3,0.9769628584861307,6234,120,1.2,2.94,10.0
0.0,False,0.25,121.04999999999998,0.4890587009378256,1408,121,1.2,2.94,10.0
0.0,False,0.5,211.70000000000005,0.4890587009378256,1408,121,1.2,2.94,10.0
0.0,False,0.75,348.82500000000005,0.4890587009378256,1408,121,1.2,2.94,10.0
0.0,True,0.25,118.84999999999998,0.5109412990621743,1471,121,1.2,2.94,10.0
0.0,True,0.5,199.9,0.5109412990621743,1471,121,1.2,2.94,10.0
0.0,True,0.75,339.75,0.5109412990621743,1471,121,1.2,2.94,10.0
0.03,False,0.25,119.52499999999999,0.32551676220253606,1874,121,1.2,2.94,10.0
0.03,False,0.5,204.20000000000002,0.32551676220253606,1874,121,1.2,2.94,10.0
0.03,False,0.75,329.40000000000003,0.32551676220253606,1874,121,1.2,2.94,10.0
0.03,True,0.25,119.89999999999999,0.674483237797464,3883,121,1.2,2.94,10.0
0.03,True,0.5,201.90000000000003,0.674483237797464,3883,121,1.2,2.94,10.0
0.03,True,0.75,334.6500000000001,0.674483237797464,3883,121,1.2,2.94,10.0
0.06,False,0.25,116.92499999999998,0.1641418345263859,986,121,1.2,2.94,10.0
0.06,False,0.5,193.00000000000003,0.1641418345263859,986,121,1.2,2.94,10.0
0.06,False,0.75,304.2250000000001,0.1641418345263859,986,121,1.2,2.94,10.0
0.06,True,0.25,113.6,0.8358581654736141,5021,121,1.2,2.94,10.0
0.06,True,0.5,189.0,0.8358581654736141,5021,121,1.2,2.94,10.0
0.06,True,0.75,300.7000000000001,0.8358581654736141,5021,121,1.2,2.94,10.0
0.09,False,0.25,98.875,0.08817069344210857,562,121,1.2,2.94,10.0
0.09,False,0.5,161.25,0.08817069344210857,562,121,1.2,2.94,10.0
0.09,False,0.75,251.42500000000004,0.08817069344210857,562,121,1.2,2.94,10.0
0.09,True,0.25,101.89999999999999,0.9118293065578914,5812,121,1.2,2.94,10.0
0.09,True,0.5,161.85,0.9118293065578914,5812,121,1.2,2.94,10.0
0.09,True,0.75,263.6000000000001,0.9118293065578914,5812,121,1.2,2.94,10.0
0.12,False,0.25,88.1,0.039348925410872315,249,121,1.2,2.94,10.0
0.12,False,0.5,134.6,0.039348925410872315,249,121,1.2,2.94,10.0
0.12,False,0.75,201.40000000000003,0.039348925410872315,249,121,1.2,2.94,10.0
0.12,True,0.25,91.59999999999998,0.9606510745891277,6079,121,1.2,2.94,10.0
0.12,True,0.5,141.29999999999998,0.9606510745891277,6079,121,1.2,2.94,10.0
0.12,True,0.75,221.80000000000004,0.9606510745891277,6079,121,1.2,2.94,10.0
0.15,False,0.25,84.74999999999999,0.01864619241617048,119,121,1.2,2.94,10.0
0.15,False,0.5,129.3,0.01864619241617048,119,121,1.2,2.94,10.0
0.15,False,0.75,198.65000000000003,0.01864619241617048,119,121,1.2,2.94,10.0
0.15,True,0.25,83.3,0.9813538075838295,6263,121,1.2,2.94,10.0
0.15,True,0.5,122.6,0.9813538075838295,6263,121,1.2,2.94,10.0
0.15,True,0.75,186.45,0.9813538075838295,6263,121,1.2,2.94,10.0
0.0,False,0.25,118.725,0.4975575715282624,1426,123,1.2,2.94,10.0
0.0,False,0.5,204.85000000000002,0.4975575715282624,1426,123,1.2,2.94,10.0
0.0,False,0.75,348.975,0.4975575715282624,1426,123,1.2,2.94,10.0
0.0,True,0.25,118.82499999999999,0.5024424284717376,1440,123,1.2,2.94,10.0
0.0,True,0.5,202.05,0.5024424284717376,1440,123,1.2,2.94,10.0
0.0,True,0.75,355.32500000000005,0.5024424284717376,1440,123,1.2,2.94,10.0
0.03,False,0.25,115.15,0.31627663290254976,1811,123,1.2,2.94,10.0
0.03,False,0.5,201.80000000000004,0.31627663290254976,1811,123,1.2,2.94,10.0
0.03,False,0.75,328.95000000000005,0.31627663290254976,1811,123,1.2,2.94,10.0
0.03,True,0.25,121.39999999999999,0.6837233670974502,3915,123,1.2,2.94,10.0
0.03,True,0.5,201.30000000000004,0.6837233670974502,3915,123,1.2,2.94,10.0
0.03,True,0.75,328.20000000000005,0.6837233670974502,3915,123,1.2,2.94,10.0
0.06,False,0.25,113.69999999999999,0.1826842721042955,1093,123,1.2,2.94,10.0
0.06,False,0.5,198.5,0.1826842721042955,1093,123,1.2,2.94,10.0
0.06,False,0.75,311.70000000000005,0.1826842721042955,1093,123,1.2,2.94,10.0
0.06,True,0.25,110.925,0.8173157278957045,4890,123,1.2,2.94,10.0
0.06,True,0.5,182.85000000000002,0.8173157278957045,4890,123,1.2,2.94,10.0
0.06,True,0.75,300.92500000000007,0.8173157278957045,4890,123,1.2,2.94,10.0
0.09,False,0.25,98.69999999999999,0.08903570866761051,566,123,1.2,2.94,10.0
0.09,False,0.5,161.4,0.08903570866761051,566,123,1.2,2.94,10.0
0.09,False,0.75,266.15000000000003,0.08903570866761051,566,123,1.2,2.94,10.0
0.09,True,0.25,101.4,0.9109642913323895,5791,123,1.2,2.94,10.0
0.09,True,0.5,160.3,0.9109642913323895,5791,123,1.2,2.94,10.0
0.09,True,0.75,262.85,0.9109642913323895,5791,123,1.2,2.94,10.0
0.12,False,0.25,82.1,0.03974763406940063,252,123,1.2,2.94,10.0
0.12,False,0.5,134.29999999999998,0.03974763406940063,252,123,1.2,2.94,10.0
0.12,False,0.75,221.65000000000003,0.03974763406940063,252,123,1.2,2.94,10.0
0.12,True,0.25,92.1,0.9602523659305994,6088,123,1.2,2.94,10.0
0.12,True,0.5,141.29999999999998,0.9602523659305994,6088,123,1.2,2.94,10.0
0.12,True,0.75,216.17500000000007,0.9602523659305994,6088,123,1.2,2.94,10.0
0.15,False,0.25,85.75,0.02241730678789779,143,123,1.2,2.94,10.0
0.15,False,0.5,123.60000000000001,0.02241730678789779,143,123,1.2,2.94,10.0
0.15,False,0.75,193.85000000000002,0.02241730678789779,143,123,1.2,2.94,10.0
0.15,True,0.25,82.80000000000001,0.9775826932121022,6236,123,1.2,2.94,10.0
0.15,True,0.5,123.3,0.9775826932121022,6236,123,1.2,2.94,10.0
0.15,True,0.75,186.5,0.9775826932121022,6236,123,1.2,2.94,10.0
0.0,False,0.25,127.35,0.46842105263157896,1335,127,1.2,2.94,10.0
0.0,False,0.5,219.00000000000003,0.46842105263157896,1335,127,1.2,2.94,10.0
0.0,False,0.75,352.6,0.46842105263157896,1335,127,1.2,2.94,10.0
0.0,True,0.25,127.0,0.531578947368421,1515,127,1.2,2.94,10.0
0.0,True,0.5,208.10000000000002,0.531578947368421,1515,127,1.2,2.94,10.0
0.0,True,0.75,357.20000000000005,0.531578947368421,1515,127,1.2,2.94,10.0
0.03,False,0.25,117.12499999999999,0.3149248514505418,1802,127,1.2,2.94,10.0
0.03,False,0.5,190.15,0.3149248514505418,1802,127,1.2,2.94,10.0
0.03,False,0.75,328.50000000000006,0.3149248514505418,1802,127,1.2,2.94,10.0
0.03,True,0.25,122.3,0.6850751485494583,3920,127,1.2,2.94,10.0
0.03,True,0.5,207.40000000000003,0.6850751485494583,3920,127,1.2,2.94,10.0
0.03,True,0.75,341.5,0.6850751485494583,3920,127,1.2,2.94,10.0
0.06,False,0.25,108.85,0.17139519359145527,1027,127,1.2,2.94,10.0
0.06,False,0.5,183.50000000000003,0.17139519359145527,1027,127,1.2,2.94,10.0
0.06,False,0.75,293.20000000000005,0.17139519359145527,1027,127,1.2,2.94,10.0
0.06,True,0.25,113.69999999999999,0.8286048064085447,4965,127,1.2,2.94,10.0
0.06,True,0.5,189.60000000000002,0.8286048064085447,4965,127,1.2,2.94,10.0
0.06,True,0.75,306.1,0.8286048064085447,4965,127,1.2,2.94,10.0
0.09,False,0.25,95.19999999999999,0.08701809598741149,553,127,1.2,2.94,10.0
0.09,False,0.5,152.60000000000002,0.08701809598741149,553,127,1.2,2.94,10.0
0.09,False,0.75,249.90000000000006,0.08701809598741149,553,127,1.2,2.94,10.0
0.09,True,0.25,101.2,0.9129819040125885,5802,127,1.2,2.94,10.0
0.09,True,0.5,162.75,0.9129819040125885,5802,127,1.2,2.94,10.0
0.09,True,0.75,263.5250000000001,0.9129819040125885,5802,127,1.2,2.94,10.0
0.12,False,0.25,85.25,0.04137059845255013,262,127,1.2,2.94,10.0
0.12,False,0.5,136.75,0.04137059845255013,262,127,1.2,2.94,10.0
0.12,False,0.75,212.025,0.04137059845255013,262,127,1.2,2.94,10.0
0.12,True,0.25,91.8,0.9586294015474499,6071,127,1.2,2.94,10.0
0.12,True,0.5,142.29999999999998,0.9586294015474499,6071,127,1.2,2.94,10.0
0.12,True,0.75,221.00000000000003,0.9586294015474499,6071,127,1.2,2.94,10.0
0.15,False,0.25,88.0,0.0189595738013162,121,127,1.2,2.94,10.0
0.15,False,0.5,124.49999999999999,0.0189595738013162,121,127,1.2,2.94,10.0
0.15,False,0.75,180.4,0.0189595738013162,121,127,1.2,2.94,10.0
0.15,True,0.25,81.4,0.9810404261986838,6261,127,1.2,2.94,10.0
0.15,True,0.5,122.39999999999999,0.9810404261986838,6261,127,1.2,2.94,10.0
0.15,True,0.75,186.5,0.9810404261986838,6261,127,1.2,2.94,10.0
0.0,False,0.25,121.25,0.5077355836849508,1444,134,1.2,2.94,10.0
0.0,False,0.5,209.3,0.5077355836849508,1444,134,1.2,2.94,10.0
0.0,False,0.75,334.5250000000001,0.5077355836849508,1444,134,1.2,2.94,10.0
0.0,True,0.25,125.04999999999998,0.49226441631504925,1400,134,1.2,2.94,10.0
0.0,True,0.5,218.70000000000005,0.49226441631504925,1400,134,1.2,2.94,10.0
0.0,True,0.75,358.32500000000005,0.49226441631504925,1400,134,1.2,2.94,10.0
0.03,False,0.25,119.09999999999998,0.31920069504778453,1837,134,1.2,2.94,10.0
0.03,False,0.5,203.20000000000005,0.31920069504778453,1837,134,1.2,2.94,10.0
0.03,False,0.75,335.20000000000005,0.31920069504778453,1837,134,1.2,2.94,10.0
0.03,True,0.25,119.92499999999998,0.6807993049522154,3918,134,1.2,2.94,10.0
0.03,True,0.5,199.9,0.6807993049522154,3918,134,1.2,2.94,10.0
0.03,True,0.75,332.17500000000007,0.6807993049522154,3918,134,1.2,2.94,10.0
0.06,False,0.25,107.97500000000001,0.17150483817150483,1028,134,1.2,2.94,10.0
0.06,False,0.5,181.4,0.17150483817150483,1028,134,1.2,2.94,10.0
0.06,False,0.75,295.15000000000003,0.17150483817150483,1028,134,1.2,2.94,10.0
0.06,True,0.25,110.99999999999999,0.8284951618284951,4966,134,1.2,2.94,10.0
0.06,True,0.5,184.1,0.8284951618284951,4966,134,1.2,2.94,10.0
0.06,True,0.75,302.07500000000005,0.8284951618284951,4966,134,1.2,2.94,10.0
0.09,False,0.25,98.225,0.08532745591939547,542,134,1.2,2.94,10.0
0.09,False,0.5,165.95,0.08532745591939547,542,134,1.2,2.94,10.0
0.09,False,0.75,259.3,0.08532745591939547,542,134,1.2,2.94,10.0
0.09,True,0.25,103.69999999999999,0.9146725440806045,5810,134,1.2,2.94,10.0
0.09,True,0.5,163.85,0.9146725440806045,5810,134,1.2,2.94,10.0
0.09,True,0.75,264.1000000000001,0.9146725440806045,5810,134,1.2,2.94,10.0
0.12,False,0.25,89.35,0.04341648247552889,275,134,1.2,2.94,10.0
0.12,False,0.5,140.1,0.04341648247552889,275,134,1.2,2.94,10.0
0.12,False,0.75,238.35000000000002,0.04341648247552889,275,134,1.2,2.94,10.0
0.12,True,0.25,91.35,0.9565835175244711,6059,134,1.2,2.94,10.0
0.12,True,0.5,140.4,0.9565835175244711,6059,134,1.2,2.94,10.0
0.12,True,0.75,219.15000000000003,0.9565835175244711,6059,134,1.2,2.94,10.0
0.15,False,0.25,80.725,0.019423558897243107,124,134,1.2,2.94,10.0
0.15,False,0.5,114.64999999999998,0.019423558897243107,124,134,1.2,2.94,10.0
0.15,False,0.75,186.60000000000002,0.019423558897243107,124,134,1.2,2.94,10.0
0.15,True,0.25,82.575,0.9805764411027569,6260,134,1.2,2.94,10.0
0.15,True,0.5,122.6,0.9805764411027569,6260,134,1.2,2.94,10.0
0.15,True,0.75,186.8,0.9805764411027569,6260,134,1.2,2.94,10.0
0.0,False,0.25,119.6,0.5091356289529164,1449,135,1.2,2.94,10.0
0.0,False,0.5,208.20000000000002,0.5091356289529164,1449,135,1.2,2.94,10.0
0.0,False,0.75,349.90000000000003,0.5091356289529164,1449,135,1.2,2.94,10.0
0.0,True,0.25,124.0,0.49086437104708364,1397,135,1.2,2.94,10.0
0.0,True,0.5,205.50000000000003,0.49086437104708364,1397,135,1.2,2.94,10.0
0.0,True,0.75,351.90000000000003,0.49086437104708364,1397,135,1.2,2.94,10.0
0.03,False,0.25,121.75,0.3206890551592135,1843,135,1.2,2.94,10.0
0.03,False,0.5,199.70000000000002,0.3206890551592135,1843,135,1.2,2.94,10.0
0.03,False,0.75,322.40000000000003,0.3206890551592135,1843,135,1.2,2.94,10.0
0.03,True,0.25,122.07499999999999,0.6793109448407865,3904,135,1.2,2.94,10.0
0.03,True,0.5,203.95000000000005,0.6793109448407865,3904,135,1.2,2.94,10.0
0.03,True,0.75,336.8500000000001,0.6793109448407865,3904,135,1.2,2.94,10.0
0.06,False,0.25,115.34999999999998,0.17094447240395907,1019,135,1.2,2.94,10.0
0.06,False,0.5,182.6,0.17094447240395907,1019,135,1.2,2.94,10.0
0.06,False,0.75,293.95000000000005,0.17094447240395907,1019,135,1.2,2.94,10.0
0.06,True,0.25,113.725,0.829055527596041,4942,135,1.2,2.94,10.0
0.06,True,0.5,186.3,0.829055527596041,4942,135,1.2,2.94,10.0
0.06,True,0.75,299.75,0.829055527596041,4942,135,1.2,2.94,10.0
0.09,False,0.25,102.375,0.09009292802016065,572,135,1.2,2.94,10.0
0.09,False,0.5,165.89999999999998,0.09009292802016065,572,135,1.2,2.94,10.0
0.09,False,0.75,278.425,0.09009292802016065,572,135,1.2,2.94,10.0
0.09,True,0.25,103.5,0.9099070719798393,5777,135,1.2,2.94,10.0
0.09,True,0.5,165.1,0.9099070719798393,5777,135,1.2,2.94,10.0
0.09,True,0.75,260.90000000000003,0.9099070719798393,5777,135,1.2,2.94,10.0
0.12,False,0.25,88.14999999999999,0.04485154769425142,284,135,1.2,2.94,10.0
0.12,False,0.5,137.25,0.04485154769425142,284,135,1.2,2.94,10.0
0.12,False,0.75,214.37500000000006,0.04485154769425142,284,135,1.2,2.94,10.0
0.12,True,0.25,94.0,0.9551484523057486,6048,135,1.2,2.94,10.0
0.12,True,0.5,141.7,0.9551484523057486,6048,135,1.2,2.94,10.0
0.12,True,0.75,220.20000000000005,0.9551484523057486,6048,135,1.2,2.94,10.0
0.15,False,0.25,84.0,0.020523264922450258,131,135,1.2,2.94,10.0
0.15,False,0.5,111.5,0.020523264922450258,131,135,1.2,2.94,10.0
0.15,False,0.75,174.64999999999998,0.020523264922450258,131,135,1.2,2.94,10.0
0.15,True,0.25,83.1,0.9794767350775497,6252,135,1.2,2.94,10.0
0.15,True,0.5,122.94999999999999,0.9794767350775497,6252,135,1.2,2.94,10.0
0.15,True,0.75,183.9,0.9794767350775497,6252,135,1.2,2.94,10.0
0.0,False,0.25,125.1,0.5073632538569425,1447,152,1.2,2.94,10.0
0.0,False,0.5,213.10000000000002,0.5073632538569425,1447,152,1.2,2.94,10.0
0.0,False,0.75,346.70000000000005,0.5073632538569425,1447,152,1.2,2.94,10.0
0.0,True,0.25,119.89999999999998,0.4926367461430575,1405,152,1.2,2.94,10.0
0.0,True,0.5,210.4,0.4926367461430575,1405,152,1.2,2.94,10.0
0.0,True,0.75,350.6,0.4926367461430575,1405,152,1.2,2.94,10.0
0.03,False,0.25,120.04999999999998,0.308334783365234,1772,152,1.2,2.94,10.0
0.03,False,0.5,197.35000000000002,0.308334783365234,1772,152,1.2,2.94,10.0
0.03,False,0.75,357.25000000000006,0.308334783365234,1772,152,1.2,2.94,10.0
0.03,True,0.25,121.14999999999999,0.691665216634766,3975,152,1.2,2.94,10.0
0.03,True,0.5,201.5,0.691665216634766,3975,152,1.2,2.94,10.0
0.03,True,0.75,337.05000000000007,0.691665216634766,3975,152,1.2,2.94,10.0
0.06,False,0.25,113.54999999999998,0.17697192513368984,1059,152,1.2,2.94,10.0
0.06,False,0.5,178.20000000000002,0.17697192513368984,1059,152,1.2,2.94,10.0
0.06,False,0.75,297.70000000000005,0.17697192513368984,1059,152,1.2,2.94,10.0
0.06,True,0.25,114.9,0.8230280748663101,4925,152,1.2,2.94,10.0
0.06,True,0.5,187.10000000000002,0.8230280748663101,4925,152,1.2,2.94,10.0
0.06,True,0.75,303.4,0.8230280748663101,4925,152,1.2,2.94,10.0
0.09,False,0.25,100.275,0.09463920767174973,602,152,1.2,2.94,10.0
0.09,False,0.5,164.60000000000002,0.09463920767174973,602,152,1.2,2.94,10.0
0.09,False,0.75,260.65000000000003,0.09463920767174973,602,152,1.2,2.94,10.0
0.09,True,0.25,102.5,0.9053607923282503,5759,152,1.2,2.94,10.0
0.09,True,0.5,164.70000000000002,0.9053607923282503,5759,152,1.2,2.94,10.0
0.09,True,0.75,262.70000000000005,0.9053607923282503,5759,152,1.2,2.94,10.0
0.12,False,0.25,92.0,0.04183770129460057,265,152,1.2,2.94,10.0
0.12,False,0.5,141.4,0.04183770129460057,265,152,1.2,2.94,10.0
0.12,False,0.75,208.8,0.04183770129460057,265,152,1.2,2.94,10.0
0.12,True,0.25,92.9,0.9581622987053995,6069,152,1.2,2.94,10.0
0.12,True,0.5,143.89999999999998,0.9581622987053995,6069,152,1.2,2.94,10.0
0.12,True,0.75,224.00000000000003,0.9581622987053995,6069,152,1.2,2.94,10.0
0.15,False,0.25,85.94999999999999,0.02115987460815047,135,152,1.2,2.94,10.0
0.15,False,0.5,115.39999999999999,0.02115987460815047,135,152,1.2,2.94,10.0
0.15,False,0.75,168.84999999999997,0.02115987460815047,135,152,1.2,2.94,10.0
0.15,True,0.25,84.19999999999999,0.9788401253918495,6245,152,1.2,2.94,10.0
0.15,True,0.5,124.3,0.9788401253918495,6245,152,1.2,2.94,10.0
0.15,True,0.75,186.6,0.9788401253918495,6245,152,1.2,2.94,10.0
0.0,False,0.25,128.87499999999997,0.5103110800419434,1460,156,1.2,2.94,10.0
0.0,False,0.5,222.35000000000005,0.5103110800419434,1460,156,1.2,2.94,10.0
0.0,False,0.75,360.1,0.5103110800419434,1460,156,1.2,2.94,10.0
0.0,True,0.25,119.79999999999998,0.48968891995805663,1401,156,1.2,2.94,10.0
0.0,True,0.5,223.50000000000003,0.48968891995805663,1401,156,1.2,2.94,10.0
0.0,True,0.75,355.00000000000006,0.48968891995805663,1401,156,1.2,2.94,10.0
0.03,False,0.25,118.6,0.3168058455114823,1821,156,1.2,2.94,10.0
0.03,False,0.5,202.40000000000006,0.3168058455114823,1821,156,1.2,2.94,10.0
0.03,False,0.75,336.5,0.3168058455114823,1821,156,1.2,2.94,10.0
0.03,True,0.25,122.39999999999999,0.6831941544885177,3927,156,1.2,2.94,10.0
0.03,True,0.5,204.70000000000002,0.6831941544885177,3927,156,1.2,2.94,10.0
0.03,True,0.75,341.05000000000007,0.6831941544885177,3927,156,1.2,2.94,10.0
0.06,False,0.25,109.92499999999998,0.17757009345794392,1064,156,1.2,2.94,10.0
0.06,False,0.5,178.45,0.17757009345794392,1064,156,1.2,2.94,10.0
0.06,False,0.75,288.07500000000005,0.17757009345794392,1064,156,1.2,2.94,10.0
0.06,True,0.25,113.27499999999999,0.822429906542056,4928,156,1.2,2.94,10.0
0.06,True,0.5,189.7,0.822429906542056,4928,156,1.2,2.94,10.0
0.06,True,0.75,309.625,0.822429906542056,4928,156,1.2,2.94,10.0
0.09,False,0.25,101.225,0.08833700094309965,562,156,1.2,2.94,10.0
0.09,False,0.5,162.09999999999997,0.08833700094309965,562,156,1.2,2.94,10.0
0.09,False,0.75,253.175,0.08833700094309965,562,156,1.2,2.94,10.0
0.09,True,0.25,100.2,0.9116629990569003,5800,156,1.2,2.94,10.0
0.09,True,0.5,160.89999999999998,0.9116629990569003,5800,156,1.2,2.94,10.0
0.09,True,0.75,263.125,0.9116629990569003,5800,156,1.2,2.94,10.0
0.12,False,0.25,87.79999999999998,0.04062598798608916,257,156,1.2,2.94,10.0
0.12,False,0.5,145.6,0.04062598798608916,257,156,1.2,2.94,10.0
0.12,False,0.75,235.70000000000002,0.04062598798608916,257,156,1.2,2.94,10.0
0.12,True,0.25,92.19999999999999,0.9593740120139108,6069,156,1.2,2.94,10.0
0.12,True,0.5,143.4,0.9593740120139108,6069,156,1.2,2.94,10.0
0.12,True,0.75,223.80000000000007,0.9593740120139108,6069,156,1.2,2.94,10.0
0.15,False,0.25,85.19999999999999,0.022713032581453633,145,156,1.2,2.94,10.0
0.15,False,0.5,128.3,0.022713032581453633,145,156,1.2,2.94,10.0
0.15,False,0.75,176.9,0.022713032581453633,145,156,1.2,2.94,10.0
0.15,True,0.25,82.49999999999999,0.9772869674185464,6239,156,1.2,2.94,10.0
0.15,True,0.5,121.49999999999999,0.9772869674185464,6239,156,1.2,2.94,10.0
0.15,True,0.75,184.0,0.9772869674185464,6239,156,1.2,2.94,10.0
0.0,False,0.25,122.725,0.5043538836642285,1448,158,1.2,2.94,10.0
0.0,False,0.5,207.35000000000002,0.5043538836642285,1448,158,1.2,2.94,10.0
0.0,False,0.75,355.32500000000005,0.5043538836642285,1448,158,1.2,2.94,10.0
0.0,True,0.25,125.75,0.4956461163357715,1423,158,1.2,2.94,10.0
0.0,True,0.5,217.10000000000002,0.4956461163357715,1423,158,1.2,2.94,10.0
0.0,True,0.75,351.1,0.4956461163357715,1423,158,1.2,2.94,10.0
0.03,False,0.25,119.32499999999999,0.3248219558797985,1870,158,1.2,2.94,10.0
0.03,False,0.5,200.60000000000002,0.3248219558797985,1870,158,1.2,2.94,10.0
0.03,False,0.75,337.75000000000006,0.3248219558797985,1870,158,1.2,2.94,10.0
0.03,True,0.25,123.2,0.6751780441202015,3887,158,1.2,2.94,10.0
0.03,True,0.5,202.10000000000002,0.6751780441202015,3887,158,1.2,2.94,10.0
0.03,True,0.75,333.85,0.6751780441202015,3887,158,1.2,2.94,10.0
0.06,False,0.25,113.25,0.17221297836938437,1035,158,1.2,2.94,10.0
0.06,False,0.5,181.9,0.17221297836938437,1035,158,1.2,2.94,10.0
0.06,False,0.75,297.55000000000007,0.17221297836938437,1035,158,1.2,2.94,10.0
0.06,True,0.25,111.74999999999999,0.8277870216306157,4975,158,1.2,2.94,10.0
0.06,True,0.5,178.8,0.8277870216306157,4975,158,1.2,2.94,10.0
0.06,True,0.75,292.6500000000001,0.8277870216306157,4975,158,1.2,2.94,10.0
0.09,False,0.25,101.39999999999998,0.08325479107759975,530,158,1.2,2.94,10.0
0.09,False,0.5,156.25,0.08325479107759975,530,158,1.2,2.94,10.0
0.09,False,0.75,234.90000000000003,0.08325479107759975,530,158,1.2,2.94,10.0
0.09,True,0.25,102.4,0.9167452089224003,5836,158,1.2,2.94,10.0
0.09,True,0.5,162.14999999999998,0.9167452089224003,5836,158,1.2,2.94,10.0
0.09,True,0.75,262.6000000000001,0.9167452089224003,5836,158,1.2,2.94,10.0
0.12,False,0.25,90.8,0.04694167852062589,297,158,1.2,2.94,10.0
0.12,False,0.5,137.7,0.04694167852062589,297,158,1.2,2.94,10.0
0.12,False,0.75,199.1,0.04694167852062589,297,158,1.2,2.94,10.0
0.12,True,0.25,93.8,0.9530583214793741,6030,158,1.2,2.94,10.0
0.12,True,0.5,141.79999999999998,0.9530583214793741,6030,158,1.2,2.94,10.0
0.12,True,0.75,223.07500000000002,0.9530583214793741,6030,158,1.2,2.94,10.0
0.15,False,0.25,84.45,0.021929824561403508,140,158,1.2,2.94,10.0
0.15,False,0.5,119.0,0.021929824561403508,140,158,1.2,2.94,10.0
0.15,False,0.75,186.0,0.021929824561403508,140,158,1.2,2.94,10.0
0.15,True,0.25,83.7,0.9780701754385965,6244,158,1.2,2.94,10.0
0.15,True,0.5,123.1,0.9780701754385965,6244,158,1.2,2.94,10.0
0.15,True,0.75,186.625,0.9780701754385965,6244,158,1.2,2.94,10.0
0.0,False,0.25,123.75,0.48838028169014086,1387,163,1.2,2.94,10.0
0.0,False,0.5,214.70000000000002,0.48838028169014086,1387,163,1.2,2.94,10.0
0.0,False,0.75,353.30000000000007,0.48838028169014086,1387,163,1.2,2.94,10.0
0.0,True,0.25,122.3,0.5116197183098592,1453,163,1.2,2.94,10.0
0.0,True,0.5,204.40000000000006,0.5116197183098592,1453,163,1.2,2.94,10.0
0.0,True,0.75,344.30000000000007,0.5116197183098592,1453,163,1.2,2.94,10.0
0.03,False,0.25,125.74999999999997,0.30771911482836733,1766,163,1.2,2.94,10.0
0.03,False,0.5,212.10000000000005,0.30771911482836733,1766,163,1.2,2.94,10.0
0.03,False,0.75,350.80000000000007,0.30771911482836733,1766,163,1.2,2.94,10.0
0.03,True,0.25,119.6,0.6922808851716327,3973,163,1.2,2.94,10.0
0.03,True,0.5,203.5,0.6922808851716327,3973,163,1.2,2.94,10.0
0.03,True,0.75,338.80000000000007,0.6922808851716327,3973,163,1.2,2.94,10.0
0.06,False,0.25,106.2,0.17119519919986664,1027,163,1.2,2.94,10.0
0.06,False,0.5,176.4,0.17119519919986664,1027,163,1.2,2.94,10.0
0.06,False,0.75,290.6,0.17119519919986664,1027,163,1.2,2.94,10.0
0.06,True,0.25,112.3,0.8288048008001333,4972,163,1.2,2.94,10.0
0.06,True,0.5,185.39999999999998,0.8288048008001333,4972,163,1.2,2.94,10.0
0.06,True,0.75,304.675,0.8288048008001333,4972,163,1.2,2.94,10.0
0.09,False,0.25,96.725,0.0905518000314416,576,163,1.2,2.94,10.0
0.09,False,0.5,158.6,0.0905518000314416,576,163,1.2,2.94,10.0
0.09,False,0.75,263.2,0.0905518000314416,576,163,1.2,2.94,10.0
0.09,True,0.25,102.2,0.9094481999685584,5785,163,1.2,2.94,10.0
0.09,True,0.5,162.89999999999998,0.9094481999685584,5785,163,1.2,2.94,10.0
0.09,True,0.75,266.6000000000001,0.9094481999685584,5785,163,1.2,2.94,10.0
0.12,False,0.25,90.925,0.04637223974763407,294,163,1.2,2.94,10.0
0.12,False,0.5,143.1,0.04637223974763407,294,163,1.2,2.94,10.0
0.12,False,0.75,216.55000000000004,0.04637223974763407,294,163,1.2,2.94,10.0
0.12,True,0.25,91.825,0.953627760252366,6046,163,1.2,2.94,10.0
0.12,True,0.5,140.6,0.953627760252366,6046,163,1.2,2.94,10.0
0.12,True,0.75,218.87500000000003,0.953627760252366,6046,163,1.2,2.94,10.0
0.15,False,0.25,79.62499999999999,0.019116264493889062,122,163,1.2,2.94,10.0
0.15,False,0.5,107.4,0.019116264493889062,122,163,1.2,2.94,10.0
0.15,False,0.75,172.9,0.019116264493889062,122,163,1.2,2.94,10.0
0.15,True,0.25,83.7,0.980883735506111,6260,163,1.2,2.94,10.0
0.15,True,0.5,122.8,0.980883735506111,6260,163,1.2,2.94,10.0
0.15,True,0.75,186.1,0.980883735506111,6260,163,1.2,2.94,10.0
0.0,False,0.25,124.44999999999999,0.5178571428571429,1479,164,1.2,2.94,10.0
0.0,False,0.5,207.30000000000004,0.5178571428571429,1479,164,1.2,2.94,10.0
0.0,False,0.75,340.30000000000007,0.5178571428571429,1479,164,1.2,2.94,10.0
0.0,True,0.25,114.5,0.48214285714285715,1377,164,1.2,2.94,10.0
0.0,True,0.5,196.29999999999998,0.48214285714285715,1377,164,1.2,2.94,10.0
0.0,True,0.75,334.90000000000003,0.48214285714285715,1377,164,1.2,2.94,10.0
0.03,False,0.25,122.69999999999999,0.319471028362624,1836,164,1.2,2.94,10.0
0.03,False,0.5,197.45,0.319471028362624,1836,164,1.2,2.94,10.0
0.03,False,0.75,326.5250000000001,0.319471028362624,1836,164,1.2,2.94,10.0
0.03,True,0.25,119.54999999999998,0.680528971637376,3911,164,1.2,2.94,10.0
0.03,True,0.5,202.70000000000002,0.680528971637376,3911,164,1.2,2.94,10.0
0.03,True,0.75,336.75000000000006,0.680528971637376,3911,164,1.2,2.94,10.0
0.06,False,0.25,115.425,0.18160535117056856,1086,164,1.2,2.94,10.0
0.06,False,0.5,192.95000000000002,0.18160535117056856,1086,164,1.2,2.94,10.0
0.06,False,0.75,314.95000000000005,0.18160535117056856,1086,164,1.2,2.94,10.0
0.06,True,0.25,113.5,0.8183946488294315,4894,164,1.2,2.94,10.0
0.06,True,0.5,189.0,0.8183946488294315,4894,164,1.2,2.94,10.0
0.06,True,0.75,305.95000000000005,0.8183946488294315,4894,164,1.2,2.94,10.0
0.09,False,0.25,106.125,0.0904221802142407,574,164,1.2,2.94,10.0
0.09,False,0.5,165.70000000000002,0.0904221802142407,574,164,1.2,2.94,10.0
0.09,False,0.75,252.85000000000002,0.0904221802142407,574,164,1.2,2.94,10.0
0.09,True,0.25,101.0,0.9095778197857592,5774,164,1.2,2.94,10.0
0.09,True,0.5,161.2,0.9095778197857592,5774,164,1.2,2.94,10.0
0.09,True,0.75,261.425,0.9095778197857592,5774,164,1.2,2.94,10.0
0.12,False,0.25,94.9,0.04168640454760777,264,164,1.2,2.94,10.0
0.12,False,0.5,147.1,0.04168640454760777,264,164,1.2,2.94,10.0
0.12,False,0.75,229.92500000000007,0.04168640454760777,264,164,1.2,2.94,10.0
0.12,True,0.25,93.19999999999999,0.9583135954523923,6069,164,1.2,2.94,10.0
0.12,True,0.5,141.5,0.9583135954523923,6069,164,1.2,2.94,10.0
0.12,True,0.75,219.20000000000002,0.9583135954523923,6069,164,1.2,2.94,10.0
0.15,False,0.25,83.92499999999998,0.02132329883976168,136,164,1.2,2.94,10.0
0.15,False,0.5,113.54999999999998,0.02132329883976168,136,164,1.2,2.94,10.0
0.15,False,0.75,183.425,0.02132329883976168,136,164,1.2,2.94,10.0
0.15,True,0.25,84.19999999999999,0.9786767011602383,6242,164,1.2,2.94,10.0
0.15,True,0.5,125.4,0.9786767011602383,6242,164,1.2,2.94,10.0
0.15,True,0.75,187.57500000000002,0.9786767011602383,6242,164,1.2,2.94,10.0
0.0,False,0.25,124.25,0.5114476928495949,1452,165,1.2,2.94,10.0
0.0,False,0.5,215.05,0.5114476928495949,1452,165,1.2,2.94,10.0
0.0,False,0.75,347.30000000000007,0.5114476928495949,1452,165,1.2,2.94,10.0
0.0,True,0.25,125.25,0.4885523071504051,1387,165,1.2,2.94,10.0
0.0,True,0.5,206.60000000000002,0.4885523071504051,1387,165,1.2,2.94,10.0
0.0,True,0.75,347.90000000000003,0.4885523071504051,1387,165,1.2,2.94,10.0
0.03,False,0.25,124.25,0.31401218450826807,1804,165,1.2,2.94,10.0
0.03,False,0.5,208.00000000000003,0.31401218450826807,1804,165,1.2,2.94,10.0
0.03,False,0.75,334.92500000000007,0.31401218450826807,1804,165,1.2,2.94,10.0
0.03,True,0.25,123.60000000000001,0.6859878154917319,3941,165,1.2,2.94,10.0
0.03,True,0.5,205.30000000000004,0.6859878154917319,3941,165,1.2,2.94,10.0
0.03,True,0.75,342.30000000000007,0.6859878154917319,3941,165,1.2,2.94,10.0
0.06,False,0.25,107.875,0.17804551539491298,1064,165,1.2,2.94,10.0
0.06,False,0.5,183.95,0.17804551539491298,1064,165,1.2,2.94,10.0
0.06,False,0.75,297.725,0.17804551539491298,1064,165,1.2,2.94,10.0
0.06,True,0.25,113.57499999999999,0.821954484605087,4912,165,1.2,2.94,10.0
0.06,True,0.5,189.70000000000002,0.821954484605087,4912,165,1.2,2.94,10.0
0.06,True,0.75,308.8500000000001,0.821954484605087,4912,165,1.2,2.94,10.0
0.09,False,0.25,98.54999999999998,0.08857772183763374,563,165,1.2,2.94,10.0
0.09,False,0.5,144.0,0.08857772183763374,563,165,1.2,2.94,10.0
0.09,False,0.75,238.90000000000003,0.08857772183763374,563,165,1.2,2.94,10.0
0.09,True,0.25,101.8,0.9114222781623663,5793,165,1.2,2.94,10.0
0.09,True,0.5,164.2,0.9114222781623663,5793,165,1.2,2.94,10.0
0.09,True,0.75,262.8,0.9114222781623663,5793,165,1.2,2.94,10.0
0.12,False,0.25,90.5,0.04527528001262029,287,165,1.2,2.94,10.0
0.12,False,0.5,132.39999999999998,0.04527528001262029,287,165,1.2,2.94,10.0
0.12,False,0.75,199.3,0.04527528001262029,287,165,1.2,2.94,10.0
0.12,True,0.25,92.5,0.9547247199873797,6052,165,1.2,2.94,10.0
0.12,True,0.5,141.95,0.9547247199873797,6052,165,1.2,2.94,10.0
0.12,True,0.75,221.02500000000003,0.9547247199873797,6052,165,1.2,2.94,10.0
0.15,False,0.25,87.79999999999998,0.01785994046686511,114,165,1.2,2.94,10.0
0.15,False,0.5,124.85,0.01785994046686511,114,165,1.2,2.94,10.0
0.15,False,0.75,177.55,0.01785994046686511,114,165,1.2,2.94,10.0
0.15,True,0.25,83.99999999999999,0.9821400595331349,6269,165,1.2,2.94,10.0
0.15,True,0.5,124.2,0.9821400595331349,6269,165,1.2,2.94,10.0
0.15,True,0.75,184.5,0.9821400595331349,6269,165,1.2,2.94,10.0
0.0,False,0.25,125.5,0.5015817223198594,1427,166,1.2,2.94,10.0
0.0,False,0.5,204.80000000000004,0.5015817223198594,1427,166,1.2,2.94,10.0
0.0,False,0.75,334.15000000000003,0.5015817223198594,1427,166,1.2,2.94,10.0
0.0,True,0.25,126.69999999999997,0.4984182776801406,1418,166,1.2,2.94,10.0
0.0,True,0.5,211.10000000000002,0.4984182776801406,1418,166,1.2,2.94,10.0
0.0,True,0.75,327.725,0.4984182776801406,1418,166,1.2,2.94,10.0
0.03,False,0.25,115.44999999999999,0.3160180681028492,1819,166,1.2,2.94,10.0
0.03,False,0.5,195.70000000000002,0.3160180681028492,1819,166,1.2,2.94,10.0
0.03,False,0.75,316.4000000000001,0.3160180681028492,1819,166,1.2,2.94,10.0
0.03,True,0.25,120.39999999999999,0.6839819318971508,3937,166,1.2,2.94,10.0
0.03,True,0.5,200.00000000000003,0.6839819318971508,3937,166,1.2,2.94,10.0
0.03,True,0.75,323.20000000000005,0.6839819318971508,3937,166,1.2,2.94,10.0
0.06,False,0.25,113.0,0.1717442249748912,1026,166,1.2,2.94,10.0
0.06,False,0.5,184.4,0.1717442249748912,1026,166,1.2,2.94,10.0
0.06,False,0.75,301.3,0.1717442249748912,1026,166,1.2,2.94,10.0
0.06,True,0.25,113.27499999999999,0.8282557750251088,4948,166,1.2,2.94,10.0
0.06,True,0.5,181.55,0.8282557750251088,4948,166,1.2,2.94,10.0
0.06,True,0.75,292.42500000000007,0.8282557750251088,4948,166,1.2,2.94,10.0
0.09,False,0.25,101.45,0.09393653785736726,598,166,1.2,2.94,10.0
0.09,False,0.5,160.29999999999998,0.09393653785736726,598,166,1.2,2.94,10.0
0.09,False,0.75,264.175,0.09393653785736726,598,166,1.2,2.94,10.0
0.09,True,0.25,103.8,0.9060634621426328,5768,166,1.2,2.94,10.0
0.09,True,0.5,165.55,0.9060634621426328,5768,166,1.2,2.94,10.0
0.09,True,0.75,265.52500000000003,0.9060634621426328,5768,166,1.2,2.94,10.0
0.12,False,0.25,87.52499999999999,0.04134448477197412,262,166,1.2,2.94,10.0
0.12,False,0.5,138.85,0.04134448477197412,262,166,1.2,2.94,10.0
0.12,False,0.75,228.70000000000002,0.04134448477197412,262,166,1.2,2.94,10.0
0.12,True,0.25,92.8,0.9586555152280258,6075,166,1.2,2.94,10.0
0.12,True,0.5,142.5,0.9586555152280258,6075,166,1.2,2.94,10.0
0.12,True,0.75,221.40000000000003,0.9586555152280258,6075,166,1.2,2.94,10.0
0.15,False,0.25,83.12499999999999,0.01817327275575748,116,166,1.2,2.94,10.0
0.15,False,0.5,119.35,0.01817327275575748,116,166,1.2,2.94,10.0
0.15,False,0.75,188.875,0.01817327275575748,116,166,1.2,2.94,10.0
0.15,True,0.25,83.0,0.9818267272442425,6267,166,1.2,2.94,10.0
0.15,True,0.5,124.2,0.9818267272442425,6267,166,1.2,2.94,10.0
0.15,True,0.75,190.0,0.9818267272442425,6267,166,1.2,2.94,10.0
0.0,False,0.25,126.925,0.4905263157894737,1398,171,1.2,2.94,10.0
0.0,False,0.5,205.95000000000005,0.4905263157894737,1398,171,1.2,2.94,10.0
0.0,False,0.75,339.37500000000006,0.4905263157894737,1398,171,1.2,2.94,10.0
0.0,True,0.25,127.77499999999999,0.5094736842105263,1452,171,1.2,2.94,10.0
0.0,True,0.5,217.70000000000005,0.5094736842105263,1452,171,1.2,2.94,10.0
0.0,True,0.75,354.37500000000006,0.5094736842105263,1452,171,1.2,2.94,10.0
0.03,False,0.25,117.89999999999998,0.3156879929886065,1801,171,1.2,2.94,10.0
0.03,False,0.5,207.6,0.3156879929886065,1801,171,1.2,2.94,10.0
0.03,False,0.75,333.7,0.3156879929886065,1801,171,1.2,2.94,10.0
0.03,True,0.25,123.175,0.6843120070113935,3904,171,1.2,2.94,10.0
0.03,True,0.5,202.65000000000003,0.6843120070113935,3904,171,1.2,2.94,10.0
0.03,True,0.75,341.40000000000003,0.6843120070113935,3904,171,1.2,2.94,10.0
0.06,False,0.25,109.94999999999999,0.17568692756036636,1055,171,1.2,2.94,10.0
0.06,False,0.5,171.5,0.17568692756036636,1055,171,1.2,2.94,10.0
0.06,False,0.75,300.30000000000007,0.17568692756036636,1055,171,1.2,2.94,10.0
0.06,True,0.25,112.6,0.8243130724396336,4950,171,1.2,2.94,10.0
0.06,True,0.5,186.85000000000002,0.8243130724396336,4950,171,1.2,2.94,10.0
0.06,True,0.75,300.92500000000007,0.8243130724396336,4950,171,1.2,2.94,10.0
0.09,False,0.25,101.625,0.08764186633039092,556,171,1.2,2.94,10.0
0.09,False,0.5,160.65,0.08764186633039092,556,171,1.2,2.94,10.0
0.09,False,0.75,244.97500000000005,0.08764186633039092,556,171,1.2,2.94,10.0
0.09,True,0.25,103.5,0.912358133669609,5788,171,1.2,2.94,10.0
0.09,True,0.5,163.14999999999998,0.912358133669609,5788,171,1.2,2.94,10.0
0.09,True,0.75,265.1,0.912358133669609,5788,171,1.2,2.94,10.0
0.12,False,0.25,88.14999999999999,0.0471608832807571,299,171,1.2,2.94,10.0
0.12,False,0.5,134.4,0.0471608832807571,299,171,1.2,2.94,10.0
0.12,False,0.75,203.05,0.0471608832807571,299,171,1.2,2.94,10.0
0.12,True,0.25,92.30000000000001,0.9528391167192429,6041,171,1.2,2.94,10.0
0.12,True,0.5,141.89999999999998,0.9528391167192429,6041,171,1.2,2.94,10.0
0.12,True,0.75,222.3,0.9528391167192429,6041,171,1.2,2.94,10.0
0.15,False,0.25,83.49999999999999,0.017717152712449044,113,171,1.2,2.94,10.0
0.15,False,0.5,118.49999999999999,0.017717152712449044,113,171,1.2,2.94,10.0
0.15,False,0.75,177.2,0.017717152712449044,113,171,1.2,2.94,10.0
0.15,True,0.25,83.3,0.982282847287551,6265,171,1.2,2.94,10.0
0.15,True,0.5,124.39999999999999,0.982282847287551,6265,171,1.2,2.94,10.0
0.15,True,0.75,186.1,0.982282847287551,6265,171,1.2,2.94,10.0
0.0,False,0.25,125.475,0.4987671715392744,1416,179,1.2,2.94,10.0
0.0,False,0.5,208.10000000000005,0.4987671715392744,1416,179,1.2,2.94,10.0
0.0,False,0.75,342.55,0.4987671715392744,1416,179,1.2,2.94,10.0
0.0,True,0.25,123.15,0.5012328284607256,1423,179,1.2,2.94,10.0
0.0,True,0.5,203.30000000000004,0.5012328284607256,1423,179,1.2,2.94,10.0
0.0,True,0.75,331.70000000000005,0.5012328284607256,1423,179,1.2,2.94,10.0
0.03,False,0.25,120.75,0.3114896575699635,1792,179,1.2,2.94,10.0
0.03,False,0.5,201.75000000000006,0.3114896575699635,1792,179,1.2,2.94,10.0
0.03,False,0.75,316.00000000000006,0.3114896575699635,1792,179,1.2,2.94,10.0
0.03,True,0.25,119.89999999999998,0.6885103424300365,3961,179,1.2,2.94,10.0
0.03,True,0.5,201.70000000000005,0.6885103424300365,3961,179,1.2,2.94,10.0
0.03,True,0.75,334.1,0.6885103424300365,3961,179,1.2,2.94,10.0
0.06,False,0.25,110.44999999999999,0.17447092151308116,1047,179,1.2,2.94,10.0
0.06,False,0.5,181.0,0.17447092151308116,1047,179,1.2,2.94,10.0
0.06,False,0.75,303.35,0.17447092151308116,1047,179,1.2,2.94,10.0
0.06,True,0.25,114.7,0.8255290784869188,4954,179,1.2,2.94,10.0
0.06,True,0.5,186.8,0.8255290784869188,4954,179,1.2,2.94,10.0
0.06,True,0.75,304.1,0.8255290784869188,4954,179,1.2,2.94,10.0
0.09,False,0.25,106.30000000000001,0.09353875176858985,595,179,1.2,2.94,10.0
0.09,False,0.5,163.99999999999997,0.09353875176858985,595,179,1.2,2.94,10.0
0.09,False,0.75,262.5,0.09353875176858985,595,179,1.2,2.94,10.0
0.09,True,0.25,101.725,0.9064612482314102,5766,179,1.2,2.94,10.0
0.09,True,0.5,162.1,0.9064612482314102,5766,179,1.2,2.94,10.0
0.09,True,0.75,260.8,0.9064612482314102,5766,179,1.2,2.94,10.0
0.12,False,0.25,86.39999999999999,0.041831097079715863,265,179,1.2,2.94,10.0
0.12,False,0.5,132.2,0.041831097079715863,265,179,1.2,2.94,10.0
0.12,False,0.75,214.80000000000004,0.041831097079715863,265,179,1.2,2.94,10.0
0.12,True,0.25,92.025,0.9581689029202841,6070,179,1.2,2.94,10.0
0.12,True,0.5,142.0,0.9581689029202841,6070,179,1.2,2.94,10.0
0.12,True,0.75,216.80000000000004,0.9581689029202841,6070,179,1.2,2.94,10.0
0.15,False,0.25,98.975,0.017854346123727487,114,179,1.2,2.94,10.0
0.15,False,0.5,131.34999999999997,0.017854346123727487,114,179,1.2,2.94,10.0
0.15,False,0.75,225.40000000000006,0.017854346123727487,114,179,1.2,2.94,10.0
0.15,True,0.25,83.3,0.9821456538762725,6271,179,1.2,2.94,10.0
0.15,True,0.5,122.39999999999999,0.9821456538762725,6271,179,1.2,2.94,10.0
0.15,True,0.75,184.25,0.9821456538762725,6271,179,1.2,2.94,10.0
0.0,False,0.25,127.85,0.4987732211706975,1423,180,1.2,2.94,10.0
0.0,False,0.5,208.90000000000003,0.4987732211706975,1423,180,1.2,2.94,10.0
0.0,False,0.75,344.15000000000003,0.4987732211706975,1423,180,1.2,2.94,10.0
0.0,True,0.25,131.325,0.5012267788293024,1430,180,1.2,2.94,10.0
0.0,True,0.5,217.85000000000002,0.5012267788293024,1430,180,1.2,2.94,10.0
0.0,True,0.75,354.37500000000006,0.5012267788293024,1430,180,1.2,2.94,10.0
0.03,False,0.25,122.57499999999999,0.32192737430167595,1844,180,1.2,2.94,10.0
0.03,False,0.5,210.8,0.32192737430167595,1844,180,1.2,2.94,10.0
0.03,False,0.75,355.67500000000007,0.32192737430167595,1844,180,1.2,2.94,10.0
0.03,True,0.25,120.75,0.678072625698324,3884,180,1.2,2.94,10.0
0.03,True,0.5,202.90000000000003,0.678072625698324,3884,180,1.2,2.94,10.0
0.03,True,0.75,333.75,0.678072625698324,3884,180,1.2,2.94,10.0
0.06,False,0.25,111.67499999999998,0.17914438502673796,1072,180,1.2,2.94,10.0
0.06,False,0.5,179.79999999999998,0.17914438502673796,1072,180,1.2,2.94,10.0
0.06,False,0.75,287.95000000000005,0.17914438502673796,1072,180,1.2,2.94,10.0
0.06,True,0.25,114.5,0.820855614973262,4912,180,1.2,2.94,10.0
0.06,True,0.5,191.05,0.820855614973262,4912,180,1.2,2.94,10.0
0.06,True,0.75,312.4000000000001,0.820855614973262,4912,180,1.2,2.94,10.0
0.09,False,0.25,105.64999999999999,0.09256926952141058,588,180,1.2,2.94,10.0
0.09,False,0.5,167.09999999999997,0.09256926952141058,588,180,1.2,2.94,10.0
0.09,False,0.75,260.925,0.09256926952141058,588,180,1.2,2.94,10.0
0.09,True,0.25,105.2,0.9074307304785895,5764,180,1.2,2.94,10.0
0.09,True,0.5,165.3,0.9074307304785895,5764,180,1.2,2.94,10.0
0.09,True,0.75,266.725,0.9074307304785895,5764,180,1.2,2.94,10.0
0.12,False,0.25,92.80000000000001,0.04598609355246523,291,180,1.2,2.94,10.0
0.12,False,0.5,141.09999999999997,0.04598609355246523,291,180,1.2,2.94,10.0
0.12,False,0.75,239.90000000000003,0.04598609355246523,291,180,1.2,2.94,10.0
0.12,True,0.25,93.39999999999999,0.9540139064475348,6037,180,1.2,2.94,10.0
0.12,True,0.5,140.4,0.9540139064475348,6037,180,1.2,2.94,10.0
0.12,True,0.75,219.60000000000002,0.9540139064475348,6037,180,1.2,2.94,10.0
0.15,False,0.25,87.425,0.02225705329153605,142,180,1.2,2.94,10.0
0.15,False,0.5,130.89999999999998,0.02225705329153605,142,180,1.2,2.94,10.0
0.15,False,0.75,199.35000000000002,0.02225705329153605,142,180,1.2,2.94,10.0
0.15,True,0.25,83.725,0.977742946708464,6238,180,1.2,2.94,10.0
0.15,True,0.5,124.94999999999999,0.977742946708464,6238,180,1.2,2.94,10.0
0.15,True,0.75,187.60000000000002,0.977742946708464,6238,180,1.2,2.94,10.0
0.0,False,0.25,123.49999999999999,0.4924428822495606,1401,181,1.2,2.94,10.0
0.0,False,0.5,213.00000000000003,0.4924428822495606,1401,181,1.2,2.94,10.0
0.0,False,0.75,350.30000000000007,0.4924428822495606,1401,181,1.2,2.94,10.0
0.0,True,0.25,124.49999999999999,0.5075571177504393,1444,181,1.2,2.94,10.0
0.0,True,0.5,215.15000000000003,0.5075571177504393,1444,181,1.2,2.94,10.0
0.0,True,0.75,354.87500000000006,0.5075571177504393,1444,181,1.2,2.94,10.0
0.03,False,0.25,120.79999999999998,0.32116153712397844,1847,181,1.2,2.94,10.0
0.03,False,0.5,206.4,0.32116153712397844,1847,181,1.2,2.94,10.0
0.03,False,0.75,329.75,0.32116153712397844,1847,181,1.2,2.94,10.0
0.03,True,0.25,117.27499999999999,0.6788384628760216,3904,181,1.2,2.94,10.0
0.03,True,0.5,198.1,0.6788384628760216,3904,181,1.2,2.94,10.0
0.03,True,0.75,328.20000000000005,0.6788384628760216,3904,181,1.2,2.94,10.0
0.06,False,0.25,105.3,0.17701187886899783,1058,181,1.2,2.94,10.0
0.06,False,0.5,175.8,0.17701187886899783,1058,181,1.2,2.94,10.0
0.06,False,0.75,280.95000000000005,0.17701187886899783,1058,181,1.2,2.94,10.0
0.06,True,0.25,115.35,0.8229881211310022,4919,181,1.2,2.94,10.0
0.06,True,0.5,185.10000000000002,0.8229881211310022,4919,181,1.2,2.94,10.0
0.06,True,0.75,304.80000000000007,0.8229881211310022,4919,181,1.2,2.94,10.0
0.09,False,0.25,95.8,0.08519685039370078,541,181,1.2,2.94,10.0
0.09,False,0.5,161.2,0.08519685039370078,541,181,1.2,2.94,10.0
0.09,False,0.75,256.90000000000003,0.08519685039370078,541,181,1.2,2.94,10.0
0.09,True,0.25,102.89999999999999,0.9148031496062992,5809,181,1.2,2.94,10.0
0.09,True,0.5,165.5,0.9148031496062992,5809,181,1.2,2.94,10.0
0.09,True,0.75,264.6000000000001,0.9148031496062992,5809,181,1.2,2.94,10.0
0.12,False,0.25,95.8,0.04088397790055249,259,181,1.2,2.94,10.0
0.12,False,0.5,155.2,0.04088397790055249,259,181,1.2,2.94,10.0
0.12,False,0.75,229.25000000000006,0.04088397790055249,259,181,1.2,2.94,10.0
0.12,True,0.25,92.0,0.9591160220994475,6076,181,1.2,2.94,10.0
0.12,True,0.5,143.29999999999998,0.9591160220994475,6076,181,1.2,2.94,10.0
0.12,True,0.75,219.70000000000007,0.9591160220994475,6076,181,1.2,2.94,10.0
0.15,False,0.25,80.15,0.018808777429467086,120,181,1.2,2.94,10.0
0.15,False,0.5,116.74999999999999,0.018808777429467086,120,181,1.2,2.94,10.0
0.15,False,0.75,163.75,0.018808777429467086,120,181,1.2,2.94,10.0
0.15,True,0.25,84.59999999999998,0.9811912225705329,6260,181,1.2,2.94,10.0
0.15,True,0.5,124.25,0.9811912225705329,6260,181,1.2,2.94,10.0
0.15,True,0.75,186.4,0.9811912225705329,6260,181,1.2,2.94,10.0
0.0,False,0.25,126.725,0.4810038340885326,1380,190,1.2,2.94,10.0
0.0,False,0.5,219.20000000000005,0.4810038340885326,1380,190,1.2,2.94,10.0
0.0,False,0.75,362.92500000000007,0.4810038340885326,1380,190,1.2,2.94,10.0
0.0,True,0.25,125.69999999999997,0.5189961659114674,1489,190,1.2,2.94,10.0
0.0,True,0.5,211.50000000000003,0.5189961659114674,1489,190,1.2,2.94,10.0
0.0,True,0.75,345.1000000000001,0.5189961659114674,1489,190,1.2,2.94,10.0
0.03,False,0.25,123.49999999999999,0.3121518105849582,1793,190,1.2,2.94,10.0
0.03,False,0.5,210.20000000000002,0.3121518105849582,1793,190,1.2,2.94,10.0
0.03,False,0.75,350.1,0.3121518105849582,1793,190,1.2,2.94,10.0
0.03,True,0.25,120.39999999999999,0.6878481894150418,3951,190,1.2,2.94,10.0
0.03,True,0.5,206.60000000000002,0.6878481894150418,3951,190,1.2,2.94,10.0
0.03,True,0.75,340.25,0.6878481894150418,3951,190,1.2,2.94,10.0
0.06,False,0.25,108.60000000000001,0.18818635607321132,1131,190,1.2,2.94,10.0
0.06,False,0.5,173.1,0.18818635607321132,1131,190,1.2,2.94,10.0
0.06,False,0.75,292.4000000000001,0.18818635607321132,1131,190,1.2,2.94,10.0
0.06,True,0.25,113.55,0.8118136439267887,4879,190,1.2,2.94,10.0
0.06,True,0.5,188.3,0.8118136439267887,4879,190,1.2,2.94,10.0
0.06,True,0.75,308.80000000000007,0.8118136439267887,4879,190,1.2,2.94,10.0
0.09,False,0.25,97.62499999999999,0.09152382450070766,582,190,1.2,2.94,10.0
0.09,False,0.5,161.1,0.09152382450070766,582,190,1.2,2.94,10.0
0.09,False,0.75,267.1000000000001,0.09152382450070766,582,190,1.2,2.94,10.0
0.09,True,0.25,100.29999999999998,0.9084761754992924,5777,190,1.2,2.94,10.0
0.09,True,0.5,161.6,0.9084761754992924,5777,190,1.2,2.94,10.0
0.09,True,0.75,261.5,0.9084761754992924,5777,190,1.2,2.94,10.0
0.12,False,0.25,81.60000000000001,0.042469213766971894,269,190,1.2,2.94,10.0
0.12,False,0.5,126.8,0.042469213766971894,269,190,1.2,2.94,10.0
0.12,False,0.75,201.60000000000005,0.042469213766971894,269,190,1.2,2.94,10.0
0.12,True,0.25,94.0,0.9575307862330281,6065,190,1.2,2.94,10.0
0.12,True,0.5,143.29999999999998,0.9575307862330281,6065,190,1.2,2.94,10.0
0.12,True,0.75,223.90000000000003,0.9575307862330281,6065,190,1.2,2.94,10.0
0.15,False,0.25,89.225,0.020999843284751605,134,190,1.2,2.94,10.0
0.15,False,0.5,135.95,0.020999843284751605,134,190,1.2,2.94,10.0
0.15,False,0.75,198.52500000000003,0.020999843284751605,134,190,1.2,2.94,10.0
0.15,True,0.25,84.7,0.9790001567152484,6247,190,1.2,2.94,10.0
0.15,True,0.5,125.6,0.9790001567152484,6247,190,1.2,2.94,10.0
0.15,True,0.75,190.70000000000005,0.9790001567152484,6247,190,1.2,2.94,10.0
0.0,False,0.25,124.5,0.49347442680776016,1399,204,1.2,2.94,10.0
0.0,False,0.5,204.00000000000003,0.49347442680776016,1399,204,1.2,2.94,10.0
0.0,False,0.75,340.45000000000005,0.49347442680776016,1399,204,1.2,2.94,10.0
0.0,True,0.25,129.75,0.5065255731922399,1436,204,1.2,2.94,10.0
0.0,True,0.5,220.35000000000005,0.5065255731922399,1436,204,1.2,2.94,10.0
0.0,True,0.75,366.02500000000003,0.5065255731922399,1436,204,1.2,2.94,10.0
0.03,False,0.25,117.49999999999999,0.3071253071253071,1750,204,1.2,2.94,10.0
0.03,False,0.5,189.34999999999997,0.3071253071253071,1750,204,1.2,2.94,10.0
0.03,False,0.75,327.35,0.3071253071253071,1750,204,1.2,2.94,10.0
0.03,True,0.25,121.8,0.6928746928746928,3948,204,1.2,2.94,10.0
0.03,True,0.5,206.55,0.6928746928746928,3948,204,1.2,2.94,10.0
0.03,True,0.75,335.7,0.6928746928746928,3948,204,1.2,2.94,10.0
0.06,False,0.25,108.3,0.16700167504187605,997,204,1.2,2.94,10.0
0.06,False,0.5,177.2,0.16700167504187605,997,204,1.2,2.94,10.0
0.06,False,0.75,284.6000000000001,0.16700167504187605,997,204,1.2,2.94,10.0
0.06,True,0.25,113.10000000000001,0.832998324958124,4973,204,1.2,2.94,10.0
0.06,True,0.5,182.1,0.832998324958124,4973,204,1.2,2.94,10.0
0.06,True,0.75,298.1,0.832998324958124,4973,204,1.2,2.94,10.0
0.09,False,0.25,103.54999999999998,0.09829126822385954,627,204,1.2,2.94,10.0
0.09,False,0.5,158.29999999999998,0.09829126822385954,627,204,1.2,2.94,10.0
0.09,False,0.75,279.15000000000003,0.09829126822385954,627,204,1.2,2.94,10.0
0.09,True,0.25,102.8,0.9017087317761404,5752,204,1.2,2.94,10.0
0.09,True,0.5,165.1,0.9017087317761404,5752,204,1.2,2.94,10.0
0.09,True,0.75,266.50000000000006,0.9017087317761404,5752,204,1.2,2.94,10.0
0.12,False,0.25,93.75,0.0433959286728736,275,204,1.2,2.94,10.0
0.12,False,0.5,144.79999999999998,0.0433959286728736,275,204,1.2,2.94,10.0
0.12,False,0.75,206.05,0.0433959286728736,275,204,1.2,2.94,10.0
0.12,True,0.25,91.9,0.9566040713271264,6062,204,1.2,2.94,10.0
0.12,True,0.5,139.99999999999997,0.9566040713271264,6062,204,1.2,2.94,10.0
0.12,True,0.75,217.90000000000003,0.9566040713271264,6062,204,1.2,2.94,10.0
0.15,False,0.25,78.8,0.021780006267627702,139,204,1.2,2.94,10.0
0.15,False,0.5,109.79999999999998,0.021780006267627702,139,204,1.2,2.94,10.0
0.15,False,0.75,172.10000000000002,0.021780006267627702,139,204,1.2,2.94,10.0
0.15,True,0.25,84.19999999999999,0.9782199937323723,6243,204,1.2,2.94,10.0
0.15,True,0.5,122.8,0.9782199937323723,6243,204,1.2,2.94,10.0
0.15,True,0.75,182.5,0.9782199937323723,6243,204,1.2,2.94,10.0
0.0,False,0.25,126.4,0.5038220986796387,1450,207,1.2,2.94,10.0
0.0,False,0.5,210.85000000000002,0.5038220986796387,1450,207,1.2,2.94,10.0
0.0,False,0.75,349.00000000000006,0.5038220986796387,1450,207,1.2,2.94,10.0
0.0,True,0.25,123.44999999999999,0.4961779013203614,1428,207,1.2,2.94,10.0
0.0,True,0.5,215.80000000000004,0.4961779013203614,1428,207,1.2,2.94,10.0
0.0,True,0.75,347.32500000000005,0.4961779013203614,1428,207,1.2,2.94,10.0
0.03,False,0.25,121.44999999999999,0.3108320251177394,1782,207,1.2,2.94,10.0
0.03,False,0.5,204.3,0.3108320251177394,1782,207,1.2,2.94,10.0
0.03,False,0.75,328.20000000000005,0.3108320251177394,1782,207,1.2,2.94,10.0
0.03,True,0.25,121.64999999999999,0.6891679748822606,3951,207,1.2,2.94,10.0
0.03,True,0.5,201.80000000000004,0.6891679748822606,3951,207,1.2,2.94,10.0
0.03,True,0.75,328.7500000000001,0.6891679748822606,3951,207,1.2,2.94,10.0
0.06,False,0.25,119.39999999999999,0.18149941559525798,1087,207,1.2,2.94,10.0
0.06,False,0.5,190.70000000000005,0.18149941559525798,1087,207,1.2,2.94,10.0
0.06,False,0.75,322.1,0.18149941559525798,1087,207,1.2,2.94,10.0
0.06,True,0.25,113.9,0.818500584404742,4902,207,1.2,2.94,10.0
0.06,True,0.5,186.05,0.818500584404742,4902,207,1.2,2.94,10.0
0.06,True,0.75,298.00000000000006,0.818500584404742,4902,207,1.2,2.94,10.0
0.09,False,0.25,104.89999999999999,0.08628005657708628,549,207,1.2,2.94,10.0
0.09,False,0.5,164.1,0.08628005657708628,549,207,1.2,2.94,10.0
0.09,False,0.75,244.00000000000006,0.08628005657708628,549,207,1.2,2.94,10.0
0.09,True,0.25,102.00000000000001,0.9137199434229137,5814,207,1.2,2.94,10.0
0.09,True,0.5,162.95,0.9137199434229137,5814,207,1.2,2.94,10.0
0.09,True,0.75,261.92500000000007,0.9137199434229137,5814,207,1.2,2.94,10.0
0.12,False,0.25,92.07499999999999,0.04167982317650774,264,207,1.2,2.94,10.0
0.12,False,0.5,136.45,0.04167982317650774,264,207,1.2,2.94,10.0
0.12,False,0.75,208.20000000000002,0.04167982317650774,264,207,1.2,2.94,10.0
0.12,True,0.25,92.8,0.9583201768234922,6070,207,1.2,2.94,10.0
0.12,True,0.5,143.79999999999998,0.9583201768234922,6070,207,1.2,2.94,10.0
0.12,True,0.75,224.57500000000005,0.9583201768234922,6070,207,1.2,2.94,10.0
0.15,False,0.25,83.49999999999999,0.01895363408521303,121,207,1.2,2.94,10.0
0.15,False,0.5,135.6,0.01895363408521303,121,207,1.2,2.94,10.0
0.15,False,0.75,210.00000000000003,0.01895363408521303,121,207,1.2,2.94,10.0
0.15,True,0.25,83.59999999999998,0.981046365914787,6263,207,1.2,2.94,10.0
0.15,True,0.5,122.69999999999999,0.981046365914787,6263,207,1.2,2.94,10.0
0.15,True,0.75,186.4,0.981046365914787,6263,207,1.2,2.94,10.0
0.0,False,0.25,125.4,0.5008738203425376,1433,209,1.2,2.94,10.0
0.0,False,0.5,208.90000000000003,0.5008738203425376,1433,209,1.2,2.94,10.0
0.0,False,0.75,347.6,0.5008738203425376,1433,209,1.2,2.94,10.0
0.0,True,0.25,119.29999999999998,0.4991261796574624,1428,209,1.2,2.94,10.0
0.0,True,0.5,217.10000000000002,0.4991261796574624,1428,209,1.2,2.94,10.0
0.0,True,0.75,360.25000000000006,0.4991261796574624,1428,209,1.2,2.94,10.0
0.03,False,0.25,119.3,0.3035339398180546,1735,209,1.2,2.94,10.0
0.03,False,0.5,203.30000000000004,0.3035339398180546,1735,209,1.2,2.94,10.0
0.03,False,0.75,347.75,0.3035339398180546,1735,209,1.2,2.94,10.0
0.03,True,0.25,119.0,0.6964660601819455,3981,209,1.2,2.94,10.0
0.03,True,0.5,204.20000000000002,0.6964660601819455,3981,209,1.2,2.94,10.0
0.03,True,0.75,333.00000000000006,0.6964660601819455,3981,209,1.2,2.94,10.0
0.06,False,0.25,109.67499999999998,0.1724310776942356,1032,209,1.2,2.94,10.0
0.06,False,0.5,181.95,0.1724310776942356,1032,209,1.2,2.94,10.0
0.06,False,0.75,308.52500000000003,0.1724310776942356,1032,209,1.2,2.94,10.0
0.06,True,0.25,113.39999999999999,0.8275689223057644,4953,209,1.2,2.94,10.0
0.06,True,0.5,190.70000000000005,0.8275689223057644,4953,209,1.2,2.94,10.0
0.06,True,0.75,310.4000000000001,0.8275689223057644,4953,209,1.2,2.94,10.0
0.09,False,0.25,97.74999999999997,0.09090909090909091,578,209,1.2,2.94,10.0
0.09,False,0.5,165.05,0.09090909090909091,578,209,1.2,2.94,10.0
0.09,False,0.75,278.57500000000005,0.09090909090909091,578,209,1.2,2.94,10.0
0.09,True,0.25,103.5,0.9090909090909091,5780,209,1.2,2.94,10.0
0.09,True,0.5,165.9,0.9090909090909091,5780,209,1.2,2.94,10.0
0.09,True,0.75,263.425,0.9090909090909091,5780,209,1.2,2.94,10.0
0.12,False,0.25,86.75,0.042839076825798295,271,209,1.2,2.94,10.0
0.12,False,0.5,143.5,0.042839076825798295,271,209,1.2,2.94,10.0
0.12,False,0.75,221.05000000000004,0.042839076825798295,271,209,1.2,2.94,10.0
0.12,True,0.25,93.0,0.9571609231742018,6055,209,1.2,2.94,10.0
0.12,True,0.5,144.7,0.9571609231742018,6055,209,1.2,2.94,10.0
0.12,True,0.75,225.00000000000003,0.9571609231742018,6055,209,1.2,2.94,10.0
0.15,False,0.25,80.1,0.021319956105972725,136,209,1.2,2.94,10.0
0.15,False,0.5,106.69999999999999,0.021319956105972725,136,209,1.2,2.94,10.0
0.15,False,0.75,140.42499999999998,0.021319956105972725,136,209,1.2,2.94,10.0
0.15,True,0.25,83.49999999999999,0.9786800438940273,6243,209,1.2,2.94,10.0
0.15,True,0.5,124.1,0.9786800438940273,6243,209,1.2,2.94,10.0
0.15,True,0.75,187.85,0.9786800438940273,6243,209,1.2,2.94,10.0
0.0,False,0.25,128.5,0.5038569424964937,1437,211,1.2,2.94,10.0
0.0,False,0.5,213.90000000000003,0.5038569424964937,1437,211,1.2,2.94,10.0
0.0,False,0.75,352.50000000000006,0.5038569424964937,1437,211,1.2,2.94,10.0
0.0,True,0.25,128.6,0.4961430575035063,1415,211,1.2,2.94,10.0
0.0,True,0.5,212.8,0.4961430575035063,1415,211,1.2,2.94,10.0
0.0,True,0.75,345.1500000000001,0.4961430575035063,1415,211,1.2,2.94,10.0
0.03,False,0.25,122.725,0.3111111111111111,1778,211,1.2,2.94,10.0
0.03,False,0.5,202.55,0.3111111111111111,1778,211,1.2,2.94,10.0
0.03,False,0.75,333.05000000000007,0.3111111111111111,1778,211,1.2,2.94,10.0
0.03,True,0.25,122.69999999999999,0.6888888888888889,3937,211,1.2,2.94,10.0
0.03,True,0.5,201.70000000000005,0.6888888888888889,3937,211,1.2,2.94,10.0
0.03,True,0.75,333.7,0.6888888888888889,3937,211,1.2,2.94,10.0
0.06,False,0.25,116.075,0.1693897965988663,1016,211,1.2,2.94,10.0
0.06,False,0.5,185.54999999999998,0.1693897965988663,1016,211,1.2,2.94,10.0
0.06,False,0.75,302.15000000000003,0.1693897965988663,1016,211,1.2,2.94,10.0
0.06,True,0.25,116.32499999999999,0.8306102034011337,4982,211,1.2,2.94,10.0
0.06,True,0.5,193.1,0.8306102034011337,4982,211,1.2,2.94,10.0
0.06,True,0.75,306.45000000000005,0.8306102034011337,4982,211,1.2,2.94,10.0
0.09,False,0.25,102.25,0.09267986176562991,590,211,1.2,2.94,10.0
0.09,False,0.5,163.7,0.09267986176562991,590,211,1.2,2.94,10.0
0.09,False,0.75,265.075,0.09267986176562991,590,211,1.2,2.94,10.0
0.09,True,0.25,104.57499999999999,0.9073201382343701,5776,211,1.2,2.94,10.0
0.09,True,0.5,166.9,0.9073201382343701,5776,211,1.2,2.94,10.0
0.09,True,0.75,266.42500000000007,0.9073201382343701,5776,211,1.2,2.94,10.0
0.12,False,0.25,95.05,0.04136406694032207,262,211,1.2,2.94,10.0
0.12,False,0.5,151.5,0.04136406694032207,262,211,1.2,2.94,10.0
0.12,False,0.75,229.35000000000008,0.04136406694032207,262,211,1.2,2.94,10.0
0.12,True,0.25,92.5,0.958635933059678,6072,211,1.2,2.94,10.0
0.12,True,0.5,141.79999999999998,0.958635933059678,6072,211,1.2,2.94,10.0
0.12,True,0.75,221.22500000000002,0.958635933059678,6072,211,1.2,2.94,10.0
0.15,False,0.25,92.075,0.02288042626547563,146,211,1.2,2.94,10.0
0.15,False,0.5,137.64999999999998,0.02288042626547563,146,211,1.2,2.94,10.0
0.15,False,0.75,200.425,0.02288042626547563,146,211,1.2,2.94,10.0
0.15,True,0.25,84.79999999999998,0.9771195737345244,6235,211,1.2,2.94,10.0
0.15,True,0.5,124.60000000000001,0.9771195737345244,6235,211,1.2,2.94,10.0
0.15,True,0.75,185.20000000000002,0.9771195737345244,6235,211,1.2,2.94,10.0
0.0,False,0.25,124.3,0.5057793345008756,1444,220,1.2,2.94,10.0
0.0,False,0.5,207.2,0.5057793345008756,1444,220,1.2,2.94,10.0
0.0,False,0.75,349.55000000000007,0.5057793345008756,1444,220,1.2,2.94,10.0
0.0,True,0.25,129.3,0.49422066549912436,1411,220,1.2,2.94,10.0
0.0,True,0.5,212.60000000000005,0.49422066549912436,1411,220,1.2,2.94,10.0
0.0,True,0.75,334.6,0.49422066549912436,1411,220,1.2,2.94,10.0
0.03,False,0.25,116.47499999999998,0.29909784871616935,1724,220,1.2,2.94,10.0
0.03,False,0.5,196.65000000000003,0.29909784871616935,1724,220,1.2,2.94,10.0
0.03,False,0.75,326.6000000000001,0.29909784871616935,1724,220,1.2,2.94,10.0
0.03,True,0.25,120.87499999999999,0.7009021512838307,4040,220,1.2,2.94,10.0
0.03,True,0.5,202.65000000000003,0.7009021512838307,4040,220,1.2,2.94,10.0
0.03,True,0.75,334.75000000000006,0.7009021512838307,4040,220,1.2,2.94,10.0
0.06,False,0.25,106.69999999999999,0.17170031703654262,1029,220,1.2,2.94,10.0
0.06,False,0.5,182.9,0.17170031703654262,1029,220,1.2,2.94,10.0
0.06,False,0.75,310.3,0.17170031703654262,1029,220,1.2,2.94,10.0
0.06,True,0.25,111.3,0.8282996829634574,4964,220,1.2,2.94,10.0
0.06,True,0.5,181.29999999999998,0.8282996829634574,4964,220,1.2,2.94,10.0
0.06,True,0.75,295.27500000000003,0.8282996829634574,4964,220,1.2,2.94,10.0
0.09,False,0.25,99.54999999999998,0.09155261915998113,582,220,1.2,2.94,10.0
0.09,False,0.5,154.2,0.09155261915998113,582,220,1.2,2.94,10.0
0.09,False,0.75,252.55000000000007,0.09155261915998113,582,220,1.2,2.94,10.0
0.09,True,0.25,103.4,0.9084473808400189,5775,220,1.2,2.94,10.0
0.09,True,0.5,164.1,0.9084473808400189,5775,220,1.2,2.94,10.0
0.09,True,0.75,261.90000000000003,0.9084473808400189,5775,220,1.2,2.94,10.0
0.12,False,0.25,84.85000000000001,0.043560606060606064,276,220,1.2,2.94,10.0
0.12,False,0.5,144.64999999999998,0.043560606060606064,276,220,1.2,2.94,10.0
0.12,False,0.75,230.67500000000004,0.043560606060606064,276,220,1.2,2.94,10.0
0.12,True,0.25,90.30000000000001,0.9564393939393939,6060,220,1.2,2.94,10.0
0.12,True,0.5,136.7,0.9564393939393939,6060,220,1.2,2.94,10.0
0.12,True,0.75,217.60000000000008,0.9564393939393939,6060,220,1.2,2.94,10.0
0.15,False,0.25,84.325,0.021303258145363407,136,220,1.2,2.94,10.0
0.15,False,0.5,111.89999999999999,0.021303258145363407,136,220,1.2,2.94,10.0
0.15,False,0.75,151.52499999999998,0.021303258145363407,136,220,1.2,2.94,10.0
0.15,True,0.25,83.3,0.9786967418546366,6248,220,1.2,2.94,10.0
0.15,True,0.5,121.69999999999999,0.9786967418546366,6248,220,1.2,2.94,10.0
0.15,True,0.75,183.79999999999998,0.9786967418546366,6248,220,1.2,2.94,10.0
0.0,False,0.25,124.82499999999999,0.5106086956521739,1468,221,1.2,2.94,10.0
0.0,False,0.5,207.25000000000003,0.5106086956521739,1468,221,1.2,2.94,10.0
0.0,False,0.75,338.075,0.5106086956521739,1468,221,1.2,2.94,10.0
0.0,True,0.25,120.54999999999998,0.4893913043478261,1407,221,1.2,2.94,10.0
0.0,True,0.5,203.20000000000005,0.4893913043478261,1407,221,1.2,2.94,10.0
0.0,True,0.75,326.70000000000005,0.4893913043478261,1407,221,1.2,2.94,10.0
0.03,False,0.25,115.89999999999998,0.32067584044591535,1841,221,1.2,2.94,10.0
0.03,False,0.5,199.8,0.32067584044591535,1841,221,1.2,2.94,10.0
0.03,False,0.75,329.90000000000003,0.32067584044591535,1841,221,1.2,2.94,10.0
0.03,True,0.25,123.375,0.6793241595540847,3900,221,1.2,2.94,10.0
0.03,True,0.5,198.40000000000003,0.6793241595540847,3900,221,1.2,2.94,10.0
0.03,True,0.75,330.50000000000006,0.6793241595540847,3900,221,1.2,2.94,10.0
0.06,False,0.25,116.35,0.1847898599066044,1108,221,1.2,2.94,10.0
0.06,False,0.5,191.45000000000002,0.1847898599066044,1108,221,1.2,2.94,10.0
0.06,False,0.75,316.125,0.1847898599066044,1108,221,1.2,2.94,10.0
0.06,True,0.25,111.10000000000001,0.8152101400933957,4888,221,1.2,2.94,10.0
0.06,True,0.5,183.34999999999997,0.8152101400933957,4888,221,1.2,2.94,10.0
0.06,True,0.75,301.325,0.8152101400933957,4888,221,1.2,2.94,10.0
0.09,False,0.25,96.375,0.08876298394711993,564,221,1.2,2.94,10.0
0.09,False,0.5,158.29999999999998,0.08876298394711993,564,221,1.2,2.94,10.0
0.09,False,0.75,253.60000000000005,0.08876298394711993,564,221,1.2,2.94,10.0
0.09,True,0.25,103.2,0.9112370160528801,5790,221,1.2,2.94,10.0
0.09,True,0.5,165.3,0.9112370160528801,5790,221,1.2,2.94,10.0
0.09,True,0.75,264.4000000000001,0.9112370160528801,5790,221,1.2,2.94,10.0
0.12,False,0.25,93.60000000000001,0.04299035877983246,272,221,1.2,2.94,10.0
0.12,False,0.5,140.0,0.04299035877983246,272,221,1.2,2.94,10.0
0.12,False,0.75,221.85000000000002,0.04299035877983246,272,221,1.2,2.94,10.0
0.12,True,0.25,93.35,0.9570096412201675,6055,221,1.2,2.94,10.0
0.12,True,0.5,140.5,0.9570096412201675,6055,221,1.2,2.94,10.0
0.12,True,0.75,220.55000000000007,0.9570096412201675,6055,221,1.2,2.94,10.0
0.15,False,0.25,88.12499999999999,0.02226054240476564,142,221,1.2,2.94,10.0
0.15,False,0.5,132.0,0.02226054240476564,142,221,1.2,2.94,10.0
0.15,False,0.75,173.07500000000002,0.02226054240476564,142,221,1.2,2.94,10.0
0.15,True,0.25,83.49999999999999,0.9777394575952344,6237,221,1.2,2.94,10.0
0.15,True,0.5,122.49999999999999,0.9777394575952344,6237,221,1.2,2.94,10.0
0.15,True,0.75,183.50000000000003,0.9777394575952344,6237,221,1.2,2.94,10.0
0.0,False,0.25,122.8,0.4919241573033708,1401,223,1.2,2.94,10.0
0.0,False,0.5,208.10000000000002,0.4919241573033708,1401,223,1.2,2.94,10.0
0.0,False,0.75,363.50000000000006,0.4919241573033708,1401,223,1.2,2.94,10.0
0.0,True,0.25,123.04999999999998,0.5080758426966292,1447,223,1.2,2.94,10.0
0.0,True,0.5,205.70000000000005,0.5080758426966292,1447,223,1.2,2.94,10.0
0.0,True,0.75,336.0,0.5080758426966292,1447,223,1.2,2.94,10.0
0.03,False,0.25,123.3,0.3090909090909091,1785,223,1.2,2.94,10.0
0.03,False,0.5,207.70000000000005,0.3090909090909091,1785,223,1.2,2.94,10.0
0.03,False,0.75,342.1,0.3090909090909091,1785,223,1.2,2.94,10.0
0.03,True,0.25,123.39999999999999,0.6909090909090909,3990,223,1.2,2.94,10.0
0.03,True,0.5,200.15000000000003,0.6909090909090909,3990,223,1.2,2.94,10.0
0.03,True,0.75,336.975,0.6909090909090909,3990,223,1.2,2.94,10.0
0.06,False,0.25,112.425,0.17511674449633088,1050,223,1.2,2.94,10.0
0.06,False,0.5,193.35000000000002,0.17511674449633088,1050,223,1.2,2.94,10.0
0.06,False,0.75,306.425,0.17511674449633088,1050,223,1.2,2.94,10.0
0.06,True,0.25,110.39999999999998,0.8248832555036691,4946,223,1.2,2.94,10.0
0.06,True,0.5,183.2,0.8248832555036691,4946,223,1.2,2.94,10.0
0.06,True,0.75,299.6,0.8248832555036691,4946,223,1.2,2.94,10.0
0.09,False,0.25,100.07499999999999,0.08993710691823899,572,223,1.2,2.94,10.0
0.09,False,0.5,165.75,0.08993710691823899,572,223,1.2,2.94,10.0
0.09,False,0.75,269.07500000000005,0.08993710691823899,572,223,1.2,2.94,10.0
0.09,True,0.25,102.6,0.910062893081761,5788,223,1.2,2.94,10.0
0.09,True,0.5,162.99999999999997,0.910062893081761,5788,223,1.2,2.94,10.0
0.09,True,0.75,257.225,0.910062893081761,5788,223,1.2,2.94,10.0
0.12,False,0.25,91.49999999999999,0.043457648546144124,275,223,1.2,2.94,10.0
0.12,False,0.5,136.4,0.043457648546144124,275,223,1.2,2.94,10.0
0.12,False,0.75,208.5,0.043457648546144124,275,223,1.2,2.94,10.0
0.12,True,0.25,92.0,0.9565423514538559,6053,223,1.2,2.94,10.0
0.12,True,0.5,140.7,0.9565423514538559,6053,223,1.2,2.94,10.0
0.12,True,0.75,221.60000000000002,0.9565423514538559,6053,223,1.2,2.94,10.0
0.15,False,0.25,75.875,0.019423558897243107,124,223,1.2,2.94,10.0
0.15,False,0.5,125.7,0.019423558897243107,124,223,1.2,2.94,10.0
0.15,False,0.75,187.77500000000003,0.019423558897243107,124,223,1.2,2.94,10.0
0.15,True,0.25,83.20000000000002,0.9805764411027569,6260,223,1.2,2.94,10.0
0.15,True,0.5,123.2,0.9805764411027569,6260,223,1.2,2.94,10.0
0.15,True,0.75,187.20000000000002,0.9805764411027569,6260,223,1.2,2.94,10.0
0.0,False,0.25,130.25,0.4761240850470547,1366,226,1.2,2.94,10.0
0.0,False,0.5,214.55,0.4761240850470547,1366,226,1.2,2.94,10.0
0.0,False,0.75,348.90000000000003,0.4761240850470547,1366,226,1.2,2.94,10.0
0.0,True,0.25,128.35000000000002,0.5238759149529453,1503,226,1.2,2.94,10.0
0.0,True,0.5,208.70000000000002,0.5238759149529453,1503,226,1.2,2.94,10.0
0.0,True,0.75,328.70000000000005,0.5238759149529453,1503,226,1.2,2.94,10.0
0.03,False,0.25,121.69999999999999,0.3150208623087622,1812,226,1.2,2.94,10.0
0.03,False,0.5,206.60000000000002,0.3150208623087622,1812,226,1.2,2.94,10.0
0.03,False,0.75,343.50000000000006,0.3150208623087622,1812,226,1.2,2.94,10.0
0.03,True,0.25,119.82499999999999,0.6849791376912379,3940,226,1.2,2.94,10.0
0.03,True,0.5,202.70000000000002,0.6849791376912379,3940,226,1.2,2.94,10.0
0.03,True,0.75,328.1,0.6849791376912379,3940,226,1.2,2.94,10.0
0.06,False,0.25,113.69999999999999,0.1765489673550966,1060,226,1.2,2.94,10.0
0.06,False,0.5,181.1,0.1765489673550966,1060,226,1.2,2.94,10.0
0.06,False,0.75,300.65000000000003,0.1765489673550966,1060,226,1.2,2.94,10.0
0.06,True,0.25,113.175,0.8234510326449034,4944,226,1.2,2.94,10.0
0.06,True,0.5,186.6,0.8234510326449034,4944,226,1.2,2.94,10.0
0.06,True,0.75,297.00000000000006,0.8234510326449034,4944,226,1.2,2.94,10.0
0.09,False,0.25,94.325,0.08397546784085548,534,226,1.2,2.94,10.0
0.09,False,0.5,153.29999999999998,0.08397546784085548,534,226,1.2,2.94,10.0
0.09,False,0.75,235.55,0.08397546784085548,534,226,1.2,2.94,10.0
0.09,True,0.25,103.8,0.9160245321591445,5825,226,1.2,2.94,10.0
0.09,True,0.5,162.1,0.9160245321591445,5825,226,1.2,2.94,10.0
0.09,True,0.75,263.40000000000003,0.9160245321591445,5825,226,1.2,2.94,10.0
0.12,False,0.25,92.6,0.04450055231181947,282,226,1.2,2.94,10.0
0.12,False,0.5,142.14999999999998,0.04450055231181947,282,226,1.2,2.94,10.0
0.12,False,0.75,213.95000000000005,0.04450055231181947,282,226,1.2,2.94,10.0
0.12,True,0.25,89.44999999999999,0.9554994476881805,6055,226,1.2,2.94,10.0
0.12,True,0.5,137.99999999999997,0.9554994476881805,6055,226,1.2,2.94,10.0
0.12,True,0.75,217.60000000000008,0.9554994476881805,6055,226,1.2,2.94,10.0
0.15,False,0.25,90.0,0.020833333333333332,133,226,1.2,2.94,10.0
0.15,False,0.5,134.4,0.020833333333333332,133,226,1.2,2.94,10.0
0.15,False,0.75,205.80000000000004,0.020833333333333332,133,226,1.2,2.94,10.0
0.15,True,0.25,83.05,0.9791666666666666,6251,226,1.2,2.94,10.0
0.15,True,0.5,123.1,0.9791666666666666,6251,226,1.2,2.94,10.0
0.15,True,0.75,188.1,0.9791666666666666,6251,226,1.2,2.94,10.0
0.0,False,0.25,121.97499999999998,0.4968465311843027,1418,231,1.2,2.94,10.0
0.0,False,0.5,205.95000000000005,0.4968465311843027,1418,231,1.2,2.94,10.0
0.0,False,0.75,343.7,0.4968465311843027,1418,231,1.2,2.94,10.0
0.0,True,0.25,121.15,0.5031534688156972,1436,231,1.2,2.94,10.0
0.0,True,0.5,205.5,0.5031534688156972,1436,231,1.2,2.94,10.0
0.0,True,0.75,326.65000000000003,0.5031534688156972,1436,231,1.2,2.94,10.0
0.03,False,0.25,118.475,0.3166346657357305,1814,231,1.2,2.94,10.0
0.03,False,0.5,198.90000000000003,0.3166346657357305,1814,231,1.2,2.94,10.0
0.03,False,0.75,329.85,0.3166346657357305,1814,231,1.2,2.94,10.0
0.03,True,0.25,117.0,0.6833653342642695,3915,231,1.2,2.94,10.0
0.03,True,0.5,198.80000000000004,0.6833653342642695,3915,231,1.2,2.94,10.0
0.03,True,0.75,326.95000000000005,0.6833653342642695,3915,231,1.2,2.94,10.0
0.06,False,0.25,113.425,0.17757787772780276,1066,231,1.2,2.94,10.0
0.06,False,0.5,184.65,0.17757787772780276,1066,231,1.2,2.94,10.0
0.06,False,0.75,295.32500000000005,0.17757787772780276,1066,231,1.2,2.94,10.0
0.06,True,0.25,110.10000000000001,0.8224221222721972,4937,231,1.2,2.94,10.0
0.06,True,0.5,184.3,0.8224221222721972,4937,231,1.2,2.94,10.0
0.06,True,0.75,304.40000000000003,0.8224221222721972,4937,231,1.2,2.94,10.0
0.09,False,0.25,105.69999999999999,0.0921404945660734,585,231,1.2,2.94,10.0
0.09,False,0.5,166.8,0.0921404945660734,585,231,1.2,2.94,10.0
0.09,False,0.75,252.20000000000005,0.0921404945660734,585,231,1.2,2.94,10.0
0.09,True,0.25,101.2,0.9078595054339266,5764,231,1.2,2.94,10.0
0.09,True,0.5,161.70000000000002,0.9078595054339266,5764,231,1.2,2.94,10.0
0.09,True,0.75,258.4000000000001,0.9078595054339266,5764,231,1.2,2.94,10.0
0.12,False,0.25,94.0,0.04305993690851735,273,231,1.2,2.94,10.0
0.12,False,0.5,140.2,0.04305993690851735,273,231,1.2,2.94,10.0
0.12,False,0.75,218.10000000000005,0.04305993690851735,273,231,1.2,2.94,10.0
0.12,True,0.25,91.9,0.9569400630914826,6067,231,1.2,2.94,10.0
0.12,True,0.5,141.89999999999998,0.9569400630914826,6067,231,1.2,2.94,10.0
0.12,True,0.75,222.75000000000006,0.9569400630914826,6067,231,1.2,2.94,10.0
0.15,False,0.25,79.15,0.020999843284751605,134,231,1.2,2.94,10.0
0.15,False,0.5,122.44999999999999,0.020999843284751605,134,231,1.2,2.94,10.0
0.15,False,0.75,196.05,0.020999843284751605,134,231,1.2,2.94,10.0
0.15,True,0.25,82.80000000000001,0.9790001567152484,6247,231,1.2,2.94,10.0
0.15,True,0.5,122.3,0.9790001567152484,6247,231,1.2,2.94,10.0
0.15,True,0.75,184.14999999999998,0.9790001567152484,6247,231,1.2,2.94,10.0
0.0,False,0.25,119.52499999999999,0.4931410481885332,1402,234,1.2,2.94,10.0
0.0,False,0.5,204.15000000000003,0.4931410481885332,1402,234,1.2,2.94,10.0
0.0,False,0.75,330.27500000000003,0.4931410481885332,1402,234,1.2,2.94,10.0
0.0,True,0.25,127.8,0.5068589518114668,1441,234,1.2,2.94,10.0
0.0,True,0.5,214.50000000000006,0.5068589518114668,1441,234,1.2,2.94,10.0
0.0,True,0.75,348.30000000000007,0.5068589518114668,1441,234,1.2,2.94,10.0
0.03,False,0.25,121.75,0.3142062250043471,1807,234,1.2,2.94,10.0
0.03,False,0.5,209.40000000000003,0.3142062250043471,1807,234,1.2,2.94,10.0
0.03,False,0.75,349.65,0.3142062250043471,1807,234,1.2,2.94,10.0
0.03,True,0.25,121.975,0.685793774995653,3944,234,1.2,2.94,10.0
0.03,True,0.5,205.14999999999998,0.685793774995653,3944,234,1.2,2.94,10.0
0.03,True,0.75,340.225,0.685793774995653,3944,234,1.2,2.94,10.0
0.06,False,0.25,114.25,0.17243675099866845,1036,234,1.2,2.94,10.0
0.06,False,0.5,185.40000000000003,0.17243675099866845,1036,234,1.2,2.94,10.0
0.06,False,0.75,303.05000000000007,0.17243675099866845,1036,234,1.2,2.94,10.0
0.06,True,0.25,110.27499999999999,0.8275632490013316,4972,234,1.2,2.94,10.0
0.06,True,0.5,179.35000000000002,0.8275632490013316,4972,234,1.2,2.94,10.0
0.06,True,0.75,293.7,0.8275632490013316,4972,234,1.2,2.94,10.0
0.09,False,0.25,103.8,0.090994813767091,579,234,1.2,2.94,10.0
0.09,False,0.5,153.5,0.090994813767091,579,234,1.2,2.94,10.0
0.09,False,0.75,248.65000000000003,0.090994813767091,579,234,1.2,2.94,10.0
0.09,True,0.25,102.57499999999999,0.909005186232909,5784,234,1.2,2.94,10.0
0.09,True,0.5,160.6,0.909005186232909,5784,234,1.2,2.94,10.0
0.09,True,0.75,254.10000000000005,0.909005186232909,5784,234,1.2,2.94,10.0
0.12,False,0.25,87.39999999999998,0.04794952681388013,304,234,1.2,2.94,10.0
0.12,False,0.5,135.8,0.04794952681388013,304,234,1.2,2.94,10.0
0.12,False,0.75,210.62500000000003,0.04794952681388013,304,234,1.2,2.94,10.0
0.12,True,0.25,92.975,0.9520504731861199,6036,234,1.2,2.94,10.0
0.12,True,0.5,141.29999999999998,0.9520504731861199,6036,234,1.2,2.94,10.0
0.12,True,0.75,217.20000000000005,0.9520504731861199,6036,234,1.2,2.94,10.0
0.15,False,0.25,77.89999999999999,0.02272371101708196,145,234,1.2,2.94,10.0
0.15,False,0.5,112.10000000000001,0.02272371101708196,145,234,1.2,2.94,10.0
0.15,False,0.75,172.8,0.02272371101708196,145,234,1.2,2.94,10.0
0.15,True,0.25,83.07499999999999,0.9772762889829181,6236,234,1.2,2.94,10.0
0.15,True,0.5,122.3,0.9772762889829181,6236,234,1.2,2.94,10.0
0.15,True,0.75,184.6,0.9772762889829181,6236,234,1.2,2.94,10.0
0.0,False,0.25,121.82499999999999,0.4863157894736842,1386,235,1.2,2.94,10.0
0.0,False,0.5,213.25000000000006,0.4863157894736842,1386,235,1.2,2.94,10.0
0.0,False,0.75,347.6,0.4863157894736842,1386,235,1.2,2.94,10.0
0.0,True,0.25,126.99999999999999,0.5136842105263157,1464,235,1.2,2.94,10.0
0.0,True,0.5,211.85000000000002,0.5136842105263157,1464,235,1.2,2.94,10.0
0.0,True,0.75,335.7,0.5136842105263157,1464,235,1.2,2.94,10.0
0.03,False,0.25,118.44999999999999,0.32250742098830104,1847,235,1.2,2.94,10.0
0.03,False,0.5,203.70000000000005,0.32250742098830104,1847,235,1.2,2.94,10.0
0.03,False,0.75,329.6,0.32250742098830104,1847,235,1.2,2.94,10.0
0.03,True,0.25,120.2,0.677492579011699,3880,235,1.2,2.94,10.0
0.03,True,0.5,203.70000000000005,0.677492579011699,3880,235,1.2,2.94,10.0
0.03,True,0.75,335.42500000000007,0.677492579011699,3880,235,1.2,2.94,10.0
0.06,False,0.25,112.69999999999999,0.17761394101876676,1060,235,1.2,2.94,10.0
0.06,False,0.5,189.10000000000002,0.17761394101876676,1060,235,1.2,2.94,10.0
0.06,False,0.75,321.12500000000006,0.17761394101876676,1060,235,1.2,2.94,10.0
0.06,True,0.25,111.6,0.8223860589812333,4908,235,1.2,2.94,10.0
0.06,True,0.5,182.70000000000002,0.8223860589812333,4908,235,1.2,2.94,10.0
0.06,True,0.75,301.52500000000003,0.8223860589812333,4908,235,1.2,2.94,10.0
0.09,False,0.25,102.6,0.0887806411062225,565,235,1.2,2.94,10.0
0.09,False,0.5,159.70000000000002,0.0887806411062225,565,235,1.2,2.94,10.0
0.09,False,0.75,258.6000000000001,0.0887806411062225,565,235,1.2,2.94,10.0
0.09,True,0.25,103.4,0.9112193588937775,5799,235,1.2,2.94,10.0
0.09,True,0.5,164.5,0.9112193588937775,5799,235,1.2,2.94,10.0
0.09,True,0.75,261.6500000000001,0.9112193588937775,5799,235,1.2,2.94,10.0
0.12,False,0.25,94.30000000000001,0.03740530303030303,237,235,1.2,2.94,10.0
0.12,False,0.5,145.79999999999998,0.03740530303030303,237,235,1.2,2.94,10.0
0.12,False,0.75,225.70000000000007,0.03740530303030303,237,235,1.2,2.94,10.0
0.12,True,0.25,93.10000000000001,0.962594696969697,6099,235,1.2,2.94,10.0
0.12,True,0.5,143.2,0.962594696969697,6099,235,1.2,2.94,10.0
0.12,True,0.75,220.4,0.962594696969697,6099,235,1.2,2.94,10.0
0.15,False,0.25,73.02499999999999,0.020989974937343357,134,235,1.2,2.94,10.0
0.15,False,0.5,125.6,0.020989974937343357,134,235,1.2,2.94,10.0
0.15,False,0.75,178.625,0.020989974937343357,134,235,1.2,2.94,10.0
0.15,True,0.25,82.82500000000002,0.9790100250626567,6250,235,1.2,2.94,10.0
0.15,True,0.5,121.8,0.9790100250626567,6250,235,1.2,2.94,10.0
0.15,True,0.75,182.17499999999995,0.9790100250626567,6250,235,1.2,2.94,10.0
0.0,False,0.25,121.0,0.5057833859095688,1443,241,1.2,2.94,10.0
0.0,False,0.5,199.1,0.5057833859095688,1443,241,1.2,2.94,10.0
0.0,False,0.75,334.40000000000003,0.5057833859095688,1443,241,1.2,2.94,10.0
0.0,True,0.25,123.725,0.4942166140904311,1410,241,1.2,2.94,10.0
0.0,True,0.5,218.00000000000006,0.4942166140904311,1410,241,1.2,2.94,10.0
0.0,True,0.75,366.6,0.4942166140904311,1410,241,1.2,2.94,10.0
0.03,False,0.25,119.74999999999999,0.31851337269885377,1834,241,1.2,2.94,10.0
0.03,False,0.5,205.75,0.31851337269885377,1834,241,1.2,2.94,10.0
0.03,False,0.75,339.925,0.31851337269885377,1834,241,1.2,2.94,10.0
0.03,True,0.25,120.175,0.6814866273011463,3924,241,1.2,2.94,10.0
0.03,True,0.5,200.30000000000004,0.6814866273011463,3924,241,1.2,2.94,10.0
0.03,True,0.75,340.725,0.6814866273011463,3924,241,1.2,2.94,10.0
0.06,False,0.25,108.2,0.16905874499332443,1013,241,1.2,2.94,10.0
0.06,False,0.5,179.2,0.16905874499332443,1013,241,1.2,2.94,10.0
0.06,False,0.75,291.80000000000007,0.16905874499332443,1013,241,1.2,2.94,10.0
0.06,True,0.25,112.5,0.8309412550066756,4979,241,1.2,2.94,10.0
0.06,True,0.5,185.20000000000002,0.8309412550066756,4979,241,1.2,2.94,10.0
0.06,True,0.75,304.5,0.8309412550066756,4979,241,1.2,2.94,10.0
0.09,False,0.25,97.82499999999997,0.09257806370626079,590,241,1.2,2.94,10.0
0.09,False,0.5,165.4,0.09257806370626079,590,241,1.2,2.94,10.0
0.09,False,0.75,256.95000000000005,0.09257806370626079,590,241,1.2,2.94,10.0
0.09,True,0.25,103.69999999999999,0.9074219362937392,5783,241,1.2,2.94,10.0
0.09,True,0.5,163.39999999999998,0.9074219362937392,5783,241,1.2,2.94,10.0
0.09,True,0.75,262.70000000000005,0.9074219362937392,5783,241,1.2,2.94,10.0
0.12,False,0.25,100.175,0.04359500868741115,276,241,1.2,2.94,10.0
0.12,False,0.5,146.29999999999998,0.04359500868741115,276,241,1.2,2.94,10.0
0.12,False,0.75,213.40000000000003,0.04359500868741115,276,241,1.2,2.94,10.0
0.12,True,0.25,92.44999999999999,0.9564049913125888,6055,241,1.2,2.94,10.0
0.12,True,0.5,141.7,0.9564049913125888,6055,241,1.2,2.94,10.0
0.12,True,0.75,219.95000000000005,0.9564049913125888,6055,241,1.2,2.94,10.0
0.15,False,0.25,84.49999999999999,0.023966165413533833,153,241,1.2,2.94,10.0
0.15,False,0.5,119.09999999999998,0.023966165413533833,153,241,1.2,2.94,10.0
0.15,False,0.75,176.0,0.023966165413533833,153,241,1.2,2.94,10.0
0.15,True,0.25,84.94999999999999,0.9760338345864662,6231,241,1.2,2.94,10.0
0.15,True,0.5,124.1,0.9760338345864662,6231,241,1.2,2.94,10.0
0.15,True,0.75,186.25,0.9760338345864662,6231,241,1.2,2.94,10.0
0.0,False,0.25,125.6,0.5126227208976157,1462,242,1.2,2.94,10.0
0.0,False,0.5,214.75000000000006,0.5126227208976157,1462,242,1.2,2.94,10.0
0.0,False,0.75,344.725,0.5126227208976157,1462,242,1.2,2.94,10.0
0.0,True,0.25,127.35,0.48737727910238426,1390,242,1.2,2.94,10.0
0.0,True,0.5,211.2,0.48737727910238426,1390,242,1.2,2.94,10.0
0.0,True,0.75,346.30000000000007,0.48737727910238426,1390,242,1.2,2.94,10.0
0.03,False,0.25,120.225,0.3059352829209206,1768,242,1.2,2.94,10.0
0.03,False,0.5,202.85000000000002,0.3059352829209206,1768,242,1.2,2.94,10.0
0.03,False,0.75,341.37500000000006,0.3059352829209206,1768,242,1.2,2.94,10.0
0.03,True,0.25,121.35,0.6940647170790795,4011,242,1.2,2.94,10.0
0.03,True,0.5,200.90000000000003,0.6940647170790795,4011,242,1.2,2.94,10.0
0.03,True,0.75,335.95000000000005,0.6940647170790795,4011,242,1.2,2.94,10.0
0.06,False,0.25,111.25,0.17458988952125878,1043,242,1.2,2.94,10.0
0.06,False,0.5,177.00000000000003,0.17458988952125878,1043,242,1.2,2.94,10.0
0.06,False,0.75,279.40000000000003,0.17458988952125878,1043,242,1.2,2.94,10.0
0.06,True,0.25,115.6,0.8254101104787412,4931,242,1.2,2.94,10.0
0.06,True,0.5,189.79999999999998,0.8254101104787412,4931,242,1.2,2.94,10.0
0.06,True,0.75,307.95000000000005,0.8254101104787412,4931,242,1.2,2.94,10.0
0.09,False,0.25,102.5,0.0882491741387447,561,242,1.2,2.94,10.0
0.09,False,0.5,162.5,0.0882491741387447,561,242,1.2,2.94,10.0
0.09,False,0.75,258.90000000000003,0.0882491741387447,561,242,1.2,2.94,10.0
0.09,True,0.25,101.8,0.9117508258612553,5796,242,1.2,2.94,10.0
0.09,True,0.5,164.04999999999998,0.9117508258612553,5796,242,1.2,2.94,10.0
0.09,True,0.75,260.00000000000006,0.9117508258612553,5796,242,1.2,2.94,10.0
0.12,False,0.25,90.30000000000001,0.047859737798136154,303,242,1.2,2.94,10.0
0.12,False,0.5,131.89999999999998,0.047859737798136154,303,242,1.2,2.94,10.0
0.12,False,0.75,211.95000000000002,0.047859737798136154,303,242,1.2,2.94,10.0
0.12,True,0.25,94.10000000000001,0.9521402622018639,6028,242,1.2,2.94,10.0
0.12,True,0.5,143.29999999999998,0.9521402622018639,6028,242,1.2,2.94,10.0
0.12,True,0.75,220.00000000000003,0.9521402622018639,6028,242,1.2,2.94,10.0
0.15,False,0.25,92.8,0.022406769037919147,143,242,1.2,2.94,10.0
0.15,False,0.5,134.9,0.022406769037919147,143,242,1.2,2.94,10.0
0.15,False,0.75,213.50000000000003,0.022406769037919147,143,242,1.2,2.94,10.0
0.15,True,0.25,84.49999999999999,0.9775932309620808,6239,242,1.2,2.94,10.0
0.15,True,0.5,123.49999999999999,0.9775932309620808,6239,242,1.2,2.94,10.0
0.15,True,0.75,188.85000000000002,0.9775932309620808,6239,242,1.2,2.94,10.0
0.0,False,0.25,119.2,0.48825797406239047,1393,249,1.2,2.94,10.0
0.0,False,0.5,209.40000000000003,0.48825797406239047,1393,249,1.2,2.94,10.0
0.0,False,0.75,349.1000000000001,0.48825797406239047,1393,249,1.2,2.94,10.0
0.0,True,0.25,123.125,0.5117420259376095,1460,249,1.2,2.94,10.0
0.0,True,0.5,207.95000000000005,0.5117420259376095,1460,249,1.2,2.94,10.0
0.0,True,0.75,346.00000000000006,0.5117420259376095,1460,249,1.2,2.94,10.0
0.03,False,0.25,116.32499999999999,0.30653617616218104,1754,249,1.2,2.94,10.0
0.03,False,0.5,202.35000000000002,0.30653617616218104,1754,249,1.2,2.94,10.0
0.03,False,0.75,337.90000000000003,0.30653617616218104,1754,249,1.2,2.94,10.0
0.03,True,0.25,123.575,0.6934638238378189,3968,249,1.2,2.94,10.0
0.03,True,0.5,205.30000000000004,0.6934638238378189,3968,249,1.2,2.94,10.0
0.03,True,0.75,338.025,0.6934638238378189,3968,249,1.2,2.94,10.0
0.06,False,0.25,112.8,0.17340461075843636,1038,249,1.2,2.94,10.0
0.06,False,0.5,188.4,0.17340461075843636,1038,249,1.2,2.94,10.0
0.06,False,0.75,301.02500000000003,0.17340461075843636,1038,249,1.2,2.94,10.0
0.06,True,0.25,111.175,0.8265953892415636,4948,249,1.2,2.94,10.0
0.06,True,0.5,187.0,0.8265953892415636,4948,249,1.2,2.94,10.0
0.06,True,0.75,304.90000000000003,0.8265953892415636,4948,249,1.2,2.94,10.0
0.09,False,0.25,108.4,0.0936076645201822,596,249,1.2,2.94,10.0
0.09,False,0.5,162.95,0.0936076645201822,596,249,1.2,2.94,10.0
0.09,False,0.75,264.3500000000001,0.0936076645201822,596,249,1.2,2.94,10.0
0.09,True,0.25,104.0,0.9063923354798178,5771,249,1.2,2.94,10.0
0.09,True,0.5,167.8,0.9063923354798178,5771,249,1.2,2.94,10.0
0.09,True,0.75,272.95000000000005,0.9063923354798178,5771,249,1.2,2.94,10.0
0.12,False,0.25,92.30000000000001,0.04566282193079475,289,249,1.2,2.94,10.0
0.12,False,0.5,134.7,0.04566282193079475,289,249,1.2,2.94,10.0
0.12,False,0.75,218.3,0.04566282193079475,289,249,1.2,2.94,10.0
0.12,True,0.25,92.8,0.9543371780692053,6040,249,1.2,2.94,10.0
0.12,True,0.5,144.14999999999998,0.9543371780692053,6040,249,1.2,2.94,10.0
0.12,True,0.75,222.90000000000003,0.9543371780692053,6040,249,1.2,2.94,10.0
0.15,False,0.25,89.14999999999999,0.018811725975858284,120,249,1.2,2.94,10.0
0.15,False,0.5,116.54999999999998,0.018811725975858284,120,249,1.2,2.94,10.0
0.15,False,0.75,191.62499999999997,0.018811725975858284,120,249,1.2,2.94,10.0
0.15,True,0.25,83.79999999999998,0.9811882740241417,6259,249,1.2,2.94,10.0
0.15,True,0.5,123.0,0.9811882740241417,6259,249,1.2,2.94,10.0
0.15,True,0.75,188.5,0.9811882740241417,6259,249,1.2,2.94,10.0
0.0,False,0.25,121.64999999999999,0.5045201668984701,1451,251,1.2,2.94,10.0
0.0,False,0.5,207.30000000000004,0.5045201668984701,1451,251,1.2,2.94,10.0
0.0,False,0.75,339.3,0.5045201668984701,1451,251,1.2,2.94,10.0
0.0,True,0.25,118.09999999999998,0.4954798331015299,1425,251,1.2,2.94,10.0
0.0,True,0.5,204.10000000000002,0.4954798331015299,1425,251,1.2,2.94,10.0
0.0,True,0.75,332.30000000000007,0.4954798331015299,1425,251,1.2,2.94,10.0
0.03,False,0.25,118.6,0.32303419545217843,1861,251,1.2,2.94,10.0
0.03,False,0.5,206.60000000000002,0.32303419545217843,1861,251,1.2,2.94,10.0
0.03,False,0.75,338.40000000000003,0.32303419545217843,1861,251,1.2,2.94,10.0
0.03,True,0.25,120.64999999999999,0.6769658045478215,3900,251,1.2,2.94,10.0
0.03,True,0.5,200.10000000000002,0.6769658045478215,3900,251,1.2,2.94,10.0
0.03,True,0.75,333.32500000000005,0.6769658045478215,3900,251,1.2,2.94,10.0
0.06,False,0.25,114.275,0.1733643307871139,1044,251,1.2,2.94,10.0
0.06,False,0.5,185.0,0.1733643307871139,1044,251,1.2,2.94,10.0
0.06,False,0.75,306.92500000000007,0.1733643307871139,1044,251,1.2,2.94,10.0
0.06,True,0.25,110.82499999999999,0.8266356692128861,4978,251,1.2,2.94,10.0
0.06,True,0.5,181.9,0.8266356692128861,4978,251,1.2,2.94,10.0
0.06,True,0.75,301.07500000000005,0.8266356692128861,4978,251,1.2,2.94,10.0
0.09,False,0.25,104.95000000000002,0.08724305664522203,556,251,1.2,2.94,10.0
0.09,False,0.5,160.89999999999998,0.08724305664522203,556,251,1.2,2.94,10.0
0.09,False,0.75,259.67500000000007,0.08724305664522203,556,251,1.2,2.94,10.0
0.09,True,0.25,100.0,0.912756943354778,5817,251,1.2,2.94,10.0
0.09,True,0.5,161.89999999999998,0.912756943354778,5817,251,1.2,2.94,10.0
0.09,True,0.75,260.6000000000001,0.912756943354778,5817,251,1.2,2.94,10.0
0.12,False,0.25,101.2,0.04373914416548239,277,251,1.2,2.94,10.0
0.12,False,0.5,160.89999999999998,0.04373914416548239,277,251,1.2,2.94,10.0
0.12,False,0.75,239.50000000000006,0.04373914416548239,277,251,1.2,2.94,10.0
0.12,True,0.25,91.39999999999999,0.9562608558345176,6056,251,1.2,2.94,10.0
0.12,True,0.5,140.55,0.9562608558345176,6056,251,1.2,2.94,10.0
0.12,True,0.75,217.80000000000004,0.9562608558345176,6056,251,1.2,2.94,10.0
0.15,False,0.25,78.825,0.018489501723597618,118,251,1.2,2.94,10.0
0.15,False,0.5,119.04999999999998,0.018489501723597618,118,251,1.2,2.94,10.0
0.15,False,0.75,188.72500000000002,0.018489501723597618,118,251,1.2,2.94,10.0
0.15,True,0.25,83.17500000000001,0.9815104982764024,6264,251,1.2,2.94,10.0
0.15,True,0.5,123.85,0.9815104982764024,6264,251,1.2,2.94,10.0
0.15,True,0.75,188.2,0.9815104982764024,6264,251,1.2,2.94,10.0
0.0,False,0.25,122.2,0.509493670886076,1449,261,1.2,2.94,10.0
0.0,False,0.5,205.70000000000005,0.509493670886076,1449,261,1.2,2.94,10.0
0.0,False,0.75,340.0,0.509493670886076,1449,261,1.2,2.94,10.0
0.0,True,0.25,132.75,0.49050632911392406,1395,261,1.2,2.94,10.0
0.0,True,0.5,224.80000000000004,0.49050632911392406,1395,261,1.2,2.94,10.0
0.0,True,0.75,365.70000000000005,0.49050632911392406,1395,261,1.2,2.94,10.0
0.03,False,0.25,123.89999999999998,0.3206493279804503,1837,261,1.2,2.94,10.0
0.03,False,0.5,209.50000000000003,0.3206493279804503,1837,261,1.2,2.94,10.0
0.03,False,0.75,345.50000000000006,0.3206493279804503,1837,261,1.2,2.94,10.0
0.03,True,0.25,121.09999999999998,0.6793506720195497,3892,261,1.2,2.94,10.0
0.03,True,0.5,203.45000000000002,0.6793506720195497,3892,261,1.2,2.94,10.0
0.03,True,0.75,331.82500000000005,0.6793506720195497,3892,261,1.2,2.94,10.0
0.06,False,0.25,107.375,0.1738115095913261,1042,261,1.2,2.94,10.0
0.06,False,0.5,176.70000000000002,0.1738115095913261,1042,261,1.2,2.94,10.0
0.06,False,0.75,302.35,0.1738115095913261,1042,261,1.2,2.94,10.0
0.06,True,0.25,115.2,0.8261884904086739,4953,261,1.2,2.94,10.0
0.06,True,0.5,186.4,0.8261884904086739,4953,261,1.2,2.94,10.0
0.06,True,0.75,310.00000000000006,0.8261884904086739,4953,261,1.2,2.94,10.0
0.09,False,0.25,99.5,0.09186889379136463,583,261,1.2,2.94,10.0
0.09,False,0.5,163.1,0.09186889379136463,583,261,1.2,2.94,10.0
0.09,False,0.75,252.9,0.09186889379136463,583,261,1.2,2.94,10.0
0.09,True,0.25,102.69999999999999,0.9081311062086354,5763,261,1.2,2.94,10.0
0.09,True,0.5,165.3,0.9081311062086354,5763,261,1.2,2.94,10.0
0.09,True,0.75,268.8,0.9081311062086354,5763,261,1.2,2.94,10.0
0.12,False,0.25,89.29999999999998,0.03823064770932069,242,261,1.2,2.94,10.0
0.12,False,0.5,133.0,0.03823064770932069,242,261,1.2,2.94,10.0
0.12,False,0.75,204.37500000000006,0.03823064770932069,242,261,1.2,2.94,10.0
0.12,True,0.25,92.19999999999999,0.9617693522906793,6088,261,1.2,2.94,10.0
0.12,True,0.5,139.64999999999998,0.9617693522906793,6088,261,1.2,2.94,10.0
0.12,True,0.75,220.70000000000005,0.9617693522906793,6088,261,1.2,2.94,10.0
0.15,False,0.25,85.84999999999998,0.020366598778004074,130,261,1.2,2.94,10.0
0.15,False,0.5,113.6,0.020366598778004074,130,261,1.2,2.94,10.0
0.15,False,0.75,172.62500000000003,0.020366598778004074,130,261,1.2,2.94,10.0
0.15,True,0.25,84.7,0.9796334012219959,6253,261,1.2,2.94,10.0
0.15,True,0.5,125.5,0.9796334012219959,6253,261,1.2,2.94,10.0
0.15,True,0.75,189.60000000000002,0.9796334012219959,6253,261,1.2,2.94,10.0
0.0,False,0.25,124.69999999999999,0.5114982578397212,1468,262,1.2,2.94,10.0
0.0,False,0.5,208.95000000000005,0.5114982578397212,1468,262,1.2,2.94,10.0
0.0,False,0.75,346.5,0.5114982578397212,1468,262,1.2,2.94,10.0
0.0,True,0.25,122.625,0.48850174216027875,1402,262,1.2,2.94,10.0
0.0,True,0.5,212.55,0.48850174216027875,1402,262,1.2,2.94,10.0
0.0,True,0.75,354.30000000000007,0.48850174216027875,1402,262,1.2,2.94,10.0
0.03,False,0.25,115.49999999999997,0.309305146421764,1785,262,1.2,2.94,10.0
0.03,False,0.5,194.1,0.309305146421764,1785,262,1.2,2.94,10.0
0.03,False,0.75,328.9000000000001,0.309305146421764,1785,262,1.2,2.94,10.0
0.03,True,0.25,121.0,0.690694853578236,3986,262,1.2,2.94,10.0
0.03,True,0.5,209.50000000000003,0.690694853578236,3986,262,1.2,2.94,10.0
0.03,True,0.75,349.65,0.690694853578236,3986,262,1.2,2.94,10.0
0.06,False,0.25,110.10000000000001,0.17495826377295493,1048,262,1.2,2.94,10.0
0.06,False,0.5,173.95,0.17495826377295493,1048,262,1.2,2.94,10.0
0.06,False,0.75,292.6500000000001,0.17495826377295493,1048,262,1.2,2.94,10.0
0.06,True,0.25,113.6,0.8250417362270451,4942,262,1.2,2.94,10.0
0.06,True,0.5,187.65000000000003,0.8250417362270451,4942,262,1.2,2.94,10.0
0.06,True,0.75,303.6,0.8250417362270451,4942,262,1.2,2.94,10.0
0.09,False,0.25,98.75,0.09354330708661417,594,262,1.2,2.94,10.0
0.09,False,0.5,153.89999999999998,0.09354330708661417,594,262,1.2,2.94,10.0
0.09,False,0.75,249.95000000000005,0.09354330708661417,594,262,1.2,2.94,10.0
0.09,True,0.25,103.57499999999999,0.9064566929133858,5756,262,1.2,2.94,10.0
0.09,True,0.5,163.89999999999998,0.9064566929133858,5756,262,1.2,2.94,10.0
0.09,True,0.75,262.725,0.9064566929133858,5756,262,1.2,2.94,10.0
0.12,False,0.25,98.05,0.04356748224151539,276,262,1.2,2.94,10.0
0.12,False,0.5,138.25,0.04356748224151539,276,262,1.2,2.94,10.0
0.12,False,0.75,213.72500000000005,0.04356748224151539,276,262,1.2,2.94,10.0
0.12,True,0.25,92.30000000000001,0.9564325177584846,6059,262,1.2,2.94,10.0
0.12,True,0.5,141.7,0.9564325177584846,6059,262,1.2,2.94,10.0
0.12,True,0.75,224.65000000000003,0.9564325177584846,6059,262,1.2,2.94,10.0
0.15,False,0.25,78.0,0.017703274322418926,113,262,1.2,2.94,10.0
0.15,False,0.5,127.0,0.017703274322418926,113,262,1.2,2.94,10.0
0.15,False,0.75,195.49999999999997,0.017703274322418926,113,262,1.2,2.94,10.0
0.15,True,0.25,83.9,0.9822967256775811,6270,262,1.2,2.94,10.0
0.15,True,0.5,124.3,0.9822967256775811,6270,262,1.2,2.94,10.0
0.15,True,0.75,186.575,0.9822967256775811,6270,262,1.2,2.94,10.0
0.0,False,0.25,125.72499999999998,0.49457852395942636,1414,273,1.2,2.94,10.0
0.0,False,0.5,210.75,0.49457852395942636,1414,273,1.2,2.94,10.0
0.0,False,0.75,348.20000000000005,0.49457852395942636,1414,273,1.2,2.94,10.0
0.0,True,0.25,121.69999999999999,0.5054214760405736,1445,273,1.2,2.94,10.0
0.0,True,0.5,206.60000000000002,0.5054214760405736,1445,273,1.2,2.94,10.0
0.0,True,0.75,342.40000000000003,0.5054214760405736,1445,273,1.2,2.94,10.0
0.03,False,0.25,117.69999999999999,0.3152726635104331,1798,273,1.2,2.94,10.0
0.03,False,0.5,192.45,0.3152726635104331,1798,273,1.2,2.94,10.0
0.03,False,0.75,325.15000000000003,0.3152726635104331,1798,273,1.2,2.94,10.0
0.03,True,0.25,125.0,0.6847273364895669,3905,273,1.2,2.94,10.0
0.03,True,0.5,206.3,0.6847273364895669,3905,273,1.2,2.94,10.0
0.03,True,0.75,332.9000000000001,0.6847273364895669,3905,273,1.2,2.94,10.0
0.06,False,0.25,111.35,0.17017368069472277,1019,273,1.2,2.94,10.0
0.06,False,0.5,181.29999999999998,0.17017368069472277,1019,273,1.2,2.94,10.0
0.06,False,0.75,296.95000000000005,0.17017368069472277,1019,273,1.2,2.94,10.0
0.06,True,0.25,114.6,0.8298263193052772,4969,273,1.2,2.94,10.0
0.06,True,0.5,190.8,0.8298263193052772,4969,273,1.2,2.94,10.0
0.06,True,0.75,302.30000000000007,0.8298263193052772,4969,273,1.2,2.94,10.0
0.09,False,0.25,101.625,0.090866216003773,578,273,1.2,2.94,10.0
0.09,False,0.5,157.85,0.090866216003773,578,273,1.2,2.94,10.0
0.09,False,0.75,264.95000000000005,0.090866216003773,578,273,1.2,2.94,10.0
0.09,True,0.25,102.25,0.909133783996227,5783,273,1.2,2.94,10.0
0.09,True,0.5,164.1,0.909133783996227,5783,273,1.2,2.94,10.0
0.09,True,0.75,263.90000000000003,0.909133783996227,5783,273,1.2,2.94,10.0
0.12,False,0.25,97.95,0.0429428481212504,272,273,1.2,2.94,10.0
0.12,False,0.5,156.79999999999998,0.0429428481212504,272,273,1.2,2.94,10.0
0.12,False,0.75,241.65000000000003,0.0429428481212504,272,273,1.2,2.94,10.0
0.12,True,0.25,94.6,0.9570571518787496,6062,273,1.2,2.94,10.0
0.12,True,0.5,142.5,0.9570571518787496,6062,273,1.2,2.94,10.0
0.12,True,0.75,218.375,0.9570571518787496,6062,273,1.2,2.94,10.0
0.15,False,0.25,79.19999999999999,0.021769772905246672,139,273,1.2,2.94,10.0
0.15,False,0.5,107.1,0.021769772905246672,139,273,1.2,2.94,10.0
0.15,False,0.75,175.10000000000002,0.021769772905246672,139,273,1.2,2.94,10.0
0.15,True,0.25,83.79999999999998,0.9782302270947534,6246,273,1.2,2.94,10.0
0.15,True,0.5,124.39999999999999,0.9782302270947534,6246,273,1.2,2.94,10.0
0.15,True,0.75,186.70000000000005,0.9782302270947534,6246,273,1.2,2.94,10.0
0.0,False,0.25,122.79999999999998,0.4998253580160671,1431,275,1.2,2.94,10.0
0.0,False,0.5,203.70000000000005,0.4998253580160671,1431,275,1.2,2.94,10.0
0.0,False,0.75,343.20000000000005,0.4998253580160671,1431,275,1.2,2.94,10.0
0.0,True,0.25,125.52499999999998,0.5001746419839329,1432,275,1.2,2.94,10.0
0.0,True,0.5,212.35000000000002,0.5001746419839329,1432,275,1.2,2.94,10.0
0.0,True,0.75,348.3500000000001,0.5001746419839329,1432,275,1.2,2.94,10.0
0.03,False,0.25,119.69999999999999,0.3158170391061452,1809,275,1.2,2.94,10.0
0.03,False,0.5,193.89999999999998,0.3158170391061452,1809,275,1.2,2.94,10.0
0.03,False,0.75,337.6,0.3158170391061452,1809,275,1.2,2.94,10.0
0.03,True,0.25,122.3,0.6841829608938548,3919,275,1.2,2.94,10.0
0.03,True,0.5,206.8,0.6841829608938548,3919,275,1.2,2.94,10.0
0.03,True,0.75,347.75,0.6841829608938548,3919,275,1.2,2.94,10.0
0.06,False,0.25,113.6,0.16974845910378145,1019,275,1.2,2.94,10.0
0.06,False,0.5,186.9,0.16974845910378145,1019,275,1.2,2.94,10.0
0.06,False,0.75,294.75000000000006,0.16974845910378145,1019,275,1.2,2.94,10.0
0.06,True,0.25,111.3,0.8302515408962186,4984,275,1.2,2.94,10.0
0.06,True,0.5,184.14999999999998,0.8302515408962186,4984,275,1.2,2.94,10.0
0.06,True,0.75,305.70000000000005,0.8302515408962186,4984,275,1.2,2.94,10.0
0.09,False,0.25,109.74999999999999,0.08312342569269521,528,275,1.2,2.94,10.0
0.09,False,0.5,169.29999999999995,0.08312342569269521,528,275,1.2,2.94,10.0
0.09,False,0.75,270.125,0.08312342569269521,528,275,1.2,2.94,10.0
0.09,True,0.25,103.1,0.9168765743073047,5824,275,1.2,2.94,10.0
0.09,True,0.5,168.09999999999997,0.9168765743073047,5824,275,1.2,2.94,10.0
0.09,True,0.75,264.85,0.9168765743073047,5824,275,1.2,2.94,10.0
0.12,False,0.25,97.49999999999999,0.03818239192174187,242,275,1.2,2.94,10.0
0.12,False,0.5,137.7,0.03818239192174187,242,275,1.2,2.94,10.0
0.12,False,0.75,205.1,0.03818239192174187,242,275,1.2,2.94,10.0
0.12,True,0.25,91.975,0.9618176080782581,6096,275,1.2,2.94,10.0
0.12,True,0.5,142.09999999999997,0.9618176080782581,6096,275,1.2,2.94,10.0
0.12,True,0.75,220.15000000000003,0.9618176080782581,6096,275,1.2,2.94,10.0
0.15,False,0.25,85.6,0.023503603885929175,150,275,1.2,2.94,10.0
0.15,False,0.5,116.34999999999998,0.023503603885929175,150,275,1.2,2.94,10.0
0.15,False,0.75,174.35000000000002,0.023503603885929175,150,275,1.2,2.94,10.0
0.15,True,0.25,83.79999999999998,0.9764963961140708,6232,275,1.2,2.94,10.0
0.15,True,0.5,125.85,0.9764963961140708,6232,275,1.2,2.94,10.0
0.15,True,0.75,186.8,0.9764963961140708,6232,275,1.2,2.94,10.0
0.0,False,0.25,128.625,0.4875482286916871,1390,289,1.2,2.94,10.0
0.0,False,0.5,220.00000000000006,0.4875482286916871,1390,289,1.2,2.94,10.0
0.0,False,0.75,352.40000000000003,0.4875482286916871,1390,289,1.2,2.94,10.0
0.0,True,0.25,123.69999999999999,0.5124517713083129,1461,289,1.2,2.94,10.0
0.0,True,0.5,202.20000000000002,0.5124517713083129,1461,289,1.2,2.94,10.0
0.0,True,0.75,323.6,0.5124517713083129,1461,289,1.2,2.94,10.0
0.03,False,0.25,121.44999999999999,0.31901947148817805,1835,289,1.2,2.94,10.0
0.03,False,0.5,207.30000000000004,0.31901947148817805,1835,289,1.2,2.94,10.0
0.03,False,0.75,339.05000000000007,0.31901947148817805,1835,289,1.2,2.94,10.0
0.03,True,0.25,121.6,0.680980528511822,3917,289,1.2,2.94,10.0
0.03,True,0.5,199.60000000000002,0.680980528511822,3917,289,1.2,2.94,10.0
0.03,True,0.75,331.40000000000003,0.680980528511822,3917,289,1.2,2.94,10.0
0.06,False,0.25,113.8,0.17719619936656109,1063,289,1.2,2.94,10.0
0.06,False,0.5,185.70000000000002,0.17719619936656109,1063,289,1.2,2.94,10.0
0.06,False,0.75,303.95000000000005,0.17719619936656109,1063,289,1.2,2.94,10.0
0.06,True,0.25,114.075,0.8228038006334389,4936,289,1.2,2.94,10.0
0.06,True,0.5,187.65000000000003,0.8228038006334389,4936,289,1.2,2.94,10.0
0.06,True,0.75,303.675,0.8228038006334389,4936,289,1.2,2.94,10.0
0.09,False,0.25,103.42499999999998,0.0853408911982365,542,289,1.2,2.94,10.0
0.09,False,0.5,162.4,0.0853408911982365,542,289,1.2,2.94,10.0
0.09,False,0.75,250.65,0.0853408911982365,542,289,1.2,2.94,10.0
0.09,True,0.25,101.8,0.9146591088017635,5809,289,1.2,2.94,10.0
0.09,True,0.5,163.5,0.9146591088017635,5809,289,1.2,2.94,10.0
0.09,True,0.75,264.50000000000006,0.9146591088017635,5809,289,1.2,2.94,10.0
0.12,False,0.25,101.5,0.04814522494080505,305,289,1.2,2.94,10.0
0.12,False,0.5,146.2,0.04814522494080505,305,289,1.2,2.94,10.0
0.12,False,0.75,219.70000000000007,0.04814522494080505,305,289,1.2,2.94,10.0
0.12,True,0.25,94.10000000000001,0.9518547750591949,6030,289,1.2,2.94,10.0
0.12,True,0.5,143.89999999999998,0.9518547750591949,6030,289,1.2,2.94,10.0
0.12,True,0.75,222.375,0.9518547750591949,6030,289,1.2,2.94,10.0
0.15,False,0.25,85.5,0.022399749373433583,143,289,1.2,2.94,10.0
0.15,False,0.5,112.6,0.022399749373433583,143,289,1.2,2.94,10.0
0.15,False,0.75,181.14999999999998,0.022399749373433583,143,289,1.2,2.94,10.0
0.15,True,0.25,83.49999999999999,0.9776002506265664,6241,289,1.2,2.94,10.0
0.15,True,0.5,122.89999999999998,0.9776002506265664,6241,289,1.2,2.94,10.0
0.15,True,0.75,182.70000000000002,0.9776002506265664,6241,289,1.2,2.94,10.0
0.0,False,0.25,127.0,0.48784783374427615,1385,290,1.2,2.94,10.0
0.0,False,0.5,215.00000000000003,0.48784783374427615,1385,290,1.2,2.94,10.0
0.0,False,0.75,357.6,0.48784783374427615,1385,290,1.2,2.94,10.0
0.0,True,0.25,127.07499999999999,0.5121521662557238,1454,290,1.2,2.94,10.0
0.0,True,0.5,214.8,0.5121521662557238,1454,290,1.2,2.94,10.0
0.0,True,0.75,353.7,0.5121521662557238,1454,290,1.2,2.94,10.0
0.03,False,0.25,122.75,0.31229293809938974,1791,290,1.2,2.94,10.0
0.03,False,0.5,202.90000000000003,0.31229293809938974,1791,290,1.2,2.94,10.0
0.03,False,0.75,335.25,0.31229293809938974,1791,290,1.2,2.94,10.0
0.03,True,0.25,121.3,0.6877070619006103,3944,290,1.2,2.94,10.0
0.03,True,0.5,205.45000000000005,0.6877070619006103,3944,290,1.2,2.94,10.0
0.03,True,0.75,336.425,0.6877070619006103,3944,290,1.2,2.94,10.0
0.06,False,0.25,108.775,0.1707235745248416,1024,290,1.2,2.94,10.0
0.06,False,0.5,183.55,0.1707235745248416,1024,290,1.2,2.94,10.0
0.06,False,0.75,312.375,0.1707235745248416,1024,290,1.2,2.94,10.0
0.06,True,0.25,113.925,0.8292764254751583,4974,290,1.2,2.94,10.0
0.06,True,0.5,186.85000000000002,0.8292764254751583,4974,290,1.2,2.94,10.0
0.06,True,0.75,303.27500000000003,0.8292764254751583,4974,290,1.2,2.94,10.0
0.09,False,0.25,103.1,0.08544055285063609,544,290,1.2,2.94,10.0
0.09,False,0.5,168.04999999999995,0.08544055285063609,544,290,1.2,2.94,10.0
0.09,False,0.75,262.40000000000003,0.08544055285063609,544,290,1.2,2.94,10.0
0.09,True,0.25,102.75,0.9145594471493639,5823,290,1.2,2.94,10.0
0.09,True,0.5,165.5,0.9145594471493639,5823,290,1.2,2.94,10.0
0.09,True,0.75,262.6,0.9145594471493639,5823,290,1.2,2.94,10.0
0.12,False,0.25,92.175,0.04615141457246721,292,290,1.2,2.94,10.0
0.12,False,0.5,146.89999999999998,0.04615141457246721,292,290,1.2,2.94,10.0
0.12,False,0.75,219.50000000000003,0.04615141457246721,292,290,1.2,2.94,10.0
0.12,True,0.25,91.8,0.9538485854275328,6035,290,1.2,2.94,10.0
0.12,True,0.5,141.79999999999998,0.9538485854275328,6035,290,1.2,2.94,10.0
0.12,True,0.75,223.65000000000003,0.9538485854275328,6035,290,1.2,2.94,10.0
0.15,False,0.25,85.8,0.019429645879034785,124,290,1.2,2.94,10.0
0.15,False,0.5,122.69999999999999,0.019429645879034785,124,290,1.2,2.94,10.0
0.15,False,0.75,185.8,0.019429645879034785,124,290,1.2,2.94,10.0
0.15,True,0.25,83.99999999999999,0.9805703541209652,6258,290,1.2,2.94,10.0
0.15,True,0.5,124.8,0.9805703541209652,6258,290,1.2,2.94,10.0
0.15,True,0.75,188.55,0.9805703541209652,6258,290,1.2,2.94,10.0
0.0,False,0.25,126.5,0.4996488764044944,1423,302,1.2,2.94,10.0
0.0,False,0.5,214.00000000000006,0.4996488764044944,1423,302,1.2,2.94,10.0
0.0,False,0.75,354.35,0.4996488764044944,1423,302,1.2,2.94,10.0
0.0,True,0.25,126.0,0.5003511235955056,1425,302,1.2,2.94,10.0
0.0,True,0.5,204.80000000000004,0.5003511235955056,1425,302,1.2,2.94,10.0
0.0,True,0.75,337.6,0.5003511235955056,1425,302,1.2,2.94,10.0
0.03,False,0.25,120.09999999999998,0.31307840055875674,1793,302,1.2,2.94,10.0
0.03,False,0.5,200.50000000000003,0.31307840055875674,1793,302,1.2,2.94,10.0
0.03,False,0.75,338.30000000000007,0.31307840055875674,1793,302,1.2,2.94,10.0
0.03,True,0.25,124.49999999999999,0.6869215994412432,3934,302,1.2,2.94,10.0
0.03,True,0.5,205.90000000000003,0.6869215994412432,3934,302,1.2,2.94,10.0
0.03,True,0.75,343.07500000000005,0.6869215994412432,3934,302,1.2,2.94,10.0
0.06,False,0.25,112.25,0.1787084932421158,1071,302,1.2,2.94,10.0
0.06,False,0.5,187.9,0.1787084932421158,1071,302,1.2,2.94,10.0
0.06,False,0.75,297.55,0.1787084932421158,1071,302,1.2,2.94,10.0
0.06,True,0.25,114.5,0.8212915067578842,4922,302,1.2,2.94,10.0
0.06,True,0.5,189.05,0.8212915067578842,4922,302,1.2,2.94,10.0
0.06,True,0.75,306.7250000000001,0.8212915067578842,4922,302,1.2,2.94,10.0
0.09,False,0.25,98.19999999999999,0.09425649095200629,599,302,1.2,2.94,10.0
0.09,False,0.5,165.2,0.09425649095200629,599,302,1.2,2.94,10.0
0.09,False,0.75,262.70000000000005,0.09425649095200629,599,302,1.2,2.94,10.0
0.09,True,0.25,100.6,0.9057435090479937,5756,302,1.2,2.94,10.0
0.09,True,0.5,158.99999999999997,0.9057435090479937,5756,302,1.2,2.94,10.0
0.09,True,0.75,259.425,0.9057435090479937,5756,302,1.2,2.94,10.0
0.12,False,0.25,90.075,0.04452865940312648,282,302,1.2,2.94,10.0
0.12,False,0.5,144.35,0.04452865940312648,282,302,1.2,2.94,10.0
0.12,False,0.75,243.25000000000003,0.04452865940312648,282,302,1.2,2.94,10.0
0.12,True,0.25,93.6,0.9554713405968736,6051,302,1.2,2.94,10.0
0.12,True,0.5,143.0,0.9554713405968736,6051,302,1.2,2.94,10.0
0.12,True,0.75,224.55000000000007,0.9554713405968736,6051,302,1.2,2.94,10.0
0.15,False,0.25,81.69999999999999,0.02021309934189909,129,302,1.2,2.94,10.0
0.15,False,0.5,122.39999999999999,0.02021309934189909,129,302,1.2,2.94,10.0
0.15,False,0.75,198.90000000000003,0.02021309934189909,129,302,1.2,2.94,10.0
0.15,True,0.25,83.99999999999999,0.9797869006581009,6253,302,1.2,2.94,10.0
0.15,True,0.5,125.1,0.9797869006581009,6253,302,1.2,2.94,10.0
0.15,True,0.75,189.10000000000002,0.9797869006581009,6253,302,1.2,2.94,10.0
0.0,False,0.25,119.725,0.4874779541446208,1382,304,1.2,2.94,10.0
0.0,False,0.5,199.0,0.4874779541446208,1382,304,1.2,2.94,10.0
0.0,False,0.75,337.37500000000006,0.4874779541446208,1382,304,1.2,2.94,10.0
0.0,True,0.25,120.39999999999999,0.5125220458553792,1453,304,1.2,2.94,10.0
0.0,True,0.5,215.30000000000004,0.5125220458553792,1453,304,1.2,2.94,10.0
0.0,True,0.75,356.2,0.5125220458553792,1453,304,1.2,2.94,10.0
0.03,False,0.25,121.92499999999998,0.31651932743976424,1826,304,1.2,2.94,10.0
0.03,False,0.5,202.80000000000004,0.31651932743976424,1826,304,1.2,2.94,10.0
0.03,False,0.75,325.1000000000001,0.31651932743976424,1826,304,1.2,2.94,10.0
0.03,True,0.25,119.44999999999999,0.6834806725602357,3943,304,1.2,2.94,10.0
0.03,True,0.5,198.2,0.6834806725602357,3943,304,1.2,2.94,10.0
0.03,True,0.75,338.85,0.6834806725602357,3943,304,1.2,2.94,10.0
0.06,False,0.25,115.39999999999999,0.17329545454545456,1037,304,1.2,2.94,10.0
0.06,False,0.5,191.20000000000002,0.17329545454545456,1037,304,1.2,2.94,10.0
0.06,False,0.75,305.00000000000006,0.17329545454545456,1037,304,1.2,2.94,10.0
0.06,True,0.25,114.44999999999999,0.8267045454545454,4947,304,1.2,2.94,10.0
0.06,True,0.5,188.0,0.8267045454545454,4947,304,1.2,2.94,10.0
0.06,True,0.75,304.50000000000006,0.8267045454545454,4947,304,1.2,2.94,10.0
0.09,False,0.25,97.64999999999998,0.08671702864337426,551,304,1.2,2.94,10.0
0.09,False,0.5,156.5,0.08671702864337426,551,304,1.2,2.94,10.0
0.09,False,0.75,240.25000000000003,0.08671702864337426,551,304,1.2,2.94,10.0
0.09,True,0.25,102.45,0.9132829713566257,5803,304,1.2,2.94,10.0
0.09,True,0.5,163.2,0.9132829713566257,5803,304,1.2,2.94,10.0
0.09,True,0.75,264.5000000000001,0.9132829713566257,5803,304,1.2,2.94,10.0
0.12,False,0.25,92.3,0.045332490917706525,287,304,1.2,2.94,10.0
0.12,False,0.5,146.6,0.045332490917706525,287,304,1.2,2.94,10.0
0.12,False,0.75,229.75000000000003,0.045332490917706525,287,304,1.2,2.94,10.0
0.12,True,0.25,93.19999999999999,0.9546675090822935,6044,304,1.2,2.94,10.0
0.12,True,0.5,143.4,0.9546675090822935,6044,304,1.2,2.94,10.0
0.12,True,0.75,223.90000000000003,0.9546675090822935,6044,304,1.2,2.94,10.0
0.15,False,0.25,87.75,0.021613155833985903,138,304,1.2,2.94,10.0
0.15,False,0.5,127.44999999999999,0.021613155833985903,138,304,1.2,2.94,10.0
0.15,False,0.75,187.67499999999998,0.021613155833985903,138,304,1.2,2.94,10.0
0.15,True,0.25,83.3,0.9783868441660141,6247,304,1.2,2.94,10.0
0.15,True,0.5,122.0,0.9783868441660141,6247,304,1.2,2.94,10.0
0.15,True,0.75,185.50000000000003,0.9783868441660141,6247,304,1.2,2.94,10.0
0.0,False,0.25,122.375,0.4931794333683106,1410,307,1.2,2.94,10.0
0.0,False,0.5,206.20000000000005,0.4931794333683106,1410,307,1.2,2.94,10.0
0.0,False,0.75,339.95000000000005,0.4931794333683106,1410,307,1.2,2.94,10.0
0.0,True,0.25,116.2,0.5068205666316894,1449,307,1.2,2.94,10.0
0.0,True,0.5,203.90000000000003,0.5068205666316894,1449,307,1.2,2.94,10.0
0.0,True,0.75,339.7,0.5068205666316894,1449,307,1.2,2.94,10.0
0.03,False,0.25,120.92499999999998,0.31173807035876,1790,307,1.2,2.94,10.0
0.03,False,0.5,198.85000000000002,0.31173807035876,1790,307,1.2,2.94,10.0
0.03,False,0.75,332.475,0.31173807035876,1790,307,1.2,2.94,10.0
0.03,True,0.25,123.2,0.68826192964124,3952,307,1.2,2.94,10.0
0.03,True,0.5,205.75000000000006,0.68826192964124,3952,307,1.2,2.94,10.0
0.03,True,0.75,337.80000000000007,0.68826192964124,3952,307,1.2,2.94,10.0
0.06,False,0.25,110.15,0.18722979714000665,1126,307,1.2,2.94,10.0
0.06,False,0.5,192.64999999999998,0.18722979714000665,1126,307,1.2,2.94,10.0
0.06,False,0.75,303.67500000000007,0.18722979714000665,1126,307,1.2,2.94,10.0
0.06,True,0.25,113.79999999999998,0.8127702028599934,4888,307,1.2,2.94,10.0
0.06,True,0.5,184.25,0.8127702028599934,4888,307,1.2,2.94,10.0
0.06,True,0.75,301.225,0.8127702028599934,4888,307,1.2,2.94,10.0
0.09,False,0.25,96.67499999999998,0.08912600031382395,568,307,1.2,2.94,10.0
0.09,False,0.5,159.70000000000002,0.08912600031382395,568,307,1.2,2.94,10.0
0.09,False,0.75,249.15000000000003,0.08912600031382395,568,307,1.2,2.94,10.0
0.09,True,0.25,101.8,0.9108739996861761,5805,307,1.2,2.94,10.0
0.09,True,0.5,163.6,0.9108739996861761,5805,307,1.2,2.94,10.0
0.09,True,0.75,260.20000000000005,0.9108739996861761,5805,307,1.2,2.94,10.0
0.12,False,0.25,90.9,0.050015777847901545,317,307,1.2,2.94,10.0
0.12,False,0.5,134.99999999999997,0.050015777847901545,317,307,1.2,2.94,10.0
0.12,False,0.75,214.90000000000003,0.050015777847901545,317,307,1.2,2.94,10.0
0.12,True,0.25,92.8,0.9499842221520984,6021,307,1.2,2.94,10.0
0.12,True,0.5,141.79999999999998,0.9499842221520984,6021,307,1.2,2.94,10.0
0.12,True,0.75,216.00000000000006,0.9499842221520984,6021,307,1.2,2.94,10.0
0.15,False,0.25,79.44999999999999,0.023496240601503758,150,307,1.2,2.94,10.0
0.15,False,0.5,121.9,0.023496240601503758,150,307,1.2,2.94,10.0
0.15,False,0.75,176.825,0.023496240601503758,150,307,1.2,2.94,10.0
0.15,True,0.25,82.2,0.9765037593984962,6234,307,1.2,2.94,10.0
0.15,True,0.5,121.8,0.9765037593984962,6234,307,1.2,2.94,10.0
0.15,True,0.75,187.10000000000002,0.9765037593984962,6234,307,1.2,2.94,10.0
0.0,False,0.25,123.57499999999999,0.5050364709968739,1454,308,1.2,2.94,10.0
0.0,False,0.5,198.25,0.5050364709968739,1454,308,1.2,2.94,10.0
0.0,False,0.75,343.77500000000003,0.5050364709968739,1454,308,1.2,2.94,10.0
0.0,True,0.25,125.1,0.49496352900312607,1425,308,1.2,2.94,10.0
0.0,True,0.5,203.1,0.49496352900312607,1425,308,1.2,2.94,10.0
0.0,True,0.75,346.1,0.49496352900312607,1425,308,1.2,2.94,10.0
0.03,False,0.25,117.2,0.31679389312977096,1826,308,1.2,2.94,10.0
0.03,False,0.5,194.5,0.31679389312977096,1826,308,1.2,2.94,10.0
0.03,False,0.75,319.52500000000003,0.31679389312977096,1826,308,1.2,2.94,10.0
0.03,True,0.25,121.12499999999999,0.683206106870229,3938,308,1.2,2.94,10.0
0.03,True,0.5,201.90000000000003,0.683206106870229,3938,308,1.2,2.94,10.0
0.03,True,0.75,333.8,0.683206106870229,3938,308,1.2,2.94,10.0
0.06,False,0.25,111.3,0.17745163442294865,1064,308,1.2,2.94,10.0
0.06,False,0.5,194.2,0.17745163442294865,1064,308,1.2,2.94,10.0
0.06,False,0.75,319.925,0.17745163442294865,1064,308,1.2,2.94,10.0
0.06,True,0.25,115.97499999999998,0.8225483655770514,4932,308,1.2,2.94,10.0
0.06,True,0.5,191.95,0.8225483655770514,4932,308,1.2,2.94,10.0
0.06,True,0.75,314.15000000000003,0.8225483655770514,4932,308,1.2,2.94,10.0
0.09,False,0.25,101.5,0.09253731343283582,589,308,1.2,2.94,10.0
0.09,False,0.5,160.5,0.09253731343283582,589,308,1.2,2.94,10.0
0.09,False,0.75,261.1,0.09253731343283582,589,308,1.2,2.94,10.0
0.09,True,0.25,103.4,0.9074626865671642,5776,308,1.2,2.94,10.0
0.09,True,0.5,165.55,0.9074626865671642,5776,308,1.2,2.94,10.0
0.09,True,0.75,262.82500000000005,0.9074626865671642,5776,308,1.2,2.94,10.0
0.12,False,0.25,86.7,0.03993055555555555,253,308,1.2,2.94,10.0
0.12,False,0.5,126.6,0.03993055555555555,253,308,1.2,2.94,10.0
0.12,False,0.75,204.50000000000006,0.03993055555555555,253,308,1.2,2.94,10.0
0.12,True,0.25,92.39999999999999,0.9600694444444444,6083,308,1.2,2.94,10.0
0.12,True,0.5,141.5,0.9600694444444444,6083,308,1.2,2.94,10.0
0.12,True,0.75,221.50000000000006,0.9600694444444444,6083,308,1.2,2.94,10.0
0.15,False,0.25,91.44999999999999,0.02037298229117693,130,308,1.2,2.94,10.0
0.15,False,0.5,130.95,0.02037298229117693,130,308,1.2,2.94,10.0
0.15,False,0.75,207.55,0.02037298229117693,130,308,1.2,2.94,10.0
0.15,True,0.25,84.85,0.9796270177088231,6251,308,1.2,2.94,10.0
0.15,True,0.5,124.49999999999999,0.9796270177088231,6251,308,1.2,2.94,10.0
0.15,True,0.75,188.6,0.9796270177088231,6251,308,1.2,2.94,10.0
0.0,False,0.25,129.89999999999998,0.5010445682451253,1439,312,1.2,2.94,10.0
0.0,False,0.5,216.20000000000002,0.5010445682451253,1439,312,1.2,2.94,10.0
0.0,False,0.75,358.0,0.5010445682451253,1439,312,1.2,2.94,10.0
0.0,True,0.25,127.89999999999999,0.49895543175487467,1433,312,1.2,2.94,10.0
0.0,True,0.5,205.70000000000005,0.49895543175487467,1433,312,1.2,2.94,10.0
0.0,True,0.75,345.90000000000003,0.49895543175487467,1433,312,1.2,2.94,10.0
0.03,False,0.25,126.275,0.31037489102005233,1780,312,1.2,2.94,10.0
0.03,False,0.5,200.65000000000003,0.31037489102005233,1780,312,1.2,2.94,10.0
0.03,False,0.75,324.70000000000005,0.31037489102005233,1780,312,1.2,2.94,10.0
0.03,True,0.25,122.69999999999999,0.6896251089799477,3955,312,1.2,2.94,10.0
0.03,True,0.5,201.30000000000004,0.6896251089799477,3955,312,1.2,2.94,10.0
0.03,True,0.75,331.1000000000001,0.6896251089799477,3955,312,1.2,2.94,10.0
0.06,False,0.25,111.6,0.1747588959095444,1051,312,1.2,2.94,10.0
0.06,False,0.5,179.00000000000003,0.1747588959095444,1051,312,1.2,2.94,10.0
0.06,False,0.75,295.05000000000007,0.1747588959095444,1051,312,1.2,2.94,10.0
0.06,True,0.25,115.44999999999999,0.8252411040904556,4963,312,1.2,2.94,10.0
0.06,True,0.5,193.20000000000002,0.8252411040904556,4963,312,1.2,2.94,10.0
0.06,True,0.75,306.1,0.8252411040904556,4963,312,1.2,2.94,10.0
0.09,False,0.25,109.425,0.084919012423337,540,312,1.2,2.94,10.0
0.09,False,0.5,164.5,0.084919012423337,540,312,1.2,2.94,10.0
0.09,False,0.75,268.175,0.084919012423337,540,312,1.2,2.94,10.0
0.09,True,0.25,103.6,0.915080987576663,5819,312,1.2,2.94,10.0
0.09,True,0.5,164.70000000000002,0.915080987576663,5819,312,1.2,2.94,10.0
0.09,True,0.75,261.1,0.915080987576663,5819,312,1.2,2.94,10.0
0.12,False,0.25,98.6,0.04247591978525186,269,312,1.2,2.94,10.0
0.12,False,0.5,145.2,0.04247591978525186,269,312,1.2,2.94,10.0
0.12,False,0.75,217.80000000000004,0.04247591978525186,269,312,1.2,2.94,10.0
0.12,True,0.25,93.39999999999999,0.9575240802147481,6064,312,1.2,2.94,10.0
0.12,True,0.5,143.2,0.9575240802147481,6064,312,1.2,2.94,10.0
0.12,True,0.75,221.00000000000003,0.9575240802147481,6064,312,1.2,2.94,10.0
0.15,False,0.25,79.60000000000001,0.018956603477988408,121,312,1.2,2.94,10.0
0.15,False,0.5,120.49999999999999,0.018956603477988408,121,312,1.2,2.94,10.0
0.15,False,0.75,184.9,0.018956603477988408,121,312,1.2,2.94,10.0
0.15,True,0.25,84.42499999999998,0.9810433965220116,6262,312,1.2,2.94,10.0
0.15,True,0.5,124.94999999999999,0.9810433965220116,6262,312,1.2,2.94,10.0
0.15,True,0.75,188.77500000000003,0.9810433965220116,6262,312,1.2,2.94,10.0
0.0,False,0.25,126.4,0.4996513249651325,1433,316,1.2,2.94,10.0
0.0,False,0.5,209.1,0.4996513249651325,1433,316,1.2,2.94,10.0
0.0,False,0.75,346.80000000000007,0.4996513249651325,1433,316,1.2,2.94,10.0
0.0,True,0.25,127.45000000000002,0.5003486750348675,1435,316,1.2,2.94,10.0
0.0,True,0.5,203.90000000000003,0.5003486750348675,1435,316,1.2,2.94,10.0
0.0,True,0.75,355.85,0.5003486750348675,1435,316,1.2,2.94,10.0
0.03,False,0.25,119.475,0.3218630517900591,1852,316,1.2,2.94,10.0
0.03,False,0.5,205.10000000000002,0.3218630517900591,1852,316,1.2,2.94,10.0
0.03,False,0.75,350.375,0.3218630517900591,1852,316,1.2,2.94,10.0
0.03,True,0.25,123.625,0.6781369482099409,3902,316,1.2,2.94,10.0
0.03,True,0.5,204.60000000000002,0.6781369482099409,3902,316,1.2,2.94,10.0
0.03,True,0.75,338.2750000000001,0.6781369482099409,3902,316,1.2,2.94,10.0
0.06,False,0.25,115.10000000000001,0.17203941874060463,1030,316,1.2,2.94,10.0
0.06,False,0.5,187.55,0.17203941874060463,1030,316,1.2,2.94,10.0
0.06,False,0.75,300.3250000000001,0.17203941874060463,1030,316,1.2,2.94,10.0
0.06,True,0.25,114.6,0.8279605812593953,4957,316,1.2,2.94,10.0
0.06,True,0.5,186.3,0.8279605812593953,4957,316,1.2,2.94,10.0
0.06,True,0.75,305.6,0.8279605812593953,4957,316,1.2,2.94,10.0
0.09,False,0.25,96.89999999999999,0.08750981932443049,557,316,1.2,2.94,10.0
0.09,False,0.5,168.6,0.08750981932443049,557,316,1.2,2.94,10.0
0.09,False,0.75,268.1000000000001,0.08750981932443049,557,316,1.2,2.94,10.0
0.09,True,0.25,101.89999999999999,0.9124901806755695,5808,316,1.2,2.94,10.0
0.09,True,0.5,161.70000000000002,0.9124901806755695,5808,316,1.2,2.94,10.0
0.09,True,0.75,261.40000000000003,0.9124901806755695,5808,316,1.2,2.94,10.0
0.12,False,0.25,94.875,0.0489344909234412,310,316,1.2,2.94,10.0
0.12,False,0.5,145.75,0.0489344909234412,310,316,1.2,2.94,10.0
0.12,False,0.75,216.92500000000004,0.0489344909234412,310,316,1.2,2.94,10.0
0.12,True,0.25,92.39999999999999,0.9510655090765588,6025,316,1.2,2.94,10.0
0.12,True,0.5,141.0,0.9510655090765588,6025,316,1.2,2.94,10.0
0.12,True,0.75,220.00000000000003,0.9510655090765588,6025,316,1.2,2.94,10.0
0.15,False,0.25,70.75,0.021149929500235,135,316,1.2,2.94,10.0
0.15,False,0.5,122.0,0.021149929500235,135,316,1.2,2.94,10.0
0.15,False,0.75,163.25,0.021149929500235,135,316,1.2,2.94,10.0
0.15,True,0.25,83.275,0.978850070499765,6248,316,1.2,2.94,10.0
0.15,True,0.5,123.89999999999998,0.978850070499765,6248,316,1.2,2.94,10.0
0.15,True,0.75,185.10000000000002,0.978850070499765,6248,316,1.2,2.94,10.0
0.0,False,0.25,122.64999999999999,0.5021097046413502,1428,330,1.2,2.94,10.0
0.0,False,0.5,208.05,0.5021097046413502,1428,330,1.2,2.94,10.0
0.0,False,0.75,354.725,0.5021097046413502,1428,330,1.2,2.94,10.0
0.0,True,0.25,122.32499999999999,0.4978902953586498,1416,330,1.2,2.94,10.0
0.0,True,0.5,210.45000000000005,0.4978902953586498,1416,330,1.2,2.94,10.0
0.0,True,0.75,363.02500000000003,0.4978902953586498,1416,330,1.2,2.94,10.0
0.03,False,0.25,121.8,0.30522088353413657,1748,330,1.2,2.94,10.0
0.03,False,0.5,196.2,0.30522088353413657,1748,330,1.2,2.94,10.0
0.03,False,0.75,334.40000000000003,0.30522088353413657,1748,330,1.2,2.94,10.0
0.03,True,0.25,118.0,0.6947791164658634,3979,330,1.2,2.94,10.0
0.03,True,0.5,198.6,0.6947791164658634,3979,330,1.2,2.94,10.0
0.03,True,0.75,336.35,0.6947791164658634,3979,330,1.2,2.94,10.0
0.06,False,0.25,110.27499999999999,0.16552644752210913,992,330,1.2,2.94,10.0
0.06,False,0.5,186.50000000000003,0.16552644752210913,992,330,1.2,2.94,10.0
0.06,False,0.75,303.07500000000005,0.16552644752210913,992,330,1.2,2.94,10.0
0.06,True,0.25,110.5,0.8344735524778909,5001,330,1.2,2.94,10.0
0.06,True,0.5,184.2,0.8344735524778909,5001,330,1.2,2.94,10.0
0.06,True,0.75,300.40000000000003,0.8344735524778909,5001,330,1.2,2.94,10.0
0.09,False,0.25,97.29999999999998,0.09787234042553192,621,330,1.2,2.94,10.0
0.09,False,0.5,156.89999999999998,0.09787234042553192,621,330,1.2,2.94,10.0
0.09,False,0.75,241.40000000000006,0.09787234042553192,621,330,1.2,2.94,10.0
0.09,True,0.25,103.8,0.902127659574468,5724,330,1.2,2.94,10.0
0.09,True,0.5,163.2,0.902127659574468,5724,330,1.2,2.94,10.0
0.09,True,0.75,266.6500000000001,0.902127659574468,5724,330,1.2,2.94,10.0
0.12,False,0.25,88.35,0.04345078211407805,275,330,1.2,2.94,10.0
0.12,False,0.5,139.99999999999997,0.04345078211407805,275,330,1.2,2.94,10.0
0.12,False,0.75,218.40000000000003,0.04345078211407805,275,330,1.2,2.94,10.0
0.12,True,0.25,92.9,0.956549217885922,6054,330,1.2,2.94,10.0
0.12,True,0.5,142.29999999999998,0.956549217885922,6054,330,1.2,2.94,10.0
0.12,True,0.75,221.77500000000003,0.956549217885922,6054,330,1.2,2.94,10.0
0.15,False,0.25,79.97500000000001,0.022250078345346286,142,330,1.2,2.94,10.0
0.15,False,0.5,132.2,0.022250078345346286,142,330,1.2,2.94,10.0
0.15,False,0.75,188.15,0.022250078345346286,142,330,1.2,2.94,10.0
0.15,True,0.25,83.0,0.9777499216546537,6240,330,1.2,2.94,10.0
0.15,True,0.5,123.60000000000001,0.9777499216546537,6240,330,1.2,2.94,10.0
0.15,True,0.75,187.72500000000002,0.9777499216546537,6240,330,1.2,2.94,10.0
0.0,False,0.25,124.25,0.5089192025183631,1455,335,1.2,2.94,10.0
0.0,False,0.5,216.3,0.5089192025183631,1455,335,1.2,2.94,10.0
0.0,False,0.75,357.70000000000005,0.5089192025183631,1455,335,1.2,2.94,10.0
0.0,True,0.25,118.72499999999998,0.4910807974816369,1404,335,1.2,2.94,10.0
0.0,True,0.5,214.50000000000006,0.4910807974816369,1404,335,1.2,2.94,10.0
0.0,True,0.75,345.62500000000006,0.4910807974816369,1404,335,1.2,2.94,10.0
0.03,False,0.25,123.79999999999998,0.3073555166374781,1755,335,1.2,2.94,10.0
0.03,False,0.5,207.2,0.3073555166374781,1755,335,1.2,2.94,10.0
0.03,False,0.75,348.35,0.3073555166374781,1755,335,1.2,2.94,10.0
0.03,True,0.25,121.09999999999998,0.6926444833625219,3955,335,1.2,2.94,10.0
0.03,True,0.5,199.3,0.6926444833625219,3955,335,1.2,2.94,10.0
0.03,True,0.75,328.95000000000005,0.6926444833625219,3955,335,1.2,2.94,10.0
0.06,False,0.25,109.35,0.18065054211843204,1083,335,1.2,2.94,10.0
0.06,False,0.5,176.3,0.18065054211843204,1083,335,1.2,2.94,10.0
0.06,False,0.75,299.5,0.18065054211843204,1083,335,1.2,2.94,10.0
0.06,True,0.25,112.3,0.819349457881568,4912,335,1.2,2.94,10.0
0.06,True,0.5,186.9,0.819349457881568,4912,335,1.2,2.94,10.0
0.06,True,0.75,310.92500000000007,0.819349457881568,4912,335,1.2,2.94,10.0
0.09,False,0.25,101.75,0.08860560276990873,563,335,1.2,2.94,10.0
0.09,False,0.5,164.1,0.08860560276990873,563,335,1.2,2.94,10.0
0.09,False,0.75,253.4,0.08860560276990873,563,335,1.2,2.94,10.0
0.09,True,0.25,103.5,0.9113943972300913,5791,335,1.2,2.94,10.0
0.09,True,0.5,162.3,0.9113943972300913,5791,335,1.2,2.94,10.0
0.09,True,0.75,258.90000000000003,0.9113943972300913,5791,335,1.2,2.94,10.0
0.12,False,0.25,86.625,0.04424079633433402,280,335,1.2,2.94,10.0
0.12,False,0.5,128.1,0.04424079633433402,280,335,1.2,2.94,10.0
0.12,False,0.75,210.72500000000002,0.04424079633433402,280,335,1.2,2.94,10.0
0.12,True,0.25,91.19999999999999,0.955759203665666,6049,335,1.2,2.94,10.0
0.12,True,0.5,139.79999999999998,0.955759203665666,6049,335,1.2,2.94,10.0
0.12,True,0.75,221.60000000000002,0.955759203665666,6049,335,1.2,2.94,10.0
0.15,False,0.25,78.60000000000001,0.02506265664160401,160,335,1.2,2.94,10.0
0.15,False,0.5,118.94999999999999,0.02506265664160401,160,335,1.2,2.94,10.0
0.15,False,0.75,166.89999999999998,0.02506265664160401,160,335,1.2,2.94,10.0
0.15,True,0.25,83.7,0.974937343358396,6224,335,1.2,2.94,10.0
0.15,True,0.5,125.2,0.974937343358396,6224,335,1.2,2.94,10.0
0.15,True,0.75,185.70000000000002,0.974937343358396,6224,335,1.2,2.94,10.0
0.0,False,0.25,133.075,0.4859154929577465,1380,345,1.2,2.94,10.0
0.0,False,0.5,215.00000000000006,0.4859154929577465,1380,345,1.2,2.94,10.0
0.0,False,0.75,335.725,0.4859154929577465,1380,345,1.2,2.94,10.0
0.0,True,0.25,125.475,0.5140845070422535,1460,345,1.2,2.94,10.0
0.0,True,0.5,213.35000000000002,0.5140845070422535,1460,345,1.2,2.94,10.0
0.0,True,0.75,348.77500000000003,0.5140845070422535,1460,345,1.2,2.94,10.0
0.03,False,0.25,118.64999999999999,0.31297976273551986,1794,345,1.2,2.94,10.0
0.03,False,0.5,200.8,0.31297976273551986,1794,345,1.2,2.94,10.0
0.03,False,0.75,332.75000000000006,0.31297976273551986,1794,345,1.2,2.94,10.0
0.03,True,0.25,121.3,0.6870202372644801,3938,345,1.2,2.94,10.0
0.03,True,0.5,204.25,0.6870202372644801,3938,345,1.2,2.94,10.0
0.03,True,0.75,339.80000000000007,0.6870202372644801,3938,345,1.2,2.94,10.0
0.06,False,0.25,117.74999999999999,0.1722472097284691,1034,345,1.2,2.94,10.0
0.06,False,0.5,189.25,0.1722472097284691,1034,345,1.2,2.94,10.0
0.06,False,0.75,300.80000000000007,0.1722472097284691,1034,345,1.2,2.94,10.0
0.06,True,0.25,113.5,0.8277527902715309,4969,345,1.2,2.94,10.0
0.06,True,0.5,190.5,0.8277527902715309,4969,345,1.2,2.94,10.0
0.06,True,0.75,307.1,0.8277527902715309,4969,345,1.2,2.94,10.0
0.09,False,0.25,98.77499999999999,0.08419729814640277,536,345,1.2,2.94,10.0
0.09,False,0.5,153.2,0.08419729814640277,536,345,1.2,2.94,10.0
0.09,False,0.75,256.875,0.08419729814640277,536,345,1.2,2.94,10.0
0.09,True,0.25,103.125,0.9158027018535972,5830,345,1.2,2.94,10.0
0.09,True,0.5,162.70000000000002,0.9158027018535972,5830,345,1.2,2.94,10.0
0.09,True,0.75,264.25,0.9158027018535972,5830,345,1.2,2.94,10.0
0.12,False,0.25,84.89999999999999,0.04075185594692782,258,345,1.2,2.94,10.0
0.12,False,0.5,136.5,0.04075185594692782,258,345,1.2,2.94,10.0
0.12,False,0.75,228.70000000000002,0.04075185594692782,258,345,1.2,2.94,10.0
0.12,True,0.25,90.8,0.9592481440530722,6073,345,1.2,2.94,10.0
0.12,True,0.5,138.79999999999998,0.9592481440530722,6073,345,1.2,2.94,10.0
0.12,True,0.75,218.8,0.9592481440530722,6073,345,1.2,2.94,10.0
0.15,False,0.25,81.225,0.019429645879034785,124,345,1.2,2.94,10.0
0.15,False,0.5,127.24999999999999,0.019429645879034785,124,345,1.2,2.94,10.0
0.15,False,0.75,197.65,0.019429645879034785,124,345,1.2,2.94,10.0
0.15,True,0.25,83.49999999999999,0.9805703541209652,6258,345,1.2,2.94,10.0
0.15,True,0.5,125.6,0.9805703541209652,6258,345,1.2,2.94,10.0
0.15,True,0.75,188.9,0.9805703541209652,6258,345,1.2,2.94,10.0
0.0,False,0.25,126.125,0.5015739769150053,1434,356,1.2,2.94,10.0
0.0,False,0.5,217.10000000000002,0.5015739769150053,1434,356,1.2,2.94,10.0
0.0,False,0.75,349.82500000000005,0.5015739769150053,1434,356,1.2,2.94,10.0
0.0,True,0.25,121.6,0.49842602308499473,1425,356,1.2,2.94,10.0
0.0,True,0.5,205.00000000000003,0.49842602308499473,1425,356,1.2,2.94,10.0
0.0,True,0.75,333.30000000000007,0.49842602308499473,1425,356,1.2,2.94,10.0
0.03,False,0.25,119.69999999999999,0.31462821403752605,1811,356,1.2,2.94,10.0
0.03,False,0.5,203.20000000000005,0.31462821403752605,1811,356,1.2,2.94,10.0
0.03,False,0.75,327.20000000000005,0.31462821403752605,1811,356,1.2,2.94,10.0
0.03,True,0.25,119.49999999999999,0.685371785962474,3945,356,1.2,2.94,10.0
0.03,True,0.5,199.0,0.685371785962474,3945,356,1.2,2.94,10.0
0.03,True,0.75,326.6000000000001,0.685371785962474,3945,356,1.2,2.94,10.0
0.06,False,0.25,108.60000000000001,0.1786249375728317,1073,356,1.2,2.94,10.0
0.06,False,0.5,183.9,0.1786249375728317,1073,356,1.2,2.94,10.0
0.06,False,0.75,306.00000000000006,0.1786249375728317,1073,356,1.2,2.94,10.0
0.06,True,0.25,113.79999999999998,0.8213750624271683,4934,356,1.2,2.94,10.0
0.06,True,0.5,190.1,0.8213750624271683,4934,356,1.2,2.94,10.0
0.06,True,0.75,308.75000000000006,0.8213750624271683,4934,356,1.2,2.94,10.0
0.09,False,0.25,95.85,0.08415919458864245,535,356,1.2,2.94,10.0
0.09,False,0.5,146.7,0.08415919458864245,535,356,1.2,2.94,10.0
0.09,False,0.75,243.3,0.08415919458864245,535,356,1.2,2.94,10.0
0.09,True,0.25,101.6,0.9158408054113576,5822,356,1.2,2.94,10.0
0.09,True,0.5,160.3,0.9158408054113576,5822,356,1.2,2.94,10.0
0.09,True,0.75,256.57500000000005,0.9158408054113576,5822,356,1.2,2.94,10.0
0.12,False,0.25,91.1,0.04372533543804262,277,356,1.2,2.94,10.0
0.12,False,0.5,139.1,0.04372533543804262,277,356,1.2,2.94,10.0
0.12,False,0.75,217.80000000000004,0.04372533543804262,277,356,1.2,2.94,10.0
0.12,True,0.25,91.8,0.9562746645619574,6058,356,1.2,2.94,10.0
0.12,True,0.5,140.5,0.9562746645619574,6058,356,1.2,2.94,10.0
0.12,True,0.75,216.07500000000005,0.9562746645619574,6058,356,1.2,2.94,10.0
0.15,False,0.25,76.375,0.020986687548942836,134,356,1.2,2.94,10.0
0.15,False,0.5,105.94999999999999,0.020986687548942836,134,356,1.2,2.94,10.0
0.15,False,0.75,172.8,0.020986687548942836,134,356,1.2,2.94,10.0
0.15,True,0.25,82.4,0.9790133124510572,6251,356,1.2,2.94,10.0
0.15,True,0.5,120.89999999999998,0.9790133124510572,6251,356,1.2,2.94,10.0
0.15,True,0.75,184.75,0.9790133124510572,6251,356,1.2,2.94,10.0
0.0,False,0.25,127.75,0.5102184637068358,1448,358,1.2,2.94,10.0
0.0,False,0.5,210.15000000000003,0.5102184637068358,1448,358,1.2,2.94,10.0
0.0,False,0.75,338.62500000000006,0.5102184637068358,1448,358,1.2,2.94,10.0
0.0,True,0.25,127.44999999999999,0.4897815362931642,1390,358,1.2,2.94,10.0
0.0,True,0.5,218.45000000000005,0.4897815362931642,1390,358,1.2,2.94,10.0
0.0,True,0.75,354.75000000000006,0.4897815362931642,1390,358,1.2,2.94,10.0
0.03,False,0.25,120.57499999999999,0.3171790863296856,1826,358,1.2,2.94,10.0
0.03,False,0.5,199.95000000000002,0.3171790863296856,1826,358,1.2,2.94,10.0
0.03,False,0.75,336.475,0.3171790863296856,1826,358,1.2,2.94,10.0
0.03,True,0.25,121.14999999999999,0.6828209136703144,3931,358,1.2,2.94,10.0
0.03,True,0.5,204.50000000000006,0.6828209136703144,3931,358,1.2,2.94,10.0
0.03,True,0.75,335.45000000000005,0.6828209136703144,3931,358,1.2,2.94,10.0
0.06,False,0.25,109.6,0.18793852322084864,1125,358,1.2,2.94,10.0
0.06,False,0.5,183.50000000000003,0.18793852322084864,1125,358,1.2,2.94,10.0
0.06,False,0.75,307.70000000000005,0.18793852322084864,1125,358,1.2,2.94,10.0
0.06,True,0.25,111.5,0.8120614767791513,4861,358,1.2,2.94,10.0
0.06,True,0.5,180.70000000000002,0.8120614767791513,4861,358,1.2,2.94,10.0
0.06,True,0.75,297.20000000000005,0.8120614767791513,4861,358,1.2,2.94,10.0
0.09,False,0.25,95.6,0.09434850863422292,601,358,1.2,2.94,10.0
0.09,False,0.5,160.8,0.09434850863422292,601,358,1.2,2.94,10.0
0.09,False,0.75,263.0,0.09434850863422292,601,358,1.2,2.94,10.0
0.09,True,0.25,103.2,0.905651491365777,5769,358,1.2,2.94,10.0
0.09,True,0.5,163.89999999999998,0.905651491365777,5769,358,1.2,2.94,10.0
0.09,True,0.75,261.5,0.905651491365777,5769,358,1.2,2.94,10.0
0.12,False,0.25,93.19999999999999,0.047431452883706274,301,358,1.2,2.94,10.0
0.12,False,0.5,138.5,0.047431452883706274,301,358,1.2,2.94,10.0
0.12,False,0.75,221.60000000000002,0.047431452883706274,301,358,1.2,2.94,10.0
0.12,True,0.25,92.39999999999999,0.9525685471162937,6045,358,1.2,2.94,10.0
0.12,True,0.5,142.79999999999998,0.9525685471162937,6045,358,1.2,2.94,10.0
0.12,True,0.75,219.90000000000003,0.9525685471162937,6045,358,1.2,2.94,10.0
0.15,False,0.25,88.75,0.024141715002351467,154,358,1.2,2.94,10.0
0.15,False,0.5,136.75,0.024141715002351467,154,358,1.2,2.94,10.0
0.15,False,0.75,174.45000000000002,0.024141715002351467,154,358,1.2,2.94,10.0
0.15,True,0.25,84.59999999999998,0.9758582849976485,6225,358,1.2,2.94,10.0
0.15,True,0.5,124.60000000000001,0.9758582849976485,6225,358,1.2,2.94,10.0
0.15,True,0.75,185.50000000000003,0.9758582849976485,6225,358,1.2,2.94,10.0
0.0,False,0.25,121.37499999999999,0.5066480055983205,1448,362,1.2,2.94,10.0
0.0,False,0.5,207.95000000000005,0.5066480055983205,1448,362,1.2,2.94,10.0
0.0,False,0.75,333.07500000000005,0.5066480055983205,1448,362,1.2,2.94,10.0
0.0,True,0.25,128.52499999999998,0.4933519944016795,1410,362,1.2,2.94,10.0
0.0,True,0.5,208.95000000000005,0.4933519944016795,1410,362,1.2,2.94,10.0
0.0,True,0.75,357.20000000000005,0.4933519944016795,1410,362,1.2,2.94,10.0
0.03,False,0.25,122.1,0.3098985659321441,1772,362,1.2,2.94,10.0
0.03,False,0.5,207.40000000000003,0.3098985659321441,1772,362,1.2,2.94,10.0
0.03,False,0.75,342.70000000000005,0.3098985659321441,1772,362,1.2,2.94,10.0
0.03,True,0.25,122.3,0.6901014340678558,3946,362,1.2,2.94,10.0
0.03,True,0.5,203.0,0.6901014340678558,3946,362,1.2,2.94,10.0
0.03,True,0.75,336.85,0.6901014340678558,3946,362,1.2,2.94,10.0
0.06,False,0.25,109.79999999999998,0.1796197464976651,1077,362,1.2,2.94,10.0
0.06,False,0.5,181.0,0.1796197464976651,1077,362,1.2,2.94,10.0
0.06,False,0.75,296.00000000000006,0.1796197464976651,1077,362,1.2,2.94,10.0
0.06,True,0.25,110.74999999999999,0.8203802535023349,4919,362,1.2,2.94,10.0
0.06,True,0.5,184.6,0.8203802535023349,4919,362,1.2,2.94,10.0
0.06,True,0.75,300.05000000000007,0.8203802535023349,4919,362,1.2,2.94,10.0
0.09,False,0.25,105.30000000000001,0.08997955010224949,572,362,1.2,2.94,10.0
0.09,False,0.5,167.95,0.08997955010224949,572,362,1.2,2.94,10.0
0.09,False,0.75,262.425,0.08997955010224949,572,362,1.2,2.94,10.0
0.09,True,0.25,104.4,0.9100204498977505,5785,362,1.2,2.94,10.0
0.09,True,0.5,160.70000000000002,0.9100204498977505,5785,362,1.2,2.94,10.0
0.09,True,0.75,261.0,0.9100204498977505,5785,362,1.2,2.94,10.0
0.12,False,0.25,88.79999999999998,0.04880745537829727,309,362,1.2,2.94,10.0
0.12,False,0.5,136.7,0.04880745537829727,309,362,1.2,2.94,10.0
0.12,False,0.75,212.50000000000006,0.04880745537829727,309,362,1.2,2.94,10.0
0.12,True,0.25,93.5,0.9511925446217028,6022,362,1.2,2.94,10.0
0.12,True,0.5,140.95,0.9511925446217028,6022,362,1.2,2.94,10.0
0.12,True,0.75,218.10000000000005,0.9511925446217028,6022,362,1.2,2.94,10.0
0.15,False,0.25,87.5,0.020843128036357936,133,362,1.2,2.94,10.0
0.15,False,0.5,125.2,0.020843128036357936,133,362,1.2,2.94,10.0
0.15,False,0.75,181.79999999999998,0.020843128036357936,133,362,1.2,2.94,10.0
0.15,True,0.25,82.80000000000001,0.9791568719636421,6248,362,1.2,2.94,10.0
0.15,True,0.5,122.8,0.9791568719636421,6248,362,1.2,2.94,10.0
0.15,True,0.75,185.825,0.9791568719636421,6248,362,1.2,2.94,10.0
0.0,False,0.25,121.54999999999998,0.49684873949579833,1419,367,1.2,2.94,10.0
0.0,False,0.5,206.60000000000002,0.49684873949579833,1419,367,1.2,2.94,10.0
0.0,False,0.75,347.95000000000005,0.49684873949579833,1419,367,1.2,2.94,10.0
0.0,True,0.25,121.3,0.5031512605042017,1437,367,1.2,2.94,10.0
0.0,True,0.5,207.1,0.5031512605042017,1437,367,1.2,2.94,10.0
0.0,True,0.75,335.00000000000006,0.5031512605042017,1437,367,1.2,2.94,10.0
0.03,False,0.25,123.94999999999999,0.3182926829268293,1827,367,1.2,2.94,10.0
0.03,False,0.5,204.00000000000003,0.3182926829268293,1827,367,1.2,2.94,10.0
0.03,False,0.75,337.3,0.3182926829268293,1827,367,1.2,2.94,10.0
0.03,True,0.25,125.0,0.6817073170731708,3913,367,1.2,2.94,10.0
0.03,True,0.5,206.20000000000002,0.6817073170731708,3913,367,1.2,2.94,10.0
0.03,True,0.75,347.20000000000005,0.6817073170731708,3913,367,1.2,2.94,10.0
0.06,False,0.25,114.475,0.17333333333333334,1040,367,1.2,2.94,10.0
0.06,False,0.5,186.25,0.17333333333333334,1040,367,1.2,2.94,10.0
0.06,False,0.75,289.175,0.17333333333333334,1040,367,1.2,2.94,10.0
0.06,True,0.25,112.9,0.8266666666666667,4960,367,1.2,2.94,10.0
0.06,True,0.5,187.25,0.8266666666666667,4960,367,1.2,2.94,10.0
0.06,True,0.75,307.125,0.8266666666666667,4960,367,1.2,2.94,10.0
0.09,False,0.25,103.35,0.08413272527126907,535,367,1.2,2.94,10.0
0.09,False,0.5,155.5,0.08413272527126907,535,367,1.2,2.94,10.0
0.09,False,0.75,257.1,0.08413272527126907,535,367,1.2,2.94,10.0
0.09,True,0.25,102.175,0.915867274728731,5824,367,1.2,2.94,10.0
0.09,True,0.5,164.95,0.915867274728731,5824,367,1.2,2.94,10.0
0.09,True,0.75,262.82500000000005,0.915867274728731,5824,367,1.2,2.94,10.0
0.12,False,0.25,86.39999999999999,0.0431484115694642,273,367,1.2,2.94,10.0
0.12,False,0.5,138.4,0.0431484115694642,273,367,1.2,2.94,10.0
0.12,False,0.75,218.4,0.0431484115694642,273,367,1.2,2.94,10.0
0.12,True,0.25,92.92500000000001,0.9568515884305357,6054,367,1.2,2.94,10.0
0.12,True,0.5,141.5,0.9568515884305357,6054,367,1.2,2.94,10.0
0.12,True,0.75,220.65000000000003,0.9568515884305357,6054,367,1.2,2.94,10.0
0.15,False,0.25,73.0,0.01896551724137931,121,367,1.2,2.94,10.0
0.15,False,0.5,116.89999999999998,0.01896551724137931,121,367,1.2,2.94,10.0
0.15,False,0.75,184.5,0.01896551724137931,121,367,1.2,2.94,10.0
0.15,True,0.25,84.49999999999999,0.9810344827586207,6259,367,1.2,2.94,10.0
0.15,True,0.5,124.69999999999999,0.9810344827586207,6259,367,1.2,2.94,10.0
0.15,True,0.75,184.85000000000002,0.9810344827586207,6259,367,1.2,2.94,10.0
0.0,False,0.25,125.35000000000001,0.5073170731707317,1456,368,1.2,2.94,10.0
0.0,False,0.5,204.25,0.5073170731707317,1456,368,1.2,2.94,10.0
0.0,False,0.75,336.77500000000003,0.5073170731707317,1456,368,1.2,2.94,10.0
0.0,True,0.25,125.14999999999999,0.4926829268292683,1414,368,1.2,2.94,10.0
0.0,True,0.5,206.95000000000005,0.4926829268292683,1414,368,1.2,2.94,10.0
0.0,True,0.75,339.07500000000005,0.4926829268292683,1414,368,1.2,2.94,10.0
0.03,False,0.25,121.6,0.3220250521920668,1851,368,1.2,2.94,10.0
0.03,False,0.5,203.1,0.3220250521920668,1851,368,1.2,2.94,10.0
0.03,False,0.75,340.95000000000005,0.3220250521920668,1851,368,1.2,2.94,10.0
0.03,True,0.25,118.89999999999998,0.6779749478079332,3897,368,1.2,2.94,10.0
0.03,True,0.5,201.30000000000004,0.6779749478079332,3897,368,1.2,2.94,10.0
0.03,True,0.75,338.70000000000005,0.6779749478079332,3897,368,1.2,2.94,10.0
0.06,False,0.25,119.175,0.17103724736930015,1024,368,1.2,2.94,10.0
0.06,False,0.5,187.85000000000002,0.17103724736930015,1024,368,1.2,2.94,10.0
0.06,False,0.75,319.20000000000005,0.17103724736930015,1024,368,1.2,2.94,10.0
0.06,True,0.25,113.15,0.8289627526306999,4963,368,1.2,2.94,10.0
0.06,True,0.5,184.5,0.8289627526306999,4963,368,1.2,2.94,10.0
0.06,True,0.75,306.30000000000007,0.8289627526306999,4963,368,1.2,2.94,10.0
0.09,False,0.25,103.675,0.09206598586017282,586,368,1.2,2.94,10.0
0.09,False,0.5,160.04999999999998,0.09206598586017282,586,368,1.2,2.94,10.0
0.09,False,0.75,255.80000000000007,0.09206598586017282,586,368,1.2,2.94,10.0
0.09,True,0.25,104.4,0.9079340141398272,5779,368,1.2,2.94,10.0
0.09,True,0.5,166.3,0.9079340141398272,5779,368,1.2,2.94,10.0
0.09,True,0.75,263.8,0.9079340141398272,5779,368,1.2,2.94,10.0
0.12,False,0.25,94.64999999999999,0.04516740366392925,286,368,1.2,2.94,10.0
0.12,False,0.5,147.54999999999998,0.04516740366392925,286,368,1.2,2.94,10.0
0.12,False,0.75,232.50000000000003,0.04516740366392925,286,368,1.2,2.94,10.0
0.12,True,0.25,91.725,0.9548325963360708,6046,368,1.2,2.94,10.0
0.12,True,0.5,140.95,0.9548325963360708,6046,368,1.2,2.94,10.0
0.12,True,0.75,217.07500000000002,0.9548325963360708,6046,368,1.2,2.94,10.0
0.15,False,0.25,96.89999999999999,0.022096850023507288,141,368,1.2,2.94,10.0
0.15,False,0.5,132.2,0.022096850023507288,141,368,1.2,2.94,10.0
0.15,False,0.75,213.40000000000003,0.022096850023507288,141,368,1.2,2.94,10.0
0.15,True,0.25,84.79999999999998,0.9779031499764927,6240,368,1.2,2.94,10.0
0.15,True,0.5,124.69999999999999,0.9779031499764927,6240,368,1.2,2.94,10.0
0.15,True,0.75,186.125,0.9779031499764927,6240,368,1.2,2.94,10.0
0.0,False,0.25,124.125,0.4966818023052742,1422,371,1.2,2.94,10.0
0.0,False,0.5,216.05,0.4966818023052742,1422,371,1.2,2.94,10.0
0.0,False,0.75,346.07500000000005,0.4966818023052742,1422,371,1.2,2.94,10.0
0.0,True,0.25,125.1,0.5033181976947259,1441,371,1.2,2.94,10.0
0.0,True,0.5,208.50000000000006,0.5033181976947259,1441,371,1.2,2.94,10.0
0.0,True,0.75,332.70000000000005,0.5033181976947259,1441,371,1.2,2.94,10.0
0.03,False,0.25,125.1,0.3107383710876708,1797,371,1.2,2.94,10.0
0.03,False,0.5,207.80000000000004,0.3107383710876708,1797,371,1.2,2.94,10.0
0.03,False,0.75,350.30000000000007,0.3107383710876708,1797,371,1.2,2.94,10.0
0.03,True,0.25,119.79999999999998,0.6892616289123292,3986,371,1.2,2.94,10.0
0.03,True,0.5,200.10000000000002,0.6892616289123292,3986,371,1.2,2.94,10.0
0.03,True,0.75,336.62500000000006,0.6892616289123292,3986,371,1.2,2.94,10.0
0.06,False,0.25,108.75,0.1721202003338898,1031,371,1.2,2.94,10.0
0.06,False,0.5,178.5,0.1721202003338898,1031,371,1.2,2.94,10.0
0.06,False,0.75,283.5,0.1721202003338898,1031,371,1.2,2.94,10.0
0.06,True,0.25,112.8,0.8278797996661101,4959,371,1.2,2.94,10.0
0.06,True,0.5,185.79999999999998,0.8278797996661101,4959,371,1.2,2.94,10.0
0.06,True,0.75,304.80000000000007,0.8278797996661101,4959,371,1.2,2.94,10.0
0.09,False,0.25,101.6,0.08282256797108282,527,371,1.2,2.94,10.0
0.09,False,0.5,170.49999999999997,0.08282256797108282,527,371,1.2,2.94,10.0
0.09,False,0.75,262.1500000000001,0.08282256797108282,527,371,1.2,2.94,10.0
0.09,True,0.25,103.8,0.9171774320289172,5836,371,1.2,2.94,10.0
0.09,True,0.5,164.3,0.9171774320289172,5836,371,1.2,2.94,10.0
0.09,True,0.75,260.4000000000001,0.9171774320289172,5836,371,1.2,2.94,10.0
0.12,False,0.25,90.4,0.04216011369019422,267,371,1.2,2.94,10.0
0.12,False,0.5,138.9,0.04216011369019422,267,371,1.2,2.94,10.0
0.12,False,0.75,222.55,0.04216011369019422,267,371,1.2,2.94,10.0
0.12,True,0.25,92.8,0.9578398863098058,6066,371,1.2,2.94,10.0
0.12,True,0.5,140.95,0.9578398863098058,6066,371,1.2,2.94,10.0
0.12,True,0.75,218.77500000000003,0.9578398863098058,6066,371,1.2,2.94,10.0
0.15,False,0.25,82.7,0.017865538316878232,114,371,1.2,2.94,10.0
0.15,False,0.5,115.35,0.017865538316878232,114,371,1.2,2.94,10.0
0.15,False,0.75,158.67499999999998,0.017865538316878232,114,371,1.2,2.94,10.0
0.15,True,0.25,83.44999999999999,0.9821344616831218,6267,371,1.2,2.94,10.0
0.15,True,0.5,123.8,0.9821344616831218,6267,371,1.2,2.94,10.0
0.15,True,0.75,186.5,0.9821344616831218,6267,371,1.2,2.94,10.0
0.0,False,0.25,123.425,0.5029814100315678,1434,380,1.2,2.94,10.0
0.0,False,0.5,203.15000000000003,0.5029814100315678,1434,380,1.2,2.94,10.0
0.0,False,0.75,342.57500000000005,0.5029814100315678,1434,380,1.2,2.94,10.0
0.0,True,0.25,127.89999999999999,0.4970185899684321,1417,380,1.2,2.94,10.0
0.0,True,0.5,220.10000000000005,0.4970185899684321,1417,380,1.2,2.94,10.0
0.0,True,0.75,361.40000000000003,0.4970185899684321,1417,380,1.2,2.94,10.0
0.03,False,0.25,124.94999999999999,0.31940818102698,1835,380,1.2,2.94,10.0
0.03,False,0.5,207.1,0.31940818102698,1835,380,1.2,2.94,10.0
0.03,False,0.75,339.30000000000007,0.31940818102698,1835,380,1.2,2.94,10.0
0.03,True,0.25,119.89999999999998,0.68059181897302,3910,380,1.2,2.94,10.0
0.03,True,0.5,202.15000000000003,0.68059181897302,3910,380,1.2,2.94,10.0
0.03,True,0.75,339.475,0.68059181897302,3910,380,1.2,2.94,10.0
0.06,False,0.25,109.30000000000001,0.17895969225623015,1070,380,1.2,2.94,10.0
0.06,False,0.5,187.70000000000002,0.17895969225623015,1070,380,1.2,2.94,10.0
0.06,False,0.75,304.27500000000003,0.17895969225623015,1070,380,1.2,2.94,10.0
0.06,True,0.25,113.10000000000001,0.8210403077437699,4909,380,1.2,2.94,10.0
0.06,True,0.5,186.6,0.8210403077437699,4909,380,1.2,2.94,10.0
0.06,True,0.75,306.50000000000006,0.8210403077437699,4909,380,1.2,2.94,10.0
0.09,False,0.25,102.1,0.08708661417322834,553,380,1.2,2.94,10.0
0.09,False,0.5,160.39999999999998,0.08708661417322834,553,380,1.2,2.94,10.0
0.09,False,0.75,253.60000000000005,0.08708661417322834,553,380,1.2,2.94,10.0
0.09,True,0.25,100.49999999999999,0.9129133858267716,5797,380,1.2,2.94,10.0
0.09,True,0.5,162.2,0.9129133858267716,5797,380,1.2,2.94,10.0
0.09,True,0.75,259.40000000000003,0.9129133858267716,5797,380,1.2,2.94,10.0
0.12,False,0.25,91.5,0.04124525916561315,261,380,1.2,2.94,10.0
0.12,False,0.5,143.79999999999998,0.04124525916561315,261,380,1.2,2.94,10.0
0.12,False,0.75,211.60000000000002,0.04124525916561315,261,380,1.2,2.94,10.0
0.12,True,0.25,91.9,0.9587547408343868,6067,380,1.2,2.94,10.0
0.12,True,0.5,139.5,0.9587547408343868,6067,380,1.2,2.94,10.0
0.12,True,0.75,216.55000000000007,0.9587547408343868,6067,380,1.2,2.94,10.0
0.15,False,0.25,77.37499999999999,0.02006269592476489,128,380,1.2,2.94,10.0
0.15,False,0.5,111.25,0.02006269592476489,128,380,1.2,2.94,10.0
0.15,False,0.75,167.675,0.02006269592476489,128,380,1.2,2.94,10.0
0.15,True,0.25,84.375,0.9799373040752352,6252,380,1.2,2.94,10.0
0.15,True,0.5,123.35,0.9799373040752352,6252,380,1.2,2.94,10.0
0.15,True,0.75,186.70000000000005,0.9799373040752352,6252,380,1.2,2.94,10.0
0.0,False,0.25,124.75,0.5014094432699084,1423,394,1.2,2.94,10.0
0.0,False,0.5,214.20000000000002,0.5014094432699084,1423,394,1.2,2.94,10.0
0.0,False,0.75,338.25000000000006,0.5014094432699084,1423,394,1.2,2.94,10.0
0.0,True,0.25,123.9,0.4985905567300916,1415,394,1.2,2.94,10.0
0.0,True,0.5,204.00000000000003,0.4985905567300916,1415,394,1.2,2.94,10.0
0.0,True,0.75,339.05000000000007,0.4985905567300916,1415,394,1.2,2.94,10.0
0.03,False,0.25,118.44999999999999,0.31090972464273264,1784,394,1.2,2.94,10.0
0.03,False,0.5,191.35,0.31090972464273264,1784,394,1.2,2.94,10.0
0.03,False,0.75,320.175,0.31090972464273264,1784,394,1.2,2.94,10.0
0.03,True,0.25,120.92499999999998,0.6890902753572673,3954,394,1.2,2.94,10.0
0.03,True,0.5,204.25,0.6890902753572673,3954,394,1.2,2.94,10.0
0.03,True,0.75,337.80000000000007,0.6890902753572673,3954,394,1.2,2.94,10.0
0.06,False,0.25,110.99999999999999,0.17567567567567569,1053,394,1.2,2.94,10.0
0.06,False,0.5,186.9,0.17567567567567569,1053,394,1.2,2.94,10.0
0.06,False,0.75,304.80000000000007,0.17567567567567569,1053,394,1.2,2.94,10.0
0.06,True,0.25,111.99999999999999,0.8243243243243243,4941,394,1.2,2.94,10.0
0.06,True,0.5,183.2,0.8243243243243243,4941,394,1.2,2.94,10.0
0.06,True,0.75,292.00000000000006,0.8243243243243243,4941,394,1.2,2.94,10.0
0.09,False,0.25,103.32499999999999,0.08406801007556675,534,394,1.2,2.94,10.0
0.09,False,0.5,160.2,0.08406801007556675,534,394,1.2,2.94,10.0
0.09,False,0.75,242.87500000000006,0.08406801007556675,534,394,1.2,2.94,10.0
0.09,True,0.25,101.4,0.9159319899244333,5818,394,1.2,2.94,10.0
0.09,True,0.5,161.99999999999997,0.9159319899244333,5818,394,1.2,2.94,10.0
0.09,True,0.75,260.4750000000001,0.9159319899244333,5818,394,1.2,2.94,10.0
0.12,False,0.25,87.79999999999998,0.04374605180037903,277,394,1.2,2.94,10.0
0.12,False,0.5,122.49999999999999,0.04374605180037903,277,394,1.2,2.94,10.0
0.12,False,0.75,210.4,0.04374605180037903,277,394,1.2,2.94,10.0
0.12,True,0.25,91.59999999999998,0.956253948199621,6055,394,1.2,2.94,10.0
0.12,True,0.5,139.99999999999997,0.956253948199621,6055,394,1.2,2.94,10.0
0.12,True,0.75,220.15000000000003,0.956253948199621,6055,394,1.2,2.94,10.0
0.15,False,0.25,87.65,0.021626704278326282,138,394,1.2,2.94,10.0
0.15,False,0.5,123.25,0.021626704278326282,138,394,1.2,2.94,10.0
0.15,False,0.75,181.8,0.021626704278326282,138,394,1.2,2.94,10.0
0.15,True,0.25,83.39999999999999,0.9783732957216738,6243,394,1.2,2.94,10.0
0.15,True,0.5,123.60000000000001,0.9783732957216738,6243,394,1.2,2.94,10.0
0.15,True,0.75,187.60000000000002,0.9783732957216738,6243,394,1.2,2.94,10.0
0.0,False,0.25,120.6,0.5043538836642285,1448,395,1.2,2.94,10.0
0.0,False,0.5,195.40000000000003,0.5043538836642285,1448,395,1.2,2.94,10.0
0.0,False,0.75,326.05000000000007,0.5043538836642285,1448,395,1.2,2.94,10.0
0.0,True,0.25,124.14999999999998,0.4956461163357715,1423,395,1.2,2.94,10.0
0.0,True,0.5,212.4,0.4956461163357715,1423,395,1.2,2.94,10.0
0.0,True,0.75,361.45000000000005,0.4956461163357715,1423,395,1.2,2.94,10.0
0.03,False,0.25,119.89999999999998,0.3100869565217391,1783,395,1.2,2.94,10.0
0.03,False,0.5,198.90000000000003,0.3100869565217391,1783,395,1.2,2.94,10.0
0.03,False,0.75,333.95000000000005,0.3100869565217391,1783,395,1.2,2.94,10.0
0.03,True,0.25,119.69999999999999,0.6899130434782609,3967,395,1.2,2.94,10.0
0.03,True,0.5,201.60000000000005,0.6899130434782609,3967,395,1.2,2.94,10.0
0.03,True,0.75,333.1500000000001,0.6899130434782609,3967,395,1.2,2.94,10.0
0.06,False,0.25,114.1,0.16575045810428118,995,395,1.2,2.94,10.0
0.06,False,0.5,186.0,0.16575045810428118,995,395,1.2,2.94,10.0
0.06,False,0.75,306.25,0.16575045810428118,995,395,1.2,2.94,10.0
0.06,True,0.25,113.19999999999999,0.8342495418957188,5008,395,1.2,2.94,10.0
0.06,True,0.5,185.25,0.8342495418957188,5008,395,1.2,2.94,10.0
0.06,True,0.75,300.55000000000007,0.8342495418957188,5008,395,1.2,2.94,10.0
0.09,False,0.25,98.0,0.09700673875568093,619,395,1.2,2.94,10.0
0.09,False,0.5,163.8,0.09700673875568093,619,395,1.2,2.94,10.0
0.09,False,0.75,266.5000000000001,0.09700673875568093,619,395,1.2,2.94,10.0
0.09,True,0.25,104.1,0.9029932612443191,5762,395,1.2,2.94,10.0
0.09,True,0.5,163.45,0.9029932612443191,5762,395,1.2,2.94,10.0
0.09,True,0.75,261.3,0.9029932612443191,5762,395,1.2,2.94,10.0
0.12,False,0.25,87.19999999999999,0.043087121212121215,273,395,1.2,2.94,10.0
0.12,False,0.5,128.6,0.043087121212121215,273,395,1.2,2.94,10.0
0.12,False,0.75,204.20000000000002,0.043087121212121215,273,395,1.2,2.94,10.0
0.12,True,0.25,91.5,0.9569128787878788,6063,395,1.2,2.94,10.0
0.12,True,0.5,142.79999999999998,0.9569128787878788,6063,395,1.2,2.94,10.0
0.12,True,0.75,220.70000000000005,0.9569128787878788,6063,395,1.2,2.94,10.0
0.15,False,0.25,84.19999999999999,0.020520050125313282,131,395,1.2,2.94,10.0
0.15,False,0.5,128.99999999999997,0.020520050125313282,131,395,1.2,2.94,10.0
0.15,False,0.75,198.64999999999998,0.020520050125313282,131,395,1.2,2.94,10.0
0.15,True,0.25,83.0,0.9794799498746867,6253,395,1.2,2.94,10.0
0.15,True,0.5,122.2,0.9794799498746867,6253,395,1.2,2.94,10.0
0.15,True,0.75,186.70000000000005,0.9794799498746867,6253,395,1.2,2.94,10.0
0.0,False,0.25,126.07499999999999,0.4918957011980268,1396,397,1.2,2.94,10.0
0.0,False,0.5,209.90000000000003,0.4918957011980268,1396,397,1.2,2.94,10.0
0.0,False,0.75,333.00000000000006,0.4918957011980268,1396,397,1.2,2.94,10.0
0.0,True,0.25,129.7,0.5081042988019733,1442,397,1.2,2.94,10.0
0.0,True,0.5,214.30000000000004,0.5081042988019733,1442,397,1.2,2.94,10.0
0.0,True,0.75,356.87500000000006,0.5081042988019733,1442,397,1.2,2.94,10.0
0.03,False,0.25,121.19999999999999,0.3069306930693069,1767,397,1.2,2.94,10.0
0.03,False,0.5,207.50000000000003,0.3069306930693069,1767,397,1.2,2.94,10.0
0.03,False,0.75,349.55,0.3069306930693069,1767,397,1.2,2.94,10.0
0.03,True,0.25,124.2,0.693069306930693,3990,397,1.2,2.94,10.0
0.03,True,0.5,207.65000000000003,0.693069306930693,3990,397,1.2,2.94,10.0
0.03,True,0.75,341.37500000000006,0.693069306930693,3990,397,1.2,2.94,10.0
0.06,False,0.25,108.80000000000001,0.17059314954051796,1021,397,1.2,2.94,10.0
0.06,False,0.5,184.3,0.17059314954051796,1021,397,1.2,2.94,10.0
0.06,False,0.75,301.50000000000006,0.17059314954051796,1021,397,1.2,2.94,10.0
0.06,True,0.25,112.39999999999999,0.829406850459482,4964,397,1.2,2.94,10.0
0.06,True,0.5,188.9,0.829406850459482,4964,397,1.2,2.94,10.0
0.06,True,0.75,314.3,0.829406850459482,4964,397,1.2,2.94,10.0
0.09,False,0.25,99.49999999999999,0.08949355143126769,569,397,1.2,2.94,10.0
0.09,False,0.5,171.6,0.08949355143126769,569,397,1.2,2.94,10.0
0.09,False,0.75,267.20000000000005,0.08949355143126769,569,397,1.2,2.94,10.0
0.09,True,0.25,103.00000000000001,0.9105064485687323,5789,397,1.2,2.94,10.0
0.09,True,0.5,164.8,0.9105064485687323,5789,397,1.2,2.94,10.0
0.09,True,0.75,271.30000000000007,0.9105064485687323,5789,397,1.2,2.94,10.0
0.12,False,0.25,88.1,0.04359500868741115,276,397,1.2,2.94,10.0
0.12,False,0.5,145.64999999999998,0.04359500868741115,276,397,1.2,2.94,10.0
0.12,False,0.75,223.37500000000003,0.04359500868741115,276,397,1.2,2.94,10.0
0.12,True,0.25,91.0,0.9564049913125888,6055,397,1.2,2.94,10.0
0.12,True,0.5,139.6,0.9564049913125888,6055,397,1.2,2.94,10.0
0.12,True,0.75,217.90000000000003,0.9564049913125888,6055,397,1.2,2.94,10.0
0.15,False,0.25,77.65,0.021626704278326282,138,397,1.2,2.94,10.0
0.15,False,0.5,116.64999999999998,0.021626704278326282,138,397,1.2,2.94,10.0
0.15,False,0.75,176.92499999999998,0.021626704278326282,138,397,1.2,2.94,10.0
0.15,True,0.25,83.20000000000002,0.9783732957216738,6243,397,1.2,2.94,10.0
0.15,True,0.5,123.3,0.9783732957216738,6243,397,1.2,2.94,10.0
0.15,True,0.75,187.75,0.9783732957216738,6243,397,1.2,2.94,10.0
