acoh,is_correct,quantile,rt,proportion,n,draw,gain,bound,k
0.0,False,0.25,214.5,0.48717948717948717,247,-1,0.8,2.94,10.0
0.0,False,0.5,361.0,0.48717948717948717,247,-1,0.8,2.94,10.0
0.0,False,0.75,560.5,0.48717948717948717,247,-1,0.8,2.94,10.0
0.0,True,0.25,237.0,0.5128205128205128,260,-1,0.8,2.94,10.0
0.0,True,0.5,385.5,0.5128205128205128,260,-1,0.8,2.94,10.0
0.0,True,0.75,565.5,0.5128205128205128,260,-1,0.8,2.94,10.0
0.03,False,0.25,261.0,0.16554621848739495,197,-1,0.8,2.94,10.0
0.03,False,0.5,387.0,0.16554621848739495,197,-1,0.8,2.94,10.0
0.03,False,0.75,542.0,0.16554621848739495,197,-1,0.8,2.94,10.0
0.03,True,0.25,242.0,0.8344537815126051,993,-1,0.8,2.94,10.0
0.03,True,0.5,375.0,0.8344537815126051,993,-1,0.8,2.94,10.0
0.03,True,0.75,532.0,0.8344537815126051,993,-1,0.8,2.94,10.0
0.06,False,0.25,191.75,0.04842342342342342,86,-1,0.8,2.94,10.0
0.06,False,0.5,326.5,0.04842342342342342,86,-1,0.8,2.94,10.0
0.06,False,0.75,529.0,0.04842342342342342,86,-1,0.8,2.94,10.0
0.06,True,0.25,241.25,0.9515765765765766,1690,-1,0.8,2.94,10.0
0.06,True,0.5,381.0,0.9515765765765766,1690,-1,0.8,2.94,10.0
0.06,True,0.75,551.0,0.9515765765765766,1690,-1,0.8,2.94,10.0
0.09,False,0.25,147.0,0.010223400227186671,27,-1,0.8,2.94,10.0
0.09,False,0.5,246.0,0.010223400227186671,27,-1,0.8,2.94,10.0
0.09,False,0.75,437.5,0.010223400227186671,27,-1,0.8,2.94,10.0
0.09,True,0.25,222.0,0.9897765997728133,2614,-1,0.8,2.94,10.0
0.09,True,0.5,344.0,0.9897765997728133,2614,-1,0.8,2.94,10.0
0.09,True,0.75,502.0,0.9897765997728133,2614,-1,0.8,2.94,10.0
0.12,False,0.25,146.5,0.0021868166198063107,7,-1,0.8,2.94,10.0
0.12,False,0.5,263.0,0.0021868166198063107,7,-1,0.8,2.94,10.0
0.12,False,0.75,444.5,0.0021868166198063107,7,-1,0.8,2.94,10.0
0.12,True,0.25,198.0,0.9978131833801936,3194,-1,0.8,2.94,10.0
0.12,True,0.5,309.5,0.9978131833801936,3194,-1,0.8,2.94,10.0
0.12,True,0.75,478.0,0.9978131833801936,3194,-1,0.8,2.94,10.0
0.15,False,0.25,177.5,0.0007643312101910828,3,-1,0.8,2.94,10.0
0.15,False,0.5,265.0,0.0007643312101910828,3,-1,0.8,2.94,10.0
0.15,False,0.75,372.5,0.0007643312101910828,3,-1,0.8,2.94,10.0
0.15,True,0.25,174.0,0.999235668789809,3922,-1,0.8,2.94,10.0
0.15,True,0.5,273.0,0.999235668789809,3922,-1,0.8,2.94,10.0
0.15,True,0.75,421.75,0.999235668789809,3922,-1,0.8,2.94,10.0
0.0,False,0.25,186.525,0.5251798561151079,146,1,0.8,2.94,10.0
0.0,False,0.5,340.55,0.5251798561151079,146,1,0.8,2.94,10.0
0.0,False,0.75,530.05,0.5251798561151079,146,1,0.8,2.94,10.0
0.0,True,0.25,163.75000000000003,0.4748201438848921,132,1,0.8,2.94,10.0
0.0,True,0.5,312.20000000000005,0.4748201438848921,132,1,0.8,2.94,10.0
0.0,True,0.75,494.80000000000007,0.4748201438848921,132,1,0.8,2.94,10.0
0.03,False,0.25,209.50000000000003,0.24859550561797752,177,1,0.8,2.94,10.0
0.03,False,0.5,322.8,0.24859550561797752,177,1,0.8,2.94,10.0
0.03,False,0.75,526.9000000000001,0.24859550561797752,177,1,0.8,2.94,10.0
0.03,True,0.25,199.00000000000003,0.7514044943820225,535,1,0.8,2.94,10.0
0.03,True,0.5,333.9,0.7514044943820225,535,1,0.8,2.94,10.0
0.03,True,0.75,505.15000000000003,0.7514044943820225,535,1,0.8,2.94,10.0
0.06,False,0.25,189.50000000000003,0.10904872389791183,141,1,0.8,2.94,10.0
0.06,False,0.5,307.20000000000005,0.10904872389791183,141,1,0.8,2.94,10.0
0.06,False,0.75,449.7,0.10904872389791183,141,1,0.8,2.94,10.0
0.06,True,0.25,195.55,0.8909512761020881,1152,1,0.8,2.94,10.0
0.06,True,0.5,324.2,0.8909512761020881,1152,1,0.8,2.94,10.0
0.06,True,0.75,504.875,0.8909512761020881,1152,1,0.8,2.94,10.0
0.09,False,0.25,157.1,0.0381508078994614,85,1,0.8,2.94,10.0
0.09,False,0.5,243.3,0.0381508078994614,85,1,0.8,2.94,10.0
0.09,False,0.75,388.70000000000005,0.0381508078994614,85,1,0.8,2.94,10.0
0.09,True,0.25,181.55,0.9618491921005387,2143,1,0.8,2.94,10.0
0.09,True,0.5,295.8,0.9618491921005387,2143,1,0.8,2.94,10.0
0.09,True,0.75,444.15000000000003,0.9618491921005387,2143,1,0.8,2.94,10.0
0.12,False,0.25,128.35,0.014531936465021968,43,1,0.8,2.94,10.0
0.12,False,0.5,194.29999999999998,0.014531936465021968,43,1,0.8,2.94,10.0
0.12,False,0.75,393.45000000000005,0.014531936465021968,43,1,0.8,2.94,10.0
0.12,True,0.25,164.275,0.9854680635349781,2916,1,0.8,2.94,10.0
0.12,True,0.5,254.75000000000003,0.9854680635349781,2916,1,0.8,2.94,10.0
0.12,True,0.75,397.25000000000006,0.9854680635349781,2916,1,0.8,2.94,10.0
0.15,False,0.25,105.80000000000001,0.006529119874640899,25,1,0.8,2.94,10.0
0.15,False,0.5,136.40000000000003,0.006529119874640899,25,1,0.8,2.94,10.0
0.15,False,0.75,248.0,0.006529119874640899,25,1,0.8,2.94,10.0
0.15,True,0.25,142.875,0.9934708801253591,3804,1,0.8,2.94,10.0
0.15,True,0.5,214.10000000000005,0.9934708801253591,3804,1,0.8,2.94,10.0
0.15,True,0.75,332.9,0.9934708801253591,3804,1,0.8,2.94,10.0
0.0,False,0.25,229.85000000000005,0.4536741214057508,142,4,0.8,2.94,10.0
0.0,False,0.5,364.35,0.4536741214057508,142,4,0.8,2.94,10.0
0.0,False,0.75,517.375,0.4536741214057508,142,4,0.8,2.94,10.0
0.0,True,0.25,197.95,0.5463258785942492,171,4,0.8,2.94,10.0
0.0,True,0.5,359.3,0.5463258785942492,171,4,0.8,2.94,10.0
0.0,True,0.75,523.5,0.5463258785942492,171,4,0.8,2.94,10.0
0.03,False,0.25,190.7,0.23506493506493506,181,4,0.8,2.94,10.0
0.03,False,0.5,333.20000000000005,0.23506493506493506,181,4,0.8,2.94,10.0
0.03,False,0.75,500.2,0.23506493506493506,181,4,0.8,2.94,10.0
0.03,True,0.25,206.60000000000002,0.7649350649350649,589,4,0.8,2.94,10.0
0.03,True,0.5,328.8,0.7649350649350649,589,4,0.8,2.94,10.0
0.03,True,0.75,531.0,0.7649350649350649,589,4,0.8,2.94,10.0
0.06,False,0.25,176.0,0.10091047040971168,133,4,0.8,2.94,10.0
0.06,False,0.5,309.1,0.10091047040971168,133,4,0.8,2.94,10.0
0.06,False,0.75,453.4,0.10091047040971168,133,4,0.8,2.94,10.0
0.06,True,0.25,192.6,0.8990895295902883,1185,4,0.8,2.94,10.0
0.06,True,0.5,321.3,0.8990895295902883,1185,4,0.8,2.94,10.0
0.06,True,0.75,464.6,0.8990895295902883,1185,4,0.8,2.94,10.0
0.09,False,0.25,148.05,0.04262000897263347,95,4,0.8,2.94,10.0
0.09,False,0.5,259.5,0.04262000897263347,95,4,0.8,2.94,10.0
0.09,False,0.75,416.35,0.04262000897263347,95,4,0.8,2.94,10.0
0.09,True,0.25,178.55,0.9573799910273665,2134,4,0.8,2.94,10.0
0.09,True,0.5,287.65,0.9573799910273665,2134,4,0.8,2.94,10.0
0.09,True,0.75,439.42500000000007,0.9573799910273665,2134,4,0.8,2.94,10.0
0.12,False,0.25,142.95,0.018880647336480108,56,4,0.8,2.94,10.0
0.12,False,0.5,249.3,0.018880647336480108,56,4,0.8,2.94,10.0
0.12,False,0.75,342.85,0.018880647336480108,56,4,0.8,2.94,10.0
0.12,True,0.25,166.65000000000003,0.9811193526635199,2910,4,0.8,2.94,10.0
0.12,True,0.5,256.05,0.9811193526635199,2910,4,0.8,2.94,10.0
0.12,True,0.75,402.6000000000001,0.9811193526635199,2910,4,0.8,2.94,10.0
0.15,False,0.25,115.32500000000002,0.007267064624967558,28,4,0.8,2.94,10.0
0.15,False,0.5,147.75,0.007267064624967558,28,4,0.8,2.94,10.0
0.15,False,0.75,303.675,0.007267064624967558,28,4,0.8,2.94,10.0
0.15,True,0.25,144.50000000000003,0.9927329353750325,3825,4,0.8,2.94,10.0
0.15,True,0.5,221.70000000000002,0.9927329353750325,3825,4,0.8,2.94,10.0
0.15,True,0.75,339.7,0.9927329353750325,3825,4,0.8,2.94,10.0
0.0,False,0.25,224.75000000000003,0.49642857142857144,139,8,0.8,2.94,10.0
0.0,False,0.5,349.40000000000003,0.49642857142857144,139,8,0.8,2.94,10.0
0.0,False,0.75,515.7,0.49642857142857144,139,8,0.8,2.94,10.0
0.0,True,0.25,231.70000000000002,0.5035714285714286,141,8,0.8,2.94,10.0
0.0,True,0.5,368.3,0.5035714285714286,141,8,0.8,2.94,10.0
0.0,True,0.75,542.5,0.5035714285714286,141,8,0.8,2.94,10.0
0.03,False,0.25,221.00000000000003,0.22571819425444598,165,8,0.8,2.94,10.0
0.03,False,0.5,375.1,0.22571819425444598,165,8,0.8,2.94,10.0
0.03,False,0.75,540.5,0.22571819425444598,165,8,0.8,2.94,10.0
0.03,True,0.25,209.12500000000003,0.774281805745554,566,8,0.8,2.94,10.0
0.03,True,0.5,334.1,0.774281805745554,566,8,0.8,2.94,10.0
0.03,True,0.75,518.2,0.774281805745554,566,8,0.8,2.94,10.0
0.06,False,0.25,167.40000000000003,0.0998452012383901,129,8,0.8,2.94,10.0
0.06,False,0.5,289.2,0.0998452012383901,129,8,0.8,2.94,10.0
0.06,False,0.75,478.00000000000006,0.0998452012383901,129,8,0.8,2.94,10.0
0.06,True,0.25,200.25,0.9001547987616099,1163,8,0.8,2.94,10.0
0.06,True,0.5,319.3,0.9001547987616099,1163,8,0.8,2.94,10.0
0.06,True,0.75,491.95000000000005,0.9001547987616099,1163,8,0.8,2.94,10.0
0.09,False,0.25,151.10000000000002,0.042715827338129495,95,8,0.8,2.94,10.0
0.09,False,0.5,271.8,0.042715827338129495,95,8,0.8,2.94,10.0
0.09,False,0.75,490.5,0.042715827338129495,95,8,0.8,2.94,10.0
0.09,True,0.25,176.9,0.9572841726618705,2129,8,0.8,2.94,10.0
0.09,True,0.5,289.6,0.9572841726618705,2129,8,0.8,2.94,10.0
0.09,True,0.75,450.5,0.9572841726618705,2129,8,0.8,2.94,10.0
0.12,False,0.25,117.40000000000002,0.01915966386554622,57,8,0.8,2.94,10.0
0.12,False,0.5,194.4,0.01915966386554622,57,8,0.8,2.94,10.0
0.12,False,0.75,328.6,0.01915966386554622,57,8,0.8,2.94,10.0
0.12,True,0.25,161.175,0.9808403361344538,2918,8,0.8,2.94,10.0
0.12,True,0.5,250.85000000000002,0.9808403361344538,2918,8,0.8,2.94,10.0
0.12,True,0.75,403.3750000000001,0.9808403361344538,2918,8,0.8,2.94,10.0
0.15,False,0.25,89.8,0.00654278984559016,25,8,0.8,2.94,10.0
0.15,False,0.5,117.50000000000001,0.00654278984559016,25,8,0.8,2.94,10.0
0.15,False,0.75,213.80000000000004,0.00654278984559016,25,8,0.8,2.94,10.0
0.15,True,0.25,144.9,0.9934572101544098,3796,8,0.8,2.94,10.0
0.15,True,0.5,221.85000000000002,0.9934572101544098,3796,8,0.8,2.94,10.0
0.15,True,0.75,342.3,0.9934572101544098,3796,8,0.8,2.94,10.0
0.0,False,0.25,208.8,0.48135593220338985,142,26,0.8,2.94,10.0
0.0,False,0.5,351.29999999999995,0.48135593220338985,142,26,0.8,2.94,10.0
0.0,False,0.75,521.8000000000001,0.48135593220338985,142,26,0.8,2.94,10.0
0.0,True,0.25,216.3,0.5186440677966102,153,26,0.8,2.94,10.0
0.0,True,0.5,357.70000000000005,0.5186440677966102,153,26,0.8,2.94,10.0
0.0,True,0.75,502.5999999999999,0.5186440677966102,153,26,0.8,2.94,10.0
0.03,False,0.25,169.75,0.24663072776280323,183,26,0.8,2.94,10.0
0.03,False,0.5,318.0,0.24663072776280323,183,26,0.8,2.94,10.0
0.03,False,0.75,502.15000000000003,0.24663072776280323,183,26,0.8,2.94,10.0
0.03,True,0.25,214.10000000000002,0.7533692722371967,559,26,0.8,2.94,10.0
0.03,True,0.5,347.8,0.7533692722371967,559,26,0.8,2.94,10.0
0.03,True,0.75,501.95,0.7533692722371967,559,26,0.8,2.94,10.0
0.06,False,0.25,185.825,0.10075187969924812,134,26,0.8,2.94,10.0
0.06,False,0.5,294.5,0.10075187969924812,134,26,0.8,2.94,10.0
0.06,False,0.75,502.025,0.10075187969924812,134,26,0.8,2.94,10.0
0.06,True,0.25,192.225,0.8992481203007519,1196,26,0.8,2.94,10.0
0.06,True,0.5,316.75,0.8992481203007519,1196,26,0.8,2.94,10.0
0.06,True,0.75,505.9,0.8992481203007519,1196,26,0.8,2.94,10.0
0.09,False,0.25,158.825,0.04460303300624442,100,26,0.8,2.94,10.0
0.09,False,0.5,304.45,0.04460303300624442,100,26,0.8,2.94,10.0
0.09,False,0.75,468.9,0.04460303300624442,100,26,0.8,2.94,10.0
0.09,True,0.25,175.42500000000004,0.9553969669937555,2142,26,0.8,2.94,10.0
0.09,True,0.5,285.5,0.9553969669937555,2142,26,0.8,2.94,10.0
0.09,True,0.75,449.05000000000007,0.9553969669937555,2142,26,0.8,2.94,10.0
0.12,False,0.25,148.00000000000003,0.013772253946926436,41,26,0.8,2.94,10.0
0.12,False,0.5,226.5,0.013772253946926436,41,26,0.8,2.94,10.0
0.12,False,0.75,406.7,0.013772253946926436,41,26,0.8,2.94,10.0
0.12,True,0.25,162.8,0.9862277460530736,2936,26,0.8,2.94,10.0
0.12,True,0.5,253.95,0.9862277460530736,2936,26,0.8,2.94,10.0
0.12,True,0.75,386.35,0.9862277460530736,2936,26,0.8,2.94,10.0
0.15,False,0.25,104.80000000000001,0.004960835509138381,19,26,0.8,2.94,10.0
0.15,False,0.5,122.49999999999999,0.004960835509138381,19,26,0.8,2.94,10.0
0.15,False,0.75,257.7,0.004960835509138381,19,26,0.8,2.94,10.0
0.15,True,0.25,143.7,0.9950391644908616,3811,26,0.8,2.94,10.0
0.15,True,0.5,217.00000000000003,0.9950391644908616,3811,26,0.8,2.94,10.0
0.15,True,0.75,328.85,0.9950391644908616,3811,26,0.8,2.94,10.0
0.0,False,0.25,205.40000000000003,0.5,146,33,0.8,2.94,10.0
0.0,False,0.5,334.04999999999995,0.5,146,33,0.8,2.94,10.0
0.0,False,0.75,514.1750000000001,0.5,146,33,0.8,2.94,10.0
0.0,True,0.25,242.65000000000003,0.5,146,33,0.8,2.94,10.0
0.0,True,0.5,341.8,0.5,146,33,0.8,2.94,10.0
0.0,True,0.75,544.75,0.5,146,33,0.8,2.94,10.0
0.03,False,0.25,171.7,0.27391874180865006,209,33,0.8,2.94,10.0
0.03,False,0.5,277.0,0.27391874180865006,209,33,0.8,2.94,10.0
0.03,False,0.75,470.40000000000003,0.27391874180865006,209,33,0.8,2.94,10.0
0.03,True,0.25,199.05,0.7260812581913499,554,33,0.8,2.94,10.0
0.03,True,0.5,357.35,0.7260812581913499,554,33,0.8,2.94,10.0
0.03,True,0.75,528.225,0.7260812581913499,554,33,0.8,2.94,10.0
0.06,False,0.25,153.47500000000002,0.08503937007874016,108,33,0.8,2.94,10.0
0.06,False,0.5,307.85,0.08503937007874016,108,33,0.8,2.94,10.0
0.06,False,0.75,480.625,0.08503937007874016,108,33,0.8,2.94,10.0
0.06,True,0.25,200.40000000000006,0.9149606299212598,1162,33,0.8,2.94,10.0
0.06,True,0.5,329.35,0.9149606299212598,1162,33,0.8,2.94,10.0
0.06,True,0.75,500.17500000000007,0.9149606299212598,1162,33,0.8,2.94,10.0
0.09,False,0.25,144.475,0.04087193460490463,90,33,0.8,2.94,10.0
0.09,False,0.5,226.20000000000005,0.04087193460490463,90,33,0.8,2.94,10.0
0.09,False,0.75,350.4,0.04087193460490463,90,33,0.8,2.94,10.0
0.09,True,0.25,185.07500000000002,0.9591280653950953,2112,33,0.8,2.94,10.0
0.09,True,0.5,307.20000000000005,0.9591280653950953,2112,33,0.8,2.94,10.0
0.09,True,0.75,463.65000000000003,0.9591280653950953,2112,33,0.8,2.94,10.0
0.12,False,0.25,144.0,0.013238289205702648,39,33,0.8,2.94,10.0
0.12,False,0.5,324.3,0.013238289205702648,39,33,0.8,2.94,10.0
0.12,False,0.75,467.55000000000007,0.013238289205702648,39,33,0.8,2.94,10.0
0.12,True,0.25,161.35000000000002,0.9867617107942973,2907,33,0.8,2.94,10.0
0.12,True,0.5,249.5,0.9867617107942973,2907,33,0.8,2.94,10.0
0.12,True,0.75,387.45000000000005,0.9867617107942973,2907,33,0.8,2.94,10.0
0.15,False,0.25,99.1,0.00631246712256707,24,33,0.8,2.94,10.0
0.15,False,0.5,150.4,0.00631246712256707,24,33,0.8,2.94,10.0
0.15,False,0.75,261.15,0.00631246712256707,24,33,0.8,2.94,10.0
0.15,True,0.25,144.50000000000003,0.9936875328774329,3778,33,0.8,2.94,10.0
0.15,True,0.5,220.00000000000003,0.9936875328774329,3778,33,0.8,2.94,10.0
0.15,True,0.75,335.02500000000003,0.9936875328774329,3778,33,0.8,2.94,10.0
0.0,False,0.25,194.0,0.5064516129032258,157,41,0.8,2.94,10.0
0.0,False,0.5,342.3,0.5064516129032258,157,41,0.8,2.94,10.0
0.0,False,0.75,495.8,0.5064516129032258,157,41,0.8,2.94,10.0
0.0,True,0.25,192.29999999999998,0.4935483870967742,153,41,0.8,2.94,10.0
0.0,True,0.5,344.0,0.4935483870967742,153,41,0.8,2.94,10.0
0.0,True,0.75,532.6999999999999,0.4935483870967742,153,41,0.8,2.94,10.0
0.03,False,0.25,204.37500000000003,0.23901098901098902,174,41,0.8,2.94,10.0
0.03,False,0.5,322.65,0.23901098901098902,174,41,0.8,2.94,10.0
0.03,False,0.75,497.575,0.23901098901098902,174,41,0.8,2.94,10.0
0.03,True,0.25,212.5,0.760989010989011,554,41,0.8,2.94,10.0
0.03,True,0.5,359.6,0.760989010989011,554,41,0.8,2.94,10.0
0.03,True,0.75,532.975,0.760989010989011,554,41,0.8,2.94,10.0
0.06,False,0.25,175.325,0.11067809820732658,142,41,0.8,2.94,10.0
0.06,False,0.5,315.85,0.11067809820732658,142,41,0.8,2.94,10.0
0.06,False,0.75,509.7,0.11067809820732658,142,41,0.8,2.94,10.0
0.06,True,0.25,192.9,0.8893219017926735,1141,41,0.8,2.94,10.0
0.06,True,0.5,317.7,0.8893219017926735,1141,41,0.8,2.94,10.0
0.06,True,0.75,474.90000000000003,0.8893219017926735,1141,41,0.8,2.94,10.0
0.09,False,0.25,155.425,0.04150110375275938,94,41,0.8,2.94,10.0
0.09,False,0.5,283.0,0.04150110375275938,94,41,0.8,2.94,10.0
0.09,False,0.75,471.67500000000007,0.04150110375275938,94,41,0.8,2.94,10.0
0.09,True,0.25,183.89999999999998,0.9584988962472406,2171,41,0.8,2.94,10.0
0.09,True,0.5,294.20000000000005,0.9584988962472406,2171,41,0.8,2.94,10.0
0.09,True,0.75,447.45,0.9584988962472406,2171,41,0.8,2.94,10.0
0.12,False,0.25,113.9,0.01797829036635007,53,41,0.8,2.94,10.0
0.12,False,0.5,204.20000000000002,0.01797829036635007,53,41,0.8,2.94,10.0
0.12,False,0.75,342.90000000000003,0.01797829036635007,53,41,0.8,2.94,10.0
0.12,True,0.25,164.85000000000002,0.98202170963365,2895,41,0.8,2.94,10.0
0.12,True,0.5,260.1,0.98202170963365,2895,41,0.8,2.94,10.0
0.12,True,0.75,398.05000000000007,0.98202170963365,2895,41,0.8,2.94,10.0
0.15,False,0.25,117.1,0.006016217630133403,23,41,0.8,2.94,10.0
0.15,False,0.5,166.3,0.006016217630133403,23,41,0.8,2.94,10.0
0.15,False,0.75,260.75,0.006016217630133403,23,41,0.8,2.94,10.0
0.15,True,0.25,148.2,0.9939837823698666,3800,41,0.8,2.94,10.0
0.15,True,0.5,222.00000000000003,0.9939837823698666,3800,41,0.8,2.94,10.0
0.15,True,0.75,337.92499999999995,0.9939837823698666,3800,41,0.8,2.94,10.0
0.0,False,0.25,215.45,0.5,151,52,0.8,2.94,10.0
0.0,False,0.5,359.6,0.5,151,52,0.8,2.94,10.0
0.0,False,0.75,531.1500000000001,0.5,151,52,0.8,2.94,10.0
0.0,True,0.25,185.10000000000002,0.5,151,52,0.8,2.94,10.0
0.0,True,0.5,324.1,0.5,151,52,0.8,2.94,10.0
0.0,True,0.75,522.45,0.5,151,52,0.8,2.94,10.0
0.03,False,0.25,206.72500000000002,0.2587601078167116,192,52,0.8,2.94,10.0
0.03,False,0.5,354.15,0.2587601078167116,192,52,0.8,2.94,10.0
0.03,False,0.75,480.975,0.2587601078167116,192,52,0.8,2.94,10.0
0.03,True,0.25,206.85000000000002,0.7412398921832885,550,52,0.8,2.94,10.0
0.03,True,0.5,332.95,0.7412398921832885,550,52,0.8,2.94,10.0
0.03,True,0.75,514.625,0.7412398921832885,550,52,0.8,2.94,10.0
0.06,False,0.25,148.2,0.09724349157733538,127,52,0.8,2.94,10.0
0.06,False,0.5,249.5,0.09724349157733538,127,52,0.8,2.94,10.0
0.06,False,0.75,425.80000000000007,0.09724349157733538,127,52,0.8,2.94,10.0
0.06,True,0.25,191.70000000000002,0.9027565084226646,1179,52,0.8,2.94,10.0
0.06,True,0.5,313.20000000000005,0.9027565084226646,1179,52,0.8,2.94,10.0
0.06,True,0.75,484.85,0.9027565084226646,1179,52,0.8,2.94,10.0
0.09,False,0.25,189.60000000000002,0.04030797101449275,89,52,0.8,2.94,10.0
0.09,False,0.5,304.1,0.04030797101449275,89,52,0.8,2.94,10.0
0.09,False,0.75,406.30000000000007,0.04030797101449275,89,52,0.8,2.94,10.0
0.09,True,0.25,180.45,0.9596920289855072,2119,52,0.8,2.94,10.0
0.09,True,0.5,293.5,0.9596920289855072,2119,52,0.8,2.94,10.0
0.09,True,0.75,449.75,0.9596920289855072,2119,52,0.8,2.94,10.0
0.12,False,0.25,107.94999999999999,0.014745308310991957,44,52,0.8,2.94,10.0
0.12,False,0.5,166.85000000000002,0.014745308310991957,44,52,0.8,2.94,10.0
0.12,False,0.75,285.1,0.014745308310991957,44,52,0.8,2.94,10.0
0.12,True,0.25,160.675,0.985254691689008,2940,52,0.8,2.94,10.0
0.12,True,0.5,254.65000000000003,0.985254691689008,2940,52,0.8,2.94,10.0
0.12,True,0.75,394.0,0.985254691689008,2940,52,0.8,2.94,10.0
0.15,False,0.25,105.175,0.004204993429697766,16,52,0.8,2.94,10.0
0.15,False,0.5,181.10000000000002,0.004204993429697766,16,52,0.8,2.94,10.0
0.15,False,0.75,388.875,0.004204993429697766,16,52,0.8,2.94,10.0
0.15,True,0.25,144.40000000000003,0.9957950065703023,3789,52,0.8,2.94,10.0
0.15,True,0.5,217.50000000000003,0.9957950065703023,3789,52,0.8,2.94,10.0
0.15,True,0.75,336.7,0.9957950065703023,3789,52,0.8,2.94,10.0
0.0,False,0.25,196.45000000000002,0.5051546391752577,147,56,0.8,2.94,10.0
0.0,False,0.5,347.30000000000007,0.5051546391752577,147,56,0.8,2.94,10.0
0.0,False,0.75,494.0,0.5051546391752577,147,56,0.8,2.94,10.0
0.0,True,0.25,195.975,0.4948453608247423,144,56,0.8,2.94,10.0
0.0,True,0.5,381.75,0.4948453608247423,144,56,0.8,2.94,10.0
0.0,True,0.75,564.2750000000001,0.4948453608247423,144,56,0.8,2.94,10.0
0.03,False,0.25,194.72500000000002,0.26379542395693134,196,56,0.8,2.94,10.0
0.03,False,0.5,301.45000000000005,0.26379542395693134,196,56,0.8,2.94,10.0
0.03,False,0.75,494.175,0.26379542395693134,196,56,0.8,2.94,10.0
0.03,True,0.25,193.3,0.7362045760430687,547,56,0.8,2.94,10.0
0.03,True,0.5,324.8,0.7362045760430687,547,56,0.8,2.94,10.0
0.03,True,0.75,505.45000000000005,0.7362045760430687,547,56,0.8,2.94,10.0
0.06,False,0.25,180.95,0.08390541571319603,110,56,0.8,2.94,10.0
0.06,False,0.5,296.15000000000003,0.08390541571319603,110,56,0.8,2.94,10.0
0.06,False,0.75,472.65000000000003,0.08390541571319603,110,56,0.8,2.94,10.0
0.06,True,0.25,201.30000000000004,0.916094584286804,1201,56,0.8,2.94,10.0
0.06,True,0.5,327.90000000000003,0.916094584286804,1201,56,0.8,2.94,10.0
0.06,True,0.75,510.2,0.916094584286804,1201,56,0.8,2.94,10.0
0.09,False,0.25,171.6,0.04089887640449438,91,56,0.8,2.94,10.0
0.09,False,0.5,232.20000000000002,0.04089887640449438,91,56,0.8,2.94,10.0
0.09,False,0.75,439.6,0.04089887640449438,91,56,0.8,2.94,10.0
0.09,True,0.25,181.625,0.9591011235955056,2134,56,0.8,2.94,10.0
0.09,True,0.5,291.15,0.9591011235955056,2134,56,0.8,2.94,10.0
0.09,True,0.75,454.42500000000007,0.9591011235955056,2134,56,0.8,2.94,10.0
0.12,False,0.25,142.65000000000003,0.01594301221166893,47,56,0.8,2.94,10.0
0.12,False,0.5,239.8,0.01594301221166893,47,56,0.8,2.94,10.0
0.12,False,0.75,362.90000000000003,0.01594301221166893,47,56,0.8,2.94,10.0
0.12,True,0.25,163.99999999999997,0.9840569877883311,2901,56,0.8,2.94,10.0
0.12,True,0.5,250.20000000000005,0.9840569877883311,2901,56,0.8,2.94,10.0
0.12,True,0.75,391.0,0.9840569877883311,2901,56,0.8,2.94,10.0
0.15,False,0.25,110.6,0.007347152978220939,28,56,0.8,2.94,10.0
0.15,False,0.5,146.49999999999997,0.007347152978220939,28,56,0.8,2.94,10.0
0.15,False,0.75,222.97500000000002,0.007347152978220939,28,56,0.8,2.94,10.0
0.15,True,0.25,142.60000000000002,0.992652847021779,3783,56,0.8,2.94,10.0
0.15,True,0.5,218.5,0.992652847021779,3783,56,0.8,2.94,10.0
0.15,True,0.75,332.75,0.992652847021779,3783,56,0.8,2.94,10.0
0.0,False,0.25,235.95000000000005,0.5264900662251656,159,57,0.8,2.94,10.0
0.0,False,0.5,386.6000000000001,0.5264900662251656,159,57,0.8,2.94,10.0
0.0,False,0.75,514.15,0.5264900662251656,159,57,0.8,2.94,10.0
0.0,True,0.25,207.5,0.4735099337748344,143,57,0.8,2.94,10.0
0.0,True,0.5,375.2000000000001,0.4735099337748344,143,57,0.8,2.94,10.0
0.0,True,0.75,547.3,0.4735099337748344,143,57,0.8,2.94,10.0
0.03,False,0.25,183.7,0.23214285714285715,169,57,0.8,2.94,10.0
0.03,False,0.5,309.90000000000003,0.23214285714285715,169,57,0.8,2.94,10.0
0.03,False,0.75,495.9000000000001,0.23214285714285715,169,57,0.8,2.94,10.0
0.03,True,0.25,201.40000000000003,0.7678571428571429,559,57,0.8,2.94,10.0
0.03,True,0.5,336.1,0.7678571428571429,559,57,0.8,2.94,10.0
0.03,True,0.75,525.6500000000001,0.7678571428571429,559,57,0.8,2.94,10.0
0.06,False,0.25,155.125,0.10700828937452901,142,57,0.8,2.94,10.0
0.06,False,0.5,268.6,0.10700828937452901,142,57,0.8,2.94,10.0
0.06,False,0.75,503.20000000000005,0.10700828937452901,142,57,0.8,2.94,10.0
0.06,True,0.25,191.20000000000002,0.892991710625471,1185,57,0.8,2.94,10.0
0.06,True,0.5,313.00000000000006,0.892991710625471,1185,57,0.8,2.94,10.0
0.06,True,0.75,484.2000000000001,0.892991710625471,1185,57,0.8,2.94,10.0
0.09,False,0.25,145.075,0.04663677130044843,104,57,0.8,2.94,10.0
0.09,False,0.5,246.15000000000003,0.04663677130044843,104,57,0.8,2.94,10.0
0.09,False,0.75,421.80000000000007,0.04663677130044843,104,57,0.8,2.94,10.0
0.09,True,0.25,177.1,0.9533632286995516,2126,57,0.8,2.94,10.0
0.09,True,0.5,287.45,0.9533632286995516,2126,57,0.8,2.94,10.0
0.09,True,0.75,449.6000000000001,0.9533632286995516,2126,57,0.8,2.94,10.0
0.12,False,0.25,128.6,0.01586765698852127,47,57,0.8,2.94,10.0
0.12,False,0.5,236.30000000000004,0.01586765698852127,47,57,0.8,2.94,10.0
0.12,False,0.75,384.6,0.01586765698852127,47,57,0.8,2.94,10.0
0.12,True,0.25,159.0,0.9841323430114788,2915,57,0.8,2.94,10.0
0.12,True,0.5,253.0,0.9841323430114788,2915,57,0.8,2.94,10.0
0.12,True,0.75,396.70000000000005,0.9841323430114788,2915,57,0.8,2.94,10.0
0.15,False,0.25,111.1,0.005748628168278025,22,57,0.8,2.94,10.0
0.15,False,0.5,201.75000000000003,0.005748628168278025,22,57,0.8,2.94,10.0
0.15,False,0.75,238.75,0.005748628168278025,22,57,0.8,2.94,10.0
0.15,True,0.25,146.2,0.994251371831722,3805,57,0.8,2.94,10.0
0.15,True,0.5,217.40000000000003,0.994251371831722,3805,57,0.8,2.94,10.0
0.15,True,0.75,332.7,0.994251371831722,3805,57,0.8,2.94,10.0
0.0,False,0.25,185.0,0.5374592833876222,165,59,0.8,2.94,10.0
0.0,False,0.5,334.2,0.5374592833876222,165,59,0.8,2.94,10.0
0.0,False,0.75,510.90000000000003,0.5374592833876222,165,59,0.8,2.94,10.0
0.0,True,0.25,247.15000000000003,0.46254071661237783,142,59,0.8,2.94,10.0
0.0,True,0.5,355.25,0.46254071661237783,142,59,0.8,2.94,10.0
0.0,True,0.75,521.7750000000001,0.46254071661237783,142,59,0.8,2.94,10.0
0.03,False,0.25,181.05,0.2208994708994709,167,59,0.8,2.94,10.0
0.03,False,0.5,293.59999999999997,0.2208994708994709,167,59,0.8,2.94,10.0
0.03,False,0.75,504.9,0.2208994708994709,167,59,0.8,2.94,10.0
0.03,True,0.25,216.00000000000003,0.7791005291005291,589,59,0.8,2.94,10.0
0.03,True,0.5,333.20000000000005,0.7791005291005291,589,59,0.8,2.94,10.0
0.03,True,0.75,511.2,0.7791005291005291,589,59,0.8,2.94,10.0
0.06,False,0.25,172.025,0.10999225406661503,142,59,0.8,2.94,10.0
0.06,False,0.5,324.75,0.10999225406661503,142,59,0.8,2.94,10.0
0.06,False,0.75,440.1,0.10999225406661503,142,59,0.8,2.94,10.0
0.06,True,0.25,190.4,0.8900077459333849,1149,59,0.8,2.94,10.0
0.06,True,0.5,331.7,0.8900077459333849,1149,59,0.8,2.94,10.0
0.06,True,0.75,495.5,0.8900077459333849,1149,59,0.8,2.94,10.0
0.09,False,0.25,155.05,0.03715450838241957,82,59,0.8,2.94,10.0
0.09,False,0.5,256.6,0.03715450838241957,82,59,0.8,2.94,10.0
0.09,False,0.75,433.37500000000006,0.03715450838241957,82,59,0.8,2.94,10.0
0.09,True,0.25,173.8,0.9628454916175804,2125,59,0.8,2.94,10.0
0.09,True,0.5,277.7,0.9628454916175804,2125,59,0.8,2.94,10.0
0.09,True,0.75,451.1,0.9628454916175804,2125,59,0.8,2.94,10.0
0.12,False,0.25,157.55,0.017311608961303463,51,59,0.8,2.94,10.0
0.12,False,0.5,228.90000000000003,0.017311608961303463,51,59,0.8,2.94,10.0
0.12,False,0.75,387.6,0.017311608961303463,51,59,0.8,2.94,10.0
0.12,True,0.25,159.65,0.9826883910386965,2895,59,0.8,2.94,10.0
0.12,True,0.5,251.70000000000005,0.9826883910386965,2895,59,0.8,2.94,10.0
0.12,True,0.75,391.6500000000001,0.9826883910386965,2895,59,0.8,2.94,10.0
0.15,False,0.25,123.025,0.005243838489774515,20,59,0.8,2.94,10.0
0.15,False,0.5,147.8,0.005243838489774515,20,59,0.8,2.94,10.0
0.15,False,0.75,314.15,0.005243838489774515,20,59,0.8,2.94,10.0
0.15,True,0.25,144.00000000000003,0.9947561615102255,3794,59,0.8,2.94,10.0
0.15,True,0.5,220.8,0.9947561615102255,3794,59,0.8,2.94,10.0
0.15,True,0.75,336.975,0.9947561615102255,3794,59,0.8,2.94,10.0
0.0,False,0.25,247.10000000000002,0.4915254237288136,145,61,0.8,2.94,10.0
0.0,False,0.5,387.2000000000001,0.4915254237288136,145,61,0.8,2.94,10.0
0.0,False,0.75,513.2,0.4915254237288136,145,61,0.8,2.94,10.0
0.0,True,0.25,232.25,0.5084745762711864,150,61,0.8,2.94,10.0
0.0,True,0.5,352.9,0.5084745762711864,150,61,0.8,2.94,10.0
0.0,True,0.75,506.725,0.5084745762711864,150,61,0.8,2.94,10.0
0.03,False,0.25,211.50000000000003,0.2527027027027027,187,61,0.8,2.94,10.0
0.03,False,0.5,364.6,0.2527027027027027,187,61,0.8,2.94,10.0
0.03,False,0.75,512.1999999999999,0.2527027027027027,187,61,0.8,2.94,10.0
0.03,True,0.25,211.70000000000005,0.7472972972972973,553,61,0.8,2.94,10.0
0.03,True,0.5,344.7,0.7472972972972973,553,61,0.8,2.94,10.0
0.03,True,0.75,525.3,0.7472972972972973,553,61,0.8,2.94,10.0
0.06,False,0.25,168.025,0.10518174787316319,136,61,0.8,2.94,10.0
0.06,False,0.5,264.4,0.10518174787316319,136,61,0.8,2.94,10.0
0.06,False,0.75,417.52500000000003,0.10518174787316319,136,61,0.8,2.94,10.0
0.06,True,0.25,195.8,0.8948182521268369,1157,61,0.8,2.94,10.0
0.06,True,0.5,333.0,0.8948182521268369,1157,61,0.8,2.94,10.0
0.06,True,0.75,505.50000000000006,0.8948182521268369,1157,61,0.8,2.94,10.0
0.09,False,0.25,149.55,0.047031963470319633,103,61,0.8,2.94,10.0
0.09,False,0.5,285.00000000000006,0.047031963470319633,103,61,0.8,2.94,10.0
0.09,False,0.75,458.15,0.047031963470319633,103,61,0.8,2.94,10.0
0.09,True,0.25,178.8,0.9529680365296803,2087,61,0.8,2.94,10.0
0.09,True,0.5,291.9,0.9529680365296803,2087,61,0.8,2.94,10.0
0.09,True,0.75,445.6,0.9529680365296803,2087,61,0.8,2.94,10.0
0.12,False,0.25,150.22500000000002,0.018392370572207085,54,61,0.8,2.94,10.0
0.12,False,0.5,212.75000000000006,0.018392370572207085,54,61,0.8,2.94,10.0
0.12,False,0.75,376.25000000000006,0.018392370572207085,54,61,0.8,2.94,10.0
0.12,True,0.25,162.325,0.9816076294277929,2882,61,0.8,2.94,10.0
0.12,True,0.5,261.1,0.9816076294277929,2882,61,0.8,2.94,10.0
0.12,True,0.75,400.62500000000006,0.9816076294277929,2882,61,0.8,2.94,10.0
0.15,False,0.25,93.35000000000002,0.006041502495403204,23,61,0.8,2.94,10.0
0.15,False,0.5,151.0,0.006041502495403204,23,61,0.8,2.94,10.0
0.15,False,0.75,214.55,0.006041502495403204,23,61,0.8,2.94,10.0
0.15,True,0.25,146.1,0.9939584975045967,3784,61,0.8,2.94,10.0
0.15,True,0.5,222.8,0.9939584975045967,3784,61,0.8,2.94,10.0
0.15,True,0.75,338.80000000000007,0.9939584975045967,3784,61,0.8,2.94,10.0
0.0,False,0.25,226.75000000000003,0.5352564102564102,167,73,0.8,2.94,10.0
0.0,False,0.5,364.4,0.5352564102564102,167,73,0.8,2.94,10.0
0.0,False,0.75,508.95000000000005,0.5352564102564102,167,73,0.8,2.94,10.0
0.0,True,0.25,205.40000000000003,0.46474358974358976,145,73,0.8,2.94,10.0
0.0,True,0.5,346.8,0.46474358974358976,145,73,0.8,2.94,10.0
0.0,True,0.75,508.70000000000005,0.46474358974358976,145,73,0.8,2.94,10.0
0.03,False,0.25,210.75000000000006,0.21279373368146215,163,73,0.8,2.94,10.0
0.03,False,0.5,335.0,0.21279373368146215,163,73,0.8,2.94,10.0
0.03,False,0.75,503.05000000000007,0.21279373368146215,163,73,0.8,2.94,10.0
0.03,True,0.25,201.05,0.7872062663185379,603,73,0.8,2.94,10.0
0.03,True,0.5,342.1,0.7872062663185379,603,73,0.8,2.94,10.0
0.03,True,0.75,484.30000000000007,0.7872062663185379,603,73,0.8,2.94,10.0
0.06,False,0.25,198.0,0.1139937106918239,145,73,0.8,2.94,10.0
0.06,False,0.5,323.90000000000003,0.1139937106918239,145,73,0.8,2.94,10.0
0.06,False,0.75,476.7,0.1139937106918239,145,73,0.8,2.94,10.0
0.06,True,0.25,198.35,0.8860062893081762,1127,73,0.8,2.94,10.0
0.06,True,0.5,330.1,0.8860062893081762,1127,73,0.8,2.94,10.0
0.06,True,0.75,477.75000000000006,0.8860062893081762,1127,73,0.8,2.94,10.0
0.09,False,0.25,145.225,0.03930326038410004,88,73,0.8,2.94,10.0
0.09,False,0.5,230.9,0.03930326038410004,88,73,0.8,2.94,10.0
0.09,False,0.75,423.67500000000007,0.03930326038410004,88,73,0.8,2.94,10.0
0.09,True,0.25,175.9,0.9606967396159,2151,73,0.8,2.94,10.0
0.09,True,0.5,283.2,0.9606967396159,2151,73,0.8,2.94,10.0
0.09,True,0.75,439.95000000000005,0.9606967396159,2151,73,0.8,2.94,10.0
0.12,False,0.25,122.30000000000001,0.017749497655726726,53,73,0.8,2.94,10.0
0.12,False,0.5,223.40000000000003,0.017749497655726726,53,73,0.8,2.94,10.0
0.12,False,0.75,323.40000000000003,0.017749497655726726,53,73,0.8,2.94,10.0
0.12,True,0.25,165.29999999999998,0.9822505023442732,2933,73,0.8,2.94,10.0
0.12,True,0.5,257.5,0.9822505023442732,2933,73,0.8,2.94,10.0
0.12,True,0.75,399.0,0.9822505023442732,2933,73,0.8,2.94,10.0
0.15,False,0.25,113.35000000000001,0.004713275726630008,18,73,0.8,2.94,10.0
0.15,False,0.5,253.7,0.004713275726630008,18,73,0.8,2.94,10.0
0.15,False,0.75,339.325,0.004713275726630008,18,73,0.8,2.94,10.0
0.15,True,0.25,142.50000000000003,0.99528672427337,3801,73,0.8,2.94,10.0
0.15,True,0.5,214.10000000000005,0.99528672427337,3801,73,0.8,2.94,10.0
0.15,True,0.75,327.40000000000003,0.99528672427337,3801,73,0.8,2.94,10.0
0.0,False,0.25,230.8,0.49491525423728816,146,79,0.8,2.94,10.0
0.0,False,0.5,372.6500000000001,0.49491525423728816,146,79,0.8,2.94,10.0
0.0,False,0.75,524.4499999999999,0.49491525423728816,146,79,0.8,2.94,10.0
0.0,True,0.25,191.3,0.5050847457627119,149,79,0.8,2.94,10.0
0.0,True,0.5,337.40000000000003,0.5050847457627119,149,79,0.8,2.94,10.0
0.0,True,0.75,536.2,0.5050847457627119,149,79,0.8,2.94,10.0
0.03,False,0.25,218.70000000000005,0.27097661623108665,197,79,0.8,2.94,10.0
0.03,False,0.5,386.4000000000001,0.27097661623108665,197,79,0.8,2.94,10.0
0.03,False,0.75,536.8000000000001,0.27097661623108665,197,79,0.8,2.94,10.0
0.03,True,0.25,206.925,0.7290233837689133,530,79,0.8,2.94,10.0
0.03,True,0.5,363.1,0.7290233837689133,530,79,0.8,2.94,10.0
0.03,True,0.75,543.575,0.7290233837689133,530,79,0.8,2.94,10.0
0.06,False,0.25,177.3,0.10076923076923076,131,79,0.8,2.94,10.0
0.06,False,0.5,305.4,0.10076923076923076,131,79,0.8,2.94,10.0
0.06,False,0.75,457.45,0.10076923076923076,131,79,0.8,2.94,10.0
0.06,True,0.25,199.0,0.8992307692307693,1169,79,0.8,2.94,10.0
0.06,True,0.5,322.1,0.8992307692307693,1169,79,0.8,2.94,10.0
0.06,True,0.75,495.3,0.8992307692307693,1169,79,0.8,2.94,10.0
0.09,False,0.25,166.05,0.03564981949458484,79,79,0.8,2.94,10.0
0.09,False,0.5,237.60000000000002,0.03564981949458484,79,79,0.8,2.94,10.0
0.09,False,0.75,460.4,0.03564981949458484,79,79,0.8,2.94,10.0
0.09,True,0.25,180.4,0.9643501805054152,2137,79,0.8,2.94,10.0
0.09,True,0.5,289.7,0.9643501805054152,2137,79,0.8,2.94,10.0
0.09,True,0.75,442.3,0.9643501805054152,2137,79,0.8,2.94,10.0
0.12,False,0.25,165.2,0.016526138279932545,49,79,0.8,2.94,10.0
0.12,False,0.5,261.7,0.016526138279932545,49,79,0.8,2.94,10.0
0.12,False,0.75,371.6,0.016526138279932545,49,79,0.8,2.94,10.0
0.12,True,0.25,168.625,0.9834738617200675,2916,79,0.8,2.94,10.0
0.12,True,0.5,259.35,0.9834738617200675,2916,79,0.8,2.94,10.0
0.12,True,0.75,399.225,0.9834738617200675,2916,79,0.8,2.94,10.0
0.15,False,0.25,159.2,0.003402250719706883,13,79,0.8,2.94,10.0
0.15,False,0.5,288.7,0.003402250719706883,13,79,0.8,2.94,10.0
0.15,False,0.75,437.0,0.003402250719706883,13,79,0.8,2.94,10.0
0.15,True,0.25,145.4,0.9965977492802931,3808,79,0.8,2.94,10.0
0.15,True,0.5,216.35000000000002,0.9965977492802931,3808,79,0.8,2.94,10.0
0.15,True,0.75,336.4,0.9965977492802931,3808,79,0.8,2.94,10.0
0.0,False,0.25,209.60000000000002,0.4797297297297297,142,80,0.8,2.94,10.0
0.0,False,0.5,368.70000000000005,0.4797297297297297,142,80,0.8,2.94,10.0
0.0,False,0.75,522.7750000000001,0.4797297297297297,142,80,0.8,2.94,10.0
0.0,True,0.25,211.25,0.5202702702702703,154,80,0.8,2.94,10.0
0.0,True,0.5,339.20000000000005,0.5202702702702703,154,80,0.8,2.94,10.0
0.0,True,0.75,552.2249999999999,0.5202702702702703,154,80,0.8,2.94,10.0
0.03,False,0.25,186.65,0.22908622908622908,178,80,0.8,2.94,10.0
0.03,False,0.5,300.45000000000005,0.22908622908622908,178,80,0.8,2.94,10.0
0.03,False,0.75,466.575,0.22908622908622908,178,80,0.8,2.94,10.0
0.03,True,0.25,195.05,0.7709137709137709,599,80,0.8,2.94,10.0
0.03,True,0.5,340.2,0.7709137709137709,599,80,0.8,2.94,10.0
0.03,True,0.75,522.55,0.7709137709137709,599,80,0.8,2.94,10.0
0.06,False,0.25,180.4,0.11330798479087452,149,80,0.8,2.94,10.0
0.06,False,0.5,286.2,0.11330798479087452,149,80,0.8,2.94,10.0
0.06,False,0.75,461.4,0.11330798479087452,149,80,0.8,2.94,10.0
0.06,True,0.25,199.125,0.8866920152091254,1166,80,0.8,2.94,10.0
0.06,True,0.5,325.4,0.8866920152091254,1166,80,0.8,2.94,10.0
0.06,True,0.75,484.35,0.8866920152091254,1166,80,0.8,2.94,10.0
0.09,False,0.25,168.675,0.043517679057116954,96,80,0.8,2.94,10.0
0.09,False,0.5,264.75,0.043517679057116954,96,80,0.8,2.94,10.0
0.09,False,0.75,467.95,0.043517679057116954,96,80,0.8,2.94,10.0
0.09,True,0.25,179.60000000000002,0.956482320942883,2110,80,0.8,2.94,10.0
0.09,True,0.5,293.25,0.956482320942883,2110,80,0.8,2.94,10.0
0.09,True,0.75,464.5250000000001,0.956482320942883,2110,80,0.8,2.94,10.0
0.12,False,0.25,130.1,0.016926201760324982,50,80,0.8,2.94,10.0
0.12,False,0.5,234.00000000000003,0.016926201760324982,50,80,0.8,2.94,10.0
0.12,False,0.75,359.65,0.016926201760324982,50,80,0.8,2.94,10.0
0.12,True,0.25,159.5,0.983073798239675,2904,80,0.8,2.94,10.0
0.12,True,0.5,252.50000000000006,0.983073798239675,2904,80,0.8,2.94,10.0
0.12,True,0.75,390.82500000000005,0.983073798239675,2904,80,0.8,2.94,10.0
0.15,False,0.25,140.325,0.006329113924050633,24,80,0.8,2.94,10.0
0.15,False,0.5,222.05,0.006329113924050633,24,80,0.8,2.94,10.0
0.15,False,0.75,361.65000000000003,0.006329113924050633,24,80,0.8,2.94,10.0
0.15,True,0.25,143.87499999999997,0.9936708860759493,3768,80,0.8,2.94,10.0
0.15,True,0.5,217.95000000000005,0.9936708860759493,3768,80,0.8,2.94,10.0
0.15,True,0.75,342.15000000000003,0.9936708860759493,3768,80,0.8,2.94,10.0
0.0,False,0.25,225.72500000000002,0.4721311475409836,144,81,0.8,2.94,10.0
0.0,False,0.5,336.55,0.4721311475409836,144,81,0.8,2.94,10.0
0.0,False,0.75,505.20000000000005,0.4721311475409836,144,81,0.8,2.94,10.0
0.0,True,0.25,183.2,0.5278688524590164,161,81,0.8,2.94,10.0
0.0,True,0.5,336.0,0.5278688524590164,161,81,0.8,2.94,10.0
0.0,True,0.75,527.7,0.5278688524590164,161,81,0.8,2.94,10.0
0.03,False,0.25,223.45000000000005,0.22420907840440166,163,81,0.8,2.94,10.0
0.03,False,0.5,355.9,0.22420907840440166,163,81,0.8,2.94,10.0
0.03,False,0.75,536.7,0.22420907840440166,163,81,0.8,2.94,10.0
0.03,True,0.25,212.57500000000005,0.7757909215955984,564,81,0.8,2.94,10.0
0.03,True,0.5,368.70000000000005,0.7757909215955984,564,81,0.8,2.94,10.0
0.03,True,0.75,509.27500000000003,0.7757909215955984,564,81,0.8,2.94,10.0
0.06,False,0.25,192.29999999999998,0.09689922480620156,125,81,0.8,2.94,10.0
0.06,False,0.5,332.5,0.09689922480620156,125,81,0.8,2.94,10.0
0.06,False,0.75,504.4000000000001,0.09689922480620156,125,81,0.8,2.94,10.0
0.06,True,0.25,194.1,0.9031007751937985,1165,81,0.8,2.94,10.0
0.06,True,0.5,317.00000000000006,0.9031007751937985,1165,81,0.8,2.94,10.0
0.06,True,0.75,497.09999999999997,0.9031007751937985,1165,81,0.8,2.94,10.0
0.09,False,0.25,180.75,0.036738351254480286,82,81,0.8,2.94,10.0
0.09,False,0.5,294.90000000000003,0.036738351254480286,82,81,0.8,2.94,10.0
0.09,False,0.75,438.875,0.036738351254480286,82,81,0.8,2.94,10.0
0.09,True,0.25,187.05,0.9632616487455197,2150,81,0.8,2.94,10.0
0.09,True,0.5,300.95000000000005,0.9632616487455197,2150,81,0.8,2.94,10.0
0.09,True,0.75,448.20000000000005,0.9632616487455197,2150,81,0.8,2.94,10.0
0.12,False,0.25,160.10000000000002,0.019979681679647816,59,81,0.8,2.94,10.0
0.12,False,0.5,278.30000000000007,0.019979681679647816,59,81,0.8,2.94,10.0
0.12,False,0.75,433.25,0.019979681679647816,59,81,0.8,2.94,10.0
0.12,True,0.25,164.62500000000003,0.9800203183203522,2894,81,0.8,2.94,10.0
0.12,True,0.5,261.6,0.9800203183203522,2894,81,0.8,2.94,10.0
0.12,True,0.75,410.25000000000006,0.9800203183203522,2894,81,0.8,2.94,10.0
0.15,False,0.25,126.9,0.006024096385542169,23,81,0.8,2.94,10.0
0.15,False,0.5,189.70000000000002,0.006024096385542169,23,81,0.8,2.94,10.0
0.15,False,0.75,268.45000000000005,0.006024096385542169,23,81,0.8,2.94,10.0
0.15,True,0.25,146.5,0.9939759036144579,3795,81,0.8,2.94,10.0
0.15,True,0.5,216.9,0.9939759036144579,3795,81,0.8,2.94,10.0
0.15,True,0.75,342.15,0.9939759036144579,3795,81,0.8,2.94,10.0
0.0,False,0.25,196.8,0.5030864197530864,163,97,0.8,2.94,10.0
0.0,False,0.5,316.90000000000003,0.5030864197530864,163,97,0.8,2.94,10.0
0.0,False,0.75,533.55,0.5030864197530864,163,97,0.8,2.94,10.0
0.0,True,0.25,185.20000000000002,0.49691358024691357,161,97,0.8,2.94,10.0
0.0,True,0.5,315.59999999999997,0.49691358024691357,161,97,0.8,2.94,10.0
0.0,True,0.75,502.70000000000005,0.49691358024691357,161,97,0.8,2.94,10.0
0.03,False,0.25,204.20000000000002,0.2627450980392157,201,97,0.8,2.94,10.0
0.03,False,0.5,311.3,0.2627450980392157,201,97,0.8,2.94,10.0
0.03,False,0.75,491.8,0.2627450980392157,201,97,0.8,2.94,10.0
0.03,True,0.25,216.62500000000003,0.7372549019607844,564,97,0.8,2.94,10.0
0.03,True,0.5,348.55000000000007,0.7372549019607844,564,97,0.8,2.94,10.0
0.03,True,0.75,534.075,0.7372549019607844,564,97,0.8,2.94,10.0
0.06,False,0.25,171.2,0.09797822706065319,126,97,0.8,2.94,10.0
0.06,False,0.5,297.0,0.09797822706065319,126,97,0.8,2.94,10.0
0.06,False,0.75,459.35,0.09797822706065319,126,97,0.8,2.94,10.0
0.06,True,0.25,183.60000000000002,0.9020217729393468,1160,97,0.8,2.94,10.0
0.06,True,0.5,316.2,0.9020217729393468,1160,97,0.8,2.94,10.0
0.06,True,0.75,481.37500000000006,0.9020217729393468,1160,97,0.8,2.94,10.0
0.09,False,0.25,139.07500000000002,0.040376850605652756,90,97,0.8,2.94,10.0
0.09,False,0.5,232.35000000000002,0.040376850605652756,90,97,0.8,2.94,10.0
0.09,False,0.75,390.25000000000006,0.040376850605652756,90,97,0.8,2.94,10.0
0.09,True,0.25,169.75,0.9596231493943472,2139,97,0.8,2.94,10.0
0.09,True,0.5,292.3,0.9596231493943472,2139,97,0.8,2.94,10.0
0.09,True,0.75,454.8,0.9596231493943472,2139,97,0.8,2.94,10.0
0.12,False,0.25,151.475,0.014037433155080214,42,97,0.8,2.94,10.0
0.12,False,0.5,210.70000000000005,0.014037433155080214,42,97,0.8,2.94,10.0
0.12,False,0.75,324.8,0.014037433155080214,42,97,0.8,2.94,10.0
0.12,True,0.25,162.3,0.9859625668449198,2950,97,0.8,2.94,10.0
0.12,True,0.5,256.15000000000003,0.9859625668449198,2950,97,0.8,2.94,10.0
0.12,True,0.75,391.70000000000005,0.9859625668449198,2950,97,0.8,2.94,10.0
0.15,False,0.25,146.55,0.00709592641261498,27,97,0.8,2.94,10.0
0.15,False,0.5,195.20000000000002,0.00709592641261498,27,97,0.8,2.94,10.0
0.15,False,0.75,253.50000000000003,0.00709592641261498,27,97,0.8,2.94,10.0
0.15,True,0.25,143.89999999999998,0.992904073587385,3778,97,0.8,2.94,10.0
0.15,True,0.5,217.8,0.992904073587385,3778,97,0.8,2.94,10.0
0.15,True,0.75,337.95000000000005,0.992904073587385,3778,97,0.8,2.94,10.0
0.0,False,0.25,210.15000000000003,0.48226950354609927,136,98,0.8,2.94,10.0
0.0,False,0.5,348.95,0.48226950354609927,136,98,0.8,2.94,10.0
0.0,False,0.75,471.80000000000007,0.48226950354609927,136,98,0.8,2.94,10.0
0.0,True,0.25,222.45000000000002,0.5177304964539007,146,98,0.8,2.94,10.0
0.0,True,0.5,348.65,0.5177304964539007,146,98,0.8,2.94,10.0
0.0,True,0.75,536.7,0.5177304964539007,146,98,0.8,2.94,10.0
0.03,False,0.25,199.95,0.25101214574898784,186,98,0.8,2.94,10.0
0.03,False,0.5,339.95,0.25101214574898784,186,98,0.8,2.94,10.0
0.03,False,0.75,505.375,0.25101214574898784,186,98,0.8,2.94,10.0
0.03,True,0.25,195.9,0.7489878542510121,555,98,0.8,2.94,10.0
0.03,True,0.5,336.5,0.7489878542510121,555,98,0.8,2.94,10.0
0.03,True,0.75,507.20000000000005,0.7489878542510121,555,98,0.8,2.94,10.0
0.06,False,0.25,136.95,0.09272581934452438,116,98,0.8,2.94,10.0
0.06,False,0.5,252.60000000000002,0.09272581934452438,116,98,0.8,2.94,10.0
0.06,False,0.75,454.125,0.09272581934452438,116,98,0.8,2.94,10.0
0.06,True,0.25,196.85,0.9072741806554756,1135,98,0.8,2.94,10.0
0.06,True,0.5,316.6,0.9072741806554756,1135,98,0.8,2.94,10.0
0.06,True,0.75,482.20000000000005,0.9072741806554756,1135,98,0.8,2.94,10.0
0.09,False,0.25,142.825,0.03925148334094021,86,98,0.8,2.94,10.0
0.09,False,0.5,281.8,0.03925148334094021,86,98,0.8,2.94,10.0
0.09,False,0.75,493.77500000000003,0.03925148334094021,86,98,0.8,2.94,10.0
0.09,True,0.25,184.70000000000002,0.9607485166590598,2105,98,0.8,2.94,10.0
0.09,True,0.5,292.40000000000003,0.9607485166590598,2105,98,0.8,2.94,10.0
0.09,True,0.75,448.40000000000003,0.9607485166590598,2105,98,0.8,2.94,10.0
0.12,False,0.25,125.3,0.012495778453225262,37,98,0.8,2.94,10.0
0.12,False,0.5,210.60000000000005,0.012495778453225262,37,98,0.8,2.94,10.0
0.12,False,0.75,329.5,0.012495778453225262,37,98,0.8,2.94,10.0
0.12,True,0.25,161.75,0.9875042215467748,2924,98,0.8,2.94,10.0
0.12,True,0.5,258.0,0.9875042215467748,2924,98,0.8,2.94,10.0
0.12,True,0.75,398.05,0.9875042215467748,2924,98,0.8,2.94,10.0
0.15,False,0.25,128.85000000000002,0.003922594142259414,15,98,0.8,2.94,10.0
0.15,False,0.5,150.8,0.003922594142259414,15,98,0.8,2.94,10.0
0.15,False,0.75,226.85000000000002,0.003922594142259414,15,98,0.8,2.94,10.0
0.15,True,0.25,144.50000000000003,0.9960774058577406,3809,98,0.8,2.94,10.0
0.15,True,0.5,218.9,0.9960774058577406,3809,98,0.8,2.94,10.0
0.15,True,0.75,339.9,0.9960774058577406,3809,98,0.8,2.94,10.0
0.0,False,0.25,213.00000000000006,0.5381944444444444,155,99,0.8,2.94,10.0
0.0,False,0.5,353.1,0.5381944444444444,155,99,0.8,2.94,10.0
0.0,False,0.75,542.1500000000001,0.5381944444444444,155,99,0.8,2.94,10.0
0.0,True,0.25,217.29999999999998,0.4618055555555556,133,99,0.8,2.94,10.0
0.0,True,0.5,357.20000000000005,0.4618055555555556,133,99,0.8,2.94,10.0
0.0,True,0.75,581.2,0.4618055555555556,133,99,0.8,2.94,10.0
0.03,False,0.25,173.57500000000002,0.256198347107438,186,99,0.8,2.94,10.0
0.03,False,0.5,297.65,0.256198347107438,186,99,0.8,2.94,10.0
0.03,False,0.75,477.45000000000005,0.256198347107438,186,99,0.8,2.94,10.0
0.03,True,0.25,196.175,0.743801652892562,540,99,0.8,2.94,10.0
0.03,True,0.5,328.40000000000003,0.743801652892562,540,99,0.8,2.94,10.0
0.03,True,0.75,493.45,0.743801652892562,540,99,0.8,2.94,10.0
0.06,False,0.25,174.20000000000002,0.10432766615146831,135,99,0.8,2.94,10.0
0.06,False,0.5,304.20000000000005,0.10432766615146831,135,99,0.8,2.94,10.0
0.06,False,0.75,425.3,0.10432766615146831,135,99,0.8,2.94,10.0
0.06,True,0.25,199.4,0.8956723338485317,1159,99,0.8,2.94,10.0
0.06,True,0.5,339.7,0.8956723338485317,1159,99,0.8,2.94,10.0
0.06,True,0.75,501.15,0.8956723338485317,1159,99,0.8,2.94,10.0
0.09,False,0.25,146.0,0.04151624548736462,92,99,0.8,2.94,10.0
0.09,False,0.5,231.25000000000003,0.04151624548736462,92,99,0.8,2.94,10.0
0.09,False,0.75,412.0250000000001,0.04151624548736462,92,99,0.8,2.94,10.0
0.09,True,0.25,185.15,0.9584837545126353,2124,99,0.8,2.94,10.0
0.09,True,0.5,301.0,0.9584837545126353,2124,99,0.8,2.94,10.0
0.09,True,0.75,464.32500000000005,0.9584837545126353,2124,99,0.8,2.94,10.0
0.12,False,0.25,131.35,0.015678254942058625,46,99,0.8,2.94,10.0
0.12,False,0.5,190.0,0.015678254942058625,46,99,0.8,2.94,10.0
0.12,False,0.75,268.625,0.015678254942058625,46,99,0.8,2.94,10.0
0.12,True,0.25,164.875,0.9843217450579413,2888,99,0.8,2.94,10.0
0.12,True,0.5,258.6500000000001,0.9843217450579413,2888,99,0.8,2.94,10.0
0.12,True,0.75,408.575,0.9843217450579413,2888,99,0.8,2.94,10.0
0.15,False,0.25,130.64999999999998,0.004709576138147566,18,99,0.8,2.94,10.0
0.15,False,0.5,188.10000000000002,0.004709576138147566,18,99,0.8,2.94,10.0
0.15,False,0.75,223.22500000000002,0.004709576138147566,18,99,0.8,2.94,10.0
0.15,True,0.25,146.29999999999998,0.9952904238618524,3804,99,0.8,2.94,10.0
0.15,True,0.5,220.60000000000002,0.9952904238618524,3804,99,0.8,2.94,10.0
0.15,True,0.75,335.725,0.9952904238618524,3804,99,0.8,2.94,10.0
0.0,False,0.25,229.5,0.5,139,101,0.8,2.94,10.0
0.0,False,0.5,364.6,0.5,139,101,0.8,2.94,10.0
0.0,False,0.75,520.5999999999999,0.5,139,101,0.8,2.94,10.0
0.0,True,0.25,215.05,0.5,139,101,0.8,2.94,10.0
0.0,True,0.5,347.30000000000007,0.5,139,101,0.8,2.94,10.0
0.0,True,0.75,501.6,0.5,139,101,0.8,2.94,10.0
0.03,False,0.25,219.70000000000002,0.2493368700265252,188,101,0.8,2.94,10.0
0.03,False,0.5,342.3,0.2493368700265252,188,101,0.8,2.94,10.0
0.03,False,0.75,518.35,0.2493368700265252,188,101,0.8,2.94,10.0
0.03,True,0.25,214.25000000000003,0.7506631299734748,566,101,0.8,2.94,10.0
0.03,True,0.5,360.3,0.7506631299734748,566,101,0.8,2.94,10.0
0.03,True,0.75,507.175,0.7506631299734748,566,101,0.8,2.94,10.0
0.06,False,0.25,161.35,0.1059190031152648,136,101,0.8,2.94,10.0
0.06,False,0.5,282.7,0.1059190031152648,136,101,0.8,2.94,10.0
0.06,False,0.75,471.2250000000001,0.1059190031152648,136,101,0.8,2.94,10.0
0.06,True,0.25,196.475,0.8940809968847352,1148,101,0.8,2.94,10.0
0.06,True,0.5,331.6,0.8940809968847352,1148,101,0.8,2.94,10.0
0.06,True,0.75,503.625,0.8940809968847352,1148,101,0.8,2.94,10.0
0.09,False,0.25,163.5,0.0462878093492209,101,101,0.8,2.94,10.0
0.09,False,0.5,291.2,0.0462878093492209,101,101,0.8,2.94,10.0
0.09,False,0.75,390.6000000000001,0.0462878093492209,101,101,0.8,2.94,10.0
0.09,True,0.25,179.0,0.9537121906507791,2081,101,0.8,2.94,10.0
0.09,True,0.5,291.8,0.9537121906507791,2081,101,0.8,2.94,10.0
0.09,True,0.75,453.9000000000001,0.9537121906507791,2081,101,0.8,2.94,10.0
0.12,False,0.25,159.35000000000002,0.01417004048582996,42,101,0.8,2.94,10.0
0.12,False,0.5,240.65,0.01417004048582996,42,101,0.8,2.94,10.0
0.12,False,0.75,389.17500000000007,0.01417004048582996,42,101,0.8,2.94,10.0
0.12,True,0.25,160.95,0.9858299595141701,2922,101,0.8,2.94,10.0
0.12,True,0.5,249.45,0.9858299595141701,2922,101,0.8,2.94,10.0
0.12,True,0.75,382.0,0.9858299595141701,2922,101,0.8,2.94,10.0
0.15,False,0.25,135.75,0.006299212598425197,24,101,0.8,2.94,10.0
0.15,False,0.5,213.3,0.006299212598425197,24,101,0.8,2.94,10.0
0.15,False,0.75,307.67500000000007,0.006299212598425197,24,101,0.8,2.94,10.0
0.15,True,0.25,145.22500000000002,0.9937007874015747,3786,101,0.8,2.94,10.0
0.15,True,0.5,217.55,0.9937007874015747,3786,101,0.8,2.94,10.0
0.15,True,0.75,333.875,0.9937007874015747,3786,101,0.8,2.94,10.0
0.0,False,0.25,179.9,0.44336569579288027,137,113,0.8,2.94,10.0
0.0,False,0.5,323.40000000000003,0.44336569579288027,137,113,0.8,2.94,10.0
0.0,False,0.75,509.0,0.44336569579288027,137,113,0.8,2.94,10.0
0.0,True,0.25,212.87500000000003,0.5566343042071198,172,113,0.8,2.94,10.0
0.0,True,0.5,342.35,0.5566343042071198,172,113,0.8,2.94,10.0
0.0,True,0.75,497.17500000000007,0.5566343042071198,172,113,0.8,2.94,10.0
0.03,False,0.25,235.65,0.2524137931034483,183,113,0.8,2.94,10.0
0.03,False,0.5,368.5,0.2524137931034483,183,113,0.8,2.94,10.0
0.03,False,0.75,545.45,0.2524137931034483,183,113,0.8,2.94,10.0
0.03,True,0.25,221.47500000000002,0.7475862068965518,542,113,0.8,2.94,10.0
0.03,True,0.5,356.25,0.7475862068965518,542,113,0.8,2.94,10.0
0.03,True,0.75,521.3750000000001,0.7475862068965518,542,113,0.8,2.94,10.0
0.06,False,0.25,180.3,0.11602209944751381,147,113,0.8,2.94,10.0
0.06,False,0.5,307.59999999999997,0.11602209944751381,147,113,0.8,2.94,10.0
0.06,False,0.75,473.30000000000007,0.11602209944751381,147,113,0.8,2.94,10.0
0.06,True,0.25,197.8,0.8839779005524862,1120,113,0.8,2.94,10.0
0.06,True,0.5,322.9000000000001,0.8839779005524862,1120,113,0.8,2.94,10.0
0.06,True,0.75,491.25,0.8839779005524862,1120,113,0.8,2.94,10.0
0.09,False,0.25,151.9,0.04796055580457194,107,113,0.8,2.94,10.0
0.09,False,0.5,273.5,0.04796055580457194,107,113,0.8,2.94,10.0
0.09,False,0.75,418.95000000000005,0.04796055580457194,107,113,0.8,2.94,10.0
0.09,True,0.25,186.45,0.9520394441954281,2124,113,0.8,2.94,10.0
0.09,True,0.5,294.85,0.9520394441954281,2124,113,0.8,2.94,10.0
0.09,True,0.75,462.475,0.9520394441954281,2124,113,0.8,2.94,10.0
0.12,False,0.25,186.4,0.01257647858599592,37,113,0.8,2.94,10.0
0.12,False,0.5,240.3,0.01257647858599592,37,113,0.8,2.94,10.0
0.12,False,0.75,492.40000000000003,0.01257647858599592,37,113,0.8,2.94,10.0
0.12,True,0.25,163.70000000000002,0.987423521414004,2905,113,0.8,2.94,10.0
0.12,True,0.5,256.0,0.987423521414004,2905,113,0.8,2.94,10.0
0.12,True,0.75,402.2,0.987423521414004,2905,113,0.8,2.94,10.0
0.15,False,0.25,105.65,0.007349081364829396,28,113,0.8,2.94,10.0
0.15,False,0.5,220.45000000000005,0.007349081364829396,28,113,0.8,2.94,10.0
0.15,False,0.75,316.67500000000007,0.007349081364829396,28,113,0.8,2.94,10.0
0.15,True,0.25,143.4,0.9926509186351706,3782,113,0.8,2.94,10.0
0.15,True,0.5,221.80000000000004,0.9926509186351706,3782,113,0.8,2.94,10.0
0.15,True,0.75,342.35,0.9926509186351706,3782,113,0.8,2.94,10.0
0.0,False,0.25,198.42499999999998,0.4863013698630137,142,117,0.8,2.94,10.0
0.0,False,0.5,375.1500000000001,0.4863013698630137,142,117,0.8,2.94,10.0
0.0,False,0.75,521.6750000000001,0.4863013698630137,142,117,0.8,2.94,10.0
0.0,True,0.25,211.75000000000003,0.5136986301369864,150,117,0.8,2.94,10.0
0.0,True,0.5,332.75,0.5136986301369864,150,117,0.8,2.94,10.0
0.0,True,0.75,508.925,0.5136986301369864,150,117,0.8,2.94,10.0
0.03,False,0.25,191.375,0.256,192,117,0.8,2.94,10.0
0.03,False,0.5,335.6,0.256,192,117,0.8,2.94,10.0
0.03,False,0.75,529.0250000000001,0.256,192,117,0.8,2.94,10.0
0.03,True,0.25,189.15,0.744,558,117,0.8,2.94,10.0
0.03,True,0.5,336.95,0.744,558,117,0.8,2.94,10.0
0.03,True,0.75,503.1000000000001,0.744,558,117,0.8,2.94,10.0
0.06,False,0.25,176.5,0.09952229299363058,125,117,0.8,2.94,10.0
0.06,False,0.5,339.8,0.09952229299363058,125,117,0.8,2.94,10.0
0.06,False,0.75,468.40000000000003,0.09952229299363058,125,117,0.8,2.94,10.0
0.06,True,0.25,197.9,0.9004777070063694,1131,117,0.8,2.94,10.0
0.06,True,0.5,313.7,0.9004777070063694,1131,117,0.8,2.94,10.0
0.06,True,0.75,488.95000000000005,0.9004777070063694,1131,117,0.8,2.94,10.0
0.09,False,0.25,140.675,0.0367816091954023,80,117,0.8,2.94,10.0
0.09,False,0.5,237.60000000000002,0.0367816091954023,80,117,0.8,2.94,10.0
0.09,False,0.75,429.70000000000005,0.0367816091954023,80,117,0.8,2.94,10.0
0.09,True,0.25,176.14999999999998,0.9632183908045977,2095,117,0.8,2.94,10.0
0.09,True,0.5,291.00000000000006,0.9632183908045977,2095,117,0.8,2.94,10.0
0.09,True,0.75,446.95,0.9632183908045977,2095,117,0.8,2.94,10.0
0.12,False,0.25,148.1,0.009475465313028765,28,117,0.8,2.94,10.0
0.12,False,0.5,201.05,0.009475465313028765,28,117,0.8,2.94,10.0
0.12,False,0.75,396.05,0.009475465313028765,28,117,0.8,2.94,10.0
0.12,True,0.25,170.75,0.9905245346869712,2927,117,0.8,2.94,10.0
0.12,True,0.5,269.1,0.9905245346869712,2927,117,0.8,2.94,10.0
0.12,True,0.75,411.65000000000003,0.9905245346869712,2927,117,0.8,2.94,10.0
0.15,False,0.25,121.17500000000001,0.006305832895428271,24,117,0.8,2.94,10.0
0.15,False,0.5,165.55,0.006305832895428271,24,117,0.8,2.94,10.0
0.15,False,0.75,234.425,0.006305832895428271,24,117,0.8,2.94,10.0
0.15,True,0.25,148.45000000000005,0.9936941671045717,3782,117,0.8,2.94,10.0
0.15,True,0.5,221.20000000000002,0.9936941671045717,3782,117,0.8,2.94,10.0
0.15,True,0.75,337.75,0.9936941671045717,3782,117,0.8,2.94,10.0
0.0,False,0.25,208.35000000000002,0.5243055555555556,151,118,0.8,2.94,10.0
0.0,False,0.5,335.8,0.5243055555555556,151,118,0.8,2.94,10.0
0.0,False,0.75,503.1,0.5243055555555556,151,118,0.8,2.94,10.0
0.0,True,0.25,221.20000000000002,0.4756944444444444,137,118,0.8,2.94,10.0
0.0,True,0.5,360.6,0.4756944444444444,137,118,0.8,2.94,10.0
0.0,True,0.75,519.0,0.4756944444444444,137,118,0.8,2.94,10.0
0.03,False,0.25,202.425,0.26519337016574585,192,118,0.8,2.94,10.0
0.03,False,0.5,340.40000000000003,0.26519337016574585,192,118,0.8,2.94,10.0
0.03,False,0.75,493.70000000000005,0.26519337016574585,192,118,0.8,2.94,10.0
0.03,True,0.25,204.275,0.7348066298342542,532,118,0.8,2.94,10.0
0.03,True,0.5,343.9,0.7348066298342542,532,118,0.8,2.94,10.0
0.03,True,0.75,504.5,0.7348066298342542,532,118,0.8,2.94,10.0
0.06,False,0.25,153.95000000000002,0.10023866348448687,126,118,0.8,2.94,10.0
0.06,False,0.5,296.4,0.10023866348448687,126,118,0.8,2.94,10.0
0.06,False,0.75,495.675,0.10023866348448687,126,118,0.8,2.94,10.0
0.06,True,0.25,200.8,0.8997613365155132,1131,118,0.8,2.94,10.0
0.06,True,0.5,329.0,0.8997613365155132,1131,118,0.8,2.94,10.0
0.06,True,0.75,496.4,0.8997613365155132,1131,118,0.8,2.94,10.0
0.09,False,0.25,176.35000000000002,0.03536257833482542,79,118,0.8,2.94,10.0
0.09,False,0.5,277.1,0.03536257833482542,79,118,0.8,2.94,10.0
0.09,False,0.75,448.70000000000005,0.03536257833482542,79,118,0.8,2.94,10.0
0.09,True,0.25,180.85000000000002,0.9646374216651745,2155,118,0.8,2.94,10.0
0.09,True,0.5,285.00000000000006,0.9646374216651745,2155,118,0.8,2.94,10.0
0.09,True,0.75,444.20000000000005,0.9646374216651745,2155,118,0.8,2.94,10.0
0.12,False,0.25,160.55,0.014458641560188298,43,118,0.8,2.94,10.0
0.12,False,0.5,228.00000000000003,0.014458641560188298,43,118,0.8,2.94,10.0
0.12,False,0.75,315.25,0.014458641560188298,43,118,0.8,2.94,10.0
0.12,True,0.25,164.95,0.9855413584398117,2931,118,0.8,2.94,10.0
0.12,True,0.5,255.7,0.9855413584398117,2931,118,0.8,2.94,10.0
0.12,True,0.75,392.55000000000007,0.9855413584398117,2931,118,0.8,2.94,10.0
0.15,False,0.25,134.20000000000002,0.005277044854881266,20,118,0.8,2.94,10.0
0.15,False,0.5,198.8,0.005277044854881266,20,118,0.8,2.94,10.0
0.15,False,0.75,302.6,0.005277044854881266,20,118,0.8,2.94,10.0
0.15,True,0.25,146.1,0.9947229551451188,3770,118,0.8,2.94,10.0
0.15,True,0.5,214.65000000000003,0.9947229551451188,3770,118,0.8,2.94,10.0
0.15,True,0.75,338.07500000000005,0.9947229551451188,3770,118,0.8,2.94,10.0
0.0,False,0.25,242.75,0.5466666666666666,164,120,0.8,2.94,10.0
0.0,False,0.5,411.05000000000007,0.5466666666666666,164,120,0.8,2.94,10.0
0.0,False,0.75,574.5,0.5466666666666666,164,120,0.8,2.94,10.0
0.0,True,0.25,201.35,0.4533333333333333,136,120,0.8,2.94,10.0
0.0,True,0.5,325.9,0.4533333333333333,136,120,0.8,2.94,10.0
0.0,True,0.75,497.6,0.4533333333333333,136,120,0.8,2.94,10.0
0.03,False,0.25,204.27500000000003,0.24965325936199723,180,120,0.8,2.94,10.0
0.03,False,0.5,347.8,0.24965325936199723,180,120,0.8,2.94,10.0
0.03,False,0.75,483.725,0.24965325936199723,180,120,0.8,2.94,10.0
0.03,True,0.25,213.90000000000003,0.7503467406380028,541,120,0.8,2.94,10.0
0.03,True,0.5,354.50000000000006,0.7503467406380028,541,120,0.8,2.94,10.0
0.03,True,0.75,520.1,0.7503467406380028,541,120,0.8,2.94,10.0
0.06,False,0.25,184.85000000000002,0.10584518167456557,134,120,0.8,2.94,10.0
0.06,False,0.5,304.95000000000005,0.10584518167456557,134,120,0.8,2.94,10.0
0.06,False,0.75,460.55,0.10584518167456557,134,120,0.8,2.94,10.0
0.06,True,0.25,196.875,0.8941548183254344,1132,120,0.8,2.94,10.0
0.06,True,0.5,315.65,0.8941548183254344,1132,120,0.8,2.94,10.0
0.06,True,0.75,495.82500000000005,0.8941548183254344,1132,120,0.8,2.94,10.0
0.09,False,0.25,139.95,0.041723356009070296,92,120,0.8,2.94,10.0
0.09,False,0.5,207.25000000000006,0.041723356009070296,92,120,0.8,2.94,10.0
0.09,False,0.75,343.95000000000005,0.041723356009070296,92,120,0.8,2.94,10.0
0.09,True,0.25,181.9,0.9582766439909297,2113,120,0.8,2.94,10.0
0.09,True,0.5,294.6,0.9582766439909297,2113,120,0.8,2.94,10.0
0.09,True,0.75,458.1000000000001,0.9582766439909297,2113,120,0.8,2.94,10.0
0.12,False,0.25,124.0,0.017194875252865813,51,120,0.8,2.94,10.0
0.12,False,0.5,202.60000000000002,0.017194875252865813,51,120,0.8,2.94,10.0
0.12,False,0.75,371.80000000000007,0.017194875252865813,51,120,0.8,2.94,10.0
0.12,True,0.25,164.3,0.9828051247471342,2915,120,0.8,2.94,10.0
0.12,True,0.5,252.60000000000005,0.9828051247471342,2915,120,0.8,2.94,10.0
0.12,True,0.75,391.95000000000005,0.9828051247471342,2915,120,0.8,2.94,10.0
0.15,False,0.25,167.55,0.006041502495403204,23,120,0.8,2.94,10.0
0.15,False,0.5,229.10000000000002,0.006041502495403204,23,120,0.8,2.94,10.0
0.15,False,0.75,341.45000000000005,0.006041502495403204,23,120,0.8,2.94,10.0
0.15,True,0.25,147.45,0.9939584975045967,3784,120,0.8,2.94,10.0
0.15,True,0.5,220.25000000000003,0.9939584975045967,3784,120,0.8,2.94,10.0
0.15,True,0.75,339.8,0.9939584975045967,3784,120,0.8,2.94,10.0
0.0,False,0.25,192.95,0.5114754098360655,156,121,0.8,2.94,10.0
0.0,False,0.5,320.05,0.5114754098360655,156,121,0.8,2.94,10.0
0.0,False,0.75,513.6,0.5114754098360655,156,121,0.8,2.94,10.0
0.0,True,0.25,185.70000000000002,0.4885245901639344,149,121,0.8,2.94,10.0
0.0,True,0.5,316.3,0.4885245901639344,149,121,0.8,2.94,10.0
0.0,True,0.75,488.9,0.4885245901639344,149,121,0.8,2.94,10.0
0.03,False,0.25,195.70000000000002,0.23087431693989072,169,121,0.8,2.94,10.0
0.03,False,0.5,334.80000000000007,0.23087431693989072,169,121,0.8,2.94,10.0
0.03,False,0.75,524.5,0.23087431693989072,169,121,0.8,2.94,10.0
0.03,True,0.25,208.50000000000003,0.7691256830601093,563,121,0.8,2.94,10.0
0.03,True,0.5,339.6,0.7691256830601093,563,121,0.8,2.94,10.0
0.03,True,0.75,518.8499999999999,0.7691256830601093,563,121,0.8,2.94,10.0
0.06,False,0.25,172.3,0.09770992366412214,128,121,0.8,2.94,10.0
0.06,False,0.5,269.85,0.09770992366412214,128,121,0.8,2.94,10.0
0.06,False,0.75,464.85,0.09770992366412214,128,121,0.8,2.94,10.0
0.06,True,0.25,203.77500000000003,0.9022900763358779,1182,121,0.8,2.94,10.0
0.06,True,0.5,335.05000000000007,0.9022900763358779,1182,121,0.8,2.94,10.0
0.06,True,0.75,506.475,0.9022900763358779,1182,121,0.8,2.94,10.0
0.09,False,0.25,136.7,0.04075235109717868,91,121,0.8,2.94,10.0
0.09,False,0.5,288.90000000000003,0.04075235109717868,91,121,0.8,2.94,10.0
0.09,False,0.75,448.45000000000005,0.04075235109717868,91,121,0.8,2.94,10.0
0.09,True,0.25,190.225,0.9592476489028213,2142,121,0.8,2.94,10.0
0.09,True,0.5,297.15000000000003,0.9592476489028213,2142,121,0.8,2.94,10.0
0.09,True,0.75,451.90000000000003,0.9592476489028213,2142,121,0.8,2.94,10.0
0.12,False,0.25,174.3,0.017645062775704105,52,121,0.8,2.94,10.0
0.12,False,0.5,240.95000000000005,0.017645062775704105,52,121,0.8,2.94,10.0
0.12,False,0.75,403.225,0.017645062775704105,52,121,0.8,2.94,10.0
0.12,True,0.25,158.4,0.9823549372242959,2895,121,0.8,2.94,10.0
0.12,True,0.5,259.40000000000003,0.9823549372242959,2895,121,0.8,2.94,10.0
0.12,True,0.75,398.80000000000007,0.9823549372242959,2895,121,0.8,2.94,10.0
0.15,False,0.25,106.47500000000001,0.006307490144546649,24,121,0.8,2.94,10.0
0.15,False,0.5,190.10000000000002,0.006307490144546649,24,121,0.8,2.94,10.0
0.15,False,0.75,285.8,0.006307490144546649,24,121,0.8,2.94,10.0
0.15,True,0.25,146.2,0.9936925098554533,3781,121,0.8,2.94,10.0
0.15,True,0.5,217.20000000000002,0.9936925098554533,3781,121,0.8,2.94,10.0
0.15,True,0.75,339.9,0.9936925098554533,3781,121,0.8,2.94,10.0
0.0,False,0.25,212.17500000000004,0.5300353356890459,150,123,0.8,2.94,10.0
0.0,False,0.5,384.4,0.5300353356890459,150,123,0.8,2.94,10.0
0.0,False,0.75,573.975,0.5300353356890459,150,123,0.8,2.94,10.0
0.0,True,0.25,234.90000000000003,0.46996466431095407,133,123,0.8,2.94,10.0
0.0,True,0.5,413.40000000000003,0.46996466431095407,133,123,0.8,2.94,10.0
0.0,True,0.75,564.0,0.46996466431095407,133,123,0.8,2.94,10.0
0.03,False,0.25,173.225,0.2717391304347826,200,123,0.8,2.94,10.0
0.03,False,0.5,331.45000000000005,0.2717391304347826,200,123,0.8,2.94,10.0
0.03,False,0.75,516.125,0.2717391304347826,200,123,0.8,2.94,10.0
0.03,True,0.25,209.17499999999998,0.7282608695652174,536,123,0.8,2.94,10.0
0.03,True,0.5,336.6,0.7282608695652174,536,123,0.8,2.94,10.0
0.03,True,0.75,542.45,0.7282608695652174,536,123,0.8,2.94,10.0
0.06,False,0.25,211.70000000000002,0.0944138473642801,120,123,0.8,2.94,10.0
0.06,False,0.5,335.95000000000005,0.0944138473642801,120,123,0.8,2.94,10.0
0.06,False,0.75,506.375,0.0944138473642801,120,123,0.8,2.94,10.0
0.06,True,0.25,201.05000000000004,0.90558615263572,1151,123,0.8,2.94,10.0
0.06,True,0.5,322.5,0.90558615263572,1151,123,0.8,2.94,10.0
0.06,True,0.75,488.45000000000005,0.90558615263572,1151,123,0.8,2.94,10.0
0.09,False,0.25,151.07500000000002,0.030658250676284943,68,123,0.8,2.94,10.0
0.09,False,0.5,282.45,0.030658250676284943,68,123,0.8,2.94,10.0
0.09,False,0.75,447.40000000000003,0.030658250676284943,68,123,0.8,2.94,10.0
0.09,True,0.25,181.875,0.9693417493237151,2150,123,0.8,2.94,10.0
0.09,True,0.5,294.45000000000005,0.9693417493237151,2150,123,0.8,2.94,10.0
0.09,True,0.75,452.3,0.9693417493237151,2150,123,0.8,2.94,10.0
0.12,False,0.25,137.6,0.011152416356877323,33,123,0.8,2.94,10.0
0.12,False,0.5,210.70000000000002,0.011152416356877323,33,123,0.8,2.94,10.0
0.12,False,0.75,424.8,0.011152416356877323,33,123,0.8,2.94,10.0
0.12,True,0.25,166.09999999999997,0.9888475836431226,2926,123,0.8,2.94,10.0
0.12,True,0.5,262.5,0.9888475836431226,2926,123,0.8,2.94,10.0
0.12,True,0.75,402.1500000000001,0.9888475836431226,2926,123,0.8,2.94,10.0
0.15,False,0.25,133.7,0.004477218856992362,17,123,0.8,2.94,10.0
0.15,False,0.5,176.4,0.004477218856992362,17,123,0.8,2.94,10.0
0.15,False,0.75,216.9,0.004477218856992362,17,123,0.8,2.94,10.0
0.15,True,0.25,145.20000000000002,0.9955227811430076,3780,123,0.8,2.94,10.0
0.15,True,0.5,219.8,0.9955227811430076,3780,123,0.8,2.94,10.0
0.15,True,0.75,338.85,0.9955227811430076,3780,123,0.8,2.94,10.0
0.0,False,0.25,169.1,0.5016393442622951,153,127,0.8,2.94,10.0
0.0,False,0.5,310.0,0.5016393442622951,153,127,0.8,2.94,10.0
0.0,False,0.75,483.0,0.5016393442622951,153,127,0.8,2.94,10.0
0.0,True,0.25,225.9,0.49836065573770494,152,127,0.8,2.94,10.0
0.0,True,0.5,366.0,0.49836065573770494,152,127,0.8,2.94,10.0
0.0,True,0.75,509.625,0.49836065573770494,152,127,0.8,2.94,10.0
0.03,False,0.25,201.0,0.24005305039787797,181,127,0.8,2.94,10.0
0.03,False,0.5,341.0,0.24005305039787797,181,127,0.8,2.94,10.0
0.03,False,0.75,514.5000000000001,0.24005305039787797,181,127,0.8,2.94,10.0
0.03,True,0.25,199.60000000000002,0.7599469496021221,573,127,0.8,2.94,10.0
0.03,True,0.5,333.1,0.7599469496021221,573,127,0.8,2.94,10.0
0.03,True,0.75,520.8000000000001,0.7599469496021221,573,127,0.8,2.94,10.0
0.06,False,0.25,181.0,0.11444356748224152,145,127,0.8,2.94,10.0
0.06,False,0.5,290.7,0.11444356748224152,145,127,0.8,2.94,10.0
0.06,False,0.75,486.6,0.11444356748224152,145,127,0.8,2.94,10.0
0.06,True,0.25,199.47500000000002,0.8855564325177585,1122,127,0.8,2.94,10.0
0.06,True,0.5,333.75,0.8855564325177585,1122,127,0.8,2.94,10.0
0.06,True,0.75,496.85,0.8855564325177585,1122,127,0.8,2.94,10.0
0.09,False,0.25,154.75,0.031938821412505626,71,127,0.8,2.94,10.0
0.09,False,0.5,271.8,0.031938821412505626,71,127,0.8,2.94,10.0
0.09,False,0.75,398.05000000000007,0.031938821412505626,71,127,0.8,2.94,10.0
0.09,True,0.25,179.57500000000002,0.9680611785874944,2152,127,0.8,2.94,10.0
0.09,True,0.5,294.65000000000003,0.9680611785874944,2152,127,0.8,2.94,10.0
0.09,True,0.75,455.0,0.9680611785874944,2152,127,0.8,2.94,10.0
0.12,False,0.25,152.79999999999998,0.016610169491525422,49,127,0.8,2.94,10.0
0.12,False,0.5,293.5,0.016610169491525422,49,127,0.8,2.94,10.0
0.12,False,0.75,415.7,0.016610169491525422,49,127,0.8,2.94,10.0
0.12,True,0.25,164.20000000000002,0.9833898305084746,2901,127,0.8,2.94,10.0
0.12,True,0.5,258.90000000000003,0.9833898305084746,2901,127,0.8,2.94,10.0
0.12,True,0.75,409.6,0.9833898305084746,2901,127,0.8,2.94,10.0
0.15,False,0.25,140.875,0.005249343832020997,20,127,0.8,2.94,10.0
0.15,False,0.5,208.10000000000002,0.005249343832020997,20,127,0.8,2.94,10.0
0.15,False,0.75,333.25,0.005249343832020997,20,127,0.8,2.94,10.0
0.15,True,0.25,141.95,0.994750656167979,3790,127,0.8,2.94,10.0
0.15,True,0.5,220.10000000000002,0.994750656167979,3790,127,0.8,2.94,10.0
0.15,True,0.75,340.75000000000006,0.994750656167979,3790,127,0.8,2.94,10.0
0.0,False,0.25,203.95000000000005,0.5567765567765568,152,134,0.8,2.94,10.0
0.0,False,0.5,339.15,0.5567765567765568,152,134,0.8,2.94,10.0
0.0,False,0.75,531.325,0.5567765567765568,152,134,0.8,2.94,10.0
0.0,True,0.25,191.60000000000002,0.4432234432234432,121,134,0.8,2.94,10.0
0.0,True,0.5,329.1000000000001,0.4432234432234432,121,134,0.8,2.94,10.0
0.0,True,0.75,507.2,0.4432234432234432,121,134,0.8,2.94,10.0
0.03,False,0.25,227.00000000000006,0.2359249329758713,176,134,0.8,2.94,10.0
0.03,False,0.5,348.6,0.2359249329758713,176,134,0.8,2.94,10.0
0.03,False,0.75,515.45,0.2359249329758713,176,134,0.8,2.94,10.0
0.03,True,0.25,219.025,0.7640750670241286,570,134,0.8,2.94,10.0
0.03,True,0.5,366.55,0.7640750670241286,570,134,0.8,2.94,10.0
0.03,True,0.75,532.55,0.7640750670241286,570,134,0.8,2.94,10.0
0.06,False,0.25,204.52500000000003,0.12121212121212122,152,134,0.8,2.94,10.0
0.06,False,0.5,313.20000000000005,0.12121212121212122,152,134,0.8,2.94,10.0
0.06,False,0.75,480.625,0.12121212121212122,152,134,0.8,2.94,10.0
0.06,True,0.25,196.0,0.8787878787878788,1102,134,0.8,2.94,10.0
0.06,True,0.5,316.0,0.8787878787878788,1102,134,0.8,2.94,10.0
0.06,True,0.75,472.05,0.8787878787878788,1102,134,0.8,2.94,10.0
0.09,False,0.25,157.3,0.03553756185335133,79,134,0.8,2.94,10.0
0.09,False,0.5,281.7,0.03553756185335133,79,134,0.8,2.94,10.0
0.09,False,0.75,416.0,0.03553756185335133,79,134,0.8,2.94,10.0
0.09,True,0.25,175.8,0.9644624381466487,2144,134,0.8,2.94,10.0
0.09,True,0.5,283.75,0.9644624381466487,2144,134,0.8,2.94,10.0
0.09,True,0.75,445.075,0.9644624381466487,2144,134,0.8,2.94,10.0
0.12,False,0.25,129.47500000000002,0.016232668244842745,48,134,0.8,2.94,10.0
0.12,False,0.5,228.95000000000005,0.016232668244842745,48,134,0.8,2.94,10.0
0.12,False,0.75,389.5250000000001,0.016232668244842745,48,134,0.8,2.94,10.0
0.12,True,0.25,159.6,0.9837673317551573,2909,134,0.8,2.94,10.0
0.12,True,0.5,250.8,0.9837673317551573,2909,134,0.8,2.94,10.0
0.12,True,0.75,389.50000000000006,0.9837673317551573,2909,134,0.8,2.94,10.0
0.15,False,0.25,142.125,0.008390141583639224,32,134,0.8,2.94,10.0
0.15,False,0.5,225.40000000000003,0.008390141583639224,32,134,0.8,2.94,10.0
0.15,False,0.75,320.075,0.008390141583639224,32,134,0.8,2.94,10.0
0.15,True,0.25,145.5,0.9916098584163607,3782,134,0.8,2.94,10.0
0.15,True,0.5,216.3,0.9916098584163607,3782,134,0.8,2.94,10.0
0.15,True,0.75,333.5,0.9916098584163607,3782,134,0.8,2.94,10.0
0.0,False,0.25,208.55,0.496875,159,135,0.8,2.94,10.0
0.0,False,0.5,359.1,0.496875,159,135,0.8,2.94,10.0
0.0,False,0.75,550.3,0.496875,159,135,0.8,2.94,10.0
0.0,True,0.25,206.70000000000002,0.503125,161,135,0.8,2.94,10.0
0.0,True,0.5,349.30000000000007,0.503125,161,135,0.8,2.94,10.0
0.0,True,0.75,565.6999999999999,0.503125,161,135,0.8,2.94,10.0
0.03,False,0.25,218.27500000000003,0.2584856396866841,198,135,0.8,2.94,10.0
0.03,False,0.5,331.15,0.2584856396866841,198,135,0.8,2.94,10.0
0.03,False,0.75,520.0,0.2584856396866841,198,135,0.8,2.94,10.0
0.03,True,0.25,189.50000000000003,0.741514360313316,568,135,0.8,2.94,10.0
0.03,True,0.5,320.45000000000005,0.741514360313316,568,135,0.8,2.94,10.0
0.03,True,0.75,499.1,0.741514360313316,568,135,0.8,2.94,10.0
0.06,False,0.25,189.0,0.10480693459416864,133,135,0.8,2.94,10.0
0.06,False,0.5,356.90000000000003,0.10480693459416864,133,135,0.8,2.94,10.0
0.06,False,0.75,544.6999999999999,0.10480693459416864,133,135,0.8,2.94,10.0
0.06,True,0.25,200.70000000000002,0.8951930654058313,1136,135,0.8,2.94,10.0
0.06,True,0.5,332.85,0.8951930654058313,1136,135,0.8,2.94,10.0
0.06,True,0.75,496.12500000000006,0.8951930654058313,1136,135,0.8,2.94,10.0
0.09,False,0.25,140.17499999999998,0.04151624548736462,92,135,0.8,2.94,10.0
0.09,False,0.5,240.3,0.04151624548736462,92,135,0.8,2.94,10.0
0.09,False,0.75,427.1000000000001,0.04151624548736462,92,135,0.8,2.94,10.0
0.09,True,0.25,172.975,0.9584837545126353,2124,135,0.8,2.94,10.0
0.09,True,0.5,281.45000000000005,0.9584837545126353,2124,135,0.8,2.94,10.0
0.09,True,0.75,437.075,0.9584837545126353,2124,135,0.8,2.94,10.0
0.12,False,0.25,142.8,0.017917511832319134,53,135,0.8,2.94,10.0
0.12,False,0.5,208.60000000000002,0.017917511832319134,53,135,0.8,2.94,10.0
0.12,False,0.75,307.40000000000003,0.017917511832319134,53,135,0.8,2.94,10.0
0.12,True,0.25,161.1,0.9820824881676808,2905,135,0.8,2.94,10.0
0.12,True,0.5,251.2,0.9820824881676808,2905,135,0.8,2.94,10.0
0.12,True,0.75,394.2,0.9820824881676808,2905,135,0.8,2.94,10.0
0.15,False,0.25,128.3,0.005243838489774515,20,135,0.8,2.94,10.0
0.15,False,0.5,196.9,0.005243838489774515,20,135,0.8,2.94,10.0
0.15,False,0.75,320.67499999999995,0.005243838489774515,20,135,0.8,2.94,10.0
0.15,True,0.25,145.75,0.9947561615102255,3794,135,0.8,2.94,10.0
0.15,True,0.5,219.00000000000003,0.9947561615102255,3794,135,0.8,2.94,10.0
0.15,True,0.75,339.9,0.9947561615102255,3794,135,0.8,2.94,10.0
0.0,False,0.25,214.3,0.5728813559322034,169,152,0.8,2.94,10.0
0.0,False,0.5,317.1,0.5728813559322034,169,152,0.8,2.94,10.0
0.0,False,0.75,485.9,0.5728813559322034,169,152,0.8,2.94,10.0
0.0,True,0.25,202.27500000000003,0.4271186440677966,126,152,0.8,2.94,10.0
0.0,True,0.5,308.05,0.4271186440677966,126,152,0.8,2.94,10.0
0.0,True,0.75,532.6000000000001,0.4271186440677966,126,152,0.8,2.94,10.0
0.03,False,0.25,193.475,0.27309236947791166,204,152,0.8,2.94,10.0
0.03,False,0.5,321.15000000000003,0.27309236947791166,204,152,0.8,2.94,10.0
0.03,False,0.75,483.15,0.27309236947791166,204,152,0.8,2.94,10.0
0.03,True,0.25,199.10000000000002,0.7269076305220884,543,152,0.8,2.94,10.0
0.03,True,0.5,329.90000000000003,0.7269076305220884,543,152,0.8,2.94,10.0
0.03,True,0.75,514.75,0.7269076305220884,543,152,0.8,2.94,10.0
0.06,False,0.25,200.70000000000002,0.09557661927330174,121,152,0.8,2.94,10.0
0.06,False,0.5,321.79999999999995,0.09557661927330174,121,152,0.8,2.94,10.0
0.06,False,0.75,491.8,0.09557661927330174,121,152,0.8,2.94,10.0
0.06,True,0.25,191.60000000000002,0.9044233807266983,1145,152,0.8,2.94,10.0
0.06,True,0.5,312.3,0.9044233807266983,1145,152,0.8,2.94,10.0
0.06,True,0.75,479.6,0.9044233807266983,1145,152,0.8,2.94,10.0
0.09,False,0.25,166.475,0.034141958670260555,76,152,0.8,2.94,10.0
0.09,False,0.5,240.10000000000002,0.034141958670260555,76,152,0.8,2.94,10.0
0.09,False,0.75,398.25000000000006,0.034141958670260555,76,152,0.8,2.94,10.0
0.09,True,0.25,179.15,0.9658580413297394,2150,152,0.8,2.94,10.0
0.09,True,0.5,284.8,0.9658580413297394,2150,152,0.8,2.94,10.0
0.09,True,0.75,444.725,0.9658580413297394,2150,152,0.8,2.94,10.0
0.12,False,0.25,147.25,0.020202020202020204,60,152,0.8,2.94,10.0
0.12,False,0.5,233.10000000000002,0.020202020202020204,60,152,0.8,2.94,10.0
0.12,False,0.75,368.42500000000007,0.020202020202020204,60,152,0.8,2.94,10.0
0.12,True,0.25,163.95,0.9797979797979798,2910,152,0.8,2.94,10.0
0.12,True,0.5,257.55,0.9797979797979798,2910,152,0.8,2.94,10.0
0.12,True,0.75,399.35,0.9797979797979798,2910,152,0.8,2.94,10.0
0.15,False,0.25,148.50000000000003,0.0044316996871741395,17,152,0.8,2.94,10.0
0.15,False,0.5,220.60000000000005,0.0044316996871741395,17,152,0.8,2.94,10.0
0.15,False,0.75,252.0,0.0044316996871741395,17,152,0.8,2.94,10.0
0.15,True,0.25,146.75,0.9955683003128258,3819,152,0.8,2.94,10.0
0.15,True,0.5,218.8,0.9955683003128258,3819,152,0.8,2.94,10.0
0.15,True,0.75,339.1,0.9955683003128258,3819,152,0.8,2.94,10.0
0.0,False,0.25,223.42500000000004,0.5347222222222222,154,156,0.8,2.94,10.0
0.0,False,0.5,337.65000000000003,0.5347222222222222,154,156,0.8,2.94,10.0
0.0,False,0.75,512.575,0.5347222222222222,154,156,0.8,2.94,10.0
0.0,True,0.25,228.00000000000003,0.4652777777777778,134,156,0.8,2.94,10.0
0.0,True,0.5,375.25000000000006,0.4652777777777778,134,156,0.8,2.94,10.0
0.0,True,0.75,529.0,0.4652777777777778,134,156,0.8,2.94,10.0
0.03,False,0.25,214.30000000000004,0.2636363636363636,203,156,0.8,2.94,10.0
0.03,False,0.5,354.1,0.2636363636363636,203,156,0.8,2.94,10.0
0.03,False,0.75,515.25,0.2636363636363636,203,156,0.8,2.94,10.0
0.03,True,0.25,221.7,0.7363636363636363,567,156,0.8,2.94,10.0
0.03,True,0.5,347.30000000000007,0.7363636363636363,567,156,0.8,2.94,10.0
0.03,True,0.75,505.6,0.7363636363636363,567,156,0.8,2.94,10.0
0.06,False,0.25,183.39999999999998,0.1122369446609509,144,156,0.8,2.94,10.0
0.06,False,0.5,329.9000000000001,0.1122369446609509,144,156,0.8,2.94,10.0
0.06,False,0.75,476.59999999999997,0.1122369446609509,144,156,0.8,2.94,10.0
0.06,True,0.25,204.90000000000003,0.8877630553390491,1139,156,0.8,2.94,10.0
0.06,True,0.5,350.8,0.8877630553390491,1139,156,0.8,2.94,10.0
0.06,True,0.75,515.4,0.8877630553390491,1139,156,0.8,2.94,10.0
0.09,False,0.25,194.225,0.046181172291296625,104,156,0.8,2.94,10.0
0.09,False,0.5,300.15000000000003,0.046181172291296625,104,156,0.8,2.94,10.0
0.09,False,0.75,468.875,0.046181172291296625,104,156,0.8,2.94,10.0
0.09,True,0.25,178.19999999999996,0.9538188277087034,2148,156,0.8,2.94,10.0
0.09,True,0.5,287.85,0.9538188277087034,2148,156,0.8,2.94,10.0
0.09,True,0.75,446.80000000000007,0.9538188277087034,2148,156,0.8,2.94,10.0
0.12,False,0.25,144.875,0.0160857908847185,48,156,0.8,2.94,10.0
0.12,False,0.5,223.3,0.0160857908847185,48,156,0.8,2.94,10.0
0.12,False,0.75,333.17500000000007,0.0160857908847185,48,156,0.8,2.94,10.0
0.12,True,0.25,162.875,0.9839142091152815,2936,156,0.8,2.94,10.0
0.12,True,0.5,255.4,0.9839142091152815,2936,156,0.8,2.94,10.0
0.12,True,0.75,393.70000000000005,0.9839142091152815,2936,156,0.8,2.94,10.0
0.15,False,0.25,123.2,0.00655307994757536,25,156,0.8,2.94,10.0
0.15,False,0.5,216.70000000000005,0.00655307994757536,25,156,0.8,2.94,10.0
0.15,False,0.75,291.6,0.00655307994757536,25,156,0.8,2.94,10.0
0.15,True,0.25,147.025,0.9934469200524246,3790,156,0.8,2.94,10.0
0.15,True,0.5,223.90000000000003,0.9934469200524246,3790,156,0.8,2.94,10.0
0.15,True,0.75,336.975,0.9934469200524246,3790,156,0.8,2.94,10.0
0.0,False,0.25,220.65,0.5119453924914675,150,158,0.8,2.94,10.0
0.0,False,0.5,408.25000000000006,0.5119453924914675,150,158,0.8,2.94,10.0
0.0,False,0.75,585.35,0.5119453924914675,150,158,0.8,2.94,10.0
0.0,True,0.25,227.35000000000002,0.4880546075085324,143,158,0.8,2.94,10.0
0.0,True,0.5,367.8,0.4880546075085324,143,158,0.8,2.94,10.0
0.0,True,0.75,526.35,0.4880546075085324,143,158,0.8,2.94,10.0
0.03,False,0.25,196.525,0.2536327608982827,192,158,0.8,2.94,10.0
0.03,False,0.5,324.45000000000005,0.2536327608982827,192,158,0.8,2.94,10.0
0.03,False,0.75,522.675,0.2536327608982827,192,158,0.8,2.94,10.0
0.03,True,0.25,222.9,0.7463672391017173,565,158,0.8,2.94,10.0
0.03,True,0.5,353.8,0.7463672391017173,565,158,0.8,2.94,10.0
0.03,True,0.75,539.2,0.7463672391017173,565,158,0.8,2.94,10.0
0.06,False,0.25,193.05,0.09399684044233807,119,158,0.8,2.94,10.0
0.06,False,0.5,308.09999999999997,0.09399684044233807,119,158,0.8,2.94,10.0
0.06,False,0.75,477.65000000000003,0.09399684044233807,119,158,0.8,2.94,10.0
0.06,True,0.25,188.90000000000003,0.906003159557662,1147,158,0.8,2.94,10.0
0.06,True,0.5,297.4,0.906003159557662,1147,158,0.8,2.94,10.0
0.06,True,0.75,487.05,0.906003159557662,1147,158,0.8,2.94,10.0
0.09,False,0.25,155.99999999999997,0.038271049076992344,85,158,0.8,2.94,10.0
0.09,False,0.5,275.2,0.038271049076992344,85,158,0.8,2.94,10.0
0.09,False,0.75,456.5,0.038271049076992344,85,158,0.8,2.94,10.0
0.09,True,0.25,179.675,0.9617289509230077,2136,158,0.8,2.94,10.0
0.09,True,0.5,299.00000000000006,0.9617289509230077,2136,158,0.8,2.94,10.0
0.09,True,0.75,463.525,0.9617289509230077,2136,158,0.8,2.94,10.0
0.12,False,0.25,134.55,0.013278855975485188,39,158,0.8,2.94,10.0
0.12,False,0.5,176.70000000000002,0.013278855975485188,39,158,0.8,2.94,10.0
0.12,False,0.75,314.6,0.013278855975485188,39,158,0.8,2.94,10.0
0.12,True,0.25,165.225,0.9867211440245148,2898,158,0.8,2.94,10.0
0.12,True,0.5,263.35,0.9867211440245148,2898,158,0.8,2.94,10.0
0.12,True,0.75,410.2,0.9867211440245148,2898,158,0.8,2.94,10.0
0.15,False,0.25,134.425,0.007378129117259552,28,158,0.8,2.94,10.0
0.15,False,0.5,192.0,0.007378129117259552,28,158,0.8,2.94,10.0
0.15,False,0.75,261.375,0.007378129117259552,28,158,0.8,2.94,10.0
0.15,True,0.25,145.35000000000002,0.9926218708827405,3767,158,0.8,2.94,10.0
0.15,True,0.5,224.20000000000005,0.9926218708827405,3767,158,0.8,2.94,10.0
0.15,True,0.75,345.2,0.9926218708827405,3767,158,0.8,2.94,10.0
0.0,False,0.25,233.35000000000002,0.5429553264604811,158,163,0.8,2.94,10.0
0.0,False,0.5,406.7500000000001,0.5429553264604811,158,163,0.8,2.94,10.0
0.0,False,0.75,586.2,0.5429553264604811,158,163,0.8,2.94,10.0
0.0,True,0.25,216.4,0.4570446735395189,133,163,0.8,2.94,10.0
0.0,True,0.5,344.7,0.4570446735395189,133,163,0.8,2.94,10.0
0.0,True,0.75,510.1,0.4570446735395189,133,163,0.8,2.94,10.0
0.03,False,0.25,184.675,0.24022346368715083,172,163,0.8,2.94,10.0
0.03,False,0.5,344.05000000000007,0.24022346368715083,172,163,0.8,2.94,10.0
0.03,False,0.75,525.2,0.24022346368715083,172,163,0.8,2.94,10.0
0.03,True,0.25,224.40000000000003,0.7597765363128491,544,163,0.8,2.94,10.0
0.03,True,0.5,359.40000000000003,0.7597765363128491,544,163,0.8,2.94,10.0
0.03,True,0.75,522.05,0.7597765363128491,544,163,0.8,2.94,10.0
0.06,False,0.25,190.9,0.11222910216718267,145,163,0.8,2.94,10.0
0.06,False,0.5,347.1,0.11222910216718267,145,163,0.8,2.94,10.0
0.06,False,0.75,485.29999999999995,0.11222910216718267,145,163,0.8,2.94,10.0
0.06,True,0.25,195.7,0.8877708978328174,1147,163,0.8,2.94,10.0
0.06,True,0.5,313.3,0.8877708978328174,1147,163,0.8,2.94,10.0
0.06,True,0.75,496.80000000000007,0.8877708978328174,1147,163,0.8,2.94,10.0
0.09,False,0.25,172.65,0.04134831460674157,92,163,0.8,2.94,10.0
0.09,False,0.5,299.30000000000007,0.04134831460674157,92,163,0.8,2.94,10.0
0.09,False,0.75,471.37500000000006,0.04134831460674157,92,163,0.8,2.94,10.0
0.09,True,0.25,176.70000000000002,0.9586516853932584,2133,163,0.8,2.94,10.0
0.09,True,0.5,291.4,0.9586516853932584,2133,163,0.8,2.94,10.0
0.09,True,0.75,450.70000000000005,0.9586516853932584,2133,163,0.8,2.94,10.0
0.12,False,0.25,142.6,0.01799660441426146,53,163,0.8,2.94,10.0
0.12,False,0.5,190.8,0.01799660441426146,53,163,0.8,2.94,10.0
0.12,False,0.75,348.4,0.01799660441426146,53,163,0.8,2.94,10.0
0.12,True,0.25,158.975,0.9820033955857386,2892,163,0.8,2.94,10.0
0.12,True,0.5,260.05000000000007,0.9820033955857386,2892,163,0.8,2.94,10.0
0.12,True,0.75,397.625,0.9820033955857386,2892,163,0.8,2.94,10.0
0.15,False,0.25,119.275,0.006822356336919444,26,163,0.8,2.94,10.0
0.15,False,0.5,160.10000000000002,0.006822356336919444,26,163,0.8,2.94,10.0
0.15,False,0.75,279.95000000000005,0.006822356336919444,26,163,0.8,2.94,10.0
0.15,True,0.25,146.50000000000003,0.9931776436630806,3785,163,0.8,2.94,10.0
0.15,True,0.5,224.30000000000004,0.9931776436630806,3785,163,0.8,2.94,10.0
0.15,True,0.75,341.20000000000005,0.9931776436630806,3785,163,0.8,2.94,10.0
0.0,False,0.25,222.77500000000003,0.5016722408026756,150,164,0.8,2.94,10.0
0.0,False,0.5,376.30000000000007,0.5016722408026756,150,164,0.8,2.94,10.0
0.0,False,0.75,538.175,0.5016722408026756,150,164,0.8,2.94,10.0
0.0,True,0.25,221.50000000000003,0.4983277591973244,149,164,0.8,2.94,10.0
0.0,True,0.5,387.2000000000001,0.4983277591973244,149,164,0.8,2.94,10.0
0.0,True,0.75,540.8000000000001,0.4983277591973244,149,164,0.8,2.94,10.0
0.03,False,0.25,209.55000000000004,0.27365728900255754,214,164,0.8,2.94,10.0
0.03,False,0.5,338.55,0.27365728900255754,214,164,0.8,2.94,10.0
0.03,False,0.75,516.475,0.27365728900255754,214,164,0.8,2.94,10.0
0.03,True,0.25,201.17500000000004,0.7263427109974424,568,164,0.8,2.94,10.0
0.03,True,0.5,333.15000000000003,0.7263427109974424,568,164,0.8,2.94,10.0
0.03,True,0.75,505.82499999999993,0.7263427109974424,568,164,0.8,2.94,10.0
0.06,False,0.25,158.24999999999997,0.10810810810810811,140,164,0.8,2.94,10.0
0.06,False,0.5,307.1,0.10810810810810811,140,164,0.8,2.94,10.0
0.06,False,0.75,461.85,0.10810810810810811,140,164,0.8,2.94,10.0
0.06,True,0.25,192.6,0.8918918918918919,1155,164,0.8,2.94,10.0
0.06,True,0.5,336.40000000000003,0.8918918918918919,1155,164,0.8,2.94,10.0
0.06,True,0.75,493.59999999999997,0.8918918918918919,1155,164,0.8,2.94,10.0
0.09,False,0.25,174.09999999999997,0.045722046174739704,101,164,0.8,2.94,10.0
0.09,False,0.5,309.7,0.045722046174739704,101,164,0.8,2.94,10.0
0.09,False,0.75,458.99999999999994,0.045722046174739704,101,164,0.8,2.94,10.0
0.09,True,0.25,177.95,0.9542779538252603,2108,164,0.8,2.94,10.0
0.09,True,0.5,296.15000000000003,0.9542779538252603,2108,164,0.8,2.94,10.0
0.09,True,0.75,454.85,0.9542779538252603,2108,164,0.8,2.94,10.0
0.12,False,0.25,144.35,0.01714862138533961,51,164,0.8,2.94,10.0
0.12,False,0.5,251.5,0.01714862138533961,51,164,0.8,2.94,10.0
0.12,False,0.75,370.25000000000006,0.01714862138533961,51,164,0.8,2.94,10.0
0.12,True,0.25,158.79999999999998,0.9828513786146604,2923,164,0.8,2.94,10.0
0.12,True,0.5,256.90000000000003,0.9828513786146604,2923,164,0.8,2.94,10.0
0.12,True,0.75,391.30000000000007,0.9828513786146604,2923,164,0.8,2.94,10.0
0.15,False,0.25,141.20000000000002,0.00864100549882168,33,164,0.8,2.94,10.0
0.15,False,0.5,202.60000000000002,0.00864100549882168,33,164,0.8,2.94,10.0
0.15,False,0.75,290.7,0.00864100549882168,33,164,0.8,2.94,10.0
0.15,True,0.25,148.925,0.9913589945011784,3786,164,0.8,2.94,10.0
0.15,True,0.5,227.45000000000005,0.9913589945011784,3786,164,0.8,2.94,10.0
0.15,True,0.75,345.25000000000006,0.9913589945011784,3786,164,0.8,2.94,10.0
0.0,False,0.25,186.70000000000005,0.5210355987055016,161,165,0.8,2.94,10.0
0.0,False,0.5,332.3,0.5210355987055016,161,165,0.8,2.94,10.0
0.0,False,0.75,504.09999999999997,0.5210355987055016,161,165,0.8,2.94,10.0
0.0,True,0.25,198.72500000000002,0.47896440129449835,148,165,0.8,2.94,10.0
0.0,True,0.5,338.25,0.47896440129449835,148,165,0.8,2.94,10.0
0.0,True,0.75,526.45,0.47896440129449835,148,165,0.8,2.94,10.0
0.03,False,0.25,196.45,0.25810635538262,199,165,0.8,2.94,10.0
0.03,False,0.5,356.1,0.25810635538262,199,165,0.8,2.94,10.0
0.03,False,0.75,544.15,0.25810635538262,199,165,0.8,2.94,10.0
0.03,True,0.25,197.675,0.74189364461738,572,165,0.8,2.94,10.0
0.03,True,0.5,329.6,0.74189364461738,572,165,0.8,2.94,10.0
0.03,True,0.75,508.54999999999995,0.74189364461738,572,165,0.8,2.94,10.0
0.06,False,0.25,200.70000000000002,0.11292834890965732,145,165,0.8,2.94,10.0
0.06,False,0.5,309.20000000000005,0.11292834890965732,145,165,0.8,2.94,10.0
0.06,False,0.75,466.8,0.11292834890965732,145,165,0.8,2.94,10.0
0.06,True,0.25,190.4,0.8870716510903427,1139,165,0.8,2.94,10.0
0.06,True,0.5,312.8,0.8870716510903427,1139,165,0.8,2.94,10.0
0.06,True,0.75,490.65000000000003,0.8870716510903427,1139,165,0.8,2.94,10.0
0.09,False,0.25,162.425,0.045413260672116255,100,165,0.8,2.94,10.0
0.09,False,0.5,247.35000000000002,0.045413260672116255,100,165,0.8,2.94,10.0
0.09,False,0.75,386.50000000000006,0.045413260672116255,100,165,0.8,2.94,10.0
0.09,True,0.25,184.32500000000002,0.9545867393278837,2102,165,0.8,2.94,10.0
0.09,True,0.5,294.95000000000005,0.9545867393278837,2102,165,0.8,2.94,10.0
0.09,True,0.75,445.80000000000007,0.9545867393278837,2102,165,0.8,2.94,10.0
0.12,False,0.25,170.14999999999998,0.01449763991908294,43,165,0.8,2.94,10.0
0.12,False,0.5,244.90000000000003,0.01449763991908294,43,165,0.8,2.94,10.0
0.12,False,0.75,386.15000000000003,0.01449763991908294,43,165,0.8,2.94,10.0
0.12,True,0.25,162.15000000000003,0.9855023600809171,2923,165,0.8,2.94,10.0
0.12,True,0.5,259.29999999999995,0.9855023600809171,2923,165,0.8,2.94,10.0
0.12,True,0.75,398.5,0.9855023600809171,2923,165,0.8,2.94,10.0
0.15,False,0.25,119.22500000000002,0.00683311432325887,26,165,0.8,2.94,10.0
0.15,False,0.5,195.15,0.00683311432325887,26,165,0.8,2.94,10.0
0.15,False,0.75,265.275,0.00683311432325887,26,165,0.8,2.94,10.0
0.15,True,0.25,144.40000000000003,0.9931668856767412,3779,165,0.8,2.94,10.0
0.15,True,0.5,219.80000000000004,0.9931668856767412,3779,165,0.8,2.94,10.0
0.15,True,0.75,339.05,0.9931668856767412,3779,165,0.8,2.94,10.0
0.0,False,0.25,179.29999999999998,0.53125,153,166,0.8,2.94,10.0
0.0,False,0.5,344.2,0.53125,153,166,0.8,2.94,10.0
0.0,False,0.75,524.1,0.53125,153,166,0.8,2.94,10.0
0.0,True,0.25,207.5,0.46875,135,166,0.8,2.94,10.0
0.0,True,0.5,341.7,0.46875,135,166,0.8,2.94,10.0
0.0,True,0.75,462.15,0.46875,135,166,0.8,2.94,10.0
0.03,False,0.25,226.00000000000003,0.2907801418439716,205,166,0.8,2.94,10.0
0.03,False,0.5,350.0,0.2907801418439716,205,166,0.8,2.94,10.0
0.03,False,0.75,536.2,0.2907801418439716,205,166,0.8,2.94,10.0
0.03,True,0.25,195.89999999999998,0.7092198581560284,500,166,0.8,2.94,10.0
0.03,True,0.5,340.8,0.7092198581560284,500,166,0.8,2.94,10.0
0.03,True,0.75,509.5,0.7092198581560284,500,166,0.8,2.94,10.0
0.06,False,0.25,165.5,0.09542586750788644,121,166,0.8,2.94,10.0
0.06,False,0.5,348.2,0.09542586750788644,121,166,0.8,2.94,10.0
0.06,False,0.75,506.1,0.09542586750788644,121,166,0.8,2.94,10.0
0.06,True,0.25,199.70000000000002,0.9045741324921136,1147,166,0.8,2.94,10.0
0.06,True,0.5,339.20000000000005,0.9045741324921136,1147,166,0.8,2.94,10.0
0.06,True,0.75,496.70000000000005,0.9045741324921136,1147,166,0.8,2.94,10.0
0.09,False,0.25,160.8,0.045291479820627804,101,166,0.8,2.94,10.0
0.09,False,0.5,258.40000000000003,0.045291479820627804,101,166,0.8,2.94,10.0
0.09,False,0.75,401.40000000000003,0.045291479820627804,101,166,0.8,2.94,10.0
0.09,True,0.25,185.39999999999998,0.9547085201793722,2129,166,0.8,2.94,10.0
0.09,True,0.5,299.3,0.9547085201793722,2129,166,0.8,2.94,10.0
0.09,True,0.75,457.4,0.9547085201793722,2129,166,0.8,2.94,10.0
0.12,False,0.25,129.8,0.013827993254637436,41,166,0.8,2.94,10.0
0.12,False,0.5,230.70000000000005,0.013827993254637436,41,166,0.8,2.94,10.0
0.12,False,0.75,300.90000000000003,0.013827993254637436,41,166,0.8,2.94,10.0
0.12,True,0.25,164.975,0.9861720067453625,2924,166,0.8,2.94,10.0
0.12,True,0.5,257.0,0.9861720067453625,2924,166,0.8,2.94,10.0
0.12,True,0.75,397.52500000000003,0.9861720067453625,2924,166,0.8,2.94,10.0
0.15,False,0.25,107.99999999999999,0.006535947712418301,25,166,0.8,2.94,10.0
0.15,False,0.5,130.4,0.006535947712418301,25,166,0.8,2.94,10.0
0.15,False,0.75,256.20000000000005,0.006535947712418301,25,166,0.8,2.94,10.0
0.15,True,0.25,146.45000000000002,0.9934640522875817,3800,166,0.8,2.94,10.0
0.15,True,0.5,218.75000000000003,0.9934640522875817,3800,166,0.8,2.94,10.0
0.15,True,0.75,341.32500000000005,0.9934640522875817,3800,166,0.8,2.94,10.0
0.0,False,0.25,207.05,0.5166666666666667,155,171,0.8,2.94,10.0
0.0,False,0.5,363.20000000000005,0.5166666666666667,155,171,0.8,2.94,10.0
0.0,False,0.75,520.1,0.5166666666666667,155,171,0.8,2.94,10.0
0.0,True,0.25,237.1,0.48333333333333334,145,171,0.8,2.94,10.0
0.0,True,0.5,372.30000000000007,0.48333333333333334,145,171,0.8,2.94,10.0
0.0,True,0.75,528.9000000000001,0.48333333333333334,145,171,0.8,2.94,10.0
0.03,False,0.25,184.57500000000002,0.21166892808683854,156,171,0.8,2.94,10.0
0.03,False,0.5,307.6,0.21166892808683854,156,171,0.8,2.94,10.0
0.03,False,0.75,496.1,0.21166892808683854,156,171,0.8,2.94,10.0
0.03,True,0.25,212.20000000000002,0.7883310719131614,581,171,0.8,2.94,10.0
0.03,True,0.5,354.8,0.7883310719131614,581,171,0.8,2.94,10.0
0.03,True,0.75,507.1000000000001,0.7883310719131614,581,171,0.8,2.94,10.0
0.06,False,0.25,180.625,0.10526315789473684,132,171,0.8,2.94,10.0
0.06,False,0.5,289.8,0.10526315789473684,132,171,0.8,2.94,10.0
0.06,False,0.75,440.20000000000005,0.10526315789473684,132,171,0.8,2.94,10.0
0.06,True,0.25,206.97500000000002,0.8947368421052632,1122,171,0.8,2.94,10.0
0.06,True,0.5,336.6,0.8947368421052632,1122,171,0.8,2.94,10.0
0.06,True,0.75,501.525,0.8947368421052632,1122,171,0.8,2.94,10.0
0.09,False,0.25,166.75,0.038112522686025406,84,171,0.8,2.94,10.0
0.09,False,0.5,275.70000000000005,0.038112522686025406,84,171,0.8,2.94,10.0
0.09,False,0.75,454.20000000000005,0.038112522686025406,84,171,0.8,2.94,10.0
0.09,True,0.25,177.85,0.9618874773139746,2120,171,0.8,2.94,10.0
0.09,True,0.5,300.6,0.9618874773139746,2120,171,0.8,2.94,10.0
0.09,True,0.75,457.5,0.9618874773139746,2120,171,0.8,2.94,10.0
0.12,False,0.25,112.025,0.01634877384196185,48,171,0.8,2.94,10.0
0.12,False,0.5,180.70000000000005,0.01634877384196185,48,171,0.8,2.94,10.0
0.12,False,0.75,341.30000000000007,0.01634877384196185,48,171,0.8,2.94,10.0
0.12,True,0.25,165.8,0.9836512261580381,2888,171,0.8,2.94,10.0
0.12,True,0.5,262.45000000000005,0.9836512261580381,2888,171,0.8,2.94,10.0
0.12,True,0.75,402.275,0.9836512261580381,2888,171,0.8,2.94,10.0
0.15,False,0.25,123.60000000000001,0.0044795783926218705,17,171,0.8,2.94,10.0
0.15,False,0.5,238.90000000000003,0.0044795783926218705,17,171,0.8,2.94,10.0
0.15,False,0.75,383.70000000000005,0.0044795783926218705,17,171,0.8,2.94,10.0
0.15,True,0.25,145.20000000000002,0.9955204216073781,3778,171,0.8,2.94,10.0
0.15,True,0.5,219.3,0.9955204216073781,3778,171,0.8,2.94,10.0
0.15,True,0.75,339.20000000000005,0.9955204216073781,3778,171,0.8,2.94,10.0
0.0,False,0.25,210.45000000000002,0.5161290322580645,144,179,0.8,2.94,10.0
0.0,False,0.5,318.29999999999995,0.5161290322580645,144,179,0.8,2.94,10.0
0.0,False,0.75,497.625,0.5161290322580645,144,179,0.8,2.94,10.0
0.0,True,0.25,211.45000000000002,0.4838709677419355,135,179,0.8,2.94,10.0
0.0,True,0.5,356.70000000000005,0.4838709677419355,135,179,0.8,2.94,10.0
0.0,True,0.75,479.85,0.4838709677419355,135,179,0.8,2.94,10.0
0.03,False,0.25,185.22500000000002,0.2668428005284016,202,179,0.8,2.94,10.0
0.03,False,0.5,372.05000000000007,0.2668428005284016,202,179,0.8,2.94,10.0
0.03,False,0.75,557.85,0.2668428005284016,202,179,0.8,2.94,10.0
0.03,True,0.25,201.65000000000003,0.7331571994715984,555,179,0.8,2.94,10.0
0.03,True,0.5,349.8,0.7331571994715984,555,179,0.8,2.94,10.0
0.03,True,0.75,519.4,0.7331571994715984,555,179,0.8,2.94,10.0
0.06,False,0.25,175.2,0.11823802163833076,153,179,0.8,2.94,10.0
0.06,False,0.5,303.70000000000005,0.11823802163833076,153,179,0.8,2.94,10.0
0.06,False,0.75,487.90000000000003,0.11823802163833076,153,179,0.8,2.94,10.0
0.06,True,0.25,188.0,0.8817619783616693,1141,179,0.8,2.94,10.0
0.06,True,0.5,316.20000000000005,0.8817619783616693,1141,179,0.8,2.94,10.0
0.06,True,0.75,478.50000000000006,0.8817619783616693,1141,179,0.8,2.94,10.0
0.09,False,0.25,129.85000000000002,0.03675481846705513,82,179,0.8,2.94,10.0
0.09,False,0.5,228.45000000000002,0.03675481846705513,82,179,0.8,2.94,10.0
0.09,False,0.75,393.875,0.03675481846705513,82,179,0.8,2.94,10.0
0.09,True,0.25,175.29999999999998,0.9632451815329449,2149,179,0.8,2.94,10.0
0.09,True,0.5,293.4,0.9632451815329449,2149,179,0.8,2.94,10.0
0.09,True,0.75,454.79999999999995,0.9632451815329449,2149,179,0.8,2.94,10.0
0.12,False,0.25,128.70000000000002,0.013113651647612643,39,179,0.8,2.94,10.0
0.12,False,0.5,188.8,0.013113651647612643,39,179,0.8,2.94,10.0
0.12,False,0.75,376.25000000000006,0.013113651647612643,39,179,0.8,2.94,10.0
0.12,True,0.25,161.95,0.9868863483523873,2935,179,0.8,2.94,10.0
0.12,True,0.5,250.10000000000005,0.9868863483523873,2935,179,0.8,2.94,10.0
0.12,True,0.75,389.20000000000005,0.9868863483523873,2935,179,0.8,2.94,10.0
0.15,False,0.25,127.1,0.007062516348417473,27,179,0.8,2.94,10.0
0.15,False,0.5,176.3,0.007062516348417473,27,179,0.8,2.94,10.0
0.15,False,0.75,246.25,0.007062516348417473,27,179,0.8,2.94,10.0
0.15,True,0.25,141.475,0.9929374836515825,3796,179,0.8,2.94,10.0
0.15,True,0.5,213.10000000000002,0.9929374836515825,3796,179,0.8,2.94,10.0
0.15,True,0.75,330.575,0.9929374836515825,3796,179,0.8,2.94,10.0
0.0,False,0.25,206.27500000000003,0.5229681978798587,148,180,0.8,2.94,10.0
0.0,False,0.5,341.15000000000003,0.5229681978798587,148,180,0.8,2.94,10.0
0.0,False,0.75,485.85,0.5229681978798587,148,180,0.8,2.94,10.0
0.0,True,0.25,233.40000000000003,0.47703180212014135,135,180,0.8,2.94,10.0
0.0,True,0.5,353.7,0.47703180212014135,135,180,0.8,2.94,10.0
0.0,True,0.75,551.1500000000001,0.47703180212014135,135,180,0.8,2.94,10.0
0.03,False,0.25,190.7,0.25906040268456376,193,180,0.8,2.94,10.0
0.03,False,0.5,316.20000000000005,0.25906040268456376,193,180,0.8,2.94,10.0
0.03,False,0.75,489.59999999999997,0.25906040268456376,193,180,0.8,2.94,10.0
0.03,True,0.25,198.90000000000003,0.7409395973154362,552,180,0.8,2.94,10.0
0.03,True,0.5,339.8,0.7409395973154362,552,180,0.8,2.94,10.0
0.03,True,0.75,524.95,0.7409395973154362,552,180,0.8,2.94,10.0
0.06,False,0.25,184.95,0.11624326404926867,151,180,0.8,2.94,10.0
0.06,False,0.5,296.6,0.11624326404926867,151,180,0.8,2.94,10.0
0.06,False,0.75,464.65,0.11624326404926867,151,180,0.8,2.94,10.0
0.06,True,0.25,203.12500000000006,0.8837567359507313,1148,180,0.8,2.94,10.0
0.06,True,0.5,336.1,0.8837567359507313,1148,180,0.8,2.94,10.0
0.06,True,0.75,503.3,0.8837567359507313,1148,180,0.8,2.94,10.0
0.09,False,0.25,179.50000000000003,0.04196750902527076,93,180,0.8,2.94,10.0
0.09,False,0.5,297.00000000000006,0.04196750902527076,93,180,0.8,2.94,10.0
0.09,False,0.75,431.90000000000003,0.04196750902527076,93,180,0.8,2.94,10.0
0.09,True,0.25,185.34999999999997,0.9580324909747292,2123,180,0.8,2.94,10.0
0.09,True,0.5,294.0,0.9580324909747292,2123,180,0.8,2.94,10.0
0.09,True,0.75,454.5,0.9580324909747292,2123,180,0.8,2.94,10.0
0.12,False,0.25,130.4,0.01837359646138142,54,180,0.8,2.94,10.0
0.12,False,0.5,197.95,0.01837359646138142,54,180,0.8,2.94,10.0
0.12,False,0.75,354.47499999999997,0.01837359646138142,54,180,0.8,2.94,10.0
0.12,True,0.25,166.20000000000002,0.9816264035386186,2885,180,0.8,2.94,10.0
0.12,True,0.5,255.2,0.9816264035386186,2885,180,0.8,2.94,10.0
0.12,True,0.75,398.0,0.9816264035386186,2885,180,0.8,2.94,10.0
0.15,False,0.25,124.17499999999998,0.008376963350785341,32,180,0.8,2.94,10.0
0.15,False,0.5,159.3,0.008376963350785341,32,180,0.8,2.94,10.0
0.15,False,0.75,232.125,0.008376963350785341,32,180,0.8,2.94,10.0
0.15,True,0.25,146.425,0.9916230366492147,3788,180,0.8,2.94,10.0
0.15,True,0.5,222.90000000000003,0.9916230366492147,3788,180,0.8,2.94,10.0
0.15,True,0.75,342.925,0.9916230366492147,3788,180,0.8,2.94,10.0
0.0,False,0.25,232.625,0.49477351916376305,142,181,0.8,2.94,10.0
0.0,False,0.5,347.6,0.49477351916376305,142,181,0.8,2.94,10.0
0.0,False,0.75,538.075,0.49477351916376305,142,181,0.8,2.94,10.0
0.0,True,0.25,172.5,0.5052264808362369,145,181,0.8,2.94,10.0
0.0,True,0.5,308.09999999999997,0.5052264808362369,145,181,0.8,2.94,10.0
0.0,True,0.75,523.4,0.5052264808362369,145,181,0.8,2.94,10.0
0.03,False,0.25,207.82500000000005,0.27393617021276595,206,181,0.8,2.94,10.0
0.03,False,0.5,368.8,0.27393617021276595,206,181,0.8,2.94,10.0
0.03,False,0.75,514.0999999999999,0.27393617021276595,206,181,0.8,2.94,10.0
0.03,True,0.25,220.925,0.726063829787234,546,181,0.8,2.94,10.0
0.03,True,0.5,349.5,0.726063829787234,546,181,0.8,2.94,10.0
0.03,True,0.75,517.375,0.726063829787234,546,181,0.8,2.94,10.0
0.06,False,0.25,175.5,0.11325115562403698,147,181,0.8,2.94,10.0
0.06,False,0.5,291.3,0.11325115562403698,147,181,0.8,2.94,10.0
0.06,False,0.75,463.35,0.11325115562403698,147,181,0.8,2.94,10.0
0.06,True,0.25,208.65000000000003,0.886748844375963,1151,181,0.8,2.94,10.0
0.06,True,0.5,334.80000000000007,0.886748844375963,1151,181,0.8,2.94,10.0
0.06,True,0.75,503.25,0.886748844375963,1151,181,0.8,2.94,10.0
0.09,False,0.25,161.97500000000002,0.043030031376064544,96,181,0.8,2.94,10.0
0.09,False,0.5,289.35,0.043030031376064544,96,181,0.8,2.94,10.0
0.09,False,0.75,389.975,0.043030031376064544,96,181,0.8,2.94,10.0
0.09,True,0.25,179.05,0.9569699686239355,2135,181,0.8,2.94,10.0
0.09,True,0.5,288.00000000000006,0.9569699686239355,2135,181,0.8,2.94,10.0
0.09,True,0.75,457.1,0.9569699686239355,2135,181,0.8,2.94,10.0
0.12,False,0.25,140.3,0.015803631472763955,47,181,0.8,2.94,10.0
0.12,False,0.5,192.80000000000004,0.015803631472763955,47,181,0.8,2.94,10.0
0.12,False,0.75,374.90000000000003,0.015803631472763955,47,181,0.8,2.94,10.0
0.12,True,0.25,160.55,0.984196368527236,2927,181,0.8,2.94,10.0
0.12,True,0.5,251.4,0.984196368527236,2927,181,0.8,2.94,10.0
0.12,True,0.75,386.1000000000001,0.984196368527236,2927,181,0.8,2.94,10.0
0.15,False,0.25,106.2,0.007581699346405229,29,181,0.8,2.94,10.0
0.15,False,0.5,170.4,0.007581699346405229,29,181,0.8,2.94,10.0
0.15,False,0.75,247.5,0.007581699346405229,29,181,0.8,2.94,10.0
0.15,True,0.25,144.1,0.9924183006535948,3796,181,0.8,2.94,10.0
0.15,True,0.5,218.4,0.9924183006535948,3796,181,0.8,2.94,10.0
0.15,True,0.75,336.725,0.9924183006535948,3796,181,0.8,2.94,10.0
0.0,False,0.25,208.3,0.506993006993007,145,190,0.8,2.94,10.0
0.0,False,0.5,341.5,0.506993006993007,145,190,0.8,2.94,10.0
0.0,False,0.75,546.7,0.506993006993007,145,190,0.8,2.94,10.0
0.0,True,0.25,239.60000000000002,0.493006993006993,141,190,0.8,2.94,10.0
0.0,True,0.5,382.9000000000001,0.493006993006993,141,190,0.8,2.94,10.0
0.0,True,0.75,547.5000000000001,0.493006993006993,141,190,0.8,2.94,10.0
0.03,False,0.25,174.70000000000002,0.2615803814713896,192,190,0.8,2.94,10.0
0.03,False,0.5,339.55,0.2615803814713896,192,190,0.8,2.94,10.0
0.03,False,0.75,515.4250000000001,0.2615803814713896,192,190,0.8,2.94,10.0
0.03,True,0.25,205.65000000000003,0.7384196185286104,542,190,0.8,2.94,10.0
0.03,True,0.5,352.0,0.7384196185286104,542,190,0.8,2.94,10.0
0.03,True,0.75,526.75,0.7384196185286104,542,190,0.8,2.94,10.0
0.06,False,0.25,165.275,0.1050080775444265,130,190,0.8,2.94,10.0
0.06,False,0.5,286.4,0.1050080775444265,130,190,0.8,2.94,10.0
0.06,False,0.75,473.95,0.1050080775444265,130,190,0.8,2.94,10.0
0.06,True,0.25,199.90000000000003,0.8949919224555735,1108,190,0.8,2.94,10.0
0.06,True,0.5,338.05,0.8949919224555735,1108,190,0.8,2.94,10.0
0.06,True,0.75,508.4500000000001,0.8949919224555735,1108,190,0.8,2.94,10.0
0.09,False,0.25,148.32500000000002,0.04336043360433604,96,190,0.8,2.94,10.0
0.09,False,0.5,266.2,0.04336043360433604,96,190,0.8,2.94,10.0
0.09,False,0.75,457.32499999999993,0.04336043360433604,96,190,0.8,2.94,10.0
0.09,True,0.25,176.95000000000002,0.9566395663956639,2118,190,0.8,2.94,10.0
0.09,True,0.5,283.8,0.9566395663956639,2118,190,0.8,2.94,10.0
0.09,True,0.75,434.1,0.9566395663956639,2118,190,0.8,2.94,10.0
0.12,False,0.25,118.35,0.01758539059857964,52,190,0.8,2.94,10.0
0.12,False,0.5,205.0,0.01758539059857964,52,190,0.8,2.94,10.0
0.12,False,0.75,267.075,0.01758539059857964,52,190,0.8,2.94,10.0
0.12,True,0.25,165.29999999999998,0.9824146094014203,2905,190,0.8,2.94,10.0
0.12,True,0.5,255.1,0.9824146094014203,2905,190,0.8,2.94,10.0
0.12,True,0.75,397.40000000000003,0.9824146094014203,2905,190,0.8,2.94,10.0
0.15,False,0.25,167.60000000000002,0.0060526315789473685,23,190,0.8,2.94,10.0
0.15,False,0.5,203.90000000000003,0.0060526315789473685,23,190,0.8,2.94,10.0
0.15,False,0.75,330.20000000000005,0.0060526315789473685,23,190,0.8,2.94,10.0
0.15,True,0.25,144.1,0.9939473684210526,3777,190,0.8,2.94,10.0
0.15,True,0.5,220.9,0.9939473684210526,3777,190,0.8,2.94,10.0
0.15,True,0.75,341.5,0.9939473684210526,3777,190,0.8,2.94,10.0
0.0,False,0.25,204.90000000000003,0.5463576158940397,165,204,0.8,2.94,10.0
0.0,False,0.5,367.00000000000006,0.5463576158940397,165,204,0.8,2.94,10.0
0.0,False,0.75,537.6999999999999,0.5463576158940397,165,204,0.8,2.94,10.0
0.0,True,0.25,219.00000000000003,0.45364238410596025,137,204,0.8,2.94,10.0
0.0,True,0.5,326.3,0.45364238410596025,137,204,0.8,2.94,10.0
0.0,True,0.75,514.9,0.45364238410596025,137,204,0.8,2.94,10.0
0.03,False,0.25,179.60000000000002,0.29310344827586204,221,204,0.8,2.94,10.0
0.03,False,0.5,307.5,0.29310344827586204,221,204,0.8,2.94,10.0
0.03,False,0.75,506.0,0.29310344827586204,221,204,0.8,2.94,10.0
0.03,True,0.25,210.00000000000003,0.7068965517241379,533,204,0.8,2.94,10.0
0.03,True,0.5,360.6,0.7068965517241379,533,204,0.8,2.94,10.0
0.03,True,0.75,522.3,0.7068965517241379,533,204,0.8,2.94,10.0
0.06,False,0.25,223.27500000000003,0.1002313030069391,130,204,0.8,2.94,10.0
0.06,False,0.5,317.75,0.1002313030069391,130,204,0.8,2.94,10.0
0.06,False,0.75,494.25,0.1002313030069391,130,204,0.8,2.94,10.0
0.06,True,0.25,207.45000000000005,0.899768696993061,1167,204,0.8,2.94,10.0
0.06,True,0.5,323.40000000000003,0.899768696993061,1167,204,0.8,2.94,10.0
0.06,True,0.75,496.15,0.899768696993061,1167,204,0.8,2.94,10.0
0.09,False,0.25,131.025,0.04937163375224417,110,204,0.8,2.94,10.0
0.09,False,0.5,238.4,0.04937163375224417,110,204,0.8,2.94,10.0
0.09,False,0.75,383.0250000000001,0.04937163375224417,110,204,0.8,2.94,10.0
0.09,True,0.25,180.35000000000002,0.9506283662477558,2118,204,0.8,2.94,10.0
0.09,True,0.5,295.65,0.9506283662477558,2118,204,0.8,2.94,10.0
0.09,True,0.75,457.15000000000003,0.9506283662477558,2118,204,0.8,2.94,10.0
0.12,False,0.25,147.05,0.013449899125756557,40,204,0.8,2.94,10.0
0.12,False,0.5,247.45000000000002,0.013449899125756557,40,204,0.8,2.94,10.0
0.12,False,0.75,417.12500000000006,0.013449899125756557,40,204,0.8,2.94,10.0
0.12,True,0.25,159.0,0.9865501008742434,2934,204,0.8,2.94,10.0
0.12,True,0.5,254.65000000000003,0.9865501008742434,2934,204,0.8,2.94,10.0
0.12,True,0.75,392.35,0.9865501008742434,2934,204,0.8,2.94,10.0
0.15,False,0.25,106.89999999999998,0.0052397170552790145,20,204,0.8,2.94,10.0
0.15,False,0.5,170.1,0.0052397170552790145,20,204,0.8,2.94,10.0
0.15,False,0.75,196.125,0.0052397170552790145,20,204,0.8,2.94,10.0
0.15,True,0.25,146.00000000000003,0.994760282944721,3797,204,0.8,2.94,10.0
0.15,True,0.5,220.5,0.994760282944721,3797,204,0.8,2.94,10.0
0.15,True,0.75,336.5,0.994760282944721,3797,204,0.8,2.94,10.0
0.0,False,0.25,170.64999999999998,0.47619047619047616,140,207,0.8,2.94,10.0
0.0,False,0.5,288.40000000000003,0.47619047619047616,140,207,0.8,2.94,10.0
0.0,False,0.75,497.45,0.47619047619047616,140,207,0.8,2.94,10.0
0.0,True,0.25,226.37500000000003,0.5238095238095238,154,207,0.8,2.94,10.0
0.0,True,0.5,357.55,0.5238095238095238,154,207,0.8,2.94,10.0
0.0,True,0.75,560.375,0.5238095238095238,154,207,0.8,2.94,10.0
0.03,False,0.25,184.6,0.2517482517482518,180,207,0.8,2.94,10.0
0.03,False,0.5,313.9,0.2517482517482518,180,207,0.8,2.94,10.0
0.03,False,0.75,517.9000000000001,0.2517482517482518,180,207,0.8,2.94,10.0
0.03,True,0.25,207.60000000000002,0.7482517482517482,535,207,0.8,2.94,10.0
0.03,True,0.5,344.8,0.7482517482517482,535,207,0.8,2.94,10.0
0.03,True,0.75,525.45,0.7482517482517482,535,207,0.8,2.94,10.0
0.06,False,0.25,154.825,0.10658307210031348,136,207,0.8,2.94,10.0
0.06,False,0.5,289.25,0.10658307210031348,136,207,0.8,2.94,10.0
0.06,False,0.75,485.625,0.10658307210031348,136,207,0.8,2.94,10.0
0.06,True,0.25,196.45,0.8934169278996865,1140,207,0.8,2.94,10.0
0.06,True,0.5,318.25,0.8934169278996865,1140,207,0.8,2.94,10.0
0.06,True,0.75,491.825,0.8934169278996865,1140,207,0.8,2.94,10.0
0.09,False,0.25,155.95,0.03989120580235721,88,207,0.8,2.94,10.0
0.09,False,0.5,225.65000000000003,0.03989120580235721,88,207,0.8,2.94,10.0
0.09,False,0.75,369.125,0.03989120580235721,88,207,0.8,2.94,10.0
0.09,True,0.25,179.9,0.9601087941976428,2118,207,0.8,2.94,10.0
0.09,True,0.5,298.80000000000007,0.9601087941976428,2118,207,0.8,2.94,10.0
0.09,True,0.75,448.625,0.9601087941976428,2118,207,0.8,2.94,10.0
0.12,False,0.25,118.07500000000002,0.012947189097103918,38,207,0.8,2.94,10.0
0.12,False,0.5,189.85,0.012947189097103918,38,207,0.8,2.94,10.0
0.12,False,0.75,285.85,0.012947189097103918,38,207,0.8,2.94,10.0
0.12,True,0.25,168.20000000000002,0.9870528109028961,2897,207,0.8,2.94,10.0
0.12,True,0.5,263.5,0.9870528109028961,2897,207,0.8,2.94,10.0
0.12,True,0.75,399.6000000000001,0.9870528109028961,2897,207,0.8,2.94,10.0
0.15,False,0.25,100.5,0.007335603877390621,28,207,0.8,2.94,10.0
0.15,False,0.5,149.10000000000002,0.007335603877390621,28,207,0.8,2.94,10.0
0.15,False,0.75,195.475,0.007335603877390621,28,207,0.8,2.94,10.0
0.15,True,0.25,146.40000000000003,0.9926643961226094,3789,207,0.8,2.94,10.0
0.15,True,0.5,221.10000000000002,0.9926643961226094,3789,207,0.8,2.94,10.0
0.15,True,0.75,339.0,0.9926643961226094,3789,207,0.8,2.94,10.0
0.0,False,0.25,194.7,0.5513698630136986,161,209,0.8,2.94,10.0
0.0,False,0.5,314.40000000000003,0.5513698630136986,161,209,0.8,2.94,10.0
0.0,False,0.75,486.8,0.5513698630136986,161,209,0.8,2.94,10.0
0.0,True,0.25,269.1,0.4486301369863014,131,209,0.8,2.94,10.0
0.0,True,0.5,411.50000000000006,0.4486301369863014,131,209,0.8,2.94,10.0
0.0,True,0.75,536.4,0.4486301369863014,131,209,0.8,2.94,10.0
0.03,False,0.25,213.95000000000002,0.25034387895460797,182,209,0.8,2.94,10.0
0.03,False,0.5,365.5,0.25034387895460797,182,209,0.8,2.94,10.0
0.03,False,0.75,538.0,0.25034387895460797,182,209,0.8,2.94,10.0
0.03,True,0.25,203.6,0.749656121045392,545,209,0.8,2.94,10.0
0.03,True,0.5,342.2,0.749656121045392,545,209,0.8,2.94,10.0
0.03,True,0.75,516.6,0.749656121045392,545,209,0.8,2.94,10.0
0.06,False,0.25,174.8,0.10109717868338558,129,209,0.8,2.94,10.0
0.06,False,0.5,294.1,0.10109717868338558,129,209,0.8,2.94,10.0
0.06,False,0.75,486.8,0.10109717868338558,129,209,0.8,2.94,10.0
0.06,True,0.25,196.15,0.8989028213166145,1147,209,0.8,2.94,10.0
0.06,True,0.5,316.0,0.8989028213166145,1147,209,0.8,2.94,10.0
0.06,True,0.75,490.65000000000003,0.8989028213166145,1147,209,0.8,2.94,10.0
0.09,False,0.25,149.05,0.040467625899280574,90,209,0.8,2.94,10.0
0.09,False,0.5,258.15000000000003,0.040467625899280574,90,209,0.8,2.94,10.0
0.09,False,0.75,431.32500000000005,0.040467625899280574,90,209,0.8,2.94,10.0
0.09,True,0.25,182.04999999999998,0.9595323741007195,2134,209,0.8,2.94,10.0
0.09,True,0.5,289.5,0.9595323741007195,2134,209,0.8,2.94,10.0
0.09,True,0.75,445.57500000000005,0.9595323741007195,2134,209,0.8,2.94,10.0
0.12,False,0.25,129.5,0.012483130904183536,37,209,0.8,2.94,10.0
0.12,False,0.5,185.50000000000003,0.012483130904183536,37,209,0.8,2.94,10.0
0.12,False,0.75,268.5,0.012483130904183536,37,209,0.8,2.94,10.0
0.12,True,0.25,165.6,0.9875168690958165,2927,209,0.8,2.94,10.0
0.12,True,0.5,263.2,0.9875168690958165,2927,209,0.8,2.94,10.0
0.12,True,0.75,397.85,0.9875168690958165,2927,209,0.8,2.94,10.0
0.15,False,0.25,149.975,0.006784968684759917,26,209,0.8,2.94,10.0
0.15,False,0.5,191.85000000000002,0.006784968684759917,26,209,0.8,2.94,10.0
0.15,False,0.75,396.1000000000001,0.006784968684759917,26,209,0.8,2.94,10.0
0.15,True,0.25,145.79999999999998,0.9932150313152401,3806,209,0.8,2.94,10.0
0.15,True,0.5,216.85000000000002,0.9932150313152401,3806,209,0.8,2.94,10.0
0.15,True,0.75,330.875,0.9932150313152401,3806,209,0.8,2.94,10.0
0.0,False,0.25,193.0,0.5567375886524822,157,211,0.8,2.94,10.0
0.0,False,0.5,344.90000000000003,0.5567375886524822,157,211,0.8,2.94,10.0
0.0,False,0.75,488.70000000000005,0.5567375886524822,157,211,0.8,2.94,10.0
0.0,True,0.25,221.50000000000003,0.4432624113475177,125,211,0.8,2.94,10.0
0.0,True,0.5,358.9,0.4432624113475177,125,211,0.8,2.94,10.0
0.0,True,0.75,539.2,0.4432624113475177,125,211,0.8,2.94,10.0
0.03,False,0.25,225.57500000000005,0.23529411764705882,176,211,0.8,2.94,10.0
0.03,False,0.5,352.7,0.23529411764705882,176,211,0.8,2.94,10.0
0.03,False,0.75,510.9000000000001,0.23529411764705882,176,211,0.8,2.94,10.0
0.03,True,0.25,202.95000000000002,0.7647058823529411,572,211,0.8,2.94,10.0
0.03,True,0.5,370.95000000000005,0.7647058823529411,572,211,0.8,2.94,10.0
0.03,True,0.75,552.35,0.7647058823529411,572,211,0.8,2.94,10.0
0.06,False,0.25,169.1,0.09497645211930926,121,211,0.8,2.94,10.0
0.06,False,0.5,330.6,0.09497645211930926,121,211,0.8,2.94,10.0
0.06,False,0.75,485.09999999999997,0.09497645211930926,121,211,0.8,2.94,10.0
0.06,True,0.25,192.9,0.9050235478806907,1153,211,0.8,2.94,10.0
0.06,True,0.5,335.30000000000007,0.9050235478806907,1153,211,0.8,2.94,10.0
0.06,True,0.75,491.5,0.9050235478806907,1153,211,0.8,2.94,10.0
0.09,False,0.25,190.84999999999997,0.04039497307001795,90,211,0.8,2.94,10.0
0.09,False,0.5,303.1,0.04039497307001795,90,211,0.8,2.94,10.0
0.09,False,0.75,514.225,0.04039497307001795,90,211,0.8,2.94,10.0
0.09,True,0.25,182.125,0.9596050269299821,2138,211,0.8,2.94,10.0
0.09,True,0.5,301.1,0.9596050269299821,2138,211,0.8,2.94,10.0
0.09,True,0.75,452.3,0.9596050269299821,2138,211,0.8,2.94,10.0
0.12,False,0.25,186.75,0.013468013468013467,40,211,0.8,2.94,10.0
0.12,False,0.5,236.75,0.013468013468013467,40,211,0.8,2.94,10.0
0.12,False,0.75,371.40000000000003,0.013468013468013467,40,211,0.8,2.94,10.0
0.12,True,0.25,164.12500000000003,0.9865319865319865,2930,211,0.8,2.94,10.0
0.12,True,0.5,254.35000000000002,0.9865319865319865,2930,211,0.8,2.94,10.0
0.12,True,0.75,399.975,0.9865319865319865,2930,211,0.8,2.94,10.0
0.15,False,0.25,118.9,0.006565126050420168,25,211,0.8,2.94,10.0
0.15,False,0.5,156.39999999999998,0.006565126050420168,25,211,0.8,2.94,10.0
0.15,False,0.75,252.50000000000006,0.006565126050420168,25,211,0.8,2.94,10.0
0.15,True,0.25,142.25,0.9934348739495799,3783,211,0.8,2.94,10.0
0.15,True,0.5,213.50000000000003,0.9934348739495799,3783,211,0.8,2.94,10.0
0.15,True,0.75,329.25000000000006,0.9934348739495799,3783,211,0.8,2.94,10.0
0.0,False,0.25,215.02500000000003,0.46464646464646464,138,220,0.8,2.94,10.0
0.0,False,0.5,348.4,0.46464646464646464,138,220,0.8,2.94,10.0
0.0,False,0.75,530.0,0.46464646464646464,138,220,0.8,2.94,10.0
0.0,True,0.25,197.35,0.5353535353535354,159,220,0.8,2.94,10.0
0.0,True,0.5,348.3,0.5353535353535354,159,220,0.8,2.94,10.0
0.0,True,0.75,513.55,0.5353535353535354,159,220,0.8,2.94,10.0
0.03,False,0.25,199.175,0.28532608695652173,210,220,0.8,2.94,10.0
0.03,False,0.5,330.1,0.28532608695652173,210,220,0.8,2.94,10.0
0.03,False,0.75,477.65000000000003,0.28532608695652173,210,220,0.8,2.94,10.0
0.03,True,0.25,211.05000000000004,0.7146739130434783,526,220,0.8,2.94,10.0
0.03,True,0.5,361.05000000000007,0.7146739130434783,526,220,0.8,2.94,10.0
0.03,True,0.75,525.75,0.7146739130434783,526,220,0.8,2.94,10.0
0.06,False,0.25,158.525,0.09864757358790771,124,220,0.8,2.94,10.0
0.06,False,0.5,272.05,0.09864757358790771,124,220,0.8,2.94,10.0
0.06,False,0.75,458.50000000000006,0.09864757358790771,124,220,0.8,2.94,10.0
0.06,True,0.25,196.9,0.9013524264120922,1133,220,0.8,2.94,10.0
0.06,True,0.5,328.2,0.9013524264120922,1133,220,0.8,2.94,10.0
0.06,True,0.75,505.70000000000005,0.9013524264120922,1133,220,0.8,2.94,10.0
0.09,False,0.25,151.60000000000002,0.04409090909090909,97,220,0.8,2.94,10.0
0.09,False,0.5,241.4,0.04409090909090909,97,220,0.8,2.94,10.0
0.09,False,0.75,412.5,0.04409090909090909,97,220,0.8,2.94,10.0
0.09,True,0.25,178.05,0.9559090909090909,2103,220,0.8,2.94,10.0
0.09,True,0.5,289.7,0.9559090909090909,2103,220,0.8,2.94,10.0
0.09,True,0.75,461.30000000000007,0.9559090909090909,2103,220,0.8,2.94,10.0
0.12,False,0.25,185.54999999999998,0.012687813021702838,38,220,0.8,2.94,10.0
0.12,False,0.5,247.25,0.012687813021702838,38,220,0.8,2.94,10.0
0.12,False,0.75,402.4750000000001,0.012687813021702838,38,220,0.8,2.94,10.0
0.12,True,0.25,163.70000000000002,0.9873121869782971,2957,220,0.8,2.94,10.0
0.12,True,0.5,254.60000000000005,0.9873121869782971,2957,220,0.8,2.94,10.0
0.12,True,0.75,401.6,0.9873121869782971,2957,220,0.8,2.94,10.0
0.15,False,0.25,127.025,0.00679383328978312,26,220,0.8,2.94,10.0
0.15,False,0.5,206.95000000000005,0.00679383328978312,26,220,0.8,2.94,10.0
0.15,False,0.75,330.125,0.00679383328978312,26,220,0.8,2.94,10.0
0.15,True,0.25,142.7,0.9932061667102169,3801,220,0.8,2.94,10.0
0.15,True,0.5,217.40000000000003,0.9932061667102169,3801,220,0.8,2.94,10.0
0.15,True,0.75,330.70000000000005,0.9932061667102169,3801,220,0.8,2.94,10.0
0.0,False,0.25,191.8,0.5179153094462541,159,221,0.8,2.94,10.0
0.0,False,0.5,307.3,0.5179153094462541,159,221,0.8,2.94,10.0
0.0,False,0.75,562.25,0.5179153094462541,159,221,0.8,2.94,10.0
0.0,True,0.25,222.57500000000005,0.4820846905537459,148,221,0.8,2.94,10.0
0.0,True,0.5,353.0,0.4820846905537459,148,221,0.8,2.94,10.0
0.0,True,0.75,535.15,0.4820846905537459,148,221,0.8,2.94,10.0
0.03,False,0.25,208.8,0.31829896907216493,247,221,0.8,2.94,10.0
0.03,False,0.5,361.70000000000005,0.31829896907216493,247,221,0.8,2.94,10.0
0.03,False,0.75,540.8,0.31829896907216493,247,221,0.8,2.94,10.0
0.03,True,0.25,231.3,0.6817010309278351,529,221,0.8,2.94,10.0
0.03,True,0.5,375.70000000000005,0.6817010309278351,529,221,0.8,2.94,10.0
0.03,True,0.75,534.8,0.6817010309278351,529,221,0.8,2.94,10.0
0.06,False,0.25,193.89999999999998,0.1192,149,221,0.8,2.94,10.0
0.06,False,0.5,306.3,0.1192,149,221,0.8,2.94,10.0
0.06,False,0.75,482.30000000000007,0.1192,149,221,0.8,2.94,10.0
0.06,True,0.25,197.1,0.8808,1101,221,0.8,2.94,10.0
0.06,True,0.5,313.1,0.8808,1101,221,0.8,2.94,10.0
0.06,True,0.75,486.20000000000005,0.8808,1101,221,0.8,2.94,10.0
0.09,False,0.25,146.6,0.04809437386569873,106,221,0.8,2.94,10.0
0.09,False,0.5,245.3,0.04809437386569873,106,221,0.8,2.94,10.0
0.09,False,0.75,417.87500000000006,0.04809437386569873,106,221,0.8,2.94,10.0
0.09,True,0.25,181.85,0.9519056261343013,2098,221,0.8,2.94,10.0
0.09,True,0.5,300.50000000000006,0.9519056261343013,2098,221,0.8,2.94,10.0
0.09,True,0.75,459.575,0.9519056261343013,2098,221,0.8,2.94,10.0
0.12,False,0.25,135.47500000000002,0.01954836535220762,58,221,0.8,2.94,10.0
0.12,False,0.5,213.40000000000003,0.01954836535220762,58,221,0.8,2.94,10.0
0.12,False,0.75,343.875,0.01954836535220762,58,221,0.8,2.94,10.0
0.12,True,0.25,159.1,0.9804516346477924,2909,221,0.8,2.94,10.0
0.12,True,0.5,251.3,0.9804516346477924,2909,221,0.8,2.94,10.0
0.12,True,0.75,387.8,0.9804516346477924,2909,221,0.8,2.94,10.0
0.15,False,0.25,121.39999999999999,0.005501702908042965,21,221,0.8,2.94,10.0
0.15,False,0.5,187.10000000000002,0.005501702908042965,21,221,0.8,2.94,10.0
0.15,False,0.75,358.8,0.005501702908042965,21,221,0.8,2.94,10.0
0.15,True,0.25,143.67499999999998,0.994498297091957,3796,221,0.8,2.94,10.0
0.15,True,0.5,219.15000000000003,0.994498297091957,3796,221,0.8,2.94,10.0
0.15,True,0.75,340.175,0.994498297091957,3796,221,0.8,2.94,10.0
0.0,False,0.25,214.77500000000003,0.5175718849840255,162,223,0.8,2.94,10.0
0.0,False,0.5,353.75,0.5175718849840255,162,223,0.8,2.94,10.0
0.0,False,0.75,547.675,0.5175718849840255,162,223,0.8,2.94,10.0
0.0,True,0.25,217.89999999999998,0.48242811501597443,151,223,0.8,2.94,10.0
0.0,True,0.5,324.40000000000003,0.48242811501597443,151,223,0.8,2.94,10.0
0.0,True,0.75,501.00000000000006,0.48242811501597443,151,223,0.8,2.94,10.0
0.03,False,0.25,200.60000000000002,0.28818061088977426,217,223,0.8,2.94,10.0
0.03,False,0.5,313.59999999999997,0.28818061088977426,217,223,0.8,2.94,10.0
0.03,False,0.75,547.3,0.28818061088977426,217,223,0.8,2.94,10.0
0.03,True,0.25,213.52500000000006,0.7118193891102258,536,223,0.8,2.94,10.0
0.03,True,0.5,374.9000000000001,0.7118193891102258,536,223,0.8,2.94,10.0
0.03,True,0.75,543.2249999999999,0.7118193891102258,536,223,0.8,2.94,10.0
0.06,False,0.25,164.85,0.08080808080808081,104,223,0.8,2.94,10.0
0.06,False,0.5,262.3,0.08080808080808081,104,223,0.8,2.94,10.0
0.06,False,0.75,472.67500000000007,0.08080808080808081,104,223,0.8,2.94,10.0
0.06,True,0.25,198.95000000000002,0.9191919191919192,1183,223,0.8,2.94,10.0
0.06,True,0.5,318.0,0.9191919191919192,1183,223,0.8,2.94,10.0
0.06,True,0.75,496.50000000000006,0.9191919191919192,1183,223,0.8,2.94,10.0
0.09,False,0.25,145.95,0.04095409540954095,91,223,0.8,2.94,10.0
0.09,False,0.5,250.3,0.04095409540954095,91,223,0.8,2.94,10.0
0.09,False,0.75,385.5,0.04095409540954095,91,223,0.8,2.94,10.0
0.09,True,0.25,182.35000000000002,0.959045904590459,2131,223,0.8,2.94,10.0
0.09,True,0.5,295.5,0.959045904590459,2131,223,0.8,2.94,10.0
0.09,True,0.75,463.15,0.959045904590459,2131,223,0.8,2.94,10.0
0.12,False,0.25,129.9,0.01406563965170797,42,223,0.8,2.94,10.0
0.12,False,0.5,198.55,0.01406563965170797,42,223,0.8,2.94,10.0
0.12,False,0.75,405.4,0.01406563965170797,42,223,0.8,2.94,10.0
0.12,True,0.25,158.95,0.9859343603482921,2944,223,0.8,2.94,10.0
0.12,True,0.5,253.50000000000003,0.9859343603482921,2944,223,0.8,2.94,10.0
0.12,True,0.75,395.925,0.9859343603482921,2944,223,0.8,2.94,10.0
0.15,False,0.25,136.375,0.006806282722513089,26,223,0.8,2.94,10.0
0.15,False,0.5,179.55,0.006806282722513089,26,223,0.8,2.94,10.0
0.15,False,0.75,261.625,0.006806282722513089,26,223,0.8,2.94,10.0
0.15,True,0.25,147.4,0.993193717277487,3794,223,0.8,2.94,10.0
0.15,True,0.5,220.45,0.993193717277487,3794,223,0.8,2.94,10.0
0.15,True,0.75,331.79999999999995,0.993193717277487,3794,223,0.8,2.94,10.0
0.0,False,0.25,213.70000000000005,0.47796610169491527,141,226,0.8,2.94,10.0
0.0,False,0.5,351.00000000000006,0.47796610169491527,141,226,0.8,2.94,10.0
0.0,False,0.75,494.09999999999997,0.47796610169491527,141,226,0.8,2.94,10.0
0.0,True,0.25,200.65000000000003,0.5220338983050847,154,226,0.8,2.94,10.0
0.0,True,0.5,334.85,0.5220338983050847,154,226,0.8,2.94,10.0
0.0,True,0.75,485.775,0.5220338983050847,154,226,0.8,2.94,10.0
0.03,False,0.25,238.35000000000002,0.24830393487109906,183,226,0.8,2.94,10.0
0.03,False,0.5,361.70000000000005,0.24830393487109906,183,226,0.8,2.94,10.0
0.03,False,0.75,524.3,0.24830393487109906,183,226,0.8,2.94,10.0
0.03,True,0.25,200.12500000000003,0.751696065128901,554,226,0.8,2.94,10.0
0.03,True,0.5,337.1,0.751696065128901,554,226,0.8,2.94,10.0
0.03,True,0.75,524.3000000000001,0.751696065128901,554,226,0.8,2.94,10.0
0.06,False,0.25,213.05,0.12043512043512043,155,226,0.8,2.94,10.0
0.06,False,0.5,316.90000000000003,0.12043512043512043,155,226,0.8,2.94,10.0
0.06,False,0.75,510.5,0.12043512043512043,155,226,0.8,2.94,10.0
0.06,True,0.25,201.92500000000004,0.8795648795648796,1132,226,0.8,2.94,10.0
0.06,True,0.5,323.6,0.8795648795648796,1132,226,0.8,2.94,10.0
0.06,True,0.75,496.625,0.8795648795648796,1132,226,0.8,2.94,10.0
0.09,False,0.25,181.75,0.038112522686025406,84,226,0.8,2.94,10.0
0.09,False,0.5,292.65000000000003,0.038112522686025406,84,226,0.8,2.94,10.0
0.09,False,0.75,478.8,0.038112522686025406,84,226,0.8,2.94,10.0
0.09,True,0.25,174.09999999999997,0.9618874773139746,2120,226,0.8,2.94,10.0
0.09,True,0.5,292.55000000000007,0.9618874773139746,2120,226,0.8,2.94,10.0
0.09,True,0.75,452.25000000000006,0.9618874773139746,2120,226,0.8,2.94,10.0
0.12,False,0.25,109.99999999999999,0.016503873358033008,49,226,0.8,2.94,10.0
0.12,False,0.5,216.9,0.016503873358033008,49,226,0.8,2.94,10.0
0.12,False,0.75,410.7,0.016503873358033008,49,226,0.8,2.94,10.0
0.12,True,0.25,158.47500000000002,0.983496126641967,2920,226,0.8,2.94,10.0
0.12,True,0.5,254.60000000000005,0.983496126641967,2920,226,0.8,2.94,10.0
0.12,True,0.75,393.27500000000003,0.983496126641967,2920,226,0.8,2.94,10.0
0.15,False,0.25,117.025,0.00631911532385466,24,226,0.8,2.94,10.0
0.15,False,0.5,161.0,0.00631911532385466,24,226,0.8,2.94,10.0
0.15,False,0.75,226.175,0.00631911532385466,24,226,0.8,2.94,10.0
0.15,True,0.25,145.75,0.9936808846761453,3774,226,0.8,2.94,10.0
0.15,True,0.5,219.25,0.9936808846761453,3774,226,0.8,2.94,10.0
0.15,True,0.75,341.875,0.9936808846761453,3774,226,0.8,2.94,10.0
0.0,False,0.25,204.15000000000003,0.5310344827586206,154,231,0.8,2.94,10.0
0.0,False,0.5,370.65000000000003,0.5310344827586206,154,231,0.8,2.94,10.0
0.0,False,0.75,510.5,0.5310344827586206,154,231,0.8,2.94,10.0
0.0,True,0.25,208.82500000000002,0.4689655172413793,136,231,0.8,2.94,10.0
0.0,True,0.5,345.9000000000001,0.4689655172413793,136,231,0.8,2.94,10.0
0.0,True,0.75,515.9000000000001,0.4689655172413793,136,231,0.8,2.94,10.0
0.03,False,0.25,184.55,0.2572178477690289,196,231,0.8,2.94,10.0
0.03,False,0.5,337.75,0.2572178477690289,196,231,0.8,2.94,10.0
0.03,False,0.75,508.175,0.2572178477690289,196,231,0.8,2.94,10.0
0.03,True,0.25,232.15000000000003,0.7427821522309711,566,231,0.8,2.94,10.0
0.03,True,0.5,389.6,0.7427821522309711,566,231,0.8,2.94,10.0
0.03,True,0.75,565.45,0.7427821522309711,566,231,0.8,2.94,10.0
0.06,False,0.25,188.525,0.10023866348448687,126,231,0.8,2.94,10.0
0.06,False,0.5,322.75,0.10023866348448687,126,231,0.8,2.94,10.0
0.06,False,0.75,509.30000000000007,0.10023866348448687,126,231,0.8,2.94,10.0
0.06,True,0.25,197.3,0.8997613365155132,1131,231,0.8,2.94,10.0
0.06,True,0.5,331.3,0.8997613365155132,1131,231,0.8,2.94,10.0
0.06,True,0.75,478.65000000000003,0.8997613365155132,1131,231,0.8,2.94,10.0
0.09,False,0.25,170.275,0.03667262969588551,82,231,0.8,2.94,10.0
0.09,False,0.5,286.29999999999995,0.03667262969588551,82,231,0.8,2.94,10.0
0.09,False,0.75,439.575,0.03667262969588551,82,231,0.8,2.94,10.0
0.09,True,0.25,180.925,0.9633273703041145,2154,231,0.8,2.94,10.0
0.09,True,0.5,301.65,0.9633273703041145,2154,231,0.8,2.94,10.0
0.09,True,0.75,453.675,0.9633273703041145,2154,231,0.8,2.94,10.0
0.12,False,0.25,151.4,0.01662143826322931,49,231,0.8,2.94,10.0
0.12,False,0.5,206.90000000000003,0.01662143826322931,49,231,0.8,2.94,10.0
0.12,False,0.75,426.20000000000005,0.01662143826322931,49,231,0.8,2.94,10.0
0.12,True,0.25,168.65000000000003,0.9833785617367707,2899,231,0.8,2.94,10.0
0.12,True,0.5,262.5,0.9833785617367707,2899,231,0.8,2.94,10.0
0.12,True,0.75,399.25,0.9833785617367707,2899,231,0.8,2.94,10.0
0.15,False,0.25,122.525,0.0057833859095688745,22,231,0.8,2.94,10.0
0.15,False,0.5,182.4,0.0057833859095688745,22,231,0.8,2.94,10.0
0.15,False,0.75,228.42500000000004,0.0057833859095688745,22,231,0.8,2.94,10.0
0.15,True,0.25,147.0,0.9942166140904312,3782,231,0.8,2.94,10.0
0.15,True,0.5,220.70000000000005,0.9942166140904312,3782,231,0.8,2.94,10.0
0.15,True,0.75,335.52500000000003,0.9942166140904312,3782,231,0.8,2.94,10.0
0.0,False,0.25,214.07500000000005,0.5135135135135135,152,234,0.8,2.94,10.0
0.0,False,0.5,365.5,0.5135135135135135,152,234,0.8,2.94,10.0
0.0,False,0.75,563.675,0.5135135135135135,152,234,0.8,2.94,10.0
0.0,True,0.25,207.10000000000002,0.4864864864864865,144,234,0.8,2.94,10.0
0.0,True,0.5,379.30000000000007,0.4864864864864865,144,234,0.8,2.94,10.0
0.0,True,0.75,516.425,0.4864864864864865,144,234,0.8,2.94,10.0
0.03,False,0.25,193.15,0.2423841059602649,183,234,0.8,2.94,10.0
0.03,False,0.5,325.40000000000003,0.2423841059602649,183,234,0.8,2.94,10.0
0.03,False,0.75,526.75,0.2423841059602649,183,234,0.8,2.94,10.0
0.03,True,0.25,207.5,0.7576158940397351,572,234,0.8,2.94,10.0
0.03,True,0.5,343.70000000000005,0.7576158940397351,572,234,0.8,2.94,10.0
0.03,True,0.75,509.425,0.7576158940397351,572,234,0.8,2.94,10.0
0.06,False,0.25,176.72500000000002,0.09722222222222222,126,234,0.8,2.94,10.0
0.06,False,0.5,311.15000000000003,0.09722222222222222,126,234,0.8,2.94,10.0
0.06,False,0.75,503.72499999999997,0.09722222222222222,126,234,0.8,2.94,10.0
0.06,True,0.25,196.575,0.9027777777777778,1170,234,0.8,2.94,10.0
0.06,True,0.5,308.85,0.9027777777777778,1170,234,0.8,2.94,10.0
0.06,True,0.75,466.3,0.9027777777777778,1170,234,0.8,2.94,10.0
0.09,False,0.25,138.14999999999998,0.04986642920747997,112,234,0.8,2.94,10.0
0.09,False,0.5,241.10000000000002,0.04986642920747997,112,234,0.8,2.94,10.0
0.09,False,0.75,436.85,0.04986642920747997,112,234,0.8,2.94,10.0
0.09,True,0.25,174.95,0.95013357079252,2134,234,0.8,2.94,10.0
0.09,True,0.5,296.5,0.95013357079252,2134,234,0.8,2.94,10.0
0.09,True,0.75,463.0,0.95013357079252,2134,234,0.8,2.94,10.0
0.12,False,0.25,137.40000000000003,0.014991482112436116,44,234,0.8,2.94,10.0
0.12,False,0.5,225.50000000000006,0.014991482112436116,44,234,0.8,2.94,10.0
0.12,False,0.75,402.62500000000006,0.014991482112436116,44,234,0.8,2.94,10.0
0.12,True,0.25,163.4,0.9850085178875639,2891,234,0.8,2.94,10.0
0.12,True,0.5,254.9,0.9850085178875639,2891,234,0.8,2.94,10.0
0.12,True,0.75,390.25,0.9850085178875639,2891,234,0.8,2.94,10.0
0.15,False,0.25,120.64999999999999,0.0068403051828466194,26,234,0.8,2.94,10.0
0.15,False,0.5,168.45000000000002,0.0068403051828466194,26,234,0.8,2.94,10.0
0.15,False,0.75,208.20000000000002,0.0068403051828466194,26,234,0.8,2.94,10.0
0.15,True,0.25,143.5,0.9931596948171534,3775,234,0.8,2.94,10.0
0.15,True,0.5,213.90000000000003,0.9931596948171534,3775,234,0.8,2.94,10.0
0.15,True,0.75,331.65,0.9931596948171534,3775,234,0.8,2.94,10.0
0.0,False,0.25,204.05000000000004,0.5189003436426117,151,235,0.8,2.94,10.0
0.0,False,0.5,349.50000000000006,0.5189003436426117,151,235,0.8,2.94,10.0
0.0,False,0.75,516.0999999999999,0.5189003436426117,151,235,0.8,2.94,10.0
0.0,True,0.25,203.37500000000003,0.48109965635738833,140,235,0.8,2.94,10.0
0.0,True,0.5,335.40000000000003,0.48109965635738833,140,235,0.8,2.94,10.0
0.0,True,0.75,530.2,0.48109965635738833,140,235,0.8,2.94,10.0
0.03,False,0.25,225.175,0.26052631578947366,198,235,0.8,2.94,10.0
0.03,False,0.5,383.1,0.26052631578947366,198,235,0.8,2.94,10.0
0.03,False,0.75,532.9750000000001,0.26052631578947366,198,235,0.8,2.94,10.0
0.03,True,0.25,204.12500000000003,0.7394736842105263,562,235,0.8,2.94,10.0
0.03,True,0.5,332.85,0.7394736842105263,562,235,0.8,2.94,10.0
0.03,True,0.75,506.54999999999995,0.7394736842105263,562,235,0.8,2.94,10.0
0.06,False,0.25,164.0,0.09699769053117784,126,235,0.8,2.94,10.0
0.06,False,0.5,265.3,0.09699769053117784,126,235,0.8,2.94,10.0
0.06,False,0.75,431.40000000000003,0.09699769053117784,126,235,0.8,2.94,10.0
0.06,True,0.25,198.29999999999998,0.9030023094688222,1173,235,0.8,2.94,10.0
0.06,True,0.5,329.5,0.9030023094688222,1173,235,0.8,2.94,10.0
0.06,True,0.75,487.90000000000003,0.9030023094688222,1173,235,0.8,2.94,10.0
0.09,False,0.25,128.65,0.04180064308681672,91,235,0.8,2.94,10.0
0.09,False,0.5,212.3,0.04180064308681672,91,235,0.8,2.94,10.0
0.09,False,0.75,408.3,0.04180064308681672,91,235,0.8,2.94,10.0
0.09,True,0.25,181.95,0.9581993569131833,2086,235,0.8,2.94,10.0
0.09,True,0.5,293.65,0.9581993569131833,2086,235,0.8,2.94,10.0
0.09,True,0.75,458.07500000000005,0.9581993569131833,2086,235,0.8,2.94,10.0
0.12,False,0.25,146.275,0.010807159743329957,32,235,0.8,2.94,10.0
0.12,False,0.5,244.15000000000003,0.010807159743329957,32,235,0.8,2.94,10.0
0.12,False,0.75,394.07500000000005,0.010807159743329957,32,235,0.8,2.94,10.0
0.12,True,0.25,162.60000000000002,0.9891928402566701,2929,235,0.8,2.94,10.0
0.12,True,0.5,257.29999999999995,0.9891928402566701,2929,235,0.8,2.94,10.0
0.12,True,0.75,393.50000000000006,0.9891928402566701,2929,235,0.8,2.94,10.0
0.15,False,0.25,145.0,0.004452592980618125,17,235,0.8,2.94,10.0
0.15,False,0.5,274.80000000000007,0.004452592980618125,17,235,0.8,2.94,10.0
0.15,False,0.75,371.50000000000006,0.004452592980618125,17,235,0.8,2.94,10.0
0.15,True,0.25,145.79999999999998,0.9955474070193818,3801,235,0.8,2.94,10.0
0.15,True,0.5,214.4,0.9955474070193818,3801,235,0.8,2.94,10.0
0.15,True,0.75,327.90000000000003,0.9955474070193818,3801,235,0.8,2.94,10.0
0.0,False,0.25,189.10000000000002,0.4862068965517241,141,241,0.8,2.94,10.0
0.0,False,0.5,336.80000000000007,0.4862068965517241,141,241,0.8,2.94,10.0
0.0,False,0.75,569.0999999999999,0.4862068965517241,141,241,0.8,2.94,10.0
0.0,True,0.25,199.60000000000002,0.5137931034482759,149,241,0.8,2.94,10.0
0.0,True,0.5,327.0,0.5137931034482759,149,241,0.8,2.94,10.0
0.0,True,0.75,512.6999999999999,0.5137931034482759,149,241,0.8,2.94,10.0
0.03,False,0.25,180.6,0.2288021534320323,170,241,0.8,2.94,10.0
0.03,False,0.5,324.0,0.2288021534320323,170,241,0.8,2.94,10.0
0.03,False,0.75,527.875,0.2288021534320323,170,241,0.8,2.94,10.0
0.03,True,0.25,212.8,0.7711978465679677,573,241,0.8,2.94,10.0
0.03,True,0.5,345.7,0.7711978465679677,573,241,0.8,2.94,10.0
0.03,True,0.75,537.9000000000001,0.7711978465679677,573,241,0.8,2.94,10.0
0.06,False,0.25,179.85,0.11145996860282574,142,241,0.8,2.94,10.0
0.06,False,0.5,289.75,0.11145996860282574,142,241,0.8,2.94,10.0
0.06,False,0.75,427.0,0.11145996860282574,142,241,0.8,2.94,10.0
0.06,True,0.25,193.92499999999998,0.8885400313971743,1132,241,0.8,2.94,10.0
0.06,True,0.5,310.6,0.8885400313971743,1132,241,0.8,2.94,10.0
0.06,True,0.75,487.675,0.8885400313971743,1132,241,0.8,2.94,10.0
0.09,False,0.25,138.99999999999997,0.04260192395785616,93,241,0.8,2.94,10.0
0.09,False,0.5,271.3,0.04260192395785616,93,241,0.8,2.94,10.0
0.09,False,0.75,453.5,0.04260192395785616,93,241,0.8,2.94,10.0
0.09,True,0.25,183.47499999999997,0.9573980760421439,2090,241,0.8,2.94,10.0
0.09,True,0.5,290.30000000000007,0.9573980760421439,2090,241,0.8,2.94,10.0
0.09,True,0.75,459.77500000000003,0.9573980760421439,2090,241,0.8,2.94,10.0
0.12,False,0.25,109.00000000000001,0.01656524678837052,49,241,0.8,2.94,10.0
0.12,False,0.5,182.4,0.01656524678837052,49,241,0.8,2.94,10.0
0.12,False,0.75,311.59999999999997,0.01656524678837052,49,241,0.8,2.94,10.0
0.12,True,0.25,164.60000000000002,0.9834347532116294,2909,241,0.8,2.94,10.0
0.12,True,0.5,255.1,0.9834347532116294,2909,241,0.8,2.94,10.0
0.12,True,0.75,401.80000000000007,0.9834347532116294,2909,241,0.8,2.94,10.0
0.15,False,0.25,116.19999999999999,0.004990806409246125,19,241,0.8,2.94,10.0
0.15,False,0.5,187.79999999999998,0.004990806409246125,19,241,0.8,2.94,10.0
0.15,False,0.75,268.45000000000005,0.004990806409246125,19,241,0.8,2.94,10.0
0.15,True,0.25,145.075,0.9950091935907539,3788,241,0.8,2.94,10.0
0.15,True,0.5,221.05,0.9950091935907539,3788,241,0.8,2.94,10.0
0.15,True,0.75,340.225,0.9950091935907539,3788,241,0.8,2.94,10.0
0.0,False,0.25,201.40000000000003,0.5352564102564102,167,242,0.8,2.94,10.0
0.0,False,0.5,316.0,0.5352564102564102,167,242,0.8,2.94,10.0
0.0,False,0.75,474.70000000000005,0.5352564102564102,167,242,0.8,2.94,10.0
0.0,True,0.25,187.9,0.46474358974358976,145,242,0.8,2.94,10.0
0.0,True,0.5,320.40000000000003,0.46474358974358976,145,242,0.8,2.94,10.0
0.0,True,0.75,515.3000000000001,0.46474358974358976,145,242,0.8,2.94,10.0
0.03,False,0.25,189.29999999999998,0.25802310654685495,201,242,0.8,2.94,10.0
0.03,False,0.5,302.50000000000006,0.25802310654685495,201,242,0.8,2.94,10.0
0.03,False,0.75,484.2000000000001,0.25802310654685495,201,242,0.8,2.94,10.0
0.03,True,0.25,210.72500000000002,0.7419768934531451,578,242,0.8,2.94,10.0
0.03,True,0.5,353.6,0.7419768934531451,578,242,0.8,2.94,10.0
0.03,True,0.75,536.6500000000001,0.7419768934531451,578,242,0.8,2.94,10.0
0.06,False,0.25,167.925,0.1207843137254902,154,242,0.8,2.94,10.0
0.06,False,0.5,288.4000000000001,0.1207843137254902,154,242,0.8,2.94,10.0
0.06,False,0.75,451.6,0.1207843137254902,154,242,0.8,2.94,10.0
0.06,True,0.25,191.1,0.8792156862745099,1121,242,0.8,2.94,10.0
0.06,True,0.5,316.8,0.8792156862745099,1121,242,0.8,2.94,10.0
0.06,True,0.75,485.50000000000006,0.8792156862745099,1121,242,0.8,2.94,10.0
0.09,False,0.25,128.20000000000002,0.04010815682739973,89,242,0.8,2.94,10.0
0.09,False,0.5,237.4,0.04010815682739973,89,242,0.8,2.94,10.0
0.09,False,0.75,462.5,0.04010815682739973,89,242,0.8,2.94,10.0
0.09,True,0.25,174.65000000000003,0.9598918431726002,2130,242,0.8,2.94,10.0
0.09,True,0.5,289.35,0.9598918431726002,2130,242,0.8,2.94,10.0
0.09,True,0.75,443.175,0.9598918431726002,2130,242,0.8,2.94,10.0
0.12,False,0.25,155.75,0.016801075268817203,50,242,0.8,2.94,10.0
0.12,False,0.5,228.15,0.016801075268817203,50,242,0.8,2.94,10.0
0.12,False,0.75,423.50000000000006,0.016801075268817203,50,242,0.8,2.94,10.0
0.12,True,0.25,159.89999999999998,0.9831989247311828,2926,242,0.8,2.94,10.0
0.12,True,0.5,250.70000000000005,0.9831989247311828,2926,242,0.8,2.94,10.0
0.12,True,0.75,384.80000000000007,0.9831989247311828,2926,242,0.8,2.94,10.0
0.15,False,0.25,122.8,0.007818608287724784,30,242,0.8,2.94,10.0
0.15,False,0.5,197.15000000000003,0.007818608287724784,30,242,0.8,2.94,10.0
0.15,False,0.75,290.09999999999997,0.007818608287724784,30,242,0.8,2.94,10.0
0.15,True,0.25,146.0,0.9921813917122753,3807,242,0.8,2.94,10.0
0.15,True,0.5,219.70000000000002,0.9921813917122753,3807,242,0.8,2.94,10.0
0.15,True,0.75,334.65,0.9921813917122753,3807,242,0.8,2.94,10.0
0.0,False,0.25,219.32500000000002,0.5333333333333333,144,249,0.8,2.94,10.0
0.0,False,0.5,337.65000000000003,0.5333333333333333,144,249,0.8,2.94,10.0
0.0,False,0.75,527.325,0.5333333333333333,144,249,0.8,2.94,10.0
0.0,True,0.25,214.50000000000003,0.4666666666666667,126,249,0.8,2.94,10.0
0.0,True,0.5,328.65000000000003,0.4666666666666667,126,249,0.8,2.94,10.0
0.0,True,0.75,508.00000000000006,0.4666666666666667,126,249,0.8,2.94,10.0
0.03,False,0.25,202.65,0.25466666666666665,191,249,0.8,2.94,10.0
0.03,False,0.5,315.59999999999997,0.25466666666666665,191,249,0.8,2.94,10.0
0.03,False,0.75,476.1,0.25466666666666665,191,249,0.8,2.94,10.0
0.03,True,0.25,213.80000000000004,0.7453333333333333,559,249,0.8,2.94,10.0
0.03,True,0.5,357.9,0.7453333333333333,559,249,0.8,2.94,10.0
0.03,True,0.75,537.55,0.7453333333333333,559,249,0.8,2.94,10.0
0.06,False,0.25,148.00000000000003,0.10270270270270271,133,249,0.8,2.94,10.0
0.06,False,0.5,268.0,0.10270270270270271,133,249,0.8,2.94,10.0
0.06,False,0.75,429.0,0.10270270270270271,133,249,0.8,2.94,10.0
0.06,True,0.25,204.10000000000002,0.8972972972972973,1162,249,0.8,2.94,10.0
0.06,True,0.5,323.45000000000005,0.8972972972972973,1162,249,0.8,2.94,10.0
0.06,True,0.75,500.65,0.8972972972972973,1162,249,0.8,2.94,10.0
0.09,False,0.25,136.75,0.03656307129798903,80,249,0.8,2.94,10.0
0.09,False,0.5,261.45000000000005,0.03656307129798903,80,249,0.8,2.94,10.0
0.09,False,0.75,390.7,0.03656307129798903,80,249,0.8,2.94,10.0
0.09,True,0.25,182.975,0.9634369287020109,2108,249,0.8,2.94,10.0
0.09,True,0.5,295.45,0.9634369287020109,2108,249,0.8,2.94,10.0
0.09,True,0.75,463.57499999999993,0.9634369287020109,2108,249,0.8,2.94,10.0
0.12,False,0.25,141.35000000000002,0.016173434273916036,47,249,0.8,2.94,10.0
0.12,False,0.5,244.7,0.016173434273916036,47,249,0.8,2.94,10.0
0.12,False,0.75,384.75,0.016173434273916036,47,249,0.8,2.94,10.0
0.12,True,0.25,162.10000000000002,0.983826565726084,2859,249,0.8,2.94,10.0
0.12,True,0.5,258.1,0.983826565726084,2859,249,0.8,2.94,10.0
0.12,True,0.75,393.80000000000007,0.983826565726084,2859,249,0.8,2.94,10.0
0.15,False,0.25,113.6,0.006022518984027232,23,249,0.8,2.94,10.0
0.15,False,0.5,161.70000000000002,0.006022518984027232,23,249,0.8,2.94,10.0
0.15,False,0.75,324.0,0.006022518984027232,23,249,0.8,2.94,10.0
0.15,True,0.25,144.47500000000002,0.9939774810159727,3796,249,0.8,2.94,10.0
0.15,True,0.5,221.25,0.9939774810159727,3796,249,0.8,2.94,10.0
0.15,True,0.75,339.725,0.9939774810159727,3796,249,0.8,2.94,10.0
0.0,False,0.25,217.32500000000005,0.512280701754386,146,251,0.8,2.94,10.0
0.0,False,0.5,330.65,0.512280701754386,146,251,0.8,2.94,10.0
0.0,False,0.75,523.2,0.512280701754386,146,251,0.8,2.94,10.0
0.0,True,0.25,224.10000000000002,0.48771929824561405,139,251,0.8,2.94,10.0
0.0,True,0.5,389.30000000000007,0.48771929824561405,139,251,0.8,2.94,10.0
0.0,True,0.75,512.95,0.48771929824561405,139,251,0.8,2.94,10.0
0.03,False,0.25,196.47500000000002,0.260748959778086,188,251,0.8,2.94,10.0
0.03,False,0.5,313.20000000000005,0.260748959778086,188,251,0.8,2.94,10.0
0.03,False,0.75,498.575,0.260748959778086,188,251,0.8,2.94,10.0
0.03,True,0.25,231.3,0.739251040221914,533,251,0.8,2.94,10.0
0.03,True,0.5,372.59999999999997,0.739251040221914,533,251,0.8,2.94,10.0
0.03,True,0.75,515.1,0.739251040221914,533,251,0.8,2.94,10.0
0.06,False,0.25,183.15,0.10202550637659415,136,251,0.8,2.94,10.0
0.06,False,0.5,297.75000000000006,0.10202550637659415,136,251,0.8,2.94,10.0
0.06,False,0.75,471.40000000000003,0.10202550637659415,136,251,0.8,2.94,10.0
0.06,True,0.25,196.7,0.8979744936234059,1197,251,0.8,2.94,10.0
0.06,True,0.5,323.3,0.8979744936234059,1197,251,0.8,2.94,10.0
0.06,True,0.75,505.6,0.8979744936234059,1197,251,0.8,2.94,10.0
0.09,False,0.25,186.85,0.03576278859212313,79,251,0.8,2.94,10.0
0.09,False,0.5,245.6,0.03576278859212313,79,251,0.8,2.94,10.0
0.09,False,0.75,410.40000000000003,0.03576278859212313,79,251,0.8,2.94,10.0
0.09,True,0.25,180.875,0.9642372114078769,2130,251,0.8,2.94,10.0
0.09,True,0.5,294.45000000000005,0.9642372114078769,2130,251,0.8,2.94,10.0
0.09,True,0.75,451.57500000000005,0.9642372114078769,2130,251,0.8,2.94,10.0
0.12,False,0.25,158.60000000000002,0.019687712152070606,58,251,0.8,2.94,10.0
0.12,False,0.5,247.45000000000002,0.019687712152070606,58,251,0.8,2.94,10.0
0.12,False,0.75,444.07500000000005,0.019687712152070606,58,251,0.8,2.94,10.0
0.12,True,0.25,159.3,0.9803122878479293,2888,251,0.8,2.94,10.0
0.12,True,0.5,255.1,0.9803122878479293,2888,251,0.8,2.94,10.0
0.12,True,0.75,403.85,0.9803122878479293,2888,251,0.8,2.94,10.0
0.15,False,0.25,118.72500000000001,0.003682272488164124,14,251,0.8,2.94,10.0
0.15,False,0.5,143.45,0.003682272488164124,14,251,0.8,2.94,10.0
0.15,False,0.75,249.3,0.003682272488164124,14,251,0.8,2.94,10.0
0.15,True,0.25,143.84999999999997,0.9963177275118359,3788,251,0.8,2.94,10.0
0.15,True,0.5,219.10000000000002,0.9963177275118359,3788,251,0.8,2.94,10.0
0.15,True,0.75,337.425,0.9963177275118359,3788,251,0.8,2.94,10.0
0.0,False,0.25,197.07500000000002,0.5471698113207547,174,261,0.8,2.94,10.0
0.0,False,0.5,332.25,0.5471698113207547,174,261,0.8,2.94,10.0
0.0,False,0.75,528.75,0.5471698113207547,174,261,0.8,2.94,10.0
0.0,True,0.25,205.62500000000006,0.4528301886792453,144,261,0.8,2.94,10.0
0.0,True,0.5,374.45000000000005,0.4528301886792453,144,261,0.8,2.94,10.0
0.0,True,0.75,569.825,0.4528301886792453,144,261,0.8,2.94,10.0
0.03,False,0.25,208.70000000000002,0.238544474393531,177,261,0.8,2.94,10.0
0.03,False,0.5,345.6,0.238544474393531,177,261,0.8,2.94,10.0
0.03,False,0.75,550.1,0.238544474393531,177,261,0.8,2.94,10.0
0.03,True,0.25,215.00000000000003,0.761455525606469,565,261,0.8,2.94,10.0
0.03,True,0.5,369.50000000000006,0.761455525606469,565,261,0.8,2.94,10.0
0.03,True,0.75,539.1,0.761455525606469,565,261,0.8,2.94,10.0
0.06,False,0.25,192.9,0.10278207109737249,133,261,0.8,2.94,10.0
0.06,False,0.5,326.8,0.10278207109737249,133,261,0.8,2.94,10.0
0.06,False,0.75,480.3,0.10278207109737249,133,261,0.8,2.94,10.0
0.06,True,0.25,198.6,0.8972179289026275,1161,261,0.8,2.94,10.0
0.06,True,0.5,327.5,0.8972179289026275,1161,261,0.8,2.94,10.0
0.06,True,0.75,497.80000000000007,0.8972179289026275,1161,261,0.8,2.94,10.0
0.09,False,0.25,162.59999999999997,0.051615798922800715,115,261,0.8,2.94,10.0
0.09,False,0.5,267.29999999999995,0.051615798922800715,115,261,0.8,2.94,10.0
0.09,False,0.75,419.55000000000007,0.051615798922800715,115,261,0.8,2.94,10.0
0.09,True,0.25,176.4,0.9483842010771992,2113,261,0.8,2.94,10.0
0.09,True,0.5,292.3,0.9483842010771992,2113,261,0.8,2.94,10.0
0.09,True,0.75,460.7,0.9483842010771992,2113,261,0.8,2.94,10.0
0.12,False,0.25,120.325,0.01634877384196185,48,261,0.8,2.94,10.0
0.12,False,0.5,197.80000000000004,0.01634877384196185,48,261,0.8,2.94,10.0
0.12,False,0.75,271.275,0.01634877384196185,48,261,0.8,2.94,10.0
0.12,True,0.25,158.675,0.9836512261580381,2888,261,0.8,2.94,10.0
0.12,True,0.5,250.25000000000003,0.9836512261580381,2888,261,0.8,2.94,10.0
0.12,True,0.75,394.12500000000006,0.9836512261580381,2888,261,0.8,2.94,10.0
0.15,False,0.25,119.40000000000002,0.00550603041426324,21,261,0.8,2.94,10.0
0.15,False,0.5,158.60000000000002,0.00550603041426324,21,261,0.8,2.94,10.0
0.15,False,0.75,245.3,0.00550603041426324,21,261,0.8,2.94,10.0
0.15,True,0.25,146.29999999999998,0.9944939695857368,3793,261,0.8,2.94,10.0
0.15,True,0.5,221.60000000000002,0.9944939695857368,3793,261,0.8,2.94,10.0
0.15,True,0.75,334.80000000000007,0.9944939695857368,3793,261,0.8,2.94,10.0
0.0,False,0.25,199.625,0.4928571428571429,138,262,0.8,2.94,10.0
0.0,False,0.5,332.0,0.4928571428571429,138,262,0.8,2.94,10.0
0.0,False,0.75,518.875,0.4928571428571429,138,262,0.8,2.94,10.0
0.0,True,0.25,189.875,0.5071428571428571,142,262,0.8,2.94,10.0
0.0,True,0.5,345.1,0.5071428571428571,142,262,0.8,2.94,10.0
0.0,True,0.75,509.52500000000003,0.5071428571428571,142,262,0.8,2.94,10.0
0.03,False,0.25,230.5,0.2503457814661134,181,262,0.8,2.94,10.0
0.03,False,0.5,360.9,0.2503457814661134,181,262,0.8,2.94,10.0
0.03,False,0.75,537.4000000000001,0.2503457814661134,181,262,0.8,2.94,10.0
0.03,True,0.25,206.72500000000002,0.7496542185338866,542,262,0.8,2.94,10.0
0.03,True,0.5,342.75,0.7496542185338866,542,262,0.8,2.94,10.0
0.03,True,0.75,511.425,0.7496542185338866,542,262,0.8,2.94,10.0
0.06,False,0.25,161.7,0.11611374407582939,147,262,0.8,2.94,10.0
0.06,False,0.5,256.20000000000005,0.11611374407582939,147,262,0.8,2.94,10.0
0.06,False,0.75,447.9,0.11611374407582939,147,262,0.8,2.94,10.0
0.06,True,0.25,205.10000000000002,0.8838862559241706,1119,262,0.8,2.94,10.0
0.06,True,0.5,340.6,0.8838862559241706,1119,262,0.8,2.94,10.0
0.06,True,0.75,491.20000000000005,0.8838862559241706,1119,262,0.8,2.94,10.0
0.09,False,0.25,174.95,0.03605659516202647,79,262,0.8,2.94,10.0
0.09,False,0.5,284.00000000000006,0.03605659516202647,79,262,0.8,2.94,10.0
0.09,False,0.75,451.7,0.03605659516202647,79,262,0.8,2.94,10.0
0.09,True,0.25,192.7,0.9639434048379736,2112,262,0.8,2.94,10.0
0.09,True,0.5,305.79999999999995,0.9639434048379736,2112,262,0.8,2.94,10.0
0.09,True,0.75,464.225,0.9639434048379736,2112,262,0.8,2.94,10.0
0.12,False,0.25,133.60000000000002,0.01495581237253569,44,262,0.8,2.94,10.0
0.12,False,0.5,211.05,0.01495581237253569,44,262,0.8,2.94,10.0
0.12,False,0.75,375.95000000000005,0.01495581237253569,44,262,0.8,2.94,10.0
0.12,True,0.25,163.425,0.9850441876274643,2898,262,0.8,2.94,10.0
0.12,True,0.5,256.95000000000005,0.9850441876274643,2898,262,0.8,2.94,10.0
0.12,True,0.75,392.975,0.9850441876274643,2898,262,0.8,2.94,10.0
0.15,False,0.25,100.1,0.004726890756302521,18,262,0.8,2.94,10.0
0.15,False,0.5,148.10000000000002,0.004726890756302521,18,262,0.8,2.94,10.0
0.15,False,0.75,254.1,0.004726890756302521,18,262,0.8,2.94,10.0
0.15,True,0.25,146.29999999999998,0.9952731092436975,3790,262,0.8,2.94,10.0
0.15,True,0.5,220.65000000000003,0.9952731092436975,3790,262,0.8,2.94,10.0
0.15,True,0.75,336.77500000000003,0.9952731092436975,3790,262,0.8,2.94,10.0
0.0,False,0.25,191.5,0.47017543859649125,134,273,0.8,2.94,10.0
0.0,False,0.5,351.4,0.47017543859649125,134,273,0.8,2.94,10.0
0.0,False,0.75,499.375,0.47017543859649125,134,273,0.8,2.94,10.0
0.0,True,0.25,198.95000000000002,0.5298245614035088,151,273,0.8,2.94,10.0
0.0,True,0.5,370.1,0.5298245614035088,151,273,0.8,2.94,10.0
0.0,True,0.75,503.0,0.5298245614035088,151,273,0.8,2.94,10.0
0.03,False,0.25,209.8,0.2567204301075269,191,273,0.8,2.94,10.0
0.03,False,0.5,368.6,0.2567204301075269,191,273,0.8,2.94,10.0
0.03,False,0.75,519.25,0.2567204301075269,191,273,0.8,2.94,10.0
0.03,True,0.25,220.3,0.7432795698924731,553,273,0.8,2.94,10.0
0.03,True,0.5,361.9,0.7432795698924731,553,273,0.8,2.94,10.0
0.03,True,0.75,515.3000000000001,0.7432795698924731,553,273,0.8,2.94,10.0
0.06,False,0.25,195.0,0.09654631083202511,123,273,0.8,2.94,10.0
0.06,False,0.5,370.1,0.09654631083202511,123,273,0.8,2.94,10.0
0.06,False,0.75,482.79999999999995,0.09654631083202511,123,273,0.8,2.94,10.0
0.06,True,0.25,195.2,0.9034536891679749,1151,273,0.8,2.94,10.0
0.06,True,0.5,324.3,0.9034536891679749,1151,273,0.8,2.94,10.0
0.06,True,0.75,490.25,0.9034536891679749,1151,273,0.8,2.94,10.0
0.09,False,0.25,139.54999999999998,0.044964028776978415,100,273,0.8,2.94,10.0
0.09,False,0.5,259.65000000000003,0.044964028776978415,100,273,0.8,2.94,10.0
0.09,False,0.75,476.425,0.044964028776978415,100,273,0.8,2.94,10.0
0.09,True,0.25,182.5,0.9550359712230215,2124,273,0.8,2.94,10.0
0.09,True,0.5,296.90000000000003,0.9550359712230215,2124,273,0.8,2.94,10.0
0.09,True,0.75,459.725,0.9550359712230215,2124,273,0.8,2.94,10.0
0.12,False,0.25,130.9,0.01758539059857964,52,273,0.8,2.94,10.0
0.12,False,0.5,200.60000000000002,0.01758539059857964,52,273,0.8,2.94,10.0
0.12,False,0.75,353.57500000000005,0.01758539059857964,52,273,0.8,2.94,10.0
0.12,True,0.25,162.8,0.9824146094014203,2905,273,0.8,2.94,10.0
0.12,True,0.5,254.80000000000004,0.9824146094014203,2905,273,0.8,2.94,10.0
0.12,True,0.75,401.90000000000003,0.9824146094014203,2905,273,0.8,2.94,10.0
0.15,False,0.25,101.8,0.005483028720626632,21,273,0.8,2.94,10.0
0.15,False,0.5,156.10000000000002,0.005483028720626632,21,273,0.8,2.94,10.0
0.15,False,0.75,202.10000000000002,0.005483028720626632,21,273,0.8,2.94,10.0
0.15,True,0.25,146.00000000000003,0.9945169712793733,3809,273,0.8,2.94,10.0
0.15,True,0.5,217.50000000000003,0.9945169712793733,3809,273,0.8,2.94,10.0
0.15,True,0.75,337.1,0.9945169712793733,3809,273,0.8,2.94,10.0
0.0,False,0.25,194.75,0.48148148148148145,143,275,0.8,2.94,10.0
0.0,False,0.5,334.80000000000007,0.48148148148148145,143,275,0.8,2.94,10.0
0.0,False,0.75,525.65,0.48148148148148145,143,275,0.8,2.94,10.0
0.0,True,0.25,181.55,0.5185185185185185,154,275,0.8,2.94,10.0
0.0,True,0.5,348.75,0.5185185185185185,154,275,0.8,2.94,10.0
0.0,True,0.75,540.55,0.5185185185185185,154,275,0.8,2.94,10.0
0.03,False,0.25,179.32500000000002,0.23316062176165803,180,275,0.8,2.94,10.0
0.03,False,0.5,315.20000000000005,0.23316062176165803,180,275,0.8,2.94,10.0
0.03,False,0.75,518.0250000000001,0.23316062176165803,180,275,0.8,2.94,10.0
0.03,True,0.25,202.675,0.7668393782383419,592,275,0.8,2.94,10.0
0.03,True,0.5,347.00000000000006,0.7668393782383419,592,275,0.8,2.94,10.0
0.03,True,0.75,516.95,0.7668393782383419,592,275,0.8,2.94,10.0
0.06,False,0.25,190.0,0.10400616332819723,135,275,0.8,2.94,10.0
0.06,False,0.5,323.3,0.10400616332819723,135,275,0.8,2.94,10.0
0.06,False,0.75,489.1,0.10400616332819723,135,275,0.8,2.94,10.0
0.06,True,0.25,187.55,0.8959938366718028,1163,275,0.8,2.94,10.0
0.06,True,0.5,315.1,0.8959938366718028,1163,275,0.8,2.94,10.0
0.06,True,0.75,491.95000000000005,0.8959938366718028,1163,275,0.8,2.94,10.0
0.09,False,0.25,144.2,0.0367094206103494,83,275,0.8,2.94,10.0
0.09,False,0.5,233.60000000000002,0.0367094206103494,83,275,0.8,2.94,10.0
0.09,False,0.75,427.65000000000003,0.0367094206103494,83,275,0.8,2.94,10.0
0.09,True,0.25,182.95000000000002,0.9632905793896506,2178,275,0.8,2.94,10.0
0.09,True,0.5,295.75,0.9632905793896506,2178,275,0.8,2.94,10.0
0.09,True,0.75,456.20000000000005,0.9632905793896506,2178,275,0.8,2.94,10.0
0.12,False,0.25,130.35000000000002,0.012145748987854251,36,275,0.8,2.94,10.0
0.12,False,0.5,173.45,0.012145748987854251,36,275,0.8,2.94,10.0
0.12,False,0.75,250.95,0.012145748987854251,36,275,0.8,2.94,10.0
0.12,True,0.25,162.8,0.9878542510121457,2928,275,0.8,2.94,10.0
0.12,True,0.5,252.50000000000006,0.9878542510121457,2928,275,0.8,2.94,10.0
0.12,True,0.75,402.6000000000001,0.9878542510121457,2928,275,0.8,2.94,10.0
0.15,False,0.25,104.9,0.007834943849569079,30,275,0.8,2.94,10.0
0.15,False,0.5,170.45,0.007834943849569079,30,275,0.8,2.94,10.0
0.15,False,0.75,219.32500000000002,0.007834943849569079,30,275,0.8,2.94,10.0
0.15,True,0.25,145.4,0.9921650561504309,3799,275,0.8,2.94,10.0
0.15,True,0.5,222.4,0.9921650561504309,3799,275,0.8,2.94,10.0
0.15,True,0.75,340.65,0.9921650561504309,3799,275,0.8,2.94,10.0
0.0,False,0.25,194.75,0.4929078014184397,139,289,0.8,2.94,10.0
0.0,False,0.5,363.40000000000003,0.4929078014184397,139,289,0.8,2.94,10.0
0.0,False,0.75,498.90000000000003,0.4929078014184397,139,289,0.8,2.94,10.0
0.0,True,0.25,239.20000000000005,0.5070921985815603,143,289,0.8,2.94,10.0
0.0,True,0.5,345.30000000000007,0.5070921985815603,143,289,0.8,2.94,10.0
0.0,True,0.75,550.95,0.5070921985815603,143,289,0.8,2.94,10.0
0.03,False,0.25,201.5,0.23024523160762944,169,289,0.8,2.94,10.0
0.03,False,0.5,346.7,0.23024523160762944,169,289,0.8,2.94,10.0
0.03,False,0.75,538.9000000000001,0.23024523160762944,169,289,0.8,2.94,10.0
0.03,True,0.25,202.10000000000002,0.7697547683923706,565,289,0.8,2.94,10.0
0.03,True,0.5,339.5,0.7697547683923706,565,289,0.8,2.94,10.0
0.03,True,0.75,500.4000000000001,0.7697547683923706,565,289,0.8,2.94,10.0
0.06,False,0.25,181.9,0.10183767228177641,133,289,0.8,2.94,10.0
0.06,False,0.5,274.40000000000003,0.10183767228177641,133,289,0.8,2.94,10.0
0.06,False,0.75,515.0,0.10183767228177641,133,289,0.8,2.94,10.0
0.06,True,0.25,195.0,0.8981623277182236,1173,289,0.8,2.94,10.0
0.06,True,0.5,324.70000000000005,0.8981623277182236,1173,289,0.8,2.94,10.0
0.06,True,0.75,491.5,0.8981623277182236,1173,289,0.8,2.94,10.0
0.09,False,0.25,187.70000000000002,0.042272727272727274,93,289,0.8,2.94,10.0
0.09,False,0.5,287.5,0.042272727272727274,93,289,0.8,2.94,10.0
0.09,False,0.75,434.80000000000007,0.042272727272727274,93,289,0.8,2.94,10.0
0.09,True,0.25,179.64999999999998,0.9577272727272728,2107,289,0.8,2.94,10.0
0.09,True,0.5,288.6,0.9577272727272728,2107,289,0.8,2.94,10.0
0.09,True,0.75,460.45000000000005,0.9577272727272728,2107,289,0.8,2.94,10.0
0.12,False,0.25,124.1,0.011816340310600946,35,289,0.8,2.94,10.0
0.12,False,0.5,218.60000000000005,0.011816340310600946,35,289,0.8,2.94,10.0
0.12,False,0.75,335.3,0.011816340310600946,35,289,0.8,2.94,10.0
0.12,True,0.25,160.15000000000003,0.988183659689399,2927,289,0.8,2.94,10.0
0.12,True,0.5,255.5,0.988183659689399,2927,289,0.8,2.94,10.0
0.12,True,0.75,403.85,0.988183659689399,2927,289,0.8,2.94,10.0
0.15,False,0.25,108.725,0.005261773217574322,20,289,0.8,2.94,10.0
0.15,False,0.5,174.14999999999998,0.005261773217574322,20,289,0.8,2.94,10.0
0.15,False,0.75,245.025,0.005261773217574322,20,289,0.8,2.94,10.0
0.15,True,0.25,143.4,0.9947382267824256,3781,289,0.8,2.94,10.0
0.15,True,0.5,218.20000000000005,0.9947382267824256,3781,289,0.8,2.94,10.0
0.15,True,0.75,332.0,0.9947382267824256,3781,289,0.8,2.94,10.0
0.0,False,0.25,195.5,0.48299319727891155,142,290,0.8,2.94,10.0
0.0,False,0.5,361.45000000000005,0.48299319727891155,142,290,0.8,2.94,10.0
0.0,False,0.75,535.05,0.48299319727891155,142,290,0.8,2.94,10.0
0.0,True,0.25,195.675,0.5170068027210885,152,290,0.8,2.94,10.0
0.0,True,0.5,351.05,0.5170068027210885,152,290,0.8,2.94,10.0
0.0,True,0.75,522.85,0.5170068027210885,152,290,0.8,2.94,10.0
0.03,False,0.25,220.70000000000005,0.25181950509461426,173,290,0.8,2.94,10.0
0.03,False,0.5,356.0,0.25181950509461426,173,290,0.8,2.94,10.0
0.03,False,0.75,517.1,0.25181950509461426,173,290,0.8,2.94,10.0
0.03,True,0.25,220.37500000000003,0.7481804949053857,514,290,0.8,2.94,10.0
0.03,True,0.5,365.0,0.7481804949053857,514,290,0.8,2.94,10.0
0.03,True,0.75,547.025,0.7481804949053857,514,290,0.8,2.94,10.0
0.06,False,0.25,208.10000000000005,0.10030864197530864,130,290,0.8,2.94,10.0
0.06,False,0.5,309.6,0.10030864197530864,130,290,0.8,2.94,10.0
0.06,False,0.75,455.05,0.10030864197530864,130,290,0.8,2.94,10.0
0.06,True,0.25,198.025,0.8996913580246914,1166,290,0.8,2.94,10.0
0.06,True,0.5,325.1,0.8996913580246914,1166,290,0.8,2.94,10.0
0.06,True,0.75,506.42500000000007,0.8996913580246914,1166,290,0.8,2.94,10.0
0.09,False,0.25,178.4,0.034904805077062555,77,290,0.8,2.94,10.0
0.09,False,0.5,290.3,0.034904805077062555,77,290,0.8,2.94,10.0
0.09,False,0.75,440.09999999999997,0.034904805077062555,77,290,0.8,2.94,10.0
0.09,True,0.25,185.10000000000002,0.9650951949229375,2129,290,0.8,2.94,10.0
0.09,True,0.5,299.59999999999997,0.9650951949229375,2129,290,0.8,2.94,10.0
0.09,True,0.75,463.1,0.9650951949229375,2129,290,0.8,2.94,10.0
0.12,False,0.25,111.35,0.013242784380305603,39,290,0.8,2.94,10.0
0.12,False,0.5,207.2,0.013242784380305603,39,290,0.8,2.94,10.0
0.12,False,0.75,448.4,0.013242784380305603,39,290,0.8,2.94,10.0
0.12,True,0.25,164.82500000000002,0.9867572156196944,2906,290,0.8,2.94,10.0
0.12,True,0.5,260.05,0.9867572156196944,2906,290,0.8,2.94,10.0
0.12,True,0.75,396.375,0.9867572156196944,2906,290,0.8,2.94,10.0
0.15,False,0.25,121.80000000000001,0.006025674613570867,23,290,0.8,2.94,10.0
0.15,False,0.5,171.6,0.006025674613570867,23,290,0.8,2.94,10.0
0.15,False,0.75,232.60000000000002,0.006025674613570867,23,290,0.8,2.94,10.0
0.15,True,0.25,141.6,0.9939743253864292,3794,290,0.8,2.94,10.0
0.15,True,0.5,218.20000000000005,0.9939743253864292,3794,290,0.8,2.94,10.0
0.15,True,0.75,332.975,0.9939743253864292,3794,290,0.8,2.94,10.0
0.0,False,0.25,235.35000000000002,0.4894366197183099,139,302,0.8,2.94,10.0
0.0,False,0.5,347.1,0.4894366197183099,139,302,0.8,2.94,10.0
0.0,False,0.75,511.70000000000005,0.4894366197183099,139,302,0.8,2.94,10.0
0.0,True,0.25,207.30000000000004,0.5105633802816901,145,302,0.8,2.94,10.0
0.0,True,0.5,307.40000000000003,0.5105633802816901,145,302,0.8,2.94,10.0
0.0,True,0.75,485.20000000000005,0.5105633802816901,145,302,0.8,2.94,10.0
0.03,False,0.25,213.75000000000006,0.2468265162200282,175,302,0.8,2.94,10.0
0.03,False,0.5,337.8,0.2468265162200282,175,302,0.8,2.94,10.0
0.03,False,0.75,540.5,0.2468265162200282,175,302,0.8,2.94,10.0
0.03,True,0.25,194.775,0.7531734837799718,534,302,0.8,2.94,10.0
0.03,True,0.5,358.25,0.7531734837799718,534,302,0.8,2.94,10.0
0.03,True,0.75,512.575,0.7531734837799718,534,302,0.8,2.94,10.0
0.06,False,0.25,167.95,0.104570100697134,135,302,0.8,2.94,10.0
0.06,False,0.5,306.20000000000005,0.104570100697134,135,302,0.8,2.94,10.0
0.06,False,0.75,455.1,0.104570100697134,135,302,0.8,2.94,10.0
0.06,True,0.25,203.87500000000003,0.895429899302866,1156,302,0.8,2.94,10.0
0.06,True,0.5,327.20000000000005,0.895429899302866,1156,302,0.8,2.94,10.0
0.06,True,0.75,497.15,0.895429899302866,1156,302,0.8,2.94,10.0
0.09,False,0.25,172.82500000000002,0.04361653793730123,96,302,0.8,2.94,10.0
0.09,False,0.5,305.05000000000007,0.04361653793730123,96,302,0.8,2.94,10.0
0.09,False,0.75,497.87500000000006,0.04361653793730123,96,302,0.8,2.94,10.0
0.09,True,0.25,177.00000000000003,0.9563834620626988,2105,302,0.8,2.94,10.0
0.09,True,0.5,289.6,0.9563834620626988,2105,302,0.8,2.94,10.0
0.09,True,0.75,450.0,0.9563834620626988,2105,302,0.8,2.94,10.0
0.12,False,0.25,147.975,0.01826175177544809,54,302,0.8,2.94,10.0
0.12,False,0.5,241.55,0.01826175177544809,54,302,0.8,2.94,10.0
0.12,False,0.75,352.1000000000001,0.01826175177544809,54,302,0.8,2.94,10.0
0.12,True,0.25,167.0,0.9817382482245519,2903,302,0.8,2.94,10.0
0.12,True,0.5,258.90000000000003,0.9817382482245519,2903,302,0.8,2.94,10.0
0.12,True,0.75,410.30000000000007,0.9817382482245519,2903,302,0.8,2.94,10.0
0.15,False,0.25,134.1,0.00759958071278826,29,302,0.8,2.94,10.0
0.15,False,0.5,186.1,0.00759958071278826,29,302,0.8,2.94,10.0
0.15,False,0.75,320.3,0.00759958071278826,29,302,0.8,2.94,10.0
0.15,True,0.25,146.9,0.9924004192872118,3787,302,0.8,2.94,10.0
0.15,True,0.5,225.3,0.9924004192872118,3787,302,0.8,2.94,10.0
0.15,True,0.75,345.35,0.9924004192872118,3787,302,0.8,2.94,10.0
0.0,False,0.25,227.90000000000003,0.5488215488215489,163,304,0.8,2.94,10.0
0.0,False,0.5,361.3,0.5488215488215489,163,304,0.8,2.94,10.0
0.0,False,0.75,513.1500000000001,0.5488215488215489,163,304,0.8,2.94,10.0
0.0,True,0.25,227.45000000000002,0.4511784511784512,134,304,0.8,2.94,10.0
0.0,True,0.5,334.55,0.4511784511784512,134,304,0.8,2.94,10.0
0.0,True,0.75,534.3000000000001,0.4511784511784512,134,304,0.8,2.94,10.0
0.03,False,0.25,198.40000000000003,0.2575558475689882,196,304,0.8,2.94,10.0
0.03,False,0.5,336.55000000000007,0.2575558475689882,196,304,0.8,2.94,10.0
0.03,False,0.75,505.32500000000005,0.2575558475689882,196,304,0.8,2.94,10.0
0.03,True,0.25,210.8,0.7424441524310118,565,304,0.8,2.94,10.0
0.03,True,0.5,323.6,0.7424441524310118,565,304,0.8,2.94,10.0
0.03,True,0.75,515.6,0.7424441524310118,565,304,0.8,2.94,10.0
0.06,False,0.25,189.60000000000002,0.10406885758998435,133,304,0.8,2.94,10.0
0.06,False,0.5,364.70000000000005,0.10406885758998435,133,304,0.8,2.94,10.0
0.06,False,0.75,469.09999999999997,0.10406885758998435,133,304,0.8,2.94,10.0
0.06,True,0.25,191.1,0.8959311424100157,1145,304,0.8,2.94,10.0
0.06,True,0.5,315.40000000000003,0.8959311424100157,1145,304,0.8,2.94,10.0
0.06,True,0.75,481.59999999999997,0.8959311424100157,1145,304,0.8,2.94,10.0
0.09,False,0.25,165.7,0.037219730941704034,83,304,0.8,2.94,10.0
0.09,False,0.5,257.5,0.037219730941704034,83,304,0.8,2.94,10.0
0.09,False,0.75,388.15,0.037219730941704034,83,304,0.8,2.94,10.0
0.09,True,0.25,182.09999999999997,0.962780269058296,2147,304,0.8,2.94,10.0
0.09,True,0.5,299.4,0.962780269058296,2147,304,0.8,2.94,10.0
0.09,True,0.75,465.04999999999995,0.962780269058296,2147,304,0.8,2.94,10.0
0.12,False,0.25,115.075,0.012803234501347708,38,304,0.8,2.94,10.0
0.12,False,0.5,189.5,0.012803234501347708,38,304,0.8,2.94,10.0
0.12,False,0.75,378.05,0.012803234501347708,38,304,0.8,2.94,10.0
0.12,True,0.25,163.625,0.9871967654986523,2930,304,0.8,2.94,10.0
0.12,True,0.5,258.85,0.9871967654986523,2930,304,0.8,2.94,10.0
0.12,True,0.75,406.725,0.9871967654986523,2930,304,0.8,2.94,10.0
0.15,False,0.25,137.7,0.005510364733665705,21,304,0.8,2.94,10.0
0.15,False,0.5,211.80000000000004,0.005510364733665705,21,304,0.8,2.94,10.0
0.15,False,0.75,276.40000000000003,0.005510364733665705,21,304,0.8,2.94,10.0
0.15,True,0.25,144.2,0.9944896352663343,3790,304,0.8,2.94,10.0
0.15,True,0.5,220.05,0.9944896352663343,3790,304,0.8,2.94,10.0
0.15,True,0.75,335.40000000000003,0.9944896352663343,3790,304,0.8,2.94,10.0
0.0,False,0.25,207.1,0.5481727574750831,165,307,0.8,2.94,10.0
0.0,False,0.5,314.70000000000005,0.5481727574750831,165,307,0.8,2.94,10.0
0.0,False,0.75,466.90000000000003,0.5481727574750831,165,307,0.8,2.94,10.0
0.0,True,0.25,225.525,0.45182724252491696,136,307,0.8,2.94,10.0
0.0,True,0.5,396.95000000000005,0.45182724252491696,136,307,0.8,2.94,10.0
0.0,True,0.75,558.375,0.45182724252491696,136,307,0.8,2.94,10.0
0.03,False,0.25,241.95000000000002,0.275,198,307,0.8,2.94,10.0
0.03,False,0.5,374.59999999999997,0.275,198,307,0.8,2.94,10.0
0.03,False,0.75,545.1750000000001,0.275,198,307,0.8,2.94,10.0
0.03,True,0.25,200.17500000000004,0.725,522,307,0.8,2.94,10.0
0.03,True,0.5,329.40000000000003,0.725,522,307,0.8,2.94,10.0
0.03,True,0.75,498.27500000000003,0.725,522,307,0.8,2.94,10.0
0.06,False,0.25,188.6,0.11496913580246913,149,307,0.8,2.94,10.0
0.06,False,0.5,297.59999999999997,0.11496913580246913,149,307,0.8,2.94,10.0
0.06,False,0.75,438.40000000000003,0.11496913580246913,149,307,0.8,2.94,10.0
0.06,True,0.25,206.20000000000002,0.8850308641975309,1147,307,0.8,2.94,10.0
0.06,True,0.5,334.0,0.8850308641975309,1147,307,0.8,2.94,10.0
0.06,True,0.75,504.65000000000003,0.8850308641975309,1147,307,0.8,2.94,10.0
0.09,False,0.25,166.60000000000002,0.041307308216069,91,307,0.8,2.94,10.0
0.09,False,0.5,234.5,0.041307308216069,91,307,0.8,2.94,10.0
0.09,False,0.75,383.35,0.041307308216069,91,307,0.8,2.94,10.0
0.09,True,0.25,182.575,0.958692691783931,2112,307,0.8,2.94,10.0
0.09,True,0.5,298.50000000000006,0.958692691783931,2112,307,0.8,2.94,10.0
0.09,True,0.75,460.32500000000005,0.958692691783931,2112,307,0.8,2.94,10.0
0.12,False,0.25,134.2,0.014203584714237404,42,307,0.8,2.94,10.0
0.12,False,0.5,244.90000000000003,0.014203584714237404,42,307,0.8,2.94,10.0
0.12,False,0.75,425.775,0.014203584714237404,42,307,0.8,2.94,10.0
0.12,True,0.25,164.75,0.9857964152857626,2915,307,0.8,2.94,10.0
0.12,True,0.5,255.0,0.9857964152857626,2915,307,0.8,2.94,10.0
0.12,True,0.75,396.65000000000003,0.9857964152857626,2915,307,0.8,2.94,10.0
0.15,False,0.25,112.10000000000001,0.0044795783926218705,17,307,0.8,2.94,10.0
0.15,False,0.5,190.8,0.0044795783926218705,17,307,0.8,2.94,10.0
0.15,False,0.75,281.8,0.0044795783926218705,17,307,0.8,2.94,10.0
0.15,True,0.25,147.425,0.9955204216073781,3778,307,0.8,2.94,10.0
0.15,True,0.5,222.55,0.9955204216073781,3778,307,0.8,2.94,10.0
0.15,True,0.75,342.32500000000005,0.9955204216073781,3778,307,0.8,2.94,10.0
0.0,False,0.25,185.39999999999998,0.5292207792207793,163,308,0.8,2.94,10.0
0.0,False,0.5,319.6,0.5292207792207793,163,308,0.8,2.94,10.0
0.0,False,0.75,513.6000000000001,0.5292207792207793,163,308,0.8,2.94,10.0
0.0,True,0.25,210.20000000000002,0.4707792207792208,145,308,0.8,2.94,10.0
0.0,True,0.5,354.2,0.4707792207792208,145,308,0.8,2.94,10.0
0.0,True,0.75,507.90000000000003,0.4707792207792208,145,308,0.8,2.94,10.0
0.03,False,0.25,224.50000000000003,0.27225130890052357,208,308,0.8,2.94,10.0
0.03,False,0.5,393.4000000000001,0.27225130890052357,208,308,0.8,2.94,10.0
0.03,False,0.75,560.35,0.27225130890052357,208,308,0.8,2.94,10.0
0.03,True,0.25,206.57500000000005,0.7277486910994765,556,308,0.8,2.94,10.0
0.03,True,0.5,338.55,0.7277486910994765,556,308,0.8,2.94,10.0
0.03,True,0.75,500.95000000000005,0.7277486910994765,556,308,0.8,2.94,10.0
0.06,False,0.25,197.8,0.12081060015588464,155,308,0.8,2.94,10.0
0.06,False,0.5,306.90000000000003,0.12081060015588464,155,308,0.8,2.94,10.0
0.06,False,0.75,480.8,0.12081060015588464,155,308,0.8,2.94,10.0
0.06,True,0.25,204.125,0.8791893998441154,1128,308,0.8,2.94,10.0
0.06,True,0.5,334.90000000000003,0.8791893998441154,1128,308,0.8,2.94,10.0
0.06,True,0.75,495.67500000000007,0.8791893998441154,1128,308,0.8,2.94,10.0
0.09,False,0.25,144.65000000000003,0.04477611940298507,99,308,0.8,2.94,10.0
0.09,False,0.5,270.90000000000003,0.04477611940298507,99,308,0.8,2.94,10.0
0.09,False,0.75,399.05000000000007,0.04477611940298507,99,308,0.8,2.94,10.0
0.09,True,0.25,175.35000000000002,0.9552238805970149,2112,308,0.8,2.94,10.0
0.09,True,0.5,282.25,0.9552238805970149,2112,308,0.8,2.94,10.0
0.09,True,0.75,440.65000000000003,0.9552238805970149,2112,308,0.8,2.94,10.0
0.12,False,0.25,125.79999999999998,0.01622169651909429,48,308,0.8,2.94,10.0
0.12,False,0.5,205.55000000000004,0.01622169651909429,48,308,0.8,2.94,10.0
0.12,False,0.75,277.8,0.01622169651909429,48,308,0.8,2.94,10.0
0.12,True,0.25,162.20000000000002,0.9837783034809057,2911,308,0.8,2.94,10.0
0.12,True,0.5,256.70000000000005,0.9837783034809057,2911,308,0.8,2.94,10.0
0.12,True,0.75,403.9,0.9837783034809057,2911,308,0.8,2.94,10.0
0.15,False,0.25,105.65,0.006267955079655263,24,308,0.8,2.94,10.0
0.15,False,0.5,169.59999999999997,0.006267955079655263,24,308,0.8,2.94,10.0
0.15,False,0.75,254.275,0.006267955079655263,24,308,0.8,2.94,10.0
0.15,True,0.25,146.9,0.9937320449203447,3805,308,0.8,2.94,10.0
0.15,True,0.5,225.10000000000002,0.9937320449203447,3805,308,0.8,2.94,10.0
0.15,True,0.75,346.6,0.9937320449203447,3805,308,0.8,2.94,10.0
0.0,False,0.25,205.07500000000002,0.4584717607973422,138,312,0.8,2.94,10.0
0.0,False,0.5,350.05000000000007,0.4584717607973422,138,312,0.8,2.94,10.0
0.0,False,0.75,535.3,0.4584717607973422,138,312,0.8,2.94,10.0
0.0,True,0.25,208.35000000000002,0.5415282392026578,163,312,0.8,2.94,10.0
0.0,True,0.5,360.09999999999997,0.5415282392026578,163,312,0.8,2.94,10.0
0.0,True,0.75,528.75,0.5415282392026578,163,312,0.8,2.94,10.0
0.03,False,0.25,193.60000000000002,0.2583222370173103,194,312,0.8,2.94,10.0
0.03,False,0.5,337.75,0.2583222370173103,194,312,0.8,2.94,10.0
0.03,False,0.75,533.75,0.2583222370173103,194,312,0.8,2.94,10.0
0.03,True,0.25,207.1,0.7416777629826897,557,312,0.8,2.94,10.0
0.03,True,0.5,336.7,0.7416777629826897,557,312,0.8,2.94,10.0
0.03,True,0.75,517.3,0.7416777629826897,557,312,0.8,2.94,10.0
0.06,False,0.25,162.45,0.1115569823434992,139,312,0.8,2.94,10.0
0.06,False,0.5,274.30000000000007,0.1115569823434992,139,312,0.8,2.94,10.0
0.06,False,0.75,461.65,0.1115569823434992,139,312,0.8,2.94,10.0
0.06,True,0.25,191.25,0.8884430176565008,1107,312,0.8,2.94,10.0
0.06,True,0.5,323.40000000000003,0.8884430176565008,1107,312,0.8,2.94,10.0
0.06,True,0.75,497.70000000000005,0.8884430176565008,1107,312,0.8,2.94,10.0
0.09,False,0.25,142.27500000000003,0.038077969174977334,84,312,0.8,2.94,10.0
0.09,False,0.5,266.70000000000005,0.038077969174977334,84,312,0.8,2.94,10.0
0.09,False,0.75,386.62500000000006,0.038077969174977334,84,312,0.8,2.94,10.0
0.09,True,0.25,185.9,0.9619220308250227,2122,312,0.8,2.94,10.0
0.09,True,0.5,305.9,0.9619220308250227,2122,312,0.8,2.94,10.0
0.09,True,0.75,456.27500000000003,0.9619220308250227,2122,312,0.8,2.94,10.0
0.12,False,0.25,153.4,0.013814016172506738,41,312,0.8,2.94,10.0
0.12,False,0.5,242.20000000000002,0.013814016172506738,41,312,0.8,2.94,10.0
0.12,False,0.75,412.6,0.013814016172506738,41,312,0.8,2.94,10.0
0.12,True,0.25,161.65,0.9861859838274932,2927,312,0.8,2.94,10.0
0.12,True,0.5,255.9,0.9861859838274932,2927,312,0.8,2.94,10.0
0.12,True,0.75,397.45000000000005,0.9861859838274932,2927,312,0.8,2.94,10.0
0.15,False,0.25,105.75,0.004977731202515065,19,312,0.8,2.94,10.0
0.15,False,0.5,125.10000000000002,0.004977731202515065,19,312,0.8,2.94,10.0
0.15,False,0.75,196.35,0.004977731202515065,19,312,0.8,2.94,10.0
0.15,True,0.25,144.00000000000003,0.9950222687974849,3798,312,0.8,2.94,10.0
0.15,True,0.5,218.75000000000003,0.9950222687974849,3798,312,0.8,2.94,10.0
0.15,True,0.75,334.32500000000005,0.9950222687974849,3798,312,0.8,2.94,10.0
0.0,False,0.25,253.6,0.5604395604395604,153,316,0.8,2.94,10.0
0.0,False,0.5,363.8,0.5604395604395604,153,316,0.8,2.94,10.0
0.0,False,0.75,536.6,0.5604395604395604,153,316,0.8,2.94,10.0
0.0,True,0.25,214.87500000000003,0.43956043956043955,120,316,0.8,2.94,10.0
0.0,True,0.5,304.95000000000005,0.43956043956043955,120,316,0.8,2.94,10.0
0.0,True,0.75,456.65,0.43956043956043955,120,316,0.8,2.94,10.0
0.03,False,0.25,188.6,0.26587301587301587,201,316,0.8,2.94,10.0
0.03,False,0.5,332.90000000000003,0.26587301587301587,201,316,0.8,2.94,10.0
0.03,False,0.75,525.0,0.26587301587301587,201,316,0.8,2.94,10.0
0.03,True,0.25,207.65000000000003,0.7341269841269841,555,316,0.8,2.94,10.0
0.03,True,0.5,346.90000000000003,0.7341269841269841,555,316,0.8,2.94,10.0
0.03,True,0.75,529.25,0.7341269841269841,555,316,0.8,2.94,10.0
0.06,False,0.25,191.7,0.09833585476550681,130,316,0.8,2.94,10.0
0.06,False,0.5,358.5,0.09833585476550681,130,316,0.8,2.94,10.0
0.06,False,0.75,514.775,0.09833585476550681,130,316,0.8,2.94,10.0
0.06,True,0.25,195.175,0.9016641452344932,1192,316,0.8,2.94,10.0
0.06,True,0.5,320.85,0.9016641452344932,1192,316,0.8,2.94,10.0
0.06,True,0.75,484.20000000000005,0.9016641452344932,1192,316,0.8,2.94,10.0
0.09,False,0.25,145.02499999999998,0.03775280898876404,84,316,0.8,2.94,10.0
0.09,False,0.5,262.85,0.03775280898876404,84,316,0.8,2.94,10.0
0.09,False,0.75,429.87500000000006,0.03775280898876404,84,316,0.8,2.94,10.0
0.09,True,0.25,176.09999999999997,0.9622471910112359,2141,316,0.8,2.94,10.0
0.09,True,0.5,282.2,0.9622471910112359,2141,316,0.8,2.94,10.0
0.09,True,0.75,442.70000000000005,0.9622471910112359,2141,316,0.8,2.94,10.0
0.12,False,0.25,155.0,0.015055202408832385,45,316,0.8,2.94,10.0
0.12,False,0.5,202.10000000000002,0.015055202408832385,45,316,0.8,2.94,10.0
0.12,False,0.75,355.30000000000007,0.015055202408832385,45,316,0.8,2.94,10.0
0.12,True,0.25,161.27500000000003,0.9849447975911676,2944,316,0.8,2.94,10.0
0.12,True,0.5,255.8,0.9849447975911676,2944,316,0.8,2.94,10.0
0.12,True,0.75,389.62500000000006,0.9849447975911676,2944,316,0.8,2.94,10.0
0.15,False,0.25,117.25000000000001,0.003652491521001826,14,316,0.8,2.94,10.0
0.15,False,0.5,170.5,0.003652491521001826,14,316,0.8,2.94,10.0
0.15,False,0.75,231.10000000000002,0.003652491521001826,14,316,0.8,2.94,10.0
0.15,True,0.25,146.75,0.9963475084789982,3819,316,0.8,2.94,10.0
0.15,True,0.5,216.5,0.9963475084789982,3819,316,0.8,2.94,10.0
0.15,True,0.75,327.05000000000007,0.9963475084789982,3819,316,0.8,2.94,10.0
0.0,False,0.25,204.3,0.527027027027027,156,330,0.8,2.94,10.0
0.0,False,0.5,337.95000000000005,0.527027027027027,156,330,0.8,2.94,10.0
0.0,False,0.75,535.175,0.527027027027027,156,330,0.8,2.94,10.0
0.0,True,0.25,195.27499999999998,0.47297297297297297,140,330,0.8,2.94,10.0
0.0,True,0.5,318.85,0.47297297297297297,140,330,0.8,2.94,10.0
0.0,True,0.75,505.62499999999994,0.47297297297297297,140,330,0.8,2.94,10.0
0.03,False,0.25,199.3,0.2416555407209613,181,330,0.8,2.94,10.0
0.03,False,0.5,387.90000000000003,0.2416555407209613,181,330,0.8,2.94,10.0
0.03,False,0.75,545.0,0.2416555407209613,181,330,0.8,2.94,10.0
0.03,True,0.25,195.25,0.7583444592790387,568,330,0.8,2.94,10.0
0.03,True,0.5,330.9,0.7583444592790387,568,330,0.8,2.94,10.0
0.03,True,0.75,492.625,0.7583444592790387,568,330,0.8,2.94,10.0
0.06,False,0.25,198.95000000000002,0.09606656580937972,127,330,0.8,2.94,10.0
0.06,False,0.5,309.20000000000005,0.09606656580937972,127,330,0.8,2.94,10.0
0.06,False,0.75,493.85,0.09606656580937972,127,330,0.8,2.94,10.0
0.06,True,0.25,204.10000000000002,0.9039334341906202,1195,330,0.8,2.94,10.0
0.06,True,0.5,328.6,0.9039334341906202,1195,330,0.8,2.94,10.0
0.06,True,0.75,484.80000000000007,0.9039334341906202,1195,330,0.8,2.94,10.0
0.09,False,0.25,147.2,0.04100227790432802,90,330,0.8,2.94,10.0
0.09,False,0.5,255.70000000000002,0.04100227790432802,90,330,0.8,2.94,10.0
0.09,False,0.75,384.1000000000001,0.04100227790432802,90,330,0.8,2.94,10.0
0.09,True,0.25,182.70000000000002,0.958997722095672,2105,330,0.8,2.94,10.0
0.09,True,0.5,297.00000000000006,0.958997722095672,2105,330,0.8,2.94,10.0
0.09,True,0.75,453.2,0.958997722095672,2105,330,0.8,2.94,10.0
0.12,False,0.25,118.74999999999999,0.01888701517706577,56,330,0.8,2.94,10.0
0.12,False,0.5,183.65000000000003,0.01888701517706577,56,330,0.8,2.94,10.0
0.12,False,0.75,355.325,0.01888701517706577,56,330,0.8,2.94,10.0
0.12,True,0.25,157.79999999999998,0.9811129848229342,2909,330,0.8,2.94,10.0
0.12,True,0.5,253.6,0.9811129848229342,2909,330,0.8,2.94,10.0
0.12,True,0.75,395.6000000000001,0.9811129848229342,2909,330,0.8,2.94,10.0
0.15,False,0.25,132.59999999999997,0.004971219256933543,19,330,0.8,2.94,10.0
0.15,False,0.5,232.40000000000003,0.004971219256933543,19,330,0.8,2.94,10.0
0.15,False,0.75,412.1,0.004971219256933543,19,330,0.8,2.94,10.0
0.15,True,0.25,146.1,0.9950287807430664,3803,330,0.8,2.94,10.0
0.15,True,0.5,219.90000000000003,0.9950287807430664,3803,330,0.8,2.94,10.0
0.15,True,0.75,340.3,0.9950287807430664,3803,330,0.8,2.94,10.0
0.0,False,0.25,228.00000000000003,0.5,153,335,0.8,2.94,10.0
0.0,False,0.5,365.3,0.5,153,335,0.8,2.94,10.0
0.0,False,0.75,535.5000000000001,0.5,153,335,0.8,2.94,10.0
0.0,True,0.25,196.7,0.5,153,335,0.8,2.94,10.0
0.0,True,0.5,297.8,0.5,153,335,0.8,2.94,10.0
0.0,True,0.75,492.5,0.5,153,335,0.8,2.94,10.0
0.03,False,0.25,197.35000000000002,0.2700135685210312,199,335,0.8,2.94,10.0
0.03,False,0.5,334.0,0.2700135685210312,199,335,0.8,2.94,10.0
0.03,False,0.75,510.0,0.2700135685210312,199,335,0.8,2.94,10.0
0.03,True,0.25,209.40000000000003,0.7299864314789688,538,335,0.8,2.94,10.0
0.03,True,0.5,354.9000000000001,0.7299864314789688,538,335,0.8,2.94,10.0
0.03,True,0.75,532.275,0.7299864314789688,538,335,0.8,2.94,10.0
0.06,False,0.25,195.35000000000002,0.11307692307692307,147,335,0.8,2.94,10.0
0.06,False,0.5,359.00000000000006,0.11307692307692307,147,335,0.8,2.94,10.0
0.06,False,0.75,519.7,0.11307692307692307,147,335,0.8,2.94,10.0
0.06,True,0.25,196.1,0.8869230769230769,1153,335,0.8,2.94,10.0
0.06,True,0.5,330.5,0.8869230769230769,1153,335,0.8,2.94,10.0
0.06,True,0.75,495.5,0.8869230769230769,1153,335,0.8,2.94,10.0
0.09,False,0.25,154.70000000000002,0.032794249775381853,73,335,0.8,2.94,10.0
0.09,False,0.5,245.8,0.032794249775381853,73,335,0.8,2.94,10.0
0.09,False,0.75,437.3,0.032794249775381853,73,335,0.8,2.94,10.0
0.09,True,0.25,183.2,0.9672057502246182,2153,335,0.8,2.94,10.0
0.09,True,0.5,295.4,0.9672057502246182,2153,335,0.8,2.94,10.0
0.09,True,0.75,455.79999999999995,0.9672057502246182,2153,335,0.8,2.94,10.0
0.12,False,0.25,131.20000000000002,0.015524805939925751,46,335,0.8,2.94,10.0
0.12,False,0.5,249.7,0.015524805939925751,46,335,0.8,2.94,10.0
0.12,False,0.75,448.4,0.015524805939925751,46,335,0.8,2.94,10.0
0.12,True,0.25,163.99999999999997,0.9844751940600742,2917,335,0.8,2.94,10.0
0.12,True,0.5,255.6,0.9844751940600742,2917,335,0.8,2.94,10.0
0.12,True,0.75,396.50000000000006,0.9844751940600742,2917,335,0.8,2.94,10.0
0.15,False,0.25,131.4,0.00522875816993464,20,335,0.8,2.94,10.0
0.15,False,0.5,161.90000000000003,0.00522875816993464,20,335,0.8,2.94,10.0
0.15,False,0.75,253.525,0.00522875816993464,20,335,0.8,2.94,10.0
0.15,True,0.25,143.7,0.9947712418300654,3805,335,0.8,2.94,10.0
0.15,True,0.5,216.10000000000005,0.9947712418300654,3805,335,0.8,2.94,10.0
0.15,True,0.75,328.2,0.9947712418300654,3805,335,0.8,2.94,10.0
0.0,False,0.25,215.4,0.5157894736842106,147,345,0.8,2.94,10.0
0.0,False,0.5,363.70000000000005,0.5157894736842106,147,345,0.8,2.94,10.0
0.0,False,0.75,532.95,0.5157894736842106,147,345,0.8,2.94,10.0
0.0,True,0.25,218.57500000000005,0.4842105263157895,138,345,0.8,2.94,10.0
0.0,True,0.5,347.40000000000003,0.4842105263157895,138,345,0.8,2.94,10.0
0.0,True,0.75,557.975,0.4842105263157895,138,345,0.8,2.94,10.0
0.03,False,0.25,195.10000000000002,0.25614489003880986,198,345,0.8,2.94,10.0
0.03,False,0.5,315.1,0.25614489003880986,198,345,0.8,2.94,10.0
0.03,False,0.75,519.775,0.25614489003880986,198,345,0.8,2.94,10.0
0.03,True,0.25,217.65000000000003,0.7438551099611902,575,345,0.8,2.94,10.0
0.03,True,0.5,351.40000000000003,0.7438551099611902,575,345,0.8,2.94,10.0
0.03,True,0.75,524.6,0.7438551099611902,575,345,0.8,2.94,10.0
0.06,False,0.25,203.70000000000002,0.10360706062931696,135,345,0.8,2.94,10.0
0.06,False,0.5,306.5,0.10360706062931696,135,345,0.8,2.94,10.0
0.06,False,0.75,463.20000000000005,0.10360706062931696,135,345,0.8,2.94,10.0
0.06,True,0.25,189.85000000000002,0.896392939370683,1168,345,0.8,2.94,10.0
0.06,True,0.5,311.95,0.896392939370683,1168,345,0.8,2.94,10.0
0.06,True,0.75,484.625,0.896392939370683,1168,345,0.8,2.94,10.0
0.09,False,0.25,164.10000000000002,0.04251469923111714,94,345,0.8,2.94,10.0
0.09,False,0.5,253.75,0.04251469923111714,94,345,0.8,2.94,10.0
0.09,False,0.75,416.175,0.04251469923111714,94,345,0.8,2.94,10.0
0.09,True,0.25,182.3,0.9574853007688828,2117,345,0.8,2.94,10.0
0.09,True,0.5,298.6,0.9574853007688828,2117,345,0.8,2.94,10.0
0.09,True,0.75,457.6000000000001,0.9574853007688828,2117,345,0.8,2.94,10.0
0.12,False,0.25,155.825,0.01358695652173913,40,345,0.8,2.94,10.0
0.12,False,0.5,262.34999999999997,0.01358695652173913,40,345,0.8,2.94,10.0
0.12,False,0.75,452.07500000000005,0.01358695652173913,40,345,0.8,2.94,10.0
0.12,True,0.25,160.275,0.9864130434782609,2904,345,0.8,2.94,10.0
0.12,True,0.5,254.40000000000003,0.9864130434782609,2904,345,0.8,2.94,10.0
0.12,True,0.75,405.95000000000005,0.9864130434782609,2904,345,0.8,2.94,10.0
0.15,False,0.25,153.2,0.005480167014613779,21,345,0.8,2.94,10.0
0.15,False,0.5,179.29999999999998,0.005480167014613779,21,345,0.8,2.94,10.0
0.15,False,0.75,296.6,0.005480167014613779,21,345,0.8,2.94,10.0
0.15,True,0.25,148.29999999999998,0.9945198329853863,3811,345,0.8,2.94,10.0
0.15,True,0.5,223.3,0.9945198329853863,3811,345,0.8,2.94,10.0
0.15,True,0.75,340.3,0.9945198329853863,3811,345,0.8,2.94,10.0
0.0,False,0.25,215.875,0.47651006711409394,142,356,0.8,2.94,10.0
0.0,False,0.5,372.65000000000003,0.47651006711409394,142,356,0.8,2.94,10.0
0.0,False,0.75,528.3,0.47651006711409394,142,356,0.8,2.94,10.0
0.0,True,0.25,214.22500000000002,0.5234899328859061,156,356,0.8,2.94,10.0
0.0,True,0.5,334.05,0.5234899328859061,156,356,0.8,2.94,10.0
0.0,True,0.75,497.1000000000001,0.5234899328859061,156,356,0.8,2.94,10.0
0.03,False,0.25,199.15,0.2620967741935484,195,356,0.8,2.94,10.0
0.03,False,0.5,336.1,0.2620967741935484,195,356,0.8,2.94,10.0
0.03,False,0.75,513.15,0.2620967741935484,195,356,0.8,2.94,10.0
0.03,True,0.25,209.60000000000002,0.7379032258064516,549,356,0.8,2.94,10.0
0.03,True,0.5,357.9,0.7379032258064516,549,356,0.8,2.94,10.0
0.03,True,0.75,541.2,0.7379032258064516,549,356,0.8,2.94,10.0
0.06,False,0.25,154.85000000000002,0.10188087774294671,130,356,0.8,2.94,10.0
0.06,False,0.5,280.35,0.10188087774294671,130,356,0.8,2.94,10.0
0.06,False,0.75,506.77500000000003,0.10188087774294671,130,356,0.8,2.94,10.0
0.06,True,0.25,197.35,0.8981191222570533,1146,356,0.8,2.94,10.0
0.06,True,0.5,336.70000000000005,0.8981191222570533,1146,356,0.8,2.94,10.0
0.06,True,0.75,518.75,0.8981191222570533,1146,356,0.8,2.94,10.0
0.09,False,0.25,161.99999999999997,0.03309156844968268,73,356,0.8,2.94,10.0
0.09,False,0.5,230.6,0.03309156844968268,73,356,0.8,2.94,10.0
0.09,False,0.75,421.1,0.03309156844968268,73,356,0.8,2.94,10.0
0.09,True,0.25,184.3,0.9669084315503174,2133,356,0.8,2.94,10.0
0.09,True,0.5,284.50000000000006,0.9669084315503174,2133,356,0.8,2.94,10.0
0.09,True,0.75,449.2,0.9669084315503174,2133,356,0.8,2.94,10.0
0.12,False,0.25,131.1,0.014098690835850957,42,356,0.8,2.94,10.0
0.12,False,0.5,211.35000000000002,0.014098690835850957,42,356,0.8,2.94,10.0
0.12,False,0.75,336.95,0.014098690835850957,42,356,0.8,2.94,10.0
0.12,True,0.25,158.50000000000003,0.9859013091641491,2937,356,0.8,2.94,10.0
0.12,True,0.5,249.9,0.9859013091641491,2937,356,0.8,2.94,10.0
0.12,True,0.75,392.80000000000007,0.9859013091641491,2937,356,0.8,2.94,10.0
0.15,False,0.25,168.625,0.005774278215223097,22,356,0.8,2.94,10.0
0.15,False,0.5,241.80000000000007,0.005774278215223097,22,356,0.8,2.94,10.0
0.15,False,0.75,399.40000000000003,0.005774278215223097,22,356,0.8,2.94,10.0
0.15,True,0.25,144.25,0.9942257217847769,3788,356,0.8,2.94,10.0
0.15,True,0.5,218.25000000000003,0.9942257217847769,3788,356,0.8,2.94,10.0
0.15,True,0.75,332.425,0.9942257217847769,3788,356,0.8,2.94,10.0
0.0,False,0.25,200.20000000000002,0.5238095238095238,165,358,0.8,2.94,10.0
0.0,False,0.5,324.1,0.5238095238095238,165,358,0.8,2.94,10.0
0.0,False,0.75,472.7,0.5238095238095238,165,358,0.8,2.94,10.0
0.0,True,0.25,225.90000000000003,0.47619047619047616,150,358,0.8,2.94,10.0
0.0,True,0.5,332.65000000000003,0.47619047619047616,150,358,0.8,2.94,10.0
0.0,True,0.75,534.9,0.47619047619047616,150,358,0.8,2.94,10.0
0.03,False,0.25,221.30000000000004,0.260347129506008,195,358,0.8,2.94,10.0
0.03,False,0.5,353.50000000000006,0.260347129506008,195,358,0.8,2.94,10.0
0.03,False,0.75,519.75,0.260347129506008,195,358,0.8,2.94,10.0
0.03,True,0.25,207.5,0.739652870493992,554,358,0.8,2.94,10.0
0.03,True,0.5,337.0,0.739652870493992,554,358,0.8,2.94,10.0
0.03,True,0.75,520.5500000000001,0.739652870493992,554,358,0.8,2.94,10.0
0.06,False,0.25,202.82500000000005,0.12903225806451613,168,358,0.8,2.94,10.0
0.06,False,0.5,332.6,0.12903225806451613,168,358,0.8,2.94,10.0
0.06,False,0.75,505.85,0.12903225806451613,168,358,0.8,2.94,10.0
0.06,True,0.25,201.025,0.8709677419354839,1134,358,0.8,2.94,10.0
0.06,True,0.5,332.9,0.8709677419354839,1134,358,0.8,2.94,10.0
0.06,True,0.75,497.92500000000007,0.8709677419354839,1134,358,0.8,2.94,10.0
0.09,False,0.25,151.20000000000002,0.0466995958688819,104,358,0.8,2.94,10.0
0.09,False,0.5,265.95000000000005,0.0466995958688819,104,358,0.8,2.94,10.0
0.09,False,0.75,447.2250000000001,0.0466995958688819,104,358,0.8,2.94,10.0
0.09,True,0.25,187.15000000000003,0.953300404131118,2123,358,0.8,2.94,10.0
0.09,True,0.5,301.5,0.953300404131118,2123,358,0.8,2.94,10.0
0.09,True,0.75,457.70000000000005,0.953300404131118,2123,358,0.8,2.94,10.0
0.12,False,0.25,128.95,0.017258883248730966,51,358,0.8,2.94,10.0
0.12,False,0.5,231.3,0.017258883248730966,51,358,0.8,2.94,10.0
0.12,False,0.75,350.55000000000007,0.017258883248730966,51,358,0.8,2.94,10.0
0.12,True,0.25,163.4,0.9827411167512691,2904,358,0.8,2.94,10.0
0.12,True,0.5,258.25,0.9827411167512691,2904,358,0.8,2.94,10.0
0.12,True,0.75,400.875,0.9827411167512691,2904,358,0.8,2.94,10.0
0.15,False,0.25,149.7,0.0060351613749672,23,358,0.8,2.94,10.0
0.15,False,0.5,285.9,0.0060351613749672,23,358,0.8,2.94,10.0
0.15,False,0.75,373.0,0.0060351613749672,23,358,0.8,2.94,10.0
0.15,True,0.25,147.475,0.9939648386250328,3788,358,0.8,2.94,10.0
0.15,True,0.5,222.75000000000006,0.9939648386250328,3788,358,0.8,2.94,10.0
0.15,True,0.75,338.15000000000003,0.9939648386250328,3788,358,0.8,2.94,10.0
0.0,False,0.25,203.55,0.5261324041811847,151,362,0.8,2.94,10.0
0.0,False,0.5,324.2,0.5261324041811847,151,362,0.8,2.94,10.0
0.0,False,0.75,525.7,0.5261324041811847,151,362,0.8,2.94,10.0
0.0,True,0.25,212.25000000000003,0.4738675958188153,136,362,0.8,2.94,10.0
0.0,True,0.5,399.5,0.4738675958188153,136,362,0.8,2.94,10.0
0.0,True,0.75,602.625,0.4738675958188153,136,362,0.8,2.94,10.0
0.03,False,0.25,196.14999999999998,0.24621733149931224,179,362,0.8,2.94,10.0
0.03,False,0.5,363.6,0.24621733149931224,179,362,0.8,2.94,10.0
0.03,False,0.75,547.3500000000001,0.24621733149931224,179,362,0.8,2.94,10.0
0.03,True,0.25,215.425,0.7537826685006878,548,362,0.8,2.94,10.0
0.03,True,0.5,355.1,0.7537826685006878,548,362,0.8,2.94,10.0
0.03,True,0.75,522.9749999999999,0.7537826685006878,548,362,0.8,2.94,10.0
0.06,False,0.25,155.70000000000002,0.10955710955710955,141,362,0.8,2.94,10.0
0.06,False,0.5,267.29999999999995,0.10955710955710955,141,362,0.8,2.94,10.0
0.06,False,0.75,467.40000000000003,0.10955710955710955,141,362,0.8,2.94,10.0
0.06,True,0.25,192.77499999999998,0.8904428904428905,1146,362,0.8,2.94,10.0
0.06,True,0.5,325.6,0.8904428904428905,1146,362,0.8,2.94,10.0
0.06,True,0.75,492.35,0.8904428904428905,1146,362,0.8,2.94,10.0
0.09,False,0.25,155.4,0.04506916555109326,101,362,0.8,2.94,10.0
0.09,False,0.5,276.30000000000007,0.04506916555109326,101,362,0.8,2.94,10.0
0.09,False,0.75,446.5,0.04506916555109326,101,362,0.8,2.94,10.0
0.09,True,0.25,172.675,0.9549308344489067,2140,362,0.8,2.94,10.0
0.09,True,0.5,281.5,0.9549308344489067,2140,362,0.8,2.94,10.0
0.09,True,0.75,441.3,0.9549308344489067,2140,362,0.8,2.94,10.0
0.12,False,0.25,140.725,0.016238159675236806,48,362,0.8,2.94,10.0
0.12,False,0.5,208.20000000000002,0.016238159675236806,48,362,0.8,2.94,10.0
0.12,False,0.75,340.875,0.016238159675236806,48,362,0.8,2.94,10.0
0.12,True,0.25,160.175,0.9837618403247632,2908,362,0.8,2.94,10.0
0.12,True,0.5,257.95000000000005,0.9837618403247632,2908,362,0.8,2.94,10.0
0.12,True,0.75,405.4000000000001,0.9837618403247632,2908,362,0.8,2.94,10.0
0.15,False,0.25,134.60000000000002,0.006822356336919444,26,362,0.8,2.94,10.0
0.15,False,0.5,208.40000000000003,0.006822356336919444,26,362,0.8,2.94,10.0
0.15,False,0.75,334.50000000000006,0.006822356336919444,26,362,0.8,2.94,10.0
0.15,True,0.25,142.50000000000003,0.9931776436630806,3785,362,0.8,2.94,10.0
0.15,True,0.5,217.90000000000003,0.9931776436630806,3785,362,0.8,2.94,10.0
0.15,True,0.75,334.0,0.9931776436630806,3785,362,0.8,2.94,10.0
0.0,False,0.25,218.95000000000002,0.4902597402597403,151,367,0.8,2.94,10.0
0.0,False,0.5,368.09999999999997,0.4902597402597403,151,367,0.8,2.94,10.0
0.0,False,0.75,541.1500000000001,0.4902597402597403,151,367,0.8,2.94,10.0
0.0,True,0.25,235.00000000000003,0.5097402597402597,157,367,0.8,2.94,10.0
0.0,True,0.5,343.30000000000007,0.5097402597402597,157,367,0.8,2.94,10.0
0.0,True,0.75,508.2,0.5097402597402597,157,367,0.8,2.94,10.0
0.03,False,0.25,186.9,0.235370611183355,181,367,0.8,2.94,10.0
0.03,False,0.5,338.3,0.235370611183355,181,367,0.8,2.94,10.0
0.03,False,0.75,525.4000000000001,0.235370611183355,181,367,0.8,2.94,10.0
0.03,True,0.25,208.15000000000003,0.764629388816645,588,367,0.8,2.94,10.0
0.03,True,0.5,345.6,0.764629388816645,588,367,0.8,2.94,10.0
0.03,True,0.75,525.575,0.764629388816645,588,367,0.8,2.94,10.0
0.06,False,0.25,172.8,0.10678098207326578,137,367,0.8,2.94,10.0
0.06,False,0.5,322.70000000000005,0.10678098207326578,137,367,0.8,2.94,10.0
0.06,False,0.75,470.40000000000003,0.10678098207326578,137,367,0.8,2.94,10.0
0.06,True,0.25,198.225,0.8932190179267342,1146,367,0.8,2.94,10.0
0.06,True,0.5,312.5,0.8932190179267342,1146,367,0.8,2.94,10.0
0.06,True,0.75,502.27500000000003,0.8932190179267342,1146,367,0.8,2.94,10.0
0.09,False,0.25,149.15,0.040336879432624116,91,367,0.8,2.94,10.0
0.09,False,0.5,244.20000000000002,0.040336879432624116,91,367,0.8,2.94,10.0
0.09,False,0.75,440.70000000000005,0.040336879432624116,91,367,0.8,2.94,10.0
0.09,True,0.25,179.7,0.9596631205673759,2165,367,0.8,2.94,10.0
0.09,True,0.5,292.40000000000003,0.9596631205673759,2165,367,0.8,2.94,10.0
0.09,True,0.75,458.30000000000007,0.9596631205673759,2165,367,0.8,2.94,10.0
0.12,False,0.25,124.89999999999998,0.013865404125803178,41,367,0.8,2.94,10.0
0.12,False,0.5,181.79999999999998,0.013865404125803178,41,367,0.8,2.94,10.0
0.12,False,0.75,265.5,0.013865404125803178,41,367,0.8,2.94,10.0
0.12,True,0.25,160.3,0.9861345958741968,2916,367,0.8,2.94,10.0
0.12,True,0.5,250.95,0.9861345958741968,2916,367,0.8,2.94,10.0
0.12,True,0.75,398.1,0.9861345958741968,2916,367,0.8,2.94,10.0
0.15,False,0.25,126.025,0.00472193074501574,18,367,0.8,2.94,10.0
0.15,False,0.5,171.2,0.00472193074501574,18,367,0.8,2.94,10.0
0.15,False,0.75,307.55,0.00472193074501574,18,367,0.8,2.94,10.0
0.15,True,0.25,144.42500000000004,0.9952780692549843,3794,367,0.8,2.94,10.0
0.15,True,0.5,220.70000000000005,0.9952780692549843,3794,367,0.8,2.94,10.0
0.15,True,0.75,329.7,0.9952780692549843,3794,367,0.8,2.94,10.0
0.0,False,0.25,216.45000000000005,0.4965277777777778,143,368,0.8,2.94,10.0
0.0,False,0.5,326.1,0.4965277777777778,143,368,0.8,2.94,10.0
0.0,False,0.75,481.05000000000007,0.4965277777777778,143,368,0.8,2.94,10.0
0.0,True,0.25,206.60000000000002,0.5034722222222222,145,368,0.8,2.94,10.0
0.0,True,0.5,379.8,0.5034722222222222,145,368,0.8,2.94,10.0
0.0,True,0.75,555.2,0.5034722222222222,145,368,0.8,2.94,10.0
0.03,False,0.25,207.90000000000006,0.23575129533678757,182,368,0.8,2.94,10.0
0.03,False,0.5,348.35,0.23575129533678757,182,368,0.8,2.94,10.0
0.03,False,0.75,509.625,0.23575129533678757,182,368,0.8,2.94,10.0
0.03,True,0.25,206.22500000000002,0.7642487046632125,590,368,0.8,2.94,10.0
0.03,True,0.5,340.95000000000005,0.7642487046632125,590,368,0.8,2.94,10.0
0.03,True,0.75,516.6500000000001,0.7642487046632125,590,368,0.8,2.94,10.0
0.06,False,0.25,160.8,0.11178707224334601,147,368,0.8,2.94,10.0
0.06,False,0.5,289.6,0.11178707224334601,147,368,0.8,2.94,10.0
0.06,False,0.75,472.0,0.11178707224334601,147,368,0.8,2.94,10.0
0.06,True,0.25,193.375,0.888212927756654,1168,368,0.8,2.94,10.0
0.06,True,0.5,309.5,0.888212927756654,1168,368,0.8,2.94,10.0
0.06,True,0.75,477.25,0.888212927756654,1168,368,0.8,2.94,10.0
0.09,False,0.25,150.75,0.04609127880704925,102,368,0.8,2.94,10.0
0.09,False,0.5,255.25,0.04609127880704925,102,368,0.8,2.94,10.0
0.09,False,0.75,428.42499999999995,0.04609127880704925,102,368,0.8,2.94,10.0
0.09,True,0.25,180.25,0.9539087211929508,2111,368,0.8,2.94,10.0
0.09,True,0.5,293.59999999999997,0.9539087211929508,2111,368,0.8,2.94,10.0
0.09,True,0.75,452.04999999999995,0.9539087211929508,2111,368,0.8,2.94,10.0
0.12,False,0.25,151.07500000000002,0.014084507042253521,42,368,0.8,2.94,10.0
0.12,False,0.5,279.45,0.014084507042253521,42,368,0.8,2.94,10.0
0.12,False,0.75,401.4,0.014084507042253521,42,368,0.8,2.94,10.0
0.12,True,0.25,162.975,0.9859154929577465,2940,368,0.8,2.94,10.0
0.12,True,0.5,258.4,0.9859154929577465,2940,368,0.8,2.94,10.0
0.12,True,0.75,396.8,0.9859154929577465,2940,368,0.8,2.94,10.0
0.15,False,0.25,110.5,0.006578947368421052,25,368,0.8,2.94,10.0
0.15,False,0.5,240.40000000000003,0.006578947368421052,25,368,0.8,2.94,10.0
0.15,False,0.75,344.7,0.006578947368421052,25,368,0.8,2.94,10.0
0.15,True,0.25,148.10000000000002,0.993421052631579,3775,368,0.8,2.94,10.0
0.15,True,0.5,222.9,0.993421052631579,3775,368,0.8,2.94,10.0
0.15,True,0.75,344.2,0.993421052631579,3775,368,0.8,2.94,10.0
0.0,False,0.25,177.2,0.46567164179104475,156,371,0.8,2.94,10.0
0.0,False,0.5,327.6,0.46567164179104475,156,371,0.8,2.94,10.0
0.0,False,0.75,456.0,0.46567164179104475,156,371,0.8,2.94,10.0
0.0,True,0.25,215.40000000000003,0.5343283582089552,179,371,0.8,2.94,10.0
0.0,True,0.5,381.00000000000006,0.5343283582089552,179,371,0.8,2.94,10.0
0.0,True,0.75,583.85,0.5343283582089552,179,371,0.8,2.94,10.0
0.03,False,0.25,188.9,0.24444444444444444,187,371,0.8,2.94,10.0
0.03,False,0.5,344.1,0.24444444444444444,187,371,0.8,2.94,10.0
0.03,False,0.75,510.15,0.24444444444444444,187,371,0.8,2.94,10.0
0.03,True,0.25,229.65000000000003,0.7555555555555555,578,371,0.8,2.94,10.0
0.03,True,0.5,364.90000000000003,0.7555555555555555,578,371,0.8,2.94,10.0
0.03,True,0.75,547.7,0.7555555555555555,578,371,0.8,2.94,10.0
0.06,False,0.25,182.1,0.119938884644767,157,371,0.8,2.94,10.0
0.06,False,0.5,307.00000000000006,0.119938884644767,157,371,0.8,2.94,10.0
0.06,False,0.75,431.20000000000005,0.119938884644767,157,371,0.8,2.94,10.0
0.06,True,0.25,201.075,0.880061115355233,1152,371,0.8,2.94,10.0
0.06,True,0.5,338.45000000000005,0.880061115355233,1152,371,0.8,2.94,10.0
0.06,True,0.75,501.29999999999995,0.880061115355233,1152,371,0.8,2.94,10.0
0.09,False,0.25,146.2,0.03283850652271705,73,371,0.8,2.94,10.0
0.09,False,0.5,210.60000000000005,0.03283850652271705,73,371,0.8,2.94,10.0
0.09,False,0.75,421.1,0.03283850652271705,73,371,0.8,2.94,10.0
0.09,True,0.25,180.75,0.967161493477283,2150,371,0.8,2.94,10.0
0.09,True,0.5,298.20000000000005,0.967161493477283,2150,371,0.8,2.94,10.0
0.09,True,0.75,457.525,0.967161493477283,2150,371,0.8,2.94,10.0
0.12,False,0.25,138.175,0.010759919300605245,32,371,0.8,2.94,10.0
0.12,False,0.5,271.8,0.010759919300605245,32,371,0.8,2.94,10.0
0.12,False,0.75,357.55000000000007,0.010759919300605245,32,371,0.8,2.94,10.0
0.12,True,0.25,162.475,0.9892400806993947,2942,371,0.8,2.94,10.0
0.12,True,0.5,255.25,0.9892400806993947,2942,371,0.8,2.94,10.0
0.12,True,0.75,399.475,0.9892400806993947,2942,371,0.8,2.94,10.0
0.15,False,0.25,135.82500000000002,0.005787950539331755,22,371,0.8,2.94,10.0
0.15,False,0.5,188.85000000000002,0.005787950539331755,22,371,0.8,2.94,10.0
0.15,False,0.75,345.95000000000005,0.005787950539331755,22,371,0.8,2.94,10.0
0.15,True,0.25,145.4,0.9942120494606682,3779,371,0.8,2.94,10.0
0.15,True,0.5,219.29999999999998,0.9942120494606682,3779,371,0.8,2.94,10.0
0.15,True,0.75,334.65,0.9942120494606682,3779,371,0.8,2.94,10.0
0.0,False,0.25,183.575,0.5016949152542373,148,380,0.8,2.94,10.0
0.0,False,0.5,344.75,0.5016949152542373,148,380,0.8,2.94,10.0
0.0,False,0.75,507.8,0.5016949152542373,148,380,0.8,2.94,10.0
0.0,True,0.25,209.65000000000003,0.49830508474576274,147,380,0.8,2.94,10.0
0.0,True,0.5,377.6,0.49830508474576274,147,380,0.8,2.94,10.0
0.0,True,0.75,549.7,0.49830508474576274,147,380,0.8,2.94,10.0
0.03,False,0.25,209.50000000000003,0.23214285714285715,169,380,0.8,2.94,10.0
0.03,False,0.5,334.5,0.23214285714285715,169,380,0.8,2.94,10.0
0.03,False,0.75,519.0,0.23214285714285715,169,380,0.8,2.94,10.0
0.03,True,0.25,205.80000000000004,0.7678571428571429,559,380,0.8,2.94,10.0
0.03,True,0.5,324.8,0.7678571428571429,559,380,0.8,2.94,10.0
0.03,True,0.75,504.30000000000007,0.7678571428571429,559,380,0.8,2.94,10.0
0.06,False,0.25,174.8,0.11631537861046058,149,380,0.8,2.94,10.0
0.06,False,0.5,270.70000000000005,0.11631537861046058,149,380,0.8,2.94,10.0
0.06,False,0.75,453.7,0.11631537861046058,149,380,0.8,2.94,10.0
0.06,True,0.25,186.72500000000002,0.8836846213895394,1132,380,0.8,2.94,10.0
0.06,True,0.5,313.3,0.8836846213895394,1132,380,0.8,2.94,10.0
0.06,True,0.75,483.9750000000001,0.8836846213895394,1132,380,0.8,2.94,10.0
0.09,False,0.25,153.0,0.03821656050955414,84,380,0.8,2.94,10.0
0.09,False,0.5,308.70000000000005,0.03821656050955414,84,380,0.8,2.94,10.0
0.09,False,0.75,499.6,0.03821656050955414,84,380,0.8,2.94,10.0
0.09,True,0.25,180.925,0.9617834394904459,2114,380,0.8,2.94,10.0
0.09,True,0.5,290.2,0.9617834394904459,2114,380,0.8,2.94,10.0
0.09,True,0.75,449.575,0.9617834394904459,2114,380,0.8,2.94,10.0
0.12,False,0.25,149.375,0.01823092505064146,54,380,0.8,2.94,10.0
0.12,False,0.5,233.35000000000002,0.01823092505064146,54,380,0.8,2.94,10.0
0.12,False,0.75,342.25,0.01823092505064146,54,380,0.8,2.94,10.0
0.12,True,0.25,163.075,0.9817690749493585,2908,380,0.8,2.94,10.0
0.12,True,0.5,258.75,0.9817690749493585,2908,380,0.8,2.94,10.0
0.12,True,0.75,393.32500000000005,0.9817690749493585,2908,380,0.8,2.94,10.0
0.15,False,0.25,123.65,0.006854732401792776,26,380,0.8,2.94,10.0
0.15,False,0.5,208.75000000000003,0.006854732401792776,26,380,0.8,2.94,10.0
0.15,False,0.75,292.15000000000003,0.006854732401792776,26,380,0.8,2.94,10.0
0.15,True,0.25,148.05,0.9931452675982072,3767,380,0.8,2.94,10.0
0.15,True,0.5,225.50000000000003,0.9931452675982072,3767,380,0.8,2.94,10.0
0.15,True,0.75,341.0,0.9931452675982072,3767,380,0.8,2.94,10.0
0.0,False,0.25,212.10000000000005,0.5221843003412969,153,394,0.8,2.94,10.0
0.0,False,0.5,323.90000000000003,0.5221843003412969,153,394,0.8,2.94,10.0
0.0,False,0.75,488.6,0.5221843003412969,153,394,0.8,2.94,10.0
0.0,True,0.25,233.87500000000003,0.4778156996587031,140,394,0.8,2.94,10.0
0.0,True,0.5,406.80000000000007,0.4778156996587031,140,394,0.8,2.94,10.0
0.0,True,0.75,565.1000000000001,0.4778156996587031,140,394,0.8,2.94,10.0
0.03,False,0.25,225.90000000000003,0.26943699731903487,201,394,0.8,2.94,10.0
0.03,False,0.5,347.30000000000007,0.26943699731903487,201,394,0.8,2.94,10.0
0.03,False,0.75,506.1,0.26943699731903487,201,394,0.8,2.94,10.0
0.03,True,0.25,197.20000000000002,0.7305630026809652,545,394,0.8,2.94,10.0
0.03,True,0.5,321.1000000000001,0.7305630026809652,545,394,0.8,2.94,10.0
0.03,True,0.75,528.8000000000001,0.7305630026809652,545,394,0.8,2.94,10.0
0.06,False,0.25,148.6,0.10646387832699619,140,394,0.8,2.94,10.0
0.06,False,0.5,288.45000000000005,0.10646387832699619,140,394,0.8,2.94,10.0
0.06,False,0.75,468.27500000000003,0.10646387832699619,140,394,0.8,2.94,10.0
0.06,True,0.25,202.60000000000002,0.8935361216730038,1175,394,0.8,2.94,10.0
0.06,True,0.5,338.6,0.8935361216730038,1175,394,0.8,2.94,10.0
0.06,True,0.75,510.25,0.8935361216730038,1175,394,0.8,2.94,10.0
0.09,False,0.25,149.50000000000003,0.04244861483467382,95,394,0.8,2.94,10.0
0.09,False,0.5,265.0,0.04244861483467382,95,394,0.8,2.94,10.0
0.09,False,0.75,382.40000000000003,0.04244861483467382,95,394,0.8,2.94,10.0
0.09,True,0.25,186.3,0.9575513851653262,2143,394,0.8,2.94,10.0
0.09,True,0.5,298.8,0.9575513851653262,2143,394,0.8,2.94,10.0
0.09,True,0.75,450.6500000000001,0.9575513851653262,2143,394,0.8,2.94,10.0
0.12,False,0.25,125.69999999999999,0.017142857142857144,51,394,0.8,2.94,10.0
0.12,False,0.5,203.90000000000003,0.017142857142857144,51,394,0.8,2.94,10.0
0.12,False,0.75,330.5,0.017142857142857144,51,394,0.8,2.94,10.0
0.12,True,0.25,162.275,0.9828571428571429,2924,394,0.8,2.94,10.0
0.12,True,0.5,255.4,0.9828571428571429,2924,394,0.8,2.94,10.0
0.12,True,0.75,389.82500000000005,0.9828571428571429,2924,394,0.8,2.94,10.0
0.15,False,0.25,111.99999999999999,0.006554798112218143,25,394,0.8,2.94,10.0
0.15,False,0.5,173.29999999999998,0.006554798112218143,25,394,0.8,2.94,10.0
0.15,False,0.75,266.40000000000003,0.006554798112218143,25,394,0.8,2.94,10.0
0.15,True,0.25,146.00000000000003,0.9934452018877818,3789,394,0.8,2.94,10.0
0.15,True,0.5,224.10000000000002,0.9934452018877818,3789,394,0.8,2.94,10.0
0.15,True,0.75,336.2,0.9934452018877818,3789,394,0.8,2.94,10.0
0.0,False,0.25,218.95000000000002,0.527972027972028,151,395,0.8,2.94,10.0
0.0,False,0.5,340.6,0.527972027972028,151,395,0.8,2.94,10.0
0.0,False,0.75,534.95,0.527972027972028,151,395,0.8,2.94,10.0
0.0,True,0.25,237.8,0.47202797202797203,135,395,0.8,2.94,10.0
0.0,True,0.5,364.09999999999997,0.47202797202797203,135,395,0.8,2.94,10.0
0.0,True,0.75,513.95,0.47202797202797203,135,395,0.8,2.94,10.0
0.03,False,0.25,215.90000000000003,0.24050632911392406,171,395,0.8,2.94,10.0
0.03,False,0.5,333.7,0.24050632911392406,171,395,0.8,2.94,10.0
0.03,False,0.75,475.75,0.24050632911392406,171,395,0.8,2.94,10.0
0.03,True,0.25,211.20000000000005,0.759493670886076,540,395,0.8,2.94,10.0
0.03,True,0.5,362.65,0.759493670886076,540,395,0.8,2.94,10.0
0.03,True,0.75,531.675,0.759493670886076,540,395,0.8,2.94,10.0
0.06,False,0.25,147.175,0.11187739463601533,146,395,0.8,2.94,10.0
0.06,False,0.5,274.0,0.11187739463601533,146,395,0.8,2.94,10.0
0.06,False,0.75,450.59999999999997,0.11187739463601533,146,395,0.8,2.94,10.0
0.06,True,0.25,199.10000000000002,0.8881226053639847,1159,395,0.8,2.94,10.0
0.06,True,0.5,333.6,0.8881226053639847,1159,395,0.8,2.94,10.0
0.06,True,0.75,500.95000000000005,0.8881226053639847,1159,395,0.8,2.94,10.0
0.09,False,0.25,182.725,0.036231884057971016,80,395,0.8,2.94,10.0
0.09,False,0.5,272.5,0.036231884057971016,80,395,0.8,2.94,10.0
0.09,False,0.75,440.37500000000006,0.036231884057971016,80,395,0.8,2.94,10.0
0.09,True,0.25,183.07500000000002,0.9637681159420289,2128,395,0.8,2.94,10.0
0.09,True,0.5,299.00000000000006,0.9637681159420289,2128,395,0.8,2.94,10.0
0.09,True,0.75,445.9750000000001,0.9637681159420289,2128,395,0.8,2.94,10.0
0.12,False,0.25,115.19999999999999,0.020181634712411706,60,395,0.8,2.94,10.0
0.12,False,0.5,207.35000000000002,0.020181634712411706,60,395,0.8,2.94,10.0
0.12,False,0.75,319.975,0.020181634712411706,60,395,0.8,2.94,10.0
0.12,True,0.25,167.1,0.9798183652875883,2913,395,0.8,2.94,10.0
0.12,True,0.5,257.5,0.9798183652875883,2913,395,0.8,2.94,10.0
0.12,True,0.75,394.80000000000007,0.9798183652875883,2913,395,0.8,2.94,10.0
0.15,False,0.25,123.52499999999999,0.007896814951302974,30,395,0.8,2.94,10.0
0.15,False,0.5,206.75000000000003,0.007896814951302974,30,395,0.8,2.94,10.0
0.15,False,0.75,258.32500000000005,0.007896814951302974,30,395,0.8,2.94,10.0
0.15,True,0.25,144.9,0.992103185048697,3769,395,0.8,2.94,10.0
0.15,True,0.5,216.20000000000002,0.992103185048697,3769,395,0.8,2.94,10.0
0.15,True,0.75,335.7,0.992103185048697,3769,395,0.8,2.94,10.0
0.0,False,0.25,236.90000000000003,0.4588607594936709,145,397,0.8,2.94,10.0
0.0,False,0.5,383.8,0.4588607594936709,145,397,0.8,2.94,10.0
0.0,False,0.75,501.0,0.4588607594936709,145,397,0.8,2.94,10.0
0.0,True,0.25,231.0,0.5411392405063291,171,397,0.8,2.94,10.0
0.0,True,0.5,362.8,0.5411392405063291,171,397,0.8,2.94,10.0
0.0,True,0.75,495.35,0.5411392405063291,171,397,0.8,2.94,10.0
0.03,False,0.25,185.10000000000002,0.2267605633802817,161,397,0.8,2.94,10.0
0.03,False,0.5,323.79999999999995,0.2267605633802817,161,397,0.8,2.94,10.0
0.03,False,0.75,506.70000000000005,0.2267605633802817,161,397,0.8,2.94,10.0
0.03,True,0.25,210.10000000000002,0.7732394366197183,549,397,0.8,2.94,10.0
0.03,True,0.5,369.3,0.7732394366197183,549,397,0.8,2.94,10.0
0.03,True,0.75,528.6999999999999,0.7732394366197183,549,397,0.8,2.94,10.0
0.06,False,0.25,170.97499999999997,0.11901081916537867,154,397,0.8,2.94,10.0
0.06,False,0.5,305.9,0.11901081916537867,154,397,0.8,2.94,10.0
0.06,False,0.75,518.5,0.11901081916537867,154,397,0.8,2.94,10.0
0.06,True,0.25,202.07500000000002,0.8809891808346213,1140,397,0.8,2.94,10.0
0.06,True,0.5,316.1,0.8809891808346213,1140,397,0.8,2.94,10.0
0.06,True,0.75,496.90000000000003,0.8809891808346213,1140,397,0.8,2.94,10.0
0.09,False,0.25,164.675,0.05193621867881549,114,397,0.8,2.94,10.0
0.09,False,0.5,310.80000000000007,0.05193621867881549,114,397,0.8,2.94,10.0
0.09,False,0.75,465.42500000000007,0.05193621867881549,114,397,0.8,2.94,10.0
0.09,True,0.25,187.20000000000002,0.9480637813211845,2081,397,0.8,2.94,10.0
0.09,True,0.5,301.1,0.9480637813211845,2081,397,0.8,2.94,10.0
0.09,True,0.75,460.5,0.9480637813211845,2081,397,0.8,2.94,10.0
0.12,False,0.25,157.2,0.021045485403937542,62,397,0.8,2.94,10.0
0.12,False,0.5,255.90000000000003,0.021045485403937542,62,397,0.8,2.94,10.0
0.12,False,0.75,443.225,0.021045485403937542,62,397,0.8,2.94,10.0
0.12,True,0.25,158.675,0.9789545145960624,2884,397,0.8,2.94,10.0
0.12,True,0.5,251.95,0.9789545145960624,2884,397,0.8,2.94,10.0
0.12,True,0.75,395.3250000000001,0.9789545145960624,2884,397,0.8,2.94,10.0
0.15,False,0.25,145.04999999999998,0.006829524560021014,26,397,0.8,2.94,10.0
0.15,False,0.5,197.65000000000003,0.006829524560021014,26,397,0.8,2.94,10.0
0.15,False,0.75,335.425,0.006829524560021014,26,397,0.8,2.94,10.0
0.15,True,0.25,143.6,0.9931704754399789,3781,397,0.8,2.94,10.0
0.15,True,0.5,219.50000000000003,0.9931704754399789,3781,397,0.8,2.94,10.0
0.15,True,0.75,339.1,0.9931704754399789,3781,397,0.8,2.94,10.0
