acoh,is_correct,quantile,rt,proportion,n,draw,gain,bound,k
0.0,False,0.25,51.5,0.4995871180842279,1815,-1,1.2,1.5,10.0
0.0,False,0.5,90.0,0.4995871180842279,1815,-1,1.2,1.5,10.0
0.0,False,0.75,155.0,0.4995871180842279,1815,-1,1.2,1.5,10.0
0.0,True,0.25,50.0,0.500412881915772,1818,-1,1.2,1.5,10.0
0.0,True,0.5,92.0,0.500412881915772,1818,-1,1.2,1.5,10.0
0.0,True,0.75,156.0,0.500412881915772,1818,-1,1.2,1.5,10.0
0.03,False,0.25,50.0,0.35124309392265196,2543,-1,1.2,1.5,10.0
0.03,False,0.5,89.0,0.35124309392265196,2543,-1,1.2,1.5,10.0
0.03,False,0.75,158.5,0.35124309392265196,2543,-1,1.2,1.5,10.0
0.03,True,0.25,50.0,0.648756906077348,4697,-1,1.2,1.5,10.0
0.03,True,0.5,89.0,0.648756906077348,4697,-1,1.2,1.5,10.0
0.03,True,0.75,158.0,0.648756906077348,4697,-1,1.2,1.5,10.0
0.06,False,0.25,46.0,0.24579218250104326,1767,-1,1.2,1.5,10.0
0.06,False,0.5,82.0,0.24579218250104326,1767,-1,1.2,1.5,10.0
0.06,False,0.75,139.0,0.24579218250104326,1767,-1,1.2,1.5,10.0
0.06,True,0.25,49.0,0.7542078174989567,5422,-1,1.2,1.5,10.0
0.06,True,0.5,86.0,0.7542078174989567,5422,-1,1.2,1.5,10.0
0.06,True,0.75,146.0,0.7542078174989567,5422,-1,1.2,1.5,10.0
0.09,False,0.25,44.0,0.15253549695740365,1128,-1,1.2,1.5,10.0
0.09,False,0.5,80.5,0.15253549695740365,1128,-1,1.2,1.5,10.0
0.09,False,0.75,131.0,0.15253549695740365,1128,-1,1.2,1.5,10.0
0.09,True,0.25,45.0,0.8474645030425964,6267,-1,1.2,1.5,10.0
0.09,True,0.5,78.0,0.8474645030425964,6267,-1,1.2,1.5,10.0
0.09,True,0.75,130.0,0.8474645030425964,6267,-1,1.2,1.5,10.0
0.12,False,0.25,39.0,0.09556077997510717,691,-1,1.2,1.5,10.0
0.12,False,0.5,67.0,0.09556077997510717,691,-1,1.2,1.5,10.0
0.12,False,0.75,116.0,0.09556077997510717,691,-1,1.2,1.5,10.0
0.12,True,0.25,42.0,0.9044392200248929,6540,-1,1.2,1.5,10.0
0.12,True,0.5,68.0,0.9044392200248929,6540,-1,1.2,1.5,10.0
0.12,True,0.75,114.0,0.9044392200248929,6540,-1,1.2,1.5,10.0
0.15,False,0.25,36.0,0.05684931506849315,415,-1,1.2,1.5,10.0
0.15,False,0.5,63.0,0.05684931506849315,415,-1,1.2,1.5,10.0
0.15,False,0.75,102.0,0.05684931506849315,415,-1,1.2,1.5,10.0
0.15,True,0.25,37.0,0.9431506849315069,6885,-1,1.2,1.5,10.0
0.15,True,0.5,60.0,0.9431506849315069,6885,-1,1.2,1.5,10.0
0.15,True,0.75,98.0,0.9431506849315069,6885,-1,1.2,1.5,10.0
0.0,False,0.25,48.75000000000001,0.5077177508269018,1842,1,1.2,1.5,10.0
0.0,False,0.5,90.8,0.5077177508269018,1842,1,1.2,1.5,10.0
0.0,False,0.75,158.79999999999998,0.5077177508269018,1842,1,1.2,1.5,10.0
0.0,True,0.25,50.15000000000001,0.49228224917309815,1786,1,1.2,1.5,10.0
0.0,True,0.5,93.95,0.49228224917309815,1786,1,1.2,1.5,10.0
0.0,True,0.75,172.22500000000002,0.49228224917309815,1786,1,1.2,1.5,10.0
0.03,False,0.25,48.5,0.35590877677954386,2575,1,1.2,1.5,10.0
0.03,False,0.5,88.19999999999999,0.35590877677954386,2575,1,1.2,1.5,10.0
0.03,False,0.75,158.95,0.35590877677954386,2575,1,1.2,1.5,10.0
0.03,True,0.25,49.1,0.6440912232204561,4660,1,1.2,1.5,10.0
0.03,True,0.5,88.9,0.6440912232204561,4660,1,1.2,1.5,10.0
0.03,True,0.75,157.47500000000002,0.6440912232204561,4660,1,1.2,1.5,10.0
0.06,False,0.25,44.150000000000006,0.24919994434395437,1791,1,1.2,1.5,10.0
0.06,False,0.5,83.1,0.24919994434395437,1791,1,1.2,1.5,10.0
0.06,False,0.75,143.15000000000003,0.24919994434395437,1791,1,1.2,1.5,10.0
0.06,True,0.25,47.400000000000006,0.7508000556560457,5396,1,1.2,1.5,10.0
0.06,True,0.5,84.3,0.7508000556560457,5396,1,1.2,1.5,10.0
0.06,True,0.75,145.79999999999998,0.7508000556560457,5396,1,1.2,1.5,10.0
0.09,False,0.25,40.75,0.16215850689748446,1199,1,1.2,1.5,10.0
0.09,False,0.5,74.10000000000001,0.16215850689748446,1199,1,1.2,1.5,10.0
0.09,False,0.75,133.89999999999998,0.16215850689748446,1199,1,1.2,1.5,10.0
0.09,True,0.25,44.55000000000001,0.8378414931025155,6195,1,1.2,1.5,10.0
0.09,True,0.5,76.3,0.8378414931025155,6195,1,1.2,1.5,10.0
0.09,True,0.75,130.45,0.8378414931025155,6195,1,1.2,1.5,10.0
0.12,False,0.25,39.925000000000004,0.09874152952565343,714,1,1.2,1.5,10.0
0.12,False,0.5,65.7,0.09874152952565343,714,1,1.2,1.5,10.0
0.12,False,0.75,113.225,0.09874152952565343,714,1,1.2,1.5,10.0
0.12,True,0.25,40.99999999999999,0.9012584704743466,6517,1,1.2,1.5,10.0
0.12,True,0.5,68.9,0.9012584704743466,6517,1,1.2,1.5,10.0
0.12,True,0.75,113.80000000000001,0.9012584704743466,6517,1,1.2,1.5,10.0
0.15,False,0.25,34.7,0.061506849315068494,449,1,1.2,1.5,10.0
0.15,False,0.5,57.60000000000001,0.061506849315068494,449,1,1.2,1.5,10.0
0.15,False,0.75,96.10000000000001,0.061506849315068494,449,1,1.2,1.5,10.0
0.15,True,0.25,37.10000000000001,0.9384931506849316,6851,1,1.2,1.5,10.0
0.15,True,0.5,60.20000000000001,0.9384931506849316,6851,1,1.2,1.5,10.0
0.15,True,0.75,98.30000000000001,0.9384931506849316,6851,1,1.2,1.5,10.0
0.0,False,0.25,51.07500000000002,0.4928335170893054,1788,4,1.2,1.5,10.0
0.0,False,0.5,93.6,0.4928335170893054,1788,4,1.2,1.5,10.0
0.0,False,0.75,158.92499999999998,0.4928335170893054,1788,4,1.2,1.5,10.0
0.0,True,0.25,50.0,0.5071664829106945,1840,4,1.2,1.5,10.0
0.0,True,0.5,91.39999999999999,0.5071664829106945,1840,4,1.2,1.5,10.0
0.0,True,0.75,167.125,0.5071664829106945,1840,4,1.2,1.5,10.0
0.03,False,0.25,52.025000000000006,0.3585844622615427,2594,4,1.2,1.5,10.0
0.03,False,0.5,93.39999999999999,0.3585844622615427,2594,4,1.2,1.5,10.0
0.03,False,0.75,158.575,0.3585844622615427,2594,4,1.2,1.5,10.0
0.03,True,0.25,49.800000000000004,0.6414155377384573,4640,4,1.2,1.5,10.0
0.03,True,0.5,89.9,0.6414155377384573,4640,4,1.2,1.5,10.0
0.03,True,0.75,160.3,0.6414155377384573,4640,4,1.2,1.5,10.0
0.06,False,0.25,45.30000000000001,0.23163606010016694,1665,4,1.2,1.5,10.0
0.06,False,0.5,81.60000000000001,0.23163606010016694,1665,4,1.2,1.5,10.0
0.06,False,0.75,141.40000000000003,0.23163606010016694,1665,4,1.2,1.5,10.0
0.06,True,0.25,46.800000000000004,0.7683639398998331,5523,4,1.2,1.5,10.0
0.06,True,0.5,84.7,0.7683639398998331,5523,4,1.2,1.5,10.0
0.06,True,0.75,144.40000000000003,0.7683639398998331,5523,4,1.2,1.5,10.0
0.09,False,0.25,44.100000000000016,0.15866360070336805,1173,4,1.2,1.5,10.0
0.09,False,0.5,77.1,0.15866360070336805,1173,4,1.2,1.5,10.0
0.09,False,0.75,129.9,0.15866360070336805,1173,4,1.2,1.5,10.0
0.09,True,0.25,44.87500000000001,0.841336399296632,6220,4,1.2,1.5,10.0
0.09,True,0.5,76.80000000000001,0.841336399296632,6220,4,1.2,1.5,10.0
0.09,True,0.75,131.32500000000005,0.841336399296632,6220,4,1.2,1.5,10.0
0.12,False,0.25,37.800000000000004,0.09362467155303554,677,4,1.2,1.5,10.0
0.12,False,0.5,63.999999999999986,0.09362467155303554,677,4,1.2,1.5,10.0
0.12,False,0.75,108.69999999999999,0.09362467155303554,677,4,1.2,1.5,10.0
0.12,True,0.25,40.70000000000001,0.9063753284469644,6554,4,1.2,1.5,10.0
0.12,True,0.5,67.9,0.9063753284469644,6554,4,1.2,1.5,10.0
0.12,True,0.75,113.40000000000002,0.9063753284469644,6554,4,1.2,1.5,10.0
0.15,False,0.25,35.10000000000001,0.05684931506849315,415,4,1.2,1.5,10.0
0.15,False,0.5,56.00000000000001,0.05684931506849315,415,4,1.2,1.5,10.0
0.15,False,0.75,100.44999999999999,0.05684931506849315,415,4,1.2,1.5,10.0
0.15,True,0.25,37.400000000000006,0.9431506849315069,6885,4,1.2,1.5,10.0
0.15,True,0.5,60.9,0.9431506849315069,6885,4,1.2,1.5,10.0
0.15,True,0.75,99.10000000000001,0.9431506849315069,6885,4,1.2,1.5,10.0
0.0,False,0.25,51.52500000000001,0.5077177508269018,1842,8,1.2,1.5,10.0
0.0,False,0.5,89.6,0.5077177508269018,1842,8,1.2,1.5,10.0
0.0,False,0.75,160.65,0.5077177508269018,1842,8,1.2,1.5,10.0
0.0,True,0.25,50.72500000000001,0.49228224917309815,1786,8,1.2,1.5,10.0
0.0,True,0.5,89.05,0.49228224917309815,1786,8,1.2,1.5,10.0
0.0,True,0.75,159.925,0.49228224917309815,1786,8,1.2,1.5,10.0
0.03,False,0.25,48.800000000000004,0.3649806522940851,2641,8,1.2,1.5,10.0
0.03,False,0.5,87.5,0.3649806522940851,2641,8,1.2,1.5,10.0
0.03,False,0.75,154.4,0.3649806522940851,2641,8,1.2,1.5,10.0
0.03,True,0.25,49.400000000000006,0.6350193477059148,4595,8,1.2,1.5,10.0
0.03,True,0.5,89.7,0.6350193477059148,4595,8,1.2,1.5,10.0
0.03,True,0.75,154.9,0.6350193477059148,4595,8,1.2,1.5,10.0
0.06,False,0.25,45.100000000000016,0.23612077361903436,1697,8,1.2,1.5,10.0
0.06,False,0.5,81.80000000000001,0.23612077361903436,1697,8,1.2,1.5,10.0
0.06,False,0.75,143.00000000000003,0.23612077361903436,1697,8,1.2,1.5,10.0
0.06,True,0.25,47.400000000000006,0.7638792263809656,5490,8,1.2,1.5,10.0
0.06,True,0.5,81.85000000000001,0.7638792263809656,5490,8,1.2,1.5,10.0
0.06,True,0.75,142.47500000000002,0.7638792263809656,5490,8,1.2,1.5,10.0
0.09,False,0.25,42.575,0.15039220989991886,1112,8,1.2,1.5,10.0
0.09,False,0.5,74.0,0.15039220989991886,1112,8,1.2,1.5,10.0
0.09,False,0.75,127.5,0.15039220989991886,1112,8,1.2,1.5,10.0
0.09,True,0.25,44.4,0.8496077901000811,6282,8,1.2,1.5,10.0
0.09,True,0.5,76.80000000000001,0.8496077901000811,6282,8,1.2,1.5,10.0
0.09,True,0.75,131.8,0.8496077901000811,6282,8,1.2,1.5,10.0
0.12,False,0.25,39.20000000000001,0.09556077997510717,691,8,1.2,1.5,10.0
0.12,False,0.5,63.999999999999986,0.09556077997510717,691,8,1.2,1.5,10.0
0.12,False,0.75,108.05000000000001,0.09556077997510717,691,8,1.2,1.5,10.0
0.12,True,0.25,40.99999999999999,0.9044392200248929,6540,8,1.2,1.5,10.0
0.12,True,0.5,67.70000000000002,0.9044392200248929,6540,8,1.2,1.5,10.0
0.12,True,0.75,113.80000000000001,0.9044392200248929,6540,8,1.2,1.5,10.0
0.15,False,0.25,38.25,0.0563013698630137,411,8,1.2,1.5,10.0
0.15,False,0.5,60.699999999999996,0.0563013698630137,411,8,1.2,1.5,10.0
0.15,False,0.75,106.15,0.0563013698630137,411,8,1.2,1.5,10.0
0.15,True,0.25,37.900000000000006,0.9436986301369863,6889,8,1.2,1.5,10.0
0.15,True,0.5,61.40000000000001,0.9436986301369863,6889,8,1.2,1.5,10.0
0.15,True,0.75,100.69999999999999,0.9436986301369863,6889,8,1.2,1.5,10.0
0.0,False,0.25,50.525000000000006,0.5077177508269018,1842,26,1.2,1.5,10.0
0.0,False,0.5,90.1,0.5077177508269018,1842,26,1.2,1.5,10.0
0.0,False,0.75,158.275,0.5077177508269018,1842,26,1.2,1.5,10.0
0.0,True,0.25,50.625,0.49228224917309815,1786,26,1.2,1.5,10.0
0.0,True,0.5,92.55,0.49228224917309815,1786,26,1.2,1.5,10.0
0.0,True,0.75,162.45,0.49228224917309815,1786,26,1.2,1.5,10.0
0.03,False,0.25,48.275000000000006,0.3672058620212913,2656,26,1.2,1.5,10.0
0.03,False,0.5,86.9,0.3672058620212913,2656,26,1.2,1.5,10.0
0.03,False,0.75,149.9,0.3672058620212913,2656,26,1.2,1.5,10.0
0.03,True,0.25,49.800000000000004,0.6327941379787086,4577,26,1.2,1.5,10.0
0.03,True,0.5,89.0,0.6327941379787086,4577,26,1.2,1.5,10.0
0.03,True,0.75,151.50000000000003,0.6327941379787086,4577,26,1.2,1.5,10.0
0.06,False,0.25,45.2,0.23887033945464664,1717,26,1.2,1.5,10.0
0.06,False,0.5,80.69999999999999,0.23887033945464664,1717,26,1.2,1.5,10.0
0.06,False,0.75,140.6,0.23887033945464664,1717,26,1.2,1.5,10.0
0.06,True,0.25,47.7,0.7611296605453534,5471,26,1.2,1.5,10.0
0.06,True,0.5,84.0,0.7611296605453534,5471,26,1.2,1.5,10.0
0.06,True,0.75,146.35000000000002,0.7611296605453534,5471,26,1.2,1.5,10.0
0.09,False,0.25,41.8,0.15185936443542936,1123,26,1.2,1.5,10.0
0.09,False,0.5,73.6,0.15185936443542936,1123,26,1.2,1.5,10.0
0.09,False,0.75,127.7,0.15185936443542936,1123,26,1.2,1.5,10.0
0.09,True,0.25,44.0,0.8481406355645706,6272,26,1.2,1.5,10.0
0.09,True,0.5,76.09999999999998,0.8481406355645706,6272,26,1.2,1.5,10.0
0.09,True,0.75,131.20000000000002,0.8481406355645706,6272,26,1.2,1.5,10.0
0.12,False,0.25,37.800000000000004,0.0962522472687042,696,26,1.2,1.5,10.0
0.12,False,0.5,66.7,0.0962522472687042,696,26,1.2,1.5,10.0
0.12,False,0.75,108.22500000000001,0.0962522472687042,696,26,1.2,1.5,10.0
0.12,True,0.25,40.35000000000001,0.9037477527312958,6535,26,1.2,1.5,10.0
0.12,True,0.5,66.9,0.9037477527312958,6535,26,1.2,1.5,10.0
0.12,True,0.75,112.45000000000002,0.9037477527312958,6535,26,1.2,1.5,10.0
0.15,False,0.25,35.60000000000001,0.05164383561643836,377,26,1.2,1.5,10.0
0.15,False,0.5,55.800000000000004,0.05164383561643836,377,26,1.2,1.5,10.0
0.15,False,0.75,95.90000000000002,0.05164383561643836,377,26,1.2,1.5,10.0
0.15,True,0.25,37.800000000000004,0.9483561643835616,6923,26,1.2,1.5,10.0
0.15,True,0.5,60.800000000000004,0.9483561643835616,6923,26,1.2,1.5,10.0
0.15,True,0.75,98.35000000000001,0.9483561643835616,6923,26,1.2,1.5,10.0
0.0,False,0.25,48.45,0.49765904709446435,1807,33,1.2,1.5,10.0
0.0,False,0.5,88.1,0.49765904709446435,1807,33,1.2,1.5,10.0
0.0,False,0.75,159.40000000000003,0.49765904709446435,1807,33,1.2,1.5,10.0
0.0,True,0.25,51.100000000000016,0.5023409529055357,1824,33,1.2,1.5,10.0
0.0,True,0.5,92.8,0.5023409529055357,1824,33,1.2,1.5,10.0
0.0,True,0.75,165.25,0.5023409529055357,1824,33,1.2,1.5,10.0
0.03,False,0.25,48.20000000000001,0.36363636363636365,2632,33,1.2,1.5,10.0
0.03,False,0.5,86.95000000000002,0.36363636363636365,2632,33,1.2,1.5,10.0
0.03,False,0.75,156.50000000000003,0.36363636363636365,2632,33,1.2,1.5,10.0
0.03,True,0.25,49.1,0.6363636363636364,4606,33,1.2,1.5,10.0
0.03,True,0.5,89.0,0.6363636363636364,4606,33,1.2,1.5,10.0
0.03,True,0.75,158.89999999999998,0.6363636363636364,4606,33,1.2,1.5,10.0
0.06,False,0.25,45.32500000000001,0.24683456240434118,1774,33,1.2,1.5,10.0
0.06,False,0.5,83.44999999999999,0.24683456240434118,1774,33,1.2,1.5,10.0
0.06,False,0.75,148.82500000000002,0.24683456240434118,1774,33,1.2,1.5,10.0
0.06,True,0.25,46.300000000000004,0.7531654375956588,5413,33,1.2,1.5,10.0
0.06,True,0.5,84.1,0.7531654375956588,5413,33,1.2,1.5,10.0
0.06,True,0.75,144.7,0.7531654375956588,5413,33,1.2,1.5,10.0
0.09,False,0.25,41.8,0.15837165269137138,1171,33,1.2,1.5,10.0
0.09,False,0.5,72.3,0.15837165269137138,1171,33,1.2,1.5,10.0
0.09,False,0.75,125.05000000000001,0.15837165269137138,1171,33,1.2,1.5,10.0
0.09,True,0.25,44.4,0.8416283473086286,6223,33,1.2,1.5,10.0
0.09,True,0.5,75.80000000000001,0.8416283473086286,6223,33,1.2,1.5,10.0
0.09,True,0.75,129.70000000000002,0.8416283473086286,6223,33,1.2,1.5,10.0
0.12,False,0.25,39.250000000000014,0.0968054211035818,700,33,1.2,1.5,10.0
0.12,False,0.5,63.800000000000004,0.0968054211035818,700,33,1.2,1.5,10.0
0.12,False,0.75,104.77500000000002,0.0968054211035818,700,33,1.2,1.5,10.0
0.12,True,0.25,40.10000000000001,0.9031945788964182,6531,33,1.2,1.5,10.0
0.12,True,0.5,67.70000000000002,0.9031945788964182,6531,33,1.2,1.5,10.0
0.12,True,0.75,112.9,0.9031945788964182,6531,33,1.2,1.5,10.0
0.15,False,0.25,36.2,0.06136986301369863,448,33,1.2,1.5,10.0
0.15,False,0.5,62.449999999999996,0.06136986301369863,448,33,1.2,1.5,10.0
0.15,False,0.75,97.65,0.06136986301369863,448,33,1.2,1.5,10.0
0.15,True,0.25,37.47500000000001,0.9386301369863014,6852,33,1.2,1.5,10.0
0.15,True,0.5,59.89999999999999,0.9386301369863014,6852,33,1.2,1.5,10.0
0.15,True,0.75,98.5,0.9386301369863014,6852,33,1.2,1.5,10.0
0.0,False,0.25,54.00000000000001,0.5005509641873278,1817,41,1.2,1.5,10.0
0.0,False,0.5,95.0,0.5005509641873278,1817,41,1.2,1.5,10.0
0.0,False,0.75,163.60000000000002,0.5005509641873278,1817,41,1.2,1.5,10.0
0.0,True,0.25,50.90000000000001,0.4994490358126722,1813,41,1.2,1.5,10.0
0.0,True,0.5,93.19999999999999,0.4994490358126722,1813,41,1.2,1.5,10.0
0.0,True,0.75,160.8,0.4994490358126722,1813,41,1.2,1.5,10.0
0.03,False,0.25,48.925000000000004,0.3573303855188614,2586,41,1.2,1.5,10.0
0.03,False,0.5,88.7,0.3573303855188614,2586,41,1.2,1.5,10.0
0.03,False,0.75,154.67499999999998,0.3573303855188614,2586,41,1.2,1.5,10.0
0.03,True,0.25,49.800000000000004,0.6426696144811386,4651,41,1.2,1.5,10.0
0.03,True,0.5,88.9,0.6426696144811386,4651,41,1.2,1.5,10.0
0.03,True,0.75,154.5,0.6426696144811386,4651,41,1.2,1.5,10.0
0.06,False,0.25,43.30000000000001,0.24454026985672556,1758,41,1.2,1.5,10.0
0.06,False,0.5,77.0,0.24454026985672556,1758,41,1.2,1.5,10.0
0.06,False,0.75,138.85,0.24454026985672556,1758,41,1.2,1.5,10.0
0.06,True,0.25,47.2,0.7554597301432745,5431,41,1.2,1.5,10.0
0.06,True,0.5,83.9,0.7554597301432745,5431,41,1.2,1.5,10.0
0.06,True,0.75,147.0,0.7554597301432745,5431,41,1.2,1.5,10.0
0.09,False,0.25,42.575,0.159026369168357,1176,41,1.2,1.5,10.0
0.09,False,0.5,73.05000000000001,0.159026369168357,1176,41,1.2,1.5,10.0
0.09,False,0.75,130.85000000000002,0.159026369168357,1176,41,1.2,1.5,10.0
0.09,True,0.25,44.650000000000006,0.840973630831643,6219,41,1.2,1.5,10.0
0.09,True,0.5,76.2,0.840973630831643,6219,41,1.2,1.5,10.0
0.09,True,0.75,130.4,0.840973630831643,6219,41,1.2,1.5,10.0
0.12,False,0.25,38.2,0.08753975936938183,633,41,1.2,1.5,10.0
0.12,False,0.5,60.400000000000006,0.08753975936938183,633,41,1.2,1.5,10.0
0.12,False,0.75,104.10000000000001,0.08753975936938183,633,41,1.2,1.5,10.0
0.12,True,0.25,40.10000000000001,0.9124602406306181,6598,41,1.2,1.5,10.0
0.12,True,0.5,67.6,0.9124602406306181,6598,41,1.2,1.5,10.0
0.12,True,0.75,113.69999999999999,0.9124602406306181,6598,41,1.2,1.5,10.0
0.15,False,0.25,38.00000000000001,0.06397260273972603,467,41,1.2,1.5,10.0
0.15,False,0.5,59.20000000000001,0.06397260273972603,467,41,1.2,1.5,10.0
0.15,False,0.75,101.64999999999999,0.06397260273972603,467,41,1.2,1.5,10.0
0.15,True,0.25,37.300000000000004,0.936027397260274,6833,41,1.2,1.5,10.0
0.15,True,0.5,60.400000000000006,0.936027397260274,6833,41,1.2,1.5,10.0
0.15,True,0.75,99.2,0.936027397260274,6833,41,1.2,1.5,10.0
0.0,False,0.25,50.6,0.4965593173685659,1804,52,1.2,1.5,10.0
0.0,False,0.5,91.44999999999999,0.4965593173685659,1804,52,1.2,1.5,10.0
0.0,False,0.75,159.20000000000002,0.4965593173685659,1804,52,1.2,1.5,10.0
0.0,True,0.25,47.800000000000004,0.503440682631434,1829,52,1.2,1.5,10.0
0.0,True,0.5,89.8,0.503440682631434,1829,52,1.2,1.5,10.0
0.0,True,0.75,159.0,0.503440682631434,1829,52,1.2,1.5,10.0
0.03,False,0.25,48.72500000000001,0.36964335084324024,2674,52,1.2,1.5,10.0
0.03,False,0.5,85.49999999999999,0.36964335084324024,2674,52,1.2,1.5,10.0
0.03,False,0.75,155.77499999999998,0.36964335084324024,2674,52,1.2,1.5,10.0
0.03,True,0.25,48.0,0.6303566491567597,4560,52,1.2,1.5,10.0
0.03,True,0.5,88.14999999999999,0.6303566491567597,4560,52,1.2,1.5,10.0
0.03,True,0.75,153.35000000000002,0.6303566491567597,4560,52,1.2,1.5,10.0
0.06,False,0.25,46.900000000000006,0.24332220367278798,1749,52,1.2,1.5,10.0
0.06,False,0.5,80.9,0.24332220367278798,1749,52,1.2,1.5,10.0
0.06,False,0.75,135.8,0.24332220367278798,1749,52,1.2,1.5,10.0
0.06,True,0.25,46.800000000000004,0.756677796327212,5439,52,1.2,1.5,10.0
0.06,True,0.5,83.20000000000002,0.756677796327212,5439,52,1.2,1.5,10.0
0.06,True,0.75,145.50000000000003,0.756677796327212,5439,52,1.2,1.5,10.0
0.09,False,0.25,44.425000000000004,0.15553151203678658,1150,52,1.2,1.5,10.0
0.09,False,0.5,72.85,0.15553151203678658,1150,52,1.2,1.5,10.0
0.09,False,0.75,124.375,0.15553151203678658,1150,52,1.2,1.5,10.0
0.09,True,0.25,43.575,0.8444684879632134,6244,52,1.2,1.5,10.0
0.09,True,0.5,75.0,0.8444684879632134,6244,52,1.2,1.5,10.0
0.09,True,0.75,128.5,0.8444684879632134,6244,52,1.2,1.5,10.0
0.12,False,0.25,37.650000000000006,0.10095422486516388,730,52,1.2,1.5,10.0
0.12,False,0.5,61.400000000000006,0.10095422486516388,730,52,1.2,1.5,10.0
0.12,False,0.75,104.6,0.10095422486516388,730,52,1.2,1.5,10.0
0.12,True,0.25,40.4,0.8990457751348361,6501,52,1.2,1.5,10.0
0.12,True,0.5,67.99999999999999,0.8990457751348361,6501,52,1.2,1.5,10.0
0.12,True,0.75,114.60000000000001,0.8990457751348361,6501,52,1.2,1.5,10.0
0.15,False,0.25,37.45,0.0589041095890411,430,52,1.2,1.5,10.0
0.15,False,0.5,56.95,0.0589041095890411,430,52,1.2,1.5,10.0
0.15,False,0.75,95.275,0.0589041095890411,430,52,1.2,1.5,10.0
0.15,True,0.25,36.900000000000006,0.9410958904109589,6870,52,1.2,1.5,10.0
0.15,True,0.5,60.9,0.9410958904109589,6870,52,1.2,1.5,10.0
0.15,True,0.75,99.0,0.9410958904109589,6870,52,1.2,1.5,10.0
0.0,False,0.25,50.90000000000001,0.49738075544527155,1804,56,1.2,1.5,10.0
0.0,False,0.5,93.39999999999999,0.49738075544527155,1804,56,1.2,1.5,10.0
0.0,False,0.75,161.70000000000002,0.49738075544527155,1804,56,1.2,1.5,10.0
0.0,True,0.25,51.05000000000001,0.5026192445547284,1823,56,1.2,1.5,10.0
0.0,True,0.5,93.6,0.5026192445547284,1823,56,1.2,1.5,10.0
0.0,True,0.75,155.15,0.5026192445547284,1823,56,1.2,1.5,10.0
0.03,False,0.25,49.35,0.35516860143725815,2570,56,1.2,1.5,10.0
0.03,False,0.5,92.1,0.35516860143725815,2570,56,1.2,1.5,10.0
0.03,False,0.75,156.82500000000002,0.35516860143725815,2570,56,1.2,1.5,10.0
0.03,True,0.25,49.900000000000006,0.6448313985627419,4666,56,1.2,1.5,10.0
0.03,True,0.5,89.35,0.6448313985627419,4666,56,1.2,1.5,10.0
0.03,True,0.75,158.57500000000002,0.6448313985627419,4666,56,1.2,1.5,10.0
0.06,False,0.25,46.900000000000006,0.24116337322571668,1733,56,1.2,1.5,10.0
0.06,False,0.5,83.0,0.24116337322571668,1733,56,1.2,1.5,10.0
0.06,False,0.75,146.79999999999998,0.24116337322571668,1733,56,1.2,1.5,10.0
0.06,True,0.25,47.1,0.7588366267742833,5453,56,1.2,1.5,10.0
0.06,True,0.5,83.80000000000001,0.7588366267742833,5453,56,1.2,1.5,10.0
0.06,True,0.75,143.8,0.7588366267742833,5453,56,1.2,1.5,10.0
0.09,False,0.25,42.925000000000004,0.1474168244522586,1090,56,1.2,1.5,10.0
0.09,False,0.5,75.44999999999999,0.1474168244522586,1090,56,1.2,1.5,10.0
0.09,False,0.75,128.4,0.1474168244522586,1090,56,1.2,1.5,10.0
0.09,True,0.25,44.6,0.8525831755477414,6304,56,1.2,1.5,10.0
0.09,True,0.5,76.2,0.8525831755477414,6304,56,1.2,1.5,10.0
0.09,True,0.75,133.6,0.8525831755477414,6304,56,1.2,1.5,10.0
0.12,False,0.25,38.60000000000001,0.10358180058083252,749,56,1.2,1.5,10.0
0.12,False,0.5,65.9,0.10358180058083252,749,56,1.2,1.5,10.0
0.12,False,0.75,113.40000000000002,0.10358180058083252,749,56,1.2,1.5,10.0
0.12,True,0.25,40.2,0.8964181994191674,6482,56,1.2,1.5,10.0
0.12,True,0.5,67.9,0.8964181994191674,6482,56,1.2,1.5,10.0
0.12,True,0.75,114.07500000000002,0.8964181994191674,6482,56,1.2,1.5,10.0
0.15,False,0.25,35.9,0.05452054794520548,398,56,1.2,1.5,10.0
0.15,False,0.5,60.85000000000001,0.05452054794520548,398,56,1.2,1.5,10.0
0.15,False,0.75,100.375,0.05452054794520548,398,56,1.2,1.5,10.0
0.15,True,0.25,37.10000000000001,0.9454794520547946,6902,56,1.2,1.5,10.0
0.15,True,0.5,60.1,0.9454794520547946,6902,56,1.2,1.5,10.0
0.15,True,0.75,97.5,0.9454794520547946,6902,56,1.2,1.5,10.0
0.0,False,0.25,50.95,0.5107556536127965,1852,57,1.2,1.5,10.0
0.0,False,0.5,91.59999999999998,0.5107556536127965,1852,57,1.2,1.5,10.0
0.0,False,0.75,160.72500000000002,0.5107556536127965,1852,57,1.2,1.5,10.0
0.0,True,0.25,49.60000000000001,0.48924434638720354,1774,57,1.2,1.5,10.0
0.0,True,0.5,90.35,0.48924434638720354,1774,57,1.2,1.5,10.0
0.0,True,0.75,162.47500000000002,0.48924434638720354,1774,57,1.2,1.5,10.0
0.03,False,0.25,48.300000000000004,0.358712173552577,2596,57,1.2,1.5,10.0
0.03,False,0.5,86.4,0.358712173552577,2596,57,1.2,1.5,10.0
0.03,False,0.75,155.15000000000003,0.358712173552577,2596,57,1.2,1.5,10.0
0.03,True,0.25,49.400000000000006,0.641287826447423,4641,57,1.2,1.5,10.0
0.03,True,0.5,89.9,0.641287826447423,4641,57,1.2,1.5,10.0
0.03,True,0.75,158.1,0.641287826447423,4641,57,1.2,1.5,10.0
0.06,False,0.25,47.0,0.2350403562482605,1689,57,1.2,1.5,10.0
0.06,False,0.5,80.4,0.2350403562482605,1689,57,1.2,1.5,10.0
0.06,False,0.75,142.20000000000002,0.2350403562482605,1689,57,1.2,1.5,10.0
0.06,True,0.25,47.5,0.7649596437517395,5497,57,1.2,1.5,10.0
0.06,True,0.5,82.60000000000001,0.7649596437517395,5497,57,1.2,1.5,10.0
0.06,True,0.75,145.0,0.7649596437517395,5497,57,1.2,1.5,10.0
0.09,False,0.25,43.775,0.15632183908045977,1156,57,1.2,1.5,10.0
0.09,False,0.5,74.75,0.15632183908045977,1156,57,1.2,1.5,10.0
0.09,False,0.75,132.1,0.15632183908045977,1156,57,1.2,1.5,10.0
0.09,True,0.25,43.8,0.8436781609195402,6239,57,1.2,1.5,10.0
0.09,True,0.5,75.3,0.8436781609195402,6239,57,1.2,1.5,10.0
0.09,True,0.75,130.6,0.8436781609195402,6239,57,1.2,1.5,10.0
0.12,False,0.25,36.60000000000001,0.09362467155303554,677,57,1.2,1.5,10.0
0.12,False,0.5,64.19999999999999,0.09362467155303554,677,57,1.2,1.5,10.0
0.12,False,0.75,104.50000000000001,0.09362467155303554,677,57,1.2,1.5,10.0
0.12,True,0.25,40.599999999999994,0.9063753284469644,6554,57,1.2,1.5,10.0
0.12,True,0.5,67.2,0.9063753284469644,6554,57,1.2,1.5,10.0
0.12,True,0.75,115.875,0.9063753284469644,6554,57,1.2,1.5,10.0
0.15,False,0.25,33.425,0.06547945205479452,478,57,1.2,1.5,10.0
0.15,False,0.5,56.49999999999999,0.06547945205479452,478,57,1.2,1.5,10.0
0.15,False,0.75,93.75,0.06547945205479452,478,57,1.2,1.5,10.0
0.15,True,0.25,36.4,0.9345205479452054,6822,57,1.2,1.5,10.0
0.15,True,0.5,59.800000000000004,0.9345205479452054,6822,57,1.2,1.5,10.0
0.15,True,0.75,98.775,0.9345205479452054,6822,57,1.2,1.5,10.0
0.0,False,0.25,49.5,0.49022307904158635,1780,59,1.2,1.5,10.0
0.0,False,0.5,93.9,0.49022307904158635,1780,59,1.2,1.5,10.0
0.0,False,0.75,163.5,0.49022307904158635,1780,59,1.2,1.5,10.0
0.0,True,0.25,50.150000000000006,0.5097769209584136,1851,59,1.2,1.5,10.0
0.0,True,0.5,90.39999999999999,0.5097769209584136,1851,59,1.2,1.5,10.0
0.0,True,0.75,157.5,0.5097769209584136,1851,59,1.2,1.5,10.0
0.03,False,0.25,48.400000000000006,0.3732209479065911,2701,59,1.2,1.5,10.0
0.03,False,0.5,89.9,0.3732209479065911,2701,59,1.2,1.5,10.0
0.03,False,0.75,155.79999999999998,0.3732209479065911,2701,59,1.2,1.5,10.0
0.03,True,0.25,51.2,0.6267790520934089,4536,59,1.2,1.5,10.0
0.03,True,0.5,93.19999999999999,0.6267790520934089,4536,59,1.2,1.5,10.0
0.03,True,0.75,168.05,0.6267790520934089,4536,59,1.2,1.5,10.0
0.06,False,0.25,45.35000000000001,0.24467937126164974,1759,59,1.2,1.5,10.0
0.06,False,0.5,80.4,0.24467937126164974,1759,59,1.2,1.5,10.0
0.06,False,0.75,148.2,0.24467937126164974,1759,59,1.2,1.5,10.0
0.06,True,0.25,49.20000000000001,0.7553206287383503,5430,59,1.2,1.5,10.0
0.06,True,0.5,84.85000000000001,0.7553206287383503,5430,59,1.2,1.5,10.0
0.06,True,0.75,147.77499999999998,0.7553206287383503,5430,59,1.2,1.5,10.0
0.09,False,0.25,42.400000000000006,0.1594320486815416,1179,59,1.2,1.5,10.0
0.09,False,0.5,74.2,0.1594320486815416,1179,59,1.2,1.5,10.0
0.09,False,0.75,128.3,0.1594320486815416,1179,59,1.2,1.5,10.0
0.09,True,0.25,43.900000000000006,0.8405679513184584,6216,59,1.2,1.5,10.0
0.09,True,0.5,76.6,0.8405679513184584,6216,59,1.2,1.5,10.0
0.09,True,0.75,128.82500000000002,0.8405679513184584,6216,59,1.2,1.5,10.0
0.12,False,0.25,39.55,0.09722030147974,703,59,1.2,1.5,10.0
0.12,False,0.5,62.59999999999999,0.09722030147974,703,59,1.2,1.5,10.0
0.12,False,0.75,100.05000000000001,0.09722030147974,703,59,1.2,1.5,10.0
0.12,True,0.25,41.30000000000001,0.90277969852026,6528,59,1.2,1.5,10.0
0.12,True,0.5,71.05000000000001,0.90277969852026,6528,59,1.2,1.5,10.0
0.12,True,0.75,115.60000000000001,0.90277969852026,6528,59,1.2,1.5,10.0
0.15,False,0.25,33.275000000000006,0.061095890410958906,446,59,1.2,1.5,10.0
0.15,False,0.5,58.25,0.061095890410958906,446,59,1.2,1.5,10.0
0.15,False,0.75,95.44999999999999,0.061095890410958906,446,59,1.2,1.5,10.0
0.15,True,0.25,36.925000000000004,0.9389041095890411,6854,59,1.2,1.5,10.0
0.15,True,0.5,60.400000000000006,0.9389041095890411,6854,59,1.2,1.5,10.0
0.15,True,0.75,100.0,0.9389041095890411,6854,59,1.2,1.5,10.0
0.0,False,0.25,51.500000000000014,0.487193610575599,1769,61,1.2,1.5,10.0
0.0,False,0.5,91.30000000000001,0.487193610575599,1769,61,1.2,1.5,10.0
0.0,False,0.75,156.9,0.487193610575599,1769,61,1.2,1.5,10.0
0.0,True,0.25,51.92500000000001,0.512806389424401,1862,61,1.2,1.5,10.0
0.0,True,0.5,92.6,0.512806389424401,1862,61,1.2,1.5,10.0
0.0,True,0.75,158.60000000000002,0.512806389424401,1862,61,1.2,1.5,10.0
0.03,False,0.25,48.775000000000006,0.36976647782230204,2676,61,1.2,1.5,10.0
0.03,False,0.5,89.7,0.36976647782230204,2676,61,1.2,1.5,10.0
0.03,False,0.75,155.72500000000002,0.36976647782230204,2676,61,1.2,1.5,10.0
0.03,True,0.25,50.2,0.6302335221776979,4561,61,1.2,1.5,10.0
0.03,True,0.5,88.9,0.6302335221776979,4561,61,1.2,1.5,10.0
0.03,True,0.75,156.9,0.6302335221776979,4561,61,1.2,1.5,10.0
0.06,False,0.25,43.900000000000006,0.2436682438074033,1751,61,1.2,1.5,10.0
0.06,False,0.5,80.2,0.2436682438074033,1751,61,1.2,1.5,10.0
0.06,False,0.75,140.20000000000002,0.2436682438074033,1751,61,1.2,1.5,10.0
0.06,True,0.25,46.45,0.7563317561925967,5435,61,1.2,1.5,10.0
0.06,True,0.5,82.49999999999999,0.7563317561925967,5435,61,1.2,1.5,10.0
0.06,True,0.75,145.4,0.7563317561925967,5435,61,1.2,1.5,10.0
0.09,False,0.25,41.85,0.15564570655848547,1151,61,1.2,1.5,10.0
0.09,False,0.5,71.6,0.15564570655848547,1151,61,1.2,1.5,10.0
0.09,False,0.75,125.15,0.15564570655848547,1151,61,1.2,1.5,10.0
0.09,True,0.25,44.0,0.8443542934415146,6244,61,1.2,1.5,10.0
0.09,True,0.5,75.6,0.8443542934415146,6244,61,1.2,1.5,10.0
0.09,True,0.75,130.10000000000002,0.8443542934415146,6244,61,1.2,1.5,10.0
0.12,False,0.25,40.4,0.09113538929608629,659,61,1.2,1.5,10.0
0.12,False,0.5,65.39999999999999,0.09113538929608629,659,61,1.2,1.5,10.0
0.12,False,0.75,106.69999999999999,0.09113538929608629,659,61,1.2,1.5,10.0
0.12,True,0.25,41.10000000000001,0.9088646107039137,6572,61,1.2,1.5,10.0
0.12,True,0.5,68.5,0.9088646107039137,6572,61,1.2,1.5,10.0
0.12,True,0.75,113.69999999999999,0.9088646107039137,6572,61,1.2,1.5,10.0
0.15,False,0.25,31.450000000000006,0.06013698630136986,439,61,1.2,1.5,10.0
0.15,False,0.5,53.8,0.06013698630136986,439,61,1.2,1.5,10.0
0.15,False,0.75,91.44999999999999,0.06013698630136986,439,61,1.2,1.5,10.0
0.15,True,0.25,37.400000000000006,0.9398630136986301,6861,61,1.2,1.5,10.0
0.15,True,0.5,61.699999999999996,0.9398630136986301,6861,61,1.2,1.5,10.0
0.15,True,0.75,100.4,0.9398630136986301,6861,61,1.2,1.5,10.0
0.0,False,0.25,50.70000000000001,0.5042687964748004,1831,73,1.2,1.5,10.0
0.0,False,0.5,89.8,0.5042687964748004,1831,73,1.2,1.5,10.0
0.0,False,0.75,162.15,0.5042687964748004,1831,73,1.2,1.5,10.0
0.0,True,0.25,52.67499999999999,0.49573120352519967,1800,73,1.2,1.5,10.0
0.0,True,0.5,95.4,0.49573120352519967,1800,73,1.2,1.5,10.0
0.0,True,0.75,170.8,0.49573120352519967,1800,73,1.2,1.5,10.0
0.03,False,0.25,48.20000000000001,0.3628697815869505,2625,73,1.2,1.5,10.0
0.03,False,0.5,88.19999999999999,0.3628697815869505,2625,73,1.2,1.5,10.0
0.03,False,0.75,158.0,0.3628697815869505,2625,73,1.2,1.5,10.0
0.03,True,0.25,49.60000000000001,0.6371302184130495,4609,73,1.2,1.5,10.0
0.03,True,0.5,87.9,0.6371302184130495,4609,73,1.2,1.5,10.0
0.03,True,0.75,154.50000000000003,0.6371302184130495,4609,73,1.2,1.5,10.0
0.06,False,0.25,48.87500000000001,0.2287145242070117,1644,73,1.2,1.5,10.0
0.06,False,0.5,85.9,0.2287145242070117,1644,73,1.2,1.5,10.0
0.06,False,0.75,144.89999999999998,0.2287145242070117,1644,73,1.2,1.5,10.0
0.06,True,0.25,49.20000000000001,0.7712854757929883,5544,73,1.2,1.5,10.0
0.06,True,0.5,84.85000000000001,0.7712854757929883,5544,73,1.2,1.5,10.0
0.06,True,0.75,149.3,0.7712854757929883,5544,73,1.2,1.5,10.0
0.09,False,0.25,42.6,0.1575601839329186,1165,73,1.2,1.5,10.0
0.09,False,0.5,72.3,0.1575601839329186,1165,73,1.2,1.5,10.0
0.09,False,0.75,123.39999999999999,0.1575601839329186,1165,73,1.2,1.5,10.0
0.09,True,0.25,44.4,0.8424398160670814,6229,73,1.2,1.5,10.0
0.09,True,0.5,75.80000000000001,0.8424398160670814,6229,73,1.2,1.5,10.0
0.09,True,0.75,129.4,0.8424398160670814,6229,73,1.2,1.5,10.0
0.12,False,0.25,37.300000000000004,0.09445443230535196,683,73,1.2,1.5,10.0
0.12,False,0.5,62.39999999999999,0.09445443230535196,683,73,1.2,1.5,10.0
0.12,False,0.75,113.45000000000002,0.09445443230535196,683,73,1.2,1.5,10.0
0.12,True,0.25,40.8,0.905545567694648,6548,73,1.2,1.5,10.0
0.12,True,0.5,67.99999999999999,0.905545567694648,6548,73,1.2,1.5,10.0
0.12,True,0.75,113.525,0.905545567694648,6548,73,1.2,1.5,10.0
0.15,False,0.25,35.87500000000001,0.05506849315068493,402,73,1.2,1.5,10.0
0.15,False,0.5,58.849999999999994,0.05506849315068493,402,73,1.2,1.5,10.0
0.15,False,0.75,95.14999999999999,0.05506849315068493,402,73,1.2,1.5,10.0
0.15,True,0.25,37.2,0.944931506849315,6898,73,1.2,1.5,10.0
0.15,True,0.5,60.699999999999996,0.944931506849315,6898,73,1.2,1.5,10.0
0.15,True,0.75,99.5,0.944931506849315,6898,73,1.2,1.5,10.0
0.0,False,0.25,50.4,0.5147342329936656,1869,79,1.2,1.5,10.0
0.0,False,0.5,91.9,0.5147342329936656,1869,79,1.2,1.5,10.0
0.0,False,0.75,165.1,0.5147342329936656,1869,79,1.2,1.5,10.0
0.0,True,0.25,50.425,0.48526576700633434,1762,79,1.2,1.5,10.0
0.0,True,0.5,90.5,0.48526576700633434,1762,79,1.2,1.5,10.0
0.0,True,0.75,161.175,0.48526576700633434,1762,79,1.2,1.5,10.0
0.03,False,0.25,49.400000000000006,0.3537377366312008,2560,79,1.2,1.5,10.0
0.03,False,0.5,89.44999999999999,0.3537377366312008,2560,79,1.2,1.5,10.0
0.03,False,0.75,160.675,0.3537377366312008,2560,79,1.2,1.5,10.0
0.03,True,0.25,50.0,0.6462622633687992,4677,79,1.2,1.5,10.0
0.03,True,0.5,89.9,0.6462622633687992,4677,79,1.2,1.5,10.0
0.03,True,0.75,160.1,0.6462622633687992,4677,79,1.2,1.5,10.0
0.06,False,0.25,46.35,0.23734001112966055,1706,79,1.2,1.5,10.0
0.06,False,0.5,84.30000000000001,0.23734001112966055,1706,79,1.2,1.5,10.0
0.06,False,0.75,143.47500000000002,0.23734001112966055,1706,79,1.2,1.5,10.0
0.06,True,0.25,48.425000000000004,0.7626599888703395,5482,79,1.2,1.5,10.0
0.06,True,0.5,85.05,0.7626599888703395,5482,79,1.2,1.5,10.0
0.06,True,0.75,148.07500000000002,0.7626599888703395,5482,79,1.2,1.5,10.0
0.09,False,0.25,41.2,0.15010141987829614,1110,79,1.2,1.5,10.0
0.09,False,0.5,73.85000000000001,0.15010141987829614,1110,79,1.2,1.5,10.0
0.09,False,0.75,129.875,0.15010141987829614,1110,79,1.2,1.5,10.0
0.09,True,0.25,43.70000000000001,0.8498985801217038,6285,79,1.2,1.5,10.0
0.09,True,0.5,75.6,0.8498985801217038,6285,79,1.2,1.5,10.0
0.09,True,0.75,129.9,0.8498985801217038,6285,79,1.2,1.5,10.0
0.12,False,0.25,37.87500000000001,0.09459272576407136,684,79,1.2,1.5,10.0
0.12,False,0.5,62.849999999999994,0.09459272576407136,684,79,1.2,1.5,10.0
0.12,False,0.75,106.42500000000001,0.09459272576407136,684,79,1.2,1.5,10.0
0.12,True,0.25,40.70000000000001,0.9054072742359286,6547,79,1.2,1.5,10.0
0.12,True,0.5,66.99999999999999,0.9054072742359286,6547,79,1.2,1.5,10.0
0.12,True,0.75,111.9,0.9054072742359286,6547,79,1.2,1.5,10.0
0.15,False,0.25,33.5,0.057534246575342465,420,79,1.2,1.5,10.0
0.15,False,0.5,55.05,0.057534246575342465,420,79,1.2,1.5,10.0
0.15,False,0.75,87.85,0.057534246575342465,420,79,1.2,1.5,10.0
0.15,True,0.25,36.7,0.9424657534246575,6880,79,1.2,1.5,10.0
0.15,True,0.5,60.5,0.9424657534246575,6880,79,1.2,1.5,10.0
0.15,True,0.75,98.10000000000001,0.9424657534246575,6880,79,1.2,1.5,10.0
0.0,False,0.25,49.60000000000001,0.501239328008813,1820,80,1.2,1.5,10.0
0.0,False,0.5,91.25,0.501239328008813,1820,80,1.2,1.5,10.0
0.0,False,0.75,163.05,0.501239328008813,1820,80,1.2,1.5,10.0
0.0,True,0.25,48.800000000000004,0.498760671991187,1811,80,1.2,1.5,10.0
0.0,True,0.5,91.19999999999999,0.498760671991187,1811,80,1.2,1.5,10.0
0.0,True,0.75,161.70000000000002,0.498760671991187,1811,80,1.2,1.5,10.0
0.03,False,0.25,48.800000000000004,0.368522868591958,2667,80,1.2,1.5,10.0
0.03,False,0.5,86.9,0.368522868591958,2667,80,1.2,1.5,10.0
0.03,False,0.75,153.40000000000003,0.368522868591958,2667,80,1.2,1.5,10.0
0.03,True,0.25,50.22500000000001,0.631477131408042,4570,80,1.2,1.5,10.0
0.03,True,0.5,90.9,0.631477131408042,4570,80,1.2,1.5,10.0
0.03,True,0.75,161.0,0.631477131408042,4570,80,1.2,1.5,10.0
0.06,False,0.25,46.37500000000001,0.2409571508069004,1732,80,1.2,1.5,10.0
0.06,False,0.5,82.44999999999999,0.2409571508069004,1732,80,1.2,1.5,10.0
0.06,False,0.75,143.9,0.2409571508069004,1732,80,1.2,1.5,10.0
0.06,True,0.25,47.5,0.7590428491930996,5456,80,1.2,1.5,10.0
0.06,True,0.5,82.4,0.7590428491930996,5456,80,1.2,1.5,10.0
0.06,True,0.75,140.82500000000002,0.7590428491930996,5456,80,1.2,1.5,10.0
0.09,False,0.25,43.25000000000001,0.15406465575544434,1139,80,1.2,1.5,10.0
0.09,False,0.5,76.39999999999999,0.15406465575544434,1139,80,1.2,1.5,10.0
0.09,False,0.75,131.70000000000002,0.15406465575544434,1139,80,1.2,1.5,10.0
0.09,True,0.25,44.100000000000016,0.8459353442445556,6254,80,1.2,1.5,10.0
0.09,True,0.5,77.0,0.8459353442445556,6254,80,1.2,1.5,10.0
0.09,True,0.75,133.375,0.8459353442445556,6254,80,1.2,1.5,10.0
0.12,False,0.25,39.650000000000006,0.09901811644309225,716,80,1.2,1.5,10.0
0.12,False,0.5,68.89999999999999,0.09901811644309225,716,80,1.2,1.5,10.0
0.12,False,0.75,116.47500000000002,0.09901811644309225,716,80,1.2,1.5,10.0
0.12,True,0.25,41.900000000000006,0.9009818835569078,6515,80,1.2,1.5,10.0
0.12,True,0.5,70.70000000000002,0.9009818835569078,6515,80,1.2,1.5,10.0
0.12,True,0.75,116.10000000000001,0.9009818835569078,6515,80,1.2,1.5,10.0
0.15,False,0.25,37.800000000000004,0.06068493150684932,443,80,1.2,1.5,10.0
0.15,False,0.5,60.1,0.06068493150684932,443,80,1.2,1.5,10.0
0.15,False,0.75,95.05000000000001,0.06068493150684932,443,80,1.2,1.5,10.0
0.15,True,0.25,37.2,0.9393150684931507,6857,80,1.2,1.5,10.0
0.15,True,0.5,60.400000000000006,0.9393150684931507,6857,80,1.2,1.5,10.0
0.15,True,0.75,98.10000000000001,0.9393150684931507,6857,80,1.2,1.5,10.0
0.0,False,0.25,52.00000000000001,0.4977961432506887,1807,81,1.2,1.5,10.0
0.0,False,0.5,91.5,0.4977961432506887,1807,81,1.2,1.5,10.0
0.0,False,0.75,160.95000000000002,0.4977961432506887,1807,81,1.2,1.5,10.0
0.0,True,0.25,51.90000000000001,0.5022038567493113,1823,81,1.2,1.5,10.0
0.0,True,0.5,91.5,0.5022038567493113,1823,81,1.2,1.5,10.0
0.0,True,0.75,162.15,0.5022038567493113,1823,81,1.2,1.5,10.0
0.03,False,0.25,47.7,0.3652065773110405,2643,81,1.2,1.5,10.0
0.03,False,0.5,87.59999999999998,0.3652065773110405,2643,81,1.2,1.5,10.0
0.03,False,0.75,158.75,0.3652065773110405,2643,81,1.2,1.5,10.0
0.03,True,0.25,49.400000000000006,0.6347934226889596,4594,81,1.2,1.5,10.0
0.03,True,0.5,87.64999999999999,0.6347934226889596,4594,81,1.2,1.5,10.0
0.03,True,0.75,155.65000000000003,0.6347934226889596,4594,81,1.2,1.5,10.0
0.06,False,0.25,44.6,0.24255496799332035,1743,81,1.2,1.5,10.0
0.06,False,0.5,79.0,0.24255496799332035,1743,81,1.2,1.5,10.0
0.06,False,0.75,141.75,0.24255496799332035,1743,81,1.2,1.5,10.0
0.06,True,0.25,47.1,0.7574450320066797,5443,81,1.2,1.5,10.0
0.06,True,0.5,84.1,0.7574450320066797,5443,81,1.2,1.5,10.0
0.06,True,0.75,144.9,0.7574450320066797,5443,81,1.2,1.5,10.0
0.09,False,0.25,42.650000000000006,0.16269948606978632,1203,81,1.2,1.5,10.0
0.09,False,0.5,72.9,0.16269948606978632,1203,81,1.2,1.5,10.0
0.09,False,0.75,126.85,0.16269948606978632,1203,81,1.2,1.5,10.0
0.09,True,0.25,43.8,0.8373005139302137,6191,81,1.2,1.5,10.0
0.09,True,0.5,76.39999999999999,0.8373005139302137,6191,81,1.2,1.5,10.0
0.09,True,0.75,130.6,0.8373005139302137,6191,81,1.2,1.5,10.0
0.12,False,0.25,38.7,0.09473101922279076,685,81,1.2,1.5,10.0
0.12,False,0.5,64.99999999999999,0.09473101922279076,685,81,1.2,1.5,10.0
0.12,False,0.75,111.9,0.09473101922279076,685,81,1.2,1.5,10.0
0.12,True,0.25,40.70000000000001,0.9052689807772092,6546,81,1.2,1.5,10.0
0.12,True,0.5,68.9,0.9052689807772092,6546,81,1.2,1.5,10.0
0.12,True,0.75,114.00000000000001,0.9052689807772092,6546,81,1.2,1.5,10.0
0.15,False,0.25,34.5,0.0626027397260274,457,81,1.2,1.5,10.0
0.15,False,0.5,59.3,0.0626027397260274,457,81,1.2,1.5,10.0
0.15,False,0.75,95.5,0.0626027397260274,457,81,1.2,1.5,10.0
0.15,True,0.25,37.7,0.9373972602739726,6843,81,1.2,1.5,10.0
0.15,True,0.5,61.40000000000001,0.9373972602739726,6843,81,1.2,1.5,10.0
0.15,True,0.75,100.85,0.9373972602739726,6843,81,1.2,1.5,10.0
0.0,False,0.25,52.025000000000006,0.489672266593225,1778,97,1.2,1.5,10.0
0.0,False,0.5,90.05,0.489672266593225,1778,97,1.2,1.5,10.0
0.0,False,0.75,164.175,0.489672266593225,1778,97,1.2,1.5,10.0
0.0,True,0.25,50.100000000000016,0.510327733406775,1853,97,1.2,1.5,10.0
0.0,True,0.5,91.59999999999998,0.510327733406775,1853,97,1.2,1.5,10.0
0.0,True,0.75,162.5,0.510327733406775,1853,97,1.2,1.5,10.0
0.03,False,0.25,49.70000000000001,0.36397567044512025,2633,97,1.2,1.5,10.0
0.03,False,0.5,86.20000000000002,0.36397567044512025,2633,97,1.2,1.5,10.0
0.03,False,0.75,151.9,0.36397567044512025,2633,97,1.2,1.5,10.0
0.03,True,0.25,49.70000000000001,0.6360243295548798,4601,97,1.2,1.5,10.0
0.03,True,0.5,89.7,0.6360243295548798,4601,97,1.2,1.5,10.0
0.03,True,0.75,157.10000000000002,0.6360243295548798,4601,97,1.2,1.5,10.0
0.06,False,0.25,45.30000000000001,0.24168637818283012,1737,97,1.2,1.5,10.0
0.06,False,0.5,81.3,0.24168637818283012,1737,97,1.2,1.5,10.0
0.06,False,0.75,143.50000000000003,0.24168637818283012,1737,97,1.2,1.5,10.0
0.06,True,0.25,47.300000000000004,0.7583136218171699,5450,97,1.2,1.5,10.0
0.06,True,0.5,82.95,0.7583136218171699,5450,97,1.2,1.5,10.0
0.06,True,0.75,141.3,0.7583136218171699,5450,97,1.2,1.5,10.0
0.09,False,0.25,39.89999999999999,0.15456389452332658,1143,97,1.2,1.5,10.0
0.09,False,0.5,71.8,0.15456389452332658,1143,97,1.2,1.5,10.0
0.09,False,0.75,123.55000000000001,0.15456389452332658,1143,97,1.2,1.5,10.0
0.09,True,0.25,43.4,0.8454361054766735,6252,97,1.2,1.5,10.0
0.09,True,0.5,76.6,0.8454361054766735,6252,97,1.2,1.5,10.0
0.09,True,0.75,129.4,0.8454361054766735,6252,97,1.2,1.5,10.0
0.12,False,0.25,37.550000000000004,0.10053934448900567,727,97,1.2,1.5,10.0
0.12,False,0.5,65.3,0.10053934448900567,727,97,1.2,1.5,10.0
0.12,False,0.75,113.35,0.10053934448900567,727,97,1.2,1.5,10.0
0.12,True,0.25,40.375,0.8994606555109943,6504,97,1.2,1.5,10.0
0.12,True,0.5,67.2,0.8994606555109943,6504,97,1.2,1.5,10.0
0.12,True,0.75,112.2,0.8994606555109943,6504,97,1.2,1.5,10.0
0.15,False,0.25,33.75,0.05410958904109589,395,97,1.2,1.5,10.0
0.15,False,0.5,54.00000000000001,0.05410958904109589,395,97,1.2,1.5,10.0
0.15,False,0.75,87.95,0.05410958904109589,395,97,1.2,1.5,10.0
0.15,True,0.25,36.7,0.9458904109589041,6905,97,1.2,1.5,10.0
0.15,True,0.5,61.1,0.9458904109589041,6905,97,1.2,1.5,10.0
0.15,True,0.75,98.8,0.9458904109589041,6905,97,1.2,1.5,10.0
0.0,False,0.25,50.82500000000001,0.48925619834710743,1776,98,1.2,1.5,10.0
0.0,False,0.5,93.5,0.48925619834710743,1776,98,1.2,1.5,10.0
0.0,False,0.75,162.025,0.48925619834710743,1776,98,1.2,1.5,10.0
0.0,True,0.25,50.2,0.5107438016528926,1854,98,1.2,1.5,10.0
0.0,True,0.5,92.39999999999999,0.5107438016528926,1854,98,1.2,1.5,10.0
0.0,True,0.75,165.25,0.5107438016528926,1854,98,1.2,1.5,10.0
0.03,False,0.25,48.300000000000004,0.3632342778161714,2628,98,1.2,1.5,10.0
0.03,False,0.5,85.80000000000001,0.3632342778161714,2628,98,1.2,1.5,10.0
0.03,False,0.75,149.2,0.3632342778161714,2628,98,1.2,1.5,10.0
0.03,True,0.25,50.25000000000001,0.6367657221838287,4607,98,1.2,1.5,10.0
0.03,True,0.5,88.5,0.6367657221838287,4607,98,1.2,1.5,10.0
0.03,True,0.75,160.60000000000002,0.6367657221838287,4607,98,1.2,1.5,10.0
0.06,False,0.25,46.75,0.24474746069291778,1759,98,1.2,1.5,10.0
0.06,False,0.5,84.9,0.24474746069291778,1759,98,1.2,1.5,10.0
0.06,False,0.75,151.0,0.24474746069291778,1759,98,1.2,1.5,10.0
0.06,True,0.25,47.400000000000006,0.7552525393070822,5428,98,1.2,1.5,10.0
0.06,True,0.5,84.20000000000002,0.7552525393070822,5428,98,1.2,1.5,10.0
0.06,True,0.75,145.32500000000002,0.7552525393070822,5428,98,1.2,1.5,10.0
0.09,False,0.25,40.8,0.1568627450980392,1160,98,1.2,1.5,10.0
0.09,False,0.5,70.4,0.1568627450980392,1160,98,1.2,1.5,10.0
0.09,False,0.75,125.35000000000002,0.1568627450980392,1160,98,1.2,1.5,10.0
0.09,True,0.25,44.4,0.8431372549019608,6235,98,1.2,1.5,10.0
0.09,True,0.5,77.39999999999999,0.8431372549019608,6235,98,1.2,1.5,10.0
0.09,True,0.75,131.30000000000004,0.8431372549019608,6235,98,1.2,1.5,10.0
0.12,False,0.25,41.5,0.09500760614022957,687,98,1.2,1.5,10.0
0.12,False,0.5,69.6,0.09500760614022957,687,98,1.2,1.5,10.0
0.12,False,0.75,113.35000000000001,0.09500760614022957,687,98,1.2,1.5,10.0
0.12,True,0.25,40.99999999999999,0.9049923938597705,6544,98,1.2,1.5,10.0
0.12,True,0.5,70.10000000000001,0.9049923938597705,6544,98,1.2,1.5,10.0
0.12,True,0.75,114.7,0.9049923938597705,6544,98,1.2,1.5,10.0
0.15,False,0.25,35.10000000000001,0.055342465753424656,404,98,1.2,1.5,10.0
0.15,False,0.5,58.199999999999996,0.055342465753424656,404,98,1.2,1.5,10.0
0.15,False,0.75,87.44999999999999,0.055342465753424656,404,98,1.2,1.5,10.0
0.15,True,0.25,37.300000000000004,0.9446575342465754,6896,98,1.2,1.5,10.0
0.15,True,0.5,62.300000000000004,0.9446575342465754,6896,98,1.2,1.5,10.0
0.15,True,0.75,100.49999999999999,0.9446575342465754,6896,98,1.2,1.5,10.0
0.0,False,0.25,50.6,0.4980705622932745,1807,99,1.2,1.5,10.0
0.0,False,0.5,91.0,0.4980705622932745,1807,99,1.2,1.5,10.0
0.0,False,0.75,158.5,0.4980705622932745,1807,99,1.2,1.5,10.0
0.0,True,0.25,50.0,0.5019294377067255,1821,99,1.2,1.5,10.0
0.0,True,0.5,91.0,0.5019294377067255,1821,99,1.2,1.5,10.0
0.0,True,0.75,160.4,0.5019294377067255,1821,99,1.2,1.5,10.0
0.03,False,0.25,48.800000000000004,0.3676937957717286,2661,99,1.2,1.5,10.0
0.03,False,0.5,88.3,0.3676937957717286,2661,99,1.2,1.5,10.0
0.03,False,0.75,158.79999999999998,0.3676937957717286,2661,99,1.2,1.5,10.0
0.03,True,0.25,49.775000000000006,0.6323062042282713,4576,99,1.2,1.5,10.0
0.03,True,0.5,90.1,0.6323062042282713,4576,99,1.2,1.5,10.0
0.03,True,0.75,159.32500000000002,0.6323062042282713,4576,99,1.2,1.5,10.0
0.06,False,0.25,45.150000000000006,0.2509743875278396,1803,99,1.2,1.5,10.0
0.06,False,0.5,81.9,0.2509743875278396,1803,99,1.2,1.5,10.0
0.06,False,0.75,145.6,0.2509743875278396,1803,99,1.2,1.5,10.0
0.06,True,0.25,46.0,0.7490256124721604,5381,99,1.2,1.5,10.0
0.06,True,0.5,82.80000000000001,0.7490256124721604,5381,99,1.2,1.5,10.0
0.06,True,0.75,146.4,0.7490256124721604,5381,99,1.2,1.5,10.0
0.09,False,0.25,43.0,0.16206709956709955,1198,99,1.2,1.5,10.0
0.09,False,0.5,75.75,0.16206709956709955,1198,99,1.2,1.5,10.0
0.09,False,0.75,127.5,0.16206709956709955,1198,99,1.2,1.5,10.0
0.09,True,0.25,44.4,0.8379329004329005,6194,99,1.2,1.5,10.0
0.09,True,0.5,76.04999999999998,0.8379329004329005,6194,99,1.2,1.5,10.0
0.09,True,0.75,127.2,0.8379329004329005,6194,99,1.2,1.5,10.0
0.12,False,0.25,38.47500000000001,0.09459272576407136,684,99,1.2,1.5,10.0
0.12,False,0.5,67.15,0.09459272576407136,684,99,1.2,1.5,10.0
0.12,False,0.75,112.00000000000001,0.09459272576407136,684,99,1.2,1.5,10.0
0.12,True,0.25,40.2,0.9054072742359286,6547,99,1.2,1.5,10.0
0.12,True,0.5,68.5,0.9054072742359286,6547,99,1.2,1.5,10.0
0.12,True,0.75,113.00000000000001,0.9054072742359286,6547,99,1.2,1.5,10.0
0.15,False,0.25,35.2,0.055753424657534245,407,99,1.2,1.5,10.0
0.15,False,0.5,58.60000000000001,0.055753424657534245,407,99,1.2,1.5,10.0
0.15,False,0.75,102.4,0.055753424657534245,407,99,1.2,1.5,10.0
0.15,True,0.25,37.300000000000004,0.9442465753424657,6893,99,1.2,1.5,10.0
0.15,True,0.5,60.400000000000006,0.9442465753424657,6893,99,1.2,1.5,10.0
0.15,True,0.75,100.1,0.9442465753424657,6893,99,1.2,1.5,10.0
0.0,False,0.25,49.72500000000001,0.4983480176211454,1810,101,1.2,1.5,10.0
0.0,False,0.5,91.75,0.4983480176211454,1810,101,1.2,1.5,10.0
0.0,False,0.75,163.775,0.4983480176211454,1810,101,1.2,1.5,10.0
0.0,True,0.25,51.70000000000001,0.5016519823788547,1822,101,1.2,1.5,10.0
0.0,True,0.5,93.0,0.5016519823788547,1822,101,1.2,1.5,10.0
0.0,True,0.75,157.52500000000003,0.5016519823788547,1822,101,1.2,1.5,10.0
0.03,False,0.25,48.400000000000006,0.36658836534475614,2653,101,1.2,1.5,10.0
0.03,False,0.5,88.7,0.36658836534475614,2653,101,1.2,1.5,10.0
0.03,False,0.75,153.70000000000002,0.36658836534475614,2653,101,1.2,1.5,10.0
0.03,True,0.25,49.5,0.6334116346552439,4584,101,1.2,1.5,10.0
0.03,True,0.5,90.30000000000001,0.6334116346552439,4584,101,1.2,1.5,10.0
0.03,True,0.75,159.025,0.6334116346552439,4584,101,1.2,1.5,10.0
0.06,False,0.25,46.425000000000004,0.24398386423702878,1754,101,1.2,1.5,10.0
0.06,False,0.5,82.75,0.24398386423702878,1754,101,1.2,1.5,10.0
0.06,False,0.75,147.175,0.24398386423702878,1754,101,1.2,1.5,10.0
0.06,True,0.25,47.05,0.7560161357629712,5435,101,1.2,1.5,10.0
0.06,True,0.5,83.4,0.7560161357629712,5435,101,1.2,1.5,10.0
0.06,True,0.75,144.40000000000003,0.7560161357629712,5435,101,1.2,1.5,10.0
0.09,False,0.25,42.07500000000001,0.15688395996754126,1160,101,1.2,1.5,10.0
0.09,False,0.5,71.75,0.15688395996754126,1160,101,1.2,1.5,10.0
0.09,False,0.75,135.22500000000002,0.15688395996754126,1160,101,1.2,1.5,10.0
0.09,True,0.25,42.900000000000006,0.8431160400324588,6234,101,1.2,1.5,10.0
0.09,True,0.5,75.6,0.8431160400324588,6234,101,1.2,1.5,10.0
0.09,True,0.75,131.30000000000004,0.8431160400324588,6234,101,1.2,1.5,10.0
0.12,False,0.25,40.99999999999999,0.0969437145623012,701,101,1.2,1.5,10.0
0.12,False,0.5,68.10000000000001,0.0969437145623012,701,101,1.2,1.5,10.0
0.12,False,0.75,112.10000000000001,0.0969437145623012,701,101,1.2,1.5,10.0
0.12,True,0.25,40.50000000000001,0.9030562854376988,6530,101,1.2,1.5,10.0
0.12,True,0.5,67.99999999999999,0.9030562854376988,6530,101,1.2,1.5,10.0
0.12,True,0.75,114.10000000000001,0.9030562854376988,6530,101,1.2,1.5,10.0
0.15,False,0.25,36.425000000000004,0.0547945205479452,400,101,1.2,1.5,10.0
0.15,False,0.5,62.1,0.0547945205479452,400,101,1.2,1.5,10.0
0.15,False,0.75,102.575,0.0547945205479452,400,101,1.2,1.5,10.0
0.15,True,0.25,37.50000000000001,0.9452054794520548,6900,101,1.2,1.5,10.0
0.15,True,0.5,61.40000000000001,0.9452054794520548,6900,101,1.2,1.5,10.0
0.15,True,0.75,97.8,0.9452054794520548,6900,101,1.2,1.5,10.0
0.0,False,0.25,50.45,0.5066115702479339,1839,113,1.2,1.5,10.0
0.0,False,0.5,91.5,0.5066115702479339,1839,113,1.2,1.5,10.0
0.0,False,0.75,161.15,0.5066115702479339,1839,113,1.2,1.5,10.0
0.0,True,0.25,50.150000000000006,0.4933884297520661,1791,113,1.2,1.5,10.0
0.0,True,0.5,88.1,0.4933884297520661,1791,113,1.2,1.5,10.0
0.0,True,0.75,157.95,0.4933884297520661,1791,113,1.2,1.5,10.0
0.03,False,0.25,49.275000000000006,0.35268103924820343,2552,113,1.2,1.5,10.0
0.03,False,0.5,92.5,0.35268103924820343,2552,113,1.2,1.5,10.0
0.03,False,0.75,152.3,0.35268103924820343,2552,113,1.2,1.5,10.0
0.03,True,0.25,50.67500000000001,0.6473189607517966,4684,113,1.2,1.5,10.0
0.03,True,0.5,93.10000000000001,0.6473189607517966,4684,113,1.2,1.5,10.0
0.03,True,0.75,161.575,0.6473189607517966,4684,113,1.2,1.5,10.0
0.06,False,0.25,47.5,0.24766940308891053,1780,113,1.2,1.5,10.0
0.06,False,0.5,83.4,0.24766940308891053,1780,113,1.2,1.5,10.0
0.06,False,0.75,147.32500000000002,0.24766940308891053,1780,113,1.2,1.5,10.0
0.06,True,0.25,48.300000000000004,0.7523305969110895,5407,113,1.2,1.5,10.0
0.06,True,0.5,83.7,0.7523305969110895,5407,113,1.2,1.5,10.0
0.06,True,0.75,145.7,0.7523305969110895,5407,113,1.2,1.5,10.0
0.09,False,0.25,42.900000000000006,0.1532530772352225,1133,113,1.2,1.5,10.0
0.09,False,0.5,71.70000000000002,0.1532530772352225,1133,113,1.2,1.5,10.0
0.09,False,0.75,119.9,0.1532530772352225,1133,113,1.2,1.5,10.0
0.09,True,0.25,44.100000000000016,0.8467469227647775,6260,113,1.2,1.5,10.0
0.09,True,0.5,76.09999999999998,0.8467469227647775,6260,113,1.2,1.5,10.0
0.09,True,0.75,131.5,0.8467469227647775,6260,113,1.2,1.5,10.0
0.12,False,0.25,41.30000000000001,0.09805006223205642,709,113,1.2,1.5,10.0
0.12,False,0.5,67.39999999999999,0.09805006223205642,709,113,1.2,1.5,10.0
0.12,False,0.75,111.60000000000001,0.09805006223205642,709,113,1.2,1.5,10.0
0.12,True,0.25,40.99999999999999,0.9019499377679435,6522,113,1.2,1.5,10.0
0.12,True,0.5,69.10000000000001,0.9019499377679435,6522,113,1.2,1.5,10.0
0.12,True,0.75,115.60000000000001,0.9019499377679435,6522,113,1.2,1.5,10.0
0.15,False,0.25,34.225,0.05671232876712329,414,113,1.2,1.5,10.0
0.15,False,0.5,54.99999999999999,0.05671232876712329,414,113,1.2,1.5,10.0
0.15,False,0.75,92.875,0.05671232876712329,414,113,1.2,1.5,10.0
0.15,True,0.25,37.2,0.9432876712328767,6886,113,1.2,1.5,10.0
0.15,True,0.5,61.5,0.9432876712328767,6886,113,1.2,1.5,10.0
0.15,True,0.75,99.775,0.9432876712328767,6886,113,1.2,1.5,10.0
0.0,False,0.25,50.30000000000001,0.49256607929515417,1789,117,1.2,1.5,10.0
0.0,False,0.5,91.30000000000001,0.49256607929515417,1789,117,1.2,1.5,10.0
0.0,False,0.75,155.4,0.49256607929515417,1789,117,1.2,1.5,10.0
0.0,True,0.25,49.300000000000004,0.5074339207048458,1843,117,1.2,1.5,10.0
0.0,True,0.5,86.1,0.5074339207048458,1843,117,1.2,1.5,10.0
0.0,True,0.75,155.3,0.5074339207048458,1843,117,1.2,1.5,10.0
0.03,False,0.25,47.5,0.3540716162035117,2561,117,1.2,1.5,10.0
0.03,False,0.5,88.19999999999999,0.3540716162035117,2561,117,1.2,1.5,10.0
0.03,False,0.75,160.70000000000002,0.3540716162035117,2561,117,1.2,1.5,10.0
0.03,True,0.25,49.20000000000001,0.6459283837964883,4672,117,1.2,1.5,10.0
0.03,True,0.5,85.95,0.6459283837964883,4672,117,1.2,1.5,10.0
0.03,True,0.75,156.79999999999998,0.6459283837964883,4672,117,1.2,1.5,10.0
0.06,False,0.25,44.2,0.23865850264403005,1715,117,1.2,1.5,10.0
0.06,False,0.5,79.49999999999999,0.23865850264403005,1715,117,1.2,1.5,10.0
0.06,False,0.75,140.9,0.23865850264403005,1715,117,1.2,1.5,10.0
0.06,True,0.25,47.0,0.7613414973559699,5471,117,1.2,1.5,10.0
0.06,True,0.5,83.3,0.7613414973559699,5471,117,1.2,1.5,10.0
0.06,True,0.75,145.3,0.7613414973559699,5471,117,1.2,1.5,10.0
0.09,False,0.25,41.99999999999999,0.15429344151453686,1141,117,1.2,1.5,10.0
0.09,False,0.5,70.70000000000002,0.15429344151453686,1141,117,1.2,1.5,10.0
0.09,False,0.75,125.9,0.15429344151453686,1141,117,1.2,1.5,10.0
0.09,True,0.25,44.0,0.8457065584854632,6254,117,1.2,1.5,10.0
0.09,True,0.5,78.49999999999999,0.8457065584854632,6254,117,1.2,1.5,10.0
0.09,True,0.75,135.875,0.8457065584854632,6254,117,1.2,1.5,10.0
0.12,False,0.25,35.300000000000004,0.0968054211035818,700,117,1.2,1.5,10.0
0.12,False,0.5,61.10000000000001,0.0968054211035818,700,117,1.2,1.5,10.0
0.12,False,0.75,105.22500000000001,0.0968054211035818,700,117,1.2,1.5,10.0
0.12,True,0.25,40.4,0.9031945788964182,6531,117,1.2,1.5,10.0
0.12,True,0.5,68.10000000000001,0.9031945788964182,6531,117,1.2,1.5,10.0
0.12,True,0.75,113.5,0.9031945788964182,6531,117,1.2,1.5,10.0
0.15,False,0.25,36.60000000000001,0.0658904109589041,481,117,1.2,1.5,10.0
0.15,False,0.5,58.400000000000006,0.0658904109589041,481,117,1.2,1.5,10.0
0.15,False,0.75,92.9,0.0658904109589041,481,117,1.2,1.5,10.0
0.15,True,0.25,37.300000000000004,0.9341095890410959,6819,117,1.2,1.5,10.0
0.15,True,0.5,61.60000000000001,0.9341095890410959,6819,117,1.2,1.5,10.0
0.15,True,0.75,100.94999999999999,0.9341095890410959,6819,117,1.2,1.5,10.0
0.0,False,0.25,52.15,0.5108785458551364,1855,118,1.2,1.5,10.0
0.0,False,0.5,90.8,0.5108785458551364,1855,118,1.2,1.5,10.0
0.0,False,0.75,163.3,0.5108785458551364,1855,118,1.2,1.5,10.0
0.0,True,0.25,50.87500000000001,0.4891214541448637,1776,118,1.2,1.5,10.0
0.0,True,0.5,89.44999999999999,0.4891214541448637,1776,118,1.2,1.5,10.0
0.0,True,0.75,163.6,0.4891214541448637,1776,118,1.2,1.5,10.0
0.03,False,0.25,47.6,0.36392536281962684,2633,118,1.2,1.5,10.0
0.03,False,0.5,87.7,0.36392536281962684,2633,118,1.2,1.5,10.0
0.03,False,0.75,154.60000000000002,0.36392536281962684,2633,118,1.2,1.5,10.0
0.03,True,0.25,48.6,0.6360746371803732,4602,118,1.2,1.5,10.0
0.03,True,0.5,87.75,0.6360746371803732,4602,118,1.2,1.5,10.0
0.03,True,0.75,157.10000000000002,0.6360746371803732,4602,118,1.2,1.5,10.0
0.06,False,0.25,46.400000000000006,0.23709475441769862,1704,118,1.2,1.5,10.0
0.06,False,0.5,83.75,0.23709475441769862,1704,118,1.2,1.5,10.0
0.06,False,0.75,145.79999999999998,0.23709475441769862,1704,118,1.2,1.5,10.0
0.06,True,0.25,47.300000000000004,0.7629052455823013,5483,118,1.2,1.5,10.0
0.06,True,0.5,83.7,0.7629052455823013,5483,118,1.2,1.5,10.0
0.06,True,0.75,146.7,0.7629052455823013,5483,118,1.2,1.5,10.0
0.09,False,0.25,41.8,0.1526913713822018,1129,118,1.2,1.5,10.0
0.09,False,0.5,69.99999999999999,0.1526913713822018,1129,118,1.2,1.5,10.0
0.09,False,0.75,121.50000000000001,0.1526913713822018,1129,118,1.2,1.5,10.0
0.09,True,0.25,44.100000000000016,0.8473086286177982,6265,118,1.2,1.5,10.0
0.09,True,0.5,76.3,0.8473086286177982,6265,118,1.2,1.5,10.0
0.09,True,0.75,130.4,0.8473086286177982,6265,118,1.2,1.5,10.0
0.12,False,0.25,37.900000000000006,0.09777347531461762,707,118,1.2,1.5,10.0
0.12,False,0.5,65.19999999999999,0.09777347531461762,707,118,1.2,1.5,10.0
0.12,False,0.75,105.9,0.09777347531461762,707,118,1.2,1.5,10.0
0.12,True,0.25,39.599999999999994,0.9022265246853823,6524,118,1.2,1.5,10.0
0.12,True,0.5,67.39999999999999,0.9022265246853823,6524,118,1.2,1.5,10.0
0.12,True,0.75,113.92500000000001,0.9022265246853823,6524,118,1.2,1.5,10.0
0.15,False,0.25,34.525000000000006,0.057534246575342465,420,118,1.2,1.5,10.0
0.15,False,0.5,57.8,0.057534246575342465,420,118,1.2,1.5,10.0
0.15,False,0.75,95.75,0.057534246575342465,420,118,1.2,1.5,10.0
0.15,True,0.25,37.2,0.9424657534246575,6880,118,1.2,1.5,10.0
0.15,True,0.5,60.60000000000001,0.9424657534246575,6880,118,1.2,1.5,10.0
0.15,True,0.75,98.10000000000001,0.9424657534246575,6880,118,1.2,1.5,10.0
0.0,False,0.25,51.100000000000016,0.48622589531680444,1765,120,1.2,1.5,10.0
0.0,False,0.5,92.5,0.48622589531680444,1765,120,1.2,1.5,10.0
0.0,False,0.75,164.3,0.48622589531680444,1765,120,1.2,1.5,10.0
0.0,True,0.25,51.00000000000001,0.5137741046831956,1865,120,1.2,1.5,10.0
0.0,True,0.5,93.0,0.5137741046831956,1865,120,1.2,1.5,10.0
0.0,True,0.75,162.3,0.5137741046831956,1865,120,1.2,1.5,10.0
0.03,False,0.25,49.70000000000001,0.3713733075435203,2688,120,1.2,1.5,10.0
0.03,False,0.5,89.5,0.3713733075435203,2688,120,1.2,1.5,10.0
0.03,False,0.75,155.35000000000002,0.3713733075435203,2688,120,1.2,1.5,10.0
0.03,True,0.25,49.72500000000001,0.6286266924564797,4550,120,1.2,1.5,10.0
0.03,True,0.5,91.30000000000001,0.6286266924564797,4550,120,1.2,1.5,10.0
0.03,True,0.75,156.725,0.6286266924564797,4550,120,1.2,1.5,10.0
0.06,False,0.25,46.37500000000001,0.25542570951585974,1836,120,1.2,1.5,10.0
0.06,False,0.5,86.20000000000002,0.25542570951585974,1836,120,1.2,1.5,10.0
0.06,False,0.75,144.025,0.25542570951585974,1836,120,1.2,1.5,10.0
0.06,True,0.25,47.300000000000004,0.7445742904841403,5352,120,1.2,1.5,10.0
0.06,True,0.5,84.49999999999999,0.7445742904841403,5352,120,1.2,1.5,10.0
0.06,True,0.75,146.79999999999998,0.7445742904841403,5352,120,1.2,1.5,10.0
0.09,False,0.25,40.55,0.16380359799810632,1211,120,1.2,1.5,10.0
0.09,False,0.5,73.10000000000001,0.16380359799810632,1211,120,1.2,1.5,10.0
0.09,False,0.75,126.55000000000001,0.16380359799810632,1211,120,1.2,1.5,10.0
0.09,True,0.25,44.32500000000001,0.8361964020018937,6182,120,1.2,1.5,10.0
0.09,True,0.5,76.6,0.8361964020018937,6182,120,1.2,1.5,10.0
0.09,True,0.75,129.10000000000002,0.8361964020018937,6182,120,1.2,1.5,10.0
0.12,False,0.25,35.2,0.09251832388328032,669,120,1.2,1.5,10.0
0.12,False,0.5,65.39999999999999,0.09251832388328032,669,120,1.2,1.5,10.0
0.12,False,0.75,116.60000000000001,0.09251832388328032,669,120,1.2,1.5,10.0
0.12,True,0.25,41.4,0.9074816761167197,6562,120,1.2,1.5,10.0
0.12,True,0.5,69.55,0.9074816761167197,6562,120,1.2,1.5,10.0
0.12,True,0.75,116.5,0.9074816761167197,6562,120,1.2,1.5,10.0
0.15,False,0.25,32.875,0.056438356164383564,412,120,1.2,1.5,10.0
0.15,False,0.5,57.0,0.056438356164383564,412,120,1.2,1.5,10.0
0.15,False,0.75,96.675,0.056438356164383564,412,120,1.2,1.5,10.0
0.15,True,0.25,37.7,0.9435616438356165,6888,120,1.2,1.5,10.0
0.15,True,0.5,60.5,0.9435616438356165,6888,120,1.2,1.5,10.0
0.15,True,0.75,99.10000000000001,0.9435616438356165,6888,120,1.2,1.5,10.0
0.0,False,0.25,50.6,0.5013766519823789,1821,121,1.2,1.5,10.0
0.0,False,0.5,90.8,0.5013766519823789,1821,121,1.2,1.5,10.0
0.0,False,0.75,165.1,0.5013766519823789,1821,121,1.2,1.5,10.0
0.0,True,0.25,50.0,0.49862334801762115,1811,121,1.2,1.5,10.0
0.0,True,0.5,93.5,0.49862334801762115,1811,121,1.2,1.5,10.0
0.0,True,0.75,165.75,0.49862334801762115,1811,121,1.2,1.5,10.0
0.03,False,0.25,47.5,0.36655148583275743,2652,121,1.2,1.5,10.0
0.03,False,0.5,85.60000000000001,0.36655148583275743,2652,121,1.2,1.5,10.0
0.03,False,0.75,150.65,0.36655148583275743,2652,121,1.2,1.5,10.0
0.03,True,0.25,50.6,0.6334485141672426,4583,121,1.2,1.5,10.0
0.03,True,0.5,87.9,0.6334485141672426,4583,121,1.2,1.5,10.0
0.03,True,0.75,157.50000000000003,0.6334485141672426,4583,121,1.2,1.5,10.0
0.06,False,0.25,44.2,0.23998330550918198,1725,121,1.2,1.5,10.0
0.06,False,0.5,83.3,0.23998330550918198,1725,121,1.2,1.5,10.0
0.06,False,0.75,147.10000000000002,0.23998330550918198,1725,121,1.2,1.5,10.0
0.06,True,0.25,47.900000000000006,0.760016694490818,5463,121,1.2,1.5,10.0
0.06,True,0.5,85.1,0.760016694490818,5463,121,1.2,1.5,10.0
0.06,True,0.75,149.05,0.760016694490818,5463,121,1.2,1.5,10.0
0.09,False,0.25,41.25000000000001,0.15458479848525833,1143,121,1.2,1.5,10.0
0.09,False,0.5,74.69999999999999,0.15458479848525833,1143,121,1.2,1.5,10.0
0.09,False,0.75,124.9,0.15458479848525833,1143,121,1.2,1.5,10.0
0.09,True,0.25,43.100000000000016,0.8454152015147417,6251,121,1.2,1.5,10.0
0.09,True,0.5,75.69999999999999,0.8454152015147417,6251,121,1.2,1.5,10.0
0.09,True,0.75,133.5,0.8454152015147417,6251,121,1.2,1.5,10.0
0.12,False,0.25,37.375,0.09265661734199972,670,121,1.2,1.5,10.0
0.12,False,0.5,63.19999999999999,0.09265661734199972,670,121,1.2,1.5,10.0
0.12,False,0.75,112.25000000000001,0.09265661734199972,670,121,1.2,1.5,10.0
0.12,True,0.25,40.50000000000001,0.9073433826580003,6561,121,1.2,1.5,10.0
0.12,True,0.5,67.10000000000001,0.9073433826580003,6561,121,1.2,1.5,10.0
0.12,True,0.75,112.9,0.9073433826580003,6561,121,1.2,1.5,10.0
0.15,False,0.25,34.15,0.054657534246575344,399,121,1.2,1.5,10.0
0.15,False,0.5,56.099999999999994,0.054657534246575344,399,121,1.2,1.5,10.0
0.15,False,0.75,92.45,0.054657534246575344,399,121,1.2,1.5,10.0
0.15,True,0.25,38.300000000000004,0.9453424657534246,6901,121,1.2,1.5,10.0
0.15,True,0.5,62.39999999999999,0.9453424657534246,6901,121,1.2,1.5,10.0
0.15,True,0.75,100.89999999999999,0.9453424657534246,6901,121,1.2,1.5,10.0
0.0,False,0.25,50.2,0.5048249241797629,1831,123,1.2,1.5,10.0
0.0,False,0.5,89.1,0.5048249241797629,1831,123,1.2,1.5,10.0
0.0,False,0.75,155.7,0.5048249241797629,1831,123,1.2,1.5,10.0
0.0,True,0.25,53.074999999999996,0.4951750758202371,1796,123,1.2,1.5,10.0
0.0,True,0.5,90.80000000000001,0.4951750758202371,1796,123,1.2,1.5,10.0
0.0,True,0.75,163.72500000000002,0.4951750758202371,1796,123,1.2,1.5,10.0
0.03,False,0.25,48.800000000000004,0.36142580823431886,2616,123,1.2,1.5,10.0
0.03,False,0.5,85.85000000000001,0.36142580823431886,2616,123,1.2,1.5,10.0
0.03,False,0.75,155.95000000000002,0.36142580823431886,2616,123,1.2,1.5,10.0
0.03,True,0.25,47.6,0.6385741917656811,4622,123,1.2,1.5,10.0
0.03,True,0.5,89.19999999999999,0.6385741917656811,4622,123,1.2,1.5,10.0
0.03,True,0.75,153.675,0.6385741917656811,4622,123,1.2,1.5,10.0
0.06,False,0.25,45.100000000000016,0.24551397969119487,1765,123,1.2,1.5,10.0
0.06,False,0.5,82.1,0.24551397969119487,1765,123,1.2,1.5,10.0
0.06,False,0.75,143.7,0.24551397969119487,1765,123,1.2,1.5,10.0
0.06,True,0.25,46.900000000000006,0.7544860203088051,5424,123,1.2,1.5,10.0
0.06,True,0.5,82.95,0.7544860203088051,5424,123,1.2,1.5,10.0
0.06,True,0.75,146.3,0.7544860203088051,5424,123,1.2,1.5,10.0
0.09,False,0.25,40.375,0.1601081812035159,1184,123,1.2,1.5,10.0
0.09,False,0.5,70.39999999999999,0.1601081812035159,1184,123,1.2,1.5,10.0
0.09,False,0.75,123.425,0.1601081812035159,1184,123,1.2,1.5,10.0
0.09,True,0.25,43.70000000000001,0.8398918187964841,6211,123,1.2,1.5,10.0
0.09,True,0.5,74.30000000000001,0.8398918187964841,6211,123,1.2,1.5,10.0
0.09,True,0.75,128.6,0.8398918187964841,6211,123,1.2,1.5,10.0
0.12,False,0.25,39.99999999999999,0.09639054072742359,697,123,1.2,1.5,10.0
0.12,False,0.5,62.5,0.09639054072742359,697,123,1.2,1.5,10.0
0.12,False,0.75,109.00000000000001,0.09639054072742359,697,123,1.2,1.5,10.0
0.12,True,0.25,40.50000000000001,0.9036094592725764,6534,123,1.2,1.5,10.0
0.12,True,0.5,67.25,0.9036094592725764,6534,123,1.2,1.5,10.0
0.12,True,0.75,113.675,0.9036094592725764,6534,123,1.2,1.5,10.0
0.15,False,0.25,37.10000000000001,0.05671232876712329,414,123,1.2,1.5,10.0
0.15,False,0.5,62.59999999999999,0.05671232876712329,414,123,1.2,1.5,10.0
0.15,False,0.75,101.6,0.05671232876712329,414,123,1.2,1.5,10.0
0.15,True,0.25,37.425000000000004,0.9432876712328767,6886,123,1.2,1.5,10.0
0.15,True,0.5,60.3,0.9432876712328767,6886,123,1.2,1.5,10.0
0.15,True,0.75,100.27499999999999,0.9432876712328767,6886,123,1.2,1.5,10.0
0.0,False,0.25,49.20000000000001,0.49903554698263985,1811,127,1.2,1.5,10.0
0.0,False,0.5,91.1,0.49903554698263985,1811,127,1.2,1.5,10.0
0.0,False,0.75,158.8,0.49903554698263985,1811,127,1.2,1.5,10.0
0.0,True,0.25,51.625,0.5009644530173601,1818,127,1.2,1.5,10.0
0.0,True,0.5,93.05000000000001,0.5009644530173601,1818,127,1.2,1.5,10.0
0.0,True,0.75,162.775,0.5009644530173601,1818,127,1.2,1.5,10.0
0.03,False,0.25,49.22500000000001,0.3551195246649164,2570,127,1.2,1.5,10.0
0.03,False,0.5,88.5,0.3551195246649164,2570,127,1.2,1.5,10.0
0.03,False,0.75,153.975,0.3551195246649164,2570,127,1.2,1.5,10.0
0.03,True,0.25,51.00000000000001,0.6448804753350836,4667,127,1.2,1.5,10.0
0.03,True,0.5,91.59999999999998,0.6448804753350836,4667,127,1.2,1.5,10.0
0.03,True,0.75,158.20000000000002,0.6448804753350836,4667,127,1.2,1.5,10.0
0.06,False,0.25,45.500000000000014,0.25406984833727564,1826,127,1.2,1.5,10.0
0.06,False,0.5,82.75,0.25406984833727564,1826,127,1.2,1.5,10.0
0.06,False,0.75,139.7,0.25406984833727564,1826,127,1.2,1.5,10.0
0.06,True,0.25,47.6,0.7459301516627244,5361,127,1.2,1.5,10.0
0.06,True,0.5,84.0,0.7459301516627244,5361,127,1.2,1.5,10.0
0.06,True,0.75,146.9,0.7459301516627244,5361,127,1.2,1.5,10.0
0.09,False,0.25,44.05000000000001,0.15906938996347897,1176,127,1.2,1.5,10.0
0.09,False,0.5,77.89999999999999,0.15906938996347897,1176,127,1.2,1.5,10.0
0.09,False,0.75,132.175,0.15906938996347897,1176,127,1.2,1.5,10.0
0.09,True,0.25,44.8,0.840930610036521,6217,127,1.2,1.5,10.0
0.09,True,0.5,76.80000000000001,0.840930610036521,6217,127,1.2,1.5,10.0
0.09,True,0.75,129.4,0.840930610036521,6217,127,1.2,1.5,10.0
0.12,False,0.25,39.349999999999994,0.09737206085753804,704,127,1.2,1.5,10.0
0.12,False,0.5,65.0,0.09737206085753804,704,127,1.2,1.5,10.0
0.12,False,0.75,108.525,0.09737206085753804,704,127,1.2,1.5,10.0
0.12,True,0.25,40.4,0.902627939142462,6526,127,1.2,1.5,10.0
0.12,True,0.5,67.99999999999999,0.902627939142462,6526,127,1.2,1.5,10.0
0.12,True,0.75,113.97500000000001,0.902627939142462,6526,127,1.2,1.5,10.0
0.15,False,0.25,37.175000000000004,0.05698630136986301,416,127,1.2,1.5,10.0
0.15,False,0.5,62.24999999999999,0.05698630136986301,416,127,1.2,1.5,10.0
0.15,False,0.75,102.125,0.05698630136986301,416,127,1.2,1.5,10.0
0.15,True,0.25,37.10000000000001,0.943013698630137,6884,127,1.2,1.5,10.0
0.15,True,0.5,61.79999999999999,0.943013698630137,6884,127,1.2,1.5,10.0
0.15,True,0.75,100.29999999999998,0.943013698630137,6884,127,1.2,1.5,10.0
0.0,False,0.25,47.6,0.49917400881057267,1813,134,1.2,1.5,10.0
0.0,False,0.5,88.7,0.49917400881057267,1813,134,1.2,1.5,10.0
0.0,False,0.75,164.3,0.49917400881057267,1813,134,1.2,1.5,10.0
0.0,True,0.25,49.95,0.5008259911894273,1819,134,1.2,1.5,10.0
0.0,True,0.5,91.30000000000001,0.5008259911894273,1819,134,1.2,1.5,10.0
0.0,True,0.75,157.2,0.5008259911894273,1819,134,1.2,1.5,10.0
0.03,False,0.25,49.20000000000001,0.3584462261542715,2593,134,1.2,1.5,10.0
0.03,False,0.5,87.7,0.3584462261542715,2593,134,1.2,1.5,10.0
0.03,False,0.75,154.70000000000002,0.3584462261542715,2593,134,1.2,1.5,10.0
0.03,True,0.25,49.800000000000004,0.6415537738457285,4641,134,1.2,1.5,10.0
0.03,True,0.5,92.39999999999999,0.6415537738457285,4641,134,1.2,1.5,10.0
0.03,True,0.75,159.60000000000002,0.6415537738457285,4641,134,1.2,1.5,10.0
0.06,False,0.25,44.90000000000001,0.2476349471341124,1780,134,1.2,1.5,10.0
0.06,False,0.5,80.1,0.2476349471341124,1780,134,1.2,1.5,10.0
0.06,False,0.75,141.95,0.2476349471341124,1780,134,1.2,1.5,10.0
0.06,True,0.25,47.975,0.7523650528658876,5408,134,1.2,1.5,10.0
0.06,True,0.5,85.3,0.7523650528658876,5408,134,1.2,1.5,10.0
0.06,True,0.75,142.20000000000002,0.7523650528658876,5408,134,1.2,1.5,10.0
0.09,False,0.25,41.425,0.1603786342123056,1186,134,1.2,1.5,10.0
0.09,False,0.5,70.85,0.1603786342123056,1186,134,1.2,1.5,10.0
0.09,False,0.75,121.25000000000001,0.1603786342123056,1186,134,1.2,1.5,10.0
0.09,True,0.25,43.70000000000001,0.8396213657876944,6209,134,1.2,1.5,10.0
0.09,True,0.5,75.6,0.8396213657876944,6209,134,1.2,1.5,10.0
0.09,True,0.75,128.70000000000002,0.8396213657876944,6209,134,1.2,1.5,10.0
0.12,False,0.25,38.85000000000001,0.0966804979253112,699,134,1.2,1.5,10.0
0.12,False,0.5,64.3,0.0966804979253112,699,134,1.2,1.5,10.0
0.12,False,0.75,109.35000000000001,0.0966804979253112,699,134,1.2,1.5,10.0
0.12,True,0.25,40.50000000000001,0.9033195020746888,6531,134,1.2,1.5,10.0
0.12,True,0.5,67.2,0.9033195020746888,6531,134,1.2,1.5,10.0
0.12,True,0.75,113.9,0.9033195020746888,6531,134,1.2,1.5,10.0
0.15,False,0.25,35.800000000000004,0.05945205479452055,434,134,1.2,1.5,10.0
0.15,False,0.5,57.25,0.05945205479452055,434,134,1.2,1.5,10.0
0.15,False,0.75,96.8,0.05945205479452055,434,134,1.2,1.5,10.0
0.15,True,0.25,37.225,0.9405479452054795,6866,134,1.2,1.5,10.0
0.15,True,0.5,60.400000000000006,0.9405479452054795,6866,134,1.2,1.5,10.0
0.15,True,0.75,99.075,0.9405479452054795,6866,134,1.2,1.5,10.0
0.0,False,0.25,49.800000000000004,0.5074339207048458,1843,135,1.2,1.5,10.0
0.0,False,0.5,89.0,0.5074339207048458,1843,135,1.2,1.5,10.0
0.0,False,0.75,163.35000000000002,0.5074339207048458,1843,135,1.2,1.5,10.0
0.0,True,0.25,51.2,0.49256607929515417,1789,135,1.2,1.5,10.0
0.0,True,0.5,93.19999999999999,0.49256607929515417,1789,135,1.2,1.5,10.0
0.0,True,0.75,160.1,0.49256607929515417,1789,135,1.2,1.5,10.0
0.03,False,0.25,48.1,0.3622667588113338,2621,135,1.2,1.5,10.0
0.03,False,0.5,88.7,0.3622667588113338,2621,135,1.2,1.5,10.0
0.03,False,0.75,154.10000000000002,0.3622667588113338,2621,135,1.2,1.5,10.0
0.03,True,0.25,48.1,0.6377332411886663,4614,135,1.2,1.5,10.0
0.03,True,0.5,84.7,0.6377332411886663,4614,135,1.2,1.5,10.0
0.03,True,0.75,151.2,0.6377332411886663,4614,135,1.2,1.5,10.0
0.06,False,0.25,48.800000000000004,0.23612077361903436,1697,135,1.2,1.5,10.0
0.06,False,0.5,86.5,0.23612077361903436,1697,135,1.2,1.5,10.0
0.06,False,0.75,145.3,0.23612077361903436,1697,135,1.2,1.5,10.0
0.06,True,0.25,48.425000000000004,0.7638792263809656,5490,135,1.2,1.5,10.0
0.06,True,0.5,85.4,0.7638792263809656,5490,135,1.2,1.5,10.0
0.06,True,0.75,147.77499999999998,0.7638792263809656,5490,135,1.2,1.5,10.0
0.09,False,0.25,43.47500000000001,0.15578093306288032,1152,135,1.2,1.5,10.0
0.09,False,0.5,72.70000000000002,0.15578093306288032,1152,135,1.2,1.5,10.0
0.09,False,0.75,123.55000000000001,0.15578093306288032,1152,135,1.2,1.5,10.0
0.09,True,0.25,45.2,0.8442190669371197,6243,135,1.2,1.5,10.0
0.09,True,0.5,76.69999999999999,0.8442190669371197,6243,135,1.2,1.5,10.0
0.09,True,0.75,130.4,0.8442190669371197,6243,135,1.2,1.5,10.0
0.12,False,0.25,36.60000000000001,0.09334808463559674,675,135,1.2,1.5,10.0
0.12,False,0.5,66.7,0.09334808463559674,675,135,1.2,1.5,10.0
0.12,False,0.75,114.05000000000001,0.09334808463559674,675,135,1.2,1.5,10.0
0.12,True,0.25,40.10000000000001,0.9066519153644033,6556,135,1.2,1.5,10.0
0.12,True,0.5,67.8,0.9066519153644033,6556,135,1.2,1.5,10.0
0.12,True,0.75,114.80000000000001,0.9066519153644033,6556,135,1.2,1.5,10.0
0.15,False,0.25,35.3,0.053561643835616436,391,135,1.2,1.5,10.0
0.15,False,0.5,59.1,0.053561643835616436,391,135,1.2,1.5,10.0
0.15,False,0.75,96.95000000000002,0.053561643835616436,391,135,1.2,1.5,10.0
0.15,True,0.25,36.800000000000004,0.9464383561643835,6909,135,1.2,1.5,10.0
0.15,True,0.5,60.800000000000004,0.9464383561643835,6909,135,1.2,1.5,10.0
0.15,True,0.75,100.1,0.9464383561643835,6909,135,1.2,1.5,10.0
0.0,False,0.25,48.25000000000001,0.49765775695783965,1806,152,1.2,1.5,10.0
0.0,False,0.5,90.94999999999999,0.49765775695783965,1806,152,1.2,1.5,10.0
0.0,False,0.75,167.15,0.49765775695783965,1806,152,1.2,1.5,10.0
0.0,True,0.25,49.400000000000006,0.5023422430421604,1823,152,1.2,1.5,10.0
0.0,True,0.5,91.0,0.5023422430421604,1823,152,1.2,1.5,10.0
0.0,True,0.75,166.40000000000003,0.5023422430421604,1823,152,1.2,1.5,10.0
0.03,False,0.25,48.6,0.3563631338952605,2579,152,1.2,1.5,10.0
0.03,False,0.5,87.59999999999998,0.3563631338952605,2579,152,1.2,1.5,10.0
0.03,False,0.75,152.3,0.3563631338952605,2579,152,1.2,1.5,10.0
0.03,True,0.25,47.6,0.6436368661047396,4658,152,1.2,1.5,10.0
0.03,True,0.5,87.54999999999998,0.6436368661047396,4658,152,1.2,1.5,10.0
0.03,True,0.75,155.07500000000002,0.6436368661047396,4658,152,1.2,1.5,10.0
0.06,False,0.25,46.2,0.25260815134232856,1816,152,1.2,1.5,10.0
0.06,False,0.5,81.69999999999999,0.25260815134232856,1816,152,1.2,1.5,10.0
0.06,False,0.75,143.075,0.25260815134232856,1816,152,1.2,1.5,10.0
0.06,True,0.25,47.7,0.7473918486576714,5373,152,1.2,1.5,10.0
0.06,True,0.5,83.60000000000001,0.7473918486576714,5373,152,1.2,1.5,10.0
0.06,True,0.75,144.1,0.7473918486576714,5373,152,1.2,1.5,10.0
0.09,False,0.25,44.2,0.15050709939148074,1113,152,1.2,1.5,10.0
0.09,False,0.5,72.50000000000001,0.15050709939148074,1113,152,1.2,1.5,10.0
0.09,False,0.75,129.10000000000002,0.15050709939148074,1113,152,1.2,1.5,10.0
0.09,True,0.25,44.125000000000014,0.8494929006085192,6282,152,1.2,1.5,10.0
0.09,True,0.5,77.3,0.8494929006085192,6282,152,1.2,1.5,10.0
0.09,True,0.75,132.075,0.8494929006085192,6282,152,1.2,1.5,10.0
0.12,False,0.25,38.80000000000001,0.09529737206085753,689,152,1.2,1.5,10.0
0.12,False,0.5,66.39999999999999,0.09529737206085753,689,152,1.2,1.5,10.0
0.12,False,0.75,115.60000000000001,0.09529737206085753,689,152,1.2,1.5,10.0
0.12,True,0.25,40.4,0.9047026279391425,6541,152,1.2,1.5,10.0
0.12,True,0.5,67.99999999999999,0.9047026279391425,6541,152,1.2,1.5,10.0
0.12,True,0.75,113.80000000000001,0.9047026279391425,6541,152,1.2,1.5,10.0
0.15,False,0.25,34.75,0.057945205479452054,423,152,1.2,1.5,10.0
0.15,False,0.5,58.400000000000006,0.057945205479452054,423,152,1.2,1.5,10.0
0.15,False,0.75,102.45,0.057945205479452054,423,152,1.2,1.5,10.0
0.15,True,0.25,37.00000000000001,0.942054794520548,6877,152,1.2,1.5,10.0
0.15,True,0.5,61.000000000000014,0.942054794520548,6877,152,1.2,1.5,10.0
0.15,True,0.75,97.90000000000002,0.942054794520548,6877,152,1.2,1.5,10.0
0.0,False,0.25,49.075,0.4980716253443526,1808,156,1.2,1.5,10.0
0.0,False,0.5,90.35,0.4980716253443526,1808,156,1.2,1.5,10.0
0.0,False,0.75,158.825,0.4980716253443526,1808,156,1.2,1.5,10.0
0.0,True,0.25,51.8,0.5019283746556474,1822,156,1.2,1.5,10.0
0.0,True,0.5,91.6,0.5019283746556474,1822,156,1.2,1.5,10.0
0.0,True,0.75,162.95,0.5019283746556474,1822,156,1.2,1.5,10.0
0.03,False,0.25,48.900000000000006,0.3630458817025981,2627,156,1.2,1.5,10.0
0.03,False,0.5,88.39999999999999,0.3630458817025981,2627,156,1.2,1.5,10.0
0.03,False,0.75,164.75,0.3630458817025981,2627,156,1.2,1.5,10.0
0.03,True,0.25,50.4,0.6369541182974019,4609,156,1.2,1.5,10.0
0.03,True,0.5,90.39999999999999,0.6369541182974019,4609,156,1.2,1.5,10.0
0.03,True,0.75,159.70000000000002,0.6369541182974019,4609,156,1.2,1.5,10.0
0.06,False,0.25,47.7,0.23639905384722415,1699,156,1.2,1.5,10.0
0.06,False,0.5,84.7,0.23639905384722415,1699,156,1.2,1.5,10.0
0.06,False,0.75,144.7,0.23639905384722415,1699,156,1.2,1.5,10.0
0.06,True,0.25,46.675000000000004,0.7636009461527759,5488,156,1.2,1.5,10.0
0.06,True,0.5,81.9,0.7636009461527759,5488,156,1.2,1.5,10.0
0.06,True,0.75,143.7,0.7636009461527759,5488,156,1.2,1.5,10.0
0.09,False,0.25,43.30000000000001,0.15578093306288032,1152,156,1.2,1.5,10.0
0.09,False,0.5,72.8,0.15578093306288032,1152,156,1.2,1.5,10.0
0.09,False,0.75,122.97500000000001,0.15578093306288032,1152,156,1.2,1.5,10.0
0.09,True,0.25,44.0,0.8442190669371197,6243,156,1.2,1.5,10.0
0.09,True,0.5,76.39999999999999,0.8442190669371197,6243,156,1.2,1.5,10.0
0.09,True,0.75,129.10000000000002,0.8442190669371197,6243,156,1.2,1.5,10.0
0.12,False,0.25,40.574999999999996,0.09238003042456092,668,156,1.2,1.5,10.0
0.12,False,0.5,68.2,0.09238003042456092,668,156,1.2,1.5,10.0
0.12,False,0.75,110.05,0.09238003042456092,668,156,1.2,1.5,10.0
0.12,True,0.25,41.70000000000001,0.9076199695754391,6563,156,1.2,1.5,10.0
0.12,True,0.5,68.8,0.9076199695754391,6563,156,1.2,1.5,10.0
0.12,True,0.75,112.45000000000002,0.9076199695754391,6563,156,1.2,1.5,10.0
0.15,False,0.25,34.275000000000006,0.0589041095890411,430,156,1.2,1.5,10.0
0.15,False,0.5,56.00000000000001,0.0589041095890411,430,156,1.2,1.5,10.0
0.15,False,0.75,97.70000000000002,0.0589041095890411,430,156,1.2,1.5,10.0
0.15,True,0.25,37.10000000000001,0.9410958904109589,6870,156,1.2,1.5,10.0
0.15,True,0.5,60.550000000000004,0.9410958904109589,6870,156,1.2,1.5,10.0
0.15,True,0.75,98.57499999999999,0.9410958904109589,6870,156,1.2,1.5,10.0
0.0,False,0.25,48.70000000000001,0.5008264462809917,1818,158,1.2,1.5,10.0
0.0,False,0.5,90.49999999999999,0.5008264462809917,1818,158,1.2,1.5,10.0
0.0,False,0.75,156.15,0.5008264462809917,1818,158,1.2,1.5,10.0
0.0,True,0.25,49.400000000000006,0.4991735537190083,1812,158,1.2,1.5,10.0
0.0,True,0.5,92.39999999999999,0.4991735537190083,1812,158,1.2,1.5,10.0
0.0,True,0.75,167.77500000000003,0.4991735537190083,1812,158,1.2,1.5,10.0
0.03,False,0.25,48.0,0.36230482244023765,2622,158,1.2,1.5,10.0
0.03,False,0.5,87.79999999999998,0.36230482244023765,2622,158,1.2,1.5,10.0
0.03,False,0.75,154.79999999999998,0.36230482244023765,2622,158,1.2,1.5,10.0
0.03,True,0.25,48.800000000000004,0.6376951775597623,4615,158,1.2,1.5,10.0
0.03,True,0.5,86.1,0.6376951775597623,4615,158,1.2,1.5,10.0
0.03,True,0.75,154.79999999999998,0.6376951775597623,4615,158,1.2,1.5,10.0
0.06,False,0.25,44.0,0.2409571508069004,1732,158,1.2,1.5,10.0
0.06,False,0.5,77.85,0.2409571508069004,1732,158,1.2,1.5,10.0
0.06,False,0.75,138.725,0.2409571508069004,1732,158,1.2,1.5,10.0
0.06,True,0.25,45.900000000000006,0.7590428491930996,5456,158,1.2,1.5,10.0
0.06,True,0.5,83.44999999999999,0.7590428491930996,5456,158,1.2,1.5,10.0
0.06,True,0.75,143.42500000000004,0.7590428491930996,5456,158,1.2,1.5,10.0
0.09,False,0.25,41.8,0.15537525354969575,1149,158,1.2,1.5,10.0
0.09,False,0.5,73.10000000000001,0.15537525354969575,1149,158,1.2,1.5,10.0
0.09,False,0.75,122.30000000000001,0.15537525354969575,1149,158,1.2,1.5,10.0
0.09,True,0.25,43.30000000000001,0.8446247464503043,6246,158,1.2,1.5,10.0
0.09,True,0.5,75.89999999999999,0.8446247464503043,6246,158,1.2,1.5,10.0
0.09,True,0.75,131.30000000000004,0.8446247464503043,6246,158,1.2,1.5,10.0
0.12,False,0.25,37.97500000000001,0.09818835569077583,710,158,1.2,1.5,10.0
0.12,False,0.5,64.5,0.09818835569077583,710,158,1.2,1.5,10.0
0.12,False,0.75,102.77499999999999,0.09818835569077583,710,158,1.2,1.5,10.0
0.12,True,0.25,40.99999999999999,0.9018116443092242,6521,158,1.2,1.5,10.0
0.12,True,0.5,69.10000000000001,0.9018116443092242,6521,158,1.2,1.5,10.0
0.12,True,0.75,113.9,0.9018116443092242,6521,158,1.2,1.5,10.0
0.15,False,0.25,32.35000000000001,0.05780821917808219,422,158,1.2,1.5,10.0
0.15,False,0.5,59.800000000000004,0.05780821917808219,422,158,1.2,1.5,10.0
0.15,False,0.75,102.625,0.05780821917808219,422,158,1.2,1.5,10.0
0.15,True,0.25,37.300000000000004,0.9421917808219178,6878,158,1.2,1.5,10.0
0.15,True,0.5,59.75,0.9421917808219178,6878,158,1.2,1.5,10.0
0.15,True,0.75,97.8,0.9421917808219178,6878,158,1.2,1.5,10.0
0.0,False,0.25,50.95000000000001,0.4844395483337923,1759,163,1.2,1.5,10.0
0.0,False,0.5,89.9,0.4844395483337923,1759,163,1.2,1.5,10.0
0.0,False,0.75,159.65000000000003,0.4844395483337923,1759,163,1.2,1.5,10.0
0.0,True,0.25,51.175000000000004,0.5155604516662077,1872,163,1.2,1.5,10.0
0.0,True,0.5,92.14999999999999,0.5155604516662077,1872,163,1.2,1.5,10.0
0.0,True,0.75,160.975,0.5155604516662077,1872,163,1.2,1.5,10.0
0.03,False,0.25,50.0,0.37023217247097845,2679,163,1.2,1.5,10.0
0.03,False,0.5,89.1,0.37023217247097845,2679,163,1.2,1.5,10.0
0.03,False,0.75,156.2,0.37023217247097845,2679,163,1.2,1.5,10.0
0.03,True,0.25,49.300000000000004,0.6297678275290216,4557,163,1.2,1.5,10.0
0.03,True,0.5,89.19999999999999,0.6297678275290216,4557,163,1.2,1.5,10.0
0.03,True,0.75,154.4,0.6297678275290216,4557,163,1.2,1.5,10.0
0.06,False,0.25,45.2,0.24631227386585025,1770,163,1.2,1.5,10.0
0.06,False,0.5,80.9,0.24631227386585025,1770,163,1.2,1.5,10.0
0.06,False,0.75,139.975,0.24631227386585025,1770,163,1.2,1.5,10.0
0.06,True,0.25,48.17500000000001,0.7536877261341497,5416,163,1.2,1.5,10.0
0.06,True,0.5,85.05,0.7536877261341497,5416,163,1.2,1.5,10.0
0.06,True,0.75,145.0,0.7536877261341497,5416,163,1.2,1.5,10.0
0.09,False,0.25,42.5,0.15877738707059777,1174,163,1.2,1.5,10.0
0.09,False,0.5,74.54999999999998,0.15877738707059777,1174,163,1.2,1.5,10.0
0.09,False,0.75,128.3,0.15877738707059777,1174,163,1.2,1.5,10.0
0.09,True,0.25,43.6,0.8412226129294023,6220,163,1.2,1.5,10.0
0.09,True,0.5,78.1,0.8412226129294023,6220,163,1.2,1.5,10.0
0.09,True,0.75,132.5,0.8412226129294023,6220,163,1.2,1.5,10.0
0.12,False,0.25,37.275000000000006,0.09514589959894897,688,163,1.2,1.5,10.0
0.12,False,0.5,63.199999999999996,0.09514589959894897,688,163,1.2,1.5,10.0
0.12,False,0.75,112.55,0.09514589959894897,688,163,1.2,1.5,10.0
0.12,True,0.25,41.05,0.9048541004010511,6543,163,1.2,1.5,10.0
0.12,True,0.5,68.6,0.9048541004010511,6543,163,1.2,1.5,10.0
0.12,True,0.75,113.10000000000001,0.9048541004010511,6543,163,1.2,1.5,10.0
0.15,False,0.25,35.775000000000006,0.05808219178082192,424,163,1.2,1.5,10.0
0.15,False,0.5,57.0,0.05808219178082192,424,163,1.2,1.5,10.0
0.15,False,0.75,94.75,0.05808219178082192,424,163,1.2,1.5,10.0
0.15,True,0.25,38.10000000000001,0.941917808219178,6876,163,1.2,1.5,10.0
0.15,True,0.5,62.1,0.941917808219178,6876,163,1.2,1.5,10.0
0.15,True,0.75,100.45,0.941917808219178,6876,163,1.2,1.5,10.0
0.0,False,0.25,51.2,0.4977973568281938,1808,164,1.2,1.5,10.0
0.0,False,0.5,91.8,0.4977973568281938,1808,164,1.2,1.5,10.0
0.0,False,0.75,166.2,0.4977973568281938,1808,164,1.2,1.5,10.0
0.0,True,0.25,50.90000000000001,0.5022026431718062,1824,164,1.2,1.5,10.0
0.0,True,0.5,91.05,0.5022026431718062,1824,164,1.2,1.5,10.0
0.0,True,0.75,158.825,0.5022026431718062,1824,164,1.2,1.5,10.0
0.03,False,0.25,50.550000000000004,0.36636263128800445,2651,164,1.2,1.5,10.0
0.03,False,0.5,89.39999999999999,0.36636263128800445,2651,164,1.2,1.5,10.0
0.03,False,0.75,159.60000000000002,0.36636263128800445,2651,164,1.2,1.5,10.0
0.03,True,0.25,48.70000000000001,0.6336373687119956,4585,164,1.2,1.5,10.0
0.03,True,0.5,89.19999999999999,0.6336373687119956,4585,164,1.2,1.5,10.0
0.03,True,0.75,157.50000000000003,0.6336373687119956,4585,164,1.2,1.5,10.0
0.06,False,0.25,47.400000000000006,0.2377573734001113,1709,164,1.2,1.5,10.0
0.06,False,0.5,84.3,0.2377573734001113,1709,164,1.2,1.5,10.0
0.06,False,0.75,146.3,0.2377573734001113,1709,164,1.2,1.5,10.0
0.06,True,0.25,46.5,0.7622426265998887,5479,164,1.2,1.5,10.0
0.06,True,0.5,83.80000000000001,0.7622426265998887,5479,164,1.2,1.5,10.0
0.06,True,0.75,145.0,0.7622426265998887,5479,164,1.2,1.5,10.0
0.09,False,0.25,40.75,0.1551257776575602,1147,164,1.2,1.5,10.0
0.09,False,0.5,74.10000000000001,0.1551257776575602,1147,164,1.2,1.5,10.0
0.09,False,0.75,128.05,0.1551257776575602,1147,164,1.2,1.5,10.0
0.09,True,0.25,44.100000000000016,0.8448742223424398,6247,164,1.2,1.5,10.0
0.09,True,0.5,75.89999999999999,0.8448742223424398,6247,164,1.2,1.5,10.0
0.09,True,0.75,131.4,0.8448742223424398,6247,164,1.2,1.5,10.0
0.12,False,0.25,40.95,0.09168856313096391,663,164,1.2,1.5,10.0
0.12,False,0.5,65.10000000000001,0.09168856313096391,663,164,1.2,1.5,10.0
0.12,False,0.75,108.95,0.09168856313096391,663,164,1.2,1.5,10.0
0.12,True,0.25,40.50000000000001,0.9083114368690361,6568,164,1.2,1.5,10.0
0.12,True,0.5,67.70000000000002,0.9083114368690361,6568,164,1.2,1.5,10.0
0.12,True,0.75,112.60000000000001,0.9083114368690361,6568,164,1.2,1.5,10.0
0.15,False,0.25,34.6,0.05849315068493151,427,164,1.2,1.5,10.0
0.15,False,0.5,57.800000000000004,0.05849315068493151,427,164,1.2,1.5,10.0
0.15,False,0.75,96.55,0.05849315068493151,427,164,1.2,1.5,10.0
0.15,True,0.25,37.7,0.9415068493150685,6873,164,1.2,1.5,10.0
0.15,True,0.5,60.60000000000001,0.9415068493150685,6873,164,1.2,1.5,10.0
0.15,True,0.75,99.70000000000002,0.9415068493150685,6873,164,1.2,1.5,10.0
0.0,False,0.25,49.60000000000001,0.49091409691629956,1783,165,1.2,1.5,10.0
0.0,False,0.5,89.19999999999999,0.49091409691629956,1783,165,1.2,1.5,10.0
0.0,False,0.75,153.25,0.49091409691629956,1783,165,1.2,1.5,10.0
0.0,True,0.25,51.30000000000001,0.5090859030837004,1849,165,1.2,1.5,10.0
0.0,True,0.5,90.7,0.5090859030837004,1849,165,1.2,1.5,10.0
0.0,True,0.75,159.5,0.5090859030837004,1849,165,1.2,1.5,10.0
0.03,False,0.25,49.075,0.35830799004700026,2592,165,1.2,1.5,10.0
0.03,False,0.5,89.39999999999999,0.35830799004700026,2592,165,1.2,1.5,10.0
0.03,False,0.75,157.15,0.35830799004700026,2592,165,1.2,1.5,10.0
0.03,True,0.25,47.800000000000004,0.6416920099529997,4642,165,1.2,1.5,10.0
0.03,True,0.5,89.25,0.6416920099529997,4642,165,1.2,1.5,10.0
0.03,True,0.75,157.79999999999998,0.6416920099529997,4642,165,1.2,1.5,10.0
0.06,False,0.25,45.400000000000006,0.24652198107957707,1772,165,1.2,1.5,10.0
0.06,False,0.5,80.2,0.24652198107957707,1772,165,1.2,1.5,10.0
0.06,False,0.75,148.625,0.24652198107957707,1772,165,1.2,1.5,10.0
0.06,True,0.25,47.900000000000006,0.7534780189204229,5416,165,1.2,1.5,10.0
0.06,True,0.5,81.80000000000001,0.7534780189204229,5416,165,1.2,1.5,10.0
0.06,True,0.75,146.15,0.7534780189204229,5416,165,1.2,1.5,10.0
0.09,False,0.25,41.30000000000001,0.16024340770791076,1185,165,1.2,1.5,10.0
0.09,False,0.5,72.50000000000001,0.16024340770791076,1185,165,1.2,1.5,10.0
0.09,False,0.75,127.2,0.16024340770791076,1185,165,1.2,1.5,10.0
0.09,True,0.25,44.2,0.8397565922920892,6210,165,1.2,1.5,10.0
0.09,True,0.5,75.94999999999999,0.8397565922920892,6210,165,1.2,1.5,10.0
0.09,True,0.75,127.90000000000002,0.8397565922920892,6210,165,1.2,1.5,10.0
0.12,False,0.25,41.30000000000001,0.09196515004840271,665,165,1.2,1.5,10.0
0.12,False,0.5,69.3,0.09196515004840271,665,165,1.2,1.5,10.0
0.12,False,0.75,110.4,0.09196515004840271,665,165,1.2,1.5,10.0
0.12,True,0.25,40.2,0.9080348499515973,6566,165,1.2,1.5,10.0
0.12,True,0.5,67.70000000000002,0.9080348499515973,6566,165,1.2,1.5,10.0
0.12,True,0.75,114.575,0.9080348499515973,6566,165,1.2,1.5,10.0
0.15,False,0.25,32.1,0.05767123287671233,421,165,1.2,1.5,10.0
0.15,False,0.5,57.1,0.05767123287671233,421,165,1.2,1.5,10.0
0.15,False,0.75,91.1,0.05767123287671233,421,165,1.2,1.5,10.0
0.15,True,0.25,36.800000000000004,0.9423287671232877,6879,165,1.2,1.5,10.0
0.15,True,0.5,60.1,0.9423287671232877,6879,165,1.2,1.5,10.0
0.15,True,0.75,98.70000000000002,0.9423287671232877,6879,165,1.2,1.5,10.0
0.0,False,0.25,51.90000000000001,0.5104683195592287,1853,166,1.2,1.5,10.0
0.0,False,0.5,91.5,0.5104683195592287,1853,166,1.2,1.5,10.0
0.0,False,0.75,166.8,0.5104683195592287,1853,166,1.2,1.5,10.0
0.0,True,0.25,49.20000000000001,0.48953168044077133,1777,166,1.2,1.5,10.0
0.0,True,0.5,90.0,0.48953168044077133,1777,166,1.2,1.5,10.0
0.0,True,0.75,159.0,0.48953168044077133,1777,166,1.2,1.5,10.0
0.03,False,0.25,49.60000000000001,0.3569553805774278,2584,166,1.2,1.5,10.0
0.03,False,0.5,91.1,0.3569553805774278,2584,166,1.2,1.5,10.0
0.03,False,0.75,163.22500000000002,0.3569553805774278,2584,166,1.2,1.5,10.0
0.03,True,0.25,49.400000000000006,0.6430446194225722,4655,166,1.2,1.5,10.0
0.03,True,0.5,88.79999999999998,0.6430446194225722,4655,166,1.2,1.5,10.0
0.03,True,0.75,153.10000000000002,0.6430446194225722,4655,166,1.2,1.5,10.0
0.06,False,0.25,47.87500000000001,0.25271360979682717,1816,166,1.2,1.5,10.0
0.06,False,0.5,88.25,0.25271360979682717,1816,166,1.2,1.5,10.0
0.06,False,0.75,148.65,0.25271360979682717,1816,166,1.2,1.5,10.0
0.06,True,0.25,47.625,0.7472863902031729,5370,166,1.2,1.5,10.0
0.06,True,0.5,85.25,0.7472863902031729,5370,166,1.2,1.5,10.0
0.06,True,0.75,147.2,0.7472863902031729,5370,166,1.2,1.5,10.0
0.09,False,0.25,45.2,0.15821501014198783,1170,166,1.2,1.5,10.0
0.09,False,0.5,73.80000000000001,0.15821501014198783,1170,166,1.2,1.5,10.0
0.09,False,0.75,131.85000000000002,0.15821501014198783,1170,166,1.2,1.5,10.0
0.09,True,0.25,44.70000000000001,0.8417849898580122,6225,166,1.2,1.5,10.0
0.09,True,0.5,76.0,0.8417849898580122,6225,166,1.2,1.5,10.0
0.09,True,0.75,129.8,0.8417849898580122,6225,166,1.2,1.5,10.0
0.12,False,0.25,38.10000000000001,0.10607108283778177,767,166,1.2,1.5,10.0
0.12,False,0.5,64.5,0.10607108283778177,767,166,1.2,1.5,10.0
0.12,False,0.75,109.85,0.10607108283778177,767,166,1.2,1.5,10.0
0.12,True,0.25,40.70000000000001,0.8939289171622182,6464,166,1.2,1.5,10.0
0.12,True,0.5,69.05,0.8939289171622182,6464,166,1.2,1.5,10.0
0.12,True,0.75,113.00000000000001,0.8939289171622182,6464,166,1.2,1.5,10.0
0.15,False,0.25,33.5,0.061506849315068494,449,166,1.2,1.5,10.0
0.15,False,0.5,53.69999999999999,0.061506849315068494,449,166,1.2,1.5,10.0
0.15,False,0.75,89.19999999999999,0.061506849315068494,449,166,1.2,1.5,10.0
0.15,True,0.25,37.800000000000004,0.9384931506849316,6851,166,1.2,1.5,10.0
0.15,True,0.5,60.800000000000004,0.9384931506849316,6851,166,1.2,1.5,10.0
0.15,True,0.75,100.29999999999998,0.9384931506849316,6851,166,1.2,1.5,10.0
0.0,False,0.25,49.25,0.49834619625137816,1808,171,1.2,1.5,10.0
0.0,False,0.5,88.25,0.49834619625137816,1808,171,1.2,1.5,10.0
0.0,False,0.75,158.475,0.49834619625137816,1808,171,1.2,1.5,10.0
0.0,True,0.25,50.575,0.5016538037486218,1820,171,1.2,1.5,10.0
0.0,True,0.5,93.25,0.5016538037486218,1820,171,1.2,1.5,10.0
0.0,True,0.75,162.025,0.5016538037486218,1820,171,1.2,1.5,10.0
0.03,False,0.25,49.67500000000001,0.3639380530973451,2632,171,1.2,1.5,10.0
0.03,False,0.5,89.44999999999999,0.3639380530973451,2632,171,1.2,1.5,10.0
0.03,False,0.75,153.425,0.3639380530973451,2632,171,1.2,1.5,10.0
0.03,True,0.25,50.100000000000016,0.6360619469026548,4600,171,1.2,1.5,10.0
0.03,True,0.5,90.1,0.6360619469026548,4600,171,1.2,1.5,10.0
0.03,True,0.75,154.62500000000003,0.6360619469026548,4600,171,1.2,1.5,10.0
0.06,False,0.25,45.0,0.24721758486366166,1777,171,1.2,1.5,10.0
0.06,False,0.5,82.9,0.24721758486366166,1777,171,1.2,1.5,10.0
0.06,False,0.75,149.9,0.24721758486366166,1777,171,1.2,1.5,10.0
0.06,True,0.25,47.85000000000001,0.7527824151363384,5411,171,1.2,1.5,10.0
0.06,True,0.5,83.9,0.7527824151363384,5411,171,1.2,1.5,10.0
0.06,True,0.75,144.40000000000003,0.7527824151363384,5411,171,1.2,1.5,10.0
0.09,False,0.25,41.65,0.15607249120908845,1154,171,1.2,1.5,10.0
0.09,False,0.5,74.85,0.15607249120908845,1154,171,1.2,1.5,10.0
0.09,False,0.75,123.525,0.15607249120908845,1154,171,1.2,1.5,10.0
0.09,True,0.25,45.30000000000001,0.8439275087909115,6240,171,1.2,1.5,10.0
0.09,True,0.5,77.49999999999999,0.8439275087909115,6240,171,1.2,1.5,10.0
0.09,True,0.75,132.20000000000002,0.8439275087909115,6240,171,1.2,1.5,10.0
0.12,False,0.25,38.97500000000001,0.0912736827548057,660,171,1.2,1.5,10.0
0.12,False,0.5,63.29999999999999,0.0912736827548057,660,171,1.2,1.5,10.0
0.12,False,0.75,113.35,0.0912736827548057,660,171,1.2,1.5,10.0
0.12,True,0.25,40.25000000000001,0.9087263172451943,6571,171,1.2,1.5,10.0
0.12,True,0.5,67.9,0.9087263172451943,6571,171,1.2,1.5,10.0
0.12,True,0.75,112.80000000000001,0.9087263172451943,6571,171,1.2,1.5,10.0
0.15,False,0.25,36.45,0.0547945205479452,400,171,1.2,1.5,10.0
0.15,False,0.5,58.2,0.0547945205479452,400,171,1.2,1.5,10.0
0.15,False,0.75,94.375,0.0547945205479452,400,171,1.2,1.5,10.0
0.15,True,0.25,37.07500000000001,0.9452054794520548,6900,171,1.2,1.5,10.0
0.15,True,0.5,60.150000000000006,0.9452054794520548,6900,171,1.2,1.5,10.0
0.15,True,0.75,98.8,0.9452054794520548,6900,171,1.2,1.5,10.0
0.0,False,0.25,50.100000000000016,0.5013766519823789,1821,179,1.2,1.5,10.0
0.0,False,0.5,91.30000000000001,0.5013766519823789,1821,179,1.2,1.5,10.0
0.0,False,0.75,164.0,0.5013766519823789,1821,179,1.2,1.5,10.0
0.0,True,0.25,51.90000000000001,0.49862334801762115,1811,179,1.2,1.5,10.0
0.0,True,0.5,90.9,0.49862334801762115,1811,179,1.2,1.5,10.0
0.0,True,0.75,162.25,0.49862334801762115,1811,179,1.2,1.5,10.0
0.03,False,0.25,50.6,0.35816975393972905,2591,179,1.2,1.5,10.0
0.03,False,0.5,92.39999999999999,0.35816975393972905,2591,179,1.2,1.5,10.0
0.03,False,0.75,156.8,0.35816975393972905,2591,179,1.2,1.5,10.0
0.03,True,0.25,50.2,0.641830246060271,4643,179,1.2,1.5,10.0
0.03,True,0.5,91.19999999999999,0.641830246060271,4643,179,1.2,1.5,10.0
0.03,True,0.75,158.4,0.641830246060271,4643,179,1.2,1.5,10.0
0.06,False,0.25,45.500000000000014,0.24707846410684475,1776,179,1.2,1.5,10.0
0.06,False,0.5,81.44999999999999,0.24707846410684475,1776,179,1.2,1.5,10.0
0.06,False,0.75,150.025,0.24707846410684475,1776,179,1.2,1.5,10.0
0.06,True,0.25,47.475,0.7529215358931552,5412,179,1.2,1.5,10.0
0.06,True,0.5,82.80000000000001,0.7529215358931552,5412,179,1.2,1.5,10.0
0.06,True,0.75,144.7,0.7529215358931552,5412,179,1.2,1.5,10.0
0.09,False,0.25,42.50000000000001,0.15280594996619337,1130,179,1.2,1.5,10.0
0.09,False,0.5,73.15,0.15280594996619337,1130,179,1.2,1.5,10.0
0.09,False,0.75,125.2,0.15280594996619337,1130,179,1.2,1.5,10.0
0.09,True,0.25,44.500000000000014,0.8471940500338067,6265,179,1.2,1.5,10.0
0.09,True,0.5,77.0,0.8471940500338067,6265,179,1.2,1.5,10.0
0.09,True,0.75,130.10000000000002,0.8471940500338067,6265,179,1.2,1.5,10.0
0.12,False,0.25,38.400000000000006,0.09168856313096391,663,179,1.2,1.5,10.0
0.12,False,0.5,62.39999999999999,0.09168856313096391,663,179,1.2,1.5,10.0
0.12,False,0.75,106.55000000000001,0.09168856313096391,663,179,1.2,1.5,10.0
0.12,True,0.25,41.10000000000001,0.9083114368690361,6568,179,1.2,1.5,10.0
0.12,True,0.5,68.6,0.9083114368690361,6568,179,1.2,1.5,10.0
0.12,True,0.75,113.9,0.9083114368690361,6568,179,1.2,1.5,10.0
0.15,False,0.25,34.550000000000004,0.05082191780821918,371,179,1.2,1.5,10.0
0.15,False,0.5,58.1,0.05082191780821918,371,179,1.2,1.5,10.0
0.15,False,0.75,97.6,0.05082191780821918,371,179,1.2,1.5,10.0
0.15,True,0.25,36.900000000000006,0.9491780821917808,6929,179,1.2,1.5,10.0
0.15,True,0.5,60.699999999999996,0.9491780821917808,6929,179,1.2,1.5,10.0
0.15,True,0.75,97.8,0.9491780821917808,6929,179,1.2,1.5,10.0
0.0,False,0.25,54.025000000000006,0.4844309727197575,1758,180,1.2,1.5,10.0
0.0,False,0.5,95.0,0.4844309727197575,1758,180,1.2,1.5,10.0
0.0,False,0.75,168.47500000000002,0.4844309727197575,1758,180,1.2,1.5,10.0
0.0,True,0.25,53.00000000000001,0.5155690272802425,1871,180,1.2,1.5,10.0
0.0,True,0.5,92.9,0.5155690272802425,1871,180,1.2,1.5,10.0
0.0,True,0.75,166.85000000000002,0.5155690272802425,1871,180,1.2,1.5,10.0
0.03,False,0.25,50.4,0.3627816950089866,2624,180,1.2,1.5,10.0
0.03,False,0.5,88.79999999999998,0.3627816950089866,2624,180,1.2,1.5,10.0
0.03,False,0.75,156.9,0.3627816950089866,2624,180,1.2,1.5,10.0
0.03,True,0.25,49.0,0.6372183049910134,4609,180,1.2,1.5,10.0
0.03,True,0.5,90.8,0.6372183049910134,4609,180,1.2,1.5,10.0
0.03,True,0.75,158.70000000000002,0.6372183049910134,4609,180,1.2,1.5,10.0
0.06,False,0.25,44.52500000000001,0.24349519966606373,1750,180,1.2,1.5,10.0
0.06,False,0.5,79.65,0.24349519966606373,1750,180,1.2,1.5,10.0
0.06,False,0.75,138.6,0.24349519966606373,1750,180,1.2,1.5,10.0
0.06,True,0.25,48.20000000000001,0.7565048003339363,5437,180,1.2,1.5,10.0
0.06,True,0.5,85.49999999999999,0.7565048003339363,5437,180,1.2,1.5,10.0
0.06,True,0.75,147.60000000000002,0.7565048003339363,5437,180,1.2,1.5,10.0
0.09,False,0.25,42.875,0.15524002704530088,1148,180,1.2,1.5,10.0
0.09,False,0.5,75.6,0.15524002704530088,1148,180,1.2,1.5,10.0
0.09,False,0.75,127.17500000000001,0.15524002704530088,1148,180,1.2,1.5,10.0
0.09,True,0.25,44.2,0.8447599729546991,6247,180,1.2,1.5,10.0
0.09,True,0.5,76.39999999999999,0.8447599729546991,6247,180,1.2,1.5,10.0
0.09,True,0.75,130.45,0.8447599729546991,6247,180,1.2,1.5,10.0
0.12,False,0.25,37.050000000000004,0.096528834186143,698,180,1.2,1.5,10.0
0.12,False,0.5,63.55,0.096528834186143,698,180,1.2,1.5,10.0
0.12,False,0.75,104.45000000000002,0.096528834186143,698,180,1.2,1.5,10.0
0.12,True,0.25,39.99999999999999,0.903471165813857,6533,180,1.2,1.5,10.0
0.12,True,0.5,68.5,0.903471165813857,6533,180,1.2,1.5,10.0
0.12,True,0.75,114.10000000000001,0.903471165813857,6533,180,1.2,1.5,10.0
0.15,False,0.25,32.85,0.05958904109589041,435,180,1.2,1.5,10.0
0.15,False,0.5,55.099999999999994,0.05958904109589041,435,180,1.2,1.5,10.0
0.15,False,0.75,97.10000000000001,0.05958904109589041,435,180,1.2,1.5,10.0
0.15,True,0.25,38.400000000000006,0.9404109589041096,6865,180,1.2,1.5,10.0
0.15,True,0.5,62.7,0.9404109589041096,6865,180,1.2,1.5,10.0
0.15,True,0.75,100.6,0.9404109589041096,6865,180,1.2,1.5,10.0
0.0,False,0.25,48.05,0.5,1815,181,1.2,1.5,10.0
0.0,False,0.5,89.5,0.5,1815,181,1.2,1.5,10.0
0.0,False,0.75,162.35000000000002,0.5,1815,181,1.2,1.5,10.0
0.0,True,0.25,51.70000000000001,0.5,1815,181,1.2,1.5,10.0
0.0,True,0.5,93.8,0.5,1815,181,1.2,1.5,10.0
0.0,True,0.75,158.3,0.5,1815,181,1.2,1.5,10.0
0.03,False,0.25,49.975,0.36976647782230204,2676,181,1.2,1.5,10.0
0.03,False,0.5,88.44999999999999,0.36976647782230204,2676,181,1.2,1.5,10.0
0.03,False,0.75,153.52500000000003,0.36976647782230204,2676,181,1.2,1.5,10.0
0.03,True,0.25,49.400000000000006,0.6302335221776979,4561,181,1.2,1.5,10.0
0.03,True,0.5,89.8,0.6302335221776979,4561,181,1.2,1.5,10.0
0.03,True,0.75,156.4,0.6302335221776979,4561,181,1.2,1.5,10.0
0.06,False,0.25,47.400000000000006,0.24137451307735114,1735,181,1.2,1.5,10.0
0.06,False,0.5,84.4,0.24137451307735114,1735,181,1.2,1.5,10.0
0.06,False,0.75,142.85000000000002,0.24137451307735114,1735,181,1.2,1.5,10.0
0.06,True,0.25,48.0,0.7586254869226489,5453,181,1.2,1.5,10.0
0.06,True,0.5,83.9,0.7586254869226489,5453,181,1.2,1.5,10.0
0.06,True,0.75,146.0,0.7586254869226489,5453,181,1.2,1.5,10.0
0.09,False,0.25,41.2,0.15510480054090603,1147,181,1.2,1.5,10.0
0.09,False,0.5,72.70000000000002,0.15510480054090603,1147,181,1.2,1.5,10.0
0.09,False,0.75,119.0,0.15510480054090603,1147,181,1.2,1.5,10.0
0.09,True,0.25,44.07500000000001,0.844895199459094,6248,181,1.2,1.5,10.0
0.09,True,0.5,77.44999999999999,0.844895199459094,6248,181,1.2,1.5,10.0
0.09,True,0.75,130.10000000000002,0.844895199459094,6248,181,1.2,1.5,10.0
0.12,False,0.25,41.12500000000001,0.09320979117687733,674,181,1.2,1.5,10.0
0.12,False,0.5,66.7,0.09320979117687733,674,181,1.2,1.5,10.0
0.12,False,0.75,112.125,0.09320979117687733,674,181,1.2,1.5,10.0
0.12,True,0.25,40.50000000000001,0.9067902088231227,6557,181,1.2,1.5,10.0
0.12,True,0.5,68.6,0.9067902088231227,6557,181,1.2,1.5,10.0
0.12,True,0.75,115.3,0.9067902088231227,6557,181,1.2,1.5,10.0
0.15,False,0.25,34.225,0.056164383561643834,410,181,1.2,1.5,10.0
0.15,False,0.5,56.55,0.056164383561643834,410,181,1.2,1.5,10.0
0.15,False,0.75,93.7,0.056164383561643834,410,181,1.2,1.5,10.0
0.15,True,0.25,37.2,0.9438356164383561,6890,181,1.2,1.5,10.0
0.15,True,0.5,60.60000000000001,0.9438356164383561,6890,181,1.2,1.5,10.0
0.15,True,0.75,99.6,0.9438356164383561,6890,181,1.2,1.5,10.0
0.0,False,0.25,51.150000000000006,0.5008273579702152,1816,190,1.2,1.5,10.0
0.0,False,0.5,89.8,0.5008273579702152,1816,190,1.2,1.5,10.0
0.0,False,0.75,156.875,0.5008273579702152,1816,190,1.2,1.5,10.0
0.0,True,0.25,49.60000000000001,0.4991726420297849,1810,190,1.2,1.5,10.0
0.0,True,0.5,89.5,0.4991726420297849,1810,190,1.2,1.5,10.0
0.0,True,0.75,166.40000000000003,0.4991726420297849,1810,190,1.2,1.5,10.0
0.03,False,0.25,51.025000000000006,0.3633098494267164,2630,190,1.2,1.5,10.0
0.03,False,0.5,89.35,0.3633098494267164,2630,190,1.2,1.5,10.0
0.03,False,0.75,157.22500000000002,0.3633098494267164,2630,190,1.2,1.5,10.0
0.03,True,0.25,49.5,0.6366901505732836,4609,190,1.2,1.5,10.0
0.03,True,0.5,91.30000000000001,0.6366901505732836,4609,190,1.2,1.5,10.0
0.03,True,0.75,159.4,0.6366901505732836,4609,190,1.2,1.5,10.0
0.06,False,0.25,45.2,0.2504524571905889,1799,190,1.2,1.5,10.0
0.06,False,0.5,81.4,0.2504524571905889,1799,190,1.2,1.5,10.0
0.06,False,0.75,142.15,0.2504524571905889,1799,190,1.2,1.5,10.0
0.06,True,0.25,47.2,0.7495475428094112,5384,190,1.2,1.5,10.0
0.06,True,0.5,83.25,0.7495475428094112,5384,190,1.2,1.5,10.0
0.06,True,0.75,145.75,0.7495475428094112,5384,190,1.2,1.5,10.0
0.09,False,0.25,43.625,0.15605138607167005,1154,190,1.2,1.5,10.0
0.09,False,0.5,71.55000000000001,0.15605138607167005,1154,190,1.2,1.5,10.0
0.09,False,0.75,123.675,0.15605138607167005,1154,190,1.2,1.5,10.0
0.09,True,0.25,44.8,0.84394861392833,6241,190,1.2,1.5,10.0
0.09,True,0.5,77.3,0.84394861392833,6241,190,1.2,1.5,10.0
0.09,True,0.75,131.6,0.84394861392833,6241,190,1.2,1.5,10.0
0.12,False,0.25,40.30000000000001,0.10164569215876089,735,190,1.2,1.5,10.0
0.12,False,0.5,70.70000000000002,0.10164569215876089,735,190,1.2,1.5,10.0
0.12,False,0.75,121.4,0.10164569215876089,735,190,1.2,1.5,10.0
0.12,True,0.25,40.30000000000001,0.8983543078412392,6496,190,1.2,1.5,10.0
0.12,True,0.5,67.9,0.8983543078412392,6496,190,1.2,1.5,10.0
0.12,True,0.75,114.525,0.8983543078412392,6496,190,1.2,1.5,10.0
0.15,False,0.25,35.050000000000004,0.06068493150684932,443,190,1.2,1.5,10.0
0.15,False,0.5,55.3,0.06068493150684932,443,190,1.2,1.5,10.0
0.15,False,0.75,90.75,0.06068493150684932,443,190,1.2,1.5,10.0
0.15,True,0.25,37.50000000000001,0.9393150684931507,6857,190,1.2,1.5,10.0
0.15,True,0.5,60.400000000000006,0.9393150684931507,6857,190,1.2,1.5,10.0
0.15,True,0.75,99.8,0.9393150684931507,6857,190,1.2,1.5,10.0
0.0,False,0.25,48.975,0.4891214541448637,1776,204,1.2,1.5,10.0
0.0,False,0.5,88.59999999999998,0.4891214541448637,1776,204,1.2,1.5,10.0
0.0,False,0.75,157.4,0.4891214541448637,1776,204,1.2,1.5,10.0
0.0,True,0.25,50.85000000000001,0.5108785458551364,1855,204,1.2,1.5,10.0
0.0,True,0.5,89.1,0.5108785458551364,1855,204,1.2,1.5,10.0
0.0,True,0.75,158.10000000000002,0.5108785458551364,1855,204,1.2,1.5,10.0
0.03,False,0.25,48.400000000000006,0.35816975393972905,2591,204,1.2,1.5,10.0
0.03,False,0.5,89.5,0.35816975393972905,2591,204,1.2,1.5,10.0
0.03,False,0.75,155.85,0.35816975393972905,2591,204,1.2,1.5,10.0
0.03,True,0.25,50.8,0.641830246060271,4643,204,1.2,1.5,10.0
0.03,True,0.5,89.39999999999999,0.641830246060271,4643,204,1.2,1.5,10.0
0.03,True,0.75,156.60000000000002,0.641830246060271,4643,204,1.2,1.5,10.0
0.06,False,0.25,46.0,0.2517044663976624,1809,204,1.2,1.5,10.0
0.06,False,0.5,83.1,0.2517044663976624,1809,204,1.2,1.5,10.0
0.06,False,0.75,143.1,0.2517044663976624,1809,204,1.2,1.5,10.0
0.06,True,0.25,46.1,0.7482955336023376,5378,204,1.2,1.5,10.0
0.06,True,0.5,84.25,0.7482955336023376,5378,204,1.2,1.5,10.0
0.06,True,0.75,145.47500000000002,0.7482955336023376,5378,204,1.2,1.5,10.0
0.09,False,0.25,42.30000000000001,0.1555104800540906,1150,204,1.2,1.5,10.0
0.09,False,0.5,75.94999999999999,0.1555104800540906,1150,204,1.2,1.5,10.0
0.09,False,0.75,123.7,0.1555104800540906,1150,204,1.2,1.5,10.0
0.09,True,0.25,43.900000000000006,0.8444895199459094,6245,204,1.2,1.5,10.0
0.09,True,0.5,75.6,0.8444895199459094,6245,204,1.2,1.5,10.0
0.09,True,0.75,131.5,0.8444895199459094,6245,204,1.2,1.5,10.0
0.12,False,0.25,38.225,0.09486931268151017,686,204,1.2,1.5,10.0
0.12,False,0.5,63.0,0.09486931268151017,686,204,1.2,1.5,10.0
0.12,False,0.75,100.55,0.09486931268151017,686,204,1.2,1.5,10.0
0.12,True,0.25,39.99999999999999,0.9051306873184899,6545,204,1.2,1.5,10.0
0.12,True,0.5,67.2,0.9051306873184899,6545,204,1.2,1.5,10.0
0.12,True,0.75,112.80000000000001,0.9051306873184899,6545,204,1.2,1.5,10.0
0.15,False,0.25,35.45,0.05958904109589041,435,204,1.2,1.5,10.0
0.15,False,0.5,60.699999999999996,0.05958904109589041,435,204,1.2,1.5,10.0
0.15,False,0.75,99.8,0.05958904109589041,435,204,1.2,1.5,10.0
0.15,True,0.25,37.2,0.9404109589041096,6865,204,1.2,1.5,10.0
0.15,True,0.5,60.9,0.9404109589041096,6865,204,1.2,1.5,10.0
0.15,True,0.75,97.90000000000002,0.9404109589041096,6865,204,1.2,1.5,10.0
0.0,False,0.25,48.150000000000006,0.505370421371523,1835,207,1.2,1.5,10.0
0.0,False,0.5,87.1,0.505370421371523,1835,207,1.2,1.5,10.0
0.0,False,0.75,156.40000000000003,0.505370421371523,1835,207,1.2,1.5,10.0
0.0,True,0.25,51.07500000000002,0.494629578628477,1796,207,1.2,1.5,10.0
0.0,True,0.5,90.85,0.494629578628477,1796,207,1.2,1.5,10.0
0.0,True,0.75,156.97500000000002,0.494629578628477,1796,207,1.2,1.5,10.0
0.03,False,0.25,48.900000000000006,0.35789328172518664,2589,207,1.2,1.5,10.0
0.03,False,0.5,87.00000000000001,0.35789328172518664,2589,207,1.2,1.5,10.0
0.03,False,0.75,152.50000000000003,0.35789328172518664,2589,207,1.2,1.5,10.0
0.03,True,0.25,51.100000000000016,0.6421067182748134,4645,207,1.2,1.5,10.0
0.03,True,0.5,91.19999999999999,0.6421067182748134,4645,207,1.2,1.5,10.0
0.03,True,0.75,156.10000000000002,0.6421067182748134,4645,207,1.2,1.5,10.0
0.06,False,0.25,46.6,0.2441909002365382,1755,207,1.2,1.5,10.0
0.06,False,0.5,81.60000000000001,0.2441909002365382,1755,207,1.2,1.5,10.0
0.06,False,0.75,143.75000000000003,0.2441909002365382,1755,207,1.2,1.5,10.0
0.06,True,0.25,46.6,0.7558090997634618,5432,207,1.2,1.5,10.0
0.06,True,0.5,84.49999999999999,0.7558090997634618,5432,207,1.2,1.5,10.0
0.06,True,0.75,143.40000000000003,0.7558090997634618,5432,207,1.2,1.5,10.0
0.09,False,0.25,41.35000000000001,0.1565922920892495,1158,207,1.2,1.5,10.0
0.09,False,0.5,73.3,0.1565922920892495,1158,207,1.2,1.5,10.0
0.09,False,0.75,125.625,0.1565922920892495,1158,207,1.2,1.5,10.0
0.09,True,0.25,44.0,0.8434077079107505,6237,207,1.2,1.5,10.0
0.09,True,0.5,75.89999999999999,0.8434077079107505,6237,207,1.2,1.5,10.0
0.09,True,0.75,130.20000000000002,0.8434077079107505,6237,207,1.2,1.5,10.0
0.12,False,0.25,37.87500000000001,0.09514589959894897,688,207,1.2,1.5,10.0
0.12,False,0.5,62.349999999999994,0.09514589959894897,688,207,1.2,1.5,10.0
0.12,False,0.75,110.325,0.09514589959894897,688,207,1.2,1.5,10.0
0.12,True,0.25,40.50000000000001,0.9048541004010511,6543,207,1.2,1.5,10.0
0.12,True,0.5,68.8,0.9048541004010511,6543,207,1.2,1.5,10.0
0.12,True,0.75,113.3,0.9048541004010511,6543,207,1.2,1.5,10.0
0.15,False,0.25,38.225,0.0589041095890411,430,207,1.2,1.5,10.0
0.15,False,0.5,57.85000000000001,0.0589041095890411,430,207,1.2,1.5,10.0
0.15,False,0.75,93.27499999999999,0.0589041095890411,430,207,1.2,1.5,10.0
0.15,True,0.25,37.60000000000001,0.9410958904109589,6870,207,1.2,1.5,10.0
0.15,True,0.5,60.400000000000006,0.9410958904109589,6870,207,1.2,1.5,10.0
0.15,True,0.75,99.70000000000002,0.9410958904109589,6870,207,1.2,1.5,10.0
0.0,False,0.25,49.900000000000006,0.4951777349131992,1797,209,1.2,1.5,10.0
0.0,False,0.5,91.9,0.4951777349131992,1797,209,1.2,1.5,10.0
0.0,False,0.75,164.60000000000002,0.4951777349131992,1797,209,1.2,1.5,10.0
0.0,True,0.25,48.70000000000001,0.5048222650868007,1832,209,1.2,1.5,10.0
0.0,True,0.5,90.9,0.5048222650868007,1832,209,1.2,1.5,10.0
0.0,True,0.75,157.825,0.5048222650868007,1832,209,1.2,1.5,10.0
0.03,False,0.25,49.20000000000001,0.3683483068417415,2665,209,1.2,1.5,10.0
0.03,False,0.5,87.00000000000001,0.3683483068417415,2665,209,1.2,1.5,10.0
0.03,False,0.75,152.50000000000003,0.3683483068417415,2665,209,1.2,1.5,10.0
0.03,True,0.25,49.1,0.6316516931582584,4570,209,1.2,1.5,10.0
0.03,True,0.5,85.80000000000001,0.6316516931582584,4570,209,1.2,1.5,10.0
0.03,True,0.75,154.975,0.6316516931582584,4570,209,1.2,1.5,10.0
0.06,False,0.25,46.575,0.23834052624251706,1712,209,1.2,1.5,10.0
0.06,False,0.5,82.55,0.23834052624251706,1712,209,1.2,1.5,10.0
0.06,False,0.75,144.20000000000002,0.23834052624251706,1712,209,1.2,1.5,10.0
0.06,True,0.25,47.400000000000006,0.761659473757483,5471,209,1.2,1.5,10.0
0.06,True,0.5,85.7,0.761659473757483,5471,209,1.2,1.5,10.0
0.06,True,0.75,148.4,0.761659473757483,5471,209,1.2,1.5,10.0
0.09,False,0.25,44.70000000000001,0.15740365111561866,1164,209,1.2,1.5,10.0
0.09,False,0.5,75.25,0.15740365111561866,1164,209,1.2,1.5,10.0
0.09,False,0.75,130.45,0.15740365111561866,1164,209,1.2,1.5,10.0
0.09,True,0.25,43.8,0.8425963488843813,6231,209,1.2,1.5,10.0
0.09,True,0.5,77.49999999999999,0.8425963488843813,6231,209,1.2,1.5,10.0
0.09,True,0.75,131.10000000000002,0.8425963488843813,6231,209,1.2,1.5,10.0
0.12,False,0.25,36.425,0.09323557891824595,674,209,1.2,1.5,10.0
0.12,False,0.5,64.6,0.09323557891824595,674,209,1.2,1.5,10.0
0.12,False,0.75,110.225,0.09323557891824595,674,209,1.2,1.5,10.0
0.12,True,0.25,40.150000000000006,0.906764421081754,6555,209,1.2,1.5,10.0
0.12,True,0.5,67.8,0.906764421081754,6555,209,1.2,1.5,10.0
0.12,True,0.75,113.69999999999999,0.906764421081754,6555,209,1.2,1.5,10.0
0.15,False,0.25,33.075,0.054246575342465755,396,209,1.2,1.5,10.0
0.15,False,0.5,56.05,0.054246575342465755,396,209,1.2,1.5,10.0
0.15,False,0.75,86.575,0.054246575342465755,396,209,1.2,1.5,10.0
0.15,True,0.25,36.2,0.9457534246575342,6904,209,1.2,1.5,10.0
0.15,True,0.5,59.699999999999996,0.9457534246575342,6904,209,1.2,1.5,10.0
0.15,True,0.75,96.10000000000001,0.9457534246575342,6904,209,1.2,1.5,10.0
0.0,False,0.25,52.099999999999994,0.4984835952577888,1808,211,1.2,1.5,10.0
0.0,False,0.5,93.19999999999999,0.4984835952577888,1808,211,1.2,1.5,10.0
0.0,False,0.75,159.65000000000003,0.4984835952577888,1808,211,1.2,1.5,10.0
0.0,True,0.25,47.2,0.5015164047422112,1819,211,1.2,1.5,10.0
0.0,True,0.5,87.20000000000002,0.5015164047422112,1819,211,1.2,1.5,10.0
0.0,True,0.75,159.45,0.5015164047422112,1819,211,1.2,1.5,10.0
0.03,False,0.25,47.5,0.3581099751312517,2592,211,1.2,1.5,10.0
0.03,False,0.5,85.49999999999999,0.3581099751312517,2592,211,1.2,1.5,10.0
0.03,False,0.75,151.4,0.3581099751312517,2592,211,1.2,1.5,10.0
0.03,True,0.25,48.72500000000001,0.6418900248687482,4646,211,1.2,1.5,10.0
0.03,True,0.5,89.5,0.6418900248687482,4646,211,1.2,1.5,10.0
0.03,True,0.75,158.075,0.6418900248687482,4646,211,1.2,1.5,10.0
0.06,False,0.25,46.2,0.23932099624321693,1720,211,1.2,1.5,10.0
0.06,False,0.5,85.19999999999999,0.23932099624321693,1720,211,1.2,1.5,10.0
0.06,False,0.75,149.85,0.23932099624321693,1720,211,1.2,1.5,10.0
0.06,True,0.25,47.6,0.7606790037567831,5467,211,1.2,1.5,10.0
0.06,True,0.5,83.4,0.7606790037567831,5467,211,1.2,1.5,10.0
0.06,True,0.75,144.7,0.7606790037567831,5467,211,1.2,1.5,10.0
0.09,False,0.25,39.4,0.15496957403651115,1146,211,1.2,1.5,10.0
0.09,False,0.5,69.1,0.15496957403651115,1146,211,1.2,1.5,10.0
0.09,False,0.75,123.72500000000001,0.15496957403651115,1146,211,1.2,1.5,10.0
0.09,True,0.25,44.2,0.8450304259634889,6249,211,1.2,1.5,10.0
0.09,True,0.5,74.69999999999999,0.8450304259634889,6249,211,1.2,1.5,10.0
0.09,True,0.75,129.10000000000002,0.8450304259634889,6249,211,1.2,1.5,10.0
0.12,False,0.25,37.85000000000001,0.09887982298437284,715,211,1.2,1.5,10.0
0.12,False,0.5,64.3,0.09887982298437284,715,211,1.2,1.5,10.0
0.12,False,0.75,109.25,0.09887982298437284,715,211,1.2,1.5,10.0
0.12,True,0.25,40.2,0.9011201770156272,6516,211,1.2,1.5,10.0
0.12,True,0.5,66.7,0.9011201770156272,6516,211,1.2,1.5,10.0
0.12,True,0.75,113.3,0.9011201770156272,6516,211,1.2,1.5,10.0
0.15,False,0.25,35.3,0.05863013698630137,428,211,1.2,1.5,10.0
0.15,False,0.5,57.00000000000001,0.05863013698630137,428,211,1.2,1.5,10.0
0.15,False,0.75,94.95,0.05863013698630137,428,211,1.2,1.5,10.0
0.15,True,0.25,37.300000000000004,0.9413698630136986,6872,211,1.2,1.5,10.0
0.15,True,0.5,59.400000000000006,0.9413698630136986,6872,211,1.2,1.5,10.0
0.15,True,0.75,97.90000000000002,0.9413698630136986,6872,211,1.2,1.5,10.0
0.0,False,0.25,49.400000000000006,0.49160011016248967,1785,220,1.2,1.5,10.0
0.0,False,0.5,90.8,0.49160011016248967,1785,220,1.2,1.5,10.0
0.0,False,0.75,160.1,0.49160011016248967,1785,220,1.2,1.5,10.0
0.0,True,0.25,48.6,0.5083998898375103,1846,220,1.2,1.5,10.0
0.0,True,0.5,87.7,0.5083998898375103,1846,220,1.2,1.5,10.0
0.0,True,0.75,156.825,0.5083998898375103,1846,220,1.2,1.5,10.0
0.03,False,0.25,50.550000000000004,0.3547540077390824,2567,220,1.2,1.5,10.0
0.03,False,0.5,90.5,0.3547540077390824,2567,220,1.2,1.5,10.0
0.03,False,0.75,158.39999999999998,0.3547540077390824,2567,220,1.2,1.5,10.0
0.03,True,0.25,50.100000000000016,0.6452459922609176,4669,220,1.2,1.5,10.0
0.03,True,0.5,90.59999999999998,0.6452459922609176,4669,220,1.2,1.5,10.0
0.03,True,0.75,156.50000000000003,0.6452459922609176,4669,220,1.2,1.5,10.0
0.06,False,0.25,48.400000000000006,0.2410242137489563,1732,220,1.2,1.5,10.0
0.06,False,0.5,86.15,0.2410242137489563,1732,220,1.2,1.5,10.0
0.06,False,0.75,148.45000000000002,0.2410242137489563,1732,220,1.2,1.5,10.0
0.06,True,0.25,47.800000000000004,0.7589757862510437,5454,220,1.2,1.5,10.0
0.06,True,0.5,84.7,0.7589757862510437,5454,220,1.2,1.5,10.0
0.06,True,0.75,145.65,0.7589757862510437,5454,220,1.2,1.5,10.0
0.09,False,0.25,42.75,0.14482758620689656,1071,220,1.2,1.5,10.0
0.09,False,0.5,73.80000000000001,0.14482758620689656,1071,220,1.2,1.5,10.0
0.09,False,0.75,124.10000000000002,0.14482758620689656,1071,220,1.2,1.5,10.0
0.09,True,0.25,44.30000000000001,0.8551724137931035,6324,220,1.2,1.5,10.0
0.09,True,0.5,75.75,0.8551724137931035,6324,220,1.2,1.5,10.0
0.09,True,0.75,125.4,0.8551724137931035,6324,220,1.2,1.5,10.0
0.12,False,0.25,39.900000000000006,0.0991701244813278,717,220,1.2,1.5,10.0
0.12,False,0.5,64.19999999999999,0.0991701244813278,717,220,1.2,1.5,10.0
0.12,False,0.75,103.6,0.0991701244813278,717,220,1.2,1.5,10.0
0.12,True,0.25,40.10000000000001,0.9008298755186722,6513,220,1.2,1.5,10.0
0.12,True,0.5,66.39999999999999,0.9008298755186722,6513,220,1.2,1.5,10.0
0.12,True,0.75,112.80000000000001,0.9008298755186722,6513,220,1.2,1.5,10.0
0.15,False,0.25,32.75,0.053972602739726025,394,220,1.2,1.5,10.0
0.15,False,0.5,54.0,0.053972602739726025,394,220,1.2,1.5,10.0
0.15,False,0.75,85.875,0.053972602739726025,394,220,1.2,1.5,10.0
0.15,True,0.25,37.62500000000001,0.946027397260274,6906,220,1.2,1.5,10.0
0.15,True,0.5,60.9,0.946027397260274,6906,220,1.2,1.5,10.0
0.15,True,0.75,99.10000000000001,0.946027397260274,6906,220,1.2,1.5,10.0
0.0,False,0.25,49.400000000000006,0.5023422430421604,1823,221,1.2,1.5,10.0
0.0,False,0.5,90.0,0.5023422430421604,1823,221,1.2,1.5,10.0
0.0,False,0.75,158.8,0.5023422430421604,1823,221,1.2,1.5,10.0
0.0,True,0.25,50.425,0.49765775695783965,1806,221,1.2,1.5,10.0
0.0,True,0.5,88.19999999999999,0.49765775695783965,1806,221,1.2,1.5,10.0
0.0,True,0.75,155.57500000000002,0.49765775695783965,1806,221,1.2,1.5,10.0
0.03,False,0.25,49.62500000000001,0.3486796626572653,2522,221,1.2,1.5,10.0
0.03,False,0.5,88.29999999999998,0.3486796626572653,2522,221,1.2,1.5,10.0
0.03,False,0.75,154.00000000000003,0.3486796626572653,2522,221,1.2,1.5,10.0
0.03,True,0.25,50.6,0.6513203373427346,4711,221,1.2,1.5,10.0
0.03,True,0.5,89.9,0.6513203373427346,4711,221,1.2,1.5,10.0
0.03,True,0.75,155.15000000000003,0.6513203373427346,4711,221,1.2,1.5,10.0
0.06,False,0.25,45.55000000000001,0.2453381575285277,1763,221,1.2,1.5,10.0
0.06,False,0.5,81.1,0.2453381575285277,1763,221,1.2,1.5,10.0
0.06,False,0.75,142.40000000000003,0.2453381575285277,1763,221,1.2,1.5,10.0
0.06,True,0.25,47.2,0.7546618424714723,5423,221,1.2,1.5,10.0
0.06,True,0.5,83.4,0.7546618424714723,5423,221,1.2,1.5,10.0
0.06,True,0.75,145.0,0.7546618424714723,5423,221,1.2,1.5,10.0
0.09,False,0.25,43.30000000000001,0.15862068965517243,1173,221,1.2,1.5,10.0
0.09,False,0.5,73.10000000000001,0.15862068965517243,1173,221,1.2,1.5,10.0
0.09,False,0.75,122.6,0.15862068965517243,1173,221,1.2,1.5,10.0
0.09,True,0.25,44.22500000000001,0.8413793103448276,6222,221,1.2,1.5,10.0
0.09,True,0.5,76.2,0.8413793103448276,6222,221,1.2,1.5,10.0
0.09,True,0.75,128.675,0.8413793103448276,6222,221,1.2,1.5,10.0
0.12,False,0.25,38.300000000000004,0.10302862674595492,745,221,1.2,1.5,10.0
0.12,False,0.5,66.19999999999999,0.10302862674595492,745,221,1.2,1.5,10.0
0.12,False,0.75,113.5,0.10302862674595492,745,221,1.2,1.5,10.0
0.12,True,0.25,40.900000000000006,0.8969713732540451,6486,221,1.2,1.5,10.0
0.12,True,0.5,68.2,0.8969713732540451,6486,221,1.2,1.5,10.0
0.12,True,0.75,113.575,0.8969713732540451,6486,221,1.2,1.5,10.0
0.15,False,0.25,33.325,0.05561643835616439,406,221,1.2,1.5,10.0
0.15,False,0.5,56.5,0.05561643835616439,406,221,1.2,1.5,10.0
0.15,False,0.75,89.475,0.05561643835616439,406,221,1.2,1.5,10.0
0.15,True,0.25,36.900000000000006,0.9443835616438356,6894,221,1.2,1.5,10.0
0.15,True,0.5,60.000000000000014,0.9443835616438356,6894,221,1.2,1.5,10.0
0.15,True,0.75,97.775,0.9443835616438356,6894,221,1.2,1.5,10.0
0.0,False,0.25,51.100000000000016,0.4984835952577888,1808,223,1.2,1.5,10.0
0.0,False,0.5,95.55000000000001,0.4984835952577888,1808,223,1.2,1.5,10.0
0.0,False,0.75,161.15,0.4984835952577888,1808,223,1.2,1.5,10.0
0.0,True,0.25,52.89999999999999,0.5015164047422112,1819,223,1.2,1.5,10.0
0.0,True,0.5,93.10000000000001,0.5015164047422112,1819,223,1.2,1.5,10.0
0.0,True,0.75,164.3,0.5015164047422112,1819,223,1.2,1.5,10.0
0.03,False,0.25,51.05000000000001,0.36475466482377333,2639,223,1.2,1.5,10.0
0.03,False,0.5,91.30000000000001,0.36475466482377333,2639,223,1.2,1.5,10.0
0.03,False,0.75,159.5,0.36475466482377333,2639,223,1.2,1.5,10.0
0.03,True,0.25,49.70000000000001,0.6352453351762267,4596,223,1.2,1.5,10.0
0.03,True,0.5,90.44999999999999,0.6352453351762267,4596,223,1.2,1.5,10.0
0.03,True,0.75,157.50000000000003,0.6352453351762267,4596,223,1.2,1.5,10.0
0.06,False,0.25,43.4,0.24593128390596744,1768,223,1.2,1.5,10.0
0.06,False,0.5,81.80000000000001,0.24593128390596744,1768,223,1.2,1.5,10.0
0.06,False,0.75,146.7,0.24593128390596744,1768,223,1.2,1.5,10.0
0.06,True,0.25,48.20000000000001,0.7540687160940326,5421,223,1.2,1.5,10.0
0.06,True,0.5,83.7,0.7540687160940326,5421,223,1.2,1.5,10.0
0.06,True,0.75,147.50000000000003,0.7540687160940326,5421,223,1.2,1.5,10.0
0.09,False,0.25,41.4,0.15848546315077755,1172,223,1.2,1.5,10.0
0.09,False,0.5,73.2,0.15848546315077755,1172,223,1.2,1.5,10.0
0.09,False,0.75,130.55,0.15848546315077755,1172,223,1.2,1.5,10.0
0.09,True,0.25,43.8,0.8415145368492224,6223,223,1.2,1.5,10.0
0.09,True,0.5,75.80000000000001,0.8415145368492224,6223,223,1.2,1.5,10.0
0.09,True,0.75,127.7,0.8415145368492224,6223,223,1.2,1.5,10.0
0.12,False,0.25,36.75,0.09390125847047434,679,223,1.2,1.5,10.0
0.12,False,0.5,64.19999999999999,0.09390125847047434,679,223,1.2,1.5,10.0
0.12,False,0.75,113.80000000000001,0.09390125847047434,679,223,1.2,1.5,10.0
0.12,True,0.25,40.70000000000001,0.9060987415295256,6552,223,1.2,1.5,10.0
0.12,True,0.5,68.6,0.9060987415295256,6552,223,1.2,1.5,10.0
0.12,True,0.75,114.3,0.9060987415295256,6552,223,1.2,1.5,10.0
0.15,False,0.25,35.65,0.05684931506849315,415,223,1.2,1.5,10.0
0.15,False,0.5,59.699999999999996,0.05684931506849315,415,223,1.2,1.5,10.0
0.15,False,0.75,100.75,0.05684931506849315,415,223,1.2,1.5,10.0
0.15,True,0.25,37.2,0.9431506849315069,6885,223,1.2,1.5,10.0
0.15,True,0.5,60.800000000000004,0.9431506849315069,6885,223,1.2,1.5,10.0
0.15,True,0.75,99.8,0.9431506849315069,6885,223,1.2,1.5,10.0
0.0,False,0.25,50.45000000000001,0.4949021769082392,1796,226,1.2,1.5,10.0
0.0,False,0.5,90.25,0.4949021769082392,1796,226,1.2,1.5,10.0
0.0,False,0.75,163.575,0.4949021769082392,1796,226,1.2,1.5,10.0
0.0,True,0.25,53.400000000000006,0.5050978230917608,1833,226,1.2,1.5,10.0
0.0,True,0.5,94.39999999999999,0.5050978230917608,1833,226,1.2,1.5,10.0
0.0,True,0.75,163.20000000000002,0.5050978230917608,1833,226,1.2,1.5,10.0
0.03,False,0.25,48.70000000000001,0.3628575376537239,2626,226,1.2,1.5,10.0
0.03,False,0.5,88.75,0.3628575376537239,2626,226,1.2,1.5,10.0
0.03,False,0.75,155.3,0.3628575376537239,2626,226,1.2,1.5,10.0
0.03,True,0.25,50.85000000000001,0.637142462346276,4611,226,1.2,1.5,10.0
0.03,True,0.5,89.1,0.637142462346276,4611,226,1.2,1.5,10.0
0.03,True,0.75,159.25,0.637142462346276,4611,226,1.2,1.5,10.0
0.06,False,0.25,44.4,0.25187865293626494,1810,226,1.2,1.5,10.0
0.06,False,0.5,78.49999999999999,0.25187865293626494,1810,226,1.2,1.5,10.0
0.06,False,0.75,134.64999999999998,0.25187865293626494,1810,226,1.2,1.5,10.0
0.06,True,0.25,46.2,0.748121347063735,5376,226,1.2,1.5,10.0
0.06,True,0.5,80.9,0.748121347063735,5376,226,1.2,1.5,10.0
0.06,True,0.75,141.125,0.748121347063735,5376,226,1.2,1.5,10.0
0.09,False,0.25,43.42500000000001,0.1514741682445226,1120,226,1.2,1.5,10.0
0.09,False,0.5,74.94999999999999,0.1514741682445226,1120,226,1.2,1.5,10.0
0.09,False,0.75,126.725,0.1514741682445226,1120,226,1.2,1.5,10.0
0.09,True,0.25,44.825,0.8485258317554775,6274,226,1.2,1.5,10.0
0.09,True,0.5,77.25,0.8485258317554775,6274,226,1.2,1.5,10.0
0.09,True,0.75,132.3,0.8485258317554775,6274,226,1.2,1.5,10.0
0.12,False,0.25,38.650000000000006,0.09777347531461762,707,226,1.2,1.5,10.0
0.12,False,0.5,64.99999999999999,0.09777347531461762,707,226,1.2,1.5,10.0
0.12,False,0.75,115.80000000000001,0.09777347531461762,707,226,1.2,1.5,10.0
0.12,True,0.25,40.8,0.9022265246853823,6524,226,1.2,1.5,10.0
0.12,True,0.5,67.99999999999999,0.9022265246853823,6524,226,1.2,1.5,10.0
0.12,True,0.75,113.9,0.9022265246853823,6524,226,1.2,1.5,10.0
0.15,False,0.25,34.5,0.05684931506849315,415,226,1.2,1.5,10.0
0.15,False,0.5,54.49999999999999,0.05684931506849315,415,226,1.2,1.5,10.0
0.15,False,0.75,84.15,0.05684931506849315,415,226,1.2,1.5,10.0
0.15,True,0.25,37.2,0.9431506849315069,6885,226,1.2,1.5,10.0
0.15,True,0.5,60.400000000000006,0.9431506849315069,6885,226,1.2,1.5,10.0
0.15,True,0.75,99.30000000000001,0.9431506849315069,6885,226,1.2,1.5,10.0
0.0,False,0.25,51.90000000000001,0.4891214541448637,1776,231,1.2,1.5,10.0
0.0,False,0.5,93.05,0.4891214541448637,1776,231,1.2,1.5,10.0
0.0,False,0.75,166.3,0.4891214541448637,1776,231,1.2,1.5,10.0
0.0,True,0.25,48.05,0.5108785458551364,1855,231,1.2,1.5,10.0
0.0,True,0.5,93.10000000000001,0.5108785458551364,1855,231,1.2,1.5,10.0
0.0,True,0.75,164.60000000000002,0.5108785458551364,1855,231,1.2,1.5,10.0
0.03,False,0.25,49.5,0.3657087593257806,2647,231,1.2,1.5,10.0
0.03,False,0.5,88.1,0.3657087593257806,2647,231,1.2,1.5,10.0
0.03,False,0.75,154.65000000000003,0.3657087593257806,2647,231,1.2,1.5,10.0
0.03,True,0.25,50.150000000000006,0.6342912406742194,4591,231,1.2,1.5,10.0
0.03,True,0.5,91.30000000000001,0.6342912406742194,4591,231,1.2,1.5,10.0
0.03,True,0.75,157.45000000000002,0.6342912406742194,4591,231,1.2,1.5,10.0
0.06,False,0.25,45.9,0.2375121747599833,1707,231,1.2,1.5,10.0
0.06,False,0.5,78.89999999999999,0.2375121747599833,1707,231,1.2,1.5,10.0
0.06,False,0.75,141.1,0.2375121747599833,1707,231,1.2,1.5,10.0
0.06,True,0.25,48.20000000000001,0.7624878252400167,5480,231,1.2,1.5,10.0
0.06,True,0.5,87.5,0.7624878252400167,5480,231,1.2,1.5,10.0
0.06,True,0.75,148.125,0.7624878252400167,5480,231,1.2,1.5,10.0
0.09,False,0.25,42.925000000000004,0.159026369168357,1176,231,1.2,1.5,10.0
0.09,False,0.5,71.3,0.159026369168357,1176,231,1.2,1.5,10.0
0.09,False,0.75,123.22500000000001,0.159026369168357,1176,231,1.2,1.5,10.0
0.09,True,0.25,44.100000000000016,0.840973630831643,6219,231,1.2,1.5,10.0
0.09,True,0.5,77.0,0.840973630831643,6219,231,1.2,1.5,10.0
0.09,True,0.75,130.6,0.840973630831643,6219,231,1.2,1.5,10.0
0.12,False,0.25,38.900000000000006,0.08919928087401466,645,231,1.2,1.5,10.0
0.12,False,0.5,67.70000000000002,0.08919928087401466,645,231,1.2,1.5,10.0
0.12,False,0.75,113.5,0.08919928087401466,645,231,1.2,1.5,10.0
0.12,True,0.25,40.825,0.9108007191259854,6586,231,1.2,1.5,10.0
0.12,True,0.5,67.10000000000001,0.9108007191259854,6586,231,1.2,1.5,10.0
0.12,True,0.75,112.275,0.9108007191259854,6586,231,1.2,1.5,10.0
0.15,False,0.25,35.875,0.05589041095890411,408,231,1.2,1.5,10.0
0.15,False,0.5,57.55,0.05589041095890411,408,231,1.2,1.5,10.0
0.15,False,0.75,94.725,0.05589041095890411,408,231,1.2,1.5,10.0
0.15,True,0.25,37.50000000000001,0.9441095890410959,6892,231,1.2,1.5,10.0
0.15,True,0.5,61.1,0.9441095890410959,6892,231,1.2,1.5,10.0
0.15,True,0.75,100.6,0.9441095890410959,6892,231,1.2,1.5,10.0
0.0,False,0.25,51.6,0.483888735885431,1757,234,1.2,1.5,10.0
0.0,False,0.5,95.7,0.483888735885431,1757,234,1.2,1.5,10.0
0.0,False,0.75,164.3,0.483888735885431,1757,234,1.2,1.5,10.0
0.0,True,0.25,50.2,0.516111264114569,1874,234,1.2,1.5,10.0
0.0,True,0.5,88.79999999999998,0.516111264114569,1874,234,1.2,1.5,10.0
0.0,True,0.75,163.57500000000002,0.516111264114569,1874,234,1.2,1.5,10.0
0.03,False,0.25,48.5,0.36010505944152615,2605,234,1.2,1.5,10.0
0.03,False,0.5,88.1,0.36010505944152615,2605,234,1.2,1.5,10.0
0.03,False,0.75,161.4,0.36010505944152615,2605,234,1.2,1.5,10.0
0.03,True,0.25,50.100000000000016,0.6398949405584738,4629,234,1.2,1.5,10.0
0.03,True,0.5,91.0,0.6398949405584738,4629,234,1.2,1.5,10.0
0.03,True,0.75,157.89999999999998,0.6398949405584738,4629,234,1.2,1.5,10.0
0.06,False,0.25,45.0,0.24638286032276016,1771,234,1.2,1.5,10.0
0.06,False,0.5,78.69999999999999,0.24638286032276016,1771,234,1.2,1.5,10.0
0.06,False,0.75,139.45000000000002,0.24638286032276016,1771,234,1.2,1.5,10.0
0.06,True,0.25,46.900000000000006,0.7536171396772399,5417,234,1.2,1.5,10.0
0.06,True,0.5,83.1,0.7536171396772399,5417,234,1.2,1.5,10.0
0.06,True,0.75,144.1,0.7536171396772399,5417,234,1.2,1.5,10.0
0.09,False,0.25,44.0,0.157965918312145,1168,234,1.2,1.5,10.0
0.09,False,0.5,76.64999999999999,0.157965918312145,1168,234,1.2,1.5,10.0
0.09,False,0.75,129.275,0.157965918312145,1168,234,1.2,1.5,10.0
0.09,True,0.25,44.025000000000006,0.842034081687855,6226,234,1.2,1.5,10.0
0.09,True,0.5,76.49999999999999,0.842034081687855,6226,234,1.2,1.5,10.0
0.09,True,0.75,129.775,0.842034081687855,6226,234,1.2,1.5,10.0
0.12,False,0.25,39.50000000000001,0.10027662517289074,725,234,1.2,1.5,10.0
0.12,False,0.5,65.10000000000001,0.10027662517289074,725,234,1.2,1.5,10.0
0.12,False,0.75,109.2,0.10027662517289074,725,234,1.2,1.5,10.0
0.12,True,0.25,41.2,0.8997233748271093,6505,234,1.2,1.5,10.0
0.12,True,0.5,69.2,0.8997233748271093,6505,234,1.2,1.5,10.0
0.12,True,0.75,116.20000000000002,0.8997233748271093,6505,234,1.2,1.5,10.0
0.15,False,0.25,37.675000000000004,0.059726027397260274,436,234,1.2,1.5,10.0
0.15,False,0.5,61.05000000000001,0.059726027397260274,436,234,1.2,1.5,10.0
0.15,False,0.75,102.175,0.059726027397260274,436,234,1.2,1.5,10.0
0.15,True,0.25,36.900000000000006,0.9402739726027397,6864,234,1.2,1.5,10.0
0.15,True,0.5,60.000000000000014,0.9402739726027397,6864,234,1.2,1.5,10.0
0.15,True,0.75,98.70000000000002,0.9402739726027397,6864,234,1.2,1.5,10.0
0.0,False,0.25,53.599999999999994,0.49669421487603305,1803,235,1.2,1.5,10.0
0.0,False,0.5,91.19999999999999,0.49669421487603305,1803,235,1.2,1.5,10.0
0.0,False,0.75,162.25,0.49669421487603305,1803,235,1.2,1.5,10.0
0.0,True,0.25,52.29999999999999,0.503305785123967,1827,235,1.2,1.5,10.0
0.0,True,0.5,93.19999999999999,0.503305785123967,1827,235,1.2,1.5,10.0
0.0,True,0.75,162.89999999999998,0.503305785123967,1827,235,1.2,1.5,10.0
0.03,False,0.25,48.35000000000001,0.3625933093724081,2623,235,1.2,1.5,10.0
0.03,False,0.5,86.0,0.3625933093724081,2623,235,1.2,1.5,10.0
0.03,False,0.75,152.3,0.3625933093724081,2623,235,1.2,1.5,10.0
0.03,True,0.25,50.90000000000001,0.6374066906275919,4611,235,1.2,1.5,10.0
0.03,True,0.5,89.1,0.6374066906275919,4611,235,1.2,1.5,10.0
0.03,True,0.75,155.95,0.6374066906275919,4611,235,1.2,1.5,10.0
0.06,False,0.25,46.2,0.2434576837416481,1749,235,1.2,1.5,10.0
0.06,False,0.5,78.89999999999999,0.2434576837416481,1749,235,1.2,1.5,10.0
0.06,False,0.75,141.6,0.2434576837416481,1749,235,1.2,1.5,10.0
0.06,True,0.25,47.6,0.7565423162583519,5435,235,1.2,1.5,10.0
0.06,True,0.5,83.60000000000001,0.7565423162583519,5435,235,1.2,1.5,10.0
0.06,True,0.75,146.79999999999998,0.7565423162583519,5435,235,1.2,1.5,10.0
0.09,False,0.25,40.599999999999994,0.15970250169033132,1181,235,1.2,1.5,10.0
0.09,False,0.5,70.70000000000002,0.15970250169033132,1181,235,1.2,1.5,10.0
0.09,False,0.75,119.20000000000002,0.15970250169033132,1181,235,1.2,1.5,10.0
0.09,True,0.25,44.125000000000014,0.8402974983096687,6214,235,1.2,1.5,10.0
0.09,True,0.5,75.0,0.8402974983096687,6214,235,1.2,1.5,10.0
0.09,True,0.75,128.775,0.8402974983096687,6214,235,1.2,1.5,10.0
0.12,False,0.25,37.225,0.09486931268151017,686,235,1.2,1.5,10.0
0.12,False,0.5,62.05,0.09486931268151017,686,235,1.2,1.5,10.0
0.12,False,0.75,106.625,0.09486931268151017,686,235,1.2,1.5,10.0
0.12,True,0.25,40.70000000000001,0.9051306873184899,6545,235,1.2,1.5,10.0
0.12,True,0.5,68.10000000000001,0.9051306873184899,6545,235,1.2,1.5,10.0
0.12,True,0.75,114.7,0.9051306873184899,6545,235,1.2,1.5,10.0
0.15,False,0.25,35.300000000000004,0.05547945205479452,405,235,1.2,1.5,10.0
0.15,False,0.5,58.1,0.05547945205479452,405,235,1.2,1.5,10.0
0.15,False,0.75,98.8,0.05547945205479452,405,235,1.2,1.5,10.0
0.15,True,0.25,37.55000000000001,0.9445205479452055,6895,235,1.2,1.5,10.0
0.15,True,0.5,60.3,0.9445205479452055,6895,235,1.2,1.5,10.0
0.15,True,0.75,97.30000000000001,0.9445205479452055,6895,235,1.2,1.5,10.0
0.0,False,0.25,48.5,0.5026163591297164,1825,241,1.2,1.5,10.0
0.0,False,0.5,91.30000000000001,0.5026163591297164,1825,241,1.2,1.5,10.0
0.0,False,0.75,163.4,0.5026163591297164,1825,241,1.2,1.5,10.0
0.0,True,0.25,50.125000000000014,0.4973836408702837,1806,241,1.2,1.5,10.0
0.0,True,0.5,88.3,0.4973836408702837,1806,241,1.2,1.5,10.0
0.0,True,0.75,157.675,0.4973836408702837,1806,241,1.2,1.5,10.0
0.03,False,0.25,48.300000000000004,0.372944590299848,2699,241,1.2,1.5,10.0
0.03,False,0.5,86.80000000000001,0.372944590299848,2699,241,1.2,1.5,10.0
0.03,False,0.75,154.8,0.372944590299848,2699,241,1.2,1.5,10.0
0.03,True,0.25,50.30000000000001,0.6270554097001519,4538,241,1.2,1.5,10.0
0.03,True,0.5,90.30000000000001,0.6270554097001519,4538,241,1.2,1.5,10.0
0.03,True,0.75,157.65000000000003,0.6270554097001519,4538,241,1.2,1.5,10.0
0.06,False,0.25,45.25,0.24464236014472585,1758,241,1.2,1.5,10.0
0.06,False,0.5,81.69999999999999,0.24464236014472585,1758,241,1.2,1.5,10.0
0.06,False,0.75,148.275,0.24464236014472585,1758,241,1.2,1.5,10.0
0.06,True,0.25,48.0,0.7553576398552742,5428,241,1.2,1.5,10.0
0.06,True,0.5,83.20000000000002,0.7553576398552742,5428,241,1.2,1.5,10.0
0.06,True,0.75,143.75,0.7553576398552742,5428,241,1.2,1.5,10.0
0.09,False,0.25,41.99999999999999,0.16402974983096688,1213,241,1.2,1.5,10.0
0.09,False,0.5,74.69999999999999,0.16402974983096688,1213,241,1.2,1.5,10.0
0.09,False,0.75,124.2,0.16402974983096688,1213,241,1.2,1.5,10.0
0.09,True,0.25,43.6,0.8359702501690331,6182,241,1.2,1.5,10.0
0.09,True,0.5,75.0,0.8359702501690331,6182,241,1.2,1.5,10.0
0.09,True,0.75,130.375,0.8359702501690331,6182,241,1.2,1.5,10.0
0.12,False,0.25,37.900000000000006,0.09072050891992808,656,241,1.2,1.5,10.0
0.12,False,0.5,63.75,0.09072050891992808,656,241,1.2,1.5,10.0
0.12,False,0.75,109.25,0.09072050891992808,656,241,1.2,1.5,10.0
0.12,True,0.25,40.10000000000001,0.9092794910800719,6575,241,1.2,1.5,10.0
0.12,True,0.5,67.39999999999999,0.9092794910800719,6575,241,1.2,1.5,10.0
0.12,True,0.75,115.85000000000001,0.9092794910800719,6575,241,1.2,1.5,10.0
0.15,False,0.25,35.80000000000001,0.06013698630136986,439,241,1.2,1.5,10.0
0.15,False,0.5,59.400000000000006,0.06013698630136986,439,241,1.2,1.5,10.0
0.15,False,0.75,92.80000000000001,0.06013698630136986,439,241,1.2,1.5,10.0
0.15,True,0.25,37.300000000000004,0.9398630136986301,6861,241,1.2,1.5,10.0
0.15,True,0.5,60.9,0.9398630136986301,6861,241,1.2,1.5,10.0
0.15,True,0.75,98.30000000000001,0.9398630136986301,6861,241,1.2,1.5,10.0
0.0,False,0.25,51.575,0.5133572018727623,1864,242,1.2,1.5,10.0
0.0,False,0.5,90.35,0.5133572018727623,1864,242,1.2,1.5,10.0
0.0,False,0.75,158.70000000000002,0.5133572018727623,1864,242,1.2,1.5,10.0
0.0,True,0.25,50.650000000000006,0.48664279812723765,1767,242,1.2,1.5,10.0
0.0,True,0.5,92.0,0.48664279812723765,1767,242,1.2,1.5,10.0
0.0,True,0.75,164.3,0.48664279812723765,1767,242,1.2,1.5,10.0
0.03,False,0.25,46.800000000000004,0.37582964601769914,2718,242,1.2,1.5,10.0
0.03,False,0.5,85.55,0.37582964601769914,2718,242,1.2,1.5,10.0
0.03,False,0.75,150.725,0.37582964601769914,2718,242,1.2,1.5,10.0
0.03,True,0.25,47.7,0.6241703539823009,4514,242,1.2,1.5,10.0
0.03,True,0.5,88.19999999999999,0.6241703539823009,4514,242,1.2,1.5,10.0
0.03,True,0.75,155.55,0.6241703539823009,4514,242,1.2,1.5,10.0
0.06,False,0.25,44.35000000000001,0.25361713967723987,1823,242,1.2,1.5,10.0
0.06,False,0.5,79.2,0.25361713967723987,1823,242,1.2,1.5,10.0
0.06,False,0.75,140.95,0.25361713967723987,1823,242,1.2,1.5,10.0
0.06,True,0.25,48.1,0.7463828603227601,5365,242,1.2,1.5,10.0
0.06,True,0.5,84.9,0.7463828603227601,5365,242,1.2,1.5,10.0
0.06,True,0.75,144.50000000000003,0.7463828603227601,5365,242,1.2,1.5,10.0
0.09,False,0.25,41.4,0.16405193400054097,1213,242,1.2,1.5,10.0
0.09,False,0.5,71.0,0.16405193400054097,1213,242,1.2,1.5,10.0
0.09,False,0.75,123.0,0.16405193400054097,1213,242,1.2,1.5,10.0
0.09,True,0.25,43.500000000000014,0.835948065999459,6181,242,1.2,1.5,10.0
0.09,True,0.5,75.89999999999999,0.835948065999459,6181,242,1.2,1.5,10.0
0.09,True,0.75,126.8,0.835948065999459,6181,242,1.2,1.5,10.0
0.12,False,0.25,36.97500000000001,0.1017839856174803,736,242,1.2,1.5,10.0
0.12,False,0.5,63.95,0.1017839856174803,736,242,1.2,1.5,10.0
0.12,False,0.75,113.40000000000002,0.1017839856174803,736,242,1.2,1.5,10.0
0.12,True,0.25,40.900000000000006,0.8982160143825197,6495,242,1.2,1.5,10.0
0.12,True,0.5,68.3,0.8982160143825197,6495,242,1.2,1.5,10.0
0.12,True,0.75,113.75,0.8982160143825197,6495,242,1.2,1.5,10.0
0.15,False,0.25,35.0,0.05904109589041096,431,242,1.2,1.5,10.0
0.15,False,0.5,54.2,0.05904109589041096,431,242,1.2,1.5,10.0
0.15,False,0.75,93.65,0.05904109589041096,431,242,1.2,1.5,10.0
0.15,True,0.25,37.300000000000004,0.940958904109589,6869,242,1.2,1.5,10.0
0.15,True,0.5,60.9,0.940958904109589,6869,242,1.2,1.5,10.0
0.15,True,0.75,99.90000000000002,0.940958904109589,6869,242,1.2,1.5,10.0
0.0,False,0.25,50.1,0.4973850812001101,1807,249,1.2,1.5,10.0
0.0,False,0.5,92.30000000000001,0.4973850812001101,1807,249,1.2,1.5,10.0
0.0,False,0.75,158.6,0.4973850812001101,1807,249,1.2,1.5,10.0
0.0,True,0.25,52.2,0.5026149187998898,1826,249,1.2,1.5,10.0
0.0,True,0.5,91.35,0.5026149187998898,1826,249,1.2,1.5,10.0
0.0,True,0.75,160.70000000000002,0.5026149187998898,1826,249,1.2,1.5,10.0
0.03,False,0.25,51.30000000000001,0.3708160442600277,2681,249,1.2,1.5,10.0
0.03,False,0.5,91.0,0.3708160442600277,2681,249,1.2,1.5,10.0
0.03,False,0.75,164.20000000000002,0.3708160442600277,2681,249,1.2,1.5,10.0
0.03,True,0.25,50.0,0.6291839557399723,4549,249,1.2,1.5,10.0
0.03,True,0.5,91.1,0.6291839557399723,4549,249,1.2,1.5,10.0
0.03,True,0.75,155.3,0.6291839557399723,4549,249,1.2,1.5,10.0
0.06,False,0.25,47.0,0.2557039510294936,1838,249,1.2,1.5,10.0
0.06,False,0.5,83.0,0.2557039510294936,1838,249,1.2,1.5,10.0
0.06,False,0.75,144.20000000000002,0.2557039510294936,1838,249,1.2,1.5,10.0
0.06,True,0.25,47.400000000000006,0.7442960489705064,5350,249,1.2,1.5,10.0
0.06,True,0.5,86.20000000000002,0.7442960489705064,5350,249,1.2,1.5,10.0
0.06,True,0.75,147.0,0.7442960489705064,5350,249,1.2,1.5,10.0
0.09,False,0.25,42.95,0.16159567275185938,1195,249,1.2,1.5,10.0
0.09,False,0.5,76.3,0.16159567275185938,1195,249,1.2,1.5,10.0
0.09,False,0.75,123.35000000000001,0.16159567275185938,1195,249,1.2,1.5,10.0
0.09,True,0.25,44.47500000000001,0.8384043272481406,6200,249,1.2,1.5,10.0
0.09,True,0.5,78.1,0.8384043272481406,6200,249,1.2,1.5,10.0
0.09,True,0.75,130.72500000000002,0.8384043272481406,6200,249,1.2,1.5,10.0
0.12,False,0.25,40.675,0.09874152952565343,714,249,1.2,1.5,10.0
0.12,False,0.5,67.69999999999999,0.09874152952565343,714,249,1.2,1.5,10.0
0.12,False,0.75,109.87500000000001,0.09874152952565343,714,249,1.2,1.5,10.0
0.12,True,0.25,41.50000000000001,0.9012584704743466,6517,249,1.2,1.5,10.0
0.12,True,0.5,69.39999999999999,0.9012584704743466,6517,249,1.2,1.5,10.0
0.12,True,0.75,114.40000000000002,0.9012584704743466,6517,249,1.2,1.5,10.0
0.15,False,0.25,33.5,0.05876712328767123,429,249,1.2,1.5,10.0
0.15,False,0.5,57.1,0.05876712328767123,429,249,1.2,1.5,10.0
0.15,False,0.75,94.9,0.05876712328767123,429,249,1.2,1.5,10.0
0.15,True,0.25,36.55000000000001,0.9412328767123288,6871,249,1.2,1.5,10.0
0.15,True,0.5,60.5,0.9412328767123288,6871,249,1.2,1.5,10.0
0.15,True,0.75,99.05000000000001,0.9412328767123288,6871,249,1.2,1.5,10.0
0.0,False,0.25,49.150000000000006,0.49696802646085997,1803,251,1.2,1.5,10.0
0.0,False,0.5,91.39999999999999,0.49696802646085997,1803,251,1.2,1.5,10.0
0.0,False,0.75,159.0,0.49696802646085997,1803,251,1.2,1.5,10.0
0.0,True,0.25,50.100000000000016,0.50303197353914,1825,251,1.2,1.5,10.0
0.0,True,0.5,89.8,0.50303197353914,1825,251,1.2,1.5,10.0
0.0,True,0.75,159.89999999999998,0.50303197353914,1825,251,1.2,1.5,10.0
0.03,False,0.25,50.70000000000001,0.35830799004700026,2592,251,1.2,1.5,10.0
0.03,False,0.5,89.64999999999999,0.35830799004700026,2592,251,1.2,1.5,10.0
0.03,False,0.75,154.525,0.35830799004700026,2592,251,1.2,1.5,10.0
0.03,True,0.25,49.1,0.6416920099529997,4642,251,1.2,1.5,10.0
0.03,True,0.5,86.85000000000001,0.6416920099529997,4642,251,1.2,1.5,10.0
0.03,True,0.75,151.25,0.6416920099529997,4642,251,1.2,1.5,10.0
0.06,False,0.25,45.0,0.24314925580748364,1748,251,1.2,1.5,10.0
0.06,False,0.5,79.39999999999999,0.24314925580748364,1748,251,1.2,1.5,10.0
0.06,False,0.75,135.3,0.24314925580748364,1748,251,1.2,1.5,10.0
0.06,True,0.25,47.2,0.7568507441925163,5441,251,1.2,1.5,10.0
0.06,True,0.5,82.80000000000001,0.7568507441925163,5441,251,1.2,1.5,10.0
0.06,True,0.75,140.7,0.7568507441925163,5441,251,1.2,1.5,10.0
0.09,False,0.25,40.50000000000001,0.15429344151453686,1141,251,1.2,1.5,10.0
0.09,False,0.5,71.3,0.15429344151453686,1141,251,1.2,1.5,10.0
0.09,False,0.75,126.9,0.15429344151453686,1141,251,1.2,1.5,10.0
0.09,True,0.25,43.900000000000006,0.8457065584854632,6254,251,1.2,1.5,10.0
0.09,True,0.5,77.1,0.8457065584854632,6254,251,1.2,1.5,10.0
0.09,True,0.75,127.775,0.8457065584854632,6254,251,1.2,1.5,10.0
0.12,False,0.25,38.400000000000006,0.10399668095699073,752,251,1.2,1.5,10.0
0.12,False,0.5,66.75,0.10399668095699073,752,251,1.2,1.5,10.0
0.12,False,0.75,110.82500000000002,0.10399668095699073,752,251,1.2,1.5,10.0
0.12,True,0.25,40.599999999999994,0.8960033190430092,6479,251,1.2,1.5,10.0
0.12,True,0.5,67.5,0.8960033190430092,6479,251,1.2,1.5,10.0
0.12,True,0.75,111.00000000000001,0.8960033190430092,6479,251,1.2,1.5,10.0
0.15,False,0.25,34.5,0.06424657534246575,469,251,1.2,1.5,10.0
0.15,False,0.5,58.800000000000004,0.06424657534246575,469,251,1.2,1.5,10.0
0.15,False,0.75,94.0,0.06424657534246575,469,251,1.2,1.5,10.0
0.15,True,0.25,37.300000000000004,0.9357534246575342,6831,251,1.2,1.5,10.0
0.15,True,0.5,60.9,0.9357534246575342,6831,251,1.2,1.5,10.0
0.15,True,0.75,100.29999999999998,0.9357534246575342,6831,251,1.2,1.5,10.0
0.0,False,0.25,52.099999999999994,0.49366391184573005,1792,261,1.2,1.5,10.0
0.0,False,0.5,94.6,0.49366391184573005,1792,261,1.2,1.5,10.0
0.0,False,0.75,157.0,0.49366391184573005,1792,261,1.2,1.5,10.0
0.0,True,0.25,49.45,0.50633608815427,1838,261,1.2,1.5,10.0
0.0,True,0.5,90.64999999999999,0.50633608815427,1838,261,1.2,1.5,10.0
0.0,True,0.75,154.64999999999998,0.50633608815427,1838,261,1.2,1.5,10.0
0.03,False,0.25,49.75000000000001,0.37360055286800276,2703,261,1.2,1.5,10.0
0.03,False,0.5,89.9,0.37360055286800276,2703,261,1.2,1.5,10.0
0.03,False,0.75,156.3,0.37360055286800276,2703,261,1.2,1.5,10.0
0.03,True,0.25,51.2,0.6263994471319972,4532,261,1.2,1.5,10.0
0.03,True,0.5,92.39999999999999,0.6263994471319972,4532,261,1.2,1.5,10.0
0.03,True,0.75,159.62500000000003,0.6263994471319972,4532,261,1.2,1.5,10.0
0.06,False,0.25,46.6,0.245721441491582,1766,261,1.2,1.5,10.0
0.06,False,0.5,83.1,0.245721441491582,1766,261,1.2,1.5,10.0
0.06,False,0.75,149.725,0.245721441491582,1766,261,1.2,1.5,10.0
0.06,True,0.25,48.70000000000001,0.754278558508418,5421,261,1.2,1.5,10.0
0.06,True,0.5,85.1,0.754278558508418,5421,261,1.2,1.5,10.0
0.06,True,0.75,148.10000000000002,0.754278558508418,5421,261,1.2,1.5,10.0
0.09,False,0.25,42.925000000000004,0.16362407031778228,1210,261,1.2,1.5,10.0
0.09,False,0.5,74.30000000000001,0.16362407031778228,1210,261,1.2,1.5,10.0
0.09,False,0.75,129.25000000000003,0.16362407031778228,1210,261,1.2,1.5,10.0
0.09,True,0.25,43.6,0.8363759296822177,6185,261,1.2,1.5,10.0
0.09,True,0.5,74.10000000000001,0.8363759296822177,6185,261,1.2,1.5,10.0
0.09,True,0.75,129.10000000000002,0.8363759296822177,6185,261,1.2,1.5,10.0
0.12,False,0.25,37.150000000000006,0.10164569215876089,735,261,1.2,1.5,10.0
0.12,False,0.5,63.3,0.10164569215876089,735,261,1.2,1.5,10.0
0.12,False,0.75,106.79999999999998,0.10164569215876089,735,261,1.2,1.5,10.0
0.12,True,0.25,40.375,0.8983543078412392,6496,261,1.2,1.5,10.0
0.12,True,0.5,67.9,0.8983543078412392,6496,261,1.2,1.5,10.0
0.12,True,0.75,113.60000000000001,0.8983543078412392,6496,261,1.2,1.5,10.0
0.15,False,0.25,34.800000000000004,0.06178082191780822,451,261,1.2,1.5,10.0
0.15,False,0.5,56.099999999999994,0.06178082191780822,451,261,1.2,1.5,10.0
0.15,False,0.75,92.0,0.06178082191780822,451,261,1.2,1.5,10.0
0.15,True,0.25,37.00000000000001,0.9382191780821918,6849,261,1.2,1.5,10.0
0.15,True,0.5,61.1,0.9382191780821918,6849,261,1.2,1.5,10.0
0.15,True,0.75,102.2,0.9382191780821918,6849,261,1.2,1.5,10.0
0.0,False,0.25,48.72500000000001,0.5038546255506607,1830,262,1.2,1.5,10.0
0.0,False,0.5,93.65,0.5038546255506607,1830,262,1.2,1.5,10.0
0.0,False,0.75,163.025,0.5038546255506607,1830,262,1.2,1.5,10.0
0.0,True,0.25,49.025,0.4961453744493392,1802,262,1.2,1.5,10.0
0.0,True,0.5,93.65,0.4961453744493392,1802,262,1.2,1.5,10.0
0.0,True,0.75,161.57500000000002,0.4961453744493392,1802,262,1.2,1.5,10.0
0.03,False,0.25,49.900000000000006,0.3575966850828729,2589,262,1.2,1.5,10.0
0.03,False,0.5,91.5,0.3575966850828729,2589,262,1.2,1.5,10.0
0.03,False,0.75,167.0,0.3575966850828729,2589,262,1.2,1.5,10.0
0.03,True,0.25,50.70000000000001,0.6424033149171271,4651,262,1.2,1.5,10.0
0.03,True,0.5,91.8,0.6424033149171271,4651,262,1.2,1.5,10.0
0.03,True,0.75,158.25,0.6424033149171271,4651,262,1.2,1.5,10.0
0.06,False,0.25,47.525,0.24297244642360144,1746,262,1.2,1.5,10.0
0.06,False,0.5,85.80000000000001,0.24297244642360144,1746,262,1.2,1.5,10.0
0.06,False,0.75,148.77499999999998,0.24297244642360144,1746,262,1.2,1.5,10.0
0.06,True,0.25,47.300000000000004,0.7570275535763985,5440,262,1.2,1.5,10.0
0.06,True,0.5,84.25,0.7570275535763985,5440,262,1.2,1.5,10.0
0.06,True,0.75,146.2,0.7570275535763985,5440,262,1.2,1.5,10.0
0.09,False,0.25,42.125000000000014,0.15496957403651115,1146,262,1.2,1.5,10.0
0.09,False,0.5,73.50000000000001,0.15496957403651115,1146,262,1.2,1.5,10.0
0.09,False,0.75,125.02500000000002,0.15496957403651115,1146,262,1.2,1.5,10.0
0.09,True,0.25,43.500000000000014,0.8450304259634889,6249,262,1.2,1.5,10.0
0.09,True,0.5,75.80000000000001,0.8450304259634889,6249,262,1.2,1.5,10.0
0.09,True,0.75,130.10000000000002,0.8450304259634889,6249,262,1.2,1.5,10.0
0.12,False,0.25,40.05,0.09044392200248928,654,262,1.2,1.5,10.0
0.12,False,0.5,65.94999999999999,0.09044392200248928,654,262,1.2,1.5,10.0
0.12,False,0.75,111.65,0.09044392200248928,654,262,1.2,1.5,10.0
0.12,True,0.25,40.8,0.9095560779975107,6577,262,1.2,1.5,10.0
0.12,True,0.5,67.39999999999999,0.9095560779975107,6577,262,1.2,1.5,10.0
0.12,True,0.75,114.00000000000001,0.9095560779975107,6577,262,1.2,1.5,10.0
0.15,False,0.25,33.85,0.05095890410958904,372,262,1.2,1.5,10.0
0.15,False,0.5,56.349999999999994,0.05095890410958904,372,262,1.2,1.5,10.0
0.15,False,0.75,92.275,0.05095890410958904,372,262,1.2,1.5,10.0
0.15,True,0.25,37.00000000000001,0.949041095890411,6928,262,1.2,1.5,10.0
0.15,True,0.5,60.85,0.949041095890411,6928,262,1.2,1.5,10.0
0.15,True,0.75,98.8,0.949041095890411,6928,262,1.2,1.5,10.0
0.0,False,0.25,52.15,0.4926936862420733,1787,273,1.2,1.5,10.0
0.0,False,0.5,91.9,0.4926936862420733,1787,273,1.2,1.5,10.0
0.0,False,0.75,154.89999999999998,0.4926936862420733,1787,273,1.2,1.5,10.0
0.0,True,0.25,49.87500000000001,0.5073063137579267,1840,273,1.2,1.5,10.0
0.0,True,0.5,91.25,0.5073063137579267,1840,273,1.2,1.5,10.0
0.0,True,0.75,165.82500000000002,0.5073063137579267,1840,273,1.2,1.5,10.0
0.03,False,0.25,48.900000000000006,0.36382478927732487,2633,273,1.2,1.5,10.0
0.03,False,0.5,86.60000000000001,0.36382478927732487,2633,273,1.2,1.5,10.0
0.03,False,0.75,150.79999999999998,0.36382478927732487,2633,273,1.2,1.5,10.0
0.03,True,0.25,51.07500000000002,0.6361752107226751,4604,273,1.2,1.5,10.0
0.03,True,0.5,92.35,0.6361752107226751,4604,273,1.2,1.5,10.0
0.03,True,0.75,160.75,0.6361752107226751,4604,273,1.2,1.5,10.0
0.06,False,0.25,46.1,0.2434613244296049,1750,273,1.2,1.5,10.0
0.06,False,0.5,82.75,0.2434613244296049,1750,273,1.2,1.5,10.0
0.06,False,0.75,145.50000000000003,0.2434613244296049,1750,273,1.2,1.5,10.0
0.06,True,0.25,47.625,0.7565386755703951,5438,273,1.2,1.5,10.0
0.06,True,0.5,85.3,0.7565386755703951,5438,273,1.2,1.5,10.0
0.06,True,0.75,151.375,0.7565386755703951,5438,273,1.2,1.5,10.0
0.09,False,0.25,41.4,0.15201514741682445,1124,273,1.2,1.5,10.0
0.09,False,0.5,72.15,0.15201514741682445,1124,273,1.2,1.5,10.0
0.09,False,0.75,124.075,0.15201514741682445,1124,273,1.2,1.5,10.0
0.09,True,0.25,44.6,0.8479848525831756,6270,273,1.2,1.5,10.0
0.09,True,0.5,76.39999999999999,0.8479848525831756,6270,273,1.2,1.5,10.0
0.09,True,0.75,129.5,0.8479848525831756,6270,273,1.2,1.5,10.0
0.12,False,0.25,36.75000000000001,0.0912736827548057,660,273,1.2,1.5,10.0
0.12,False,0.5,60.60000000000001,0.0912736827548057,660,273,1.2,1.5,10.0
0.12,False,0.75,109.525,0.0912736827548057,660,273,1.2,1.5,10.0
0.12,True,0.25,41.10000000000001,0.9087263172451943,6571,273,1.2,1.5,10.0
0.12,True,0.5,67.8,0.9087263172451943,6571,273,1.2,1.5,10.0
0.12,True,0.75,112.15,0.9087263172451943,6571,273,1.2,1.5,10.0
0.15,False,0.25,34.300000000000004,0.05726027397260274,418,273,1.2,1.5,10.0
0.15,False,0.5,56.05,0.05726027397260274,418,273,1.2,1.5,10.0
0.15,False,0.75,90.25,0.05726027397260274,418,273,1.2,1.5,10.0
0.15,True,0.25,37.800000000000004,0.9427397260273973,6882,273,1.2,1.5,10.0
0.15,True,0.5,61.699999999999996,0.9427397260273973,6882,273,1.2,1.5,10.0
0.15,True,0.75,101.2,0.9427397260273973,6882,273,1.2,1.5,10.0
0.0,False,0.25,50.70000000000001,0.5181818181818182,1881,275,1.2,1.5,10.0
0.0,False,0.5,93.7,0.5181818181818182,1881,275,1.2,1.5,10.0
0.0,False,0.75,167.60000000000002,0.5181818181818182,1881,275,1.2,1.5,10.0
0.0,True,0.25,51.70000000000001,0.4818181818181818,1749,275,1.2,1.5,10.0
0.0,True,0.5,98.0,0.4818181818181818,1749,275,1.2,1.5,10.0
0.0,True,0.75,164.70000000000002,0.4818181818181818,1749,275,1.2,1.5,10.0
0.03,False,0.25,46.95,0.36199032480995164,2619,275,1.2,1.5,10.0
0.03,False,0.5,85.4,0.36199032480995164,2619,275,1.2,1.5,10.0
0.03,False,0.75,151.25,0.36199032480995164,2619,275,1.2,1.5,10.0
0.03,True,0.25,50.30000000000001,0.6380096751900484,4616,275,1.2,1.5,10.0
0.03,True,0.5,89.85,0.6380096751900484,4616,275,1.2,1.5,10.0
0.03,True,0.75,154.825,0.6380096751900484,4616,275,1.2,1.5,10.0
0.06,False,0.25,46.05,0.2453381575285277,1763,275,1.2,1.5,10.0
0.06,False,0.5,85.7,0.2453381575285277,1763,275,1.2,1.5,10.0
0.06,False,0.75,141.40000000000003,0.2453381575285277,1763,275,1.2,1.5,10.0
0.06,True,0.25,47.5,0.7546618424714723,5423,275,1.2,1.5,10.0
0.06,True,0.5,86.0,0.7546618424714723,5423,275,1.2,1.5,10.0
0.06,True,0.75,147.15,0.7546618424714723,5423,275,1.2,1.5,10.0
0.09,False,0.25,41.70000000000001,0.15456389452332658,1143,275,1.2,1.5,10.0
0.09,False,0.5,72.50000000000001,0.15456389452332658,1143,275,1.2,1.5,10.0
0.09,False,0.75,120.05000000000001,0.15456389452332658,1143,275,1.2,1.5,10.0
0.09,True,0.25,45.2,0.8454361054766735,6252,275,1.2,1.5,10.0
0.09,True,0.5,77.89999999999999,0.8454361054766735,6252,275,1.2,1.5,10.0
0.09,True,0.75,131.12500000000003,0.8454361054766735,6252,275,1.2,1.5,10.0
0.12,False,0.25,37.55000000000001,0.08670999861706541,627,275,1.2,1.5,10.0
0.12,False,0.5,62.300000000000004,0.08670999861706541,627,275,1.2,1.5,10.0
0.12,False,0.75,110.45,0.08670999861706541,627,275,1.2,1.5,10.0
0.12,True,0.25,40.599999999999994,0.9132900013829346,6604,275,1.2,1.5,10.0
0.12,True,0.5,69.10000000000001,0.9132900013829346,6604,275,1.2,1.5,10.0
0.12,True,0.75,114.82500000000002,0.9132900013829346,6604,275,1.2,1.5,10.0
0.15,False,0.25,35.9,0.05863013698630137,428,275,1.2,1.5,10.0
0.15,False,0.5,58.800000000000004,0.05863013698630137,428,275,1.2,1.5,10.0
0.15,False,0.75,98.17500000000001,0.05863013698630137,428,275,1.2,1.5,10.0
0.15,True,0.25,37.87500000000001,0.9413698630136986,6872,275,1.2,1.5,10.0
0.15,True,0.5,60.60000000000001,0.9413698630136986,6872,275,1.2,1.5,10.0
0.15,True,0.75,99.5,0.9413698630136986,6872,275,1.2,1.5,10.0
0.0,False,0.25,50.150000000000006,0.502065546681355,1823,289,1.2,1.5,10.0
0.0,False,0.5,94.10000000000001,0.502065546681355,1823,289,1.2,1.5,10.0
0.0,False,0.75,169.85,0.502065546681355,1823,289,1.2,1.5,10.0
0.0,True,0.25,50.275000000000006,0.497934453318645,1808,289,1.2,1.5,10.0
0.0,True,0.5,95.5,0.497934453318645,1808,289,1.2,1.5,10.0
0.0,True,0.75,170.72500000000002,0.497934453318645,1808,289,1.2,1.5,10.0
0.03,False,0.25,46.400000000000006,0.36879922619870115,2669,289,1.2,1.5,10.0
0.03,False,0.5,86.60000000000001,0.36879922619870115,2669,289,1.2,1.5,10.0
0.03,False,0.75,151.50000000000003,0.36879922619870115,2669,289,1.2,1.5,10.0
0.03,True,0.25,49.400000000000006,0.6312007738012989,4568,289,1.2,1.5,10.0
0.03,True,0.5,88.59999999999998,0.6312007738012989,4568,289,1.2,1.5,10.0
0.03,True,0.75,156.5,0.6312007738012989,4568,289,1.2,1.5,10.0
0.06,False,0.25,46.1,0.237929595102268,1710,289,1.2,1.5,10.0
0.06,False,0.5,84.4,0.237929595102268,1710,289,1.2,1.5,10.0
0.06,False,0.75,146.7,0.237929595102268,1710,289,1.2,1.5,10.0
0.06,True,0.25,48.0,0.762070404897732,5477,289,1.2,1.5,10.0
0.06,True,0.5,84.1,0.762070404897732,5477,289,1.2,1.5,10.0
0.06,True,0.75,144.6,0.762070404897732,5477,289,1.2,1.5,10.0
0.09,False,0.25,44.275000000000006,0.16064908722109533,1188,289,1.2,1.5,10.0
0.09,False,0.5,77.05,0.16064908722109533,1188,289,1.2,1.5,10.0
0.09,False,0.75,128.575,0.16064908722109533,1188,289,1.2,1.5,10.0
0.09,True,0.25,43.30000000000001,0.8393509127789046,6207,289,1.2,1.5,10.0
0.09,True,0.5,76.3,0.8393509127789046,6207,289,1.2,1.5,10.0
0.09,True,0.75,129.05,0.8393509127789046,6207,289,1.2,1.5,10.0
0.12,False,0.25,39.47500000000001,0.09238003042456092,668,289,1.2,1.5,10.0
0.12,False,0.5,67.14999999999999,0.09238003042456092,668,289,1.2,1.5,10.0
0.12,False,0.75,107.75,0.09238003042456092,668,289,1.2,1.5,10.0
0.12,True,0.25,40.99999999999999,0.9076199695754391,6563,289,1.2,1.5,10.0
0.12,True,0.5,67.5,0.9076199695754391,6563,289,1.2,1.5,10.0
0.12,True,0.75,114.45000000000002,0.9076199695754391,6563,289,1.2,1.5,10.0
0.15,False,0.25,34.800000000000004,0.053972602739726025,394,289,1.2,1.5,10.0
0.15,False,0.5,59.89999999999999,0.053972602739726025,394,289,1.2,1.5,10.0
0.15,False,0.75,105.75,0.053972602739726025,394,289,1.2,1.5,10.0
0.15,True,0.25,36.900000000000006,0.946027397260274,6906,289,1.2,1.5,10.0
0.15,True,0.5,60.400000000000006,0.946027397260274,6906,289,1.2,1.5,10.0
0.15,True,0.75,99.2,0.946027397260274,6906,289,1.2,1.5,10.0
0.0,False,0.25,50.0,0.4961453744493392,1802,290,1.2,1.5,10.0
0.0,False,0.5,88.75,0.4961453744493392,1802,290,1.2,1.5,10.0
0.0,False,0.75,157.025,0.4961453744493392,1802,290,1.2,1.5,10.0
0.0,True,0.25,51.4,0.5038546255506607,1830,290,1.2,1.5,10.0
0.0,True,0.5,96.69999999999999,0.5038546255506607,1830,290,1.2,1.5,10.0
0.0,True,0.75,171.875,0.5038546255506607,1830,290,1.2,1.5,10.0
0.03,False,0.25,48.0,0.3568269762299613,2582,290,1.2,1.5,10.0
0.03,False,0.5,87.25,0.3568269762299613,2582,290,1.2,1.5,10.0
0.03,False,0.75,154.37500000000003,0.3568269762299613,2582,290,1.2,1.5,10.0
0.03,True,0.25,48.5,0.6431730237700387,4654,290,1.2,1.5,10.0
0.03,True,0.5,87.79999999999998,0.6431730237700387,4654,290,1.2,1.5,10.0
0.03,True,0.75,153.77499999999998,0.6431730237700387,4654,290,1.2,1.5,10.0
0.06,False,0.25,46.1,0.2505913454849033,1801,290,1.2,1.5,10.0
0.06,False,0.5,81.2,0.2505913454849033,1801,290,1.2,1.5,10.0
0.06,False,0.75,141.0,0.2505913454849033,1801,290,1.2,1.5,10.0
0.06,True,0.25,47.2,0.7494086545150968,5386,290,1.2,1.5,10.0
0.06,True,0.5,85.1,0.7494086545150968,5386,290,1.2,1.5,10.0
0.06,True,0.75,145.575,0.7494086545150968,5386,290,1.2,1.5,10.0
0.09,False,0.25,41.2,0.1575601839329186,1165,290,1.2,1.5,10.0
0.09,False,0.5,71.3,0.1575601839329186,1165,290,1.2,1.5,10.0
0.09,False,0.75,124.8,0.1575601839329186,1165,290,1.2,1.5,10.0
0.09,True,0.25,44.70000000000001,0.8424398160670814,6229,290,1.2,1.5,10.0
0.09,True,0.5,77.0,0.8424398160670814,6229,290,1.2,1.5,10.0
0.09,True,0.75,129.4,0.8424398160670814,6229,290,1.2,1.5,10.0
0.12,False,0.25,38.57500000000001,0.10150739870004148,734,290,1.2,1.5,10.0
0.12,False,0.5,64.79999999999998,0.10150739870004148,734,290,1.2,1.5,10.0
0.12,False,0.75,109.17500000000001,0.10150739870004148,734,290,1.2,1.5,10.0
0.12,True,0.25,40.2,0.8984926012999586,6497,290,1.2,1.5,10.0
0.12,True,0.5,67.6,0.8984926012999586,6497,290,1.2,1.5,10.0
0.12,True,0.75,112.2,0.8984926012999586,6497,290,1.2,1.5,10.0
0.15,False,0.25,34.5,0.05986301369863014,437,290,1.2,1.5,10.0
0.15,False,0.5,58.800000000000004,0.05986301369863014,437,290,1.2,1.5,10.0
0.15,False,0.75,92.6,0.05986301369863014,437,290,1.2,1.5,10.0
0.15,True,0.25,36.85000000000001,0.9401369863013699,6863,290,1.2,1.5,10.0
0.15,True,0.5,59.89999999999999,0.9401369863013699,6863,290,1.2,1.5,10.0
0.15,True,0.75,99.30000000000001,0.9401369863013699,6863,290,1.2,1.5,10.0
0.0,False,0.25,51.95000000000001,0.502065546681355,1823,302,1.2,1.5,10.0
0.0,False,0.5,94.10000000000001,0.502065546681355,1823,302,1.2,1.5,10.0
0.0,False,0.75,160.95,0.502065546681355,1823,302,1.2,1.5,10.0
0.0,True,0.25,50.4,0.497934453318645,1808,302,1.2,1.5,10.0
0.0,True,0.5,92.0,0.497934453318645,1808,302,1.2,1.5,10.0
0.0,True,0.75,162.8,0.497934453318645,1808,302,1.2,1.5,10.0
0.03,False,0.25,49.400000000000006,0.360408896256389,2609,302,1.2,1.5,10.0
0.03,False,0.5,89.19999999999999,0.360408896256389,2609,302,1.2,1.5,10.0
0.03,False,0.75,155.9,0.360408896256389,2609,302,1.2,1.5,10.0
0.03,True,0.25,48.400000000000006,0.639591103743611,4630,302,1.2,1.5,10.0
0.03,True,0.5,89.1,0.639591103743611,4630,302,1.2,1.5,10.0
0.03,True,0.75,154.50000000000003,0.639591103743611,4630,302,1.2,1.5,10.0
0.06,False,0.25,46.300000000000004,0.24029497704188119,1727,302,1.2,1.5,10.0
0.06,False,0.5,81.3,0.24029497704188119,1727,302,1.2,1.5,10.0
0.06,False,0.75,142.5,0.24029497704188119,1727,302,1.2,1.5,10.0
0.06,True,0.25,47.400000000000006,0.7597050229581188,5460,302,1.2,1.5,10.0
0.06,True,0.5,84.60000000000001,0.7597050229581188,5460,302,1.2,1.5,10.0
0.06,True,0.75,147.79999999999998,0.7597050229581188,5460,302,1.2,1.5,10.0
0.09,False,0.25,44.0,0.15758149600973895,1165,302,1.2,1.5,10.0
0.09,False,0.5,79.39999999999999,0.15758149600973895,1165,302,1.2,1.5,10.0
0.09,False,0.75,134.9,0.15758149600973895,1165,302,1.2,1.5,10.0
0.09,True,0.25,43.100000000000016,0.8424185039902611,6228,302,1.2,1.5,10.0
0.09,True,0.5,75.3,0.8424185039902611,6228,302,1.2,1.5,10.0
0.09,True,0.75,127.2,0.8424185039902611,6228,302,1.2,1.5,10.0
0.12,False,0.25,38.57500000000001,0.09597566035126538,694,302,1.2,1.5,10.0
0.12,False,0.5,63.64999999999999,0.09597566035126538,694,302,1.2,1.5,10.0
0.12,False,0.75,106.62500000000001,0.09597566035126538,694,302,1.2,1.5,10.0
0.12,True,0.25,40.599999999999994,0.9040243396487346,6537,302,1.2,1.5,10.0
0.12,True,0.5,67.70000000000002,0.9040243396487346,6537,302,1.2,1.5,10.0
0.12,True,0.75,113.9,0.9040243396487346,6537,302,1.2,1.5,10.0
0.15,False,0.25,35.225,0.06328767123287671,462,302,1.2,1.5,10.0
0.15,False,0.5,54.95,0.06328767123287671,462,302,1.2,1.5,10.0
0.15,False,0.75,91.375,0.06328767123287671,462,302,1.2,1.5,10.0
0.15,True,0.25,37.225,0.9367123287671233,6838,302,1.2,1.5,10.0
0.15,True,0.5,61.25,0.9367123287671233,6838,302,1.2,1.5,10.0
0.15,True,0.75,99.4,0.9367123287671233,6838,302,1.2,1.5,10.0
0.0,False,0.25,50.70000000000001,0.49765775695783965,1806,304,1.2,1.5,10.0
0.0,False,0.5,91.49999999999999,0.49765775695783965,1806,304,1.2,1.5,10.0
0.0,False,0.75,161.15,0.49765775695783965,1806,304,1.2,1.5,10.0
0.0,True,0.25,52.05000000000001,0.5023422430421604,1823,304,1.2,1.5,10.0
0.0,True,0.5,92.8,0.5023422430421604,1823,304,1.2,1.5,10.0
0.0,True,0.75,163.55,0.5023422430421604,1823,304,1.2,1.5,10.0
0.03,False,0.25,50.625,0.3646164478230822,2638,304,1.2,1.5,10.0
0.03,False,0.5,88.44999999999999,0.3646164478230822,2638,304,1.2,1.5,10.0
0.03,False,0.75,157.20000000000002,0.3646164478230822,2638,304,1.2,1.5,10.0
0.03,True,0.25,50.90000000000001,0.6353835521769178,4597,304,1.2,1.5,10.0
0.03,True,0.5,90.7,0.6353835521769178,4597,304,1.2,1.5,10.0
0.03,True,0.75,162.3,0.6353835521769178,4597,304,1.2,1.5,10.0
0.06,False,0.25,45.400000000000006,0.24502574092110754,1761,304,1.2,1.5,10.0
0.06,False,0.5,83.4,0.24502574092110754,1761,304,1.2,1.5,10.0
0.06,False,0.75,147.9,0.24502574092110754,1761,304,1.2,1.5,10.0
0.06,True,0.25,47.7,0.7549742590788925,5426,304,1.2,1.5,10.0
0.06,True,0.5,82.80000000000001,0.7549742590788925,5426,304,1.2,1.5,10.0
0.06,True,0.75,143.9,0.7549742590788925,5426,304,1.2,1.5,10.0
0.09,False,0.25,42.67500000000001,0.15578093306288032,1152,304,1.2,1.5,10.0
0.09,False,0.5,78.19999999999999,0.15578093306288032,1152,304,1.2,1.5,10.0
0.09,False,0.75,131.9,0.15578093306288032,1152,304,1.2,1.5,10.0
0.09,True,0.25,44.2,0.8442190669371197,6243,304,1.2,1.5,10.0
0.09,True,0.5,77.1,0.8442190669371197,6243,304,1.2,1.5,10.0
0.09,True,0.75,132.05,0.8442190669371197,6243,304,1.2,1.5,10.0
0.12,False,0.25,37.00000000000001,0.09307149771815793,673,304,1.2,1.5,10.0
0.12,False,0.5,60.20000000000001,0.09307149771815793,673,304,1.2,1.5,10.0
0.12,False,0.75,108.00000000000001,0.09307149771815793,673,304,1.2,1.5,10.0
0.12,True,0.25,41.10000000000001,0.9069285022818421,6558,304,1.2,1.5,10.0
0.12,True,0.5,68.5,0.9069285022818421,6558,304,1.2,1.5,10.0
0.12,True,0.75,114.9,0.9069285022818421,6558,304,1.2,1.5,10.0
0.15,False,0.25,34.625,0.0547945205479452,400,304,1.2,1.5,10.0
0.15,False,0.5,57.00000000000001,0.0547945205479452,400,304,1.2,1.5,10.0
0.15,False,0.75,97.64999999999999,0.0547945205479452,400,304,1.2,1.5,10.0
0.15,True,0.25,37.300000000000004,0.9452054794520548,6900,304,1.2,1.5,10.0
0.15,True,0.5,60.3,0.9452054794520548,6900,304,1.2,1.5,10.0
0.15,True,0.75,98.8,0.9452054794520548,6900,304,1.2,1.5,10.0
0.0,False,0.25,51.100000000000016,0.5093612334801763,1850,307,1.2,1.5,10.0
0.0,False,0.5,92.44999999999999,0.5093612334801763,1850,307,1.2,1.5,10.0
0.0,False,0.75,157.85,0.5093612334801763,1850,307,1.2,1.5,10.0
0.0,True,0.25,50.22500000000001,0.4906387665198238,1782,307,1.2,1.5,10.0
0.0,True,0.5,91.05,0.4906387665198238,1782,307,1.2,1.5,10.0
0.0,True,0.75,159.60000000000002,0.4906387665198238,1782,307,1.2,1.5,10.0
0.03,False,0.25,49.20000000000001,0.36318407960199006,2628,307,1.2,1.5,10.0
0.03,False,0.5,92.44999999999999,0.36318407960199006,2628,307,1.2,1.5,10.0
0.03,False,0.75,162.95,0.36318407960199006,2628,307,1.2,1.5,10.0
0.03,True,0.25,50.87500000000001,0.6368159203980099,4608,307,1.2,1.5,10.0
0.03,True,0.5,91.44999999999999,0.6368159203980099,4608,307,1.2,1.5,10.0
0.03,True,0.75,155.27500000000003,0.6368159203980099,4608,307,1.2,1.5,10.0
0.06,False,0.25,47.7,0.24561647648204843,1765,307,1.2,1.5,10.0
0.06,False,0.5,85.80000000000001,0.24561647648204843,1765,307,1.2,1.5,10.0
0.06,False,0.75,145.1,0.24561647648204843,1765,307,1.2,1.5,10.0
0.06,True,0.25,47.0,0.7543835235179516,5421,307,1.2,1.5,10.0
0.06,True,0.5,83.20000000000002,0.7543835235179516,5421,307,1.2,1.5,10.0
0.06,True,0.75,143.8,0.7543835235179516,5421,307,1.2,1.5,10.0
0.09,False,0.25,41.05,0.15010141987829614,1110,307,1.2,1.5,10.0
0.09,False,0.5,73.2,0.15010141987829614,1110,307,1.2,1.5,10.0
0.09,False,0.75,128.57500000000002,0.15010141987829614,1110,307,1.2,1.5,10.0
0.09,True,0.25,44.30000000000001,0.8498985801217038,6285,307,1.2,1.5,10.0
0.09,True,0.5,76.0,0.8498985801217038,6285,307,1.2,1.5,10.0
0.09,True,0.75,127.5,0.8498985801217038,6285,307,1.2,1.5,10.0
0.12,False,0.25,37.300000000000004,0.10261374636979671,742,307,1.2,1.5,10.0
0.12,False,0.5,62.599999999999994,0.10261374636979671,742,307,1.2,1.5,10.0
0.12,False,0.75,106.125,0.10261374636979671,742,307,1.2,1.5,10.0
0.12,True,0.25,41.50000000000001,0.8973862536302033,6489,307,1.2,1.5,10.0
0.12,True,0.5,68.70000000000002,0.8973862536302033,6489,307,1.2,1.5,10.0
0.12,True,0.75,115.80000000000001,0.8973862536302033,6489,307,1.2,1.5,10.0
0.15,False,0.25,35.075,0.05671232876712329,414,307,1.2,1.5,10.0
0.15,False,0.5,59.35000000000001,0.05671232876712329,414,307,1.2,1.5,10.0
0.15,False,0.75,100.65,0.05671232876712329,414,307,1.2,1.5,10.0
0.15,True,0.25,37.00000000000001,0.9432876712328767,6886,307,1.2,1.5,10.0
0.15,True,0.5,61.000000000000014,0.9432876712328767,6886,307,1.2,1.5,10.0
0.15,True,0.75,99.90000000000002,0.9432876712328767,6886,307,1.2,1.5,10.0
0.0,False,0.25,49.87500000000001,0.5067474524924264,1840,308,1.2,1.5,10.0
0.0,False,0.5,88.54999999999998,0.5067474524924264,1840,308,1.2,1.5,10.0
0.0,False,0.75,161.60000000000002,0.5067474524924264,1840,308,1.2,1.5,10.0
0.0,True,0.25,48.55,0.4932525475075737,1791,308,1.2,1.5,10.0
0.0,True,0.5,87.1,0.4932525475075737,1791,308,1.2,1.5,10.0
0.0,True,0.75,158.25,0.4932525475075737,1791,308,1.2,1.5,10.0
0.03,False,0.25,47.800000000000004,0.3620022123893805,2618,308,1.2,1.5,10.0
0.03,False,0.5,90.25,0.3620022123893805,2618,308,1.2,1.5,10.0
0.03,False,0.75,157.89999999999998,0.3620022123893805,2618,308,1.2,1.5,10.0
0.03,True,0.25,49.800000000000004,0.6379977876106194,4614,308,1.2,1.5,10.0
0.03,True,0.5,88.19999999999999,0.6379977876106194,4614,308,1.2,1.5,10.0
0.03,True,0.75,156.50000000000003,0.6379977876106194,4614,308,1.2,1.5,10.0
0.06,False,0.25,46.7,0.24565308109611908,1766,308,1.2,1.5,10.0
0.06,False,0.5,82.35,0.24565308109611908,1766,308,1.2,1.5,10.0
0.06,False,0.75,145.0,0.24565308109611908,1766,308,1.2,1.5,10.0
0.06,True,0.25,47.7,0.754346918903881,5423,308,1.2,1.5,10.0
0.06,True,0.5,83.20000000000002,0.754346918903881,5423,308,1.2,1.5,10.0
0.06,True,0.75,147.4,0.754346918903881,5423,308,1.2,1.5,10.0
0.09,False,0.25,41.05000000000001,0.1514946571080752,1120,308,1.2,1.5,10.0
0.09,False,0.5,71.70000000000002,0.1514946571080752,1120,308,1.2,1.5,10.0
0.09,False,0.75,125.075,0.1514946571080752,1120,308,1.2,1.5,10.0
0.09,True,0.25,44.8,0.8485053428919248,6273,308,1.2,1.5,10.0
0.09,True,0.5,77.3,0.8485053428919248,6273,308,1.2,1.5,10.0
0.09,True,0.75,130.4,0.8485053428919248,6273,308,1.2,1.5,10.0
0.12,False,0.25,38.525000000000006,0.09293320425943853,672,308,1.2,1.5,10.0
0.12,False,0.5,65.8,0.09293320425943853,672,308,1.2,1.5,10.0
0.12,False,0.75,108.525,0.09293320425943853,672,308,1.2,1.5,10.0
0.12,True,0.25,40.50000000000001,0.9070667957405615,6559,308,1.2,1.5,10.0
0.12,True,0.5,68.2,0.9070667957405615,6559,308,1.2,1.5,10.0
0.12,True,0.75,111.3,0.9070667957405615,6559,308,1.2,1.5,10.0
0.15,False,0.25,32.82500000000001,0.056164383561643834,410,308,1.2,1.5,10.0
0.15,False,0.5,55.75,0.056164383561643834,410,308,1.2,1.5,10.0
0.15,False,0.75,88.32499999999999,0.056164383561643834,410,308,1.2,1.5,10.0
0.15,True,0.25,37.800000000000004,0.9438356164383561,6890,308,1.2,1.5,10.0
0.15,True,0.5,61.40000000000001,0.9438356164383561,6890,308,1.2,1.5,10.0
0.15,True,0.75,100.1,0.9438356164383561,6890,308,1.2,1.5,10.0
0.0,False,0.25,50.375,0.4955947136563877,1800,312,1.2,1.5,10.0
0.0,False,0.5,91.05,0.4955947136563877,1800,312,1.2,1.5,10.0
0.0,False,0.75,161.125,0.4955947136563877,1800,312,1.2,1.5,10.0
0.0,True,0.25,52.00000000000001,0.5044052863436124,1832,312,1.2,1.5,10.0
0.0,True,0.5,94.55,0.5044052863436124,1832,312,1.2,1.5,10.0
0.0,True,0.75,158.79999999999998,0.5044052863436124,1832,312,1.2,1.5,10.0
0.03,False,0.25,50.8,0.36151402127365656,2617,312,1.2,1.5,10.0
0.03,False,0.5,92.5,0.36151402127365656,2617,312,1.2,1.5,10.0
0.03,False,0.75,158.29999999999998,0.36151402127365656,2617,312,1.2,1.5,10.0
0.03,True,0.25,49.70000000000001,0.6384859787263434,4622,312,1.2,1.5,10.0
0.03,True,0.5,89.5,0.6384859787263434,4622,312,1.2,1.5,10.0
0.03,True,0.75,155.65000000000003,0.6384859787263434,4622,312,1.2,1.5,10.0
0.06,False,0.25,47.6,0.2507304855989982,1802,312,1.2,1.5,10.0
0.06,False,0.5,87.30000000000001,0.2507304855989982,1802,312,1.2,1.5,10.0
0.06,False,0.75,149.57500000000002,0.2507304855989982,1802,312,1.2,1.5,10.0
0.06,True,0.25,47.400000000000006,0.7492695144010018,5385,312,1.2,1.5,10.0
0.06,True,0.5,83.7,0.7492695144010018,5385,312,1.2,1.5,10.0
0.06,True,0.75,143.6,0.7492695144010018,5385,312,1.2,1.5,10.0
0.09,False,0.25,43.30000000000001,0.16727518593644355,1237,312,1.2,1.5,10.0
0.09,False,0.5,79.80000000000001,0.16727518593644355,1237,312,1.2,1.5,10.0
0.09,False,0.75,131.70000000000002,0.16727518593644355,1237,312,1.2,1.5,10.0
0.09,True,0.25,44.500000000000014,0.8327248140635565,6158,312,1.2,1.5,10.0
0.09,True,0.5,76.89999999999999,0.8327248140635565,6158,312,1.2,1.5,10.0
0.09,True,0.75,130.4,0.8327248140635565,6158,312,1.2,1.5,10.0
0.12,False,0.25,37.2,0.09818835569077583,710,312,1.2,1.5,10.0
0.12,False,0.5,63.44999999999999,0.09818835569077583,710,312,1.2,1.5,10.0
0.12,False,0.75,107.69999999999999,0.09818835569077583,710,312,1.2,1.5,10.0
0.12,True,0.25,40.599999999999994,0.9018116443092242,6521,312,1.2,1.5,10.0
0.12,True,0.5,67.39999999999999,0.9018116443092242,6521,312,1.2,1.5,10.0
0.12,True,0.75,115.10000000000001,0.9018116443092242,6521,312,1.2,1.5,10.0
0.15,False,0.25,35.2,0.05821917808219178,425,312,1.2,1.5,10.0
0.15,False,0.5,57.3,0.05821917808219178,425,312,1.2,1.5,10.0
0.15,False,0.75,94.9,0.05821917808219178,425,312,1.2,1.5,10.0
0.15,True,0.25,37.50000000000001,0.9417808219178082,6875,312,1.2,1.5,10.0
0.15,True,0.5,61.40000000000001,0.9417808219178082,6875,312,1.2,1.5,10.0
0.15,True,0.75,99.30000000000001,0.9417808219178082,6875,312,1.2,1.5,10.0
0.0,False,0.25,50.8,0.5150096392178464,1870,316,1.2,1.5,10.0
0.0,False,0.5,90.2,0.5150096392178464,1870,316,1.2,1.5,10.0
0.0,False,0.75,158.725,0.5150096392178464,1870,316,1.2,1.5,10.0
0.0,True,0.25,47.800000000000004,0.4849903607821537,1761,316,1.2,1.5,10.0
0.0,True,0.5,88.39999999999999,0.4849903607821537,1761,316,1.2,1.5,10.0
0.0,True,0.75,160.60000000000002,0.4849903607821537,1761,316,1.2,1.5,10.0
0.03,False,0.25,48.275000000000006,0.3571527297857636,2584,316,1.2,1.5,10.0
0.03,False,0.5,85.05,0.3571527297857636,2584,316,1.2,1.5,10.0
0.03,False,0.75,150.32500000000002,0.3571527297857636,2584,316,1.2,1.5,10.0
0.03,True,0.25,49.45,0.6428472702142364,4651,316,1.2,1.5,10.0
0.03,True,0.5,89.30000000000001,0.6428472702142364,4651,316,1.2,1.5,10.0
0.03,True,0.75,158.9,0.6428472702142364,4651,316,1.2,1.5,10.0
0.06,False,0.25,46.0,0.2410627347336208,1733,316,1.2,1.5,10.0
0.06,False,0.5,82.49999999999999,0.2410627347336208,1733,316,1.2,1.5,10.0
0.06,False,0.75,142.6,0.2410627347336208,1733,316,1.2,1.5,10.0
0.06,True,0.25,46.87500000000001,0.7589372652663792,5456,316,1.2,1.5,10.0
0.06,True,0.5,81.4,0.7589372652663792,5456,316,1.2,1.5,10.0
0.06,True,0.75,140.32500000000002,0.7589372652663792,5456,316,1.2,1.5,10.0
0.09,False,0.25,42.900000000000006,0.15704044366292438,1161,316,1.2,1.5,10.0
0.09,False,0.5,74.69999999999999,0.15704044366292438,1161,316,1.2,1.5,10.0
0.09,False,0.75,123.10000000000001,0.15704044366292438,1161,316,1.2,1.5,10.0
0.09,True,0.25,43.500000000000014,0.8429595563370756,6232,316,1.2,1.5,10.0
0.09,True,0.5,74.49999999999999,0.8429595563370756,6232,316,1.2,1.5,10.0
0.09,True,0.75,129.20000000000002,0.8429595563370756,6232,316,1.2,1.5,10.0
0.12,False,0.25,37.900000000000006,0.09749688839717881,705,316,1.2,1.5,10.0
0.12,False,0.5,65.99999999999999,0.09749688839717881,705,316,1.2,1.5,10.0
0.12,False,0.75,108.69999999999999,0.09749688839717881,705,316,1.2,1.5,10.0
0.12,True,0.25,39.525000000000006,0.9025031116028212,6526,316,1.2,1.5,10.0
0.12,True,0.5,66.6,0.9025031116028212,6526,316,1.2,1.5,10.0
0.12,True,0.75,111.875,0.9025031116028212,6526,316,1.2,1.5,10.0
0.15,False,0.25,33.425,0.05671232876712329,414,316,1.2,1.5,10.0
0.15,False,0.5,50.650000000000006,0.05671232876712329,414,316,1.2,1.5,10.0
0.15,False,0.75,85.975,0.05671232876712329,414,316,1.2,1.5,10.0
0.15,True,0.25,36.7,0.9432876712328767,6886,316,1.2,1.5,10.0
0.15,True,0.5,59.800000000000004,0.9432876712328767,6886,316,1.2,1.5,10.0
0.15,True,0.75,97.4,0.9432876712328767,6886,316,1.2,1.5,10.0
0.0,False,0.25,50.2,0.48705947136563876,1769,330,1.2,1.5,10.0
0.0,False,0.5,87.5,0.48705947136563876,1769,330,1.2,1.5,10.0
0.0,False,0.75,155.50000000000003,0.48705947136563876,1769,330,1.2,1.5,10.0
0.0,True,0.25,51.55000000000001,0.5129405286343612,1863,330,1.2,1.5,10.0
0.0,True,0.5,92.39999999999999,0.5129405286343612,1863,330,1.2,1.5,10.0
0.0,True,0.75,161.75,0.5129405286343612,1863,330,1.2,1.5,10.0
0.03,False,0.25,46.7,0.37774706288873533,2733,330,1.2,1.5,10.0
0.03,False,0.5,88.79999999999998,0.37774706288873533,2733,330,1.2,1.5,10.0
0.03,False,0.75,153.0,0.37774706288873533,2733,330,1.2,1.5,10.0
0.03,True,0.25,49.1,0.6222529371112647,4502,330,1.2,1.5,10.0
0.03,True,0.5,87.39999999999999,0.6222529371112647,4502,330,1.2,1.5,10.0
0.03,True,0.75,156.0,0.6222529371112647,4502,330,1.2,1.5,10.0
0.06,False,0.25,43.95,0.2599137331292612,1868,330,1.2,1.5,10.0
0.06,False,0.5,81.0,0.2599137331292612,1868,330,1.2,1.5,10.0
0.06,False,0.75,144.1,0.2599137331292612,1868,330,1.2,1.5,10.0
0.06,True,0.25,46.7,0.7400862668707389,5319,330,1.2,1.5,10.0
0.06,True,0.5,83.49999999999999,0.7400862668707389,5319,330,1.2,1.5,10.0
0.06,True,0.75,143.95000000000002,0.7400862668707389,5319,330,1.2,1.5,10.0
0.09,False,0.25,43.22500000000001,0.1625422582826234,1202,330,1.2,1.5,10.0
0.09,False,0.5,74.5,0.1625422582826234,1202,330,1.2,1.5,10.0
0.09,False,0.75,126.75,0.1625422582826234,1202,330,1.2,1.5,10.0
0.09,True,0.25,43.900000000000006,0.8374577417173766,6193,330,1.2,1.5,10.0
0.09,True,0.5,74.30000000000001,0.8374577417173766,6193,330,1.2,1.5,10.0
0.09,True,0.75,127.6,0.8374577417173766,6193,330,1.2,1.5,10.0
0.12,False,0.25,38.25,0.09887982298437284,715,330,1.2,1.5,10.0
0.12,False,0.5,64.6,0.09887982298437284,715,330,1.2,1.5,10.0
0.12,False,0.75,113.15,0.09887982298437284,715,330,1.2,1.5,10.0
0.12,True,0.25,40.99999999999999,0.9011201770156272,6516,330,1.2,1.5,10.0
0.12,True,0.5,67.39999999999999,0.9011201770156272,6516,330,1.2,1.5,10.0
0.12,True,0.75,113.05000000000001,0.9011201770156272,6516,330,1.2,1.5,10.0
0.15,False,0.25,36.650000000000006,0.05958904109589041,435,330,1.2,1.5,10.0
0.15,False,0.5,61.1,0.05958904109589041,435,330,1.2,1.5,10.0
0.15,False,0.75,98.65,0.05958904109589041,435,330,1.2,1.5,10.0
0.15,True,0.25,37.00000000000001,0.9404109589041096,6865,330,1.2,1.5,10.0
0.15,True,0.5,60.1,0.9404109589041096,6865,330,1.2,1.5,10.0
0.15,True,0.75,98.4,0.9404109589041096,6865,330,1.2,1.5,10.0
0.0,False,0.25,49.70000000000001,0.48691820435141836,1768,335,1.2,1.5,10.0
0.0,False,0.5,93.35,0.48691820435141836,1768,335,1.2,1.5,10.0
0.0,False,0.75,162.3,0.48691820435141836,1768,335,1.2,1.5,10.0
0.0,True,0.25,50.0,0.5130817956485817,1863,335,1.2,1.5,10.0
0.0,True,0.5,88.5,0.5130817956485817,1863,335,1.2,1.5,10.0
0.0,True,0.75,164.8,0.5130817956485817,1863,335,1.2,1.5,10.0
0.03,False,0.25,48.0,0.3614491150442478,2614,335,1.2,1.5,10.0
0.03,False,0.5,88.54999999999998,0.3614491150442478,2614,335,1.2,1.5,10.0
0.03,False,0.75,158.60000000000002,0.3614491150442478,2614,335,1.2,1.5,10.0
0.03,True,0.25,49.60000000000001,0.6385508849557522,4618,335,1.2,1.5,10.0
0.03,True,0.5,90.0,0.6385508849557522,4618,335,1.2,1.5,10.0
0.03,True,0.75,159.1,0.6385508849557522,4618,335,1.2,1.5,10.0
0.06,False,0.25,45.500000000000014,0.24753026297481565,1779,335,1.2,1.5,10.0
0.06,False,0.5,81.1,0.24753026297481565,1779,335,1.2,1.5,10.0
0.06,False,0.75,142.55,0.24753026297481565,1779,335,1.2,1.5,10.0
0.06,True,0.25,47.975,0.7524697370251844,5408,335,1.2,1.5,10.0
0.06,True,0.5,86.25,0.7524697370251844,5408,335,1.2,1.5,10.0
0.06,True,0.75,147.60000000000002,0.7524697370251844,5408,335,1.2,1.5,10.0
0.09,False,0.25,41.4,0.15323235055450365,1133,335,1.2,1.5,10.0
0.09,False,0.5,69.39999999999999,0.15323235055450365,1133,335,1.2,1.5,10.0
0.09,False,0.75,122.9,0.15323235055450365,1133,335,1.2,1.5,10.0
0.09,True,0.25,44.100000000000016,0.8467676494454963,6261,335,1.2,1.5,10.0
0.09,True,0.5,76.39999999999999,0.8467676494454963,6261,335,1.2,1.5,10.0
0.09,True,0.75,128.8,0.8467676494454963,6261,335,1.2,1.5,10.0
0.12,False,0.25,39.05000000000001,0.09059474412171507,655,335,1.2,1.5,10.0
0.12,False,0.5,62.59999999999999,0.09059474412171507,655,335,1.2,1.5,10.0
0.12,False,0.75,100.85,0.09059474412171507,655,335,1.2,1.5,10.0
0.12,True,0.25,41.05,0.9094052558782849,6575,335,1.2,1.5,10.0
0.12,True,0.5,69.10000000000001,0.9094052558782849,6575,335,1.2,1.5,10.0
0.12,True,0.75,115.3,0.9094052558782849,6575,335,1.2,1.5,10.0
0.15,False,0.25,33.75,0.06027397260273973,440,335,1.2,1.5,10.0
0.15,False,0.5,56.50000000000001,0.06027397260273973,440,335,1.2,1.5,10.0
0.15,False,0.75,92.6,0.06027397260273973,440,335,1.2,1.5,10.0
0.15,True,0.25,37.800000000000004,0.9397260273972603,6860,335,1.2,1.5,10.0
0.15,True,0.5,61.79999999999999,0.9397260273972603,6860,335,1.2,1.5,10.0
0.15,True,0.75,101.4,0.9397260273972603,6860,335,1.2,1.5,10.0
0.0,False,0.25,51.70000000000001,0.497108234646103,1805,345,1.2,1.5,10.0
0.0,False,0.5,93.0,0.497108234646103,1805,345,1.2,1.5,10.0
0.0,False,0.75,161.1,0.497108234646103,1805,345,1.2,1.5,10.0
0.0,True,0.25,49.22500000000001,0.502891765353897,1826,345,1.2,1.5,10.0
0.0,True,0.5,90.1,0.502891765353897,1826,345,1.2,1.5,10.0
0.0,True,0.75,160.8,0.502891765353897,1826,345,1.2,1.5,10.0
0.03,False,0.25,49.1,0.3648293963254593,2641,345,1.2,1.5,10.0
0.03,False,0.5,90.0,0.3648293963254593,2641,345,1.2,1.5,10.0
0.03,False,0.75,152.60000000000002,0.3648293963254593,2641,345,1.2,1.5,10.0
0.03,True,0.25,49.400000000000006,0.6351706036745407,4598,345,1.2,1.5,10.0
0.03,True,0.5,88.39999999999999,0.6351706036745407,4598,345,1.2,1.5,10.0
0.03,True,0.75,156.375,0.6351706036745407,4598,345,1.2,1.5,10.0
0.06,False,0.25,44.650000000000006,0.24638286032276016,1771,345,1.2,1.5,10.0
0.06,False,0.5,78.0,0.24638286032276016,1771,345,1.2,1.5,10.0
0.06,False,0.75,133.35000000000002,0.24638286032276016,1771,345,1.2,1.5,10.0
0.06,True,0.25,46.800000000000004,0.7536171396772399,5417,345,1.2,1.5,10.0
0.06,True,0.5,83.0,0.7536171396772399,5417,345,1.2,1.5,10.0
0.06,True,0.75,145.2,0.7536171396772399,5417,345,1.2,1.5,10.0
0.09,False,0.25,42.2,0.15618661257606492,1155,345,1.2,1.5,10.0
0.09,False,0.5,76.3,0.15618661257606492,1155,345,1.2,1.5,10.0
0.09,False,0.75,124.50000000000001,0.15618661257606492,1155,345,1.2,1.5,10.0
0.09,True,0.25,43.175000000000004,0.8438133874239351,6240,345,1.2,1.5,10.0
0.09,True,0.5,74.69999999999999,0.8438133874239351,6240,345,1.2,1.5,10.0
0.09,True,0.75,125.32500000000002,0.8438133874239351,6240,345,1.2,1.5,10.0
0.12,False,0.25,38.50000000000001,0.09417784538791316,681,345,1.2,1.5,10.0
0.12,False,0.5,62.59999999999999,0.09417784538791316,681,345,1.2,1.5,10.0
0.12,False,0.75,110.69999999999999,0.09417784538791316,681,345,1.2,1.5,10.0
0.12,True,0.25,40.32500000000001,0.9058221546120868,6550,345,1.2,1.5,10.0
0.12,True,0.5,68.99999999999999,0.9058221546120868,6550,345,1.2,1.5,10.0
0.12,True,0.75,114.5,0.9058221546120868,6550,345,1.2,1.5,10.0
0.15,False,0.25,35.925,0.0589041095890411,430,345,1.2,1.5,10.0
0.15,False,0.5,58.00000000000001,0.0589041095890411,430,345,1.2,1.5,10.0
0.15,False,0.75,92.32499999999999,0.0589041095890411,430,345,1.2,1.5,10.0
0.15,True,0.25,37.10000000000001,0.9410958904109589,6870,345,1.2,1.5,10.0
0.15,True,0.5,60.000000000000014,0.9410958904109589,6870,345,1.2,1.5,10.0
0.15,True,0.75,99.57499999999999,0.9410958904109589,6870,345,1.2,1.5,10.0
0.0,False,0.25,48.1,0.5122488301679053,1861,356,1.2,1.5,10.0
0.0,False,0.5,88.3,0.5122488301679053,1861,356,1.2,1.5,10.0
0.0,False,0.75,154.50000000000003,0.5122488301679053,1861,356,1.2,1.5,10.0
0.0,True,0.25,51.00000000000001,0.4877511698320947,1772,356,1.2,1.5,10.0
0.0,True,0.5,88.19999999999999,0.4877511698320947,1772,356,1.2,1.5,10.0
0.0,True,0.75,155.95000000000002,0.4877511698320947,1772,356,1.2,1.5,10.0
0.03,False,0.25,50.70000000000001,0.3556815040088471,2573,356,1.2,1.5,10.0
0.03,False,0.5,92.7,0.3556815040088471,2573,356,1.2,1.5,10.0
0.03,False,0.75,162.0,0.3556815040088471,2573,356,1.2,1.5,10.0
0.03,True,0.25,50.50000000000001,0.6443184959911529,4661,356,1.2,1.5,10.0
0.03,True,0.5,91.9,0.6443184959911529,4661,356,1.2,1.5,10.0
0.03,True,0.75,160.8,0.6443184959911529,4661,356,1.2,1.5,10.0
0.06,False,0.25,45.500000000000014,0.2406402226861517,1729,356,1.2,1.5,10.0
0.06,False,0.5,79.60000000000001,0.2406402226861517,1729,356,1.2,1.5,10.0
0.06,False,0.75,139.8,0.2406402226861517,1729,356,1.2,1.5,10.0
0.06,True,0.25,47.300000000000004,0.7593597773138483,5456,356,1.2,1.5,10.0
0.06,True,0.5,83.0,0.7593597773138483,5456,356,1.2,1.5,10.0
0.06,True,0.75,144.7,0.7593597773138483,5456,356,1.2,1.5,10.0
0.09,False,0.25,42.07500000000001,0.15039220989991886,1112,356,1.2,1.5,10.0
0.09,False,0.5,74.15,0.15039220989991886,1112,356,1.2,1.5,10.0
0.09,False,0.75,128.5,0.15039220989991886,1112,356,1.2,1.5,10.0
0.09,True,0.25,44.6,0.8496077901000811,6282,356,1.2,1.5,10.0
0.09,True,0.5,76.6,0.8496077901000811,6282,356,1.2,1.5,10.0
0.09,True,0.75,132.8,0.8496077901000811,6282,356,1.2,1.5,10.0
0.12,False,0.25,39.15,0.08630705394190871,624,356,1.2,1.5,10.0
0.12,False,0.5,66.79999999999998,0.08630705394190871,624,356,1.2,1.5,10.0
0.12,False,0.75,117.42500000000001,0.08630705394190871,624,356,1.2,1.5,10.0
0.12,True,0.25,39.50000000000001,0.9136929460580913,6606,356,1.2,1.5,10.0
0.12,True,0.5,66.75,0.9136929460580913,6606,356,1.2,1.5,10.0
0.12,True,0.75,112.69999999999999,0.9136929460580913,6606,356,1.2,1.5,10.0
0.15,False,0.25,34.2,0.054383561643835614,397,356,1.2,1.5,10.0
0.15,False,0.5,55.800000000000004,0.054383561643835614,397,356,1.2,1.5,10.0
0.15,False,0.75,93.30000000000001,0.054383561643835614,397,356,1.2,1.5,10.0
0.15,True,0.25,37.00000000000001,0.9456164383561644,6903,356,1.2,1.5,10.0
0.15,True,0.5,60.000000000000014,0.9456164383561644,6903,356,1.2,1.5,10.0
0.15,True,0.75,97.75,0.9456164383561644,6903,356,1.2,1.5,10.0
0.0,False,0.25,52.099999999999994,0.48787878787878786,1771,358,1.2,1.5,10.0
0.0,False,0.5,91.19999999999999,0.48787878787878786,1771,358,1.2,1.5,10.0
0.0,False,0.75,160.35000000000002,0.48787878787878786,1771,358,1.2,1.5,10.0
0.0,True,0.25,53.2,0.5121212121212121,1859,358,1.2,1.5,10.0
0.0,True,0.5,96.0,0.5121212121212121,1859,358,1.2,1.5,10.0
0.0,True,0.75,165.20000000000002,0.5121212121212121,1859,358,1.2,1.5,10.0
0.03,False,0.25,47.7,0.35589941972920697,2576,358,1.2,1.5,10.0
0.03,False,0.5,91.54999999999998,0.35589941972920697,2576,358,1.2,1.5,10.0
0.03,False,0.75,160.92499999999998,0.35589941972920697,2576,358,1.2,1.5,10.0
0.03,True,0.25,48.5,0.6441005802707931,4662,358,1.2,1.5,10.0
0.03,True,0.5,88.7,0.6441005802707931,4662,358,1.2,1.5,10.0
0.03,True,0.75,157.175,0.6441005802707931,4662,358,1.2,1.5,10.0
0.06,False,0.25,47.1,0.2402615470228158,1727,358,1.2,1.5,10.0
0.06,False,0.5,86.0,0.2402615470228158,1727,358,1.2,1.5,10.0
0.06,False,0.75,147.65,0.2402615470228158,1727,358,1.2,1.5,10.0
0.06,True,0.25,48.20000000000001,0.7597384529771842,5461,358,1.2,1.5,10.0
0.06,True,0.5,86.60000000000001,0.7597384529771842,5461,358,1.2,1.5,10.0
0.06,True,0.75,147.3,0.7597384529771842,5461,358,1.2,1.5,10.0
0.09,False,0.25,43.0,0.15271202488840796,1129,358,1.2,1.5,10.0
0.09,False,0.5,77.69999999999999,0.15271202488840796,1129,358,1.2,1.5,10.0
0.09,False,0.75,131.5,0.15271202488840796,1129,358,1.2,1.5,10.0
0.09,True,0.25,45.2,0.847287975111592,6264,358,1.2,1.5,10.0
0.09,True,0.5,77.75,0.847287975111592,6264,358,1.2,1.5,10.0
0.09,True,0.75,133.89999999999998,0.847287975111592,6264,358,1.2,1.5,10.0
0.12,False,0.25,38.00000000000001,0.09528419305766837,689,358,1.2,1.5,10.0
0.12,False,0.5,65.8,0.09528419305766837,689,358,1.2,1.5,10.0
0.12,False,0.75,109.89999999999999,0.09528419305766837,689,358,1.2,1.5,10.0
0.12,True,0.25,40.625,0.9047158069423317,6542,358,1.2,1.5,10.0
0.12,True,0.5,68.99999999999999,0.9047158069423317,6542,358,1.2,1.5,10.0
0.12,True,0.75,115.80000000000001,0.9047158069423317,6542,358,1.2,1.5,10.0
0.15,False,0.25,35.425,0.05835616438356164,426,358,1.2,1.5,10.0
0.15,False,0.5,56.150000000000006,0.05835616438356164,426,358,1.2,1.5,10.0
0.15,False,0.75,89.30000000000001,0.05835616438356164,426,358,1.2,1.5,10.0
0.15,True,0.25,37.7,0.9416438356164384,6874,358,1.2,1.5,10.0
0.15,True,0.5,60.75,0.9416438356164384,6874,358,1.2,1.5,10.0
0.15,True,0.75,99.4,0.9416438356164384,6874,358,1.2,1.5,10.0
0.0,False,0.25,50.100000000000016,0.5046831955922865,1832,362,1.2,1.5,10.0
0.0,False,0.5,89.19999999999999,0.5046831955922865,1832,362,1.2,1.5,10.0
0.0,False,0.75,165.225,0.5046831955922865,1832,362,1.2,1.5,10.0
0.0,True,0.25,51.2,0.4953168044077135,1798,362,1.2,1.5,10.0
0.0,True,0.5,90.59999999999998,0.4953168044077135,1798,362,1.2,1.5,10.0
0.0,True,0.75,159.70000000000002,0.4953168044077135,1798,362,1.2,1.5,10.0
0.03,False,0.25,49.325,0.36511885019347706,2642,362,1.2,1.5,10.0
0.03,False,0.5,87.89999999999999,0.36511885019347706,2642,362,1.2,1.5,10.0
0.03,False,0.75,156.375,0.36511885019347706,2642,362,1.2,1.5,10.0
0.03,True,0.25,49.800000000000004,0.634881149806523,4594,362,1.2,1.5,10.0
0.03,True,0.5,89.85,0.634881149806523,4594,362,1.2,1.5,10.0
0.03,True,0.75,155.0,0.634881149806523,4594,362,1.2,1.5,10.0
0.06,False,0.25,45.2,0.24053978853644964,1729,362,1.2,1.5,10.0
0.06,False,0.5,78.49999999999999,0.24053978853644964,1729,362,1.2,1.5,10.0
0.06,False,0.75,137.8,0.24053978853644964,1729,362,1.2,1.5,10.0
0.06,True,0.25,48.400000000000006,0.7594602114635504,5459,362,1.2,1.5,10.0
0.06,True,0.5,84.49999999999999,0.7594602114635504,5459,362,1.2,1.5,10.0
0.06,True,0.75,148.4,0.7594602114635504,5459,362,1.2,1.5,10.0
0.09,False,0.25,40.55,0.15564570655848547,1151,362,1.2,1.5,10.0
0.09,False,0.5,68.5,0.15564570655848547,1151,362,1.2,1.5,10.0
0.09,False,0.75,119.95,0.15564570655848547,1151,362,1.2,1.5,10.0
0.09,True,0.25,44.100000000000016,0.8443542934415146,6244,362,1.2,1.5,10.0
0.09,True,0.5,74.80000000000001,0.8443542934415146,6244,362,1.2,1.5,10.0
0.09,True,0.75,130.4,0.8443542934415146,6244,362,1.2,1.5,10.0
0.12,False,0.25,38.50000000000001,0.10013831258644537,724,362,1.2,1.5,10.0
0.12,False,0.5,64.80000000000001,0.10013831258644537,724,362,1.2,1.5,10.0
0.12,False,0.75,107.625,0.10013831258644537,724,362,1.2,1.5,10.0
0.12,True,0.25,40.8,0.8998616874135547,6506,362,1.2,1.5,10.0
0.12,True,0.5,67.6,0.8998616874135547,6506,362,1.2,1.5,10.0
0.12,True,0.75,112.47500000000001,0.8998616874135547,6506,362,1.2,1.5,10.0
0.15,False,0.25,34.35,0.06027397260273973,440,362,1.2,1.5,10.0
0.15,False,0.5,55.15,0.06027397260273973,440,362,1.2,1.5,10.0
0.15,False,0.75,97.17500000000001,0.06027397260273973,440,362,1.2,1.5,10.0
0.15,True,0.25,37.60000000000001,0.9397260273972603,6860,362,1.2,1.5,10.0
0.15,True,0.5,61.150000000000006,0.9397260273972603,6860,362,1.2,1.5,10.0
0.15,True,0.75,99.72500000000001,0.9397260273972603,6860,362,1.2,1.5,10.0
0.0,False,0.25,49.575,0.4944933920704846,1796,367,1.2,1.5,10.0
0.0,False,0.5,88.64999999999999,0.4944933920704846,1796,367,1.2,1.5,10.0
0.0,False,0.75,158.32500000000002,0.4944933920704846,1796,367,1.2,1.5,10.0
0.0,True,0.25,49.60000000000001,0.5055066079295154,1836,367,1.2,1.5,10.0
0.0,True,0.5,92.6,0.5055066079295154,1836,367,1.2,1.5,10.0
0.0,True,0.75,164.825,0.5055066079295154,1836,367,1.2,1.5,10.0
0.03,False,0.25,47.400000000000006,0.3648928818244644,2640,367,1.2,1.5,10.0
0.03,False,0.5,85.95,0.3648928818244644,2640,367,1.2,1.5,10.0
0.03,False,0.75,152.975,0.3648928818244644,2640,367,1.2,1.5,10.0
0.03,True,0.25,49.800000000000004,0.6351071181755356,4595,367,1.2,1.5,10.0
0.03,True,0.5,89.5,0.6351071181755356,4595,367,1.2,1.5,10.0
0.03,True,0.75,158.65000000000003,0.6351071181755356,4595,367,1.2,1.5,10.0
0.06,False,0.25,46.1,0.24499165275459098,1761,367,1.2,1.5,10.0
0.06,False,0.5,82.4,0.24499165275459098,1761,367,1.2,1.5,10.0
0.06,False,0.75,146.6,0.24499165275459098,1761,367,1.2,1.5,10.0
0.06,True,0.25,47.95,0.755008347245409,5427,367,1.2,1.5,10.0
0.06,True,0.5,84.7,0.755008347245409,5427,367,1.2,1.5,10.0
0.06,True,0.75,145.05,0.755008347245409,5427,367,1.2,1.5,10.0
0.09,False,0.25,41.6,0.16240703177822854,1201,367,1.2,1.5,10.0
0.09,False,0.5,71.8,0.16240703177822854,1201,367,1.2,1.5,10.0
0.09,False,0.75,129.6,0.16240703177822854,1201,367,1.2,1.5,10.0
0.09,True,0.25,44.500000000000014,0.8375929682217714,6194,367,1.2,1.5,10.0
0.09,True,0.5,76.6,0.8375929682217714,6194,367,1.2,1.5,10.0
0.09,True,0.75,131.35000000000002,0.8375929682217714,6194,367,1.2,1.5,10.0
0.12,False,0.25,38.525000000000006,0.09210344350712212,666,367,1.2,1.5,10.0
0.12,False,0.5,64.29999999999998,0.09210344350712212,666,367,1.2,1.5,10.0
0.12,False,0.75,109.875,0.09210344350712212,666,367,1.2,1.5,10.0
0.12,True,0.25,40.2,0.9078965564928779,6565,367,1.2,1.5,10.0
0.12,True,0.5,68.3,0.9078965564928779,6565,367,1.2,1.5,10.0
0.12,True,0.75,112.5,0.9078965564928779,6565,367,1.2,1.5,10.0
0.15,False,0.25,38.625,0.057534246575342465,420,367,1.2,1.5,10.0
0.15,False,0.5,65.6,0.057534246575342465,420,367,1.2,1.5,10.0
0.15,False,0.75,97.9,0.057534246575342465,420,367,1.2,1.5,10.0
0.15,True,0.25,37.10000000000001,0.9424657534246575,6880,367,1.2,1.5,10.0
0.15,True,0.5,61.1,0.9424657534246575,6880,367,1.2,1.5,10.0
0.15,True,0.75,100.025,0.9424657534246575,6880,367,1.2,1.5,10.0
0.0,False,0.25,50.50000000000001,0.4946206896551724,1793,368,1.2,1.5,10.0
0.0,False,0.5,92.30000000000001,0.4946206896551724,1793,368,1.2,1.5,10.0
0.0,False,0.75,160.8,0.4946206896551724,1793,368,1.2,1.5,10.0
0.0,True,0.25,50.97500000000001,0.5053793103448276,1832,368,1.2,1.5,10.0
0.0,True,0.5,91.64999999999999,0.5053793103448276,1832,368,1.2,1.5,10.0
0.0,True,0.75,164.775,0.5053793103448276,1832,368,1.2,1.5,10.0
0.03,False,0.25,49.0,0.3626191462909242,2625,368,1.2,1.5,10.0
0.03,False,0.5,88.19999999999999,0.3626191462909242,2625,368,1.2,1.5,10.0
0.03,False,0.75,158.20000000000002,0.3626191462909242,2625,368,1.2,1.5,10.0
0.03,True,0.25,49.22500000000001,0.6373808537090758,4614,368,1.2,1.5,10.0
0.03,True,0.5,90.9,0.6373808537090758,4614,368,1.2,1.5,10.0
0.03,True,0.75,160.675,0.6373808537090758,4614,368,1.2,1.5,10.0
0.06,False,0.25,45.6,0.23747913188647746,1707,368,1.2,1.5,10.0
0.06,False,0.5,81.9,0.23747913188647746,1707,368,1.2,1.5,10.0
0.06,False,0.75,137.9,0.23747913188647746,1707,368,1.2,1.5,10.0
0.06,True,0.25,47.6,0.7625208681135225,5481,368,1.2,1.5,10.0
0.06,True,0.5,84.80000000000001,0.7625208681135225,5481,368,1.2,1.5,10.0
0.06,True,0.75,146.3,0.7625208681135225,5481,368,1.2,1.5,10.0
0.09,False,0.25,43.100000000000016,0.14674060048688126,1085,368,1.2,1.5,10.0
0.09,False,0.5,72.39999999999999,0.14674060048688126,1085,368,1.2,1.5,10.0
0.09,False,0.75,127.7,0.14674060048688126,1085,368,1.2,1.5,10.0
0.09,True,0.25,44.70000000000001,0.8532593995131188,6309,368,1.2,1.5,10.0
0.09,True,0.5,76.89999999999999,0.8532593995131188,6309,368,1.2,1.5,10.0
0.09,True,0.75,129.9,0.8532593995131188,6309,368,1.2,1.5,10.0
0.12,False,0.25,42.525000000000006,0.09929470336053105,718,368,1.2,1.5,10.0
0.12,False,0.5,66.29999999999998,0.09929470336053105,718,368,1.2,1.5,10.0
0.12,False,0.75,111.30000000000001,0.09929470336053105,718,368,1.2,1.5,10.0
0.12,True,0.25,40.900000000000006,0.900705296639469,6513,368,1.2,1.5,10.0
0.12,True,0.5,68.8,0.900705296639469,6513,368,1.2,1.5,10.0
0.12,True,0.75,113.00000000000001,0.900705296639469,6513,368,1.2,1.5,10.0
0.15,False,0.25,34.650000000000006,0.05698630136986301,416,368,1.2,1.5,10.0
0.15,False,0.5,57.55,0.05698630136986301,416,368,1.2,1.5,10.0
0.15,False,0.75,89.14999999999998,0.05698630136986301,416,368,1.2,1.5,10.0
0.15,True,0.25,37.2,0.943013698630137,6884,368,1.2,1.5,10.0
0.15,True,0.5,60.800000000000004,0.943013698630137,6884,368,1.2,1.5,10.0
0.15,True,0.75,98.70000000000002,0.943013698630137,6884,368,1.2,1.5,10.0
0.0,False,0.25,48.400000000000006,0.5046806167400881,1833,371,1.2,1.5,10.0
0.0,False,0.5,86.5,0.5046806167400881,1833,371,1.2,1.5,10.0
0.0,False,0.75,152.2,0.5046806167400881,1833,371,1.2,1.5,10.0
0.0,True,0.25,48.80000000000001,0.49531938325991187,1799,371,1.2,1.5,10.0
0.0,True,0.5,91.39999999999999,0.49531938325991187,1799,371,1.2,1.5,10.0
0.0,True,0.75,160.70000000000002,0.49531938325991187,1799,371,1.2,1.5,10.0
0.03,False,0.25,47.300000000000004,0.36625172890733054,2648,371,1.2,1.5,10.0
0.03,False,0.5,86.80000000000001,0.36625172890733054,2648,371,1.2,1.5,10.0
0.03,False,0.75,155.125,0.36625172890733054,2648,371,1.2,1.5,10.0
0.03,True,0.25,48.900000000000006,0.6337482710926694,4582,371,1.2,1.5,10.0
0.03,True,0.5,90.8,0.6337482710926694,4582,371,1.2,1.5,10.0
0.03,True,0.75,158.0,0.6337482710926694,4582,371,1.2,1.5,10.0
0.06,False,0.25,46.150000000000006,0.24144169217923742,1735,371,1.2,1.5,10.0
0.06,False,0.5,83.80000000000001,0.24144169217923742,1735,371,1.2,1.5,10.0
0.06,False,0.75,146.95,0.24144169217923742,1735,371,1.2,1.5,10.0
0.06,True,0.25,48.20000000000001,0.7585583078207626,5451,371,1.2,1.5,10.0
0.06,True,0.5,84.49999999999999,0.7585583078207626,5451,371,1.2,1.5,10.0
0.06,True,0.75,143.25,0.7585583078207626,5451,371,1.2,1.5,10.0
0.09,False,0.25,40.45,0.1534820824881677,1135,371,1.2,1.5,10.0
0.09,False,0.5,73.2,0.1534820824881677,1135,371,1.2,1.5,10.0
0.09,False,0.75,131.4,0.1534820824881677,1135,371,1.2,1.5,10.0
0.09,True,0.25,43.30000000000001,0.8465179175118324,6260,371,1.2,1.5,10.0
0.09,True,0.5,74.69999999999999,0.8465179175118324,6260,371,1.2,1.5,10.0
0.09,True,0.75,128.3,0.8465179175118324,6260,371,1.2,1.5,10.0
0.12,False,0.25,38.300000000000004,0.09279491080071912,671,371,1.2,1.5,10.0
0.12,False,0.5,64.9,0.09279491080071912,671,371,1.2,1.5,10.0
0.12,False,0.75,111.25,0.09279491080071912,671,371,1.2,1.5,10.0
0.12,True,0.25,40.599999999999994,0.9072050891992809,6560,371,1.2,1.5,10.0
0.12,True,0.5,67.8,0.9072050891992809,6560,371,1.2,1.5,10.0
0.12,True,0.75,113.9,0.9072050891992809,6560,371,1.2,1.5,10.0
0.15,False,0.25,33.7,0.053561643835616436,391,371,1.2,1.5,10.0
0.15,False,0.5,54.400000000000006,0.053561643835616436,391,371,1.2,1.5,10.0
0.15,False,0.75,92.4,0.053561643835616436,391,371,1.2,1.5,10.0
0.15,True,0.25,36.7,0.9464383561643835,6909,371,1.2,1.5,10.0
0.15,True,0.5,60.3,0.9464383561643835,6909,371,1.2,1.5,10.0
0.15,True,0.75,98.70000000000002,0.9464383561643835,6909,371,1.2,1.5,10.0
0.0,False,0.25,49.925000000000004,0.501101321585903,1820,380,1.2,1.5,10.0
0.0,False,0.5,91.5,0.501101321585903,1820,380,1.2,1.5,10.0
0.0,False,0.75,160.125,0.501101321585903,1820,380,1.2,1.5,10.0
0.0,True,0.25,50.67500000000001,0.4988986784140969,1812,380,1.2,1.5,10.0
0.0,True,0.5,87.54999999999998,0.4988986784140969,1812,380,1.2,1.5,10.0
0.0,True,0.75,157.0,0.4988986784140969,1812,380,1.2,1.5,10.0
0.03,False,0.25,48.1,0.36423932568743955,2636,380,1.2,1.5,10.0
0.03,False,0.5,86.95000000000002,0.36423932568743955,2636,380,1.2,1.5,10.0
0.03,False,0.75,149.0,0.36423932568743955,2636,380,1.2,1.5,10.0
0.03,True,0.25,48.800000000000004,0.6357606743125604,4601,380,1.2,1.5,10.0
0.03,True,0.5,86.60000000000001,0.6357606743125604,4601,380,1.2,1.5,10.0
0.03,True,0.75,152.60000000000002,0.6357606743125604,4601,380,1.2,1.5,10.0
0.06,False,0.25,45.7,0.24234835837506957,1742,380,1.2,1.5,10.0
0.06,False,0.5,80.95,0.24234835837506957,1742,380,1.2,1.5,10.0
0.06,False,0.75,138.075,0.24234835837506957,1742,380,1.2,1.5,10.0
0.06,True,0.25,47.025,0.7576516416249305,5446,380,1.2,1.5,10.0
0.06,True,0.5,83.75,0.7576516416249305,5446,380,1.2,1.5,10.0
0.06,True,0.75,145.45000000000002,0.7576516416249305,5446,380,1.2,1.5,10.0
0.09,False,0.25,43.2,0.15431430889910738,1141,380,1.2,1.5,10.0
0.09,False,0.5,73.50000000000001,0.15431430889910738,1141,380,1.2,1.5,10.0
0.09,False,0.75,125.5,0.15431430889910738,1141,380,1.2,1.5,10.0
0.09,True,0.25,43.500000000000014,0.8456856911008926,6253,380,1.2,1.5,10.0
0.09,True,0.5,76.6,0.8456856911008926,6253,380,1.2,1.5,10.0
0.09,True,0.75,131.8,0.8456856911008926,6253,380,1.2,1.5,10.0
0.12,False,0.25,39.10000000000001,0.09805006223205642,709,380,1.2,1.5,10.0
0.12,False,0.5,64.6,0.09805006223205642,709,380,1.2,1.5,10.0
0.12,False,0.75,107.1,0.09805006223205642,709,380,1.2,1.5,10.0
0.12,True,0.25,40.2,0.9019499377679435,6522,380,1.2,1.5,10.0
0.12,True,0.5,66.7,0.9019499377679435,6522,380,1.2,1.5,10.0
0.12,True,0.75,113.10000000000001,0.9019499377679435,6522,380,1.2,1.5,10.0
0.15,False,0.25,34.95,0.06397260273972603,467,380,1.2,1.5,10.0
0.15,False,0.5,56.3,0.06397260273972603,467,380,1.2,1.5,10.0
0.15,False,0.75,93.15,0.06397260273972603,467,380,1.2,1.5,10.0
0.15,True,0.25,37.800000000000004,0.936027397260274,6833,380,1.2,1.5,10.0
0.15,True,0.5,60.699999999999996,0.936027397260274,6833,380,1.2,1.5,10.0
0.15,True,0.75,98.70000000000002,0.936027397260274,6833,380,1.2,1.5,10.0
0.0,False,0.25,50.775,0.5077092511013216,1844,394,1.2,1.5,10.0
0.0,False,0.5,90.7,0.5077092511013216,1844,394,1.2,1.5,10.0
0.0,False,0.75,155.0,0.5077092511013216,1844,394,1.2,1.5,10.0
0.0,True,0.25,50.90000000000001,0.4922907488986784,1788,394,1.2,1.5,10.0
0.0,True,0.5,91.14999999999999,0.4922907488986784,1788,394,1.2,1.5,10.0
0.0,True,0.75,167.32500000000002,0.4922907488986784,1788,394,1.2,1.5,10.0
0.03,False,0.25,48.300000000000004,0.3548030407740152,2567,394,1.2,1.5,10.0
0.03,False,0.5,88.9,0.3548030407740152,2567,394,1.2,1.5,10.0
0.03,False,0.75,156.2,0.3548030407740152,2567,394,1.2,1.5,10.0
0.03,True,0.25,49.37500000000001,0.6451969592259847,4668,394,1.2,1.5,10.0
0.03,True,0.5,89.7,0.6451969592259847,4668,394,1.2,1.5,10.0
0.03,True,0.75,162.025,0.6451969592259847,4668,394,1.2,1.5,10.0
0.06,False,0.25,49.025,0.25191370911621436,1810,394,1.2,1.5,10.0
0.06,False,0.5,85.0,0.25191370911621436,1810,394,1.2,1.5,10.0
0.06,False,0.75,150.40000000000003,0.25191370911621436,1810,394,1.2,1.5,10.0
0.06,True,0.25,46.900000000000006,0.7480862908837856,5375,394,1.2,1.5,10.0
0.06,True,0.5,84.60000000000001,0.7480862908837856,5375,394,1.2,1.5,10.0
0.06,True,0.75,147.75,0.7480862908837856,5375,394,1.2,1.5,10.0
0.09,False,0.25,43.75,0.1534820824881677,1135,394,1.2,1.5,10.0
0.09,False,0.5,76.2,0.1534820824881677,1135,394,1.2,1.5,10.0
0.09,False,0.75,125.35000000000002,0.1534820824881677,1135,394,1.2,1.5,10.0
0.09,True,0.25,44.375,0.8465179175118324,6260,394,1.2,1.5,10.0
0.09,True,0.5,77.35,0.8465179175118324,6260,394,1.2,1.5,10.0
0.09,True,0.75,132.5,0.8465179175118324,6260,394,1.2,1.5,10.0
0.12,False,0.25,37.775000000000006,0.10123081178260268,732,394,1.2,1.5,10.0
0.12,False,0.5,62.74999999999999,0.10123081178260268,732,394,1.2,1.5,10.0
0.12,False,0.75,105.92500000000001,0.10123081178260268,732,394,1.2,1.5,10.0
0.12,True,0.25,40.45,0.8987691882173973,6499,394,1.2,1.5,10.0
0.12,True,0.5,67.3,0.8987691882173973,6499,394,1.2,1.5,10.0
0.12,True,0.75,113.40000000000002,0.8987691882173973,6499,394,1.2,1.5,10.0
0.15,False,0.25,35.10000000000001,0.06013698630136986,439,394,1.2,1.5,10.0
0.15,False,0.5,58.60000000000001,0.06013698630136986,439,394,1.2,1.5,10.0
0.15,False,0.75,92.2,0.06013698630136986,439,394,1.2,1.5,10.0
0.15,True,0.25,37.10000000000001,0.9398630136986301,6861,394,1.2,1.5,10.0
0.15,True,0.5,60.20000000000001,0.9398630136986301,6861,394,1.2,1.5,10.0
0.15,True,0.75,98.8,0.9398630136986301,6861,394,1.2,1.5,10.0
0.0,False,0.25,51.2,0.5050978230917608,1833,395,1.2,1.5,10.0
0.0,False,0.5,94.7,0.5050978230917608,1833,395,1.2,1.5,10.0
0.0,False,0.75,166.20000000000002,0.5050978230917608,1833,395,1.2,1.5,10.0
0.0,True,0.25,51.87500000000001,0.4949021769082392,1796,395,1.2,1.5,10.0
0.0,True,0.5,93.7,0.4949021769082392,1796,395,1.2,1.5,10.0
0.0,True,0.75,157.22500000000002,0.4949021769082392,1796,395,1.2,1.5,10.0
0.03,False,0.25,49.475,0.36434001382170006,2636,395,1.2,1.5,10.0
0.03,False,0.5,88.49999999999999,0.36434001382170006,2636,395,1.2,1.5,10.0
0.03,False,0.75,155.52500000000003,0.36434001382170006,2636,395,1.2,1.5,10.0
0.03,True,0.25,51.90000000000001,0.6356599861782999,4599,395,1.2,1.5,10.0
0.03,True,0.5,89.8,0.6356599861782999,4599,395,1.2,1.5,10.0
0.03,True,0.75,162.65,0.6356599861782999,4599,395,1.2,1.5,10.0
0.06,False,0.25,46.1,0.24888703394546466,1789,395,1.2,1.5,10.0
0.06,False,0.5,83.20000000000002,0.24888703394546466,1789,395,1.2,1.5,10.0
0.06,False,0.75,141.7,0.24888703394546466,1789,395,1.2,1.5,10.0
0.06,True,0.25,47.05,0.7511129660545354,5399,395,1.2,1.5,10.0
0.06,True,0.5,83.49999999999999,0.7511129660545354,5399,395,1.2,1.5,10.0
0.06,True,0.75,146.75,0.7511129660545354,5399,395,1.2,1.5,10.0
0.09,False,0.25,41.974999999999994,0.1579445571331981,1168,395,1.2,1.5,10.0
0.09,False,0.5,72.50000000000001,0.1579445571331981,1168,395,1.2,1.5,10.0
0.09,False,0.75,126.6,0.1579445571331981,1168,395,1.2,1.5,10.0
0.09,True,0.25,43.900000000000006,0.8420554428668019,6227,395,1.2,1.5,10.0
0.09,True,0.5,76.80000000000001,0.8420554428668019,6227,395,1.2,1.5,10.0
0.09,True,0.75,128.8,0.8420554428668019,6227,395,1.2,1.5,10.0
0.12,False,0.25,38.50000000000001,0.09640387275242047,697,395,1.2,1.5,10.0
0.12,False,0.5,65.5,0.09640387275242047,697,395,1.2,1.5,10.0
0.12,False,0.75,117.40000000000002,0.09640387275242047,697,395,1.2,1.5,10.0
0.12,True,0.25,41.10000000000001,0.9035961272475795,6533,395,1.2,1.5,10.0
0.12,True,0.5,67.9,0.9035961272475795,6533,395,1.2,1.5,10.0
0.12,True,0.75,112.80000000000001,0.9035961272475795,6533,395,1.2,1.5,10.0
0.15,False,0.25,30.550000000000008,0.055342465753424656,404,395,1.2,1.5,10.0
0.15,False,0.5,53.849999999999994,0.055342465753424656,404,395,1.2,1.5,10.0
0.15,False,0.75,94.35000000000001,0.055342465753424656,404,395,1.2,1.5,10.0
0.15,True,0.25,36.87500000000001,0.9446575342465754,6896,395,1.2,1.5,10.0
0.15,True,0.5,59.3,0.9446575342465754,6896,395,1.2,1.5,10.0
0.15,True,0.75,98.92500000000001,0.9446575342465754,6896,395,1.2,1.5,10.0
0.0,False,0.25,50.75,0.50013777900248,1815,397,1.2,1.5,10.0
0.0,False,0.5,89.0,0.50013777900248,1815,397,1.2,1.5,10.0
0.0,False,0.75,158.85000000000002,0.50013777900248,1815,397,1.2,1.5,10.0
0.0,True,0.25,47.300000000000004,0.49986222099752,1814,397,1.2,1.5,10.0
0.0,True,0.5,85.25,0.49986222099752,1814,397,1.2,1.5,10.0
0.0,True,0.75,156.45000000000002,0.49986222099752,1814,397,1.2,1.5,10.0
0.03,False,0.25,48.825,0.36687862869781585,2654,397,1.2,1.5,10.0
0.03,False,0.5,88.35,0.36687862869781585,2654,397,1.2,1.5,10.0
0.03,False,0.75,157.95,0.36687862869781585,2654,397,1.2,1.5,10.0
0.03,True,0.25,50.47500000000001,0.6331213713021842,4580,397,1.2,1.5,10.0
0.03,True,0.5,90.30000000000001,0.6331213713021842,4580,397,1.2,1.5,10.0
0.03,True,0.75,157.60000000000002,0.6331213713021842,4580,397,1.2,1.5,10.0
0.06,False,0.25,46.5,0.25013912075681694,1798,397,1.2,1.5,10.0
0.06,False,0.5,81.2,0.25013912075681694,1798,397,1.2,1.5,10.0
0.06,False,0.75,147.47500000000002,0.25013912075681694,1798,397,1.2,1.5,10.0
0.06,True,0.25,47.225,0.7498608792431831,5390,397,1.2,1.5,10.0
0.06,True,0.5,83.80000000000001,0.7498608792431831,5390,397,1.2,1.5,10.0
0.06,True,0.75,144.3,0.7498608792431831,5390,397,1.2,1.5,10.0
0.09,False,0.25,41.875,0.14824834302718787,1096,397,1.2,1.5,10.0
0.09,False,0.5,74.49999999999999,0.14824834302718787,1096,397,1.2,1.5,10.0
0.09,False,0.75,131.9,0.14824834302718787,1096,397,1.2,1.5,10.0
0.09,True,0.25,44.70000000000001,0.8517516569728121,6297,397,1.2,1.5,10.0
0.09,True,0.5,77.1,0.8517516569728121,6297,397,1.2,1.5,10.0
0.09,True,0.75,130.5,0.8517516569728121,6297,397,1.2,1.5,10.0
0.12,False,0.25,35.60000000000001,0.09348637809431613,676,397,1.2,1.5,10.0
0.12,False,0.5,62.89999999999999,0.09348637809431613,676,397,1.2,1.5,10.0
0.12,False,0.75,112.625,0.09348637809431613,676,397,1.2,1.5,10.0
0.12,True,0.25,40.599999999999994,0.9065136219056839,6555,397,1.2,1.5,10.0
0.12,True,0.5,68.10000000000001,0.9065136219056839,6555,397,1.2,1.5,10.0
0.12,True,0.75,112.60000000000001,0.9065136219056839,6555,397,1.2,1.5,10.0
0.15,False,0.25,33.425,0.05506849315068493,402,397,1.2,1.5,10.0
0.15,False,0.5,53.64999999999999,0.05506849315068493,402,397,1.2,1.5,10.0
0.15,False,0.75,94.17500000000001,0.05506849315068493,402,397,1.2,1.5,10.0
0.15,True,0.25,37.800000000000004,0.944931506849315,6898,397,1.2,1.5,10.0
0.15,True,0.5,61.25,0.944931506849315,6898,397,1.2,1.5,10.0
0.15,True,0.75,97.8,0.944931506849315,6898,397,1.2,1.5,10.0
