acoh,is_correct,quantile,rt,proportion,n,draw,gain,bound,k
0.0,False,0.25,144.0,0.5089913995308835,1302,-1,0.8,2.0,10.0
0.0,False,0.5,277.5,0.5089913995308835,1302,-1,0.8,2.0,10.0
0.0,False,0.75,465.5,0.5089913995308835,1302,-1,0.8,2.0,10.0
0.0,True,0.25,162.75,0.4910086004691165,1256,-1,0.8,2.0,10.0
0.0,True,0.5,286.5,0.4910086004691165,1256,-1,0.8,2.0,10.0
0.0,True,0.75,462.25,0.4910086004691165,1256,-1,0.8,2.0,10.0
0.03,False,0.25,152.0,0.25683466617072714,1381,-1,0.8,2.0,10.0
0.03,False,0.5,274.0,0.25683466617072714,1381,-1,0.8,2.0,10.0
0.03,False,0.75,450.0,0.25683466617072714,1381,-1,0.8,2.0,10.0
0.03,True,0.25,146.0,0.7431653338292729,3996,-1,0.8,2.0,10.0
0.03,True,0.5,270.0,0.7431653338292729,3996,-1,0.8,2.0,10.0
0.03,True,0.75,441.0,0.7431653338292729,3996,-1,0.8,2.0,10.0
0.06,False,0.25,122.75,0.10726408689748812,632,-1,0.8,2.0,10.0
0.06,False,0.5,240.0,0.10726408689748812,632,-1,0.8,2.0,10.0
0.06,False,0.75,437.25,0.10726408689748812,632,-1,0.8,2.0,10.0
0.06,True,0.25,138.0,0.8927359131025119,5260,-1,0.8,2.0,10.0
0.06,True,0.5,254.5,0.8927359131025119,5260,-1,0.8,2.0,10.0
0.06,True,0.75,422.0,0.8927359131025119,5260,-1,0.8,2.0,10.0
0.09,False,0.25,104.0,0.04172234595397179,281,-1,0.8,2.0,10.0
0.09,False,0.5,191.0,0.04172234595397179,281,-1,0.8,2.0,10.0
0.09,False,0.75,351.0,0.04172234595397179,281,-1,0.8,2.0,10.0
0.09,True,0.25,122.25,0.9582776540460282,6454,-1,0.8,2.0,10.0
0.09,True,0.5,215.0,0.9582776540460282,6454,-1,0.8,2.0,10.0
0.09,True,0.75,363.0,0.9582776540460282,6454,-1,0.8,2.0,10.0
0.12,False,0.25,72.0,0.015749169195203007,109,-1,0.8,2.0,10.0
0.12,False,0.5,123.0,0.015749169195203007,109,-1,0.8,2.0,10.0
0.12,False,0.75,212.0,0.015749169195203007,109,-1,0.8,2.0,10.0
0.12,True,0.25,103.0,0.984250830804797,6812,-1,0.8,2.0,10.0
0.12,True,0.5,179.0,0.984250830804797,6812,-1,0.8,2.0,10.0
0.12,True,0.75,298.0,0.984250830804797,6812,-1,0.8,2.0,10.0
0.15,False,0.25,60.25,0.005030743432084964,36,-1,0.8,2.0,10.0
0.15,False,0.5,113.5,0.005030743432084964,36,-1,0.8,2.0,10.0
0.15,False,0.75,175.5,0.005030743432084964,36,-1,0.8,2.0,10.0
0.15,True,0.25,88.0,0.994969256567915,7120,-1,0.8,2.0,10.0
0.15,True,0.5,144.0,0.994969256567915,7120,-1,0.8,2.0,10.0
0.15,True,0.75,238.0,0.994969256567915,7120,-1,0.8,2.0,10.0
0.0,False,0.25,128.7,0.506660542030317,1103,1,0.8,2.0,10.0
0.0,False,0.5,251.20000000000005,0.506660542030317,1103,1,0.8,2.0,10.0
0.0,False,0.75,410.0,0.506660542030317,1103,1,0.8,2.0,10.0
0.0,True,0.25,132.92499999999998,0.49333945796968304,1074,1,0.8,2.0,10.0
0.0,True,0.5,252.20000000000005,0.49333945796968304,1074,1,0.8,2.0,10.0
0.0,True,0.75,421.1250000000001,0.49333945796968304,1074,1,0.8,2.0,10.0
0.03,False,0.25,129.6,0.28267411865864145,1315,1,0.8,2.0,10.0
0.03,False,0.5,243.10000000000005,0.28267411865864145,1315,1,0.8,2.0,10.0
0.03,False,0.75,412.70000000000005,0.28267411865864145,1315,1,0.8,2.0,10.0
0.03,True,0.25,131.79999999999998,0.7173258813413586,3337,1,0.8,2.0,10.0
0.03,True,0.5,245.60000000000005,0.7173258813413586,3337,1,0.8,2.0,10.0
0.03,True,0.75,411.80000000000007,0.7173258813413586,3337,1,0.8,2.0,10.0
0.06,False,0.25,113.89999999999998,0.13287873203096204,721,1,0.8,2.0,10.0
0.06,False,0.5,202.20000000000002,0.13287873203096204,721,1,0.8,2.0,10.0
0.06,False,0.75,344.90000000000003,0.13287873203096204,721,1,0.8,2.0,10.0
0.06,True,0.25,124.49999999999999,0.867121267969038,4705,1,0.8,2.0,10.0
0.06,True,0.5,223.40000000000003,0.867121267969038,4705,1,0.8,2.0,10.0
0.06,True,0.75,372.90000000000003,0.867121267969038,4705,1,0.8,2.0,10.0
0.09,False,0.25,90.7,0.07177033492822966,465,1,0.8,2.0,10.0
0.09,False,0.5,178.5,0.07177033492822966,465,1,0.8,2.0,10.0
0.09,False,0.75,325.40000000000003,0.07177033492822966,465,1,0.8,2.0,10.0
0.09,True,0.25,111.19999999999999,0.9282296650717703,6014,1,0.8,2.0,10.0
0.09,True,0.5,188.45,0.9282296650717703,6014,1,0.8,2.0,10.0
0.09,True,0.75,320.05,0.9282296650717703,6014,1,0.8,2.0,10.0
0.12,False,0.25,86.55,0.026662760035159685,182,1,0.8,2.0,10.0
0.12,False,0.5,158.1,0.026662760035159685,182,1,0.8,2.0,10.0
0.12,False,0.75,258.975,0.026662760035159685,182,1,0.8,2.0,10.0
0.12,True,0.25,96.8,0.9733372399648403,6644,1,0.8,2.0,10.0
0.12,True,0.5,165.9,0.9733372399648403,6644,1,0.8,2.0,10.0
0.12,True,0.75,272.02500000000003,0.9733372399648403,6644,1,0.8,2.0,10.0
0.15,False,0.25,80.175,0.014297729184188394,102,1,0.8,2.0,10.0
0.15,False,0.5,115.49999999999999,0.014297729184188394,102,1,0.8,2.0,10.0
0.15,False,0.75,187.75,0.014297729184188394,102,1,0.8,2.0,10.0
0.15,True,0.25,84.99999999999999,0.9857022708158116,7032,1,0.8,2.0,10.0
0.15,True,0.5,135.7,0.9857022708158116,7032,1,0.8,2.0,10.0
0.15,True,0.75,217.80000000000004,0.9857022708158116,7032,1,0.8,2.0,10.0
0.0,False,0.25,144.7,0.5023105360443623,1087,4,0.8,2.0,10.0
0.0,False,0.5,256.00000000000006,0.5023105360443623,1087,4,0.8,2.0,10.0
0.0,False,0.75,418.6,0.5023105360443623,1087,4,0.8,2.0,10.0
0.0,True,0.25,131.6,0.49768946395563773,1077,4,0.8,2.0,10.0
0.0,True,0.5,235.80000000000007,0.49768946395563773,1077,4,0.8,2.0,10.0
0.0,True,0.75,406.80000000000007,0.49768946395563773,1077,4,0.8,2.0,10.0
0.03,False,0.25,125.5,0.2937539970155617,1378,4,0.8,2.0,10.0
0.03,False,0.5,239.05,0.2937539970155617,1378,4,0.8,2.0,10.0
0.03,False,0.75,406.25000000000006,0.2937539970155617,1378,4,0.8,2.0,10.0
0.03,True,0.25,134.79999999999998,0.7062460029844383,3313,4,0.8,2.0,10.0
0.03,True,0.5,248.50000000000003,0.7062460029844383,3313,4,0.8,2.0,10.0
0.03,True,0.75,408.1,0.7062460029844383,3313,4,0.8,2.0,10.0
0.06,False,0.25,121.625,0.14912118408880667,806,4,0.8,2.0,10.0
0.06,False,0.5,238.90000000000003,0.14912118408880667,806,4,0.8,2.0,10.0
0.06,False,0.75,399.175,0.14912118408880667,806,4,0.8,2.0,10.0
0.06,True,0.25,125.0,0.8508788159111933,4599,4,0.8,2.0,10.0
0.06,True,0.5,220.00000000000003,0.8508788159111933,4599,4,0.8,2.0,10.0
0.06,True,0.75,374.5,0.8508788159111933,4599,4,0.8,2.0,10.0
0.09,False,0.25,102.85,0.07202472952086553,466,4,0.8,2.0,10.0
0.09,False,0.5,171.95,0.07202472952086553,466,4,0.8,2.0,10.0
0.09,False,0.75,321.05,0.07202472952086553,466,4,0.8,2.0,10.0
0.09,True,0.25,108.3,0.9279752704791344,6004,4,0.8,2.0,10.0
0.09,True,0.5,189.70000000000002,0.9279752704791344,6004,4,0.8,2.0,10.0
0.09,True,0.75,317.75000000000006,0.9279752704791344,6004,4,0.8,2.0,10.0
0.12,False,0.25,87.79999999999998,0.02910207663059374,199,4,0.8,2.0,10.0
0.12,False,0.5,147.1,0.02910207663059374,199,4,0.8,2.0,10.0
0.12,False,0.75,243.60000000000002,0.02910207663059374,199,4,0.8,2.0,10.0
0.12,True,0.25,98.64999999999999,0.9708979233694063,6639,4,0.8,2.0,10.0
0.12,True,0.5,165.09999999999997,0.9708979233694063,6639,4,0.8,2.0,10.0
0.12,True,0.75,271.25,0.9708979233694063,6639,4,0.8,2.0,10.0
0.15,False,0.25,78.05,0.013445378151260505,96,4,0.8,2.0,10.0
0.15,False,0.5,115.49999999999997,0.013445378151260505,96,4,0.8,2.0,10.0
0.15,False,0.75,185.42499999999998,0.013445378151260505,96,4,0.8,2.0,10.0
0.15,True,0.25,84.875,0.9865546218487395,7044,4,0.8,2.0,10.0
0.15,True,0.5,136.75,0.9865546218487395,7044,4,0.8,2.0,10.0
0.15,True,0.75,219.05,0.9865546218487395,7044,4,0.8,2.0,10.0
0.0,False,0.25,131.15,0.5116495806150979,1098,8,0.8,2.0,10.0
0.0,False,0.5,256.70000000000005,0.5116495806150979,1098,8,0.8,2.0,10.0
0.0,False,0.75,451.95000000000005,0.5116495806150979,1098,8,0.8,2.0,10.0
0.0,True,0.25,138.84999999999997,0.48835041938490215,1048,8,0.8,2.0,10.0
0.0,True,0.5,248.90000000000003,0.48835041938490215,1048,8,0.8,2.0,10.0
0.0,True,0.75,428.40000000000003,0.48835041938490215,1048,8,0.8,2.0,10.0
0.03,False,0.25,132.5,0.28525434642627173,1329,8,0.8,2.0,10.0
0.03,False,0.5,241.50000000000006,0.28525434642627173,1329,8,0.8,2.0,10.0
0.03,False,0.75,392.79999999999995,0.28525434642627173,1329,8,0.8,2.0,10.0
0.03,True,0.25,135.825,0.7147456535737282,3330,8,0.8,2.0,10.0
0.03,True,0.5,247.90000000000003,0.7147456535737282,3330,8,0.8,2.0,10.0
0.03,True,0.75,417.5000000000001,0.7147456535737282,3330,8,0.8,2.0,10.0
0.06,False,0.25,110.9,0.14367603550295857,777,8,0.8,2.0,10.0
0.06,False,0.5,209.70000000000005,0.14367603550295857,777,8,0.8,2.0,10.0
0.06,False,0.75,366.40000000000003,0.14367603550295857,777,8,0.8,2.0,10.0
0.06,True,0.25,124.44999999999999,0.8563239644970414,4631,8,0.8,2.0,10.0
0.06,True,0.5,224.60000000000005,0.8563239644970414,4631,8,0.8,2.0,10.0
0.06,True,0.75,383.4000000000001,0.8563239644970414,4631,8,0.8,2.0,10.0
0.09,False,0.25,105.2,0.06417772292502315,416,8,0.8,2.0,10.0
0.09,False,0.5,198.9,0.06417772292502315,416,8,0.8,2.0,10.0
0.09,False,0.75,312.725,0.06417772292502315,416,8,0.8,2.0,10.0
0.09,True,0.25,110.32499999999999,0.9358222770749769,6066,8,0.8,2.0,10.0
0.09,True,0.5,197.60000000000002,0.9358222770749769,6066,8,0.8,2.0,10.0
0.09,True,0.75,328.70000000000005,0.9358222770749769,6066,8,0.8,2.0,10.0
0.12,False,0.25,79.39999999999999,0.028796959508843735,197,8,0.8,2.0,10.0
0.12,False,0.5,126.1,0.028796959508843735,197,8,0.8,2.0,10.0
0.12,False,0.75,213.00000000000003,0.028796959508843735,197,8,0.8,2.0,10.0
0.12,True,0.25,93.9,0.9712030404911562,6644,8,0.8,2.0,10.0
0.12,True,0.5,158.6,0.9712030404911562,6644,8,0.8,2.0,10.0
0.12,True,0.75,261.62500000000006,0.9712030404911562,6644,8,0.8,2.0,10.0
0.15,False,0.25,62.37499999999999,0.014017381553125876,100,8,0.8,2.0,10.0
0.15,False,0.5,89.30000000000001,0.014017381553125876,100,8,0.8,2.0,10.0
0.15,False,0.75,161.75,0.014017381553125876,100,8,0.8,2.0,10.0
0.15,True,0.25,84.9,0.9859826184468741,7034,8,0.8,2.0,10.0
0.15,True,0.5,137.4,0.9859826184468741,7034,8,0.8,2.0,10.0
0.15,True,0.75,217.37500000000003,0.9859826184468741,7034,8,0.8,2.0,10.0
0.0,False,0.25,134.625,0.4984198645598194,1104,26,0.8,2.0,10.0
0.0,False,0.5,241.8,0.4984198645598194,1104,26,0.8,2.0,10.0
0.0,False,0.75,430.45,0.4984198645598194,1104,26,0.8,2.0,10.0
0.0,True,0.25,133.84999999999997,0.5015801354401805,1111,26,0.8,2.0,10.0
0.0,True,0.5,253.70000000000005,0.5015801354401805,1111,26,0.8,2.0,10.0
0.0,True,0.75,412.70000000000005,0.5015801354401805,1111,26,0.8,2.0,10.0
0.03,False,0.25,136.04999999999998,0.2844056242011078,1335,26,0.8,2.0,10.0
0.03,False,0.5,243.20000000000002,0.2844056242011078,1335,26,0.8,2.0,10.0
0.03,False,0.75,401.65000000000003,0.2844056242011078,1335,26,0.8,2.0,10.0
0.03,True,0.25,137.04999999999998,0.7155943757988922,3359,26,0.8,2.0,10.0
0.03,True,0.5,249.8,0.7155943757988922,3359,26,0.8,2.0,10.0
0.03,True,0.75,405.40000000000003,0.7155943757988922,3359,26,0.8,2.0,10.0
0.06,False,0.25,102.00000000000001,0.14860396767083028,809,26,0.8,2.0,10.0
0.06,False,0.5,205.00000000000003,0.14860396767083028,809,26,0.8,2.0,10.0
0.06,False,0.75,365.1,0.14860396767083028,809,26,0.8,2.0,10.0
0.06,True,0.25,123.55,0.8513960323291697,4635,26,0.8,2.0,10.0
0.06,True,0.5,224.80000000000004,0.8513960323291697,4635,26,0.8,2.0,10.0
0.06,True,0.75,375.65000000000003,0.8513960323291697,4635,26,0.8,2.0,10.0
0.09,False,0.25,90.25,0.06670756019015489,435,26,0.8,2.0,10.0
0.09,False,0.5,169.29999999999998,0.06670756019015489,435,26,0.8,2.0,10.0
0.09,False,0.75,314.4000000000001,0.06670756019015489,435,26,0.8,2.0,10.0
0.09,True,0.25,111.15,0.9332924398098451,6086,26,0.8,2.0,10.0
0.09,True,0.5,188.3,0.9332924398098451,6086,26,0.8,2.0,10.0
0.09,True,0.75,318.50000000000006,0.9332924398098451,6086,26,0.8,2.0,10.0
0.12,False,0.25,80.69999999999999,0.027331189710610933,187,26,0.8,2.0,10.0
0.12,False,0.5,125.1,0.027331189710610933,187,26,0.8,2.0,10.0
0.12,False,0.75,206.70000000000005,0.027331189710610933,187,26,0.8,2.0,10.0
0.12,True,0.25,96.89999999999999,0.9726688102893891,6655,26,0.8,2.0,10.0
0.12,True,0.5,160.99999999999997,0.9726688102893891,6655,26,0.8,2.0,10.0
0.12,True,0.75,263.1,0.9726688102893891,6655,26,0.8,2.0,10.0
0.15,False,0.25,79.80000000000001,0.013579728405431892,97,26,0.8,2.0,10.0
0.15,False,0.5,126.2,0.013579728405431892,97,26,0.8,2.0,10.0
0.15,False,0.75,208.90000000000003,0.013579728405431892,97,26,0.8,2.0,10.0
0.15,True,0.25,82.69999999999999,0.9864202715945681,7046,26,0.8,2.0,10.0
0.15,True,0.5,131.6,0.9864202715945681,7046,26,0.8,2.0,10.0
0.15,True,0.75,212.60000000000005,0.9864202715945681,7046,26,0.8,2.0,10.0
0.0,False,0.25,147.57500000000002,0.5105601469237833,1112,33,0.8,2.0,10.0
0.0,False,0.5,281.1,0.5105601469237833,1112,33,0.8,2.0,10.0
0.0,False,0.75,460.27500000000003,0.5105601469237833,1112,33,0.8,2.0,10.0
0.0,True,0.25,140.75,0.48943985307621674,1066,33,0.8,2.0,10.0
0.0,True,0.5,262.25000000000006,0.48943985307621674,1066,33,0.8,2.0,10.0
0.0,True,0.75,437.85,0.48943985307621674,1066,33,0.8,2.0,10.0
0.03,False,0.25,135.7,0.2850064627315812,1323,33,0.8,2.0,10.0
0.03,False,0.5,252.30000000000007,0.2850064627315812,1323,33,0.8,2.0,10.0
0.03,False,0.75,409.55000000000007,0.2850064627315812,1323,33,0.8,2.0,10.0
0.03,True,0.25,133.7,0.7149935372684187,3319,33,0.8,2.0,10.0
0.03,True,0.5,244.70000000000005,0.7149935372684187,3319,33,0.8,2.0,10.0
0.03,True,0.75,406.79999999999995,0.7149935372684187,3319,33,0.8,2.0,10.0
0.06,False,0.25,107.69999999999999,0.1448122803772887,783,33,0.8,2.0,10.0
0.06,False,0.5,213.50000000000003,0.1448122803772887,783,33,0.8,2.0,10.0
0.06,False,0.75,368.95000000000005,0.1448122803772887,783,33,0.8,2.0,10.0
0.06,True,0.25,125.125,0.8551877196227113,4624,33,0.8,2.0,10.0
0.06,True,0.5,220.40000000000003,0.8551877196227113,4624,33,0.8,2.0,10.0
0.06,True,0.75,374.225,0.8551877196227113,4624,33,0.8,2.0,10.0
0.09,False,0.25,90.49999999999999,0.06545230009262118,424,33,0.8,2.0,10.0
0.09,False,0.5,162.0,0.06545230009262118,424,33,0.8,2.0,10.0
0.09,False,0.75,285.02500000000003,0.06545230009262118,424,33,0.8,2.0,10.0
0.09,True,0.25,112.425,0.9345476999073788,6054,33,0.8,2.0,10.0
0.09,True,0.5,191.60000000000002,0.9345476999073788,6054,33,0.8,2.0,10.0
0.09,True,0.75,319.875,0.9345476999073788,6054,33,0.8,2.0,10.0
0.12,False,0.25,79.9,0.029398859148749453,201,33,0.8,2.0,10.0
0.12,False,0.5,145.29999999999998,0.029398859148749453,201,33,0.8,2.0,10.0
0.12,False,0.75,262.50000000000006,0.029398859148749453,201,33,0.8,2.0,10.0
0.12,True,0.25,95.1,0.9706011408512506,6636,33,0.8,2.0,10.0
0.12,True,0.5,160.70000000000002,0.9706011408512506,6636,33,0.8,2.0,10.0
0.12,True,0.75,266.70000000000005,0.9706011408512506,6636,33,0.8,2.0,10.0
0.15,False,0.25,78.2,0.014985994397759104,107,33,0.8,2.0,10.0
0.15,False,0.5,149.2,0.014985994397759104,107,33,0.8,2.0,10.0
0.15,False,0.75,203.85000000000002,0.014985994397759104,107,33,0.8,2.0,10.0
0.15,True,0.25,84.1,0.985014005602241,7033,33,0.8,2.0,10.0
0.15,True,0.5,136.4,0.985014005602241,7033,33,0.8,2.0,10.0
0.15,True,0.75,216.70000000000005,0.985014005602241,7033,33,0.8,2.0,10.0
0.0,False,0.25,141.4,0.5013661202185792,1101,41,0.8,2.0,10.0
0.0,False,0.5,260.1000000000001,0.5013661202185792,1101,41,0.8,2.0,10.0
0.0,False,0.75,422.1,0.5013661202185792,1101,41,0.8,2.0,10.0
0.0,True,0.25,138.75,0.49863387978142076,1095,41,0.8,2.0,10.0
0.0,True,0.5,255.80000000000004,0.49863387978142076,1095,41,0.8,2.0,10.0
0.0,True,0.75,424.75,0.49863387978142076,1095,41,0.8,2.0,10.0
0.03,False,0.25,131.725,0.2903566153196877,1376,41,0.8,2.0,10.0
0.03,False,0.5,245.35000000000005,0.2903566153196877,1376,41,0.8,2.0,10.0
0.03,False,0.75,416.20000000000005,0.2903566153196877,1376,41,0.8,2.0,10.0
0.03,True,0.25,135.8,0.7096433846803123,3363,41,0.8,2.0,10.0
0.03,True,0.5,245.70000000000002,0.7096433846803123,3363,41,0.8,2.0,10.0
0.03,True,0.75,418.6500000000001,0.7096433846803123,3363,41,0.8,2.0,10.0
0.06,False,0.25,106.4,0.14025735294117647,763,41,0.8,2.0,10.0
0.06,False,0.5,209.00000000000003,0.14025735294117647,763,41,0.8,2.0,10.0
0.06,False,0.75,354.40000000000003,0.14025735294117647,763,41,0.8,2.0,10.0
0.06,True,0.25,127.1,0.8597426470588235,4677,41,0.8,2.0,10.0
0.06,True,0.5,224.30000000000004,0.8597426470588235,4677,41,0.8,2.0,10.0
0.06,True,0.75,372.50000000000006,0.8597426470588235,4677,41,0.8,2.0,10.0
0.09,False,0.25,93.35,0.06748654880860876,439,41,0.8,2.0,10.0
0.09,False,0.5,173.1,0.06748654880860876,439,41,0.8,2.0,10.0
0.09,False,0.75,322.75,0.06748654880860876,439,41,0.8,2.0,10.0
0.09,True,0.25,108.3,0.9325134511913913,6066,41,0.8,2.0,10.0
0.09,True,0.5,186.7,0.9325134511913913,6066,41,0.8,2.0,10.0
0.09,True,0.75,316.4750000000001,0.9325134511913913,6066,41,0.8,2.0,10.0
0.12,False,0.25,83.59999999999998,0.02944192178116303,201,41,0.8,2.0,10.0
0.12,False,0.5,133.3,0.02944192178116303,201,41,0.8,2.0,10.0
0.12,False,0.75,260.8,0.02944192178116303,201,41,0.8,2.0,10.0
0.12,True,0.25,94.6,0.970558078218837,6626,41,0.8,2.0,10.0
0.12,True,0.5,157.65,0.970558078218837,6626,41,0.8,2.0,10.0
0.12,True,0.75,264.90000000000003,0.970558078218837,6626,41,0.8,2.0,10.0
0.15,False,0.25,70.44999999999999,0.012736179146256124,91,41,0.8,2.0,10.0
0.15,False,0.5,105.00000000000001,0.012736179146256124,91,41,0.8,2.0,10.0
0.15,False,0.75,163.6,0.012736179146256124,91,41,0.8,2.0,10.0
0.15,True,0.25,85.1,0.9872638208537439,7054,41,0.8,2.0,10.0
0.15,True,0.5,135.45,0.9872638208537439,7054,41,0.8,2.0,10.0
0.15,True,0.75,213.50000000000003,0.9872638208537439,7054,41,0.8,2.0,10.0
0.0,False,0.25,126.19999999999999,0.48997265268915224,1075,52,0.8,2.0,10.0
0.0,False,0.5,248.60000000000002,0.48997265268915224,1075,52,0.8,2.0,10.0
0.0,False,0.75,431.20000000000005,0.48997265268915224,1075,52,0.8,2.0,10.0
0.0,True,0.25,134.09999999999997,0.5100273473108478,1119,52,0.8,2.0,10.0
0.0,True,0.5,239.20000000000002,0.5100273473108478,1119,52,0.8,2.0,10.0
0.0,True,0.75,404.0,0.5100273473108478,1119,52,0.8,2.0,10.0
0.03,False,0.25,125.45,0.2947301317467063,1387,52,0.8,2.0,10.0
0.03,False,0.5,243.20000000000002,0.2947301317467063,1387,52,0.8,2.0,10.0
0.03,False,0.75,415.4000000000001,0.2947301317467063,1387,52,0.8,2.0,10.0
0.03,True,0.25,135.09999999999997,0.7052698682532936,3319,52,0.8,2.0,10.0
0.03,True,0.5,238.60000000000005,0.7052698682532936,3319,52,0.8,2.0,10.0
0.03,True,0.75,400.34999999999997,0.7052698682532936,3319,52,0.8,2.0,10.0
0.06,False,0.25,106.97500000000001,0.1486810551558753,806,52,0.8,2.0,10.0
0.06,False,0.5,194.9,0.1486810551558753,806,52,0.8,2.0,10.0
0.06,False,0.75,339.32500000000005,0.1486810551558753,806,52,0.8,2.0,10.0
0.06,True,0.25,121.0,0.8513189448441247,4615,52,0.8,2.0,10.0
0.06,True,0.5,223.40000000000003,0.8513189448441247,4615,52,0.8,2.0,10.0
0.06,True,0.75,381.70000000000005,0.8513189448441247,4615,52,0.8,2.0,10.0
0.09,False,0.25,96.6,0.06717109326744904,435,52,0.8,2.0,10.0
0.09,False,0.5,180.6,0.06717109326744904,435,52,0.8,2.0,10.0
0.09,False,0.75,305.55000000000007,0.06717109326744904,435,52,0.8,2.0,10.0
0.09,True,0.25,111.39999999999999,0.9328289067325509,6041,52,0.8,2.0,10.0
0.09,True,0.5,196.9,0.9328289067325509,6041,52,0.8,2.0,10.0
0.09,True,0.75,321.00000000000006,0.9328289067325509,6041,52,0.8,2.0,10.0
0.12,False,0.25,86.87499999999999,0.028917774207682198,198,52,0.8,2.0,10.0
0.12,False,0.5,156.59999999999997,0.028917774207682198,198,52,0.8,2.0,10.0
0.12,False,0.75,256.57500000000005,0.028917774207682198,198,52,0.8,2.0,10.0
0.12,True,0.25,94.39999999999999,0.9710822257923178,6649,52,0.8,2.0,10.0
0.12,True,0.5,158.6,0.9710822257923178,6649,52,0.8,2.0,10.0
0.12,True,0.75,261.1,0.9710822257923178,6649,52,0.8,2.0,10.0
0.15,False,0.25,72.85,0.013871374527112233,99,52,0.8,2.0,10.0
0.15,False,0.5,127.6,0.013871374527112233,99,52,0.8,2.0,10.0
0.15,False,0.75,249.40000000000003,0.013871374527112233,99,52,0.8,2.0,10.0
0.15,True,0.25,85.7,0.9861286254728878,7038,52,0.8,2.0,10.0
0.15,True,0.5,135.79999999999998,0.9861286254728878,7038,52,0.8,2.0,10.0
0.15,True,0.75,219.37500000000003,0.9861286254728878,7038,52,0.8,2.0,10.0
0.0,False,0.25,137.55,0.4930426716141002,1063,56,0.8,2.0,10.0
0.0,False,0.5,247.90000000000006,0.4930426716141002,1063,56,0.8,2.0,10.0
0.0,False,0.75,433.4,0.4930426716141002,1063,56,0.8,2.0,10.0
0.0,True,0.25,137.79999999999998,0.5069573283858998,1093,56,0.8,2.0,10.0
0.0,True,0.5,259.8,0.5069573283858998,1093,56,0.8,2.0,10.0
0.0,True,0.75,431.70000000000005,0.5069573283858998,1093,56,0.8,2.0,10.0
0.03,False,0.25,123.60000000000001,0.2976139752876012,1397,56,0.8,2.0,10.0
0.03,False,0.5,239.80000000000007,0.2976139752876012,1397,56,0.8,2.0,10.0
0.03,False,0.75,409.3,0.2976139752876012,1397,56,0.8,2.0,10.0
0.03,True,0.25,132.6,0.7023860247123989,3297,56,0.8,2.0,10.0
0.03,True,0.5,247.8,0.7023860247123989,3297,56,0.8,2.0,10.0
0.03,True,0.75,414.9,0.7023860247123989,3297,56,0.8,2.0,10.0
0.06,False,0.25,104.10000000000001,0.14275188800884142,775,56,0.8,2.0,10.0
0.06,False,0.5,195.49999999999997,0.14275188800884142,775,56,0.8,2.0,10.0
0.06,False,0.75,359.30000000000007,0.14275188800884142,775,56,0.8,2.0,10.0
0.06,True,0.25,123.74999999999999,0.8572481119911586,4654,56,0.8,2.0,10.0
0.06,True,0.5,221.65000000000003,0.8572481119911586,4654,56,0.8,2.0,10.0
0.06,True,0.75,384.17500000000007,0.8572481119911586,4654,56,0.8,2.0,10.0
0.09,False,0.25,99.475,0.0585335797905114,380,56,0.8,2.0,10.0
0.09,False,0.5,170.25,0.0585335797905114,380,56,0.8,2.0,10.0
0.09,False,0.75,337.75,0.0585335797905114,380,56,0.8,2.0,10.0
0.09,True,0.25,111.125,0.9414664202094886,6112,56,0.8,2.0,10.0
0.09,True,0.5,188.25,0.9414664202094886,6112,56,0.8,2.0,10.0
0.09,True,0.75,317.525,0.9414664202094886,6112,56,0.8,2.0,10.0
0.12,False,0.25,75.3,0.029944493134677185,205,56,0.8,2.0,10.0
0.12,False,0.5,135.79999999999998,0.029944493134677185,205,56,0.8,2.0,10.0
0.12,False,0.75,241.20000000000002,0.029944493134677185,205,56,0.8,2.0,10.0
0.12,True,0.25,95.8,0.9700555068653228,6641,56,0.8,2.0,10.0
0.12,True,0.5,158.39999999999998,0.9700555068653228,6641,56,0.8,2.0,10.0
0.12,True,0.75,264.50000000000006,0.9700555068653228,6641,56,0.8,2.0,10.0
0.15,False,0.25,63.7,0.011644219977553312,83,56,0.8,2.0,10.0
0.15,False,0.5,106.5,0.011644219977553312,83,56,0.8,2.0,10.0
0.15,False,0.75,194.9,0.011644219977553312,83,56,0.8,2.0,10.0
0.15,True,0.25,83.19999999999999,0.9883557800224467,7045,56,0.8,2.0,10.0
0.15,True,0.5,134.6,0.9883557800224467,7045,56,0.8,2.0,10.0
0.15,True,0.75,216.8,0.9883557800224467,7045,56,0.8,2.0,10.0
0.0,False,0.25,142.7,0.4872389791183295,1050,57,0.8,2.0,10.0
0.0,False,0.5,259.90000000000003,0.4872389791183295,1050,57,0.8,2.0,10.0
0.0,False,0.75,428.65000000000003,0.4872389791183295,1050,57,0.8,2.0,10.0
0.0,True,0.25,133.79999999999998,0.5127610208816705,1105,57,0.8,2.0,10.0
0.0,True,0.5,250.20000000000005,0.5127610208816705,1105,57,0.8,2.0,10.0
0.0,True,0.75,424.8,0.5127610208816705,1105,57,0.8,2.0,10.0
0.03,False,0.25,126.89999999999999,0.29333619027212343,1369,57,0.8,2.0,10.0
0.03,False,0.5,239.00000000000006,0.29333619027212343,1369,57,0.8,2.0,10.0
0.03,False,0.75,409.90000000000003,0.29333619027212343,1369,57,0.8,2.0,10.0
0.03,True,0.25,134.725,0.7066638097278766,3298,57,0.8,2.0,10.0
0.03,True,0.5,242.55,0.7066638097278766,3298,57,0.8,2.0,10.0
0.03,True,0.75,411.4000000000001,0.7066638097278766,3298,57,0.8,2.0,10.0
0.06,False,0.25,118.67499999999998,0.14794318391440694,802,57,0.8,2.0,10.0
0.06,False,0.5,217.35000000000002,0.14794318391440694,802,57,0.8,2.0,10.0
0.06,False,0.75,368.05000000000007,0.14794318391440694,802,57,0.8,2.0,10.0
0.06,True,0.25,123.49999999999999,0.852056816085593,4619,57,0.8,2.0,10.0
0.06,True,0.5,223.60000000000002,0.852056816085593,4619,57,0.8,2.0,10.0
0.06,True,0.75,378.9000000000001,0.852056816085593,4619,57,0.8,2.0,10.0
0.09,False,0.25,99.94999999999999,0.0651270207852194,423,57,0.8,2.0,10.0
0.09,False,0.5,179.9,0.0651270207852194,423,57,0.8,2.0,10.0
0.09,False,0.75,305.6,0.0651270207852194,423,57,0.8,2.0,10.0
0.09,True,0.25,111.3,0.9348729792147806,6072,57,0.8,2.0,10.0
0.09,True,0.5,195.1,0.9348729792147806,6072,57,0.8,2.0,10.0
0.09,True,0.75,324.32500000000005,0.9348729792147806,6072,57,0.8,2.0,10.0
0.12,False,0.25,82.35,0.027307242990654207,187,57,0.8,2.0,10.0
0.12,False,0.5,136.1,0.027307242990654207,187,57,0.8,2.0,10.0
0.12,False,0.75,240.20000000000005,0.027307242990654207,187,57,0.8,2.0,10.0
0.12,True,0.25,98.69999999999999,0.9726927570093458,6661,57,0.8,2.0,10.0
0.12,True,0.5,161.99999999999997,0.9726927570093458,6661,57,0.8,2.0,10.0
0.12,True,0.75,266.90000000000003,0.9726927570093458,6661,57,0.8,2.0,10.0
0.15,False,0.25,70.8,0.014985994397759104,107,57,0.8,2.0,10.0
0.15,False,0.5,114.49999999999997,0.014985994397759104,107,57,0.8,2.0,10.0
0.15,False,0.75,177.75,0.014985994397759104,107,57,0.8,2.0,10.0
0.15,True,0.25,83.39999999999999,0.985014005602241,7033,57,0.8,2.0,10.0
0.15,True,0.5,134.5,0.985014005602241,7033,57,0.8,2.0,10.0
0.15,True,0.75,216.3,0.985014005602241,7033,57,0.8,2.0,10.0
0.0,False,0.25,138.75,0.5023105360443623,1087,59,0.8,2.0,10.0
0.0,False,0.5,265.5,0.5023105360443623,1087,59,0.8,2.0,10.0
0.0,False,0.75,426.45000000000005,0.5023105360443623,1087,59,0.8,2.0,10.0
0.0,True,0.25,142.5,0.49768946395563773,1077,59,0.8,2.0,10.0
0.0,True,0.5,267.3,0.49768946395563773,1077,59,0.8,2.0,10.0
0.0,True,0.75,457.0,0.49768946395563773,1077,59,0.8,2.0,10.0
0.03,False,0.25,126.3,0.296367934665807,1379,59,0.8,2.0,10.0
0.03,False,0.5,229.10000000000002,0.296367934665807,1379,59,0.8,2.0,10.0
0.03,False,0.75,402.54999999999995,0.296367934665807,1379,59,0.8,2.0,10.0
0.03,True,0.25,134.825,0.703632065334193,3274,59,0.8,2.0,10.0
0.03,True,0.5,244.30000000000004,0.703632065334193,3274,59,0.8,2.0,10.0
0.03,True,0.75,408.1,0.703632065334193,3274,59,0.8,2.0,10.0
0.06,False,0.25,114.32499999999999,0.13571165869805074,738,59,0.8,2.0,10.0
0.06,False,0.5,209.80000000000004,0.13571165869805074,738,59,0.8,2.0,10.0
0.06,False,0.75,374.2750000000001,0.13571165869805074,738,59,0.8,2.0,10.0
0.06,True,0.25,126.15,0.8642883413019492,4700,59,0.8,2.0,10.0
0.06,True,0.5,222.20000000000005,0.8642883413019492,4700,59,0.8,2.0,10.0
0.06,True,0.75,370.125,0.8642883413019492,4700,59,0.8,2.0,10.0
0.09,False,0.25,99.57499999999999,0.06705629037219317,436,59,0.8,2.0,10.0
0.09,False,0.5,176.8,0.06705629037219317,436,59,0.8,2.0,10.0
0.09,False,0.75,294.77500000000003,0.06705629037219317,436,59,0.8,2.0,10.0
0.09,True,0.25,111.525,0.9329437096278068,6066,59,0.8,2.0,10.0
0.09,True,0.5,196.29999999999998,0.9329437096278068,6066,59,0.8,2.0,10.0
0.09,True,0.75,331.05000000000007,0.9329437096278068,6066,59,0.8,2.0,10.0
0.12,False,0.25,74.75,0.02675438596491228,183,59,0.8,2.0,10.0
0.12,False,0.5,139.99999999999997,0.02675438596491228,183,59,0.8,2.0,10.0
0.12,False,0.75,214.35000000000002,0.02675438596491228,183,59,0.8,2.0,10.0
0.12,True,0.25,97.49999999999999,0.9732456140350877,6657,59,0.8,2.0,10.0
0.12,True,0.5,162.5,0.9732456140350877,6657,59,0.8,2.0,10.0
0.12,True,0.75,266.70000000000005,0.9732456140350877,6657,59,0.8,2.0,10.0
0.15,False,0.25,65.4,0.01429372197309417,102,59,0.8,2.0,10.0
0.15,False,0.5,115.85,0.01429372197309417,102,59,0.8,2.0,10.0
0.15,False,0.75,207.22500000000002,0.01429372197309417,102,59,0.8,2.0,10.0
0.15,True,0.25,84.19999999999999,0.9857062780269058,7034,59,0.8,2.0,10.0
0.15,True,0.5,135.99999999999997,0.9857062780269058,7034,59,0.8,2.0,10.0
0.15,True,0.75,220.60000000000005,0.9857062780269058,7034,59,0.8,2.0,10.0
0.0,False,0.25,138.55,0.4919908466819222,1075,61,0.8,2.0,10.0
0.0,False,0.5,251.10000000000005,0.4919908466819222,1075,61,0.8,2.0,10.0
0.0,False,0.75,414.85,0.4919908466819222,1075,61,0.8,2.0,10.0
0.0,True,0.25,143.45,0.5080091533180778,1110,61,0.8,2.0,10.0
0.0,True,0.5,253.90000000000003,0.5080091533180778,1110,61,0.8,2.0,10.0
0.0,True,0.75,425.25,0.5080091533180778,1110,61,0.8,2.0,10.0
0.03,False,0.25,134.3,0.295071474290591,1383,61,0.8,2.0,10.0
0.03,False,0.5,235.20000000000002,0.295071474290591,1383,61,0.8,2.0,10.0
0.03,False,0.75,404.95000000000005,0.295071474290591,1383,61,0.8,2.0,10.0
0.03,True,0.25,132.39999999999998,0.704928525709409,3304,61,0.8,2.0,10.0
0.03,True,0.5,248.10000000000005,0.704928525709409,3304,61,0.8,2.0,10.0
0.03,True,0.75,422.5,0.704928525709409,3304,61,0.8,2.0,10.0
0.06,False,0.25,115.39999999999998,0.14583717925050765,790,61,0.8,2.0,10.0
0.06,False,0.5,215.90000000000003,0.14583717925050765,790,61,0.8,2.0,10.0
0.06,False,0.75,357.95000000000005,0.14583717925050765,790,61,0.8,2.0,10.0
0.06,True,0.25,119.79999999999998,0.8541628207494923,4627,61,0.8,2.0,10.0
0.06,True,0.5,218.00000000000003,0.8541628207494923,4627,61,0.8,2.0,10.0
0.06,True,0.75,370.1,0.8541628207494923,4627,61,0.8,2.0,10.0
0.09,False,0.25,93.69999999999999,0.06634056863344542,434,61,0.8,2.0,10.0
0.09,False,0.5,164.75,0.06634056863344542,434,61,0.8,2.0,10.0
0.09,False,0.75,316.6,0.06634056863344542,434,61,0.8,2.0,10.0
0.09,True,0.25,110.67499999999998,0.9336594313665546,6108,61,0.8,2.0,10.0
0.09,True,0.5,195.65000000000003,0.9336594313665546,6108,61,0.8,2.0,10.0
0.09,True,0.75,326.9000000000001,0.9336594313665546,6108,61,0.8,2.0,10.0
0.12,False,0.25,81.74999999999999,0.027891355140186917,191,61,0.8,2.0,10.0
0.12,False,0.5,141.2,0.027891355140186917,191,61,0.8,2.0,10.0
0.12,False,0.75,258.95000000000005,0.027891355140186917,191,61,0.8,2.0,10.0
0.12,True,0.25,97.1,0.9721086448598131,6657,61,0.8,2.0,10.0
0.12,True,0.5,161.6,0.9721086448598131,6657,61,0.8,2.0,10.0
0.12,True,0.75,267.1,0.9721086448598131,6657,61,0.8,2.0,10.0
0.15,False,0.25,72.94999999999997,0.011766353831068777,84,61,0.8,2.0,10.0
0.15,False,0.5,114.79999999999998,0.011766353831068777,84,61,0.8,2.0,10.0
0.15,False,0.75,197.8,0.011766353831068777,84,61,0.8,2.0,10.0
0.15,True,0.25,85.1,0.9882336461689312,7055,61,0.8,2.0,10.0
0.15,True,0.5,133.89999999999998,0.9882336461689312,7055,61,0.8,2.0,10.0
0.15,True,0.75,220.45000000000005,0.9882336461689312,7055,61,0.8,2.0,10.0
0.0,False,0.25,143.45,0.4852941176470588,1056,73,0.8,2.0,10.0
0.0,False,0.5,265.4,0.4852941176470588,1056,73,0.8,2.0,10.0
0.0,False,0.75,436.20000000000005,0.4852941176470588,1056,73,0.8,2.0,10.0
0.0,True,0.25,143.77499999999998,0.5147058823529411,1120,73,0.8,2.0,10.0
0.0,True,0.5,254.40000000000003,0.5147058823529411,1120,73,0.8,2.0,10.0
0.0,True,0.75,422.52500000000003,0.5147058823529411,1120,73,0.8,2.0,10.0
0.03,False,0.25,126.54999999999998,0.2988357050452781,1386,73,0.8,2.0,10.0
0.03,False,0.5,255.10000000000002,0.2988357050452781,1386,73,0.8,2.0,10.0
0.03,False,0.75,418.0,0.2988357050452781,1386,73,0.8,2.0,10.0
0.03,True,0.25,136.17499999999998,0.7011642949547219,3252,73,0.8,2.0,10.0
0.03,True,0.5,250.35000000000005,0.7011642949547219,3252,73,0.8,2.0,10.0
0.03,True,0.75,419.5250000000001,0.7011642949547219,3252,73,0.8,2.0,10.0
0.06,False,0.25,114.2,0.15075284612559678,821,73,0.8,2.0,10.0
0.06,False,0.5,214.3,0.15075284612559678,821,73,0.8,2.0,10.0
0.06,False,0.75,381.6,0.15075284612559678,821,73,0.8,2.0,10.0
0.06,True,0.25,126.99999999999997,0.8492471538744032,4625,73,0.8,2.0,10.0
0.06,True,0.5,226.90000000000003,0.8492471538744032,4625,73,0.8,2.0,10.0
0.06,True,0.75,383.2,0.8492471538744032,4625,73,0.8,2.0,10.0
0.09,False,0.25,102.4,0.07112002468373958,461,73,0.8,2.0,10.0
0.09,False,0.5,196.7,0.07112002468373958,461,73,0.8,2.0,10.0
0.09,False,0.75,327.5,0.07112002468373958,461,73,0.8,2.0,10.0
0.09,True,0.25,107.3,0.9288799753162604,6021,73,0.8,2.0,10.0
0.09,True,0.5,188.8,0.9288799753162604,6021,73,0.8,2.0,10.0
0.09,True,0.75,322.70000000000005,0.9288799753162604,6021,73,0.8,2.0,10.0
0.12,False,0.25,87.3,0.02944192178116303,201,73,0.8,2.0,10.0
0.12,False,0.5,150.60000000000002,0.02944192178116303,201,73,0.8,2.0,10.0
0.12,False,0.75,242.40000000000003,0.02944192178116303,201,73,0.8,2.0,10.0
0.12,True,0.25,99.89999999999999,0.970558078218837,6626,73,0.8,2.0,10.0
0.12,True,0.5,163.65,0.970558078218837,6626,73,0.8,2.0,10.0
0.12,True,0.75,266.37500000000006,0.970558078218837,6626,73,0.8,2.0,10.0
0.15,False,0.25,82.27499999999998,0.015130288596245448,108,73,0.8,2.0,10.0
0.15,False,0.5,124.19999999999999,0.015130288596245448,108,73,0.8,2.0,10.0
0.15,False,0.75,232.47500000000005,0.015130288596245448,108,73,0.8,2.0,10.0
0.15,True,0.25,84.49999999999999,0.9848697114037546,7030,73,0.8,2.0,10.0
0.15,True,0.5,135.79999999999998,0.9848697114037546,7030,73,0.8,2.0,10.0
0.15,True,0.75,217.90000000000003,0.9848697114037546,7030,73,0.8,2.0,10.0
0.0,False,0.25,136.075,0.5016166281755197,1086,79,0.8,2.0,10.0
0.0,False,0.5,243.3,0.5016166281755197,1086,79,0.8,2.0,10.0
0.0,False,0.75,418.87500000000006,0.5016166281755197,1086,79,0.8,2.0,10.0
0.0,True,0.25,138.1,0.4983833718244804,1079,79,0.8,2.0,10.0
0.0,True,0.5,242.60000000000002,0.4983833718244804,1079,79,0.8,2.0,10.0
0.0,True,0.75,429.95000000000005,0.4983833718244804,1079,79,0.8,2.0,10.0
0.03,False,0.25,132.2,0.2989072209127919,1395,79,0.8,2.0,10.0
0.03,False,0.5,237.20000000000002,0.2989072209127919,1395,79,0.8,2.0,10.0
0.03,False,0.75,401.35,0.2989072209127919,1395,79,0.8,2.0,10.0
0.03,True,0.25,137.77499999999998,0.701092779087208,3272,79,0.8,2.0,10.0
0.03,True,0.5,252.30000000000007,0.701092779087208,3272,79,0.8,2.0,10.0
0.03,True,0.75,407.725,0.701092779087208,3272,79,0.8,2.0,10.0
0.06,False,0.25,118.17499999999998,0.1459147589800856,784,79,0.8,2.0,10.0
0.06,False,0.5,219.40000000000003,0.1459147589800856,784,79,0.8,2.0,10.0
0.06,False,0.75,378.875,0.1459147589800856,784,79,0.8,2.0,10.0
0.06,True,0.25,125.3,0.8540852410199143,4589,79,0.8,2.0,10.0
0.06,True,0.5,223.30000000000007,0.8540852410199143,4589,79,0.8,2.0,10.0
0.06,True,0.75,378.8,0.8540852410199143,4589,79,0.8,2.0,10.0
0.09,False,0.25,96.4,0.0681081081081081,441,79,0.8,2.0,10.0
0.09,False,0.5,178.0,0.0681081081081081,441,79,0.8,2.0,10.0
0.09,False,0.75,310.50000000000006,0.0681081081081081,441,79,0.8,2.0,10.0
0.09,True,0.25,110.82499999999999,0.9318918918918919,6034,79,0.8,2.0,10.0
0.09,True,0.5,188.8,0.9318918918918919,6034,79,0.8,2.0,10.0
0.09,True,0.75,324.50000000000006,0.9318918918918919,6034,79,0.8,2.0,10.0
0.12,False,0.25,83.57499999999999,0.02893467777290662,198,79,0.8,2.0,10.0
0.12,False,0.5,135.75,0.02893467777290662,198,79,0.8,2.0,10.0
0.12,False,0.75,238.925,0.02893467777290662,198,79,0.8,2.0,10.0
0.12,True,0.25,97.8,0.9710653222270934,6645,79,0.8,2.0,10.0
0.12,True,0.5,161.2,0.9710653222270934,6645,79,0.8,2.0,10.0
0.12,True,0.75,267.2,0.9710653222270934,6645,79,0.8,2.0,10.0
0.15,False,0.25,60.175,0.013443495308780282,96,79,0.8,2.0,10.0
0.15,False,0.5,90.4,0.013443495308780282,96,79,0.8,2.0,10.0
0.15,False,0.75,150.625,0.013443495308780282,96,79,0.8,2.0,10.0
0.15,True,0.25,84.3,0.9865565046912197,7045,79,0.8,2.0,10.0
0.15,True,0.5,134.99999999999997,0.9865565046912197,7045,79,0.8,2.0,10.0
0.15,True,0.75,220.4,0.9865565046912197,7045,79,0.8,2.0,10.0
0.0,False,0.25,146.725,0.4936594202898551,1090,80,0.8,2.0,10.0
0.0,False,0.5,258.00000000000006,0.4936594202898551,1090,80,0.8,2.0,10.0
0.0,False,0.75,431.20000000000005,0.4936594202898551,1090,80,0.8,2.0,10.0
0.0,True,0.25,136.625,0.5063405797101449,1118,80,0.8,2.0,10.0
0.0,True,0.5,254.10000000000002,0.5063405797101449,1118,80,0.8,2.0,10.0
0.0,True,0.75,425.2000000000001,0.5063405797101449,1118,80,0.8,2.0,10.0
0.03,False,0.25,125.975,0.2928887951044524,1388,80,0.8,2.0,10.0
0.03,False,0.5,242.05000000000004,0.2928887951044524,1388,80,0.8,2.0,10.0
0.03,False,0.75,418.45,0.2928887951044524,1388,80,0.8,2.0,10.0
0.03,True,0.25,138.1,0.7071112048955476,3351,80,0.8,2.0,10.0
0.03,True,0.5,247.50000000000006,0.7071112048955476,3351,80,0.8,2.0,10.0
0.03,True,0.75,413.0,0.7071112048955476,3351,80,0.8,2.0,10.0
0.06,False,0.25,106.99999999999999,0.14103982300884957,765,80,0.8,2.0,10.0
0.06,False,0.5,211.40000000000003,0.14103982300884957,765,80,0.8,2.0,10.0
0.06,False,0.75,377.00000000000006,0.14103982300884957,765,80,0.8,2.0,10.0
0.06,True,0.25,123.0,0.8589601769911505,4659,80,0.8,2.0,10.0
0.06,True,0.5,218.90000000000003,0.8589601769911505,4659,80,0.8,2.0,10.0
0.06,True,0.75,380.5,0.8589601769911505,4659,80,0.8,2.0,10.0
0.09,False,0.25,92.9,0.06907692307692308,449,80,0.8,2.0,10.0
0.09,False,0.5,167.09999999999997,0.06907692307692308,449,80,0.8,2.0,10.0
0.09,False,0.75,295.6,0.06907692307692308,449,80,0.8,2.0,10.0
0.09,True,0.25,109.85,0.930923076923077,6051,80,0.8,2.0,10.0
0.09,True,0.5,190.1,0.930923076923077,6051,80,0.8,2.0,10.0
0.09,True,0.75,322.0,0.930923076923077,6051,80,0.8,2.0,10.0
0.12,False,0.25,80.9,0.030502043199065965,209,80,0.8,2.0,10.0
0.12,False,0.5,145.7,0.030502043199065965,209,80,0.8,2.0,10.0
0.12,False,0.75,250.00000000000006,0.030502043199065965,209,80,0.8,2.0,10.0
0.12,True,0.25,96.8,0.969497956800934,6643,80,0.8,2.0,10.0
0.12,True,0.5,161.3,0.969497956800934,6643,80,0.8,2.0,10.0
0.12,True,0.75,266.00000000000006,0.969497956800934,6643,80,0.8,2.0,10.0
0.15,False,0.25,75.9,0.011632796075683252,83,80,0.8,2.0,10.0
0.15,False,0.5,119.6,0.011632796075683252,83,80,0.8,2.0,10.0
0.15,False,0.75,173.2,0.011632796075683252,83,80,0.8,2.0,10.0
0.15,True,0.25,83.39999999999999,0.9883672039243168,7052,80,0.8,2.0,10.0
0.15,True,0.5,133.3,0.9883672039243168,7052,80,0.8,2.0,10.0
0.15,True,0.75,215.80000000000004,0.9883672039243168,7052,80,0.8,2.0,10.0
0.0,False,0.25,142.75,0.501833180568286,1095,81,0.8,2.0,10.0
0.0,False,0.5,264.1000000000001,0.501833180568286,1095,81,0.8,2.0,10.0
0.0,False,0.75,454.6,0.501833180568286,1095,81,0.8,2.0,10.0
0.0,True,0.25,131.29999999999998,0.49816681943171404,1087,81,0.8,2.0,10.0
0.0,True,0.5,252.50000000000006,0.49816681943171404,1087,81,0.8,2.0,10.0
0.0,True,0.75,409.04999999999995,0.49816681943171404,1087,81,0.8,2.0,10.0
0.03,False,0.25,129.5,0.29448246364414027,1377,81,0.8,2.0,10.0
0.03,False,0.5,233.60000000000002,0.29448246364414027,1377,81,0.8,2.0,10.0
0.03,False,0.75,415.80000000000007,0.29448246364414027,1377,81,0.8,2.0,10.0
0.03,True,0.25,134.79999999999998,0.7055175363558597,3299,81,0.8,2.0,10.0
0.03,True,0.5,241.60000000000002,0.7055175363558597,3299,81,0.8,2.0,10.0
0.03,True,0.75,415.6,0.7055175363558597,3299,81,0.8,2.0,10.0
0.06,False,0.25,115.47499999999998,0.15117994100294985,820,81,0.8,2.0,10.0
0.06,False,0.5,211.40000000000003,0.15117994100294985,820,81,0.8,2.0,10.0
0.06,False,0.75,374.925,0.15117994100294985,820,81,0.8,2.0,10.0
0.06,True,0.25,124.39999999999999,0.8488200589970502,4604,81,0.8,2.0,10.0
0.06,True,0.5,222.50000000000006,0.8488200589970502,4604,81,0.8,2.0,10.0
0.06,True,0.75,370.6,0.8488200589970502,4604,81,0.8,2.0,10.0
0.09,False,0.25,112.94999999999999,0.06563172456194283,427,81,0.8,2.0,10.0
0.09,False,0.5,190.7,0.06563172456194283,427,81,0.8,2.0,10.0
0.09,False,0.75,319.75,0.06563172456194283,427,81,0.8,2.0,10.0
0.09,True,0.25,111.94999999999999,0.9343682754380572,6079,81,0.8,2.0,10.0
0.09,True,0.5,193.89999999999998,0.9343682754380572,6079,81,0.8,2.0,10.0
0.09,True,0.75,327.5,0.9343682754380572,6079,81,0.8,2.0,10.0
0.12,False,0.25,72.99999999999999,0.03268357027700425,223,81,0.8,2.0,10.0
0.12,False,0.5,137.9,0.03268357027700425,223,81,0.8,2.0,10.0
0.12,False,0.75,248.70000000000005,0.03268357027700425,223,81,0.8,2.0,10.0
0.12,True,0.25,97.67499999999998,0.9673164297229957,6600,81,0.8,2.0,10.0
0.12,True,0.5,161.8,0.9673164297229957,6600,81,0.8,2.0,10.0
0.12,True,0.75,265.70000000000005,0.9673164297229957,6600,81,0.8,2.0,10.0
0.15,False,0.25,68.5,0.014007564084605687,100,81,0.8,2.0,10.0
0.15,False,0.5,115.6,0.014007564084605687,100,81,0.8,2.0,10.0
0.15,False,0.75,196.95000000000005,0.014007564084605687,100,81,0.8,2.0,10.0
0.15,True,0.25,85.3,0.9859924359153943,7039,81,0.8,2.0,10.0
0.15,True,0.5,135.4,0.9859924359153943,7039,81,0.8,2.0,10.0
0.15,True,0.75,219.60000000000002,0.9859924359153943,7039,81,0.8,2.0,10.0
0.0,False,0.25,135.9,0.48623853211009177,1060,97,0.8,2.0,10.0
0.0,False,0.5,243.40000000000003,0.48623853211009177,1060,97,0.8,2.0,10.0
0.0,False,0.75,407.50000000000006,0.48623853211009177,1060,97,0.8,2.0,10.0
0.0,True,0.25,141.2,0.5137614678899083,1120,97,0.8,2.0,10.0
0.0,True,0.5,264.0,0.5137614678899083,1120,97,0.8,2.0,10.0
0.0,True,0.75,423.1500000000001,0.5137614678899083,1120,97,0.8,2.0,10.0
0.03,False,0.25,126.05,0.2832271762208068,1334,97,0.8,2.0,10.0
0.03,False,0.5,243.3,0.2832271762208068,1334,97,0.8,2.0,10.0
0.03,False,0.75,409.05,0.2832271762208068,1334,97,0.8,2.0,10.0
0.03,True,0.25,131.575,0.7167728237791932,3376,97,0.8,2.0,10.0
0.03,True,0.5,239.00000000000006,0.7167728237791932,3376,97,0.8,2.0,10.0
0.03,True,0.75,411.05000000000007,0.7167728237791932,3376,97,0.8,2.0,10.0
0.06,False,0.25,112.9,0.14459833795013852,783,97,0.8,2.0,10.0
0.06,False,0.5,207.30000000000004,0.14459833795013852,783,97,0.8,2.0,10.0
0.06,False,0.75,376.95000000000005,0.14459833795013852,783,97,0.8,2.0,10.0
0.06,True,0.25,125.84999999999998,0.8554016620498615,4632,97,0.8,2.0,10.0
0.06,True,0.5,221.35000000000002,0.8554016620498615,4632,97,0.8,2.0,10.0
0.06,True,0.75,374.125,0.8554016620498615,4632,97,0.8,2.0,10.0
0.09,False,0.25,94.5,0.0656014748809341,427,97,0.8,2.0,10.0
0.09,False,0.5,175.6,0.0656014748809341,427,97,0.8,2.0,10.0
0.09,False,0.75,311.20000000000005,0.0656014748809341,427,97,0.8,2.0,10.0
0.09,True,0.25,110.3,0.934398525119066,6082,97,0.8,2.0,10.0
0.09,True,0.5,190.8,0.934398525119066,6082,97,0.8,2.0,10.0
0.09,True,0.75,322.70000000000005,0.934398525119066,6082,97,0.8,2.0,10.0
0.12,False,0.25,87.32499999999999,0.029248318221702253,200,97,0.8,2.0,10.0
0.12,False,0.5,156.2,0.029248318221702253,200,97,0.8,2.0,10.0
0.12,False,0.75,247.32500000000005,0.029248318221702253,200,97,0.8,2.0,10.0
0.12,True,0.25,97.0,0.9707516817782977,6638,97,0.8,2.0,10.0
0.12,True,0.5,158.70000000000002,0.9707516817782977,6638,97,0.8,2.0,10.0
0.12,True,0.75,263.5,0.9707516817782977,6638,97,0.8,2.0,10.0
0.15,False,0.25,60.79999999999998,0.013032511210762331,93,97,0.8,2.0,10.0
0.15,False,0.5,100.89999999999999,0.013032511210762331,93,97,0.8,2.0,10.0
0.15,False,0.75,163.70000000000002,0.013032511210762331,93,97,0.8,2.0,10.0
0.15,True,0.25,85.19999999999999,0.9869674887892377,7043,97,0.8,2.0,10.0
0.15,True,0.5,135.7,0.9869674887892377,7043,97,0.8,2.0,10.0
0.15,True,0.75,217.65000000000003,0.9869674887892377,7043,97,0.8,2.0,10.0
0.0,False,0.25,140.24999999999997,0.5029830197338229,1096,98,0.8,2.0,10.0
0.0,False,0.5,245.65000000000003,0.5029830197338229,1096,98,0.8,2.0,10.0
0.0,False,0.75,434.675,0.5029830197338229,1096,98,0.8,2.0,10.0
0.0,True,0.25,135.3,0.49701698026617713,1083,98,0.8,2.0,10.0
0.0,True,0.5,241.70000000000002,0.49701698026617713,1083,98,0.8,2.0,10.0
0.0,True,0.75,411.70000000000005,0.49701698026617713,1083,98,0.8,2.0,10.0
0.03,False,0.25,133.39999999999998,0.28979678238780693,1369,98,0.8,2.0,10.0
0.03,False,0.5,243.3,0.28979678238780693,1369,98,0.8,2.0,10.0
0.03,False,0.75,412.3,0.28979678238780693,1369,98,0.8,2.0,10.0
0.03,True,0.25,135.6,0.7102032176121931,3355,98,0.8,2.0,10.0
0.03,True,0.5,252.30000000000007,0.7102032176121931,3355,98,0.8,2.0,10.0
0.03,True,0.75,411.05000000000007,0.7102032176121931,3355,98,0.8,2.0,10.0
0.06,False,0.25,109.10000000000001,0.14735099337748345,801,98,0.8,2.0,10.0
0.06,False,0.5,208.60000000000002,0.14735099337748345,801,98,0.8,2.0,10.0
0.06,False,0.75,355.00000000000006,0.14735099337748345,801,98,0.8,2.0,10.0
0.06,True,0.25,126.2,0.8526490066225165,4635,98,0.8,2.0,10.0
0.06,True,0.5,223.50000000000003,0.8526490066225165,4635,98,0.8,2.0,10.0
0.06,True,0.75,386.9,0.8526490066225165,4635,98,0.8,2.0,10.0
0.09,False,0.25,93.9,0.06743827160493827,437,98,0.8,2.0,10.0
0.09,False,0.5,161.5,0.06743827160493827,437,98,0.8,2.0,10.0
0.09,False,0.75,308.3,0.06743827160493827,437,98,0.8,2.0,10.0
0.09,True,0.25,110.64999999999999,0.9325617283950617,6043,98,0.8,2.0,10.0
0.09,True,0.5,190.4,0.9325617283950617,6043,98,0.8,2.0,10.0
0.09,True,0.75,318.45000000000005,0.9325617283950617,6043,98,0.8,2.0,10.0
0.12,False,0.25,75.85,0.026569343065693432,182,98,0.8,2.0,10.0
0.12,False,0.5,128.9,0.026569343065693432,182,98,0.8,2.0,10.0
0.12,False,0.75,221.62500000000003,0.026569343065693432,182,98,0.8,2.0,10.0
0.12,True,0.25,96.19999999999999,0.9734306569343065,6668,98,0.8,2.0,10.0
0.12,True,0.5,160.39999999999998,0.9734306569343065,6668,98,0.8,2.0,10.0
0.12,True,0.75,265.40000000000003,0.9734306569343065,6668,98,0.8,2.0,10.0
0.15,False,0.25,64.14999999999999,0.013327721661054994,95,98,0.8,2.0,10.0
0.15,False,0.5,111.69999999999999,0.013327721661054994,95,98,0.8,2.0,10.0
0.15,False,0.75,162.14999999999998,0.013327721661054994,95,98,0.8,2.0,10.0
0.15,True,0.25,86.0,0.986672278338945,7033,98,0.8,2.0,10.0
0.15,True,0.5,136.99999999999997,0.986672278338945,7033,98,0.8,2.0,10.0
0.15,True,0.75,220.50000000000006,0.986672278338945,7033,98,0.8,2.0,10.0
0.0,False,0.25,134.1,0.48654810761513906,1067,99,0.8,2.0,10.0
0.0,False,0.5,247.8,0.48654810761513906,1067,99,0.8,2.0,10.0
0.0,False,0.75,413.15000000000003,0.48654810761513906,1067,99,0.8,2.0,10.0
0.0,True,0.25,134.55,0.5134518923848609,1126,99,0.8,2.0,10.0
0.0,True,0.5,246.25000000000006,0.5134518923848609,1126,99,0.8,2.0,10.0
0.0,True,0.75,417.6,0.5134518923848609,1126,99,0.8,2.0,10.0
0.03,False,0.25,131.64999999999998,0.2970657528378668,1387,99,0.8,2.0,10.0
0.03,False,0.5,249.10000000000005,0.2970657528378668,1387,99,0.8,2.0,10.0
0.03,False,0.75,415.6,0.2970657528378668,1387,99,0.8,2.0,10.0
0.03,True,0.25,136.02499999999998,0.7029342471621333,3282,99,0.8,2.0,10.0
0.03,True,0.5,246.25000000000003,0.7029342471621333,3282,99,0.8,2.0,10.0
0.03,True,0.75,415.07500000000005,0.7029342471621333,3282,99,0.8,2.0,10.0
0.06,False,0.25,113.99999999999999,0.1460217832748754,791,99,0.8,2.0,10.0
0.06,False,0.5,217.20000000000002,0.1460217832748754,791,99,0.8,2.0,10.0
0.06,False,0.75,376.5,0.1460217832748754,791,99,0.8,2.0,10.0
0.06,True,0.25,126.225,0.8539782167251246,4626,99,0.8,2.0,10.0
0.06,True,0.5,227.30000000000007,0.8539782167251246,4626,99,0.8,2.0,10.0
0.06,True,0.75,387.175,0.8539782167251246,4626,99,0.8,2.0,10.0
0.09,False,0.25,95.425,0.06370210801661794,414,99,0.8,2.0,10.0
0.09,False,0.5,166.89999999999998,0.06370210801661794,414,99,0.8,2.0,10.0
0.09,False,0.75,301.975,0.06370210801661794,414,99,0.8,2.0,10.0
0.09,True,0.25,111.10000000000001,0.9362978919833821,6085,99,0.8,2.0,10.0
0.09,True,0.5,197.20000000000002,0.9362978919833821,6085,99,0.8,2.0,10.0
0.09,True,0.75,331.90000000000003,0.9362978919833821,6085,99,0.8,2.0,10.0
0.12,False,0.25,84.99999999999999,0.0273992673992674,187,99,0.8,2.0,10.0
0.12,False,0.5,127.79999999999997,0.0273992673992674,187,99,0.8,2.0,10.0
0.12,False,0.75,262.6,0.0273992673992674,187,99,0.8,2.0,10.0
0.12,True,0.25,96.82499999999999,0.9726007326007327,6638,99,0.8,2.0,10.0
0.12,True,0.5,160.25,0.9726007326007327,6638,99,0.8,2.0,10.0
0.12,True,0.75,265.17500000000007,0.9726007326007327,6638,99,0.8,2.0,10.0
0.15,False,0.25,78.35,0.014289717007565145,102,99,0.8,2.0,10.0
0.15,False,0.5,128.64999999999998,0.014289717007565145,102,99,0.8,2.0,10.0
0.15,False,0.75,196.725,0.014289717007565145,102,99,0.8,2.0,10.0
0.15,True,0.25,84.79999999999998,0.9857102829924349,7036,99,0.8,2.0,10.0
0.15,True,0.5,136.1,0.9857102829924349,7036,99,0.8,2.0,10.0
0.15,True,0.75,216.92500000000004,0.9857102829924349,7036,99,0.8,2.0,10.0
0.0,False,0.25,135.5,0.5188379482523832,1143,101,0.8,2.0,10.0
0.0,False,0.5,249.70000000000005,0.5188379482523832,1143,101,0.8,2.0,10.0
0.0,False,0.75,423.4000000000001,0.5188379482523832,1143,101,0.8,2.0,10.0
0.0,True,0.25,134.3,0.4811620517476169,1060,101,0.8,2.0,10.0
0.0,True,0.5,240.15000000000003,0.4811620517476169,1060,101,0.8,2.0,10.0
0.0,True,0.75,423.475,0.4811620517476169,1060,101,0.8,2.0,10.0
0.03,False,0.25,124.77499999999999,0.2903363133248191,1364,101,0.8,2.0,10.0
0.03,False,0.5,241.00000000000003,0.2903363133248191,1364,101,0.8,2.0,10.0
0.03,False,0.75,407.775,0.2903363133248191,1364,101,0.8,2.0,10.0
0.03,True,0.25,134.5,0.709663686675181,3334,101,0.8,2.0,10.0
0.03,True,0.5,247.60000000000005,0.709663686675181,3334,101,0.8,2.0,10.0
0.03,True,0.75,409.1,0.709663686675181,3334,101,0.8,2.0,10.0
0.06,False,0.25,115.175,0.14254062038404727,772,101,0.8,2.0,10.0
0.06,False,0.5,208.05,0.14254062038404727,772,101,0.8,2.0,10.0
0.06,False,0.75,366.275,0.14254062038404727,772,101,0.8,2.0,10.0
0.06,True,0.25,120.67499999999998,0.8574593796159528,4644,101,0.8,2.0,10.0
0.06,True,0.5,220.60000000000005,0.8574593796159528,4644,101,0.8,2.0,10.0
0.06,True,0.75,371.45000000000005,0.8574593796159528,4644,101,0.8,2.0,10.0
0.09,False,0.25,95.925,0.0667486927099354,434,101,0.8,2.0,10.0
0.09,False,0.5,174.5,0.0667486927099354,434,101,0.8,2.0,10.0
0.09,False,0.75,311.82500000000005,0.0667486927099354,434,101,0.8,2.0,10.0
0.09,True,0.25,110.37499999999999,0.9332513072900646,6068,101,0.8,2.0,10.0
0.09,True,0.5,190.85000000000002,0.9332513072900646,6068,101,0.8,2.0,10.0
0.09,True,0.75,322.82500000000005,0.9332513072900646,6068,101,0.8,2.0,10.0
0.12,False,0.25,76.39999999999999,0.03174835405998537,217,101,0.8,2.0,10.0
0.12,False,0.5,122.0,0.03174835405998537,217,101,0.8,2.0,10.0
0.12,False,0.75,213.00000000000003,0.03174835405998537,217,101,0.8,2.0,10.0
0.12,True,0.25,96.1,0.9682516459400147,6618,101,0.8,2.0,10.0
0.12,True,0.5,160.65,0.9682516459400147,6618,101,0.8,2.0,10.0
0.12,True,0.75,265.57500000000005,0.9682516459400147,6618,101,0.8,2.0,10.0
0.15,False,0.25,72.89999999999999,0.013863604537179667,99,101,0.8,2.0,10.0
0.15,False,0.5,114.69999999999999,0.013863604537179667,99,101,0.8,2.0,10.0
0.15,False,0.75,201.90000000000003,0.013863604537179667,99,101,0.8,2.0,10.0
0.15,True,0.25,84.1,0.9861363954628203,7042,101,0.8,2.0,10.0
0.15,True,0.5,132.75,0.9861363954628203,7042,101,0.8,2.0,10.0
0.15,True,0.75,211.70000000000005,0.9861363954628203,7042,101,0.8,2.0,10.0
0.0,False,0.25,136.8,0.5043597980725103,1099,113,0.8,2.0,10.0
0.0,False,0.5,249.3,0.5043597980725103,1099,113,0.8,2.0,10.0
0.0,False,0.75,410.75,0.5043597980725103,1099,113,0.8,2.0,10.0
0.0,True,0.25,142.125,0.4956402019274897,1080,113,0.8,2.0,10.0
0.0,True,0.5,253.45000000000005,0.4956402019274897,1080,113,0.8,2.0,10.0
0.0,True,0.75,426.07500000000005,0.4956402019274897,1080,113,0.8,2.0,10.0
0.03,False,0.25,128.99999999999997,0.2883094678350075,1349,113,0.8,2.0,10.0
0.03,False,0.5,239.70000000000002,0.2883094678350075,1349,113,0.8,2.0,10.0
0.03,False,0.75,405.20000000000005,0.2883094678350075,1349,113,0.8,2.0,10.0
0.03,True,0.25,130.89999999999998,0.7116905321649926,3330,113,0.8,2.0,10.0
0.03,True,0.5,239.50000000000006,0.7116905321649926,3330,113,0.8,2.0,10.0
0.03,True,0.75,393.55,0.7116905321649926,3330,113,0.8,2.0,10.0
0.06,False,0.25,107.3,0.14728110599078342,799,113,0.8,2.0,10.0
0.06,False,0.5,218.10000000000005,0.14728110599078342,799,113,0.8,2.0,10.0
0.06,False,0.75,396.6,0.14728110599078342,799,113,0.8,2.0,10.0
0.06,True,0.25,124.225,0.8527188940092166,4626,113,0.8,2.0,10.0
0.06,True,0.5,222.70000000000005,0.8527188940092166,4626,113,0.8,2.0,10.0
0.06,True,0.75,377.65000000000003,0.8527188940092166,4626,113,0.8,2.0,10.0
0.09,False,0.25,87.67499999999998,0.06265432098765432,406,113,0.8,2.0,10.0
0.09,False,0.5,156.8,0.06265432098765432,406,113,0.8,2.0,10.0
0.09,False,0.75,321.8,0.06265432098765432,406,113,0.8,2.0,10.0
0.09,True,0.25,111.69999999999999,0.9373456790123457,6074,113,0.8,2.0,10.0
0.09,True,0.5,191.0,0.9373456790123457,6074,113,0.8,2.0,10.0
0.09,True,0.75,324.40000000000003,0.9373456790123457,6074,113,0.8,2.0,10.0
0.12,False,0.25,86.2,0.027513537245719304,188,113,0.8,2.0,10.0
0.12,False,0.5,148.49999999999997,0.027513537245719304,188,113,0.8,2.0,10.0
0.12,False,0.75,291.1,0.027513537245719304,188,113,0.8,2.0,10.0
0.12,True,0.25,95.29999999999998,0.9724864627542807,6645,113,0.8,2.0,10.0
0.12,True,0.5,160.2,0.9724864627542807,6645,113,0.8,2.0,10.0
0.12,True,0.75,269.40000000000003,0.9724864627542807,6645,113,0.8,2.0,10.0
0.15,False,0.25,63.89999999999999,0.012333566923615978,88,113,0.8,2.0,10.0
0.15,False,0.5,93.69999999999999,0.012333566923615978,88,113,0.8,2.0,10.0
0.15,False,0.75,172.87499999999997,0.012333566923615978,88,113,0.8,2.0,10.0
0.15,True,0.25,85.1,0.987666433076384,7047,113,0.8,2.0,10.0
0.15,True,0.5,135.9,0.987666433076384,7047,113,0.8,2.0,10.0
0.15,True,0.75,219.95000000000005,0.987666433076384,7047,113,0.8,2.0,10.0
0.0,False,0.25,142.6,0.48995796356842597,1049,117,0.8,2.0,10.0
0.0,False,0.5,259.70000000000005,0.48995796356842597,1049,117,0.8,2.0,10.0
0.0,False,0.75,429.40000000000003,0.48995796356842597,1049,117,0.8,2.0,10.0
0.0,True,0.25,137.625,0.5100420364315741,1092,117,0.8,2.0,10.0
0.0,True,0.5,264.35,0.5100420364315741,1092,117,0.8,2.0,10.0
0.0,True,0.75,426.2,0.5100420364315741,1092,117,0.8,2.0,10.0
0.03,False,0.25,136.3,0.2868432293891499,1343,117,0.8,2.0,10.0
0.03,False,0.5,239.60000000000002,0.2868432293891499,1343,117,0.8,2.0,10.0
0.03,False,0.75,406.6,0.2868432293891499,1343,117,0.8,2.0,10.0
0.03,True,0.25,135.2,0.71315677061085,3339,117,0.8,2.0,10.0
0.03,True,0.5,243.60000000000005,0.71315677061085,3339,117,0.8,2.0,10.0
0.03,True,0.75,411.6,0.71315677061085,3339,117,0.8,2.0,10.0
0.06,False,0.25,122.42499999999998,0.1461880088823094,790,117,0.8,2.0,10.0
0.06,False,0.5,213.90000000000003,0.1461880088823094,790,117,0.8,2.0,10.0
0.06,False,0.75,346.475,0.1461880088823094,790,117,0.8,2.0,10.0
0.06,True,0.25,126.425,0.8538119911176906,4614,117,0.8,2.0,10.0
0.06,True,0.5,230.95000000000005,0.8538119911176906,4614,117,0.8,2.0,10.0
0.06,True,0.75,388.1,0.8538119911176906,4614,117,0.8,2.0,10.0
0.09,False,0.25,93.69999999999999,0.06266358737490377,407,117,0.8,2.0,10.0
0.09,False,0.5,176.60000000000002,0.06266358737490377,407,117,0.8,2.0,10.0
0.09,False,0.75,315.70000000000005,0.06266358737490377,407,117,0.8,2.0,10.0
0.09,True,0.25,110.6,0.9373364126250963,6088,117,0.8,2.0,10.0
0.09,True,0.5,194.05,0.9373364126250963,6088,117,0.8,2.0,10.0
0.09,True,0.75,330.5250000000001,0.9373364126250963,6088,117,0.8,2.0,10.0
0.12,False,0.25,84.1,0.02988773873742528,205,117,0.8,2.0,10.0
0.12,False,0.5,154.89999999999998,0.02988773873742528,205,117,0.8,2.0,10.0
0.12,False,0.75,247.4,0.02988773873742528,205,117,0.8,2.0,10.0
0.12,True,0.25,97.1,0.9701122612625748,6654,117,0.8,2.0,10.0
0.12,True,0.5,161.2,0.9701122612625748,6654,117,0.8,2.0,10.0
0.12,True,0.75,266.15000000000003,0.9701122612625748,6654,117,0.8,2.0,10.0
0.15,False,0.25,68.8,0.012761183564717431,91,117,0.8,2.0,10.0
0.15,False,0.5,96.1,0.012761183564717431,91,117,0.8,2.0,10.0
0.15,False,0.75,156.95,0.012761183564717431,91,117,0.8,2.0,10.0
0.15,True,0.25,87.27499999999999,0.9872388164352826,7040,117,0.8,2.0,10.0
0.15,True,0.5,138.35000000000002,0.9872388164352826,7040,117,0.8,2.0,10.0
0.15,True,0.75,222.90000000000003,0.9872388164352826,7040,117,0.8,2.0,10.0
0.0,False,0.25,132.2,0.4806094182825485,1041,118,0.8,2.0,10.0
0.0,False,0.5,266.1000000000001,0.4806094182825485,1041,118,0.8,2.0,10.0
0.0,False,0.75,428.90000000000003,0.4806094182825485,1041,118,0.8,2.0,10.0
0.0,True,0.25,136.79999999999998,0.5193905817174516,1125,118,0.8,2.0,10.0
0.0,True,0.5,257.40000000000003,0.5193905817174516,1125,118,0.8,2.0,10.0
0.0,True,0.75,431.80000000000007,0.5193905817174516,1125,118,0.8,2.0,10.0
0.03,False,0.25,135.35,0.29381443298969073,1368,118,0.8,2.0,10.0
0.03,False,0.5,254.80000000000004,0.29381443298969073,1368,118,0.8,2.0,10.0
0.03,False,0.75,411.4000000000001,0.29381443298969073,1368,118,0.8,2.0,10.0
0.03,True,0.25,141.55,0.7061855670103093,3288,118,0.8,2.0,10.0
0.03,True,0.5,252.85000000000002,0.7061855670103093,3288,118,0.8,2.0,10.0
0.03,True,0.75,421.32500000000005,0.7061855670103093,3288,118,0.8,2.0,10.0
0.06,False,0.25,117.54999999999998,0.13291489754476649,720,118,0.8,2.0,10.0
0.06,False,0.5,204.60000000000002,0.13291489754476649,720,118,0.8,2.0,10.0
0.06,False,0.75,367.42500000000007,0.13291489754476649,720,118,0.8,2.0,10.0
0.06,True,0.25,124.60000000000001,0.8670851024552335,4697,118,0.8,2.0,10.0
0.06,True,0.5,223.40000000000003,0.8670851024552335,4697,118,0.8,2.0,10.0
0.06,True,0.75,381.40000000000003,0.8670851024552335,4697,118,0.8,2.0,10.0
0.09,False,0.25,101.05,0.0608682218445852,394,118,0.8,2.0,10.0
0.09,False,0.5,190.5,0.0608682218445852,394,118,0.8,2.0,10.0
0.09,False,0.75,338.575,0.0608682218445852,394,118,0.8,2.0,10.0
0.09,True,0.25,108.25,0.9391317781554148,6079,118,0.8,2.0,10.0
0.09,True,0.5,192.0,0.9391317781554148,6079,118,0.8,2.0,10.0
0.09,True,0.75,320.05,0.9391317781554148,6079,118,0.8,2.0,10.0
0.12,False,0.25,85.52499999999998,0.028000583345486364,192,118,0.8,2.0,10.0
0.12,False,0.5,141.6,0.028000583345486364,192,118,0.8,2.0,10.0
0.12,False,0.75,245.25000000000006,0.028000583345486364,192,118,0.8,2.0,10.0
0.12,True,0.25,97.8,0.9719994166545136,6665,118,0.8,2.0,10.0
0.12,True,0.5,159.70000000000002,0.9719994166545136,6665,118,0.8,2.0,10.0
0.12,True,0.75,265.6000000000001,0.9719994166545136,6665,118,0.8,2.0,10.0
0.15,False,0.25,73.69999999999999,0.012477218561615029,89,118,0.8,2.0,10.0
0.15,False,0.5,119.69999999999999,0.012477218561615029,89,118,0.8,2.0,10.0
0.15,False,0.75,228.70000000000005,0.012477218561615029,89,118,0.8,2.0,10.0
0.15,True,0.25,84.59999999999998,0.987522781438385,7044,118,0.8,2.0,10.0
0.15,True,0.5,135.1,0.987522781438385,7044,118,0.8,2.0,10.0
0.15,True,0.75,215.62500000000006,0.987522781438385,7044,118,0.8,2.0,10.0
0.0,False,0.25,139.84999999999997,0.48753462603878117,1056,120,0.8,2.0,10.0
0.0,False,0.5,263.30000000000007,0.48753462603878117,1056,120,0.8,2.0,10.0
0.0,False,0.75,429.425,0.48753462603878117,1056,120,0.8,2.0,10.0
0.0,True,0.25,143.375,0.5124653739612188,1110,120,0.8,2.0,10.0
0.0,True,0.5,250.45000000000005,0.5124653739612188,1110,120,0.8,2.0,10.0
0.0,True,0.75,420.375,0.5124653739612188,1110,120,0.8,2.0,10.0
0.03,False,0.25,122.8,0.29127459366980324,1362,120,0.8,2.0,10.0
0.03,False,0.5,238.00000000000003,0.29127459366980324,1362,120,0.8,2.0,10.0
0.03,False,0.75,387.5,0.29127459366980324,1362,120,0.8,2.0,10.0
0.03,True,0.25,135.15,0.7087254063301968,3314,120,0.8,2.0,10.0
0.03,True,0.5,246.15000000000003,0.7087254063301968,3314,120,0.8,2.0,10.0
0.03,True,0.75,421.85,0.7087254063301968,3314,120,0.8,2.0,10.0
0.06,False,0.25,110.94999999999999,0.14125436821776716,768,120,0.8,2.0,10.0
0.06,False,0.5,212.40000000000003,0.14125436821776716,768,120,0.8,2.0,10.0
0.06,False,0.75,366.625,0.14125436821776716,768,120,0.8,2.0,10.0
0.06,True,0.25,126.99999999999997,0.8587456317822328,4669,120,0.8,2.0,10.0
0.06,True,0.5,227.50000000000003,0.8587456317822328,4669,120,0.8,2.0,10.0
0.06,True,0.75,391.1000000000001,0.8587456317822328,4669,120,0.8,2.0,10.0
0.09,False,0.25,98.67499999999998,0.0664922271817762,432,120,0.8,2.0,10.0
0.09,False,0.5,172.20000000000002,0.0664922271817762,432,120,0.8,2.0,10.0
0.09,False,0.75,314.35,0.0664922271817762,432,120,0.8,2.0,10.0
0.09,True,0.25,115.39999999999999,0.9335077728182238,6065,120,0.8,2.0,10.0
0.09,True,0.5,196.6,0.9335077728182238,6065,120,0.8,2.0,10.0
0.09,True,0.75,333.30000000000007,0.9335077728182238,6065,120,0.8,2.0,10.0
0.12,False,0.25,83.0,0.0314879906268307,215,120,0.8,2.0,10.0
0.12,False,0.5,136.99999999999997,0.0314879906268307,215,120,0.8,2.0,10.0
0.12,False,0.75,243.8,0.0314879906268307,215,120,0.8,2.0,10.0
0.12,True,0.25,96.1,0.9685120093731693,6613,120,0.8,2.0,10.0
0.12,True,0.5,161.1,0.9685120093731693,6613,120,0.8,2.0,10.0
0.12,True,0.75,267.0,0.9685120093731693,6613,120,0.8,2.0,10.0
0.15,False,0.25,69.6,0.013615946097697923,97,120,0.8,2.0,10.0
0.15,False,0.5,108.19999999999999,0.013615946097697923,97,120,0.8,2.0,10.0
0.15,False,0.75,177.6,0.013615946097697923,97,120,0.8,2.0,10.0
0.15,True,0.25,85.59999999999998,0.9863840539023021,7027,120,0.8,2.0,10.0
0.15,True,0.5,136.7,0.9863840539023021,7027,120,0.8,2.0,10.0
0.15,True,0.75,216.00000000000003,0.9863840539023021,7027,120,0.8,2.0,10.0
0.0,False,0.25,140.55,0.4898242368177613,1059,121,0.8,2.0,10.0
0.0,False,0.5,259.8,0.4898242368177613,1059,121,0.8,2.0,10.0
0.0,False,0.75,420.40000000000003,0.4898242368177613,1059,121,0.8,2.0,10.0
0.0,True,0.25,139.25,0.5101757631822387,1103,121,0.8,2.0,10.0
0.0,True,0.5,243.00000000000003,0.5101757631822387,1103,121,0.8,2.0,10.0
0.0,True,0.75,422.55,0.5101757631822387,1103,121,0.8,2.0,10.0
0.03,False,0.25,126.99999999999997,0.28336184773310524,1325,121,0.8,2.0,10.0
0.03,False,0.5,236.80000000000004,0.28336184773310524,1325,121,0.8,2.0,10.0
0.03,False,0.75,398.7,0.28336184773310524,1325,121,0.8,2.0,10.0
0.03,True,0.25,136.55,0.7166381522668948,3351,121,0.8,2.0,10.0
0.03,True,0.5,248.60000000000002,0.7166381522668948,3351,121,0.8,2.0,10.0
0.03,True,0.75,415.75,0.7166381522668948,3351,121,0.8,2.0,10.0
0.06,False,0.25,121.0,0.13452997779422649,727,121,0.8,2.0,10.0
0.06,False,0.5,225.60000000000002,0.13452997779422649,727,121,0.8,2.0,10.0
0.06,False,0.75,380.3,0.13452997779422649,727,121,0.8,2.0,10.0
0.06,True,0.25,124.60000000000001,0.8654700222057735,4677,121,0.8,2.0,10.0
0.06,True,0.5,221.90000000000003,0.8654700222057735,4677,121,0.8,2.0,10.0
0.06,True,0.75,377.90000000000003,0.8654700222057735,4677,121,0.8,2.0,10.0
0.09,False,0.25,93.65,0.06467508469356328,420,121,0.8,2.0,10.0
0.09,False,0.5,180.25,0.06467508469356328,420,121,0.8,2.0,10.0
0.09,False,0.75,295.45000000000005,0.06467508469356328,420,121,0.8,2.0,10.0
0.09,True,0.25,109.225,0.9353249153064367,6074,121,0.8,2.0,10.0
0.09,True,0.5,191.39999999999998,0.9353249153064367,6074,121,0.8,2.0,10.0
0.09,True,0.75,326.475,0.9353249153064367,6074,121,0.8,2.0,10.0
0.12,False,0.25,80.69999999999999,0.02880959344837672,197,121,0.8,2.0,10.0
0.12,False,0.5,132.39999999999998,0.02880959344837672,197,121,0.8,2.0,10.0
0.12,False,0.75,234.80000000000004,0.02880959344837672,197,121,0.8,2.0,10.0
0.12,True,0.25,96.89999999999999,0.9711904065516233,6641,121,0.8,2.0,10.0
0.12,True,0.5,161.2,0.9711904065516233,6641,121,0.8,2.0,10.0
0.12,True,0.75,266.90000000000003,0.9711904065516233,6641,121,0.8,2.0,10.0
0.15,False,0.25,62.6,0.012617412028599468,90,121,0.8,2.0,10.0
0.15,False,0.5,88.29999999999998,0.012617412028599468,90,121,0.8,2.0,10.0
0.15,False,0.75,167.525,0.012617412028599468,90,121,0.8,2.0,10.0
0.15,True,0.25,84.35,0.9873825879714005,7043,121,0.8,2.0,10.0
0.15,True,0.5,133.79999999999998,0.9873825879714005,7043,121,0.8,2.0,10.0
0.15,True,0.75,217.00000000000003,0.9873825879714005,7043,121,0.8,2.0,10.0
0.0,False,0.25,140.95,0.5076001842468908,1102,123,0.8,2.0,10.0
0.0,False,0.5,251.3,0.5076001842468908,1102,123,0.8,2.0,10.0
0.0,False,0.75,421.80000000000007,0.5076001842468908,1102,123,0.8,2.0,10.0
0.0,True,0.25,139.09999999999997,0.49239981575310915,1069,123,0.8,2.0,10.0
0.0,True,0.5,245.8,0.49239981575310915,1069,123,0.8,2.0,10.0
0.0,True,0.75,410.7,0.49239981575310915,1069,123,0.8,2.0,10.0
0.03,False,0.25,129.825,0.2900212314225053,1366,123,0.8,2.0,10.0
0.03,False,0.5,237.85000000000002,0.2900212314225053,1366,123,0.8,2.0,10.0
0.03,False,0.75,390.67500000000007,0.2900212314225053,1366,123,0.8,2.0,10.0
0.03,True,0.25,136.075,0.7099787685774946,3344,123,0.8,2.0,10.0
0.03,True,0.5,241.65000000000003,0.7099787685774946,3344,123,0.8,2.0,10.0
0.03,True,0.75,415.32500000000005,0.7099787685774946,3344,123,0.8,2.0,10.0
0.06,False,0.25,112.2,0.14542783694454645,792,123,0.8,2.0,10.0
0.06,False,0.5,204.45000000000005,0.14542783694454645,792,123,0.8,2.0,10.0
0.06,False,0.75,352.77500000000003,0.14542783694454645,792,123,0.8,2.0,10.0
0.06,True,0.25,127.02499999999998,0.8545721630554536,4654,123,0.8,2.0,10.0
0.06,True,0.5,224.50000000000003,0.8545721630554536,4654,123,0.8,2.0,10.0
0.06,True,0.75,375.65000000000003,0.8545721630554536,4654,123,0.8,2.0,10.0
0.09,False,0.25,102.19999999999999,0.0701727328809377,455,123,0.8,2.0,10.0
0.09,False,0.5,181.29999999999998,0.0701727328809377,455,123,0.8,2.0,10.0
0.09,False,0.75,312.70000000000005,0.0701727328809377,455,123,0.8,2.0,10.0
0.09,True,0.25,111.5,0.9298272671190623,6029,123,0.8,2.0,10.0
0.09,True,0.5,192.80000000000004,0.9298272671190623,6029,123,0.8,2.0,10.0
0.09,True,0.75,316.70000000000005,0.9298272671190623,6029,123,0.8,2.0,10.0
0.12,False,0.25,76.5,0.030263157894736843,207,123,0.8,2.0,10.0
0.12,False,0.5,128.6,0.030263157894736843,207,123,0.8,2.0,10.0
0.12,False,0.75,217.3,0.030263157894736843,207,123,0.8,2.0,10.0
0.12,True,0.25,97.8,0.9697368421052631,6633,123,0.8,2.0,10.0
0.12,True,0.5,161.3,0.9697368421052631,6633,123,0.8,2.0,10.0
0.12,True,0.75,267.2,0.9697368421052631,6633,123,0.8,2.0,10.0
0.15,False,0.25,71.64999999999998,0.015126050420168067,108,123,0.8,2.0,10.0
0.15,False,0.5,101.29999999999998,0.015126050420168067,108,123,0.8,2.0,10.0
0.15,False,0.75,182.77500000000003,0.015126050420168067,108,123,0.8,2.0,10.0
0.15,True,0.25,85.675,0.984873949579832,7032,123,0.8,2.0,10.0
0.15,True,0.5,137.95,0.984873949579832,7032,123,0.8,2.0,10.0
0.15,True,0.75,222.80000000000004,0.984873949579832,7032,123,0.8,2.0,10.0
0.0,False,0.25,139.09999999999997,0.499083409715857,1089,127,0.8,2.0,10.0
0.0,False,0.5,267.0,0.499083409715857,1089,127,0.8,2.0,10.0
0.0,False,0.75,423.4,0.499083409715857,1089,127,0.8,2.0,10.0
0.0,True,0.25,134.79999999999998,0.500916590284143,1093,127,0.8,2.0,10.0
0.0,True,0.5,261.40000000000003,0.500916590284143,1093,127,0.8,2.0,10.0
0.0,True,0.75,442.90000000000003,0.500916590284143,1093,127,0.8,2.0,10.0
0.03,False,0.25,130.64999999999998,0.2880710659898477,1362,127,0.8,2.0,10.0
0.03,False,0.5,245.85000000000005,0.2880710659898477,1362,127,0.8,2.0,10.0
0.03,False,0.75,407.1,0.2880710659898477,1362,127,0.8,2.0,10.0
0.03,True,0.25,136.125,0.7119289340101523,3366,127,0.8,2.0,10.0
0.03,True,0.5,243.95000000000005,0.7119289340101523,3366,127,0.8,2.0,10.0
0.03,True,0.75,419.6,0.7119289340101523,3366,127,0.8,2.0,10.0
0.06,False,0.25,116.5,0.13597941933112825,740,127,0.8,2.0,10.0
0.06,False,0.5,207.95,0.13597941933112825,740,127,0.8,2.0,10.0
0.06,False,0.75,344.625,0.13597941933112825,740,127,0.8,2.0,10.0
0.06,True,0.25,124.225,0.8640205806688718,4702,127,0.8,2.0,10.0
0.06,True,0.5,224.60000000000005,0.8640205806688718,4702,127,0.8,2.0,10.0
0.06,True,0.75,385.375,0.8640205806688718,4702,127,0.8,2.0,10.0
0.09,False,0.25,97.57499999999999,0.06434729064039409,418,127,0.8,2.0,10.0
0.09,False,0.5,181.89999999999998,0.06434729064039409,418,127,0.8,2.0,10.0
0.09,False,0.75,302.15000000000003,0.06434729064039409,418,127,0.8,2.0,10.0
0.09,True,0.25,109.02499999999999,0.9356527093596059,6078,127,0.8,2.0,10.0
0.09,True,0.5,193.89999999999998,0.9356527093596059,6078,127,0.8,2.0,10.0
0.09,True,0.75,324.0,0.9356527093596059,6078,127,0.8,2.0,10.0
0.12,False,0.25,77.19999999999999,0.03083893598363052,211,127,0.8,2.0,10.0
0.12,False,0.5,129.3,0.03083893598363052,211,127,0.8,2.0,10.0
0.12,False,0.75,227.00000000000006,0.03083893598363052,211,127,0.8,2.0,10.0
0.12,True,0.25,97.8,0.9691610640163695,6631,127,0.8,2.0,10.0
0.12,True,0.5,165.49999999999997,0.9691610640163695,6631,127,0.8,2.0,10.0
0.12,True,0.75,273.15,0.9691610640163695,6631,127,0.8,2.0,10.0
0.15,False,0.25,66.7,0.011763058395182747,84,127,0.8,2.0,10.0
0.15,False,0.5,102.95,0.011763058395182747,84,127,0.8,2.0,10.0
0.15,False,0.75,155.04999999999998,0.011763058395182747,84,127,0.8,2.0,10.0
0.15,True,0.25,84.79999999999998,0.9882369416048172,7057,127,0.8,2.0,10.0
0.15,True,0.5,136.5,0.9882369416048172,7057,127,0.8,2.0,10.0
0.15,True,0.75,217.50000000000003,0.9882369416048172,7057,127,0.8,2.0,10.0
0.0,False,0.25,143.7,0.49371215649743827,1060,134,0.8,2.0,10.0
0.0,False,0.5,263.6,0.49371215649743827,1060,134,0.8,2.0,10.0
0.0,False,0.75,423.95000000000005,0.49371215649743827,1060,134,0.8,2.0,10.0
0.0,True,0.25,144.8,0.5062878435025617,1087,134,0.8,2.0,10.0
0.0,True,0.5,255.0,0.5062878435025617,1087,134,0.8,2.0,10.0
0.0,True,0.75,435.55000000000007,0.5062878435025617,1087,134,0.8,2.0,10.0
0.03,False,0.25,136.4,0.27976063261380635,1309,134,0.8,2.0,10.0
0.03,False,0.5,254.70000000000005,0.27976063261380635,1309,134,0.8,2.0,10.0
0.03,False,0.75,411.2,0.27976063261380635,1309,134,0.8,2.0,10.0
0.03,True,0.25,132.39999999999998,0.7202393673861937,3370,134,0.8,2.0,10.0
0.03,True,0.5,240.95000000000005,0.7202393673861937,3370,134,0.8,2.0,10.0
0.03,True,0.75,408.875,0.7202393673861937,3370,134,0.8,2.0,10.0
0.06,False,0.25,112.6,0.1457370075827631,788,134,0.8,2.0,10.0
0.06,False,0.5,222.65000000000003,0.1457370075827631,788,134,0.8,2.0,10.0
0.06,False,0.75,370.625,0.1457370075827631,788,134,0.8,2.0,10.0
0.06,True,0.25,123.7,0.8542629924172369,4619,134,0.8,2.0,10.0
0.06,True,0.5,221.80000000000004,0.8542629924172369,4619,134,0.8,2.0,10.0
0.06,True,0.75,369.45000000000005,0.8542629924172369,4619,134,0.8,2.0,10.0
0.09,False,0.25,102.89999999999999,0.07060095782481075,457,134,0.8,2.0,10.0
0.09,False,0.5,179.39999999999998,0.07060095782481075,457,134,0.8,2.0,10.0
0.09,False,0.75,320.20000000000005,0.07060095782481075,457,134,0.8,2.0,10.0
0.09,True,0.25,112.77499999999998,0.9293990421751892,6016,134,0.8,2.0,10.0
0.09,True,0.5,192.05,0.9293990421751892,6016,134,0.8,2.0,10.0
0.09,True,0.75,321.625,0.9293990421751892,6016,134,0.8,2.0,10.0
0.12,False,0.25,71.27499999999999,0.030422700014626297,208,134,0.8,2.0,10.0
0.12,False,0.5,127.44999999999999,0.030422700014626297,208,134,0.8,2.0,10.0
0.12,False,0.75,228.90000000000006,0.030422700014626297,208,134,0.8,2.0,10.0
0.12,True,0.25,94.89999999999998,0.9695772999853737,6629,134,0.8,2.0,10.0
0.12,True,0.5,157.2,0.9695772999853737,6629,134,0.8,2.0,10.0
0.12,True,0.75,265.0,0.9695772999853737,6629,134,0.8,2.0,10.0
0.15,False,0.25,90.3,0.012755817213344548,91,134,0.8,2.0,10.0
0.15,False,0.5,130.7,0.012755817213344548,91,134,0.8,2.0,10.0
0.15,False,0.75,191.25,0.012755817213344548,91,134,0.8,2.0,10.0
0.15,True,0.25,85.1,0.9872441827866555,7043,134,0.8,2.0,10.0
0.15,True,0.5,134.9,0.9872441827866555,7043,134,0.8,2.0,10.0
0.15,True,0.75,218.55000000000007,0.9872441827866555,7043,134,0.8,2.0,10.0
0.0,False,0.25,130.1,0.4896907216494845,1045,135,0.8,2.0,10.0
0.0,False,0.5,235.70000000000002,0.4896907216494845,1045,135,0.8,2.0,10.0
0.0,False,0.75,420.90000000000003,0.4896907216494845,1045,135,0.8,2.0,10.0
0.0,True,0.25,140.79999999999998,0.5103092783505154,1089,135,0.8,2.0,10.0
0.0,True,0.5,252.20000000000005,0.5103092783505154,1089,135,0.8,2.0,10.0
0.0,True,0.75,424.40000000000003,0.5103092783505154,1089,135,0.8,2.0,10.0
0.03,False,0.25,137.3,0.29739616957176673,1382,135,0.8,2.0,10.0
0.03,False,0.5,248.45000000000005,0.29739616957176673,1382,135,0.8,2.0,10.0
0.03,False,0.75,402.45000000000005,0.29739616957176673,1382,135,0.8,2.0,10.0
0.03,True,0.25,132.6,0.7026038304282333,3265,135,0.8,2.0,10.0
0.03,True,0.5,247.3,0.7026038304282333,3265,135,0.8,2.0,10.0
0.03,True,0.75,414.9,0.7026038304282333,3265,135,0.8,2.0,10.0
0.06,False,0.25,110.92499999999998,0.14782129067843353,804,135,0.8,2.0,10.0
0.06,False,0.5,191.35000000000002,0.14782129067843353,804,135,0.8,2.0,10.0
0.06,False,0.75,373.50000000000006,0.14782129067843353,804,135,0.8,2.0,10.0
0.06,True,0.25,122.04999999999998,0.8521787093215665,4635,135,0.8,2.0,10.0
0.06,True,0.5,225.20000000000002,0.8521787093215665,4635,135,0.8,2.0,10.0
0.06,True,0.75,373.1,0.8521787093215665,4635,135,0.8,2.0,10.0
0.09,False,0.25,93.55000000000001,0.06700554528650647,435,135,0.8,2.0,10.0
0.09,False,0.5,161.6,0.06700554528650647,435,135,0.8,2.0,10.0
0.09,False,0.75,320.45000000000005,0.06700554528650647,435,135,0.8,2.0,10.0
0.09,True,0.25,109.5,0.9329944547134935,6057,135,0.8,2.0,10.0
0.09,True,0.5,190.0,0.9329944547134935,6057,135,0.8,2.0,10.0
0.09,True,0.75,325.6,0.9329944547134935,6057,135,0.8,2.0,10.0
0.12,False,0.25,86.75,0.030161736849774152,207,135,0.8,2.0,10.0
0.12,False,0.5,149.4,0.030161736849774152,207,135,0.8,2.0,10.0
0.12,False,0.75,276.75,0.030161736849774152,207,135,0.8,2.0,10.0
0.12,True,0.25,96.8,0.9698382631502258,6656,135,0.8,2.0,10.0
0.12,True,0.5,164.04999999999998,0.9698382631502258,6656,135,0.8,2.0,10.0
0.12,True,0.75,266.70000000000005,0.9698382631502258,6656,135,0.8,2.0,10.0
0.15,False,0.25,62.97499999999999,0.012876137158852344,92,135,0.8,2.0,10.0
0.15,False,0.5,100.6,0.012876137158852344,92,135,0.8,2.0,10.0
0.15,False,0.75,159.20000000000002,0.012876137158852344,92,135,0.8,2.0,10.0
0.15,True,0.25,84.79999999999998,0.9871238628411476,7053,135,0.8,2.0,10.0
0.15,True,0.5,134.9,0.9871238628411476,7053,135,0.8,2.0,10.0
0.15,True,0.75,217.70000000000007,0.9871238628411476,7053,135,0.8,2.0,10.0
0.0,False,0.25,135.02499999999998,0.4997711670480549,1092,152,0.8,2.0,10.0
0.0,False,0.5,242.40000000000003,0.4997711670480549,1092,152,0.8,2.0,10.0
0.0,False,0.75,400.3,0.4997711670480549,1092,152,0.8,2.0,10.0
0.0,True,0.25,136.99999999999997,0.5002288329519451,1093,152,0.8,2.0,10.0
0.0,True,0.5,242.50000000000003,0.5002288329519451,1093,152,0.8,2.0,10.0
0.0,True,0.75,418.1,0.5002288329519451,1093,152,0.8,2.0,10.0
0.03,False,0.25,124.475,0.29748186086214257,1394,152,0.8,2.0,10.0
0.03,False,0.5,232.75000000000006,0.29748186086214257,1394,152,0.8,2.0,10.0
0.03,False,0.75,402.67500000000007,0.29748186086214257,1394,152,0.8,2.0,10.0
0.03,True,0.25,131.7,0.7025181391378574,3292,152,0.8,2.0,10.0
0.03,True,0.5,246.15000000000003,0.7025181391378574,3292,152,0.8,2.0,10.0
0.03,True,0.75,408.54999999999995,0.7025181391378574,3292,152,0.8,2.0,10.0
0.06,False,0.25,117.69999999999999,0.14964983413195723,812,152,0.8,2.0,10.0
0.06,False,0.5,208.45000000000005,0.14964983413195723,812,152,0.8,2.0,10.0
0.06,False,0.75,368.3,0.14964983413195723,812,152,0.8,2.0,10.0
0.06,True,0.25,129.5,0.8503501658680428,4614,152,0.8,2.0,10.0
0.06,True,0.5,232.30000000000004,0.8503501658680428,4614,152,0.8,2.0,10.0
0.06,True,0.75,389.17500000000007,0.8503501658680428,4614,152,0.8,2.0,10.0
0.09,False,0.25,102.0,0.06451116243264049,419,152,0.8,2.0,10.0
0.09,False,0.5,177.7,0.06451116243264049,419,152,0.8,2.0,10.0
0.09,False,0.75,322.55000000000007,0.06451116243264049,419,152,0.8,2.0,10.0
0.09,True,0.25,111.05000000000001,0.9354888375673595,6076,152,0.8,2.0,10.0
0.09,True,0.5,189.0,0.9354888375673595,6076,152,0.8,2.0,10.0
0.09,True,0.75,320.62500000000006,0.9354888375673595,6076,152,0.8,2.0,10.0
0.12,False,0.25,74.375,0.02754175212423088,188,152,0.8,2.0,10.0
0.12,False,0.5,132.75,0.02754175212423088,188,152,0.8,2.0,10.0
0.12,False,0.75,251.85000000000002,0.02754175212423088,188,152,0.8,2.0,10.0
0.12,True,0.25,96.6,0.9724582478757691,6638,152,0.8,2.0,10.0
0.12,True,0.5,163.3,0.9724582478757691,6638,152,0.8,2.0,10.0
0.12,True,0.75,267.1,0.9724582478757691,6638,152,0.8,2.0,10.0
0.15,False,0.25,71.475,0.014569907537125245,104,152,0.8,2.0,10.0
0.15,False,0.5,121.64999999999999,0.014569907537125245,104,152,0.8,2.0,10.0
0.15,False,0.75,204.05000000000004,0.014569907537125245,104,152,0.8,2.0,10.0
0.15,True,0.25,85.42499999999998,0.9854300924628747,7034,152,0.8,2.0,10.0
0.15,True,0.5,136.25,0.9854300924628747,7034,152,0.8,2.0,10.0
0.15,True,0.75,219.07500000000002,0.9854300924628747,7034,152,0.8,2.0,10.0
0.0,False,0.25,131.825,0.4871086556169429,1058,156,0.8,2.0,10.0
0.0,False,0.5,251.25000000000003,0.4871086556169429,1058,156,0.8,2.0,10.0
0.0,False,0.75,410.70000000000005,0.4871086556169429,1058,156,0.8,2.0,10.0
0.0,True,0.25,127.07499999999997,0.5128913443830571,1114,156,0.8,2.0,10.0
0.0,True,0.5,246.85000000000002,0.5128913443830571,1114,156,0.8,2.0,10.0
0.0,True,0.75,418.1,0.5128913443830571,1114,156,0.8,2.0,10.0
0.03,False,0.25,136.60000000000002,0.2917721518987342,1383,156,0.8,2.0,10.0
0.03,False,0.5,234.90000000000003,0.2917721518987342,1383,156,0.8,2.0,10.0
0.03,False,0.75,407.35,0.2917721518987342,1383,156,0.8,2.0,10.0
0.03,True,0.25,137.9,0.7082278481012658,3357,156,0.8,2.0,10.0
0.03,True,0.5,253.3,0.7082278481012658,3357,156,0.8,2.0,10.0
0.03,True,0.75,420.00000000000006,0.7082278481012658,3357,156,0.8,2.0,10.0
0.06,False,0.25,116.625,0.1511585141596175,822,156,0.8,2.0,10.0
0.06,False,0.5,220.00000000000006,0.1511585141596175,822,156,0.8,2.0,10.0
0.06,False,0.75,369.975,0.1511585141596175,822,156,0.8,2.0,10.0
0.06,True,0.25,125.475,0.8488414858403825,4616,156,0.8,2.0,10.0
0.06,True,0.5,222.10000000000005,0.8488414858403825,4616,156,0.8,2.0,10.0
0.06,True,0.75,377.125,0.8488414858403825,4616,156,0.8,2.0,10.0
0.09,False,0.25,96.7,0.06949152542372881,451,156,0.8,2.0,10.0
0.09,False,0.5,175.00000000000003,0.06949152542372881,451,156,0.8,2.0,10.0
0.09,False,0.75,310.15000000000003,0.06949152542372881,451,156,0.8,2.0,10.0
0.09,True,0.25,109.19999999999999,0.9305084745762712,6039,156,0.8,2.0,10.0
0.09,True,0.5,191.3,0.9305084745762712,6039,156,0.8,2.0,10.0
0.09,True,0.75,324.35,0.9305084745762712,6039,156,0.8,2.0,10.0
0.12,False,0.25,86.225,0.030064214827787508,206,156,0.8,2.0,10.0
0.12,False,0.5,138.10000000000002,0.030064214827787508,206,156,0.8,2.0,10.0
0.12,False,0.75,247.97500000000005,0.030064214827787508,206,156,0.8,2.0,10.0
0.12,True,0.25,96.8,0.9699357851722125,6646,156,0.8,2.0,10.0
0.12,True,0.5,161.1,0.9699357851722125,6646,156,0.8,2.0,10.0
0.12,True,0.75,260.975,0.9699357851722125,6646,156,0.8,2.0,10.0
0.15,False,0.25,67.15,0.012745098039215686,91,156,0.8,2.0,10.0
0.15,False,0.5,128.2,0.012745098039215686,91,156,0.8,2.0,10.0
0.15,False,0.75,215.95000000000002,0.012745098039215686,91,156,0.8,2.0,10.0
0.15,True,0.25,84.99999999999999,0.9872549019607844,7049,156,0.8,2.0,10.0
0.15,True,0.5,136.9,0.9872549019607844,7049,156,0.8,2.0,10.0
0.15,True,0.75,217.20000000000002,0.9872549019607844,7049,156,0.8,2.0,10.0
0.0,False,0.25,141.475,0.49368863955119213,1056,158,0.8,2.0,10.0
0.0,False,0.5,263.55000000000007,0.49368863955119213,1056,158,0.8,2.0,10.0
0.0,False,0.75,420.225,0.49368863955119213,1056,158,0.8,2.0,10.0
0.0,True,0.25,139.2,0.5063113604488079,1083,158,0.8,2.0,10.0
0.0,True,0.5,249.4,0.5063113604488079,1083,158,0.8,2.0,10.0
0.0,True,0.75,427.95,0.5063113604488079,1083,158,0.8,2.0,10.0
0.03,False,0.25,133.99999999999997,0.28477383733276707,1341,158,0.8,2.0,10.0
0.03,False,0.5,248.70000000000007,0.28477383733276707,1341,158,0.8,2.0,10.0
0.03,False,0.75,414.1,0.28477383733276707,1341,158,0.8,2.0,10.0
0.03,True,0.25,131.39999999999998,0.7152261626672329,3368,158,0.8,2.0,10.0
0.03,True,0.5,242.20000000000005,0.7152261626672329,3368,158,0.8,2.0,10.0
0.03,True,0.75,406.025,0.7152261626672329,3368,158,0.8,2.0,10.0
0.06,False,0.25,121.3,0.13909983330246342,751,158,0.8,2.0,10.0
0.06,False,0.5,248.50000000000003,0.13909983330246342,751,158,0.8,2.0,10.0
0.06,False,0.75,396.7,0.13909983330246342,751,158,0.8,2.0,10.0
0.06,True,0.25,126.79999999999997,0.8609001666975366,4648,158,0.8,2.0,10.0
0.06,True,0.5,225.15000000000003,0.8609001666975366,4648,158,0.8,2.0,10.0
0.06,True,0.75,377.2,0.8609001666975366,4648,158,0.8,2.0,10.0
0.09,False,0.25,110.19999999999999,0.05671687672917307,369,158,0.8,2.0,10.0
0.09,False,0.5,193.70000000000002,0.05671687672917307,369,158,0.8,2.0,10.0
0.09,False,0.75,319.3,0.05671687672917307,369,158,0.8,2.0,10.0
0.09,True,0.25,108.99999999999999,0.943283123270827,6137,158,0.8,2.0,10.0
0.09,True,0.5,189.60000000000002,0.943283123270827,6137,158,0.8,2.0,10.0
0.09,True,0.75,318.70000000000005,0.943283123270827,6137,158,0.8,2.0,10.0
0.12,False,0.25,90.4,0.03010375566272103,206,158,0.8,2.0,10.0
0.12,False,0.5,149.89999999999998,0.03010375566272103,206,158,0.8,2.0,10.0
0.12,False,0.75,247.85000000000005,0.03010375566272103,206,158,0.8,2.0,10.0
0.12,True,0.25,97.0,0.969896244337279,6637,158,0.8,2.0,10.0
0.12,True,0.5,161.5,0.969896244337279,6637,158,0.8,2.0,10.0
0.12,True,0.75,264.6000000000001,0.969896244337279,6637,158,0.8,2.0,10.0
0.15,False,0.25,64.575,0.010638297872340425,76,158,0.8,2.0,10.0
0.15,False,0.5,115.89999999999998,0.010638297872340425,76,158,0.8,2.0,10.0
0.15,False,0.75,224.60000000000002,0.010638297872340425,76,158,0.8,2.0,10.0
0.15,True,0.25,84.57499999999999,0.9893617021276596,7068,158,0.8,2.0,10.0
0.15,True,0.5,134.1,0.9893617021276596,7068,158,0.8,2.0,10.0
0.15,True,0.75,213.12500000000003,0.9893617021276596,7068,158,0.8,2.0,10.0
0.0,False,0.25,133.54999999999998,0.5111821086261981,1120,163,0.8,2.0,10.0
0.0,False,0.5,240.50000000000006,0.5111821086261981,1120,163,0.8,2.0,10.0
0.0,False,0.75,420.02500000000003,0.5111821086261981,1120,163,0.8,2.0,10.0
0.0,True,0.25,132.64999999999998,0.48881789137380194,1071,163,0.8,2.0,10.0
0.0,True,0.5,239.00000000000006,0.48881789137380194,1071,163,0.8,2.0,10.0
0.0,True,0.75,404.9,0.48881789137380194,1071,163,0.8,2.0,10.0
0.03,False,0.25,129.45,0.2870803229919252,1351,163,0.8,2.0,10.0
0.03,False,0.5,240.10000000000002,0.2870803229919252,1351,163,0.8,2.0,10.0
0.03,False,0.75,404.6,0.2870803229919252,1351,163,0.8,2.0,10.0
0.03,True,0.25,133.14999999999998,0.7129196770080748,3355,163,0.8,2.0,10.0
0.03,True,0.5,249.50000000000006,0.7129196770080748,3355,163,0.8,2.0,10.0
0.03,True,0.75,408.8,0.7129196770080748,3355,163,0.8,2.0,10.0
0.06,False,0.25,115.225,0.15268022181146026,826,163,0.8,2.0,10.0
0.06,False,0.5,206.05,0.15268022181146026,826,163,0.8,2.0,10.0
0.06,False,0.75,352.8500000000001,0.15268022181146026,826,163,0.8,2.0,10.0
0.06,True,0.25,125.8,0.8473197781885398,4584,163,0.8,2.0,10.0
0.06,True,0.5,220.20000000000005,0.8473197781885398,4584,163,0.8,2.0,10.0
0.06,True,0.75,376.825,0.8473197781885398,4584,163,0.8,2.0,10.0
0.09,False,0.25,102.69999999999999,0.07091216735886786,461,163,0.8,2.0,10.0
0.09,False,0.5,186.2,0.07091216735886786,461,163,0.8,2.0,10.0
0.09,False,0.75,316.50000000000006,0.07091216735886786,461,163,0.8,2.0,10.0
0.09,True,0.25,110.79999999999998,0.9290878326411321,6040,163,0.8,2.0,10.0
0.09,True,0.5,191.39999999999998,0.9290878326411321,6040,163,0.8,2.0,10.0
0.09,True,0.75,321.90000000000003,0.9290878326411321,6040,163,0.8,2.0,10.0
0.12,False,0.25,89.69999999999999,0.027725083904859185,190,163,0.8,2.0,10.0
0.12,False,0.5,147.2,0.027725083904859185,190,163,0.8,2.0,10.0
0.12,False,0.75,244.45000000000005,0.027725083904859185,190,163,0.8,2.0,10.0
0.12,True,0.25,95.29999999999998,0.9722749160951408,6663,163,0.8,2.0,10.0
0.12,True,0.5,160.6,0.9722749160951408,6663,163,0.8,2.0,10.0
0.12,True,0.75,265.1,0.9722749160951408,6663,163,0.8,2.0,10.0
0.15,False,0.25,70.82499999999999,0.014852178786605016,106,163,0.8,2.0,10.0
0.15,False,0.5,103.8,0.014852178786605016,106,163,0.8,2.0,10.0
0.15,False,0.75,168.825,0.014852178786605016,106,163,0.8,2.0,10.0
0.15,True,0.25,85.75,0.985147821213395,7031,163,0.8,2.0,10.0
0.15,True,0.5,138.2,0.985147821213395,7031,163,0.8,2.0,10.0
0.15,True,0.75,219.90000000000003,0.985147821213395,7031,163,0.8,2.0,10.0
0.0,False,0.25,130.04999999999998,0.4878496102705181,1064,164,0.8,2.0,10.0
0.0,False,0.5,250.35000000000005,0.4878496102705181,1064,164,0.8,2.0,10.0
0.0,False,0.75,442.37500000000006,0.4878496102705181,1064,164,0.8,2.0,10.0
0.0,True,0.25,140.79999999999998,0.5121503897294819,1117,164,0.8,2.0,10.0
0.0,True,0.5,257.3,0.5121503897294819,1117,164,0.8,2.0,10.0
0.0,True,0.75,428.6,0.5121503897294819,1117,164,0.8,2.0,10.0
0.03,False,0.25,130.7,0.2927715996578272,1369,164,0.8,2.0,10.0
0.03,False,0.5,242.20000000000002,0.2927715996578272,1369,164,0.8,2.0,10.0
0.03,False,0.75,414.50000000000006,0.2927715996578272,1369,164,0.8,2.0,10.0
0.03,True,0.25,138.45,0.7072284003421728,3307,164,0.8,2.0,10.0
0.03,True,0.5,252.00000000000006,0.7072284003421728,3307,164,0.8,2.0,10.0
0.03,True,0.75,412.6,0.7072284003421728,3307,164,0.8,2.0,10.0
0.06,False,0.25,117.27499999999999,0.14369933677229182,780,164,0.8,2.0,10.0
0.06,False,0.5,219.60000000000002,0.14369933677229182,780,164,0.8,2.0,10.0
0.06,False,0.75,387.875,0.14369933677229182,780,164,0.8,2.0,10.0
0.06,True,0.25,127.375,0.8563006632277081,4648,164,0.8,2.0,10.0
0.06,True,0.5,228.00000000000003,0.8563006632277081,4648,164,0.8,2.0,10.0
0.06,True,0.75,381.70000000000005,0.8563006632277081,4648,164,0.8,2.0,10.0
0.09,False,0.25,97.975,0.07282305546947629,470,164,0.8,2.0,10.0
0.09,False,0.5,164.64999999999998,0.07282305546947629,470,164,0.8,2.0,10.0
0.09,False,0.75,321.625,0.07282305546947629,470,164,0.8,2.0,10.0
0.09,True,0.25,114.2,0.9271769445305237,5984,164,0.8,2.0,10.0
0.09,True,0.5,195.65000000000003,0.9271769445305237,5984,164,0.8,2.0,10.0
0.09,True,0.75,323.32500000000005,0.9271769445305237,5984,164,0.8,2.0,10.0
0.12,False,0.25,76.8,0.025558638819921133,175,164,0.8,2.0,10.0
0.12,False,0.5,136.99999999999997,0.025558638819921133,175,164,0.8,2.0,10.0
0.12,False,0.75,250.85000000000002,0.025558638819921133,175,164,0.8,2.0,10.0
0.12,True,0.25,97.0,0.9744413611800788,6672,164,0.8,2.0,10.0
0.12,True,0.5,162.75,0.9744413611800788,6672,164,0.8,2.0,10.0
0.12,True,0.75,268.32500000000005,0.9744413611800788,6672,164,0.8,2.0,10.0
0.15,False,0.25,73.0,0.011347716447184086,81,164,0.8,2.0,10.0
0.15,False,0.5,113.69999999999999,0.011347716447184086,81,164,0.8,2.0,10.0
0.15,False,0.75,184.3,0.011347716447184086,81,164,0.8,2.0,10.0
0.15,True,0.25,86.39999999999999,0.9886522835528159,7057,164,0.8,2.0,10.0
0.15,True,0.5,137.3,0.9886522835528159,7057,164,0.8,2.0,10.0
0.15,True,0.75,216.70000000000005,0.9886522835528159,7057,164,0.8,2.0,10.0
0.0,False,0.25,143.4,0.51640838650866,1133,165,0.8,2.0,10.0
0.0,False,0.5,260.20000000000005,0.51640838650866,1133,165,0.8,2.0,10.0
0.0,False,0.75,415.80000000000007,0.51640838650866,1133,165,0.8,2.0,10.0
0.0,True,0.25,140.5,0.48359161349134,1061,165,0.8,2.0,10.0
0.0,True,0.5,249.60000000000005,0.48359161349134,1061,165,0.8,2.0,10.0
0.0,True,0.75,422.50000000000006,0.48359161349134,1061,165,0.8,2.0,10.0
0.03,False,0.25,130.575,0.29045290240272165,1366,165,0.8,2.0,10.0
0.03,False,0.5,241.25000000000006,0.29045290240272165,1366,165,0.8,2.0,10.0
0.03,False,0.75,417.725,0.29045290240272165,1366,165,0.8,2.0,10.0
0.03,True,0.25,137.1,0.7095470975972783,3337,165,0.8,2.0,10.0
0.03,True,0.5,255.5,0.7095470975972783,3337,165,0.8,2.0,10.0
0.03,True,0.75,417.0000000000001,0.7095470975972783,3337,165,0.8,2.0,10.0
0.06,False,0.25,114.39999999999998,0.13683241252302025,743,165,0.8,2.0,10.0
0.06,False,0.5,217.80000000000004,0.13683241252302025,743,165,0.8,2.0,10.0
0.06,False,0.75,369.55000000000007,0.13683241252302025,743,165,0.8,2.0,10.0
0.06,True,0.25,122.75,0.8631675874769797,4687,165,0.8,2.0,10.0
0.06,True,0.5,220.70000000000005,0.8631675874769797,4687,165,0.8,2.0,10.0
0.06,True,0.75,370.5,0.8631675874769797,4687,165,0.8,2.0,10.0
0.09,False,0.25,97.49999999999999,0.06376408831249035,413,165,0.8,2.0,10.0
0.09,False,0.5,179.10000000000002,0.06376408831249035,413,165,0.8,2.0,10.0
0.09,False,0.75,315.6,0.06376408831249035,413,165,0.8,2.0,10.0
0.09,True,0.25,110.5,0.9362359116875096,6064,165,0.8,2.0,10.0
0.09,True,0.5,192.14999999999998,0.9362359116875096,6064,165,0.8,2.0,10.0
0.09,True,0.75,324.20000000000005,0.9362359116875096,6064,165,0.8,2.0,10.0
0.12,False,0.25,86.875,0.031003217315004387,212,165,0.8,2.0,10.0
0.12,False,0.5,136.4,0.031003217315004387,212,165,0.8,2.0,10.0
0.12,False,0.75,235.97500000000002,0.031003217315004387,212,165,0.8,2.0,10.0
0.12,True,0.25,96.8,0.9689967826849956,6626,165,0.8,2.0,10.0
0.12,True,0.5,160.5,0.9689967826849956,6626,165,0.8,2.0,10.0
0.12,True,0.75,264.50000000000006,0.9689967826849956,6626,165,0.8,2.0,10.0
0.15,False,0.25,69.09999999999998,0.014141697003640437,101,165,0.8,2.0,10.0
0.15,False,0.5,104.1,0.014141697003640437,101,165,0.8,2.0,10.0
0.15,False,0.75,167.99999999999997,0.014141697003640437,101,165,0.8,2.0,10.0
0.15,True,0.25,84.49999999999999,0.9858583029963596,7041,165,0.8,2.0,10.0
0.15,True,0.5,133.99999999999997,0.9858583029963596,7041,165,0.8,2.0,10.0
0.15,True,0.75,214.20000000000002,0.9858583029963596,7041,165,0.8,2.0,10.0
0.0,False,0.25,139.42499999999998,0.5048905449464369,1084,166,0.8,2.0,10.0
0.0,False,0.5,253.65000000000003,0.5048905449464369,1084,166,0.8,2.0,10.0
0.0,False,0.75,434.67499999999995,0.5048905449464369,1084,166,0.8,2.0,10.0
0.0,True,0.25,145.2,0.49510945505356313,1063,166,0.8,2.0,10.0
0.0,True,0.5,257.1,0.49510945505356313,1063,166,0.8,2.0,10.0
0.0,True,0.75,418.95000000000005,0.49510945505356313,1063,166,0.8,2.0,10.0
0.03,False,0.25,124.39999999999999,0.29428202923473773,1369,166,0.8,2.0,10.0
0.03,False,0.5,238.60000000000005,0.29428202923473773,1369,166,0.8,2.0,10.0
0.03,False,0.75,402.59999999999997,0.29428202923473773,1369,166,0.8,2.0,10.0
0.03,True,0.25,133.55,0.7057179707652622,3283,166,0.8,2.0,10.0
0.03,True,0.5,250.10000000000005,0.7057179707652622,3283,166,0.8,2.0,10.0
0.03,True,0.75,411.15000000000003,0.7057179707652622,3283,166,0.8,2.0,10.0
0.06,False,0.25,111.6,0.14110541727672035,771,166,0.8,2.0,10.0
0.06,False,0.5,216.60000000000005,0.14110541727672035,771,166,0.8,2.0,10.0
0.06,False,0.75,338.95000000000005,0.14110541727672035,771,166,0.8,2.0,10.0
0.06,True,0.25,125.1,0.8588945827232797,4693,166,0.8,2.0,10.0
0.06,True,0.5,225.80000000000007,0.8588945827232797,4693,166,0.8,2.0,10.0
0.06,True,0.75,378.6,0.8588945827232797,4693,166,0.8,2.0,10.0
0.09,False,0.25,92.30000000000001,0.06589861751152074,429,166,0.8,2.0,10.0
0.09,False,0.5,154.1,0.06589861751152074,429,166,0.8,2.0,10.0
0.09,False,0.75,290.00000000000006,0.06589861751152074,429,166,0.8,2.0,10.0
0.09,True,0.25,112.19999999999999,0.9341013824884793,6081,166,0.8,2.0,10.0
0.09,True,0.5,195.1,0.9341013824884793,6081,166,0.8,2.0,10.0
0.09,True,0.75,322.20000000000005,0.9341013824884793,6081,166,0.8,2.0,10.0
0.12,False,0.25,72.39999999999998,0.02848378615249781,195,166,0.8,2.0,10.0
0.12,False,0.5,123.60000000000001,0.02848378615249781,195,166,0.8,2.0,10.0
0.12,False,0.75,219.35000000000002,0.02848378615249781,195,166,0.8,2.0,10.0
0.12,True,0.25,97.49999999999999,0.9715162138475022,6651,166,0.8,2.0,10.0
0.12,True,0.5,161.3,0.9715162138475022,6651,166,0.8,2.0,10.0
0.12,True,0.75,263.25,0.9715162138475022,6651,166,0.8,2.0,10.0
0.15,False,0.25,59.04999999999999,0.01106287634785044,79,166,0.8,2.0,10.0
0.15,False,0.5,120.69999999999999,0.01106287634785044,79,166,0.8,2.0,10.0
0.15,False,0.75,180.45,0.01106287634785044,79,166,0.8,2.0,10.0
0.15,True,0.25,84.1,0.9889371236521496,7062,166,0.8,2.0,10.0
0.15,True,0.5,133.79999999999998,0.9889371236521496,7062,166,0.8,2.0,10.0
0.15,True,0.75,212.97500000000002,0.9889371236521496,7062,166,0.8,2.0,10.0
0.0,False,0.25,132.89999999999998,0.48666053357865685,1058,171,0.8,2.0,10.0
0.0,False,0.5,252.95000000000005,0.48666053357865685,1058,171,0.8,2.0,10.0
0.0,False,0.75,411.00000000000006,0.48666053357865685,1058,171,0.8,2.0,10.0
0.0,True,0.25,136.225,0.5133394664213431,1116,171,0.8,2.0,10.0
0.0,True,0.5,256.55,0.5133394664213431,1116,171,0.8,2.0,10.0
0.0,True,0.75,433.625,0.5133394664213431,1116,171,0.8,2.0,10.0
0.03,False,0.25,121.69999999999999,0.2943307757885763,1381,171,0.8,2.0,10.0
0.03,False,0.5,237.50000000000006,0.2943307757885763,1381,171,0.8,2.0,10.0
0.03,False,0.75,402.80000000000007,0.2943307757885763,1381,171,0.8,2.0,10.0
0.03,True,0.25,130.89999999999998,0.7056692242114238,3311,171,0.8,2.0,10.0
0.03,True,0.5,243.20000000000002,0.7056692242114238,3311,171,0.8,2.0,10.0
0.03,True,0.75,404.85,0.7056692242114238,3311,171,0.8,2.0,10.0
0.06,False,0.25,118.8,0.14167585446527012,771,171,0.8,2.0,10.0
0.06,False,0.5,211.80000000000004,0.14167585446527012,771,171,0.8,2.0,10.0
0.06,False,0.75,364.0,0.14167585446527012,771,171,0.8,2.0,10.0
0.06,True,0.25,122.69999999999999,0.8583241455347299,4671,171,0.8,2.0,10.0
0.06,True,0.5,216.00000000000003,0.8583241455347299,4671,171,0.8,2.0,10.0
0.06,True,0.75,370.95000000000005,0.8583241455347299,4671,171,0.8,2.0,10.0
0.09,False,0.25,104.69999999999999,0.06617306802406293,429,171,0.8,2.0,10.0
0.09,False,0.5,194.80000000000004,0.06617306802406293,429,171,0.8,2.0,10.0
0.09,False,0.75,320.3,0.06617306802406293,429,171,0.8,2.0,10.0
0.09,True,0.25,111.02499999999999,0.933826931975937,6054,171,0.8,2.0,10.0
0.09,True,0.5,194.75,0.933826931975937,6054,171,0.8,2.0,10.0
0.09,True,0.75,322.77500000000003,0.933826931975937,6054,171,0.8,2.0,10.0
0.12,False,0.25,77.225,0.03165762860911622,216,171,0.8,2.0,10.0
0.12,False,0.5,129.64999999999998,0.03165762860911622,216,171,0.8,2.0,10.0
0.12,False,0.75,217.72500000000002,0.03165762860911622,216,171,0.8,2.0,10.0
0.12,True,0.25,97.49999999999999,0.9683423713908837,6607,171,0.8,2.0,10.0
0.12,True,0.5,162.89999999999998,0.9683423713908837,6607,171,0.8,2.0,10.0
0.12,True,0.75,269.75000000000006,0.9683423713908837,6607,171,0.8,2.0,10.0
0.15,False,0.25,72.29999999999998,0.013027034598683289,93,171,0.8,2.0,10.0
0.15,False,0.5,108.39999999999998,0.013027034598683289,93,171,0.8,2.0,10.0
0.15,False,0.75,173.1,0.013027034598683289,93,171,0.8,2.0,10.0
0.15,True,0.25,83.39999999999999,0.9869729654013167,7046,171,0.8,2.0,10.0
0.15,True,0.5,131.95,0.9869729654013167,7046,171,0.8,2.0,10.0
0.15,True,0.75,210.375,0.9869729654013167,7046,171,0.8,2.0,10.0
0.0,False,0.25,136.4,0.5009157509157509,1094,179,0.8,2.0,10.0
0.0,False,0.5,248.50000000000003,0.5009157509157509,1094,179,0.8,2.0,10.0
0.0,False,0.75,420.15000000000003,0.5009157509157509,1094,179,0.8,2.0,10.0
0.0,True,0.25,141.7,0.4990842490842491,1090,179,0.8,2.0,10.0
0.0,True,0.5,261.55000000000007,0.4990842490842491,1090,179,0.8,2.0,10.0
0.0,True,0.75,429.725,0.4990842490842491,1090,179,0.8,2.0,10.0
0.03,False,0.25,136.825,0.28688524590163933,1330,179,0.8,2.0,10.0
0.03,False,0.5,246.55,0.28688524590163933,1330,179,0.8,2.0,10.0
0.03,False,0.75,414.875,0.28688524590163933,1330,179,0.8,2.0,10.0
0.03,True,0.25,130.5,0.7131147540983607,3306,179,0.8,2.0,10.0
0.03,True,0.5,240.45000000000005,0.7131147540983607,3306,179,0.8,2.0,10.0
0.03,True,0.75,415.30000000000007,0.7131147540983607,3306,179,0.8,2.0,10.0
0.06,False,0.25,119.92499999999998,0.14359162688211533,782,179,0.8,2.0,10.0
0.06,False,0.5,216.40000000000003,0.14359162688211533,782,179,0.8,2.0,10.0
0.06,False,0.75,341.975,0.14359162688211533,782,179,0.8,2.0,10.0
0.06,True,0.25,124.87499999999999,0.8564083731178846,4664,179,0.8,2.0,10.0
0.06,True,0.5,227.20000000000002,0.8564083731178846,4664,179,0.8,2.0,10.0
0.06,True,0.75,377.17499999999995,0.8564083731178846,4664,179,0.8,2.0,10.0
0.09,False,0.25,95.77499999999999,0.06604938271604938,428,179,0.8,2.0,10.0
0.09,False,0.5,169.0,0.06604938271604938,428,179,0.8,2.0,10.0
0.09,False,0.75,291.775,0.06604938271604938,428,179,0.8,2.0,10.0
0.09,True,0.25,109.39999999999998,0.9339506172839506,6052,179,0.8,2.0,10.0
0.09,True,0.5,186.45,0.9339506172839506,6052,179,0.8,2.0,10.0
0.09,True,0.75,316.4000000000001,0.9339506172839506,6052,179,0.8,2.0,10.0
0.12,False,0.25,76.35,0.03032954214056576,208,179,0.8,2.0,10.0
0.12,False,0.5,131.5,0.03032954214056576,208,179,0.8,2.0,10.0
0.12,False,0.75,209.87500000000003,0.03032954214056576,208,179,0.8,2.0,10.0
0.12,True,0.25,96.025,0.9696704578594343,6650,179,0.8,2.0,10.0
0.12,True,0.5,159.6,0.9696704578594343,6650,179,0.8,2.0,10.0
0.12,True,0.75,266.07500000000005,0.9696704578594343,6650,179,0.8,2.0,10.0
0.15,False,0.25,68.89999999999999,0.016944405545441816,121,179,0.8,2.0,10.0
0.15,False,0.5,114.6,0.016944405545441816,121,179,0.8,2.0,10.0
0.15,False,0.75,201.0,0.016944405545441816,121,179,0.8,2.0,10.0
0.15,True,0.25,83.19999999999999,0.9830555944545581,7020,179,0.8,2.0,10.0
0.15,True,0.5,134.7,0.9830555944545581,7020,179,0.8,2.0,10.0
0.15,True,0.75,214.82500000000005,0.9830555944545581,7020,179,0.8,2.0,10.0
0.0,False,0.25,132.85,0.5118439386901997,1102,180,0.8,2.0,10.0
0.0,False,0.5,239.00000000000003,0.5118439386901997,1102,180,0.8,2.0,10.0
0.0,False,0.75,414.07500000000005,0.5118439386901997,1102,180,0.8,2.0,10.0
0.0,True,0.25,133.6,0.48815606130980027,1051,180,0.8,2.0,10.0
0.0,True,0.5,240.30000000000004,0.48815606130980027,1051,180,0.8,2.0,10.0
0.0,True,0.75,407.1,0.48815606130980027,1051,180,0.8,2.0,10.0
0.03,False,0.25,132.2,0.29704875962360994,1389,180,0.8,2.0,10.0
0.03,False,0.5,232.10000000000002,0.29704875962360994,1389,180,0.8,2.0,10.0
0.03,False,0.75,403.4,0.29704875962360994,1389,180,0.8,2.0,10.0
0.03,True,0.25,134.79999999999998,0.7029512403763901,3287,180,0.8,2.0,10.0
0.03,True,0.5,250.30000000000007,0.7029512403763901,3287,180,0.8,2.0,10.0
0.03,True,0.75,417.20000000000005,0.7029512403763901,3287,180,0.8,2.0,10.0
0.06,False,0.25,115.64999999999999,0.14418431809736157,776,180,0.8,2.0,10.0
0.06,False,0.5,215.70000000000005,0.14418431809736157,776,180,0.8,2.0,10.0
0.06,False,0.75,373.50000000000006,0.14418431809736157,776,180,0.8,2.0,10.0
0.06,True,0.25,125.69999999999997,0.8558156819026385,4606,180,0.8,2.0,10.0
0.06,True,0.5,224.10000000000005,0.8558156819026385,4606,180,0.8,2.0,10.0
0.06,True,0.75,377.30000000000007,0.8558156819026385,4606,180,0.8,2.0,10.0
0.09,False,0.25,102.89999999999999,0.07125231338679827,462,180,0.8,2.0,10.0
0.09,False,0.5,184.89999999999998,0.07125231338679827,462,180,0.8,2.0,10.0
0.09,False,0.75,312.17500000000007,0.07125231338679827,462,180,0.8,2.0,10.0
0.09,True,0.25,107.625,0.9287476866132017,6022,180,0.8,2.0,10.0
0.09,True,0.5,188.05,0.9287476866132017,6022,180,0.8,2.0,10.0
0.09,True,0.75,323.5,0.9287476866132017,6022,180,0.8,2.0,10.0
0.12,False,0.25,87.94999999999999,0.03141896828876224,215,180,0.8,2.0,10.0
0.12,False,0.5,129.7,0.03141896828876224,215,180,0.8,2.0,10.0
0.12,False,0.75,250.45000000000005,0.03141896828876224,215,180,0.8,2.0,10.0
0.12,True,0.25,96.29999999999998,0.9685810317112378,6628,180,0.8,2.0,10.0
0.12,True,0.5,159.5,0.9685810317112378,6628,180,0.8,2.0,10.0
0.12,True,0.75,265.92500000000007,0.9685810317112378,6628,180,0.8,2.0,10.0
0.15,False,0.25,73.89999999999999,0.014285714285714285,102,180,0.8,2.0,10.0
0.15,False,0.5,114.1,0.014285714285714285,102,180,0.8,2.0,10.0
0.15,False,0.75,202.82500000000005,0.014285714285714285,102,180,0.8,2.0,10.0
0.15,True,0.25,85.3,0.9857142857142858,7038,180,0.8,2.0,10.0
0.15,True,0.5,137.3,0.9857142857142858,7038,180,0.8,2.0,10.0
0.15,True,0.75,220.50000000000006,0.9857142857142858,7038,180,0.8,2.0,10.0
0.0,False,0.25,131.75,0.5011526048870447,1087,181,0.8,2.0,10.0
0.0,False,0.5,262.8,0.5011526048870447,1087,181,0.8,2.0,10.0
0.0,False,0.75,434.20000000000005,0.5011526048870447,1087,181,0.8,2.0,10.0
0.0,True,0.25,135.3,0.4988473951129553,1082,181,0.8,2.0,10.0
0.0,True,0.5,248.60000000000002,0.4988473951129553,1082,181,0.8,2.0,10.0
0.0,True,0.75,422.30000000000007,0.4988473951129553,1082,181,0.8,2.0,10.0
0.03,False,0.25,130.67499999999998,0.2918711329208449,1368,181,0.8,2.0,10.0
0.03,False,0.5,243.50000000000006,0.2918711329208449,1368,181,0.8,2.0,10.0
0.03,False,0.75,425.8250000000001,0.2918711329208449,1368,181,0.8,2.0,10.0
0.03,True,0.25,135.95,0.7081288670791551,3319,181,0.8,2.0,10.0
0.03,True,0.5,246.50000000000003,0.7081288670791551,3319,181,0.8,2.0,10.0
0.03,True,0.75,407.85,0.7081288670791551,3319,181,0.8,2.0,10.0
0.06,False,0.25,113.74999999999997,0.14330389992641648,779,181,0.8,2.0,10.0
0.06,False,0.5,219.60000000000002,0.14330389992641648,779,181,0.8,2.0,10.0
0.06,False,0.75,373.5,0.14330389992641648,779,181,0.8,2.0,10.0
0.06,True,0.25,125.4,0.8566961000735835,4657,181,0.8,2.0,10.0
0.06,True,0.5,222.70000000000005,0.8566961000735835,4657,181,0.8,2.0,10.0
0.06,True,0.75,379.70000000000005,0.8566961000735835,4657,181,0.8,2.0,10.0
0.09,False,0.25,96.6,0.07154946914909986,465,181,0.8,2.0,10.0
0.09,False,0.5,166.99999999999997,0.07154946914909986,465,181,0.8,2.0,10.0
0.09,False,0.75,292.20000000000005,0.07154946914909986,465,181,0.8,2.0,10.0
0.09,True,0.25,108.5,0.9284505308509001,6034,181,0.8,2.0,10.0
0.09,True,0.5,192.2,0.9284505308509001,6034,181,0.8,2.0,10.0
0.09,True,0.75,324.70000000000005,0.9284505308509001,6034,181,0.8,2.0,10.0
0.12,False,0.25,92.55000000000001,0.02732320280537697,187,181,0.8,2.0,10.0
0.12,False,0.5,144.0,0.02732320280537697,187,181,0.8,2.0,10.0
0.12,False,0.75,230.3,0.02732320280537697,187,181,0.8,2.0,10.0
0.12,True,0.25,97.19999999999999,0.9726767971946231,6657,181,0.8,2.0,10.0
0.12,True,0.5,160.39999999999998,0.9726767971946231,6657,181,0.8,2.0,10.0
0.12,True,0.75,266.90000000000003,0.9726767971946231,6657,181,0.8,2.0,10.0
0.15,False,0.25,57.20000000000001,0.014710002801905295,105,181,0.8,2.0,10.0
0.15,False,0.5,91.1,0.014710002801905295,105,181,0.8,2.0,10.0
0.15,False,0.75,143.29999999999998,0.014710002801905295,105,181,0.8,2.0,10.0
0.15,True,0.25,84.79999999999998,0.9852899971980947,7033,181,0.8,2.0,10.0
0.15,True,0.5,132.79999999999998,0.9852899971980947,7033,181,0.8,2.0,10.0
0.15,True,0.75,212.60000000000005,0.9852899971980947,7033,181,0.8,2.0,10.0
0.0,False,0.25,136.4,0.5075931891394385,1103,190,0.8,2.0,10.0
0.0,False,0.5,243.90000000000006,0.5075931891394385,1103,190,0.8,2.0,10.0
0.0,False,0.75,423.3,0.5075931891394385,1103,190,0.8,2.0,10.0
0.0,True,0.25,139.25,0.49240681086056143,1070,190,0.8,2.0,10.0
0.0,True,0.5,261.1500000000001,0.49240681086056143,1070,190,0.8,2.0,10.0
0.0,True,0.75,435.20000000000005,0.49240681086056143,1070,190,0.8,2.0,10.0
0.03,False,0.25,129.35,0.28824407936846597,1351,190,0.8,2.0,10.0
0.03,False,0.5,238.90000000000003,0.28824407936846597,1351,190,0.8,2.0,10.0
0.03,False,0.75,403.35,0.28824407936846597,1351,190,0.8,2.0,10.0
0.03,True,0.25,136.375,0.711755920631534,3336,190,0.8,2.0,10.0
0.03,True,0.5,249.25000000000003,0.711755920631534,3336,190,0.8,2.0,10.0
0.03,True,0.75,415.275,0.711755920631534,3336,190,0.8,2.0,10.0
0.06,False,0.25,118.67499999999998,0.13757586904542946,748,190,0.8,2.0,10.0
0.06,False,0.5,205.60000000000002,0.13757586904542946,748,190,0.8,2.0,10.0
0.06,False,0.75,346.325,0.13757586904542946,748,190,0.8,2.0,10.0
0.06,True,0.25,127.1,0.8624241309545705,4689,190,0.8,2.0,10.0
0.06,True,0.5,230.5,0.8624241309545705,4689,190,0.8,2.0,10.0
0.06,True,0.75,380.29999999999995,0.8624241309545705,4689,190,0.8,2.0,10.0
0.09,False,0.25,98.0,0.0684299554051976,445,190,0.8,2.0,10.0
0.09,False,0.5,171.2,0.0684299554051976,445,190,0.8,2.0,10.0
0.09,False,0.75,295.20000000000005,0.0684299554051976,445,190,0.8,2.0,10.0
0.09,True,0.25,111.625,0.9315700445948024,6058,190,0.8,2.0,10.0
0.09,True,0.5,194.85000000000002,0.9315700445948024,6058,190,0.8,2.0,10.0
0.09,True,0.75,327.40000000000003,0.9315700445948024,6058,190,0.8,2.0,10.0
0.12,False,0.25,72.77499999999999,0.02861731639655424,196,190,0.8,2.0,10.0
0.12,False,0.5,140.89999999999998,0.02861731639655424,196,190,0.8,2.0,10.0
0.12,False,0.75,228.25000000000006,0.02861731639655424,196,190,0.8,2.0,10.0
0.12,True,0.25,96.29999999999998,0.9713826836034457,6653,190,0.8,2.0,10.0
0.12,True,0.5,161.70000000000002,0.9713826836034457,6653,190,0.8,2.0,10.0
0.12,True,0.75,260.4000000000001,0.9713826836034457,6653,190,0.8,2.0,10.0
0.15,False,0.25,70.92499999999998,0.013458572830506098,96,190,0.8,2.0,10.0
0.15,False,0.5,99.25,0.013458572830506098,96,190,0.8,2.0,10.0
0.15,False,0.75,155.975,0.013458572830506098,96,190,0.8,2.0,10.0
0.15,True,0.25,85.3,0.9865414271694939,7037,190,0.8,2.0,10.0
0.15,True,0.5,136.1,0.9865414271694939,7037,190,0.8,2.0,10.0
0.15,True,0.75,216.10000000000005,0.9865414271694939,7037,190,0.8,2.0,10.0
0.0,False,0.25,127.39999999999998,0.4930167597765363,1059,204,0.8,2.0,10.0
0.0,False,0.5,239.60000000000002,0.4930167597765363,1059,204,0.8,2.0,10.0
0.0,False,0.75,422.8,0.4930167597765363,1059,204,0.8,2.0,10.0
0.0,True,0.25,133.3,0.5069832402234636,1089,204,0.8,2.0,10.0
0.0,True,0.5,257.70000000000005,0.5069832402234636,1089,204,0.8,2.0,10.0
0.0,True,0.75,424.40000000000003,0.5069832402234636,1089,204,0.8,2.0,10.0
0.03,False,0.25,128.7,0.2894903785155424,1369,204,0.8,2.0,10.0
0.03,False,0.5,242.60000000000002,0.2894903785155424,1369,204,0.8,2.0,10.0
0.03,False,0.75,424.5,0.2894903785155424,1369,204,0.8,2.0,10.0
0.03,True,0.25,132.7,0.7105096214844576,3360,204,0.8,2.0,10.0
0.03,True,0.5,238.35000000000002,0.7105096214844576,3360,204,0.8,2.0,10.0
0.03,True,0.75,403.2,0.7105096214844576,3360,204,0.8,2.0,10.0
0.06,False,0.25,108.69999999999999,0.1472211998527788,800,204,0.8,2.0,10.0
0.06,False,0.5,206.35000000000002,0.1472211998527788,800,204,0.8,2.0,10.0
0.06,False,0.75,368.40000000000003,0.1472211998527788,800,204,0.8,2.0,10.0
0.06,True,0.25,130.125,0.8527788001472212,4634,204,0.8,2.0,10.0
0.06,True,0.5,229.60000000000002,0.8527788001472212,4634,204,0.8,2.0,10.0
0.06,True,0.75,381.62500000000006,0.8527788001472212,4634,204,0.8,2.0,10.0
0.09,False,0.25,81.35,0.0592958616429895,384,204,0.8,2.0,10.0
0.09,False,0.5,147.25,0.0592958616429895,384,204,0.8,2.0,10.0
0.09,False,0.75,280.62500000000006,0.0592958616429895,384,204,0.8,2.0,10.0
0.09,True,0.25,110.3,0.9407041383570105,6092,204,0.8,2.0,10.0
0.09,True,0.5,189.50000000000003,0.9407041383570105,6092,204,0.8,2.0,10.0
0.09,True,0.75,319.90000000000003,0.9407041383570105,6092,204,0.8,2.0,10.0
0.12,False,0.25,78.80000000000001,0.0325594977368959,223,204,0.8,2.0,10.0
0.12,False,0.5,139.99999999999997,0.0325594977368959,223,204,0.8,2.0,10.0
0.12,False,0.75,241.50000000000006,0.0325594977368959,223,204,0.8,2.0,10.0
0.12,True,0.25,95.29999999999998,0.9674405022631041,6626,204,0.8,2.0,10.0
0.12,True,0.5,160.3,0.9674405022631041,6626,204,0.8,2.0,10.0
0.12,True,0.75,264.4000000000001,0.9674405022631041,6626,204,0.8,2.0,10.0
0.15,False,0.25,83.85,0.015541865023802856,111,204,0.8,2.0,10.0
0.15,False,0.5,114.39999999999999,0.015541865023802856,111,204,0.8,2.0,10.0
0.15,False,0.75,202.95000000000005,0.015541865023802856,111,204,0.8,2.0,10.0
0.15,True,0.25,84.99999999999999,0.9844581349761972,7031,204,0.8,2.0,10.0
0.15,True,0.5,134.79999999999998,0.9844581349761972,7031,204,0.8,2.0,10.0
0.15,True,0.75,213.00000000000003,0.9844581349761972,7031,204,0.8,2.0,10.0
0.0,False,0.25,127.92499999999997,0.5030162412993039,1084,207,0.8,2.0,10.0
0.0,False,0.5,250.20000000000005,0.5030162412993039,1084,207,0.8,2.0,10.0
0.0,False,0.75,417.8,0.5030162412993039,1084,207,0.8,2.0,10.0
0.0,True,0.25,133.0,0.49698375870069605,1071,207,0.8,2.0,10.0
0.0,True,0.5,239.10000000000002,0.49698375870069605,1071,207,0.8,2.0,10.0
0.0,True,0.75,417.15000000000003,0.49698375870069605,1071,207,0.8,2.0,10.0
0.03,False,0.25,135.0,0.29342077427543894,1387,207,0.8,2.0,10.0
0.03,False,0.5,239.50000000000006,0.29342077427543894,1387,207,0.8,2.0,10.0
0.03,False,0.75,397.95000000000005,0.29342077427543894,1387,207,0.8,2.0,10.0
0.03,True,0.25,138.9,0.706579225724561,3340,207,0.8,2.0,10.0
0.03,True,0.5,254.65000000000003,0.706579225724561,3340,207,0.8,2.0,10.0
0.03,True,0.75,420.425,0.706579225724561,3340,207,0.8,2.0,10.0
0.06,False,0.25,112.3,0.15212981744421908,825,207,0.8,2.0,10.0
0.06,False,0.5,201.40000000000003,0.15212981744421908,825,207,0.8,2.0,10.0
0.06,False,0.75,354.2,0.15212981744421908,825,207,0.8,2.0,10.0
0.06,True,0.25,123.82499999999999,0.847870182555781,4598,207,0.8,2.0,10.0
0.06,True,0.5,221.70000000000007,0.847870182555781,4598,207,0.8,2.0,10.0
0.06,True,0.75,373.975,0.847870182555781,4598,207,0.8,2.0,10.0
0.09,False,0.25,95.87499999999999,0.06413010125805461,418,207,0.8,2.0,10.0
0.09,False,0.5,183.89999999999998,0.06413010125805461,418,207,0.8,2.0,10.0
0.09,False,0.75,329.42500000000007,0.06413010125805461,418,207,0.8,2.0,10.0
0.09,True,0.25,110.6,0.9358698987419454,6100,207,0.8,2.0,10.0
0.09,True,0.5,193.35,0.9358698987419454,6100,207,0.8,2.0,10.0
0.09,True,0.75,321.55,0.9358698987419454,6100,207,0.8,2.0,10.0
0.12,False,0.25,89.44999999999999,0.03031634446397188,207,207,0.8,2.0,10.0
0.12,False,0.5,134.9,0.03031634446397188,207,207,0.8,2.0,10.0
0.12,False,0.75,256.25000000000006,0.03031634446397188,207,207,0.8,2.0,10.0
0.12,True,0.25,98.49999999999999,0.9696836555360281,6621,207,0.8,2.0,10.0
0.12,True,0.5,162.6,0.9696836555360281,6621,207,0.8,2.0,10.0
0.12,True,0.75,265.5,0.9696836555360281,6621,207,0.8,2.0,10.0
0.15,False,0.25,64.69999999999999,0.012183167623582132,87,207,0.8,2.0,10.0
0.15,False,0.5,127.69999999999997,0.012183167623582132,87,207,0.8,2.0,10.0
0.15,False,0.75,190.95,0.012183167623582132,87,207,0.8,2.0,10.0
0.15,True,0.25,84.925,0.9878168323764178,7054,207,0.8,2.0,10.0
0.15,True,0.5,134.9,0.9878168323764178,7054,207,0.8,2.0,10.0
0.15,True,0.75,214.90000000000003,0.9878168323764178,7054,207,0.8,2.0,10.0
0.0,False,0.25,138.2,0.5123313168915775,1101,209,0.8,2.0,10.0
0.0,False,0.5,260.00000000000006,0.5123313168915775,1101,209,0.8,2.0,10.0
0.0,False,0.75,438.80000000000007,0.5123313168915775,1101,209,0.8,2.0,10.0
0.0,True,0.25,136.87499999999997,0.48766868310842254,1048,209,0.8,2.0,10.0
0.0,True,0.5,257.80000000000007,0.48766868310842254,1048,209,0.8,2.0,10.0
0.0,True,0.75,424.17500000000007,0.48766868310842254,1048,209,0.8,2.0,10.0
0.03,False,0.25,128.17499999999998,0.29515888249093625,1384,209,0.8,2.0,10.0
0.03,False,0.5,245.25000000000006,0.29515888249093625,1384,209,0.8,2.0,10.0
0.03,False,0.75,413.55000000000007,0.29515888249093625,1384,209,0.8,2.0,10.0
0.03,True,0.25,134.99999999999997,0.7048411175090638,3305,209,0.8,2.0,10.0
0.03,True,0.5,249.70000000000005,0.7048411175090638,3305,209,0.8,2.0,10.0
0.03,True,0.75,420.00000000000006,0.7048411175090638,3305,209,0.8,2.0,10.0
0.06,False,0.25,112.85,0.1470316256704272,795,209,0.8,2.0,10.0
0.06,False,0.5,210.60000000000005,0.1470316256704272,795,209,0.8,2.0,10.0
0.06,False,0.75,364.35,0.1470316256704272,795,209,0.8,2.0,10.0
0.06,True,0.25,127.87499999999999,0.8529683743295727,4612,209,0.8,2.0,10.0
0.06,True,0.5,224.10000000000002,0.8529683743295727,4612,209,0.8,2.0,10.0
0.06,True,0.75,377.625,0.8529683743295727,4612,209,0.8,2.0,10.0
0.09,False,0.25,93.875,0.06764478764478765,438,209,0.8,2.0,10.0
0.09,False,0.5,165.75,0.06764478764478765,438,209,0.8,2.0,10.0
0.09,False,0.75,283.45000000000005,0.06764478764478765,438,209,0.8,2.0,10.0
0.09,True,0.25,110.6,0.9323552123552123,6037,209,0.8,2.0,10.0
0.09,True,0.5,192.80000000000004,0.9323552123552123,6037,209,0.8,2.0,10.0
0.09,True,0.75,320.1,0.9323552123552123,6037,209,0.8,2.0,10.0
0.12,False,0.25,85.225,0.029601406799531067,202,209,0.8,2.0,10.0
0.12,False,0.5,128.6,0.029601406799531067,202,209,0.8,2.0,10.0
0.12,False,0.75,226.22500000000005,0.029601406799531067,202,209,0.8,2.0,10.0
0.12,True,0.25,98.0,0.970398593200469,6622,209,0.8,2.0,10.0
0.12,True,0.5,162.85,0.970398593200469,6622,209,0.8,2.0,10.0
0.12,True,0.75,273.65000000000003,0.970398593200469,6622,209,0.8,2.0,10.0
0.15,False,0.25,70.79999999999998,0.011764705882352941,84,209,0.8,2.0,10.0
0.15,False,0.5,120.5,0.011764705882352941,84,209,0.8,2.0,10.0
0.15,False,0.75,220.20000000000005,0.011764705882352941,84,209,0.8,2.0,10.0
0.15,True,0.25,84.3,0.9882352941176471,7056,209,0.8,2.0,10.0
0.15,True,0.5,134.2,0.9882352941176471,7056,209,0.8,2.0,10.0
0.15,True,0.75,216.37500000000003,0.9882352941176471,7056,209,0.8,2.0,10.0
0.0,False,0.25,142.29999999999998,0.5009372071227741,1069,211,0.8,2.0,10.0
0.0,False,0.5,260.6000000000001,0.5009372071227741,1069,211,0.8,2.0,10.0
0.0,False,0.75,429.5000000000001,0.5009372071227741,1069,211,0.8,2.0,10.0
0.0,True,0.25,146.29999999999998,0.4990627928772259,1065,211,0.8,2.0,10.0
0.0,True,0.5,263.0,0.4990627928772259,1065,211,0.8,2.0,10.0
0.0,True,0.75,428.40000000000003,0.4990627928772259,1065,211,0.8,2.0,10.0
0.03,False,0.25,122.89999999999998,0.28858057630736395,1352,211,0.8,2.0,10.0
0.03,False,0.5,238.35000000000002,0.28858057630736395,1352,211,0.8,2.0,10.0
0.03,False,0.75,427.77500000000003,0.28858057630736395,1352,211,0.8,2.0,10.0
0.03,True,0.25,137.5,0.7114194236926361,3333,211,0.8,2.0,10.0
0.03,True,0.5,254.10000000000005,0.7114194236926361,3333,211,0.8,2.0,10.0
0.03,True,0.75,412.8,0.7114194236926361,3333,211,0.8,2.0,10.0
0.06,False,0.25,113.19999999999999,0.14881831610044313,806,211,0.8,2.0,10.0
0.06,False,0.5,210.20000000000002,0.14881831610044313,806,211,0.8,2.0,10.0
0.06,False,0.75,359.2250000000001,0.14881831610044313,806,211,0.8,2.0,10.0
0.06,True,0.25,124.0,0.8511816838995568,4610,211,0.8,2.0,10.0
0.06,True,0.5,223.85000000000005,0.8511816838995568,4610,211,0.8,2.0,10.0
0.06,True,0.75,373.70000000000005,0.8511816838995568,4610,211,0.8,2.0,10.0
0.09,False,0.25,92.15,0.07015109466543325,455,211,0.8,2.0,10.0
0.09,False,0.5,166.6,0.07015109466543325,455,211,0.8,2.0,10.0
0.09,False,0.75,308.80000000000007,0.07015109466543325,455,211,0.8,2.0,10.0
0.09,True,0.25,109.69999999999999,0.9298489053345668,6031,211,0.8,2.0,10.0
0.09,True,0.5,191.1,0.9298489053345668,6031,211,0.8,2.0,10.0
0.09,True,0.75,323.5,0.9298489053345668,6031,211,0.8,2.0,10.0
0.12,False,0.25,83.425,0.02809070958302853,192,211,0.8,2.0,10.0
0.12,False,0.5,139.3,0.02809070958302853,192,211,0.8,2.0,10.0
0.12,False,0.75,238.95000000000005,0.02809070958302853,192,211,0.8,2.0,10.0
0.12,True,0.25,98.29999999999998,0.9719092904169715,6643,211,0.8,2.0,10.0
0.12,True,0.5,159.8,0.9719092904169715,6643,211,0.8,2.0,10.0
0.12,True,0.75,265.70000000000005,0.9719092904169715,6643,211,0.8,2.0,10.0
0.15,False,0.25,72.975,0.012895991028875805,92,211,0.8,2.0,10.0
0.15,False,0.5,122.29999999999998,0.012895991028875805,92,211,0.8,2.0,10.0
0.15,False,0.75,204.8,0.012895991028875805,92,211,0.8,2.0,10.0
0.15,True,0.25,86.0,0.9871040089711242,7042,211,0.8,2.0,10.0
0.15,True,0.5,136.2,0.9871040089711242,7042,211,0.8,2.0,10.0
0.15,True,0.75,217.80000000000004,0.9871040089711242,7042,211,0.8,2.0,10.0
0.0,False,0.25,127.49999999999999,0.5108045977011494,1111,220,0.8,2.0,10.0
0.0,False,0.5,251.8,0.5108045977011494,1111,220,0.8,2.0,10.0
0.0,False,0.75,402.6,0.5108045977011494,1111,220,0.8,2.0,10.0
0.0,True,0.25,133.79999999999998,0.48919540229885056,1064,220,0.8,2.0,10.0
0.0,True,0.5,247.65000000000003,0.48919540229885056,1064,220,0.8,2.0,10.0
0.0,True,0.75,426.70000000000005,0.48919540229885056,1064,220,0.8,2.0,10.0
0.03,False,0.25,134.1,0.2818934408830397,1328,220,0.8,2.0,10.0
0.03,False,0.5,251.65000000000003,0.2818934408830397,1328,220,0.8,2.0,10.0
0.03,False,0.75,422.625,0.2818934408830397,1328,220,0.8,2.0,10.0
0.03,True,0.25,128.64999999999998,0.7181065591169603,3383,220,0.8,2.0,10.0
0.03,True,0.5,242.20000000000002,0.7181065591169603,3383,220,0.8,2.0,10.0
0.03,True,0.75,411.95000000000005,0.7181065591169603,3383,220,0.8,2.0,10.0
0.06,False,0.25,113.17499999999998,0.1430678466076696,776,220,0.8,2.0,10.0
0.06,False,0.5,214.45000000000005,0.1430678466076696,776,220,0.8,2.0,10.0
0.06,False,0.75,359.77500000000003,0.1430678466076696,776,220,0.8,2.0,10.0
0.06,True,0.25,123.69999999999999,0.8569321533923304,4648,220,0.8,2.0,10.0
0.06,True,0.5,220.10000000000002,0.8569321533923304,4648,220,0.8,2.0,10.0
0.06,True,0.75,370.82500000000005,0.8569321533923304,4648,220,0.8,2.0,10.0
0.09,False,0.25,95.3,0.06364335126825518,414,220,0.8,2.0,10.0
0.09,False,0.5,169.79999999999998,0.06364335126825518,414,220,0.8,2.0,10.0
0.09,False,0.75,304.95000000000005,0.06364335126825518,414,220,0.8,2.0,10.0
0.09,True,0.25,110.10000000000001,0.9363566487317448,6091,220,0.8,2.0,10.0
0.09,True,0.5,188.1,0.9363566487317448,6091,220,0.8,2.0,10.0
0.09,True,0.75,318.40000000000003,0.9363566487317448,6091,220,0.8,2.0,10.0
0.12,False,0.25,85.64999999999999,0.027936229340353957,191,220,0.8,2.0,10.0
0.12,False,0.5,132.5,0.027936229340353957,191,220,0.8,2.0,10.0
0.12,False,0.75,214.50000000000003,0.027936229340353957,191,220,0.8,2.0,10.0
0.12,True,0.25,94.0,0.972063770659646,6646,220,0.8,2.0,10.0
0.12,True,0.5,158.70000000000002,0.972063770659646,6646,220,0.8,2.0,10.0
0.12,True,0.75,263.1,0.972063770659646,6646,220,0.8,2.0,10.0
0.15,False,0.25,80.2,0.01120919153706039,80,220,0.8,2.0,10.0
0.15,False,0.5,131.8,0.01120919153706039,80,220,0.8,2.0,10.0
0.15,False,0.75,201.15000000000003,0.01120919153706039,80,220,0.8,2.0,10.0
0.15,True,0.25,83.19999999999999,0.9887908084629397,7057,220,0.8,2.0,10.0
0.15,True,0.5,132.99999999999997,0.9887908084629397,7057,220,0.8,2.0,10.0
0.15,True,0.75,213.60000000000008,0.9887908084629397,7057,220,0.8,2.0,10.0
0.0,False,0.25,129.64999999999998,0.4885215794306703,1064,221,0.8,2.0,10.0
0.0,False,0.5,248.70000000000005,0.4885215794306703,1064,221,0.8,2.0,10.0
0.0,False,0.75,407.62500000000006,0.4885215794306703,1064,221,0.8,2.0,10.0
0.0,True,0.25,135.5,0.5114784205693297,1114,221,0.8,2.0,10.0
0.0,True,0.5,248.20000000000005,0.5114784205693297,1114,221,0.8,2.0,10.0
0.0,True,0.75,434.97499999999997,0.5114784205693297,1114,221,0.8,2.0,10.0
0.03,False,0.25,130.575,0.2917907273500638,1372,221,0.8,2.0,10.0
0.03,False,0.5,240.10000000000005,0.2917907273500638,1372,221,0.8,2.0,10.0
0.03,False,0.75,410.15000000000003,0.2917907273500638,1372,221,0.8,2.0,10.0
0.03,True,0.25,131.39999999999998,0.7082092726499362,3330,221,0.8,2.0,10.0
0.03,True,0.5,236.50000000000003,0.7082092726499362,3330,221,0.8,2.0,10.0
0.03,True,0.75,396.97499999999997,0.7082092726499362,3330,221,0.8,2.0,10.0
0.06,False,0.25,111.8,0.1531899109792285,826,221,0.8,2.0,10.0
0.06,False,0.5,211.15000000000003,0.1531899109792285,826,221,0.8,2.0,10.0
0.06,False,0.75,347.17500000000007,0.1531899109792285,826,221,0.8,2.0,10.0
0.06,True,0.25,123.85,0.8468100890207715,4566,221,0.8,2.0,10.0
0.06,True,0.5,221.45000000000005,0.8468100890207715,4566,221,0.8,2.0,10.0
0.06,True,0.75,374.4,0.8468100890207715,4566,221,0.8,2.0,10.0
0.09,False,0.25,91.39999999999999,0.07293754818812645,473,221,0.8,2.0,10.0
0.09,False,0.5,154.79999999999998,0.07293754818812645,473,221,0.8,2.0,10.0
0.09,False,0.75,294.50000000000006,0.07293754818812645,473,221,0.8,2.0,10.0
0.09,True,0.25,108.5,0.9270624518118735,6012,221,0.8,2.0,10.0
0.09,True,0.5,188.4,0.9270624518118735,6012,221,0.8,2.0,10.0
0.09,True,0.75,312.15000000000003,0.9270624518118735,6012,221,0.8,2.0,10.0
0.12,False,0.25,77.05,0.02850877192982456,195,221,0.8,2.0,10.0
0.12,False,0.5,132.99999999999997,0.02850877192982456,195,221,0.8,2.0,10.0
0.12,False,0.75,271.15000000000003,0.02850877192982456,195,221,0.8,2.0,10.0
0.12,True,0.25,95.0,0.9714912280701754,6645,221,0.8,2.0,10.0
0.12,True,0.5,159.3,0.9714912280701754,6645,221,0.8,2.0,10.0
0.12,True,0.75,263.90000000000003,0.9714912280701754,6645,221,0.8,2.0,10.0
0.15,False,0.25,63.39999999999999,0.011075283891770643,79,221,0.8,2.0,10.0
0.15,False,0.5,100.1,0.011075283891770643,79,221,0.8,2.0,10.0
0.15,False,0.75,174.7,0.011075283891770643,79,221,0.8,2.0,10.0
0.15,True,0.25,83.7,0.9889247161082294,7054,221,0.8,2.0,10.0
0.15,True,0.5,137.7,0.9889247161082294,7054,221,0.8,2.0,10.0
0.15,True,0.75,219.92500000000004,0.9889247161082294,7054,221,0.8,2.0,10.0
0.0,False,0.25,144.6,0.4986175115207373,1082,223,0.8,2.0,10.0
0.0,False,0.5,255.35000000000002,0.4986175115207373,1082,223,0.8,2.0,10.0
0.0,False,0.75,422.775,0.4986175115207373,1082,223,0.8,2.0,10.0
0.0,True,0.25,131.34999999999997,0.5013824884792627,1088,223,0.8,2.0,10.0
0.0,True,0.5,250.40000000000003,0.5013824884792627,1088,223,0.8,2.0,10.0
0.0,True,0.75,412.8,0.5013824884792627,1088,223,0.8,2.0,10.0
0.03,False,0.25,128.5,0.2866695427092321,1329,223,0.8,2.0,10.0
0.03,False,0.5,244.70000000000005,0.2866695427092321,1329,223,0.8,2.0,10.0
0.03,False,0.75,419.80000000000007,0.2866695427092321,1329,223,0.8,2.0,10.0
0.03,True,0.25,137.89999999999998,0.7133304572907679,3307,223,0.8,2.0,10.0
0.03,True,0.5,244.70000000000005,0.7133304572907679,3307,223,0.8,2.0,10.0
0.03,True,0.75,417.15000000000003,0.7133304572907679,3307,223,0.8,2.0,10.0
0.06,False,0.25,111.19999999999999,0.14688017669795694,798,223,0.8,2.0,10.0
0.06,False,0.5,227.40000000000003,0.14688017669795694,798,223,0.8,2.0,10.0
0.06,False,0.75,394.2,0.14688017669795694,798,223,0.8,2.0,10.0
0.06,True,0.25,125.64999999999998,0.8531198233020431,4635,223,0.8,2.0,10.0
0.06,True,0.5,223.70000000000007,0.8531198233020431,4635,223,0.8,2.0,10.0
0.06,True,0.75,372.85,0.8531198233020431,4635,223,0.8,2.0,10.0
0.09,False,0.25,102.225,0.061415630277905725,400,223,0.8,2.0,10.0
0.09,False,0.5,184.55,0.061415630277905725,400,223,0.8,2.0,10.0
0.09,False,0.75,344.25000000000006,0.061415630277905725,400,223,0.8,2.0,10.0
0.09,True,0.25,109.19999999999999,0.9385843697220942,6113,223,0.8,2.0,10.0
0.09,True,0.5,192.9,0.9385843697220942,6113,223,0.8,2.0,10.0
0.09,True,0.75,321.20000000000005,0.9385843697220942,6113,223,0.8,2.0,10.0
0.12,False,0.25,85.64999999999999,0.029106333187070354,199,223,0.8,2.0,10.0
0.12,False,0.5,147.29999999999998,0.029106333187070354,199,223,0.8,2.0,10.0
0.12,False,0.75,237.65000000000003,0.029106333187070354,199,223,0.8,2.0,10.0
0.12,True,0.25,97.125,0.9708936668129297,6638,223,0.8,2.0,10.0
0.12,True,0.5,162.70000000000002,0.9708936668129297,6638,223,0.8,2.0,10.0
0.12,True,0.75,262.975,0.9708936668129297,6638,223,0.8,2.0,10.0
0.15,False,0.25,65.35,0.014569907537125245,104,223,0.8,2.0,10.0
0.15,False,0.5,107.7,0.014569907537125245,104,223,0.8,2.0,10.0
0.15,False,0.75,182.32500000000002,0.014569907537125245,104,223,0.8,2.0,10.0
0.15,True,0.25,86.52499999999999,0.9854300924628747,7034,223,0.8,2.0,10.0
0.15,True,0.5,137.4,0.9854300924628747,7034,223,0.8,2.0,10.0
0.15,True,0.75,219.10000000000002,0.9854300924628747,7034,223,0.8,2.0,10.0
0.0,False,0.25,130.79999999999998,0.5136363636363637,1130,226,0.8,2.0,10.0
0.0,False,0.5,242.05000000000007,0.5136363636363637,1130,226,0.8,2.0,10.0
0.0,False,0.75,410.7750000000001,0.5136363636363637,1130,226,0.8,2.0,10.0
0.0,True,0.25,134.725,0.4863636363636364,1070,226,0.8,2.0,10.0
0.0,True,0.5,256.8,0.4863636363636364,1070,226,0.8,2.0,10.0
0.0,True,0.75,408.225,0.4863636363636364,1070,226,0.8,2.0,10.0
0.03,False,0.25,136.79999999999998,0.28992314261315116,1358,226,0.8,2.0,10.0
0.03,False,0.5,244.00000000000006,0.28992314261315116,1358,226,0.8,2.0,10.0
0.03,False,0.75,413.225,0.28992314261315116,1358,226,0.8,2.0,10.0
0.03,True,0.25,137.02499999999998,0.7100768573868489,3326,226,0.8,2.0,10.0
0.03,True,0.5,249.75000000000003,0.7100768573868489,3326,226,0.8,2.0,10.0
0.03,True,0.75,425.27500000000003,0.7100768573868489,3326,226,0.8,2.0,10.0
0.06,False,0.25,123.85,0.14280476626947755,779,226,0.8,2.0,10.0
0.06,False,0.5,219.20000000000002,0.14280476626947755,779,226,0.8,2.0,10.0
0.06,False,0.75,362.85,0.14280476626947755,779,226,0.8,2.0,10.0
0.06,True,0.25,123.07499999999999,0.8571952337305224,4676,226,0.8,2.0,10.0
0.06,True,0.5,223.85000000000005,0.8571952337305224,4676,226,0.8,2.0,10.0
0.06,True,0.75,377.875,0.8571952337305224,4676,226,0.8,2.0,10.0
0.09,False,0.25,96.225,0.06989992301770592,454,226,0.8,2.0,10.0
0.09,False,0.5,170.04999999999995,0.06989992301770592,454,226,0.8,2.0,10.0
0.09,False,0.75,319.225,0.06989992301770592,454,226,0.8,2.0,10.0
0.09,True,0.25,109.19999999999999,0.930100076982294,6041,226,0.8,2.0,10.0
0.09,True,0.5,192.4,0.930100076982294,6041,226,0.8,2.0,10.0
0.09,True,0.75,323.5,0.930100076982294,6041,226,0.8,2.0,10.0
0.12,False,0.25,86.25,0.02742337586156328,187,226,0.8,2.0,10.0
0.12,False,0.5,149.7,0.02742337586156328,187,226,0.8,2.0,10.0
0.12,False,0.75,244.35000000000002,0.02742337586156328,187,226,0.8,2.0,10.0
0.12,True,0.25,95.6,0.9725766241384367,6632,226,0.8,2.0,10.0
0.12,True,0.5,157.04999999999998,0.9725766241384367,6632,226,0.8,2.0,10.0
0.12,True,0.75,262.50000000000006,0.9725766241384367,6632,226,0.8,2.0,10.0
0.15,False,0.25,81.39999999999999,0.014433856502242152,103,226,0.8,2.0,10.0
0.15,False,0.5,136.1,0.014433856502242152,103,226,0.8,2.0,10.0
0.15,False,0.75,236.20000000000005,0.014433856502242152,103,226,0.8,2.0,10.0
0.15,True,0.25,85.19999999999999,0.9855661434977578,7033,226,0.8,2.0,10.0
0.15,True,0.5,139.2,0.9855661434977578,7033,226,0.8,2.0,10.0
0.15,True,0.75,220.50000000000006,0.9855661434977578,7033,226,0.8,2.0,10.0
0.0,False,0.25,140.6,0.507380073800738,1100,231,0.8,2.0,10.0
0.0,False,0.5,243.90000000000003,0.507380073800738,1100,231,0.8,2.0,10.0
0.0,False,0.75,418.6500000000001,0.507380073800738,1100,231,0.8,2.0,10.0
0.0,True,0.25,137.10000000000002,0.492619926199262,1068,231,0.8,2.0,10.0
0.0,True,0.5,252.55000000000004,0.492619926199262,1068,231,0.8,2.0,10.0
0.0,True,0.75,426.55000000000007,0.492619926199262,1068,231,0.8,2.0,10.0
0.03,False,0.25,128.2,0.2946849549935705,1375,231,0.8,2.0,10.0
0.03,False,0.5,245.4,0.2946849549935705,1375,231,0.8,2.0,10.0
0.03,False,0.75,408.5,0.2946849549935705,1375,231,0.8,2.0,10.0
0.03,True,0.25,136.6,0.7053150450064295,3291,231,0.8,2.0,10.0
0.03,True,0.5,244.90000000000003,0.7053150450064295,3291,231,0.8,2.0,10.0
0.03,True,0.75,407.95000000000005,0.7053150450064295,3291,231,0.8,2.0,10.0
0.06,False,0.25,123.025,0.14330447596242402,778,231,0.8,2.0,10.0
0.06,False,0.5,229.75000000000003,0.14330447596242402,778,231,0.8,2.0,10.0
0.06,False,0.75,377.67500000000007,0.14330447596242402,778,231,0.8,2.0,10.0
0.06,True,0.25,129.99999999999997,0.856695524037576,4651,231,0.8,2.0,10.0
0.06,True,0.5,225.70000000000007,0.856695524037576,4651,231,0.8,2.0,10.0
0.06,True,0.75,369.75,0.856695524037576,4651,231,0.8,2.0,10.0
0.09,False,0.25,100.8,0.06821345707656612,441,231,0.8,2.0,10.0
0.09,False,0.5,187.9,0.06821345707656612,441,231,0.8,2.0,10.0
0.09,False,0.75,308.80000000000007,0.06821345707656612,441,231,0.8,2.0,10.0
0.09,True,0.25,113.175,0.9317865429234339,6024,231,0.8,2.0,10.0
0.09,True,0.5,194.0,0.9317865429234339,6024,231,0.8,2.0,10.0
0.09,True,0.75,322.82500000000005,0.9317865429234339,6024,231,0.8,2.0,10.0
0.12,False,0.25,84.54999999999998,0.027497440397835308,188,231,0.8,2.0,10.0
0.12,False,0.5,133.04999999999998,0.027497440397835308,188,231,0.8,2.0,10.0
0.12,False,0.75,221.85000000000002,0.027497440397835308,188,231,0.8,2.0,10.0
0.12,True,0.25,98.6,0.9725025596021647,6649,231,0.8,2.0,10.0
0.12,True,0.5,164.89999999999998,0.9725025596021647,6649,231,0.8,2.0,10.0
0.12,True,0.75,273.80000000000007,0.9725025596021647,6649,231,0.8,2.0,10.0
0.15,False,0.25,69.8,0.013183730715287518,94,231,0.8,2.0,10.0
0.15,False,0.5,112.64999999999998,0.013183730715287518,94,231,0.8,2.0,10.0
0.15,False,0.75,209.37500000000003,0.013183730715287518,94,231,0.8,2.0,10.0
0.15,True,0.25,86.375,0.9868162692847124,7036,231,0.8,2.0,10.0
0.15,True,0.5,137.04999999999998,0.9868162692847124,7036,231,0.8,2.0,10.0
0.15,True,0.75,215.92500000000004,0.9868162692847124,7036,231,0.8,2.0,10.0
0.0,False,0.25,127.975,0.5130841121495328,1098,234,0.8,2.0,10.0
0.0,False,0.5,245.80000000000004,0.5130841121495328,1098,234,0.8,2.0,10.0
0.0,False,0.75,396.02500000000003,0.5130841121495328,1098,234,0.8,2.0,10.0
0.0,True,0.25,130.67499999999998,0.4869158878504673,1042,234,0.8,2.0,10.0
0.0,True,0.5,238.90000000000003,0.4869158878504673,1042,234,0.8,2.0,10.0
0.0,True,0.75,406.2,0.4869158878504673,1042,234,0.8,2.0,10.0
0.03,False,0.25,126.6,0.2898520084566596,1371,234,0.8,2.0,10.0
0.03,False,0.5,240.80000000000004,0.2898520084566596,1371,234,0.8,2.0,10.0
0.03,False,0.75,407.70000000000005,0.2898520084566596,1371,234,0.8,2.0,10.0
0.03,True,0.25,135.64999999999998,0.7101479915433404,3359,234,0.8,2.0,10.0
0.03,True,0.5,251.50000000000006,0.7101479915433404,3359,234,0.8,2.0,10.0
0.03,True,0.75,414.80000000000007,0.7101479915433404,3359,234,0.8,2.0,10.0
0.06,False,0.25,108.94999999999999,0.14562927370171871,788,234,0.8,2.0,10.0
0.06,False,0.5,195.25,0.14562927370171871,788,234,0.8,2.0,10.0
0.06,False,0.75,373.325,0.14562927370171871,788,234,0.8,2.0,10.0
0.06,True,0.25,125.69999999999999,0.8543707262982813,4623,234,0.8,2.0,10.0
0.06,True,0.5,226.50000000000006,0.8543707262982813,4623,234,0.8,2.0,10.0
0.06,True,0.75,381.1,0.8543707262982813,4623,234,0.8,2.0,10.0
0.09,False,0.25,101.425,0.06484483557202408,420,234,0.8,2.0,10.0
0.09,False,0.5,173.9,0.06484483557202408,420,234,0.8,2.0,10.0
0.09,False,0.75,310.20000000000005,0.06484483557202408,420,234,0.8,2.0,10.0
0.09,True,0.25,111.39999999999999,0.9351551644279759,6057,234,0.8,2.0,10.0
0.09,True,0.5,192.9,0.9351551644279759,6057,234,0.8,2.0,10.0
0.09,True,0.75,325.1000000000001,0.9351551644279759,6057,234,0.8,2.0,10.0
0.12,False,0.25,89.19999999999999,0.027587213545467816,189,234,0.8,2.0,10.0
0.12,False,0.5,160.6,0.027587213545467816,189,234,0.8,2.0,10.0
0.12,False,0.75,259.5,0.027587213545467816,189,234,0.8,2.0,10.0
0.12,True,0.25,96.19999999999999,0.9724127864545322,6662,234,0.8,2.0,10.0
0.12,True,0.5,162.09999999999997,0.9724127864545322,6662,234,0.8,2.0,10.0
0.12,True,0.75,268.70000000000005,0.9724127864545322,6662,234,0.8,2.0,10.0
0.15,False,0.25,97.4,0.014873018100182406,106,234,0.8,2.0,10.0
0.15,False,0.5,132.25,0.014873018100182406,106,234,0.8,2.0,10.0
0.15,False,0.75,245.85000000000005,0.014873018100182406,106,234,0.8,2.0,10.0
0.15,True,0.25,84.9,0.9851269818998176,7021,234,0.8,2.0,10.0
0.15,True,0.5,137.4,0.9851269818998176,7021,234,0.8,2.0,10.0
0.15,True,0.75,220.70000000000005,0.9851269818998176,7021,234,0.8,2.0,10.0
0.0,False,0.25,134.95,0.47878228782287824,1038,235,0.8,2.0,10.0
0.0,False,0.5,260.75000000000006,0.47878228782287824,1038,235,0.8,2.0,10.0
0.0,False,0.75,426.225,0.47878228782287824,1038,235,0.8,2.0,10.0
0.0,True,0.25,143.17499999999998,0.5212177121771218,1130,235,0.8,2.0,10.0
0.0,True,0.5,259.50000000000006,0.5212177121771218,1130,235,0.8,2.0,10.0
0.0,True,0.75,439.475,0.5212177121771218,1130,235,0.8,2.0,10.0
0.03,False,0.25,129.64999999999998,0.29420505200594355,1386,235,0.8,2.0,10.0
0.03,False,0.5,247.55000000000007,0.29420505200594355,1386,235,0.8,2.0,10.0
0.03,False,0.75,410.50000000000006,0.29420505200594355,1386,235,0.8,2.0,10.0
0.03,True,0.25,132.89999999999998,0.7057949479940565,3325,235,0.8,2.0,10.0
0.03,True,0.5,249.20000000000005,0.7057949479940565,3325,235,0.8,2.0,10.0
0.03,True,0.75,416.5,0.7057949479940565,3325,235,0.8,2.0,10.0
0.06,False,0.25,113.49999999999997,0.13926143670769797,758,235,0.8,2.0,10.0
0.06,False,0.5,209.10000000000002,0.13926143670769797,758,235,0.8,2.0,10.0
0.06,False,0.75,375.275,0.13926143670769797,758,235,0.8,2.0,10.0
0.06,True,0.25,123.2,0.860738563292302,4685,235,0.8,2.0,10.0
0.06,True,0.5,228.80000000000004,0.860738563292302,4685,235,0.8,2.0,10.0
0.06,True,0.75,380.40000000000003,0.860738563292302,4685,235,0.8,2.0,10.0
0.09,False,0.25,94.35,0.06646106399383192,431,235,0.8,2.0,10.0
0.09,False,0.5,173.6,0.06646106399383192,431,235,0.8,2.0,10.0
0.09,False,0.75,320.0,0.06646106399383192,431,235,0.8,2.0,10.0
0.09,True,0.25,109.69999999999999,0.9335389360061681,6054,235,0.8,2.0,10.0
0.09,True,0.5,190.9,0.9335389360061681,6054,235,0.8,2.0,10.0
0.09,True,0.75,319.5,0.9335389360061681,6054,235,0.8,2.0,10.0
0.12,False,0.25,86.19999999999999,0.03026758297996783,207,235,0.8,2.0,10.0
0.12,False,0.5,144.2,0.03026758297996783,207,235,0.8,2.0,10.0
0.12,False,0.75,252.35000000000008,0.03026758297996783,207,235,0.8,2.0,10.0
0.12,True,0.25,97.27499999999998,0.9697324170200322,6632,235,0.8,2.0,10.0
0.12,True,0.5,160.25,0.9697324170200322,6632,235,0.8,2.0,10.0
0.12,True,0.75,268.925,0.9697324170200322,6632,235,0.8,2.0,10.0
0.15,False,0.25,62.1,0.013723568127713205,98,235,0.8,2.0,10.0
0.15,False,0.5,86.55,0.013723568127713205,98,235,0.8,2.0,10.0
0.15,False,0.75,153.27499999999998,0.013723568127713205,98,235,0.8,2.0,10.0
0.15,True,0.25,83.7,0.9862764318722868,7043,235,0.8,2.0,10.0
0.15,True,0.5,131.2,0.9862764318722868,7043,235,0.8,2.0,10.0
0.15,True,0.75,212.25,0.9862764318722868,7043,235,0.8,2.0,10.0
0.0,False,0.25,143.09999999999997,0.47972350230414745,1041,241,0.8,2.0,10.0
0.0,False,0.5,257.8,0.47972350230414745,1041,241,0.8,2.0,10.0
0.0,False,0.75,434.70000000000005,0.47972350230414745,1041,241,0.8,2.0,10.0
0.0,True,0.25,143.0,0.5202764976958525,1129,241,0.8,2.0,10.0
0.0,True,0.5,270.6000000000001,0.5202764976958525,1129,241,0.8,2.0,10.0
0.0,True,0.75,443.80000000000007,0.5202764976958525,1129,241,0.8,2.0,10.0
0.03,False,0.25,120.85,0.28829787234042553,1355,241,0.8,2.0,10.0
0.03,False,0.5,232.00000000000003,0.28829787234042553,1355,241,0.8,2.0,10.0
0.03,False,0.75,417.35,0.28829787234042553,1355,241,0.8,2.0,10.0
0.03,True,0.25,130.5,0.7117021276595744,3345,241,0.8,2.0,10.0
0.03,True,0.5,241.3,0.7117021276595744,3345,241,0.8,2.0,10.0
0.03,True,0.75,403.90000000000003,0.7117021276595744,3345,241,0.8,2.0,10.0
0.06,False,0.25,121.25,0.14700981299759303,794,241,0.8,2.0,10.0
0.06,False,0.5,221.00000000000006,0.14700981299759303,794,241,0.8,2.0,10.0
0.06,False,0.75,393.32500000000005,0.14700981299759303,794,241,0.8,2.0,10.0
0.06,True,0.25,119.89999999999998,0.8529901870024069,4607,241,0.8,2.0,10.0
0.06,True,0.5,215.10000000000002,0.8529901870024069,4607,241,0.8,2.0,10.0
0.06,True,0.75,360.15000000000003,0.8529901870024069,4607,241,0.8,2.0,10.0
0.09,False,0.25,86.0,0.06765295114809677,439,241,0.8,2.0,10.0
0.09,False,0.5,163.39999999999998,0.06765295114809677,439,241,0.8,2.0,10.0
0.09,False,0.75,303.1500000000001,0.06765295114809677,439,241,0.8,2.0,10.0
0.09,True,0.25,113.49999999999997,0.9323470488519032,6050,241,0.8,2.0,10.0
0.09,True,0.5,196.95,0.9323470488519032,6050,241,0.8,2.0,10.0
0.09,True,0.75,324.40000000000003,0.9323470488519032,6050,241,0.8,2.0,10.0
0.12,False,0.25,90.725,0.028271640921014283,194,241,0.8,2.0,10.0
0.12,False,0.5,156.89999999999998,0.028271640921014283,194,241,0.8,2.0,10.0
0.12,False,0.75,264.8,0.028271640921014283,194,241,0.8,2.0,10.0
0.12,True,0.25,97.6,0.9717283590789857,6668,241,0.8,2.0,10.0
0.12,True,0.5,162.4,0.9717283590789857,6668,241,0.8,2.0,10.0
0.12,True,0.75,264.90000000000003,0.9717283590789857,6668,241,0.8,2.0,10.0
0.15,False,0.25,72.29999999999998,0.014421730607672921,103,241,0.8,2.0,10.0
0.15,False,0.5,92.19999999999999,0.014421730607672921,103,241,0.8,2.0,10.0
0.15,False,0.75,150.2,0.014421730607672921,103,241,0.8,2.0,10.0
0.15,True,0.25,86.9,0.9855782693923271,7039,241,0.8,2.0,10.0
0.15,True,0.5,134.7,0.9855782693923271,7039,241,0.8,2.0,10.0
0.15,True,0.75,218.55000000000007,0.9855782693923271,7039,241,0.8,2.0,10.0
0.0,False,0.25,139.14999999999998,0.4924812030075188,1048,242,0.8,2.0,10.0
0.0,False,0.5,263.05000000000007,0.4924812030075188,1048,242,0.8,2.0,10.0
0.0,False,0.75,423.8500000000001,0.4924812030075188,1048,242,0.8,2.0,10.0
0.0,True,0.25,135.725,0.5075187969924813,1080,242,0.8,2.0,10.0
0.0,True,0.5,251.30000000000007,0.5075187969924813,1080,242,0.8,2.0,10.0
0.0,True,0.75,417.87500000000006,0.5075187969924813,1080,242,0.8,2.0,10.0
0.03,False,0.25,125.89999999999999,0.2902818679007152,1380,242,0.8,2.0,10.0
0.03,False,0.5,233.25000000000003,0.2902818679007152,1380,242,0.8,2.0,10.0
0.03,False,0.75,423.225,0.2902818679007152,1380,242,0.8,2.0,10.0
0.03,True,0.25,131.2,0.7097181320992848,3374,242,0.8,2.0,10.0
0.03,True,0.5,240.05000000000004,0.7097181320992848,3374,242,0.8,2.0,10.0
0.03,True,0.75,404.44999999999993,0.7097181320992848,3374,242,0.8,2.0,10.0
0.06,False,0.25,112.85,0.1477650535648319,800,242,0.8,2.0,10.0
0.06,False,0.5,206.9,0.1477650535648319,800,242,0.8,2.0,10.0
0.06,False,0.75,347.85,0.1477650535648319,800,242,0.8,2.0,10.0
0.06,True,0.25,121.49999999999999,0.8522349464351681,4614,242,0.8,2.0,10.0
0.06,True,0.5,216.05000000000004,0.8522349464351681,4614,242,0.8,2.0,10.0
0.06,True,0.75,366.50000000000006,0.8522349464351681,4614,242,0.8,2.0,10.0
0.09,False,0.25,105.15,0.07631456491391345,492,242,0.8,2.0,10.0
0.09,False,0.5,176.9,0.07631456491391345,492,242,0.8,2.0,10.0
0.09,False,0.75,295.70000000000005,0.07631456491391345,492,242,0.8,2.0,10.0
0.09,True,0.25,107.99999999999999,0.9236854350860866,5955,242,0.8,2.0,10.0
0.09,True,0.5,189.0,0.9236854350860866,5955,242,0.8,2.0,10.0
0.09,True,0.75,320.55000000000007,0.9236854350860866,5955,242,0.8,2.0,10.0
0.12,False,0.25,80.55,0.03353258492491617,230,242,0.8,2.0,10.0
0.12,False,0.5,150.54999999999998,0.03353258492491617,230,242,0.8,2.0,10.0
0.12,False,0.75,244.95000000000005,0.03353258492491617,230,242,0.8,2.0,10.0
0.12,True,0.25,97.8,0.9664674150750838,6629,242,0.8,2.0,10.0
0.12,True,0.5,162.3,0.9664674150750838,6629,242,0.8,2.0,10.0
0.12,True,0.75,272.0,0.9664674150750838,6629,242,0.8,2.0,10.0
0.15,False,0.25,76.67500000000001,0.014582164890633763,104,242,0.8,2.0,10.0
0.15,False,0.5,125.05,0.014582164890633763,104,242,0.8,2.0,10.0
0.15,False,0.75,208.10000000000002,0.014582164890633763,104,242,0.8,2.0,10.0
0.15,True,0.25,85.39999999999999,0.9854178351093662,7028,242,0.8,2.0,10.0
0.15,True,0.5,135.3,0.9854178351093662,7028,242,0.8,2.0,10.0
0.15,True,0.75,218.70000000000005,0.9854178351093662,7028,242,0.8,2.0,10.0
0.0,False,0.25,134.5,0.5080756806645131,1101,249,0.8,2.0,10.0
0.0,False,0.5,267.70000000000005,0.5080756806645131,1101,249,0.8,2.0,10.0
0.0,False,0.75,418.4,0.5080756806645131,1101,249,0.8,2.0,10.0
0.0,True,0.25,141.325,0.49192431933548686,1066,249,0.8,2.0,10.0
0.0,True,0.5,264.45000000000005,0.49192431933548686,1066,249,0.8,2.0,10.0
0.0,True,0.75,415.17500000000007,0.49192431933548686,1066,249,0.8,2.0,10.0
0.03,False,0.25,133.5,0.2878852739726027,1345,249,0.8,2.0,10.0
0.03,False,0.5,243.50000000000006,0.2878852739726027,1345,249,0.8,2.0,10.0
0.03,False,0.75,412.20000000000005,0.2878852739726027,1345,249,0.8,2.0,10.0
0.03,True,0.25,134.95,0.7121147260273972,3327,249,0.8,2.0,10.0
0.03,True,0.5,251.3,0.7121147260273972,3327,249,0.8,2.0,10.0
0.03,True,0.75,418.25,0.7121147260273972,3327,249,0.8,2.0,10.0
0.06,False,0.25,113.85,0.1421423276501112,767,249,0.8,2.0,10.0
0.06,False,0.5,204.70000000000002,0.1421423276501112,767,249,0.8,2.0,10.0
0.06,False,0.75,366.70000000000005,0.1421423276501112,767,249,0.8,2.0,10.0
0.06,True,0.25,125.0,0.8578576723498889,4629,249,0.8,2.0,10.0
0.06,True,0.5,228.50000000000006,0.8578576723498889,4629,249,0.8,2.0,10.0
0.06,True,0.75,376.09999999999997,0.8578576723498889,4629,249,0.8,2.0,10.0
0.09,False,0.25,95.05,0.06437240743585804,419,249,0.8,2.0,10.0
0.09,False,0.5,174.9,0.06437240743585804,419,249,0.8,2.0,10.0
0.09,False,0.75,309.75,0.06437240743585804,419,249,0.8,2.0,10.0
0.09,True,0.25,112.3,0.935627592564142,6090,249,0.8,2.0,10.0
0.09,True,0.5,195.3,0.935627592564142,6090,249,0.8,2.0,10.0
0.09,True,0.75,326.1,0.935627592564142,6090,249,0.8,2.0,10.0
0.12,False,0.25,89.19999999999999,0.029390261734171662,201,249,0.8,2.0,10.0
0.12,False,0.5,139.89999999999998,0.029390261734171662,201,249,0.8,2.0,10.0
0.12,False,0.75,233.50000000000003,0.029390261734171662,201,249,0.8,2.0,10.0
0.12,True,0.25,98.0,0.9706097382658283,6638,249,0.8,2.0,10.0
0.12,True,0.5,162.3,0.9706097382658283,6638,249,0.8,2.0,10.0
0.12,True,0.75,267.77500000000003,0.9706097382658283,6638,249,0.8,2.0,10.0
0.15,False,0.25,71.05,0.014279714405711887,102,249,0.8,2.0,10.0
0.15,False,0.5,120.35,0.014279714405711887,102,249,0.8,2.0,10.0
0.15,False,0.75,189.975,0.014279714405711887,102,249,0.8,2.0,10.0
0.15,True,0.25,83.99999999999999,0.9857202855942881,7041,249,0.8,2.0,10.0
0.15,True,0.5,135.2,0.9857202855942881,7041,249,0.8,2.0,10.0
0.15,True,0.75,216.90000000000003,0.9857202855942881,7041,249,0.8,2.0,10.0
0.0,False,0.25,141.67499999999998,0.4977127172918573,1088,251,0.8,2.0,10.0
0.0,False,0.5,259.75000000000006,0.4977127172918573,1088,251,0.8,2.0,10.0
0.0,False,0.75,433.05,0.4977127172918573,1088,251,0.8,2.0,10.0
0.0,True,0.25,133.77499999999998,0.5022872827081427,1098,251,0.8,2.0,10.0
0.0,True,0.5,240.30000000000004,0.5022872827081427,1098,251,0.8,2.0,10.0
0.0,True,0.75,416.82500000000005,0.5022872827081427,1098,251,0.8,2.0,10.0
0.03,False,0.25,132.075,0.28454760369653986,1324,251,0.8,2.0,10.0
0.03,False,0.5,232.80000000000004,0.28454760369653986,1324,251,0.8,2.0,10.0
0.03,False,0.75,400.5,0.28454760369653986,1324,251,0.8,2.0,10.0
0.03,True,0.25,136.7,0.7154523963034601,3329,251,0.8,2.0,10.0
0.03,True,0.5,249.90000000000006,0.7154523963034601,3329,251,0.8,2.0,10.0
0.03,True,0.75,412.3,0.7154523963034601,3329,251,0.8,2.0,10.0
0.06,False,0.25,119.92499999999998,0.1493975903614458,806,251,0.8,2.0,10.0
0.06,False,0.5,223.55,0.1493975903614458,806,251,0.8,2.0,10.0
0.06,False,0.75,378.29999999999995,0.1493975903614458,806,251,0.8,2.0,10.0
0.06,True,0.25,126.0,0.8506024096385543,4589,251,0.8,2.0,10.0
0.06,True,0.5,224.10000000000005,0.8506024096385543,4589,251,0.8,2.0,10.0
0.06,True,0.75,371.5,0.8506024096385543,4589,251,0.8,2.0,10.0
0.09,False,0.25,104.4,0.06584615384615385,428,251,0.8,2.0,10.0
0.09,False,0.5,176.75,0.06584615384615385,428,251,0.8,2.0,10.0
0.09,False,0.75,294.15,0.06584615384615385,428,251,0.8,2.0,10.0
0.09,True,0.25,111.6,0.9341538461538461,6072,251,0.8,2.0,10.0
0.09,True,0.5,192.35,0.9341538461538461,6072,251,0.8,2.0,10.0
0.09,True,0.75,323.6,0.9341538461538461,6072,251,0.8,2.0,10.0
0.12,False,0.25,81.74999999999999,0.02908081250913342,199,251,0.8,2.0,10.0
0.12,False,0.5,135.1,0.02908081250913342,199,251,0.8,2.0,10.0
0.12,False,0.75,250.30000000000004,0.02908081250913342,199,251,0.8,2.0,10.0
0.12,True,0.25,96.89999999999999,0.9709191874908666,6644,251,0.8,2.0,10.0
0.12,True,0.5,164.8,0.9709191874908666,6644,251,0.8,2.0,10.0
0.12,True,0.75,270.80000000000007,0.9709191874908666,6644,251,0.8,2.0,10.0
0.15,False,0.25,87.27499999999999,0.013157894736842105,94,251,0.8,2.0,10.0
0.15,False,0.5,146.7,0.013157894736842105,94,251,0.8,2.0,10.0
0.15,False,0.75,211.15000000000003,0.013157894736842105,94,251,0.8,2.0,10.0
0.15,True,0.25,85.59999999999998,0.9868421052631579,7050,251,0.8,2.0,10.0
0.15,True,0.5,136.3,0.9868421052631579,7050,251,0.8,2.0,10.0
0.15,True,0.75,217.50000000000003,0.9868421052631579,7050,251,0.8,2.0,10.0
0.0,False,0.25,131.825,0.5075034106412005,1116,261,0.8,2.0,10.0
0.0,False,0.5,243.90000000000003,0.5075034106412005,1116,261,0.8,2.0,10.0
0.0,False,0.75,419.77500000000003,0.5075034106412005,1116,261,0.8,2.0,10.0
0.0,True,0.25,134.85,0.4924965893587995,1083,261,0.8,2.0,10.0
0.0,True,0.5,241.20000000000002,0.4924965893587995,1083,261,0.8,2.0,10.0
0.0,True,0.75,416.95000000000005,0.4924965893587995,1083,261,0.8,2.0,10.0
0.03,False,0.25,121.75,0.29267773520647083,1375,261,0.8,2.0,10.0
0.03,False,0.5,225.20000000000002,0.29267773520647083,1375,261,0.8,2.0,10.0
0.03,False,0.75,397.2,0.29267773520647083,1375,261,0.8,2.0,10.0
0.03,True,0.25,133.79999999999998,0.7073222647935291,3323,261,0.8,2.0,10.0
0.03,True,0.5,240.90000000000003,0.7073222647935291,3323,261,0.8,2.0,10.0
0.03,True,0.75,397.6,0.7073222647935291,3323,261,0.8,2.0,10.0
0.06,False,0.25,110.10000000000001,0.13829394387001476,749,261,0.8,2.0,10.0
0.06,False,0.5,211.30000000000004,0.13829394387001476,749,261,0.8,2.0,10.0
0.06,False,0.75,369.50000000000006,0.13829394387001476,749,261,0.8,2.0,10.0
0.06,True,0.25,127.04999999999998,0.8617060561299852,4667,261,0.8,2.0,10.0
0.06,True,0.5,226.4,0.8617060561299852,4667,261,0.8,2.0,10.0
0.06,True,0.75,374.9,0.8617060561299852,4667,261,0.8,2.0,10.0
0.09,False,0.25,89.475,0.07032089666820206,458,261,0.8,2.0,10.0
0.09,False,0.5,156.75,0.07032089666820206,458,261,0.8,2.0,10.0
0.09,False,0.75,286.40000000000003,0.07032089666820206,458,261,0.8,2.0,10.0
0.09,True,0.25,113.6,0.9296791033317979,6055,261,0.8,2.0,10.0
0.09,True,0.5,196.80000000000004,0.9296791033317979,6055,261,0.8,2.0,10.0
0.09,True,0.75,328.40000000000003,0.9296791033317979,6055,261,0.8,2.0,10.0
0.12,False,0.25,84.39999999999999,0.031190511055791476,213,261,0.8,2.0,10.0
0.12,False,0.5,158.70000000000002,0.031190511055791476,213,261,0.8,2.0,10.0
0.12,False,0.75,271.2,0.031190511055791476,213,261,0.8,2.0,10.0
0.12,True,0.25,94.19999999999999,0.9688094889442085,6616,261,0.8,2.0,10.0
0.12,True,0.5,159.45,0.9688094889442085,6616,261,0.8,2.0,10.0
0.12,True,0.75,264.4000000000001,0.9688094889442085,6616,261,0.8,2.0,10.0
0.15,False,0.25,67.1,0.01429572529782761,102,261,0.8,2.0,10.0
0.15,False,0.5,97.8,0.01429572529782761,102,261,0.8,2.0,10.0
0.15,False,0.75,188.325,0.01429572529782761,102,261,0.8,2.0,10.0
0.15,True,0.25,86.79999999999998,0.9857042747021724,7033,261,0.8,2.0,10.0
0.15,True,0.5,137.3,0.9857042747021724,7033,261,0.8,2.0,10.0
0.15,True,0.75,217.80000000000004,0.9857042747021724,7033,261,0.8,2.0,10.0
0.0,False,0.25,146.09999999999997,0.4862005519779209,1057,262,0.8,2.0,10.0
0.0,False,0.5,268.6000000000001,0.4862005519779209,1057,262,0.8,2.0,10.0
0.0,False,0.75,457.0,0.4862005519779209,1057,262,0.8,2.0,10.0
0.0,True,0.25,133.2,0.5137994480220791,1117,262,0.8,2.0,10.0
0.0,True,0.5,248.90000000000003,0.5137994480220791,1117,262,0.8,2.0,10.0
0.0,True,0.75,433.5,0.5137994480220791,1117,262,0.8,2.0,10.0
0.03,False,0.25,127.77499999999998,0.28626035251645787,1348,262,0.8,2.0,10.0
0.03,False,0.5,258.2500000000001,0.28626035251645787,1348,262,0.8,2.0,10.0
0.03,False,0.75,429.2250000000001,0.28626035251645787,1348,262,0.8,2.0,10.0
0.03,True,0.25,131.39999999999998,0.7137396474835421,3361,262,0.8,2.0,10.0
0.03,True,0.5,254.70000000000005,0.7137396474835421,3361,262,0.8,2.0,10.0
0.03,True,0.75,418.7,0.7137396474835421,3361,262,0.8,2.0,10.0
0.06,False,0.25,110.9,0.14748665070889339,801,262,0.8,2.0,10.0
0.06,False,0.5,209.2,0.14748665070889339,801,262,0.8,2.0,10.0
0.06,False,0.75,346.40000000000003,0.14748665070889339,801,262,0.8,2.0,10.0
0.06,True,0.25,120.89999999999998,0.8525133492911066,4630,262,0.8,2.0,10.0
0.06,True,0.5,220.50000000000006,0.8525133492911066,4630,262,0.8,2.0,10.0
0.06,True,0.75,371.975,0.8525133492911066,4630,262,0.8,2.0,10.0
0.09,False,0.25,92.55,0.06571472439735913,428,262,0.8,2.0,10.0
0.09,False,0.5,165.04999999999998,0.06571472439735913,428,262,0.8,2.0,10.0
0.09,False,0.75,279.82500000000005,0.06571472439735913,428,262,0.8,2.0,10.0
0.09,True,0.25,110.19999999999999,0.9342852756026409,6085,262,0.8,2.0,10.0
0.09,True,0.5,192.1,0.9342852756026409,6085,262,0.8,2.0,10.0
0.09,True,0.75,319.70000000000005,0.9342852756026409,6085,262,0.8,2.0,10.0
0.12,False,0.25,83.9,0.027684195107660757,189,262,0.8,2.0,10.0
0.12,False,0.5,140.4,0.027684195107660757,189,262,0.8,2.0,10.0
0.12,False,0.75,236.80000000000004,0.027684195107660757,189,262,0.8,2.0,10.0
0.12,True,0.25,99.0,0.9723158048923393,6638,262,0.8,2.0,10.0
0.12,True,0.5,163.3,0.9723158048923393,6638,262,0.8,2.0,10.0
0.12,True,0.75,267.40000000000003,0.9723158048923393,6638,262,0.8,2.0,10.0
0.15,False,0.25,81.85,0.011201344161299356,80,262,0.8,2.0,10.0
0.15,False,0.5,119.1,0.011201344161299356,80,262,0.8,2.0,10.0
0.15,False,0.75,181.65,0.011201344161299356,80,262,0.8,2.0,10.0
0.15,True,0.25,83.9,0.9887986558387006,7062,262,0.8,2.0,10.0
0.15,True,0.5,135.25,0.9887986558387006,7062,262,0.8,2.0,10.0
0.15,True,0.75,217.67500000000007,0.9887986558387006,7062,262,0.8,2.0,10.0
0.0,False,0.25,142.54999999999998,0.5,1079,273,0.8,2.0,10.0
0.0,False,0.5,242.60000000000002,0.5,1079,273,0.8,2.0,10.0
0.0,False,0.75,412.30000000000007,0.5,1079,273,0.8,2.0,10.0
0.0,True,0.25,142.39999999999998,0.5,1079,273,0.8,2.0,10.0
0.0,True,0.5,267.8,0.5,1079,273,0.8,2.0,10.0
0.0,True,0.75,441.9000000000001,0.5,1079,273,0.8,2.0,10.0
0.03,False,0.25,127.39999999999999,0.2913907284768212,1364,273,0.8,2.0,10.0
0.03,False,0.5,252.15000000000003,0.2913907284768212,1364,273,0.8,2.0,10.0
0.03,False,0.75,415.70000000000005,0.2913907284768212,1364,273,0.8,2.0,10.0
0.03,True,0.25,141.0,0.7086092715231788,3317,273,0.8,2.0,10.0
0.03,True,0.5,255.1,0.7086092715231788,3317,273,0.8,2.0,10.0
0.03,True,0.75,423.1000000000001,0.7086092715231788,3317,273,0.8,2.0,10.0
0.06,False,0.25,114.39999999999999,0.142619926199262,773,273,0.8,2.0,10.0
0.06,False,0.5,217.80000000000004,0.142619926199262,773,273,0.8,2.0,10.0
0.06,False,0.75,361.40000000000003,0.142619926199262,773,273,0.8,2.0,10.0
0.06,True,0.25,125.55,0.857380073800738,4647,273,0.8,2.0,10.0
0.06,True,0.5,224.60000000000005,0.857380073800738,4647,273,0.8,2.0,10.0
0.06,True,0.75,381.95000000000005,0.857380073800738,4647,273,0.8,2.0,10.0
0.09,False,0.25,96.82499999999999,0.06931608133086876,450,273,0.8,2.0,10.0
0.09,False,0.5,173.95,0.06931608133086876,450,273,0.8,2.0,10.0
0.09,False,0.75,295.02500000000003,0.06931608133086876,450,273,0.8,2.0,10.0
0.09,True,0.25,111.125,0.9306839186691312,6042,273,0.8,2.0,10.0
0.09,True,0.5,191.35,0.9306839186691312,6042,273,0.8,2.0,10.0
0.09,True,0.75,322.77500000000003,0.9306839186691312,6042,273,0.8,2.0,10.0
0.12,False,0.25,80.3,0.028951601111273578,198,273,0.8,2.0,10.0
0.12,False,0.5,123.3,0.028951601111273578,198,273,0.8,2.0,10.0
0.12,False,0.75,223.35000000000005,0.028951601111273578,198,273,0.8,2.0,10.0
0.12,True,0.25,95.49999999999999,0.9710483988887264,6641,273,0.8,2.0,10.0
0.12,True,0.5,160.5,0.9710483988887264,6641,273,0.8,2.0,10.0
0.12,True,0.75,261.5,0.9710483988887264,6641,273,0.8,2.0,10.0
0.15,False,0.25,69.35,0.012210526315789474,87,273,0.8,2.0,10.0
0.15,False,0.5,101.6,0.012210526315789474,87,273,0.8,2.0,10.0
0.15,False,0.75,148.8,0.012210526315789474,87,273,0.8,2.0,10.0
0.15,True,0.25,85.92500000000001,0.9877894736842106,7038,273,0.8,2.0,10.0
0.15,True,0.5,136.75,0.9877894736842106,7038,273,0.8,2.0,10.0
0.15,True,0.75,218.05000000000004,0.9877894736842106,7038,273,0.8,2.0,10.0
0.0,False,0.25,132.79999999999998,0.49449035812672176,1077,275,0.8,2.0,10.0
0.0,False,0.5,250.70000000000005,0.49449035812672176,1077,275,0.8,2.0,10.0
0.0,False,0.75,436.7,0.49449035812672176,1077,275,0.8,2.0,10.0
0.0,True,0.25,141.29999999999998,0.5055096418732782,1101,275,0.8,2.0,10.0
0.0,True,0.5,252.60000000000005,0.5055096418732782,1101,275,0.8,2.0,10.0
0.0,True,0.75,438.70000000000005,0.5055096418732782,1101,275,0.8,2.0,10.0
0.03,False,0.25,134.14999999999998,0.29321709547097596,1379,275,0.8,2.0,10.0
0.03,False,0.5,254.70000000000005,0.29321709547097596,1379,275,0.8,2.0,10.0
0.03,False,0.75,423.5,0.29321709547097596,1379,275,0.8,2.0,10.0
0.03,True,0.25,127.27499999999999,0.706782904529024,3324,275,0.8,2.0,10.0
0.03,True,0.5,245.50000000000006,0.706782904529024,3324,275,0.8,2.0,10.0
0.03,True,0.75,419.20000000000005,0.706782904529024,3324,275,0.8,2.0,10.0
0.06,False,0.25,114.54999999999998,0.14567582518900976,790,275,0.8,2.0,10.0
0.06,False,0.5,208.60000000000002,0.14567582518900976,790,275,0.8,2.0,10.0
0.06,False,0.75,338.175,0.14567582518900976,790,275,0.8,2.0,10.0
0.06,True,0.25,123.0,0.8543241748109902,4633,275,0.8,2.0,10.0
0.06,True,0.5,218.20000000000005,0.8543241748109902,4633,275,0.8,2.0,10.0
0.06,True,0.75,372.70000000000005,0.8543241748109902,4633,275,0.8,2.0,10.0
0.09,False,0.25,87.75,0.0611587982832618,399,275,0.8,2.0,10.0
0.09,False,0.5,156.5,0.0611587982832618,399,275,0.8,2.0,10.0
0.09,False,0.75,288.70000000000005,0.0611587982832618,399,275,0.8,2.0,10.0
0.09,True,0.25,113.19999999999999,0.9388412017167382,6125,275,0.8,2.0,10.0
0.09,True,0.5,194.4,0.9388412017167382,6125,275,0.8,2.0,10.0
0.09,True,0.75,320.20000000000005,0.9388412017167382,6125,275,0.8,2.0,10.0
0.12,False,0.25,78.6,0.02776965799473838,190,275,0.8,2.0,10.0
0.12,False,0.5,140.29999999999998,0.02776965799473838,190,275,0.8,2.0,10.0
0.12,False,0.75,224.45000000000005,0.02776965799473838,190,275,0.8,2.0,10.0
0.12,True,0.25,96.49999999999999,0.9722303420052616,6652,275,0.8,2.0,10.0
0.12,True,0.5,161.55,0.9722303420052616,6652,275,0.8,2.0,10.0
0.12,True,0.75,265.70000000000005,0.9722303420052616,6652,275,0.8,2.0,10.0
0.15,False,0.25,73.17500000000001,0.012330110690766428,88,275,0.8,2.0,10.0
0.15,False,0.5,118.99999999999997,0.012330110690766428,88,275,0.8,2.0,10.0
0.15,False,0.75,198.15,0.012330110690766428,88,275,0.8,2.0,10.0
0.15,True,0.25,84.99999999999999,0.9876698893092336,7049,275,0.8,2.0,10.0
0.15,True,0.5,138.1,0.9876698893092336,7049,275,0.8,2.0,10.0
0.15,True,0.75,218.4,0.9876698893092336,7049,275,0.8,2.0,10.0
0.0,False,0.25,141.54999999999998,0.502524093620927,1095,289,0.8,2.0,10.0
0.0,False,0.5,264.70000000000005,0.502524093620927,1095,289,0.8,2.0,10.0
0.0,False,0.75,428.20000000000005,0.502524093620927,1095,289,0.8,2.0,10.0
0.0,True,0.25,131.67499999999998,0.49747590637907296,1084,289,0.8,2.0,10.0
0.0,True,0.5,246.40000000000003,0.49747590637907296,1084,289,0.8,2.0,10.0
0.0,True,0.75,419.1500000000001,0.49747590637907296,1084,289,0.8,2.0,10.0
0.03,False,0.25,134.4,0.29602733874412646,1386,289,0.8,2.0,10.0
0.03,False,0.5,241.60000000000002,0.29602733874412646,1386,289,0.8,2.0,10.0
0.03,False,0.75,397.625,0.29602733874412646,1386,289,0.8,2.0,10.0
0.03,True,0.25,137.97499999999997,0.7039726612558735,3296,289,0.8,2.0,10.0
0.03,True,0.5,251.90000000000003,0.7039726612558735,3296,289,0.8,2.0,10.0
0.03,True,0.75,415.50000000000006,0.7039726612558735,3296,289,0.8,2.0,10.0
0.06,False,0.25,115.99999999999999,0.14682466209961118,793,289,0.8,2.0,10.0
0.06,False,0.5,210.90000000000003,0.14682466209961118,793,289,0.8,2.0,10.0
0.06,False,0.75,371.0,0.14682466209961118,793,289,0.8,2.0,10.0
0.06,True,0.25,118.94999999999999,0.8531753379003888,4608,289,0.8,2.0,10.0
0.06,True,0.5,216.95000000000005,0.8531753379003888,4608,289,0.8,2.0,10.0
0.06,True,0.75,373.40000000000003,0.8531753379003888,4608,289,0.8,2.0,10.0
0.09,False,0.25,95.69999999999999,0.06984955480503531,455,289,0.8,2.0,10.0
0.09,False,0.5,161.70000000000002,0.06984955480503531,455,289,0.8,2.0,10.0
0.09,False,0.75,292.75,0.06984955480503531,455,289,0.8,2.0,10.0
0.09,True,0.25,111.35,0.9301504451949647,6059,289,0.8,2.0,10.0
0.09,True,0.5,192.2,0.9301504451949647,6059,289,0.8,2.0,10.0
0.09,True,0.75,333.40000000000003,0.9301504451949647,6059,289,0.8,2.0,10.0
0.12,False,0.25,73.94999999999999,0.03128197631925157,214,289,0.8,2.0,10.0
0.12,False,0.5,130.64999999999998,0.03128197631925157,214,289,0.8,2.0,10.0
0.12,False,0.75,229.20000000000005,0.03128197631925157,214,289,0.8,2.0,10.0
0.12,True,0.25,97.6,0.9687180236807484,6627,289,0.8,2.0,10.0
0.12,True,0.5,163.8,0.9687180236807484,6627,289,0.8,2.0,10.0
0.12,True,0.75,273.1,0.9687180236807484,6627,289,0.8,2.0,10.0
0.15,False,0.25,73.45,0.01288515406162465,92,289,0.8,2.0,10.0
0.15,False,0.5,100.89999999999999,0.01288515406162465,92,289,0.8,2.0,10.0
0.15,False,0.75,150.85000000000002,0.01288515406162465,92,289,0.8,2.0,10.0
0.15,True,0.25,83.875,0.9871148459383754,7048,289,0.8,2.0,10.0
0.15,True,0.5,134.99999999999997,0.9871148459383754,7048,289,0.8,2.0,10.0
0.15,True,0.75,215.22500000000005,0.9871148459383754,7048,289,0.8,2.0,10.0
0.0,False,0.25,133.45,0.5162037037037037,1115,290,0.8,2.0,10.0
0.0,False,0.5,245.60000000000005,0.5162037037037037,1115,290,0.8,2.0,10.0
0.0,False,0.75,424.40000000000003,0.5162037037037037,1115,290,0.8,2.0,10.0
0.0,True,0.25,133.99999999999997,0.4837962962962963,1045,290,0.8,2.0,10.0
0.0,True,0.5,244.90000000000003,0.4837962962962963,1045,290,0.8,2.0,10.0
0.0,True,0.75,405.1,0.4837962962962963,1045,290,0.8,2.0,10.0
0.03,False,0.25,125.3,0.28040973111395645,1314,290,0.8,2.0,10.0
0.03,False,0.5,228.55000000000004,0.28040973111395645,1314,290,0.8,2.0,10.0
0.03,False,0.75,397.40000000000003,0.28040973111395645,1314,290,0.8,2.0,10.0
0.03,True,0.25,135.6,0.7195902688860435,3372,290,0.8,2.0,10.0
0.03,True,0.5,255.75000000000006,0.7195902688860435,3372,290,0.8,2.0,10.0
0.03,True,0.75,412.225,0.7195902688860435,3372,290,0.8,2.0,10.0
0.06,False,0.25,112.55,0.1484820607175713,807,290,0.8,2.0,10.0
0.06,False,0.5,201.40000000000003,0.1484820607175713,807,290,0.8,2.0,10.0
0.06,False,0.75,370.85,0.1484820607175713,807,290,0.8,2.0,10.0
0.06,True,0.25,128.1,0.8515179392824287,4628,290,0.8,2.0,10.0
0.06,True,0.5,225.95000000000005,0.8515179392824287,4628,290,0.8,2.0,10.0
0.06,True,0.75,383.6000000000001,0.8515179392824287,4628,290,0.8,2.0,10.0
0.09,False,0.25,101.30000000000001,0.06181424818420646,400,290,0.8,2.0,10.0
0.09,False,0.5,178.8,0.06181424818420646,400,290,0.8,2.0,10.0
0.09,False,0.75,310.75000000000006,0.06181424818420646,400,290,0.8,2.0,10.0
0.09,True,0.25,111.79999999999998,0.9381857518157936,6071,290,0.8,2.0,10.0
0.09,True,0.5,192.9,0.9381857518157936,6071,290,0.8,2.0,10.0
0.09,True,0.75,318.25,0.9381857518157936,6071,290,0.8,2.0,10.0
0.12,False,0.25,79.275,0.033328460751352144,228,290,0.8,2.0,10.0
0.12,False,0.5,138.95,0.033328460751352144,228,290,0.8,2.0,10.0
0.12,False,0.75,240.75000000000006,0.033328460751352144,228,290,0.8,2.0,10.0
0.12,True,0.25,95.89999999999999,0.9666715392486479,6613,290,0.8,2.0,10.0
0.12,True,0.5,161.1,0.9666715392486479,6613,290,0.8,2.0,10.0
0.12,True,0.75,268.8,0.9666715392486479,6613,290,0.8,2.0,10.0
0.15,False,0.25,75.3,0.013585434173669468,97,290,0.8,2.0,10.0
0.15,False,0.5,123.2,0.013585434173669468,97,290,0.8,2.0,10.0
0.15,False,0.75,181.60000000000002,0.013585434173669468,97,290,0.8,2.0,10.0
0.15,True,0.25,85.49999999999999,0.9864145658263306,7043,290,0.8,2.0,10.0
0.15,True,0.5,137.99999999999997,0.9864145658263306,7043,290,0.8,2.0,10.0
0.15,True,0.75,217.60000000000002,0.9864145658263306,7043,290,0.8,2.0,10.0
0.0,False,0.25,144.89999999999998,0.4878048780487805,1060,302,0.8,2.0,10.0
0.0,False,0.5,277.5,0.4878048780487805,1060,302,0.8,2.0,10.0
0.0,False,0.75,454.45000000000005,0.4878048780487805,1060,302,0.8,2.0,10.0
0.0,True,0.25,140.89999999999998,0.5121951219512195,1113,302,0.8,2.0,10.0
0.0,True,0.5,247.00000000000003,0.5121951219512195,1113,302,0.8,2.0,10.0
0.0,True,0.75,424.00000000000006,0.5121951219512195,1113,302,0.8,2.0,10.0
0.03,False,0.25,122.8,0.2885106382978723,1356,302,0.8,2.0,10.0
0.03,False,0.5,232.85000000000002,0.2885106382978723,1356,302,0.8,2.0,10.0
0.03,False,0.75,395.35,0.2885106382978723,1356,302,0.8,2.0,10.0
0.03,True,0.25,138.325,0.7114893617021276,3344,302,0.8,2.0,10.0
0.03,True,0.5,253.8,0.7114893617021276,3344,302,0.8,2.0,10.0
0.03,True,0.75,414.15000000000003,0.7114893617021276,3344,302,0.8,2.0,10.0
0.06,False,0.25,113.25,0.14883376527212144,804,302,0.8,2.0,10.0
0.06,False,0.5,210.00000000000003,0.14883376527212144,804,302,0.8,2.0,10.0
0.06,False,0.75,375.65000000000003,0.14883376527212144,804,302,0.8,2.0,10.0
0.06,True,0.25,124.92499999999998,0.8511662347278786,4598,302,0.8,2.0,10.0
0.06,True,0.5,226.45000000000005,0.8511662347278786,4598,302,0.8,2.0,10.0
0.06,True,0.75,383.3,0.8511662347278786,4598,302,0.8,2.0,10.0
0.09,False,0.25,94.6,0.05944700460829493,387,302,0.8,2.0,10.0
0.09,False,0.5,169.49999999999997,0.05944700460829493,387,302,0.8,2.0,10.0
0.09,False,0.75,300.45000000000005,0.05944700460829493,387,302,0.8,2.0,10.0
0.09,True,0.25,110.64999999999999,0.9405529953917051,6123,302,0.8,2.0,10.0
0.09,True,0.5,191.89999999999998,0.9405529953917051,6123,302,0.8,2.0,10.0
0.09,True,0.75,321.5,0.9405529953917051,6123,302,0.8,2.0,10.0
0.12,False,0.25,80.45,0.028537977462315234,195,302,0.8,2.0,10.0
0.12,False,0.5,134.99999999999997,0.028537977462315234,195,302,0.8,2.0,10.0
0.12,False,0.75,225.15000000000006,0.028537977462315234,195,302,0.8,2.0,10.0
0.12,True,0.25,97.49999999999999,0.9714620225376848,6638,302,0.8,2.0,10.0
0.12,True,0.5,163.3,0.9714620225376848,6638,302,0.8,2.0,10.0
0.12,True,0.75,268.17500000000007,0.9714620225376848,6638,302,0.8,2.0,10.0
0.15,False,0.25,79.675,0.010361243349201904,74,302,0.8,2.0,10.0
0.15,False,0.5,131.89999999999998,0.010361243349201904,74,302,0.8,2.0,10.0
0.15,False,0.75,201.5,0.010361243349201904,74,302,0.8,2.0,10.0
0.15,True,0.25,83.99999999999999,0.9896387566507981,7068,302,0.8,2.0,10.0
0.15,True,0.5,136.4,0.9896387566507981,7068,302,0.8,2.0,10.0
0.15,True,0.75,221.30000000000004,0.9896387566507981,7068,302,0.8,2.0,10.0
0.0,False,0.25,140.22499999999997,0.489322191272052,1054,304,0.8,2.0,10.0
0.0,False,0.5,267.1,0.489322191272052,1054,304,0.8,2.0,10.0
0.0,False,0.75,437.1250000000001,0.489322191272052,1054,304,0.8,2.0,10.0
0.0,True,0.25,137.525,0.510677808727948,1100,304,0.8,2.0,10.0
0.0,True,0.5,255.25,0.510677808727948,1100,304,0.8,2.0,10.0
0.0,True,0.75,429.92500000000007,0.510677808727948,1100,304,0.8,2.0,10.0
0.03,False,0.25,130.92499999999998,0.29449423815621,1380,304,0.8,2.0,10.0
0.03,False,0.5,245.05000000000004,0.29449423815621,1380,304,0.8,2.0,10.0
0.03,False,0.75,408.25,0.29449423815621,1380,304,0.8,2.0,10.0
0.03,True,0.25,134.625,0.70550576184379,3306,304,0.8,2.0,10.0
0.03,True,0.5,239.55000000000004,0.70550576184379,3306,304,0.8,2.0,10.0
0.03,True,0.75,413.87500000000006,0.70550576184379,3306,304,0.8,2.0,10.0
0.06,False,0.25,116.52499999999999,0.14846511627906978,798,304,0.8,2.0,10.0
0.06,False,0.5,214.20000000000005,0.14846511627906978,798,304,0.8,2.0,10.0
0.06,False,0.75,375.75,0.14846511627906978,798,304,0.8,2.0,10.0
0.06,True,0.25,119.79999999999998,0.8515348837209302,4577,304,0.8,2.0,10.0
0.06,True,0.5,219.50000000000003,0.8515348837209302,4577,304,0.8,2.0,10.0
0.06,True,0.75,368.3,0.8515348837209302,4577,304,0.8,2.0,10.0
0.09,False,0.25,92.1,0.06396063960639606,416,304,0.8,2.0,10.0
0.09,False,0.5,171.0,0.06396063960639606,416,304,0.8,2.0,10.0
0.09,False,0.75,305.82500000000005,0.06396063960639606,416,304,0.8,2.0,10.0
0.09,True,0.25,111.39999999999999,0.9360393603936039,6088,304,0.8,2.0,10.0
0.09,True,0.5,197.49999999999997,0.9360393603936039,6088,304,0.8,2.0,10.0
0.09,True,0.75,327.05000000000007,0.9360393603936039,6088,304,0.8,2.0,10.0
0.12,False,0.25,82.34999999999998,0.030174307895122307,206,304,0.8,2.0,10.0
0.12,False,0.5,136.64999999999998,0.030174307895122307,206,304,0.8,2.0,10.0
0.12,False,0.75,231.20000000000005,0.030174307895122307,206,304,0.8,2.0,10.0
0.12,True,0.25,98.19999999999999,0.9698256921048777,6621,304,0.8,2.0,10.0
0.12,True,0.5,165.29999999999998,0.9698256921048777,6621,304,0.8,2.0,10.0
0.12,True,0.75,274.6000000000001,0.9698256921048777,6621,304,0.8,2.0,10.0
0.15,False,0.25,59.599999999999994,0.012178051511758119,87,304,0.8,2.0,10.0
0.15,False,0.5,102.69999999999999,0.012178051511758119,87,304,0.8,2.0,10.0
0.15,False,0.75,193.65,0.012178051511758119,87,304,0.8,2.0,10.0
0.15,True,0.25,84.9,0.9878219484882419,7057,304,0.8,2.0,10.0
0.15,True,0.5,135.99999999999997,0.9878219484882419,7057,304,0.8,2.0,10.0
0.15,True,0.75,218.50000000000006,0.9878219484882419,7057,304,0.8,2.0,10.0
0.0,False,0.25,138.4,0.47828074988568814,1046,307,0.8,2.0,10.0
0.0,False,0.5,252.05000000000007,0.47828074988568814,1046,307,0.8,2.0,10.0
0.0,False,0.75,394.525,0.47828074988568814,1046,307,0.8,2.0,10.0
0.0,True,0.25,142.09999999999997,0.5217192501143119,1141,307,0.8,2.0,10.0
0.0,True,0.5,258.1000000000001,0.5217192501143119,1141,307,0.8,2.0,10.0
0.0,True,0.75,424.5,0.5217192501143119,1141,307,0.8,2.0,10.0
0.03,False,0.25,131.45,0.3086497890295359,1463,307,0.8,2.0,10.0
0.03,False,0.5,239.90000000000006,0.3086497890295359,1463,307,0.8,2.0,10.0
0.03,False,0.75,400.85,0.3086497890295359,1463,307,0.8,2.0,10.0
0.03,True,0.25,137.9,0.6913502109704641,3277,307,0.8,2.0,10.0
0.03,True,0.5,256.3,0.6913502109704641,3277,307,0.8,2.0,10.0
0.03,True,0.75,420.5,0.6913502109704641,3277,307,0.8,2.0,10.0
0.06,False,0.25,111.32499999999999,0.14816183262516164,802,307,0.8,2.0,10.0
0.06,False,0.5,212.65000000000003,0.14816183262516164,802,307,0.8,2.0,10.0
0.06,False,0.75,367.62500000000006,0.14816183262516164,802,307,0.8,2.0,10.0
0.06,True,0.25,123.60000000000001,0.8518381673748383,4611,307,0.8,2.0,10.0
0.06,True,0.5,221.70000000000007,0.8518381673748383,4611,307,0.8,2.0,10.0
0.06,True,0.75,376.20000000000005,0.8518381673748383,4611,307,0.8,2.0,10.0
0.09,False,0.25,94.59999999999998,0.06847426470588236,447,307,0.8,2.0,10.0
0.09,False,0.5,166.8,0.06847426470588236,447,307,0.8,2.0,10.0
0.09,False,0.75,283.1,0.06847426470588236,447,307,0.8,2.0,10.0
0.09,True,0.25,110.19999999999999,0.9315257352941176,6081,307,0.8,2.0,10.0
0.09,True,0.5,191.49999999999997,0.9315257352941176,6081,307,0.8,2.0,10.0
0.09,True,0.75,320.20000000000005,0.9315257352941176,6081,307,0.8,2.0,10.0
0.12,False,0.25,89.92500000000001,0.033591353877610634,230,307,0.8,2.0,10.0
0.12,False,0.5,135.75,0.033591353877610634,230,307,0.8,2.0,10.0
0.12,False,0.75,241.32500000000005,0.033591353877610634,230,307,0.8,2.0,10.0
0.12,True,0.25,98.29999999999998,0.9664086461223894,6617,307,0.8,2.0,10.0
0.12,True,0.5,161.2,0.9664086461223894,6617,307,0.8,2.0,10.0
0.12,True,0.75,270.40000000000003,0.9664086461223894,6617,307,0.8,2.0,10.0
0.15,False,0.25,80.65,0.01316895488932474,94,307,0.8,2.0,10.0
0.15,False,0.5,123.54999999999998,0.01316895488932474,94,307,0.8,2.0,10.0
0.15,False,0.75,212.17500000000007,0.01316895488932474,94,307,0.8,2.0,10.0
0.15,True,0.25,86.35,0.9868310451106752,7044,307,0.8,2.0,10.0
0.15,True,0.5,137.99999999999997,0.9868310451106752,7044,307,0.8,2.0,10.0
0.15,True,0.75,223.02500000000003,0.9868310451106752,7044,307,0.8,2.0,10.0
0.0,False,0.25,131.54999999999998,0.5055350553505535,1096,308,0.8,2.0,10.0
0.0,False,0.5,254.15000000000003,0.5055350553505535,1096,308,0.8,2.0,10.0
0.0,False,0.75,431.275,0.5055350553505535,1096,308,0.8,2.0,10.0
0.0,True,0.25,144.45,0.4944649446494465,1072,308,0.8,2.0,10.0
0.0,True,0.5,258.55000000000007,0.4944649446494465,1072,308,0.8,2.0,10.0
0.0,True,0.75,445.975,0.4944649446494465,1072,308,0.8,2.0,10.0
0.03,False,0.25,129.275,0.29799914857386123,1400,308,0.8,2.0,10.0
0.03,False,0.5,228.25000000000006,0.29799914857386123,1400,308,0.8,2.0,10.0
0.03,False,0.75,407.37500000000006,0.29799914857386123,1400,308,0.8,2.0,10.0
0.03,True,0.25,128.225,0.7020008514261388,3298,308,0.8,2.0,10.0
0.03,True,0.5,241.80000000000004,0.7020008514261388,3298,308,0.8,2.0,10.0
0.03,True,0.75,409.25,0.7020008514261388,3298,308,0.8,2.0,10.0
0.06,False,0.25,108.6,0.1463906192744595,799,308,0.8,2.0,10.0
0.06,False,0.5,208.10000000000002,0.1463906192744595,799,308,0.8,2.0,10.0
0.06,False,0.75,364.30000000000007,0.1463906192744595,799,308,0.8,2.0,10.0
0.06,True,0.25,120.14999999999999,0.8536093807255405,4659,308,0.8,2.0,10.0
0.06,True,0.5,221.20000000000002,0.8536093807255405,4659,308,0.8,2.0,10.0
0.06,True,0.75,379.95000000000005,0.8536093807255405,4659,308,0.8,2.0,10.0
0.09,False,0.25,97.6,0.07365657813465101,477,308,0.8,2.0,10.0
0.09,False,0.5,173.29999999999998,0.07365657813465101,477,308,0.8,2.0,10.0
0.09,False,0.75,313.8,0.07365657813465101,477,308,0.8,2.0,10.0
0.09,True,0.25,107.64999999999999,0.926343421865349,5999,308,0.8,2.0,10.0
0.09,True,0.5,191.3,0.926343421865349,5999,308,0.8,2.0,10.0
0.09,True,0.75,328.05000000000007,0.926343421865349,5999,308,0.8,2.0,10.0
0.12,False,0.25,80.49999999999999,0.03172050869755884,217,308,0.8,2.0,10.0
0.12,False,0.5,141.0,0.03172050869755884,217,308,0.8,2.0,10.0
0.12,False,0.75,277.0,0.03172050869755884,217,308,0.8,2.0,10.0
0.12,True,0.25,95.29999999999998,0.9682794913024412,6624,308,0.8,2.0,10.0
0.12,True,0.5,157.89999999999998,0.9682794913024412,6624,308,0.8,2.0,10.0
0.12,True,0.75,262.05000000000007,0.9682794913024412,6624,308,0.8,2.0,10.0
0.15,False,0.25,67.39999999999999,0.01357402742793171,97,308,0.8,2.0,10.0
0.15,False,0.5,101.89999999999999,0.01357402742793171,97,308,0.8,2.0,10.0
0.15,False,0.75,184.70000000000002,0.01357402742793171,97,308,0.8,2.0,10.0
0.15,True,0.25,85.49999999999999,0.9864259725720683,7049,308,0.8,2.0,10.0
0.15,True,0.5,136.2,0.9864259725720683,7049,308,0.8,2.0,10.0
0.15,True,0.75,218.50000000000006,0.9864259725720683,7049,308,0.8,2.0,10.0
0.0,False,0.25,126.675,0.5137867647058824,1118,312,0.8,2.0,10.0
0.0,False,0.5,247.3,0.5137867647058824,1118,312,0.8,2.0,10.0
0.0,False,0.75,417.20000000000005,0.5137867647058824,1118,312,0.8,2.0,10.0
0.0,True,0.25,141.225,0.48621323529411764,1058,312,0.8,2.0,10.0
0.0,True,0.5,271.65000000000003,0.48621323529411764,1058,312,0.8,2.0,10.0
0.0,True,0.75,442.72499999999997,0.48621323529411764,1058,312,0.8,2.0,10.0
0.03,False,0.25,129.95,0.2780153977758768,1300,312,0.8,2.0,10.0
0.03,False,0.5,241.70000000000002,0.2780153977758768,1300,312,0.8,2.0,10.0
0.03,False,0.75,409.77500000000003,0.2780153977758768,1300,312,0.8,2.0,10.0
0.03,True,0.25,136.15,0.7219846022241232,3376,312,0.8,2.0,10.0
0.03,True,0.5,247.40000000000003,0.7219846022241232,3376,312,0.8,2.0,10.0
0.03,True,0.75,406.97499999999997,0.7219846022241232,3376,312,0.8,2.0,10.0
0.06,False,0.25,114.97499999999998,0.14633254069873788,800,312,0.8,2.0,10.0
0.06,False,0.5,209.70000000000005,0.14633254069873788,800,312,0.8,2.0,10.0
0.06,False,0.75,390.30000000000007,0.14633254069873788,800,312,0.8,2.0,10.0
0.06,True,0.25,122.49999999999999,0.8536674593012621,4667,312,0.8,2.0,10.0
0.06,True,0.5,219.90000000000003,0.8536674593012621,4667,312,0.8,2.0,10.0
0.06,True,0.75,375.65,0.8536674593012621,4667,312,0.8,2.0,10.0
0.09,False,0.25,111.89999999999999,0.07082371054657428,460,312,0.8,2.0,10.0
0.09,False,0.5,190.9,0.07082371054657428,460,312,0.8,2.0,10.0
0.09,False,0.75,335.3,0.07082371054657428,460,312,0.8,2.0,10.0
0.09,True,0.25,110.35,0.9291762894534257,6035,312,0.8,2.0,10.0
0.09,True,0.5,191.20000000000002,0.9291762894534257,6035,312,0.8,2.0,10.0
0.09,True,0.75,326.90000000000003,0.9291762894534257,6035,312,0.8,2.0,10.0
0.12,False,0.25,83.7,0.032986365635537314,225,312,0.8,2.0,10.0
0.12,False,0.5,134.5,0.032986365635537314,225,312,0.8,2.0,10.0
0.12,False,0.75,212.50000000000006,0.032986365635537314,225,312,0.8,2.0,10.0
0.12,True,0.25,96.69999999999997,0.9670136343644626,6596,312,0.8,2.0,10.0
0.12,True,0.5,161.45,0.9670136343644626,6596,312,0.8,2.0,10.0
0.12,True,0.75,265.125,0.9670136343644626,6596,312,0.8,2.0,10.0
0.15,False,0.25,77.00000000000001,0.013731259632898977,98,312,0.8,2.0,10.0
0.15,False,0.5,118.49999999999999,0.013731259632898977,98,312,0.8,2.0,10.0
0.15,False,0.75,192.925,0.013731259632898977,98,312,0.8,2.0,10.0
0.15,True,0.25,84.1,0.986268740367101,7039,312,0.8,2.0,10.0
0.15,True,0.5,135.79999999999998,0.986268740367101,7039,312,0.8,2.0,10.0
0.15,True,0.75,219.80000000000004,0.986268740367101,7039,312,0.8,2.0,10.0
0.0,False,0.25,134.9,0.49074930619796486,1061,316,0.8,2.0,10.0
0.0,False,0.5,256.1,0.49074930619796486,1061,316,0.8,2.0,10.0
0.0,False,0.75,429.2000000000001,0.49074930619796486,1061,316,0.8,2.0,10.0
0.0,True,0.25,139.09999999999997,0.5092506938020351,1101,316,0.8,2.0,10.0
0.0,True,0.5,246.30000000000004,0.5092506938020351,1101,316,0.8,2.0,10.0
0.0,True,0.75,414.1,0.5092506938020351,1101,316,0.8,2.0,10.0
0.03,False,0.25,132.2,0.2960905789361248,1386,316,0.8,2.0,10.0
0.03,False,0.5,238.70000000000005,0.2960905789361248,1386,316,0.8,2.0,10.0
0.03,False,0.75,398.70000000000005,0.2960905789361248,1386,316,0.8,2.0,10.0
0.03,True,0.25,139.79999999999998,0.7039094210638752,3295,316,0.8,2.0,10.0
0.03,True,0.5,247.70000000000005,0.7039094210638752,3295,316,0.8,2.0,10.0
0.03,True,0.75,411.30000000000007,0.7039094210638752,3295,316,0.8,2.0,10.0
0.06,False,0.25,115.6,0.14480975249353528,784,316,0.8,2.0,10.0
0.06,False,0.5,211.90000000000003,0.14480975249353528,784,316,0.8,2.0,10.0
0.06,False,0.75,369.75,0.14480975249353528,784,316,0.8,2.0,10.0
0.06,True,0.25,124.125,0.8551902475064648,4630,316,0.8,2.0,10.0
0.06,True,0.5,221.15000000000003,0.8551902475064648,4630,316,0.8,2.0,10.0
0.06,True,0.75,380.175,0.8551902475064648,4630,316,0.8,2.0,10.0
0.09,False,0.25,101.19999999999999,0.06622618315918868,431,316,0.8,2.0,10.0
0.09,False,0.5,194.6,0.06622618315918868,431,316,0.8,2.0,10.0
0.09,False,0.75,316.45000000000005,0.06622618315918868,431,316,0.8,2.0,10.0
0.09,True,0.25,111.6,0.9337738168408113,6077,316,0.8,2.0,10.0
0.09,True,0.5,191.3,0.9337738168408113,6077,316,0.8,2.0,10.0
0.09,True,0.75,320.70000000000005,0.9337738168408113,6077,316,0.8,2.0,10.0
0.12,False,0.25,78.39999999999999,0.029420374707259955,201,316,0.8,2.0,10.0
0.12,False,0.5,123.2,0.029420374707259955,201,316,0.8,2.0,10.0
0.12,False,0.75,219.50000000000003,0.029420374707259955,201,316,0.8,2.0,10.0
0.12,True,0.25,99.0,0.97057962529274,6631,316,0.8,2.0,10.0
0.12,True,0.5,165.7,0.97057962529274,6631,316,0.8,2.0,10.0
0.12,True,0.75,268.0,0.97057962529274,6631,316,0.8,2.0,10.0
0.15,False,0.25,64.39999999999999,0.013733183856502242,98,316,0.8,2.0,10.0
0.15,False,0.5,103.1,0.013733183856502242,98,316,0.8,2.0,10.0
0.15,False,0.75,176.74999999999997,0.013733183856502242,98,316,0.8,2.0,10.0
0.15,True,0.25,84.1,0.9862668161434978,7038,316,0.8,2.0,10.0
0.15,True,0.5,134.3,0.9862668161434978,7038,316,0.8,2.0,10.0
0.15,True,0.75,214.70000000000002,0.9862668161434978,7038,316,0.8,2.0,10.0
0.0,False,0.25,138.575,0.48842487517022243,1076,330,0.8,2.0,10.0
0.0,False,0.5,248.40000000000006,0.48842487517022243,1076,330,0.8,2.0,10.0
0.0,False,0.75,423.37500000000006,0.48842487517022243,1076,330,0.8,2.0,10.0
0.0,True,0.25,135.7,0.5115751248297776,1127,330,0.8,2.0,10.0
0.0,True,0.5,257.40000000000003,0.5115751248297776,1127,330,0.8,2.0,10.0
0.0,True,0.75,414.85,0.5115751248297776,1127,330,0.8,2.0,10.0
0.03,False,0.25,129.89999999999998,0.2905982905982906,1360,330,0.8,2.0,10.0
0.03,False,0.5,242.00000000000006,0.2905982905982906,1360,330,0.8,2.0,10.0
0.03,False,0.75,414.92500000000007,0.2905982905982906,1360,330,0.8,2.0,10.0
0.03,True,0.25,130.1,0.7094017094017094,3320,330,0.8,2.0,10.0
0.03,True,0.5,240.90000000000003,0.7094017094017094,3320,330,0.8,2.0,10.0
0.03,True,0.75,402.25,0.7094017094017094,3320,330,0.8,2.0,10.0
0.06,False,0.25,117.29999999999998,0.14411602717091979,785,330,0.8,2.0,10.0
0.06,False,0.5,220.4,0.14411602717091979,785,330,0.8,2.0,10.0
0.06,False,0.75,372.29999999999995,0.14411602717091979,785,330,0.8,2.0,10.0
0.06,True,0.25,124.2,0.8558839728290802,4662,330,0.8,2.0,10.0
0.06,True,0.5,223.20000000000005,0.8558839728290802,4662,330,0.8,2.0,10.0
0.06,True,0.75,378.975,0.8558839728290802,4662,330,0.8,2.0,10.0
0.09,False,0.25,101.05,0.0680837954405422,442,330,0.8,2.0,10.0
0.09,False,0.5,168.84999999999997,0.0680837954405422,442,330,0.8,2.0,10.0
0.09,False,0.75,289.27500000000003,0.0680837954405422,442,330,0.8,2.0,10.0
0.09,True,0.25,112.32499999999999,0.9319162045594578,6050,330,0.8,2.0,10.0
0.09,True,0.5,198.1,0.9319162045594578,6050,330,0.8,2.0,10.0
0.09,True,0.75,322.6000000000001,0.9319162045594578,6050,330,0.8,2.0,10.0
0.12,False,0.25,91.44999999999999,0.03499780348513692,239,330,0.8,2.0,10.0
0.12,False,0.5,156.70000000000002,0.03499780348513692,239,330,0.8,2.0,10.0
0.12,False,0.75,315.3,0.03499780348513692,239,330,0.8,2.0,10.0
0.12,True,0.25,97.52499999999999,0.9650021965148631,6590,330,0.8,2.0,10.0
0.12,True,0.5,162.6,0.9650021965148631,6590,330,0.8,2.0,10.0
0.12,True,0.75,268.77500000000003,0.9650021965148631,6590,330,0.8,2.0,10.0
0.15,False,0.25,68.55,0.012612107623318386,90,330,0.8,2.0,10.0
0.15,False,0.5,107.44999999999999,0.012612107623318386,90,330,0.8,2.0,10.0
0.15,False,0.75,220.45000000000005,0.012612107623318386,90,330,0.8,2.0,10.0
0.15,True,0.25,85.39999999999999,0.9873878923766816,7046,330,0.8,2.0,10.0
0.15,True,0.5,136.4,0.9873878923766816,7046,330,0.8,2.0,10.0
0.15,True,0.75,219.07500000000002,0.9873878923766816,7046,330,0.8,2.0,10.0
0.0,False,0.25,133.2,0.4909763998149005,1061,335,0.8,2.0,10.0
0.0,False,0.5,248.30000000000004,0.4909763998149005,1061,335,0.8,2.0,10.0
0.0,False,0.75,422.4,0.4909763998149005,1061,335,0.8,2.0,10.0
0.0,True,0.25,136.89999999999998,0.5090236001850995,1100,335,0.8,2.0,10.0
0.0,True,0.5,254.45000000000005,0.5090236001850995,1100,335,0.8,2.0,10.0
0.0,True,0.75,435.67500000000007,0.5090236001850995,1100,335,0.8,2.0,10.0
0.03,False,0.25,131.84999999999997,0.29142612785973915,1363,335,0.8,2.0,10.0
0.03,False,0.5,234.70000000000005,0.29142612785973915,1363,335,0.8,2.0,10.0
0.03,False,0.75,404.35,0.29142612785973915,1363,335,0.8,2.0,10.0
0.03,True,0.25,138.99999999999997,0.7085738721402608,3314,335,0.8,2.0,10.0
0.03,True,0.5,252.60000000000005,0.7085738721402608,3314,335,0.8,2.0,10.0
0.03,True,0.75,419.52500000000003,0.7085738721402608,3314,335,0.8,2.0,10.0
0.06,False,0.25,124.5,0.1428834808259587,775,335,0.8,2.0,10.0
0.06,False,0.5,229.20000000000002,0.1428834808259587,775,335,0.8,2.0,10.0
0.06,False,0.75,384.6,0.1428834808259587,775,335,0.8,2.0,10.0
0.06,True,0.25,122.39999999999999,0.8571165191740413,4649,335,0.8,2.0,10.0
0.06,True,0.5,220.70000000000005,0.8571165191740413,4649,335,0.8,2.0,10.0
0.06,True,0.75,373.09999999999997,0.8571165191740413,4649,335,0.8,2.0,10.0
0.09,False,0.25,111.74999999999999,0.06276021588280647,407,335,0.8,2.0,10.0
0.09,False,0.5,187.60000000000002,0.06276021588280647,407,335,0.8,2.0,10.0
0.09,False,0.75,327.4000000000001,0.06276021588280647,407,335,0.8,2.0,10.0
0.09,True,0.25,112.02499999999999,0.9372397841171936,6078,335,0.8,2.0,10.0
0.09,True,0.5,192.35,0.9372397841171936,6078,335,0.8,2.0,10.0
0.09,True,0.75,321.07500000000005,0.9372397841171936,6078,335,0.8,2.0,10.0
0.12,False,0.25,84.59999999999998,0.024693161893629457,169,335,0.8,2.0,10.0
0.12,False,0.5,146.5,0.024693161893629457,169,335,0.8,2.0,10.0
0.12,False,0.75,235.90000000000006,0.024693161893629457,169,335,0.8,2.0,10.0
0.12,True,0.25,98.1,0.9753068381063705,6675,335,0.8,2.0,10.0
0.12,True,0.5,161.99999999999997,0.9753068381063705,6675,335,0.8,2.0,10.0
0.12,True,0.75,265.8,0.9753068381063705,6675,335,0.8,2.0,10.0
0.15,False,0.25,64.525,0.012605042016806723,90,335,0.8,2.0,10.0
0.15,False,0.5,106.75,0.012605042016806723,90,335,0.8,2.0,10.0
0.15,False,0.75,172.15,0.012605042016806723,90,335,0.8,2.0,10.0
0.15,True,0.25,84.59999999999998,0.9873949579831933,7050,335,0.8,2.0,10.0
0.15,True,0.5,136.4,0.9873949579831933,7050,335,0.8,2.0,10.0
0.15,True,0.75,217.80000000000004,0.9873949579831933,7050,335,0.8,2.0,10.0
0.0,False,0.25,134.4,0.48219306466729145,1029,345,0.8,2.0,10.0
0.0,False,0.5,243.3,0.48219306466729145,1029,345,0.8,2.0,10.0
0.0,False,0.75,423.90000000000003,0.48219306466729145,1029,345,0.8,2.0,10.0
0.0,True,0.25,139.2,0.5178069353327085,1105,345,0.8,2.0,10.0
0.0,True,0.5,268.40000000000003,0.5178069353327085,1105,345,0.8,2.0,10.0
0.0,True,0.75,439.80000000000007,0.5178069353327085,1105,345,0.8,2.0,10.0
0.03,False,0.25,131.5,0.28956872742723605,1363,345,0.8,2.0,10.0
0.03,False,0.5,238.70000000000005,0.28956872742723605,1363,345,0.8,2.0,10.0
0.03,False,0.75,405.40000000000003,0.28956872742723605,1363,345,0.8,2.0,10.0
0.03,True,0.25,138.475,0.710431272572764,3344,345,0.8,2.0,10.0
0.03,True,0.5,252.85000000000002,0.710431272572764,3344,345,0.8,2.0,10.0
0.03,True,0.75,420.55,0.710431272572764,3344,345,0.8,2.0,10.0
0.06,False,0.25,106.6,0.1420896628380882,767,345,0.8,2.0,10.0
0.06,False,0.5,199.70000000000002,0.1420896628380882,767,345,0.8,2.0,10.0
0.06,False,0.75,374.1,0.1420896628380882,767,345,0.8,2.0,10.0
0.06,True,0.25,124.85,0.8579103371619118,4631,345,0.8,2.0,10.0
0.06,True,0.5,220.4,0.8579103371619118,4631,345,0.8,2.0,10.0
0.06,True,0.75,371.5,0.8579103371619118,4631,345,0.8,2.0,10.0
0.09,False,0.25,97.1,0.060424354243542436,393,345,0.8,2.0,10.0
0.09,False,0.5,166.99999999999997,0.060424354243542436,393,345,0.8,2.0,10.0
0.09,False,0.75,299.20000000000005,0.060424354243542436,393,345,0.8,2.0,10.0
0.09,True,0.25,111.05,0.9395756457564576,6111,345,0.8,2.0,10.0
0.09,True,0.5,192.1,0.9395756457564576,6111,345,0.8,2.0,10.0
0.09,True,0.75,326.85,0.9395756457564576,6111,345,0.8,2.0,10.0
0.12,False,0.25,81.625,0.028383321141185077,194,345,0.8,2.0,10.0
0.12,False,0.5,128.6,0.028383321141185077,194,345,0.8,2.0,10.0
0.12,False,0.75,234.85000000000005,0.028383321141185077,194,345,0.8,2.0,10.0
0.12,True,0.25,95.19999999999999,0.971616678858815,6641,345,0.8,2.0,10.0
0.12,True,0.5,161.70000000000002,0.971616678858815,6641,345,0.8,2.0,10.0
0.12,True,0.75,266.6000000000001,0.971616678858815,6641,345,0.8,2.0,10.0
0.15,False,0.25,68.39999999999998,0.012879742405151898,92,345,0.8,2.0,10.0
0.15,False,0.5,104.55000000000001,0.012879742405151898,92,345,0.8,2.0,10.0
0.15,False,0.75,185.02500000000003,0.012879742405151898,92,345,0.8,2.0,10.0
0.15,True,0.25,84.9,0.9871202575948481,7051,345,0.8,2.0,10.0
0.15,True,0.5,136.99999999999997,0.9871202575948481,7051,345,0.8,2.0,10.0
0.15,True,0.75,221.15000000000003,0.9871202575948481,7051,345,0.8,2.0,10.0
0.0,False,0.25,130.95,0.49954044117647056,1087,356,0.8,2.0,10.0
0.0,False,0.5,243.90000000000006,0.49954044117647056,1087,356,0.8,2.0,10.0
0.0,False,0.75,417.1,0.49954044117647056,1087,356,0.8,2.0,10.0
0.0,True,0.25,136.1,0.5004595588235294,1089,356,0.8,2.0,10.0
0.0,True,0.5,258.6000000000001,0.5004595588235294,1089,356,0.8,2.0,10.0
0.0,True,0.75,423.4,0.5004595588235294,1089,356,0.8,2.0,10.0
0.03,False,0.25,130.39999999999998,0.30076142131979694,1422,356,0.8,2.0,10.0
0.03,False,0.5,243.15000000000003,0.30076142131979694,1422,356,0.8,2.0,10.0
0.03,False,0.75,408.35,0.30076142131979694,1422,356,0.8,2.0,10.0
0.03,True,0.25,133.7,0.699238578680203,3306,356,0.8,2.0,10.0
0.03,True,0.5,245.55000000000007,0.699238578680203,3306,356,0.8,2.0,10.0
0.03,True,0.75,408.55,0.699238578680203,3306,356,0.8,2.0,10.0
0.06,False,0.25,122.14999999999999,0.13984604105571846,763,356,0.8,2.0,10.0
0.06,False,0.5,213.60000000000008,0.13984604105571846,763,356,0.8,2.0,10.0
0.06,False,0.75,389.95000000000005,0.13984604105571846,763,356,0.8,2.0,10.0
0.06,True,0.25,123.39999999999999,0.8601539589442815,4693,356,0.8,2.0,10.0
0.06,True,0.5,221.70000000000007,0.8601539589442815,4693,356,0.8,2.0,10.0
0.06,True,0.75,374.1,0.8601539589442815,4693,356,0.8,2.0,10.0
0.09,False,0.25,96.375,0.0639803137496155,416,356,0.8,2.0,10.0
0.09,False,0.5,171.89999999999998,0.0639803137496155,416,356,0.8,2.0,10.0
0.09,False,0.75,316.15000000000003,0.0639803137496155,416,356,0.8,2.0,10.0
0.09,True,0.25,109.79999999999998,0.9360196862503845,6086,356,0.8,2.0,10.0
0.09,True,0.5,191.9,0.9360196862503845,6086,356,0.8,2.0,10.0
0.09,True,0.75,325.875,0.9360196862503845,6086,356,0.8,2.0,10.0
0.12,False,0.25,87.64999999999999,0.027549824150058615,188,356,0.8,2.0,10.0
0.12,False,0.5,135.14999999999998,0.027549824150058615,188,356,0.8,2.0,10.0
0.12,False,0.75,217.85000000000002,0.027549824150058615,188,356,0.8,2.0,10.0
0.12,True,0.25,95.4,0.9724501758499414,6636,356,0.8,2.0,10.0
0.12,True,0.5,160.1,0.9724501758499414,6636,356,0.8,2.0,10.0
0.12,True,0.75,262.50000000000006,0.9724501758499414,6636,356,0.8,2.0,10.0
0.15,False,0.25,74.25,0.014005602240896359,100,356,0.8,2.0,10.0
0.15,False,0.5,112.5,0.014005602240896359,100,356,0.8,2.0,10.0
0.15,False,0.75,180.325,0.014005602240896359,100,356,0.8,2.0,10.0
0.15,True,0.25,83.7,0.9859943977591037,7040,356,0.8,2.0,10.0
0.15,True,0.5,133.2,0.9859943977591037,7040,356,0.8,2.0,10.0
0.15,True,0.75,210.8,0.9859943977591037,7040,356,0.8,2.0,10.0
0.0,False,0.25,140.2,0.48213457076566124,1039,358,0.8,2.0,10.0
0.0,False,0.5,261.8,0.48213457076566124,1039,358,0.8,2.0,10.0
0.0,False,0.75,429.1,0.48213457076566124,1039,358,0.8,2.0,10.0
0.0,True,0.25,130.64999999999998,0.5178654292343388,1116,358,0.8,2.0,10.0
0.0,True,0.5,245.75,0.5178654292343388,1116,358,0.8,2.0,10.0
0.0,True,0.75,414.7750000000001,0.5178654292343388,1116,358,0.8,2.0,10.0
0.03,False,0.25,133.875,0.28731423648503124,1334,358,0.8,2.0,10.0
0.03,False,0.5,243.95000000000005,0.28731423648503124,1334,358,0.8,2.0,10.0
0.03,False,0.75,401.07500000000005,0.28731423648503124,1334,358,0.8,2.0,10.0
0.03,True,0.25,133.2,0.7126857635149688,3309,358,0.8,2.0,10.0
0.03,True,0.5,241.8,0.7126857635149688,3309,358,0.8,2.0,10.0
0.03,True,0.75,399.5,0.7126857635149688,3309,358,0.8,2.0,10.0
0.06,False,0.25,114.89999999999998,0.15143171806167402,825,358,0.8,2.0,10.0
0.06,False,0.5,199.20000000000002,0.15143171806167402,825,358,0.8,2.0,10.0
0.06,False,0.75,344.70000000000005,0.15143171806167402,825,358,0.8,2.0,10.0
0.06,True,0.25,124.1,0.848568281938326,4623,358,0.8,2.0,10.0
0.06,True,0.5,221.50000000000003,0.848568281938326,4623,358,0.8,2.0,10.0
0.06,True,0.75,368.9000000000001,0.848568281938326,4623,358,0.8,2.0,10.0
0.09,False,0.25,95.39999999999998,0.06925675675675676,451,358,0.8,2.0,10.0
0.09,False,0.5,177.00000000000003,0.06925675675675676,451,358,0.8,2.0,10.0
0.09,False,0.75,315.15000000000003,0.06925675675675676,451,358,0.8,2.0,10.0
0.09,True,0.25,112.19999999999999,0.9307432432432432,6061,358,0.8,2.0,10.0
0.09,True,0.5,193.39999999999998,0.9307432432432432,6061,358,0.8,2.0,10.0
0.09,True,0.75,330.1000000000001,0.9307432432432432,6061,358,0.8,2.0,10.0
0.12,False,0.25,93.95,0.030948905109489052,212,358,0.8,2.0,10.0
0.12,False,0.5,169.34999999999997,0.030948905109489052,212,358,0.8,2.0,10.0
0.12,False,0.75,260.42500000000007,0.030948905109489052,212,358,0.8,2.0,10.0
0.12,True,0.25,98.49999999999999,0.969051094890511,6638,358,0.8,2.0,10.0
0.12,True,0.5,161.85,0.969051094890511,6638,358,0.8,2.0,10.0
0.12,True,0.75,266.07500000000005,0.969051094890511,6638,358,0.8,2.0,10.0
0.15,False,0.25,65.9,0.015841861769241555,113,358,0.8,2.0,10.0
0.15,False,0.5,110.19999999999999,0.015841861769241555,113,358,0.8,2.0,10.0
0.15,False,0.75,191.39999999999998,0.015841861769241555,113,358,0.8,2.0,10.0
0.15,True,0.25,86.7,0.9841581382307585,7020,358,0.8,2.0,10.0
0.15,True,0.5,136.3,0.9841581382307585,7020,358,0.8,2.0,10.0
0.15,True,0.75,220.50000000000006,0.9841581382307585,7020,358,0.8,2.0,10.0
0.0,False,0.25,128.6,0.5071925754060325,1093,362,0.8,2.0,10.0
0.0,False,0.5,243.4,0.5071925754060325,1093,362,0.8,2.0,10.0
0.0,False,0.75,419.70000000000005,0.5071925754060325,1093,362,0.8,2.0,10.0
0.0,True,0.25,137.15,0.49280742459396754,1062,362,0.8,2.0,10.0
0.0,True,0.5,257.45000000000005,0.49280742459396754,1062,362,0.8,2.0,10.0
0.0,True,0.75,441.07500000000005,0.49280742459396754,1062,362,0.8,2.0,10.0
0.03,False,0.25,131.5,0.2906951871657754,1359,362,0.8,2.0,10.0
0.03,False,0.5,238.40000000000003,0.2906951871657754,1359,362,0.8,2.0,10.0
0.03,False,0.75,407.6,0.2906951871657754,1359,362,0.8,2.0,10.0
0.03,True,0.25,135.375,0.7093048128342246,3316,362,0.8,2.0,10.0
0.03,True,0.5,249.00000000000006,0.7093048128342246,3316,362,0.8,2.0,10.0
0.03,True,0.75,423.30000000000007,0.7093048128342246,3316,362,0.8,2.0,10.0
0.06,False,0.25,116.67499999999998,0.15122312824314307,816,362,0.8,2.0,10.0
0.06,False,0.5,217.05000000000004,0.15122312824314307,816,362,0.8,2.0,10.0
0.06,False,0.75,374.175,0.15122312824314307,816,362,0.8,2.0,10.0
0.06,True,0.25,124.475,0.8487768717568569,4580,362,0.8,2.0,10.0
0.06,True,0.5,227.15000000000003,0.8487768717568569,4580,362,0.8,2.0,10.0
0.06,True,0.75,376.825,0.8487768717568569,4580,362,0.8,2.0,10.0
0.09,False,0.25,97.1,0.06493705864292293,423,362,0.8,2.0,10.0
0.09,False,0.5,164.8,0.06493705864292293,423,362,0.8,2.0,10.0
0.09,False,0.75,316.95000000000005,0.06493705864292293,423,362,0.8,2.0,10.0
0.09,True,0.25,111.10000000000001,0.935062941357077,6091,362,0.8,2.0,10.0
0.09,True,0.5,193.0,0.935062941357077,6091,362,0.8,2.0,10.0
0.09,True,0.75,321.55,0.935062941357077,6091,362,0.8,2.0,10.0
0.12,False,0.25,78.175,0.03182481751824817,218,362,0.8,2.0,10.0
0.12,False,0.5,140.79999999999995,0.03182481751824817,218,362,0.8,2.0,10.0
0.12,False,0.75,232.72500000000005,0.03182481751824817,218,362,0.8,2.0,10.0
0.12,True,0.25,96.875,0.9681751824817518,6632,362,0.8,2.0,10.0
0.12,True,0.5,162.14999999999998,0.9681751824817518,6632,362,0.8,2.0,10.0
0.12,True,0.75,270.07500000000005,0.9681751824817518,6632,362,0.8,2.0,10.0
0.15,False,0.25,65.55,0.015151515151515152,108,362,0.8,2.0,10.0
0.15,False,0.5,115.54999999999998,0.015151515151515152,108,362,0.8,2.0,10.0
0.15,False,0.75,190.975,0.015151515151515152,108,362,0.8,2.0,10.0
0.15,True,0.25,84.49999999999999,0.9848484848484849,7020,362,0.8,2.0,10.0
0.15,True,0.5,136.5,0.9848484848484849,7020,362,0.8,2.0,10.0
0.15,True,0.75,218.02500000000003,0.9848484848484849,7020,362,0.8,2.0,10.0
0.0,False,0.25,137.825,0.507893549842129,1126,367,0.8,2.0,10.0
0.0,False,0.5,249.05000000000004,0.507893549842129,1126,367,0.8,2.0,10.0
0.0,False,0.75,421.3750000000001,0.507893549842129,1126,367,0.8,2.0,10.0
0.0,True,0.25,140.45,0.492106450157871,1091,367,0.8,2.0,10.0
0.0,True,0.5,248.80000000000004,0.492106450157871,1091,367,0.8,2.0,10.0
0.0,True,0.75,420.30000000000007,0.492106450157871,1091,367,0.8,2.0,10.0
0.03,False,0.25,134.7,0.29827549499680645,1401,367,0.8,2.0,10.0
0.03,False,0.5,235.50000000000006,0.29827549499680645,1401,367,0.8,2.0,10.0
0.03,False,0.75,405.8,0.29827549499680645,1401,367,0.8,2.0,10.0
0.03,True,0.25,135.25,0.7017245050031935,3296,367,0.8,2.0,10.0
0.03,True,0.5,251.55000000000007,0.7017245050031935,3296,367,0.8,2.0,10.0
0.03,True,0.75,418.00000000000006,0.7017245050031935,3296,367,0.8,2.0,10.0
0.06,False,0.25,123.39999999999999,0.1371714179933358,741,367,0.8,2.0,10.0
0.06,False,0.5,221.00000000000003,0.1371714179933358,741,367,0.8,2.0,10.0
0.06,False,0.75,364.90000000000003,0.1371714179933358,741,367,0.8,2.0,10.0
0.06,True,0.25,120.39999999999999,0.8628285820066642,4661,367,0.8,2.0,10.0
0.06,True,0.5,220.4,0.8628285820066642,4661,367,0.8,2.0,10.0
0.06,True,0.75,367.2000000000001,0.8628285820066642,4661,367,0.8,2.0,10.0
0.09,False,0.25,87.35,0.06416782353848527,416,367,0.8,2.0,10.0
0.09,False,0.5,166.34999999999997,0.06416782353848527,416,367,0.8,2.0,10.0
0.09,False,0.75,330.32500000000005,0.06416782353848527,416,367,0.8,2.0,10.0
0.09,True,0.25,108.89999999999999,0.9358321764615147,6067,367,0.8,2.0,10.0
0.09,True,0.5,193.20000000000002,0.9358321764615147,6067,367,0.8,2.0,10.0
0.09,True,0.75,326.40000000000003,0.9358321764615147,6067,367,0.8,2.0,10.0
0.12,False,0.25,83.59999999999998,0.026508494434680726,181,367,0.8,2.0,10.0
0.12,False,0.5,131.99999999999997,0.026508494434680726,181,367,0.8,2.0,10.0
0.12,False,0.75,256.90000000000003,0.026508494434680726,181,367,0.8,2.0,10.0
0.12,True,0.25,95.8,0.9734915055653193,6647,367,0.8,2.0,10.0
0.12,True,0.5,161.8,0.9734915055653193,6647,367,0.8,2.0,10.0
0.12,True,0.75,266.1,0.9734915055653193,6647,367,0.8,2.0,10.0
0.15,False,0.25,62.39999999999999,0.011631165919282512,83,367,0.8,2.0,10.0
0.15,False,0.5,100.2,0.011631165919282512,83,367,0.8,2.0,10.0
0.15,False,0.75,212.80000000000004,0.011631165919282512,83,367,0.8,2.0,10.0
0.15,True,0.25,86.39999999999999,0.9883688340807175,7053,367,0.8,2.0,10.0
0.15,True,0.5,136.1,0.9883688340807175,7053,367,0.8,2.0,10.0
0.15,True,0.75,218.00000000000003,0.9883688340807175,7053,367,0.8,2.0,10.0
0.0,False,0.25,141.4,0.5062011943040882,1102,368,0.8,2.0,10.0
0.0,False,0.5,263.70000000000005,0.5062011943040882,1102,368,0.8,2.0,10.0
0.0,False,0.75,446.475,0.5062011943040882,1102,368,0.8,2.0,10.0
0.0,True,0.25,137.0,0.4937988056959118,1075,368,0.8,2.0,10.0
0.0,True,0.5,247.60000000000005,0.4937988056959118,1075,368,0.8,2.0,10.0
0.0,True,0.75,429.05,0.4937988056959118,1075,368,0.8,2.0,10.0
0.03,False,0.25,136.9,0.2894963409384417,1345,368,0.8,2.0,10.0
0.03,False,0.5,245.4,0.2894963409384417,1345,368,0.8,2.0,10.0
0.03,False,0.75,416.5,0.2894963409384417,1345,368,0.8,2.0,10.0
0.03,True,0.25,134.79999999999998,0.7105036590615583,3301,368,0.8,2.0,10.0
0.03,True,0.5,245.4,0.7105036590615583,3301,368,0.8,2.0,10.0
0.03,True,0.75,415.7,0.7105036590615583,3301,368,0.8,2.0,10.0
0.06,False,0.25,109.60000000000001,0.1446879643387816,779,368,0.8,2.0,10.0
0.06,False,0.5,211.30000000000004,0.1446879643387816,779,368,0.8,2.0,10.0
0.06,False,0.75,367.05000000000007,0.1446879643387816,779,368,0.8,2.0,10.0
0.06,True,0.25,121.39999999999999,0.8553120356612184,4605,368,0.8,2.0,10.0
0.06,True,0.5,221.20000000000002,0.8553120356612184,4605,368,0.8,2.0,10.0
0.06,True,0.75,387.6000000000001,0.8553120356612184,4605,368,0.8,2.0,10.0
0.09,False,0.25,95.675,0.06722947045280123,438,368,0.8,2.0,10.0
0.09,False,0.5,162.45,0.06722947045280123,438,368,0.8,2.0,10.0
0.09,False,0.75,289.62500000000006,0.06722947045280123,438,368,0.8,2.0,10.0
0.09,True,0.25,110.79999999999998,0.9327705295471987,6077,368,0.8,2.0,10.0
0.09,True,0.5,195.1,0.9327705295471987,6077,368,0.8,2.0,10.0
0.09,True,0.75,329.6,0.9327705295471987,6077,368,0.8,2.0,10.0
0.12,False,0.25,95.69999999999997,0.02763157894736842,189,368,0.8,2.0,10.0
0.12,False,0.5,138.79999999999998,0.02763157894736842,189,368,0.8,2.0,10.0
0.12,False,0.75,242.70000000000005,0.02763157894736842,189,368,0.8,2.0,10.0
0.12,True,0.25,97.24999999999999,0.9723684210526315,6651,368,0.8,2.0,10.0
0.12,True,0.5,163.99999999999997,0.9723684210526315,6651,368,0.8,2.0,10.0
0.12,True,0.75,269.45000000000005,0.9723684210526315,6651,368,0.8,2.0,10.0
0.15,False,0.25,65.30000000000001,0.010942760942760943,78,368,0.8,2.0,10.0
0.15,False,0.5,105.4,0.010942760942760943,78,368,0.8,2.0,10.0
0.15,False,0.75,203.5,0.010942760942760943,78,368,0.8,2.0,10.0
0.15,True,0.25,86.5,0.9890572390572391,7050,368,0.8,2.0,10.0
0.15,True,0.5,139.29999999999998,0.9890572390572391,7050,368,0.8,2.0,10.0
0.15,True,0.75,228.07500000000005,0.9890572390572391,7050,368,0.8,2.0,10.0
0.0,False,0.25,141.2,0.5013837638376384,1087,371,0.8,2.0,10.0
0.0,False,0.5,245.3,0.5013837638376384,1087,371,0.8,2.0,10.0
0.0,False,0.75,431.1,0.5013837638376384,1087,371,0.8,2.0,10.0
0.0,True,0.25,138.5,0.4986162361623616,1081,371,0.8,2.0,10.0
0.0,True,0.5,250.00000000000006,0.4986162361623616,1081,371,0.8,2.0,10.0
0.0,True,0.75,433.6,0.4986162361623616,1081,371,0.8,2.0,10.0
0.03,False,0.25,135.02499999999998,0.29027388397670906,1346,371,0.8,2.0,10.0
0.03,False,0.5,242.90000000000003,0.29027388397670906,1346,371,0.8,2.0,10.0
0.03,False,0.75,410.6000000000001,0.29027388397670906,1346,371,0.8,2.0,10.0
0.03,True,0.25,136.35000000000002,0.7097261160232909,3291,371,0.8,2.0,10.0
0.03,True,0.5,245.20000000000002,0.7097261160232909,3291,371,0.8,2.0,10.0
0.03,True,0.75,410.6,0.7097261160232909,3291,371,0.8,2.0,10.0
0.06,False,0.25,118.09999999999998,0.14251474926253688,773,371,0.8,2.0,10.0
0.06,False,0.5,214.90000000000003,0.14251474926253688,773,371,0.8,2.0,10.0
0.06,False,0.75,380.0,0.14251474926253688,773,371,0.8,2.0,10.0
0.06,True,0.25,124.2,0.8574852507374632,4651,371,0.8,2.0,10.0
0.06,True,0.5,219.40000000000003,0.8574852507374632,4651,371,0.8,2.0,10.0
0.06,True,0.75,367.90000000000003,0.8574852507374632,4651,371,0.8,2.0,10.0
0.09,False,0.25,95.975,0.06851851851851852,444,371,0.8,2.0,10.0
0.09,False,0.5,167.24999999999997,0.06851851851851852,444,371,0.8,2.0,10.0
0.09,False,0.75,296.475,0.06851851851851852,444,371,0.8,2.0,10.0
0.09,True,0.25,110.6,0.9314814814814815,6036,371,0.8,2.0,10.0
0.09,True,0.5,190.85000000000002,0.9314814814814815,6036,371,0.8,2.0,10.0
0.09,True,0.75,323.1000000000001,0.9314814814814815,6036,371,0.8,2.0,10.0
0.12,False,0.25,89.6,0.026546091015169197,182,371,0.8,2.0,10.0
0.12,False,0.5,171.95,0.026546091015169197,182,371,0.8,2.0,10.0
0.12,False,0.75,256.17500000000007,0.026546091015169197,182,371,0.8,2.0,10.0
0.12,True,0.25,94.39999999999999,0.9734539089848308,6674,371,0.8,2.0,10.0
0.12,True,0.5,160.8,0.9734539089848308,6674,371,0.8,2.0,10.0
0.12,True,0.75,262.67500000000007,0.9734539089848308,6674,371,0.8,2.0,10.0
0.15,False,0.25,78.35000000000001,0.013449145418884841,96,371,0.8,2.0,10.0
0.15,False,0.5,121.44999999999999,0.013449145418884841,96,371,0.8,2.0,10.0
0.15,False,0.75,211.22500000000005,0.013449145418884841,96,371,0.8,2.0,10.0
0.15,True,0.25,84.59999999999998,0.9865508545811151,7042,371,0.8,2.0,10.0
0.15,True,0.5,134.7,0.9865508545811151,7042,371,0.8,2.0,10.0
0.15,True,0.75,214.05000000000004,0.9865508545811151,7042,371,0.8,2.0,10.0
0.0,False,0.25,134.39999999999998,0.5206422018348624,1135,380,0.8,2.0,10.0
0.0,False,0.5,246.90000000000003,0.5206422018348624,1135,380,0.8,2.0,10.0
0.0,False,0.75,418.75,0.5206422018348624,1135,380,0.8,2.0,10.0
0.0,True,0.25,139.89999999999998,0.4793577981651376,1045,380,0.8,2.0,10.0
0.0,True,0.5,247.70000000000005,0.4793577981651376,1045,380,0.8,2.0,10.0
0.0,True,0.75,403.5,0.4793577981651376,1045,380,0.8,2.0,10.0
0.03,False,0.25,130.89999999999998,0.2874175005322546,1350,380,0.8,2.0,10.0
0.03,False,0.5,237.10000000000002,0.2874175005322546,1350,380,0.8,2.0,10.0
0.03,False,0.75,396.84999999999997,0.2874175005322546,1350,380,0.8,2.0,10.0
0.03,True,0.25,137.64999999999998,0.7125824994677453,3347,380,0.8,2.0,10.0
0.03,True,0.5,250.30000000000007,0.7125824994677453,3347,380,0.8,2.0,10.0
0.03,True,0.75,418.20000000000005,0.7125824994677453,3347,380,0.8,2.0,10.0
0.06,False,0.25,112.6,0.13964627855563744,758,380,0.8,2.0,10.0
0.06,False,0.5,205.75000000000003,0.13964627855563744,758,380,0.8,2.0,10.0
0.06,False,0.75,353.675,0.13964627855563744,758,380,0.8,2.0,10.0
0.06,True,0.25,125.5,0.8603537214443626,4670,380,0.8,2.0,10.0
0.06,True,0.5,220.25000000000003,0.8603537214443626,4670,380,0.8,2.0,10.0
0.06,True,0.75,376.40000000000003,0.8603537214443626,4670,380,0.8,2.0,10.0
0.09,False,0.25,95.79999999999998,0.07317824680326607,475,380,0.8,2.0,10.0
0.09,False,0.5,178.3,0.07317824680326607,475,380,0.8,2.0,10.0
0.09,False,0.75,317.55000000000007,0.07317824680326607,475,380,0.8,2.0,10.0
0.09,True,0.25,108.3,0.926821753196734,6016,380,0.8,2.0,10.0
0.09,True,0.5,191.55,0.926821753196734,6016,380,0.8,2.0,10.0
0.09,True,0.75,326.6000000000001,0.926821753196734,6016,380,0.8,2.0,10.0
0.12,False,0.25,90.99999999999999,0.03040491156263704,208,380,0.8,2.0,10.0
0.12,False,0.5,138.6,0.03040491156263704,208,380,0.8,2.0,10.0
0.12,False,0.75,258.92500000000007,0.03040491156263704,208,380,0.8,2.0,10.0
0.12,True,0.25,93.7,0.969595088437363,6633,380,0.8,2.0,10.0
0.12,True,0.5,158.39999999999998,0.969595088437363,6633,380,0.8,2.0,10.0
0.12,True,0.75,264.20000000000005,0.969595088437363,6633,380,0.8,2.0,10.0
0.15,False,0.25,72.8,0.013017917133258679,93,380,0.8,2.0,10.0
0.15,False,0.5,111.79999999999998,0.013017917133258679,93,380,0.8,2.0,10.0
0.15,False,0.75,201.20000000000005,0.013017917133258679,93,380,0.8,2.0,10.0
0.15,True,0.25,84.7,0.9869820828667413,7051,380,0.8,2.0,10.0
0.15,True,0.5,135.99999999999997,0.9869820828667413,7051,380,0.8,2.0,10.0
0.15,True,0.75,216.10000000000005,0.9869820828667413,7051,380,0.8,2.0,10.0
0.0,False,0.25,137.5,0.5039370078740157,1088,394,0.8,2.0,10.0
0.0,False,0.5,249.40000000000003,0.5039370078740157,1088,394,0.8,2.0,10.0
0.0,False,0.75,422.175,0.5039370078740157,1088,394,0.8,2.0,10.0
0.0,True,0.25,136.75,0.49606299212598426,1071,394,0.8,2.0,10.0
0.0,True,0.5,240.50000000000003,0.49606299212598426,1071,394,0.8,2.0,10.0
0.0,True,0.75,400.4,0.49606299212598426,1071,394,0.8,2.0,10.0
0.03,False,0.25,137.45,0.2894346813466017,1367,394,0.8,2.0,10.0
0.03,False,0.5,242.70000000000005,0.2894346813466017,1367,394,0.8,2.0,10.0
0.03,False,0.75,407.0,0.2894346813466017,1367,394,0.8,2.0,10.0
0.03,True,0.25,132.95,0.7105653186533982,3356,394,0.8,2.0,10.0
0.03,True,0.5,240.80000000000004,0.7105653186533982,3356,394,0.8,2.0,10.0
0.03,True,0.75,408.07500000000005,0.7105653186533982,3356,394,0.8,2.0,10.0
0.06,False,0.25,113.05,0.14616657473800332,795,394,0.8,2.0,10.0
0.06,False,0.5,214.50000000000006,0.14616657473800332,795,394,0.8,2.0,10.0
0.06,False,0.75,359.6500000000001,0.14616657473800332,795,394,0.8,2.0,10.0
0.06,True,0.25,127.6,0.8538334252619967,4644,394,0.8,2.0,10.0
0.06,True,0.5,225.95000000000005,0.8538334252619967,4644,394,0.8,2.0,10.0
0.06,True,0.75,376.77500000000003,0.8538334252619967,4644,394,0.8,2.0,10.0
0.09,False,0.25,100.225,0.06610299769408147,430,394,0.8,2.0,10.0
0.09,False,0.5,166.1,0.06610299769408147,430,394,0.8,2.0,10.0
0.09,False,0.75,307.27500000000003,0.06610299769408147,430,394,0.8,2.0,10.0
0.09,True,0.25,113.6,0.9338970023059185,6075,394,0.8,2.0,10.0
0.09,True,0.5,196.5,0.9338970023059185,6075,394,0.8,2.0,10.0
0.09,True,0.75,322.6000000000001,0.9338970023059185,6075,394,0.8,2.0,10.0
0.12,False,0.25,72.5,0.028943136968279493,198,394,0.8,2.0,10.0
0.12,False,0.5,128.39999999999998,0.028943136968279493,198,394,0.8,2.0,10.0
0.12,False,0.75,251.72500000000005,0.028943136968279493,198,394,0.8,2.0,10.0
0.12,True,0.25,95.39999999999998,0.9710568630317206,6643,394,0.8,2.0,10.0
0.12,True,0.5,160.99999999999997,0.9710568630317206,6643,394,0.8,2.0,10.0
0.12,True,0.75,268.40000000000003,0.9710568630317206,6643,394,0.8,2.0,10.0
0.15,False,0.25,69.25,0.010505673063454265,75,394,0.8,2.0,10.0
0.15,False,0.5,116.39999999999999,0.010505673063454265,75,394,0.8,2.0,10.0
0.15,False,0.75,193.2,0.010505673063454265,75,394,0.8,2.0,10.0
0.15,True,0.25,84.3,0.9894943269365457,7064,394,0.8,2.0,10.0
0.15,True,0.5,135.85,0.9894943269365457,7064,394,0.8,2.0,10.0
0.15,True,0.75,214.35000000000002,0.9894943269365457,7064,394,0.8,2.0,10.0
0.0,False,0.25,137.64999999999998,0.47582116788321166,1043,395,0.8,2.0,10.0
0.0,False,0.5,250.00000000000006,0.47582116788321166,1043,395,0.8,2.0,10.0
0.0,False,0.75,407.45000000000005,0.47582116788321166,1043,395,0.8,2.0,10.0
0.0,True,0.25,146.79999999999998,0.5241788321167883,1149,395,0.8,2.0,10.0
0.0,True,0.5,265.1,0.5241788321167883,1149,395,0.8,2.0,10.0
0.0,True,0.75,435.70000000000005,0.5241788321167883,1149,395,0.8,2.0,10.0
0.03,False,0.25,135.35000000000002,0.2857448630136986,1335,395,0.8,2.0,10.0
0.03,False,0.5,249.90000000000006,0.2857448630136986,1335,395,0.8,2.0,10.0
0.03,False,0.75,406.4,0.2857448630136986,1335,395,0.8,2.0,10.0
0.03,True,0.25,134.4,0.7142551369863014,3337,395,0.8,2.0,10.0
0.03,True,0.5,246.20000000000002,0.7142551369863014,3337,395,0.8,2.0,10.0
0.03,True,0.75,414.7,0.7142551369863014,3337,395,0.8,2.0,10.0
0.06,False,0.25,118.1,0.14525345622119815,788,395,0.8,2.0,10.0
0.06,False,0.5,208.8,0.14525345622119815,788,395,0.8,2.0,10.0
0.06,False,0.75,358.67500000000007,0.14525345622119815,788,395,0.8,2.0,10.0
0.06,True,0.25,123.3,0.8547465437788019,4637,395,0.8,2.0,10.0
0.06,True,0.5,221.90000000000003,0.8547465437788019,4637,395,0.8,2.0,10.0
0.06,True,0.75,375.70000000000005,0.8547465437788019,4637,395,0.8,2.0,10.0
0.09,False,0.25,97.8,0.06403562653562654,417,395,0.8,2.0,10.0
0.09,False,0.5,174.8,0.06403562653562654,417,395,0.8,2.0,10.0
0.09,False,0.75,296.90000000000003,0.06403562653562654,417,395,0.8,2.0,10.0
0.09,True,0.25,111.0,0.9359643734643734,6095,395,0.8,2.0,10.0
0.09,True,0.5,194.5,0.9359643734643734,6095,395,0.8,2.0,10.0
0.09,True,0.75,321.75,0.9359643734643734,6095,395,0.8,2.0,10.0
0.12,False,0.25,74.1,0.030094959824689554,206,395,0.8,2.0,10.0
0.12,False,0.5,133.64999999999998,0.030094959824689554,206,395,0.8,2.0,10.0
0.12,False,0.75,223.3,0.030094959824689554,206,395,0.8,2.0,10.0
0.12,True,0.25,96.89999999999999,0.9699050401753104,6639,395,0.8,2.0,10.0
0.12,True,0.5,161.6,0.9699050401753104,6639,395,0.8,2.0,10.0
0.12,True,0.75,269.5,0.9699050401753104,6639,395,0.8,2.0,10.0
0.15,False,0.25,72.8,0.013731259632898977,98,395,0.8,2.0,10.0
0.15,False,0.5,124.69999999999999,0.013731259632898977,98,395,0.8,2.0,10.0
0.15,False,0.75,220.375,0.013731259632898977,98,395,0.8,2.0,10.0
0.15,True,0.25,84.85,0.986268740367101,7039,395,0.8,2.0,10.0
0.15,True,0.5,134.99999999999997,0.986268740367101,7039,395,0.8,2.0,10.0
0.15,True,0.75,217.10000000000002,0.986268740367101,7039,395,0.8,2.0,10.0
0.0,False,0.25,138.55,0.48657407407407405,1051,397,0.8,2.0,10.0
0.0,False,0.5,246.90000000000003,0.48657407407407405,1051,397,0.8,2.0,10.0
0.0,False,0.75,411.9000000000001,0.48657407407407405,1051,397,0.8,2.0,10.0
0.0,True,0.25,136.4,0.513425925925926,1109,397,0.8,2.0,10.0
0.0,True,0.5,243.60000000000005,0.513425925925926,1109,397,0.8,2.0,10.0
0.0,True,0.75,400.2,0.513425925925926,1109,397,0.8,2.0,10.0
0.03,False,0.25,126.975,0.2884079708592243,1346,397,0.8,2.0,10.0
0.03,False,0.5,235.90000000000003,0.2884079708592243,1346,397,0.8,2.0,10.0
0.03,False,0.75,397.875,0.2884079708592243,1346,397,0.8,2.0,10.0
0.03,True,0.25,134.1,0.7115920291407757,3321,397,0.8,2.0,10.0
0.03,True,0.5,246.10000000000005,0.7115920291407757,3321,397,0.8,2.0,10.0
0.03,True,0.75,418.50000000000006,0.7115920291407757,3321,397,0.8,2.0,10.0
0.06,False,0.25,106.275,0.14314553129014498,780,397,0.8,2.0,10.0
0.06,False,0.5,211.10000000000002,0.14314553129014498,780,397,0.8,2.0,10.0
0.06,False,0.75,370.525,0.14314553129014498,780,397,0.8,2.0,10.0
0.06,True,0.25,124.69999999999999,0.856854468709855,4669,397,0.8,2.0,10.0
0.06,True,0.5,224.50000000000006,0.856854468709855,4669,397,0.8,2.0,10.0
0.06,True,0.75,379.8,0.856854468709855,4669,397,0.8,2.0,10.0
0.09,False,0.25,90.325,0.06782796361954678,440,397,0.8,2.0,10.0
0.09,False,0.5,159.45,0.06782796361954678,440,397,0.8,2.0,10.0
0.09,False,0.75,310.425,0.06782796361954678,440,397,0.8,2.0,10.0
0.09,True,0.25,114.25,0.9321720363804532,6047,397,0.8,2.0,10.0
0.09,True,0.5,196.9,0.9321720363804532,6047,397,0.8,2.0,10.0
0.09,True,0.75,322.20000000000005,0.9321720363804532,6047,397,0.8,2.0,10.0
0.12,False,0.25,93.10000000000001,0.027659885848090152,189,397,0.8,2.0,10.0
0.12,False,0.5,153.70000000000002,0.027659885848090152,189,397,0.8,2.0,10.0
0.12,False,0.75,256.20000000000005,0.027659885848090152,189,397,0.8,2.0,10.0
0.12,True,0.25,96.29999999999998,0.9723401141519098,6644,397,0.8,2.0,10.0
0.12,True,0.5,159.5,0.9723401141519098,6644,397,0.8,2.0,10.0
0.12,True,0.75,270.82500000000005,0.9723401141519098,6644,397,0.8,2.0,10.0
0.15,False,0.25,68.25,0.014998598261844687,107,397,0.8,2.0,10.0
0.15,False,0.5,109.99999999999999,0.014998598261844687,107,397,0.8,2.0,10.0
0.15,False,0.75,193.89999999999998,0.014998598261844687,107,397,0.8,2.0,10.0
0.15,True,0.25,84.54999999999998,0.9850014017381553,7027,397,0.8,2.0,10.0
0.15,True,0.5,135.7,0.9850014017381553,7027,397,0.8,2.0,10.0
0.15,True,0.75,217.80000000000004,0.9850014017381553,7027,397,0.8,2.0,10.0
