acoh,is_correct,quantile,rt,proportion,n,draw,gain,bound,k
0.0,False,0.25,66.0,0.5078925505400166,1834,-1,1.0,1.5,10.0
0.0,False,0.5,120.0,0.5078925505400166,1834,-1,1.0,1.5,10.0
0.0,False,0.75,216.0,0.5078925505400166,1834,-1,1.0,1.5,10.0
0.0,True,0.25,69.0,0.49210744945998336,1777,-1,1.0,1.5,10.0
0.0,True,0.5,126.0,0.49210744945998336,1777,-1,1.0,1.5,10.0
0.0,True,0.75,213.0,0.49210744945998336,1777,-1,1.0,1.5,10.0
0.03,False,0.25,64.25,0.3336579935995547,2398,-1,1.0,1.5,10.0
0.03,False,0.5,124.0,0.3336579935995547,2398,-1,1.0,1.5,10.0
0.03,False,0.75,221.0,0.3336579935995547,2398,-1,1.0,1.5,10.0
0.03,True,0.25,66.0,0.6663420064004453,4789,-1,1.0,1.5,10.0
0.03,True,0.5,121.0,0.6663420064004453,4789,-1,1.0,1.5,10.0
0.03,True,0.75,216.0,0.6663420064004453,4789,-1,1.0,1.5,10.0
0.06,False,0.25,58.0,0.21060711793440334,1509,-1,1.0,1.5,10.0
0.06,False,0.5,108.0,0.21060711793440334,1509,-1,1.0,1.5,10.0
0.06,False,0.75,192.0,0.21060711793440334,1509,-1,1.0,1.5,10.0
0.06,True,0.25,62.0,0.7893928820655967,5656,-1,1.0,1.5,10.0
0.06,True,0.5,115.0,0.7893928820655967,5656,-1,1.0,1.5,10.0
0.06,True,0.75,202.0,0.7893928820655967,5656,-1,1.0,1.5,10.0
0.09,False,0.25,53.0,0.11924742826204657,881,-1,1.0,1.5,10.0
0.09,False,0.5,100.0,0.11924742826204657,881,-1,1.0,1.5,10.0
0.09,False,0.75,170.0,0.11924742826204657,881,-1,1.0,1.5,10.0
0.09,True,0.25,56.5,0.8807525717379534,6507,-1,1.0,1.5,10.0
0.09,True,0.5,102.0,0.8807525717379534,6507,-1,1.0,1.5,10.0
0.09,True,0.75,169.0,0.8807525717379534,6507,-1,1.0,1.5,10.0
0.12,False,0.25,46.5,0.06459197786998618,467,-1,1.0,1.5,10.0
0.12,False,0.5,81.0,0.06459197786998618,467,-1,1.0,1.5,10.0
0.12,False,0.75,137.5,0.06459197786998618,467,-1,1.0,1.5,10.0
0.12,True,0.25,51.0,0.9354080221300138,6763,-1,1.0,1.5,10.0
0.12,True,0.5,87.0,0.9354080221300138,6763,-1,1.0,1.5,10.0
0.12,True,0.75,146.0,0.9354080221300138,6763,-1,1.0,1.5,10.0
0.15,False,0.25,41.0,0.03424657534246575,250,-1,1.0,1.5,10.0
0.15,False,0.5,62.5,0.03424657534246575,250,-1,1.0,1.5,10.0
0.15,False,0.75,107.5,0.03424657534246575,250,-1,1.0,1.5,10.0
0.15,True,0.25,45.0,0.9657534246575342,7050,-1,1.0,1.5,10.0
0.15,True,0.5,74.0,0.9657534246575342,7050,-1,1.0,1.5,10.0
0.15,True,0.75,121.0,0.9657534246575342,7050,-1,1.0,1.5,10.0
0.0,False,0.25,66.7,0.49441964285714285,1772,1,1.0,1.5,10.0
0.0,False,0.5,123.2,0.49441964285714285,1772,1,1.0,1.5,10.0
0.0,False,0.75,219.10000000000002,0.49441964285714285,1772,1,1.0,1.5,10.0
0.0,True,0.25,64.25,0.5055803571428571,1812,1,1.0,1.5,10.0
0.0,True,0.5,117.00000000000001,0.5055803571428571,1812,1,1.0,1.5,10.0
0.0,True,0.75,214.3,0.5055803571428571,1812,1,1.0,1.5,10.0
0.03,False,0.25,64.5,0.34802070219611136,2488,1,1.0,1.5,10.0
0.03,False,0.5,117.10000000000001,0.34802070219611136,2488,1,1.0,1.5,10.0
0.03,False,0.75,206.12500000000003,0.34802070219611136,2488,1,1.0,1.5,10.0
0.03,True,0.25,64.9,0.6519792978038886,4661,1,1.0,1.5,10.0
0.03,True,0.5,120.8,0.6519792978038886,4661,1,1.0,1.5,10.0
0.03,True,0.75,215.2,0.6519792978038886,4661,1,1.0,1.5,10.0
0.06,False,0.25,58.699999999999996,0.21332586786114222,1524,1,1.0,1.5,10.0
0.06,False,0.5,101.45,0.21332586786114222,1524,1,1.0,1.5,10.0
0.06,False,0.75,175.29999999999998,0.21332586786114222,1524,1,1.0,1.5,10.0
0.06,True,0.25,62.9,0.7866741321388577,5620,1,1.0,1.5,10.0
0.06,True,0.5,111.29999999999998,0.7866741321388577,5620,1,1.0,1.5,10.0
0.06,True,0.75,189.95,0.7866741321388577,5620,1,1.0,1.5,10.0
0.09,False,0.25,51.49999999999999,0.12581256771397617,929,1,1.0,1.5,10.0
0.09,False,0.5,92.5,0.12581256771397617,929,1,1.0,1.5,10.0
0.09,False,0.75,169.1,0.12581256771397617,929,1,1.0,1.5,10.0
0.09,True,0.25,56.20000000000001,0.8741874322860238,6455,1,1.0,1.5,10.0
0.09,True,0.5,98.8,0.8741874322860238,6455,1,1.0,1.5,10.0
0.09,True,0.75,169.0,0.8741874322860238,6455,1,1.0,1.5,10.0
0.12,False,0.25,42.49999999999999,0.0720708258403652,521,1,1.0,1.5,10.0
0.12,False,0.5,84.59999999999998,0.0720708258403652,521,1,1.0,1.5,10.0
0.12,False,0.75,141.7,0.0720708258403652,521,1,1.0,1.5,10.0
0.12,True,0.25,51.6,0.9279291741596348,6708,1,1.0,1.5,10.0
0.12,True,0.5,85.60000000000001,0.9279291741596348,6708,1,1.0,1.5,10.0
0.12,True,0.75,140.525,0.9279291741596348,6708,1,1.0,1.5,10.0
0.15,False,0.25,43.125,0.03726027397260274,272,1,1.0,1.5,10.0
0.15,False,0.5,63.55,0.03726027397260274,272,1,1.0,1.5,10.0
0.15,False,0.75,108.89999999999998,0.03726027397260274,272,1,1.0,1.5,10.0
0.15,True,0.25,45.5,0.9627397260273972,7028,1,1.0,1.5,10.0
0.15,True,0.5,74.30000000000001,0.9627397260273972,7028,1,1.0,1.5,10.0
0.15,True,0.75,119.40000000000002,0.9627397260273972,7028,1,1.0,1.5,10.0
0.0,False,0.25,68.3,0.5170011148272018,1855,4,1.0,1.5,10.0
0.0,False,0.5,120.20000000000002,0.5170011148272018,1855,4,1.0,1.5,10.0
0.0,False,0.75,216.10000000000002,0.5170011148272018,1855,4,1.0,1.5,10.0
0.0,True,0.25,65.19999999999999,0.4829988851727982,1733,4,1.0,1.5,10.0
0.0,True,0.5,120.09999999999998,0.4829988851727982,1733,4,1.0,1.5,10.0
0.0,True,0.75,217.00000000000003,0.4829988851727982,1733,4,1.0,1.5,10.0
0.03,False,0.25,65.19999999999999,0.3414907006013145,2442,4,1.0,1.5,10.0
0.03,False,0.5,122.4,0.3414907006013145,2442,4,1.0,1.5,10.0
0.03,False,0.75,219.00000000000003,0.3414907006013145,2442,4,1.0,1.5,10.0
0.03,True,0.25,64.9,0.6585092993986855,4709,4,1.0,1.5,10.0
0.03,True,0.5,116.7,0.6585092993986855,4709,4,1.0,1.5,10.0
0.03,True,0.75,213.10000000000002,0.6585092993986855,4709,4,1.0,1.5,10.0
0.06,False,0.25,60.60000000000001,0.21524475524475525,1539,4,1.0,1.5,10.0
0.06,False,0.5,104.39999999999998,0.21524475524475525,1539,4,1.0,1.5,10.0
0.06,False,0.75,197.29999999999998,0.21524475524475525,1539,4,1.0,1.5,10.0
0.06,True,0.25,63.349999999999994,0.7847552447552447,5611,4,1.0,1.5,10.0
0.06,True,0.5,112.2,0.7847552447552447,5611,4,1.0,1.5,10.0
0.06,True,0.75,195.70000000000002,0.7847552447552447,5611,4,1.0,1.5,10.0
0.09,False,0.25,52.975,0.130605608996071,964,4,1.0,1.5,10.0
0.09,False,0.5,88.74999999999997,0.130605608996071,964,4,1.0,1.5,10.0
0.09,False,0.75,161.9,0.130605608996071,964,4,1.0,1.5,10.0
0.09,True,0.25,56.099999999999994,0.869394391003929,6417,4,1.0,1.5,10.0
0.09,True,0.5,98.19999999999999,0.869394391003929,6417,4,1.0,1.5,10.0
0.09,True,0.75,170.49999999999997,0.869394391003929,6417,4,1.0,1.5,10.0
0.12,False,0.25,44.125,0.06945213060320973,502,4,1.0,1.5,10.0
0.12,False,0.5,77.0,0.06945213060320973,502,4,1.0,1.5,10.0
0.12,False,0.75,139.95,0.06945213060320973,502,4,1.0,1.5,10.0
0.12,True,0.25,51.6,0.9305478693967902,6726,4,1.0,1.5,10.0
0.12,True,0.5,86.3,0.9305478693967902,6726,4,1.0,1.5,10.0
0.12,True,0.75,144.775,0.9305478693967902,6726,4,1.0,1.5,10.0
0.15,False,0.25,44.2,0.04232876712328767,309,4,1.0,1.5,10.0
0.15,False,0.5,76.3,0.04232876712328767,309,4,1.0,1.5,10.0
0.15,False,0.75,133.79999999999998,0.04232876712328767,309,4,1.0,1.5,10.0
0.15,True,0.25,46.800000000000004,0.9576712328767123,6991,4,1.0,1.5,10.0
0.15,True,0.5,75.79999999999998,0.9576712328767123,6991,4,1.0,1.5,10.0
0.15,True,0.75,123.60000000000001,0.9576712328767123,6991,4,1.0,1.5,10.0
0.0,False,0.25,67.275,0.5018120992472819,1800,8,1.0,1.5,10.0
0.0,False,0.5,125.04999999999998,0.5018120992472819,1800,8,1.0,1.5,10.0
0.0,False,0.75,227.85000000000005,0.5018120992472819,1800,8,1.0,1.5,10.0
0.0,True,0.25,65.10000000000001,0.4981879007527181,1787,8,1.0,1.5,10.0
0.0,True,0.5,123.50000000000001,0.4981879007527181,1787,8,1.0,1.5,10.0
0.0,True,0.75,222.25000000000003,0.4981879007527181,1787,8,1.0,1.5,10.0
0.03,False,0.25,64.57499999999999,0.3387367244270542,2424,8,1.0,1.5,10.0
0.03,False,0.5,118.25,0.3387367244270542,2424,8,1.0,1.5,10.0
0.03,False,0.75,210.65000000000003,0.3387367244270542,2424,8,1.0,1.5,10.0
0.03,True,0.25,65.27499999999999,0.6612632755729457,4732,8,1.0,1.5,10.0
0.03,True,0.5,120.85,0.6612632755729457,4732,8,1.0,1.5,10.0
0.03,True,0.75,216.52500000000006,0.6612632755729457,4732,8,1.0,1.5,10.0
0.06,False,0.25,60.3,0.21838276440962506,1561,8,1.0,1.5,10.0
0.06,False,0.5,108.69999999999999,0.21838276440962506,1561,8,1.0,1.5,10.0
0.06,False,0.75,191.0,0.21838276440962506,1561,8,1.0,1.5,10.0
0.06,True,0.25,61.40000000000001,0.7816172355903749,5587,8,1.0,1.5,10.0
0.06,True,0.5,110.60000000000001,0.7816172355903749,5587,8,1.0,1.5,10.0
0.06,True,0.75,193.85,0.7816172355903749,5587,8,1.0,1.5,10.0
0.09,False,0.25,53.375,0.12455997833739507,920,8,1.0,1.5,10.0
0.09,False,0.5,95.94999999999999,0.12455997833739507,920,8,1.0,1.5,10.0
0.09,False,0.75,164.675,0.12455997833739507,920,8,1.0,1.5,10.0
0.09,True,0.25,55.225,0.8754400216626049,6466,8,1.0,1.5,10.0
0.09,True,0.5,95.49999999999999,0.8754400216626049,6466,8,1.0,1.5,10.0
0.09,True,0.75,162.60000000000002,0.8754400216626049,6466,8,1.0,1.5,10.0
0.12,False,0.25,45.849999999999994,0.06668511344770338,482,8,1.0,1.5,10.0
0.12,False,0.5,78.35,0.06668511344770338,482,8,1.0,1.5,10.0
0.12,False,0.75,141.0,0.06668511344770338,482,8,1.0,1.5,10.0
0.12,True,0.25,50.29999999999999,0.9333148865522967,6746,8,1.0,1.5,10.0
0.12,True,0.5,84.49999999999999,0.9333148865522967,6746,8,1.0,1.5,10.0
0.12,True,0.75,139.77499999999998,0.9333148865522967,6746,8,1.0,1.5,10.0
0.15,False,0.25,39.599999999999994,0.04041095890410959,295,8,1.0,1.5,10.0
0.15,False,0.5,62.9,0.04041095890410959,295,8,1.0,1.5,10.0
0.15,False,0.75,109.79999999999998,0.04041095890410959,295,8,1.0,1.5,10.0
0.15,True,0.25,45.400000000000006,0.9595890410958904,7005,8,1.0,1.5,10.0
0.15,True,0.5,74.39999999999999,0.9595890410958904,7005,8,1.0,1.5,10.0
0.15,True,0.75,122.19999999999997,0.9595890410958904,7005,8,1.0,1.5,10.0
0.0,False,0.25,69.39999999999999,0.4962468723936614,1785,26,1.0,1.5,10.0
0.0,False,0.5,122.8,0.4962468723936614,1785,26,1.0,1.5,10.0
0.0,False,0.75,218.00000000000003,0.4962468723936614,1785,26,1.0,1.5,10.0
0.0,True,0.25,63.399999999999984,0.5037531276063386,1812,26,1.0,1.5,10.0
0.0,True,0.5,121.69999999999999,0.5037531276063386,1812,26,1.0,1.5,10.0
0.0,True,0.75,211.45000000000005,0.5037531276063386,1812,26,1.0,1.5,10.0
0.03,False,0.25,64.825,0.33976510067114096,2430,26,1.0,1.5,10.0
0.03,False,0.5,119.95,0.33976510067114096,2430,26,1.0,1.5,10.0
0.03,False,0.75,210.625,0.33976510067114096,2430,26,1.0,1.5,10.0
0.03,True,0.25,65.99999999999999,0.660234899328859,4722,26,1.0,1.5,10.0
0.03,True,0.5,121.69999999999999,0.660234899328859,4722,26,1.0,1.5,10.0
0.03,True,0.75,214.15000000000003,0.660234899328859,4722,26,1.0,1.5,10.0
0.06,False,0.25,58.60000000000001,0.21583438243110925,1543,26,1.0,1.5,10.0
0.06,False,0.5,106.6,0.21583438243110925,1543,26,1.0,1.5,10.0
0.06,False,0.75,177.25,0.21583438243110925,1543,26,1.0,1.5,10.0
0.06,True,0.25,62.300000000000004,0.7841656175688908,5606,26,1.0,1.5,10.0
0.06,True,0.5,111.5,0.7841656175688908,5606,26,1.0,1.5,10.0
0.06,True,0.75,194.6,0.7841656175688908,5606,26,1.0,1.5,10.0
0.09,False,0.25,52.67499999999999,0.1251523770824868,924,26,1.0,1.5,10.0
0.09,False,0.5,95.15,0.1251523770824868,924,26,1.0,1.5,10.0
0.09,False,0.75,167.77499999999998,0.1251523770824868,924,26,1.0,1.5,10.0
0.09,True,0.25,57.60000000000001,0.8748476229175132,6459,26,1.0,1.5,10.0
0.09,True,0.5,99.89999999999999,0.8748476229175132,6459,26,1.0,1.5,10.0
0.09,True,0.75,169.8,0.8748476229175132,6459,26,1.0,1.5,10.0
0.12,False,0.25,45.2,0.0720708258403652,521,26,1.0,1.5,10.0
0.12,False,0.5,73.6,0.0720708258403652,521,26,1.0,1.5,10.0
0.12,False,0.75,128.6,0.0720708258403652,521,26,1.0,1.5,10.0
0.12,True,0.25,50.2,0.9279291741596348,6708,26,1.0,1.5,10.0
0.12,True,0.5,84.3,0.9279291741596348,6708,26,1.0,1.5,10.0
0.12,True,0.75,141.825,0.9279291741596348,6708,26,1.0,1.5,10.0
0.15,False,0.25,44.8,0.03958904109589041,289,26,1.0,1.5,10.0
0.15,False,0.5,67.3,0.03958904109589041,289,26,1.0,1.5,10.0
0.15,False,0.75,111.29999999999998,0.03958904109589041,289,26,1.0,1.5,10.0
0.15,True,0.25,45.900000000000006,0.9604109589041095,7011,26,1.0,1.5,10.0
0.15,True,0.5,73.10000000000001,0.9604109589041095,7011,26,1.0,1.5,10.0
0.15,True,0.75,119.6,0.9604109589041095,7011,26,1.0,1.5,10.0
0.0,False,0.25,66.75,0.49791028141543603,1787,33,1.0,1.5,10.0
0.0,False,0.5,124.59999999999998,0.49791028141543603,1787,33,1.0,1.5,10.0
0.0,False,0.75,219.55,0.49791028141543603,1787,33,1.0,1.5,10.0
0.0,True,0.25,67.64999999999999,0.502089718584564,1802,33,1.0,1.5,10.0
0.0,True,0.5,125.0,0.502089718584564,1802,33,1.0,1.5,10.0
0.0,True,0.75,219.20000000000002,0.502089718584564,1802,33,1.0,1.5,10.0
0.03,False,0.25,63.62499999999999,0.34013415315818896,2434,33,1.0,1.5,10.0
0.03,False,0.5,122.30000000000001,0.34013415315818896,2434,33,1.0,1.5,10.0
0.03,False,0.75,221.175,0.34013415315818896,2434,33,1.0,1.5,10.0
0.03,True,0.25,65.10000000000001,0.659865846841811,4722,33,1.0,1.5,10.0
0.03,True,0.5,119.05000000000001,0.659865846841811,4722,33,1.0,1.5,10.0
0.03,True,0.75,214.35000000000002,0.659865846841811,4722,33,1.0,1.5,10.0
0.06,False,0.25,57.89999999999999,0.20713286713286713,1481,33,1.0,1.5,10.0
0.06,False,0.5,104.6,0.20713286713286713,1481,33,1.0,1.5,10.0
0.06,False,0.75,181.50000000000003,0.20713286713286713,1481,33,1.0,1.5,10.0
0.06,True,0.25,63.399999999999984,0.7928671328671328,5669,33,1.0,1.5,10.0
0.06,True,0.5,111.69999999999997,0.7928671328671328,5669,33,1.0,1.5,10.0
0.06,True,0.75,194.80000000000004,0.7928671328671328,5669,33,1.0,1.5,10.0
0.09,False,0.25,52.77499999999999,0.12491532312694757,922,33,1.0,1.5,10.0
0.09,False,0.5,91.35,0.12491532312694757,922,33,1.0,1.5,10.0
0.09,False,0.75,164.79999999999998,0.12491532312694757,922,33,1.0,1.5,10.0
0.09,True,0.25,54.69999999999999,0.8750846768730525,6459,33,1.0,1.5,10.0
0.09,True,0.5,95.19999999999999,0.8750846768730525,6459,33,1.0,1.5,10.0
0.09,True,0.75,166.09999999999997,0.8750846768730525,6459,33,1.0,1.5,10.0
0.12,False,0.25,43.85,0.07124083552358555,515,33,1.0,1.5,10.0
0.12,False,0.5,73.3,0.07124083552358555,515,33,1.0,1.5,10.0
0.12,False,0.75,129.59999999999997,0.07124083552358555,515,33,1.0,1.5,10.0
0.12,True,0.25,50.4,0.9287591644764145,6714,33,1.0,1.5,10.0
0.12,True,0.5,83.79999999999998,0.9287591644764145,6714,33,1.0,1.5,10.0
0.12,True,0.75,140.5,0.9287591644764145,6714,33,1.0,1.5,10.0
0.15,False,0.25,40.949999999999996,0.03671232876712329,268,33,1.0,1.5,10.0
0.15,False,0.5,70.44999999999999,0.03671232876712329,268,33,1.0,1.5,10.0
0.15,False,0.75,122.57499999999999,0.03671232876712329,268,33,1.0,1.5,10.0
0.15,True,0.25,45.900000000000006,0.9632876712328767,7032,33,1.0,1.5,10.0
0.15,True,0.5,73.39999999999999,0.9632876712328767,7032,33,1.0,1.5,10.0
0.15,True,0.75,120.09999999999998,0.9632876712328767,7032,33,1.0,1.5,10.0
0.0,False,0.25,65.475,0.4995818232506273,1792,41,1.0,1.5,10.0
0.0,False,0.5,119.55000000000001,0.4995818232506273,1792,41,1.0,1.5,10.0
0.0,False,0.75,217.60000000000002,0.4995818232506273,1792,41,1.0,1.5,10.0
0.0,True,0.25,65.5,0.5004181767493727,1795,41,1.0,1.5,10.0
0.0,True,0.5,121.9,0.5004181767493727,1795,41,1.0,1.5,10.0
0.0,True,0.75,218.8,0.5004181767493727,1795,41,1.0,1.5,10.0
0.03,False,0.25,65.19999999999999,0.34641709735996645,2480,41,1.0,1.5,10.0
0.03,False,0.5,121.25,0.34641709735996645,2480,41,1.0,1.5,10.0
0.03,False,0.75,210.70000000000002,0.34641709735996645,2480,41,1.0,1.5,10.0
0.03,True,0.25,64.39999999999999,0.6535829026400335,4679,41,1.0,1.5,10.0
0.03,True,0.5,117.40000000000002,0.6535829026400335,4679,41,1.0,1.5,10.0
0.03,True,0.75,209.45000000000005,0.6535829026400335,4679,41,1.0,1.5,10.0
0.06,False,0.25,60.3,0.21046007551391413,1505,41,1.0,1.5,10.0
0.06,False,0.5,110.09999999999998,0.21046007551391413,1505,41,1.0,1.5,10.0
0.06,False,0.75,191.8,0.21046007551391413,1505,41,1.0,1.5,10.0
0.06,True,0.25,62.125,0.7895399244860859,5646,41,1.0,1.5,10.0
0.06,True,0.5,106.3,0.7895399244860859,5646,41,1.0,1.5,10.0
0.06,True,0.75,184.775,0.7895399244860859,5646,41,1.0,1.5,10.0
0.09,False,0.25,53.099999999999994,0.12801408832294772,945,41,1.0,1.5,10.0
0.09,False,0.5,97.89999999999999,0.12801408832294772,945,41,1.0,1.5,10.0
0.09,False,0.75,168.20000000000002,0.12801408832294772,945,41,1.0,1.5,10.0
0.09,True,0.25,55.49999999999999,0.8719859116770523,6437,41,1.0,1.5,10.0
0.09,True,0.5,97.19999999999999,0.8719859116770523,6437,41,1.0,1.5,10.0
0.09,True,0.75,166.09999999999997,0.8719859116770523,6437,41,1.0,1.5,10.0
0.12,False,0.25,47.175,0.06972883231876037,504,41,1.0,1.5,10.0
0.12,False,0.5,82.94999999999999,0.06972883231876037,504,41,1.0,1.5,10.0
0.12,False,0.75,138.14999999999998,0.06972883231876037,504,41,1.0,1.5,10.0
0.12,True,0.25,50.375,0.9302711676812396,6724,41,1.0,1.5,10.0
0.12,True,0.5,84.0,0.9302711676812396,6724,41,1.0,1.5,10.0
0.12,True,0.75,140.2,0.9302711676812396,6724,41,1.0,1.5,10.0
0.15,False,0.25,41.6,0.04136986301369863,302,41,1.0,1.5,10.0
0.15,False,0.5,74.55,0.04136986301369863,302,41,1.0,1.5,10.0
0.15,False,0.75,120.975,0.04136986301369863,302,41,1.0,1.5,10.0
0.15,True,0.25,45.425000000000004,0.9586301369863014,6998,41,1.0,1.5,10.0
0.15,True,0.5,74.80000000000001,0.9586301369863014,6998,41,1.0,1.5,10.0
0.15,True,0.75,122.09999999999998,0.9586301369863014,6998,41,1.0,1.5,10.0
0.0,False,0.25,67.39999999999999,0.5072342793544797,1823,52,1.0,1.5,10.0
0.0,False,0.5,120.20000000000002,0.5072342793544797,1823,52,1.0,1.5,10.0
0.0,False,0.75,213.70000000000005,0.5072342793544797,1823,52,1.0,1.5,10.0
0.0,True,0.25,67.6,0.4927657206455203,1771,52,1.0,1.5,10.0
0.0,True,0.5,124.59999999999998,0.4927657206455203,1771,52,1.0,1.5,10.0
0.0,True,0.75,223.90000000000003,0.4927657206455203,1771,52,1.0,1.5,10.0
0.03,False,0.25,64.65,0.3416783216783217,2443,52,1.0,1.5,10.0
0.03,False,0.5,120.0,0.3416783216783217,2443,52,1.0,1.5,10.0
0.03,False,0.75,212.40000000000003,0.3416783216783217,2443,52,1.0,1.5,10.0
0.03,True,0.25,64.65,0.6583216783216783,4707,52,1.0,1.5,10.0
0.03,True,0.5,119.6,0.6583216783216783,4707,52,1.0,1.5,10.0
0.03,True,0.75,213.40000000000003,0.6583216783216783,4707,52,1.0,1.5,10.0
0.06,False,0.25,58.89999999999999,0.2143756118025451,1533,52,1.0,1.5,10.0
0.06,False,0.5,108.3,0.2143756118025451,1533,52,1.0,1.5,10.0
0.06,False,0.75,188.5,0.2143756118025451,1533,52,1.0,1.5,10.0
0.06,True,0.25,60.400000000000006,0.785624388197455,5618,52,1.0,1.5,10.0
0.06,True,0.5,108.54999999999998,0.785624388197455,5618,52,1.0,1.5,10.0
0.06,True,0.75,189.47499999999997,0.785624388197455,5618,52,1.0,1.5,10.0
0.09,False,0.25,49.89999999999999,0.11966391109906492,883,52,1.0,1.5,10.0
0.09,False,0.5,88.5,0.11966391109906492,883,52,1.0,1.5,10.0
0.09,False,0.75,157.05,0.11966391109906492,883,52,1.0,1.5,10.0
0.09,True,0.25,55.400000000000006,0.8803360889009351,6496,52,1.0,1.5,10.0
0.09,True,0.5,98.4,0.8803360889009351,6496,52,1.0,1.5,10.0
0.09,True,0.75,165.9,0.8803360889009351,6496,52,1.0,1.5,10.0
0.12,False,0.25,46.400000000000006,0.07261410788381743,525,52,1.0,1.5,10.0
0.12,False,0.5,78.80000000000001,0.07261410788381743,525,52,1.0,1.5,10.0
0.12,False,0.75,129.5,0.07261410788381743,525,52,1.0,1.5,10.0
0.12,True,0.25,51.49999999999999,0.9273858921161826,6705,52,1.0,1.5,10.0
0.12,True,0.5,85.1,0.9273858921161826,6705,52,1.0,1.5,10.0
0.12,True,0.75,143.5,0.9273858921161826,6705,52,1.0,1.5,10.0
0.15,False,0.25,41.6,0.03945205479452055,288,52,1.0,1.5,10.0
0.15,False,0.5,64.35,0.03945205479452055,288,52,1.0,1.5,10.0
0.15,False,0.75,103.025,0.03945205479452055,288,52,1.0,1.5,10.0
0.15,True,0.25,45.7,0.9605479452054795,7012,52,1.0,1.5,10.0
0.15,True,0.5,74.80000000000001,0.9605479452054795,7012,52,1.0,1.5,10.0
0.15,True,0.75,122.325,0.9605479452054795,7012,52,1.0,1.5,10.0
0.0,False,0.25,65.5,0.506818814361258,1821,56,1.0,1.5,10.0
0.0,False,0.5,121.6,0.506818814361258,1821,56,1.0,1.5,10.0
0.0,False,0.75,218.60000000000005,0.506818814361258,1821,56,1.0,1.5,10.0
0.0,True,0.25,67.075,0.493181185638742,1772,56,1.0,1.5,10.0
0.0,True,0.5,124.25,0.493181185638742,1772,56,1.0,1.5,10.0
0.0,True,0.75,218.02500000000003,0.493181185638742,1772,56,1.0,1.5,10.0
0.03,False,0.25,62.375000000000014,0.33095737246680645,2368,56,1.0,1.5,10.0
0.03,False,0.5,116.94999999999999,0.33095737246680645,2368,56,1.0,1.5,10.0
0.03,False,0.75,206.22500000000002,0.33095737246680645,2368,56,1.0,1.5,10.0
0.03,True,0.25,68.15,0.6690426275331935,4787,56,1.0,1.5,10.0
0.03,True,0.5,122.09999999999998,0.6690426275331935,4787,56,1.0,1.5,10.0
0.03,True,0.75,212.00000000000003,0.6690426275331935,4787,56,1.0,1.5,10.0
0.06,False,0.25,60.400000000000006,0.212468549063461,1520,56,1.0,1.5,10.0
0.06,False,0.5,105.14999999999999,0.212468549063461,1520,56,1.0,1.5,10.0
0.06,False,0.75,185.49999999999997,0.212468549063461,1520,56,1.0,1.5,10.0
0.06,True,0.25,62.5,0.787531450936539,5634,56,1.0,1.5,10.0
0.06,True,0.5,111.10000000000001,0.787531450936539,5634,56,1.0,1.5,10.0
0.06,True,0.75,193.39999999999998,0.787531450936539,5634,56,1.0,1.5,10.0
0.09,False,0.25,54.89999999999999,0.12621885157096424,932,56,1.0,1.5,10.0
0.09,False,0.5,90.49999999999999,0.12621885157096424,932,56,1.0,1.5,10.0
0.09,False,0.75,159.65,0.12621885157096424,932,56,1.0,1.5,10.0
0.09,True,0.25,56.099999999999994,0.8737811484290358,6452,56,1.0,1.5,10.0
0.09,True,0.5,97.30000000000001,0.8737811484290358,6452,56,1.0,1.5,10.0
0.09,True,0.75,168.9,0.8737811484290358,6452,56,1.0,1.5,10.0
0.12,False,0.25,43.6,0.07152739346983951,517,56,1.0,1.5,10.0
0.12,False,0.5,74.39999999999999,0.07152739346983951,517,56,1.0,1.5,10.0
0.12,False,0.75,129.20000000000002,0.07152739346983951,517,56,1.0,1.5,10.0
0.12,True,0.25,49.89999999999999,0.9284726065301605,6711,56,1.0,1.5,10.0
0.12,True,0.5,84.0,0.9284726065301605,6711,56,1.0,1.5,10.0
0.12,True,0.75,141.0,0.9284726065301605,6711,56,1.0,1.5,10.0
0.15,False,0.25,40.449999999999996,0.03616438356164384,264,56,1.0,1.5,10.0
0.15,False,0.5,69.05,0.03616438356164384,264,56,1.0,1.5,10.0
0.15,False,0.75,114.475,0.03616438356164384,264,56,1.0,1.5,10.0
0.15,True,0.25,44.875,0.9638356164383561,7036,56,1.0,1.5,10.0
0.15,True,0.5,72.70000000000002,0.9638356164383561,7036,56,1.0,1.5,10.0
0.15,True,0.75,118.89999999999998,0.9638356164383561,7036,56,1.0,1.5,10.0
0.0,False,0.25,64.10000000000001,0.49401280980228346,1774,57,1.0,1.5,10.0
0.0,False,0.5,119.75,0.49401280980228346,1774,57,1.0,1.5,10.0
0.0,False,0.75,220.57500000000005,0.49401280980228346,1774,57,1.0,1.5,10.0
0.0,True,0.25,65.39999999999999,0.5059871901977165,1817,57,1.0,1.5,10.0
0.0,True,0.5,119.29999999999998,0.5059871901977165,1817,57,1.0,1.5,10.0
0.0,True,0.75,219.70000000000007,0.5059871901977165,1817,57,1.0,1.5,10.0
0.03,False,0.25,65.35,0.33510563872953686,2395,57,1.0,1.5,10.0
0.03,False,0.5,118.0,0.33510563872953686,2395,57,1.0,1.5,10.0
0.03,False,0.75,212.55,0.33510563872953686,2395,57,1.0,1.5,10.0
0.03,True,0.25,65.975,0.6648943612704631,4752,57,1.0,1.5,10.0
0.03,True,0.5,118.79999999999998,0.6648943612704631,4752,57,1.0,1.5,10.0
0.03,True,0.75,209.95000000000005,0.6648943612704631,4752,57,1.0,1.5,10.0
0.06,False,0.25,58.974999999999994,0.2174643157010915,1554,57,1.0,1.5,10.0
0.06,False,0.5,109.00000000000001,0.2174643157010915,1554,57,1.0,1.5,10.0
0.06,False,0.75,192.29999999999998,0.2174643157010915,1554,57,1.0,1.5,10.0
0.06,True,0.25,61.675,0.7825356842989085,5592,57,1.0,1.5,10.0
0.06,True,0.5,111.15,0.7825356842989085,5592,57,1.0,1.5,10.0
0.06,True,0.75,193.22500000000002,0.7825356842989085,5592,57,1.0,1.5,10.0
0.09,False,0.25,52.54999999999999,0.13078797725426483,966,57,1.0,1.5,10.0
0.09,False,0.5,90.5,0.13078797725426483,966,57,1.0,1.5,10.0
0.09,False,0.75,155.55,0.13078797725426483,966,57,1.0,1.5,10.0
0.09,True,0.25,57.800000000000004,0.8692120227457352,6420,57,1.0,1.5,10.0
0.09,True,0.5,100.0,0.8692120227457352,6420,57,1.0,1.5,10.0
0.09,True,0.75,164.3,0.8692120227457352,6420,57,1.0,1.5,10.0
0.12,False,0.25,46.974999999999994,0.07249584947426674,524,57,1.0,1.5,10.0
0.12,False,0.5,77.74999999999999,0.07249584947426674,524,57,1.0,1.5,10.0
0.12,False,0.75,139.325,0.07249584947426674,524,57,1.0,1.5,10.0
0.12,True,0.25,50.175,0.9275041505257332,6704,57,1.0,1.5,10.0
0.12,True,0.5,84.3,0.9275041505257332,6704,57,1.0,1.5,10.0
0.12,True,0.75,141.20000000000002,0.9275041505257332,6704,57,1.0,1.5,10.0
0.15,False,0.25,41.52499999999999,0.036986301369863014,270,57,1.0,1.5,10.0
0.15,False,0.5,65.6,0.036986301369863014,270,57,1.0,1.5,10.0
0.15,False,0.75,105.10000000000001,0.036986301369863014,270,57,1.0,1.5,10.0
0.15,True,0.25,46.1,0.963013698630137,7030,57,1.0,1.5,10.0
0.15,True,0.5,75.0,0.963013698630137,7030,57,1.0,1.5,10.0
0.15,True,0.75,120.7,0.963013698630137,7030,57,1.0,1.5,10.0
0.0,False,0.25,64.30000000000001,0.4948424867577363,1775,59,1.0,1.5,10.0
0.0,False,0.5,122.99999999999997,0.4948424867577363,1775,59,1.0,1.5,10.0
0.0,False,0.75,212.8,0.4948424867577363,1775,59,1.0,1.5,10.0
0.0,True,0.25,67.25,0.5051575132422638,1812,59,1.0,1.5,10.0
0.0,True,0.5,122.49999999999997,0.5051575132422638,1812,59,1.0,1.5,10.0
0.0,True,0.75,221.92500000000007,0.5051575132422638,1812,59,1.0,1.5,10.0
0.03,False,0.25,63.9,0.3384593876695093,2421,59,1.0,1.5,10.0
0.03,False,0.5,116.7,0.3384593876695093,2421,59,1.0,1.5,10.0
0.03,False,0.75,208.60000000000002,0.3384593876695093,2421,59,1.0,1.5,10.0
0.03,True,0.25,64.7,0.6615406123304907,4732,59,1.0,1.5,10.0
0.03,True,0.5,120.94999999999997,0.6615406123304907,4732,59,1.0,1.5,10.0
0.03,True,0.75,214.00000000000003,0.6615406123304907,4732,59,1.0,1.5,10.0
0.06,False,0.25,61.9,0.22130459126539753,1581,59,1.0,1.5,10.0
0.06,False,0.5,107.99999999999999,0.22130459126539753,1581,59,1.0,1.5,10.0
0.06,False,0.75,189.29999999999998,0.22130459126539753,1581,59,1.0,1.5,10.0
0.06,True,0.25,62.20000000000001,0.7786954087346024,5563,59,1.0,1.5,10.0
0.06,True,0.5,111.00000000000001,0.7786954087346024,5563,59,1.0,1.5,10.0
0.06,True,0.75,189.29999999999998,0.7786954087346024,5563,59,1.0,1.5,10.0
0.09,False,0.25,52.6,0.1335862349275166,986,59,1.0,1.5,10.0
0.09,False,0.5,94.8,0.1335862349275166,986,59,1.0,1.5,10.0
0.09,False,0.75,157.3,0.1335862349275166,986,59,1.0,1.5,10.0
0.09,True,0.25,56.099999999999994,0.8664137650724834,6395,59,1.0,1.5,10.0
0.09,True,0.5,98.19999999999999,0.8664137650724834,6395,59,1.0,1.5,10.0
0.09,True,0.75,167.6,0.8664137650724834,6395,59,1.0,1.5,10.0
0.12,False,0.25,43.5,0.07151749896251211,517,59,1.0,1.5,10.0
0.12,False,0.5,73.2,0.07151749896251211,517,59,1.0,1.5,10.0
0.12,False,0.75,133.79999999999998,0.07151749896251211,517,59,1.0,1.5,10.0
0.12,True,0.25,51.4,0.9284825010374879,6712,59,1.0,1.5,10.0
0.12,True,0.5,86.45,0.9284825010374879,6712,59,1.0,1.5,10.0
0.12,True,0.75,144.50000000000003,0.9284825010374879,6712,59,1.0,1.5,10.0
0.15,False,0.25,43.0,0.040958904109589044,299,59,1.0,1.5,10.0
0.15,False,0.5,70.8,0.040958904109589044,299,59,1.0,1.5,10.0
0.15,False,0.75,113.94999999999999,0.040958904109589044,299,59,1.0,1.5,10.0
0.15,True,0.25,45.8,0.959041095890411,7001,59,1.0,1.5,10.0
0.15,True,0.5,74.80000000000001,0.959041095890411,7001,59,1.0,1.5,10.0
0.15,True,0.75,120.3,0.959041095890411,7001,59,1.0,1.5,10.0
0.0,False,0.25,63.925,0.4944258639910814,1774,61,1.0,1.5,10.0
0.0,False,0.5,120.09999999999998,0.4944258639910814,1774,61,1.0,1.5,10.0
0.0,False,0.75,209.075,0.4944258639910814,1774,61,1.0,1.5,10.0
0.0,True,0.25,68.0,0.5055741360089187,1814,61,1.0,1.5,10.0
0.0,True,0.5,124.64999999999998,0.5055741360089187,1814,61,1.0,1.5,10.0
0.0,True,0.75,215.37500000000003,0.5055741360089187,1814,61,1.0,1.5,10.0
0.03,False,0.25,62.20000000000001,0.3330072666294019,2383,61,1.0,1.5,10.0
0.03,False,0.5,118.60000000000001,0.3330072666294019,2383,61,1.0,1.5,10.0
0.03,False,0.75,211.10000000000002,0.3330072666294019,2383,61,1.0,1.5,10.0
0.03,True,0.25,62.9,0.6669927333705981,4773,61,1.0,1.5,10.0
0.03,True,0.5,119.29999999999998,0.6669927333705981,4773,61,1.0,1.5,10.0
0.03,True,0.75,209.50000000000003,0.6669927333705981,4773,61,1.0,1.5,10.0
0.06,False,0.25,60.05000000000001,0.22099370188943318,1579,61,1.0,1.5,10.0
0.06,False,0.5,105.70000000000002,0.22099370188943318,1579,61,1.0,1.5,10.0
0.06,False,0.75,198.5,0.22099370188943318,1579,61,1.0,1.5,10.0
0.06,True,0.25,60.400000000000006,0.7790062981105669,5566,61,1.0,1.5,10.0
0.06,True,0.5,109.9,0.7790062981105669,5566,61,1.0,1.5,10.0
0.06,True,0.75,194.575,0.7790062981105669,5566,61,1.0,1.5,10.0
0.09,False,0.25,50.5,0.12603333785065726,930,61,1.0,1.5,10.0
0.09,False,0.5,90.5,0.12603333785065726,930,61,1.0,1.5,10.0
0.09,False,0.75,159.575,0.12603333785065726,930,61,1.0,1.5,10.0
0.09,True,0.25,56.800000000000004,0.8739666621493427,6449,61,1.0,1.5,10.0
0.09,True,0.5,98.8,0.8739666621493427,6449,61,1.0,1.5,10.0
0.09,True,0.75,169.1,0.8739666621493427,6449,61,1.0,1.5,10.0
0.12,False,0.25,42.55,0.06500691562932227,470,61,1.0,1.5,10.0
0.12,False,0.5,75.74999999999999,0.06500691562932227,470,61,1.0,1.5,10.0
0.12,False,0.75,135.35,0.06500691562932227,470,61,1.0,1.5,10.0
0.12,True,0.25,50.6,0.9349930843706777,6760,61,1.0,1.5,10.0
0.12,True,0.5,84.54999999999998,0.9349930843706777,6760,61,1.0,1.5,10.0
0.12,True,0.75,142.7,0.9349930843706777,6760,61,1.0,1.5,10.0
0.15,False,0.25,42.55,0.040273972602739724,294,61,1.0,1.5,10.0
0.15,False,0.5,67.35,0.040273972602739724,294,61,1.0,1.5,10.0
0.15,False,0.75,110.59999999999998,0.040273972602739724,294,61,1.0,1.5,10.0
0.15,True,0.25,46.225,0.9597260273972603,7006,61,1.0,1.5,10.0
0.15,True,0.5,75.10000000000001,0.9597260273972603,7006,61,1.0,1.5,10.0
0.15,True,0.75,122.0,0.9597260273972603,7006,61,1.0,1.5,10.0
0.0,False,0.25,67.67500000000001,0.49707439398161046,1784,73,1.0,1.5,10.0
0.0,False,0.5,124.2,0.49707439398161046,1784,73,1.0,1.5,10.0
0.0,False,0.75,218.45000000000002,0.49707439398161046,1784,73,1.0,1.5,10.0
0.0,True,0.25,65.10000000000001,0.5029256060183895,1805,73,1.0,1.5,10.0
0.0,True,0.5,122.30000000000001,0.5029256060183895,1805,73,1.0,1.5,10.0
0.0,True,0.75,220.50000000000006,0.5029256060183895,1805,73,1.0,1.5,10.0
0.03,False,0.25,62.42500000000001,0.3467449008102822,2482,73,1.0,1.5,10.0
0.03,False,0.5,117.00000000000001,0.3467449008102822,2482,73,1.0,1.5,10.0
0.03,False,0.75,202.57500000000002,0.3467449008102822,2482,73,1.0,1.5,10.0
0.03,True,0.25,65.8,0.6532550991897178,4676,73,1.0,1.5,10.0
0.03,True,0.5,120.20000000000002,0.6532550991897178,4676,73,1.0,1.5,10.0
0.03,True,0.75,211.02500000000003,0.6532550991897178,4676,73,1.0,1.5,10.0
0.06,False,0.25,57.400000000000006,0.2124178436582296,1519,73,1.0,1.5,10.0
0.06,False,0.5,105.30000000000003,0.2124178436582296,1519,73,1.0,1.5,10.0
0.06,False,0.75,187.5,0.2124178436582296,1519,73,1.0,1.5,10.0
0.06,True,0.25,61.699999999999996,0.7875821563417704,5632,73,1.0,1.5,10.0
0.06,True,0.5,109.00000000000001,0.7875821563417704,5632,73,1.0,1.5,10.0
0.06,True,0.75,190.5,0.7875821563417704,5632,73,1.0,1.5,10.0
0.09,False,0.25,56.400000000000006,0.12107258938244854,894,73,1.0,1.5,10.0
0.09,False,0.5,95.94999999999999,0.12107258938244854,894,73,1.0,1.5,10.0
0.09,False,0.75,169.075,0.12107258938244854,894,73,1.0,1.5,10.0
0.09,True,0.25,56.699999999999996,0.8789274106175514,6490,73,1.0,1.5,10.0
0.09,True,0.5,97.4,0.8789274106175514,6490,73,1.0,1.5,10.0
0.09,True,0.75,165.72500000000002,0.8789274106175514,6490,73,1.0,1.5,10.0
0.12,False,0.25,43.525,0.07164591977869986,518,73,1.0,1.5,10.0
0.12,False,0.5,76.94999999999999,0.07164591977869986,518,73,1.0,1.5,10.0
0.12,False,0.75,140.65,0.07164591977869986,518,73,1.0,1.5,10.0
0.12,True,0.25,50.0,0.9283540802213002,6712,73,1.0,1.5,10.0
0.12,True,0.5,83.55,0.9283540802213002,6712,73,1.0,1.5,10.0
0.12,True,0.75,140.325,0.9283540802213002,6712,73,1.0,1.5,10.0
0.15,False,0.25,43.2,0.036575342465753426,267,73,1.0,1.5,10.0
0.15,False,0.5,72.2,0.036575342465753426,267,73,1.0,1.5,10.0
0.15,False,0.75,114.69999999999999,0.036575342465753426,267,73,1.0,1.5,10.0
0.15,True,0.25,45.5,0.9634246575342466,7033,73,1.0,1.5,10.0
0.15,True,0.5,73.6,0.9634246575342466,7033,73,1.0,1.5,10.0
0.15,True,0.75,119.00000000000003,0.9634246575342466,7033,73,1.0,1.5,10.0
0.0,False,0.25,63.999999999999986,0.49805339265850945,1791,79,1.0,1.5,10.0
0.0,False,0.5,120.49999999999999,0.49805339265850945,1791,79,1.0,1.5,10.0
0.0,False,0.75,210.15000000000003,0.49805339265850945,1791,79,1.0,1.5,10.0
0.0,True,0.25,66.7,0.5019466073414905,1805,79,1.0,1.5,10.0
0.0,True,0.5,124.59999999999998,0.5019466073414905,1805,79,1.0,1.5,10.0
0.0,True,0.75,208.20000000000002,0.5019466073414905,1805,79,1.0,1.5,10.0
0.03,False,0.25,63.325,0.33500977926795195,2398,79,1.0,1.5,10.0
0.03,False,0.5,121.69999999999999,0.33500977926795195,2398,79,1.0,1.5,10.0
0.03,False,0.75,212.47500000000005,0.33500977926795195,2398,79,1.0,1.5,10.0
0.03,True,0.25,66.10000000000001,0.664990220732048,4760,79,1.0,1.5,10.0
0.03,True,0.5,119.50000000000001,0.664990220732048,4760,79,1.0,1.5,10.0
0.03,True,0.75,213.00000000000003,0.664990220732048,4760,79,1.0,1.5,10.0
0.06,False,0.25,58.60000000000001,0.21085011185682326,1508,79,1.0,1.5,10.0
0.06,False,0.5,109.6,0.21085011185682326,1508,79,1.0,1.5,10.0
0.06,False,0.75,185.45,0.21085011185682326,1508,79,1.0,1.5,10.0
0.06,True,0.25,60.000000000000014,0.7891498881431768,5644,79,1.0,1.5,10.0
0.06,True,0.5,108.54999999999998,0.7891498881431768,5644,79,1.0,1.5,10.0
0.06,True,0.75,191.125,0.7891498881431768,5644,79,1.0,1.5,10.0
0.09,False,0.25,52.849999999999994,0.12667660208643816,935,79,1.0,1.5,10.0
0.09,False,0.5,95.19999999999999,0.12667660208643816,935,79,1.0,1.5,10.0
0.09,False,0.75,156.2,0.12667660208643816,935,79,1.0,1.5,10.0
0.09,True,0.25,56.3,0.8733233979135618,6446,79,1.0,1.5,10.0
0.09,True,0.5,96.55,0.8733233979135618,6446,79,1.0,1.5,10.0
0.09,True,0.75,168.60000000000002,0.8733233979135618,6446,79,1.0,1.5,10.0
0.12,False,0.25,44.45,0.06791147994467496,491,79,1.0,1.5,10.0
0.12,False,0.5,76.0,0.06791147994467496,491,79,1.0,1.5,10.0
0.12,False,0.75,131.25,0.06791147994467496,491,79,1.0,1.5,10.0
0.12,True,0.25,50.4,0.932088520055325,6739,79,1.0,1.5,10.0
0.12,True,0.5,84.3,0.932088520055325,6739,79,1.0,1.5,10.0
0.12,True,0.75,142.55,0.932088520055325,6739,79,1.0,1.5,10.0
0.15,False,0.25,42.8,0.03767123287671233,275,79,1.0,1.5,10.0
0.15,False,0.5,74.2,0.03767123287671233,275,79,1.0,1.5,10.0
0.15,False,0.75,116.05000000000001,0.03767123287671233,275,79,1.0,1.5,10.0
0.15,True,0.25,45.8,0.9623287671232876,7025,79,1.0,1.5,10.0
0.15,True,0.5,73.10000000000001,0.9623287671232876,7025,79,1.0,1.5,10.0
0.15,True,0.75,118.20000000000002,0.9623287671232876,7025,79,1.0,1.5,10.0
0.0,False,0.25,64.3,0.509212730318258,1824,80,1.0,1.5,10.0
0.0,False,0.5,120.25,0.509212730318258,1824,80,1.0,1.5,10.0
0.0,False,0.75,211.30000000000004,0.509212730318258,1824,80,1.0,1.5,10.0
0.0,True,0.25,66.125,0.490787269681742,1758,80,1.0,1.5,10.0
0.0,True,0.5,119.45000000000002,0.490787269681742,1758,80,1.0,1.5,10.0
0.0,True,0.75,217.50000000000003,0.490787269681742,1758,80,1.0,1.5,10.0
0.03,False,0.25,64.8,0.3417225950782998,2444,80,1.0,1.5,10.0
0.03,False,0.5,120.69999999999999,0.3417225950782998,2444,80,1.0,1.5,10.0
0.03,False,0.75,215.32500000000005,0.3417225950782998,2444,80,1.0,1.5,10.0
0.03,True,0.25,65.8,0.6582774049217002,4708,80,1.0,1.5,10.0
0.03,True,0.5,118.79999999999998,0.6582774049217002,4708,80,1.0,1.5,10.0
0.03,True,0.75,211.52500000000003,0.6582774049217002,4708,80,1.0,1.5,10.0
0.06,False,0.25,58.20000000000001,0.21874125874125874,1564,80,1.0,1.5,10.0
0.06,False,0.5,106.05,0.21874125874125874,1564,80,1.0,1.5,10.0
0.06,False,0.75,188.7,0.21874125874125874,1564,80,1.0,1.5,10.0
0.06,True,0.25,61.1,0.7812587412587413,5586,80,1.0,1.5,10.0
0.06,True,0.5,109.89999999999999,0.7812587412587413,5586,80,1.0,1.5,10.0
0.06,True,0.75,186.975,0.7812587412587413,5586,80,1.0,1.5,10.0
0.09,False,0.25,49.87499999999999,0.1300284437220642,960,80,1.0,1.5,10.0
0.09,False,0.5,89.25,0.1300284437220642,960,80,1.0,1.5,10.0
0.09,False,0.75,163.925,0.1300284437220642,960,80,1.0,1.5,10.0
0.09,True,0.25,56.05,0.8699715562779358,6423,80,1.0,1.5,10.0
0.09,True,0.5,97.1,0.8699715562779358,6423,80,1.0,1.5,10.0
0.09,True,0.75,167.5,0.8699715562779358,6423,80,1.0,1.5,10.0
0.12,False,0.25,45.8,0.07178423236514522,519,80,1.0,1.5,10.0
0.12,False,0.5,76.19999999999997,0.07178423236514522,519,80,1.0,1.5,10.0
0.12,False,0.75,135.1,0.07178423236514522,519,80,1.0,1.5,10.0
0.12,True,0.25,51.64999999999999,0.9282157676348548,6711,80,1.0,1.5,10.0
0.12,True,0.5,87.0,0.9282157676348548,6711,80,1.0,1.5,10.0
0.12,True,0.75,142.8,0.9282157676348548,6711,80,1.0,1.5,10.0
0.15,False,0.25,42.925,0.03561643835616438,260,80,1.0,1.5,10.0
0.15,False,0.5,74.19999999999999,0.03561643835616438,260,80,1.0,1.5,10.0
0.15,False,0.75,109.09999999999998,0.03561643835616438,260,80,1.0,1.5,10.0
0.15,True,0.25,46.2,0.9643835616438357,7040,80,1.0,1.5,10.0
0.15,True,0.5,74.80000000000001,0.9643835616438357,7040,80,1.0,1.5,10.0
0.15,True,0.75,122.19999999999997,0.9643835616438357,7040,80,1.0,1.5,10.0
0.0,False,0.25,68.70000000000002,0.49888579387186627,1791,81,1.0,1.5,10.0
0.0,False,0.5,126.1,0.49888579387186627,1791,81,1.0,1.5,10.0
0.0,False,0.75,220.65000000000003,0.49888579387186627,1791,81,1.0,1.5,10.0
0.0,True,0.25,70.6,0.5011142061281337,1799,81,1.0,1.5,10.0
0.0,True,0.5,126.1,0.5011142061281337,1799,81,1.0,1.5,10.0
0.0,True,0.75,217.70000000000005,0.5011142061281337,1799,81,1.0,1.5,10.0
0.03,False,0.25,64.39999999999999,0.341344138605561,2443,81,1.0,1.5,10.0
0.03,False,0.5,117.2,0.341344138605561,2443,81,1.0,1.5,10.0
0.03,False,0.75,211.25000000000003,0.341344138605561,2443,81,1.0,1.5,10.0
0.03,True,0.25,65.6,0.658655861394439,4714,81,1.0,1.5,10.0
0.03,True,0.5,117.69999999999999,0.658655861394439,4714,81,1.0,1.5,10.0
0.03,True,0.75,213.2,0.658655861394439,4714,81,1.0,1.5,10.0
0.06,False,0.25,56.575,0.2153846153846154,1540,81,1.0,1.5,10.0
0.06,False,0.5,101.69999999999999,0.2153846153846154,1540,81,1.0,1.5,10.0
0.06,False,0.75,189.32500000000002,0.2153846153846154,1540,81,1.0,1.5,10.0
0.06,True,0.25,61.60000000000001,0.7846153846153846,5610,81,1.0,1.5,10.0
0.06,True,0.5,108.44999999999997,0.7846153846153846,5610,81,1.0,1.5,10.0
0.06,True,0.75,190.2,0.7846153846153846,5610,81,1.0,1.5,10.0
0.09,False,0.25,51.29999999999999,0.13419092755585646,991,81,1.0,1.5,10.0
0.09,False,0.5,88.59999999999998,0.13419092755585646,991,81,1.0,1.5,10.0
0.09,False,0.75,156.40000000000003,0.13419092755585646,991,81,1.0,1.5,10.0
0.09,True,0.25,57.20000000000001,0.8658090724441435,6394,81,1.0,1.5,10.0
0.09,True,0.5,100.0,0.8658090724441435,6394,81,1.0,1.5,10.0
0.09,True,0.75,167.47500000000002,0.8658090724441435,6394,81,1.0,1.5,10.0
0.12,False,0.25,44.4,0.06930419145109974,501,81,1.0,1.5,10.0
0.12,False,0.5,76.39999999999999,0.06930419145109974,501,81,1.0,1.5,10.0
0.12,False,0.75,128.99999999999997,0.06930419145109974,501,81,1.0,1.5,10.0
0.12,True,0.25,51.975,0.9306958085489002,6728,81,1.0,1.5,10.0
0.12,True,0.5,85.44999999999999,0.9306958085489002,6728,81,1.0,1.5,10.0
0.12,True,0.75,143.3,0.9306958085489002,6728,81,1.0,1.5,10.0
0.15,False,0.25,41.39999999999999,0.04096451568708042,299,81,1.0,1.5,10.0
0.15,False,0.5,68.99999999999999,0.04096451568708042,299,81,1.0,1.5,10.0
0.15,False,0.75,114.30000000000001,0.04096451568708042,299,81,1.0,1.5,10.0
0.15,True,0.25,45.6,0.9590354843129196,7000,81,1.0,1.5,10.0
0.15,True,0.5,74.35,0.9590354843129196,7000,81,1.0,1.5,10.0
0.15,True,0.75,120.49999999999999,0.9590354843129196,7000,81,1.0,1.5,10.0
0.0,False,0.25,64.6,0.4983324068927182,1793,97,1.0,1.5,10.0
0.0,False,0.5,117.10000000000001,0.4983324068927182,1793,97,1.0,1.5,10.0
0.0,False,0.75,213.2,0.4983324068927182,1793,97,1.0,1.5,10.0
0.0,True,0.25,64.6,0.5016675931072818,1805,97,1.0,1.5,10.0
0.0,True,0.5,120.09999999999998,0.5016675931072818,1805,97,1.0,1.5,10.0
0.0,True,0.75,213.40000000000003,0.5016675931072818,1805,97,1.0,1.5,10.0
0.03,False,0.25,64.3,0.34368008948545864,2458,97,1.0,1.5,10.0
0.03,False,0.5,120.29999999999998,0.34368008948545864,2458,97,1.0,1.5,10.0
0.03,False,0.75,213.70000000000005,0.34368008948545864,2458,97,1.0,1.5,10.0
0.03,True,0.25,63.72500000000001,0.6563199105145414,4694,97,1.0,1.5,10.0
0.03,True,0.5,116.25,0.6563199105145414,4694,97,1.0,1.5,10.0
0.03,True,0.75,204.57500000000005,0.6563199105145414,4694,97,1.0,1.5,10.0
0.06,False,0.25,56.800000000000004,0.21911291450958445,1566,97,1.0,1.5,10.0
0.06,False,0.5,107.25,0.21911291450958445,1566,97,1.0,1.5,10.0
0.06,False,0.75,184.85,0.21911291450958445,1566,97,1.0,1.5,10.0
0.06,True,0.25,60.400000000000006,0.7808870854904155,5581,97,1.0,1.5,10.0
0.06,True,0.5,106.6,0.7808870854904155,5581,97,1.0,1.5,10.0
0.06,True,0.75,188.8,0.7808870854904155,5581,97,1.0,1.5,10.0
0.09,False,0.25,54.800000000000004,0.12202058504875406,901,97,1.0,1.5,10.0
0.09,False,0.5,93.30000000000001,0.12202058504875406,901,97,1.0,1.5,10.0
0.09,False,0.75,172.9,0.12202058504875406,901,97,1.0,1.5,10.0
0.09,True,0.25,55.00000000000001,0.877979414951246,6483,97,1.0,1.5,10.0
0.09,True,0.5,96.0,0.877979414951246,6483,97,1.0,1.5,10.0
0.09,True,0.75,163.45,0.877979414951246,6483,97,1.0,1.5,10.0
0.12,False,0.25,45.375,0.0730391478766081,528,97,1.0,1.5,10.0
0.12,False,0.5,76.14999999999998,0.0730391478766081,528,97,1.0,1.5,10.0
0.12,False,0.75,134.225,0.0730391478766081,528,97,1.0,1.5,10.0
0.12,True,0.25,50.29999999999999,0.9269608521233919,6701,97,1.0,1.5,10.0
0.12,True,0.5,85.39999999999999,0.9269608521233919,6701,97,1.0,1.5,10.0
0.12,True,0.75,140.8,0.9269608521233919,6701,97,1.0,1.5,10.0
0.15,False,0.25,42.5,0.03616438356164384,264,97,1.0,1.5,10.0
0.15,False,0.5,64.7,0.03616438356164384,264,97,1.0,1.5,10.0
0.15,False,0.75,105.575,0.03616438356164384,264,97,1.0,1.5,10.0
0.15,True,0.25,45.8,0.9638356164383561,7036,97,1.0,1.5,10.0
0.15,True,0.5,73.95,0.9638356164383561,7036,97,1.0,1.5,10.0
0.15,True,0.75,119.9,0.9638356164383561,7036,97,1.0,1.5,10.0
0.0,False,0.25,63.775,0.4991662034463591,1796,98,1.0,1.5,10.0
0.0,False,0.5,123.19999999999997,0.4991662034463591,1796,98,1.0,1.5,10.0
0.0,False,0.75,209.60000000000005,0.4991662034463591,1796,98,1.0,1.5,10.0
0.0,True,0.25,66.99999999999999,0.5008337965536409,1802,98,1.0,1.5,10.0
0.0,True,0.5,120.59999999999997,0.5008337965536409,1802,98,1.0,1.5,10.0
0.0,True,0.75,214.45000000000005,0.5008337965536409,1802,98,1.0,1.5,10.0
0.03,False,0.25,64.39999999999999,0.34008946044171096,2433,98,1.0,1.5,10.0
0.03,False,0.5,119.9,0.34008946044171096,2433,98,1.0,1.5,10.0
0.03,False,0.75,213.40000000000003,0.34008946044171096,2433,98,1.0,1.5,10.0
0.03,True,0.25,65.7,0.659910539558289,4721,98,1.0,1.5,10.0
0.03,True,0.5,118.79999999999998,0.659910539558289,4721,98,1.0,1.5,10.0
0.03,True,0.75,212.50000000000006,0.659910539558289,4721,98,1.0,1.5,10.0
0.06,False,0.25,58.525000000000006,0.21734265734265734,1554,98,1.0,1.5,10.0
0.06,False,0.5,107.69999999999997,0.21734265734265734,1554,98,1.0,1.5,10.0
0.06,False,0.75,192.7,0.21734265734265734,1554,98,1.0,1.5,10.0
0.06,True,0.25,62.1,0.7826573426573427,5596,98,1.0,1.5,10.0
0.06,True,0.5,111.69999999999997,0.7826573426573427,5596,98,1.0,1.5,10.0
0.06,True,0.75,193.52499999999998,0.7826573426573427,5596,98,1.0,1.5,10.0
0.09,False,0.25,52.00000000000001,0.12176621969389137,899,98,1.0,1.5,10.0
0.09,False,0.5,87.39999999999999,0.12176621969389137,899,98,1.0,1.5,10.0
0.09,False,0.75,148.9,0.12176621969389137,899,98,1.0,1.5,10.0
0.09,True,0.25,55.699999999999996,0.8782337803061087,6484,98,1.0,1.5,10.0
0.09,True,0.5,96.85000000000001,0.8782337803061087,6484,98,1.0,1.5,10.0
0.09,True,0.75,165.425,0.8782337803061087,6484,98,1.0,1.5,10.0
0.12,False,0.25,45.2,0.06973848069738481,504,98,1.0,1.5,10.0
0.12,False,0.5,75.05,0.06973848069738481,504,98,1.0,1.5,10.0
0.12,False,0.75,134.525,0.06973848069738481,504,98,1.0,1.5,10.0
0.12,True,0.25,50.0,0.9302615193026152,6723,98,1.0,1.5,10.0
0.12,True,0.5,84.19999999999999,0.9302615193026152,6723,98,1.0,1.5,10.0
0.12,True,0.75,142.55,0.9302615193026152,6723,98,1.0,1.5,10.0
0.15,False,0.25,38.8,0.03602739726027397,263,98,1.0,1.5,10.0
0.15,False,0.5,65.6,0.03602739726027397,263,98,1.0,1.5,10.0
0.15,False,0.75,116.49999999999997,0.03602739726027397,263,98,1.0,1.5,10.0
0.15,True,0.25,45.400000000000006,0.9639726027397261,7037,98,1.0,1.5,10.0
0.15,True,0.5,74.30000000000001,0.9639726027397261,7037,98,1.0,1.5,10.0
0.15,True,0.75,119.50000000000001,0.9639726027397261,7037,98,1.0,1.5,10.0
0.0,False,0.25,67.72500000000001,0.5094866071428571,1826,99,1.0,1.5,10.0
0.0,False,0.5,128.05,0.5094866071428571,1826,99,1.0,1.5,10.0
0.0,False,0.75,220.00000000000003,0.5094866071428571,1826,99,1.0,1.5,10.0
0.0,True,0.25,65.825,0.49051339285714285,1758,99,1.0,1.5,10.0
0.0,True,0.5,123.79999999999998,0.49051339285714285,1758,99,1.0,1.5,10.0
0.0,True,0.75,212.175,0.49051339285714285,1758,99,1.0,1.5,10.0
0.03,False,0.25,65.7,0.3534422566680631,2531,99,1.0,1.5,10.0
0.03,False,0.5,117.6,0.3534422566680631,2531,99,1.0,1.5,10.0
0.03,False,0.75,214.10000000000002,0.3534422566680631,2531,99,1.0,1.5,10.0
0.03,True,0.25,63.9,0.6465577433319368,4630,99,1.0,1.5,10.0
0.03,True,0.5,116.49999999999997,0.6465577433319368,4630,99,1.0,1.5,10.0
0.03,True,0.75,204.4,0.6465577433319368,4630,99,1.0,1.5,10.0
0.06,False,0.25,55.65,0.21798098434004473,1559,99,1.0,1.5,10.0
0.06,False,0.5,103.19999999999999,0.21798098434004473,1559,99,1.0,1.5,10.0
0.06,False,0.75,181.5,0.21798098434004473,1559,99,1.0,1.5,10.0
0.06,True,0.25,61.20000000000001,0.7820190156599552,5593,99,1.0,1.5,10.0
0.06,True,0.5,109.00000000000001,0.7820190156599552,5593,99,1.0,1.5,10.0
0.06,True,0.75,191.49999999999997,0.7820190156599552,5593,99,1.0,1.5,10.0
0.09,False,0.25,51.67499999999999,0.13376658543189818,988,99,1.0,1.5,10.0
0.09,False,0.5,91.75,0.13376658543189818,988,99,1.0,1.5,10.0
0.09,False,0.75,166.82500000000002,0.13376658543189818,988,99,1.0,1.5,10.0
0.09,True,0.25,56.49999999999999,0.8662334145681018,6398,99,1.0,1.5,10.0
0.09,True,0.5,96.90000000000002,0.8662334145681018,6398,99,1.0,1.5,10.0
0.09,True,0.75,166.20000000000002,0.8662334145681018,6398,99,1.0,1.5,10.0
0.12,False,0.25,48.35,0.0706972883231876,511,99,1.0,1.5,10.0
0.12,False,0.5,81.39999999999999,0.0706972883231876,511,99,1.0,1.5,10.0
0.12,False,0.75,134.0,0.0706972883231876,511,99,1.0,1.5,10.0
0.12,True,0.25,50.0,0.9293027116768124,6717,99,1.0,1.5,10.0
0.12,True,0.5,83.39999999999999,0.9293027116768124,6717,99,1.0,1.5,10.0
0.12,True,0.75,142.6,0.9293027116768124,6717,99,1.0,1.5,10.0
0.15,False,0.25,42.724999999999994,0.04219178082191781,308,99,1.0,1.5,10.0
0.15,False,0.5,68.79999999999998,0.04219178082191781,308,99,1.0,1.5,10.0
0.15,False,0.75,116.9,0.04219178082191781,308,99,1.0,1.5,10.0
0.15,True,0.25,45.6,0.9578082191780822,6992,99,1.0,1.5,10.0
0.15,True,0.5,73.69999999999999,0.9578082191780822,6992,99,1.0,1.5,10.0
0.15,True,0.75,120.59999999999997,0.9578082191780822,6992,99,1.0,1.5,10.0
0.0,False,0.25,61.699999999999996,0.498050139275766,1788,101,1.0,1.5,10.0
0.0,False,0.5,116.49999999999997,0.498050139275766,1788,101,1.0,1.5,10.0
0.0,False,0.75,204.95000000000002,0.498050139275766,1788,101,1.0,1.5,10.0
0.0,True,0.25,67.225,0.501949860724234,1802,101,1.0,1.5,10.0
0.0,True,0.5,118.09999999999998,0.501949860724234,1802,101,1.0,1.5,10.0
0.0,True,0.75,221.87500000000003,0.501949860724234,1802,101,1.0,1.5,10.0
0.03,False,0.25,62.9,0.3497695208828049,2504,101,1.0,1.5,10.0
0.03,False,0.5,117.64999999999999,0.3497695208828049,2504,101,1.0,1.5,10.0
0.03,False,0.75,213.60000000000002,0.3497695208828049,2504,101,1.0,1.5,10.0
0.03,True,0.25,64.99999999999999,0.6502304791171951,4655,101,1.0,1.5,10.0
0.03,True,0.5,117.6,0.6502304791171951,4655,101,1.0,1.5,10.0
0.03,True,0.75,206.45000000000005,0.6502304791171951,4655,101,1.0,1.5,10.0
0.06,False,0.25,57.800000000000004,0.22118074986010072,1581,101,1.0,1.5,10.0
0.06,False,0.5,103.5,0.22118074986010072,1581,101,1.0,1.5,10.0
0.06,False,0.75,175.50000000000003,0.22118074986010072,1581,101,1.0,1.5,10.0
0.06,True,0.25,62.849999999999994,0.7788192501398993,5567,101,1.0,1.5,10.0
0.06,True,0.5,113.6,0.7788192501398993,5567,101,1.0,1.5,10.0
0.06,True,0.75,197.25,0.7788192501398993,5567,101,1.0,1.5,10.0
0.09,False,0.25,50.4,0.12202058504875406,901,101,1.0,1.5,10.0
0.09,False,0.5,93.8,0.12202058504875406,901,101,1.0,1.5,10.0
0.09,False,0.75,168.09999999999997,0.12202058504875406,901,101,1.0,1.5,10.0
0.09,True,0.25,57.89999999999999,0.877979414951246,6483,101,1.0,1.5,10.0
0.09,True,0.5,100.8,0.877979414951246,6483,101,1.0,1.5,10.0
0.09,True,0.75,170.95,0.877979414951246,6483,101,1.0,1.5,10.0
0.12,False,0.25,46.1,0.07455048409405256,539,101,1.0,1.5,10.0
0.12,False,0.5,77.60000000000001,0.07455048409405256,539,101,1.0,1.5,10.0
0.12,False,0.75,131.95,0.07455048409405256,539,101,1.0,1.5,10.0
0.12,True,0.25,51.55,0.9254495159059475,6691,101,1.0,1.5,10.0
0.12,True,0.5,87.0,0.9254495159059475,6691,101,1.0,1.5,10.0
0.12,True,0.75,143.20000000000002,0.9254495159059475,6691,101,1.0,1.5,10.0
0.15,False,0.25,40.49999999999999,0.040136986301369866,293,101,1.0,1.5,10.0
0.15,False,0.5,69.5,0.040136986301369866,293,101,1.0,1.5,10.0
0.15,False,0.75,107.69999999999997,0.040136986301369866,293,101,1.0,1.5,10.0
0.15,True,0.25,45.400000000000006,0.9598630136986301,7007,101,1.0,1.5,10.0
0.15,True,0.5,74.70000000000002,0.9598630136986301,7007,101,1.0,1.5,10.0
0.15,True,0.75,123.10000000000001,0.9598630136986301,7007,101,1.0,1.5,10.0
0.0,False,0.25,70.39999999999999,0.4875871687587169,1748,113,1.0,1.5,10.0
0.0,False,0.5,126.0,0.4875871687587169,1748,113,1.0,1.5,10.0
0.0,False,0.75,215.85000000000002,0.4875871687587169,1748,113,1.0,1.5,10.0
0.0,True,0.25,67.39999999999999,0.5124128312412831,1837,113,1.0,1.5,10.0
0.0,True,0.5,126.7,0.5124128312412831,1837,113,1.0,1.5,10.0
0.0,True,0.75,214.70000000000002,0.5124128312412831,1837,113,1.0,1.5,10.0
0.03,False,0.25,66.6,0.3420942261987977,2447,113,1.0,1.5,10.0
0.03,False,0.5,117.69999999999999,0.3420942261987977,2447,113,1.0,1.5,10.0
0.03,False,0.75,206.60000000000002,0.3420942261987977,2447,113,1.0,1.5,10.0
0.03,True,0.25,65.9,0.6579057738012023,4706,113,1.0,1.5,10.0
0.03,True,0.5,122.30000000000001,0.6579057738012023,4706,113,1.0,1.5,10.0
0.03,True,0.75,215.27500000000003,0.6579057738012023,4706,113,1.0,1.5,10.0
0.06,False,0.25,59.20000000000001,0.22031053294167016,1575,113,1.0,1.5,10.0
0.06,False,0.5,106.39999999999998,0.22031053294167016,1575,113,1.0,1.5,10.0
0.06,False,0.75,188.24999999999997,0.22031053294167016,1575,113,1.0,1.5,10.0
0.06,True,0.25,60.60000000000001,0.7796894670583299,5574,113,1.0,1.5,10.0
0.06,True,0.5,109.64999999999998,0.7796894670583299,5574,113,1.0,1.5,10.0
0.06,True,0.75,192.17499999999998,0.7796894670583299,5574,113,1.0,1.5,10.0
0.09,False,0.25,51.49999999999999,0.12312068264932954,909,113,1.0,1.5,10.0
0.09,False,0.5,90.39999999999999,0.12312068264932954,909,113,1.0,1.5,10.0
0.09,False,0.75,153.6,0.12312068264932954,909,113,1.0,1.5,10.0
0.09,True,0.25,56.125,0.8768793173506705,6474,113,1.0,1.5,10.0
0.09,True,0.5,97.7,0.8768793173506705,6474,113,1.0,1.5,10.0
0.09,True,0.75,167.40000000000003,0.8768793173506705,6474,113,1.0,1.5,10.0
0.12,False,0.25,44.3,0.0690275280121732,499,113,1.0,1.5,10.0
0.12,False,0.5,77.49999999999999,0.0690275280121732,499,113,1.0,1.5,10.0
0.12,False,0.75,132.8,0.0690275280121732,499,113,1.0,1.5,10.0
0.12,True,0.25,50.899999999999984,0.9309724719878268,6730,113,1.0,1.5,10.0
0.12,True,0.5,85.39999999999999,0.9309724719878268,6730,113,1.0,1.5,10.0
0.12,True,0.75,138.6,0.9309724719878268,6730,113,1.0,1.5,10.0
0.15,False,0.25,43.3,0.04301369863013699,314,113,1.0,1.5,10.0
0.15,False,0.5,67.25,0.04301369863013699,314,113,1.0,1.5,10.0
0.15,False,0.75,111.80000000000001,0.04301369863013699,314,113,1.0,1.5,10.0
0.15,True,0.25,46.1,0.9569863013698631,6986,113,1.0,1.5,10.0
0.15,True,0.5,73.9,0.9569863013698631,6986,113,1.0,1.5,10.0
0.15,True,0.75,119.2,0.9569863013698631,6986,113,1.0,1.5,10.0
0.0,False,0.25,67.45,0.4820083682008368,1728,117,1.0,1.5,10.0
0.0,False,0.5,123.55000000000001,0.4820083682008368,1728,117,1.0,1.5,10.0
0.0,False,0.75,218.22500000000002,0.4820083682008368,1728,117,1.0,1.5,10.0
0.0,True,0.25,68.39999999999999,0.5179916317991632,1857,117,1.0,1.5,10.0
0.0,True,0.5,126.30000000000003,0.5179916317991632,1857,117,1.0,1.5,10.0
0.0,True,0.75,226.80000000000004,0.5179916317991632,1857,117,1.0,1.5,10.0
0.03,False,0.25,64.99999999999999,0.34701022265789105,2478,117,1.0,1.5,10.0
0.03,False,0.5,120.44999999999999,0.34701022265789105,2478,117,1.0,1.5,10.0
0.03,False,0.75,206.10000000000002,0.34701022265789105,2478,117,1.0,1.5,10.0
0.03,True,0.25,66.55,0.652989777342109,4663,117,1.0,1.5,10.0
0.03,True,0.5,121.69999999999999,0.652989777342109,4663,117,1.0,1.5,10.0
0.03,True,0.75,213.10000000000002,0.652989777342109,4663,117,1.0,1.5,10.0
0.06,False,0.25,59.20000000000001,0.22012314581584103,1573,117,1.0,1.5,10.0
0.06,False,0.5,107.5,0.22012314581584103,1573,117,1.0,1.5,10.0
0.06,False,0.75,184.8,0.22012314581584103,1573,117,1.0,1.5,10.0
0.06,True,0.25,59.5,0.779876854184159,5573,117,1.0,1.5,10.0
0.06,True,0.5,106.50000000000001,0.779876854184159,5573,117,1.0,1.5,10.0
0.06,True,0.75,185.39999999999998,0.779876854184159,5573,117,1.0,1.5,10.0
0.09,False,0.25,53.550000000000004,0.12569416226466207,928,117,1.0,1.5,10.0
0.09,False,0.5,90.05,0.12569416226466207,928,117,1.0,1.5,10.0
0.09,False,0.75,161.375,0.12569416226466207,928,117,1.0,1.5,10.0
0.09,True,0.25,56.20000000000001,0.874305837735338,6455,117,1.0,1.5,10.0
0.09,True,0.5,97.1,0.874305837735338,6455,117,1.0,1.5,10.0
0.09,True,0.75,168.04999999999995,0.874305837735338,6455,117,1.0,1.5,10.0
0.12,False,0.25,49.699999999999996,0.07428413335177757,537,117,1.0,1.5,10.0
0.12,False,0.5,85.1,0.07428413335177757,537,117,1.0,1.5,10.0
0.12,False,0.75,145.79999999999998,0.07428413335177757,537,117,1.0,1.5,10.0
0.12,True,0.25,50.2,0.9257158666482225,6692,117,1.0,1.5,10.0
0.12,True,0.5,84.59999999999998,0.9257158666482225,6692,117,1.0,1.5,10.0
0.12,True,0.75,138.8,0.9257158666482225,6692,117,1.0,1.5,10.0
0.15,False,0.25,41.3,0.03836141937251678,280,117,1.0,1.5,10.0
0.15,False,0.5,68.85,0.03836141937251678,280,117,1.0,1.5,10.0
0.15,False,0.75,106.42499999999998,0.03836141937251678,280,117,1.0,1.5,10.0
0.15,True,0.25,46.1,0.9616385806274832,7019,117,1.0,1.5,10.0
0.15,True,0.5,75.69999999999999,0.9616385806274832,7019,117,1.0,1.5,10.0
0.15,True,0.75,124.25,0.9616385806274832,7019,117,1.0,1.5,10.0
0.0,False,0.25,64.75,0.5008347245409015,1800,118,1.0,1.5,10.0
0.0,False,0.5,122.25,0.5008347245409015,1800,118,1.0,1.5,10.0
0.0,False,0.75,218.37500000000003,0.5008347245409015,1800,118,1.0,1.5,10.0
0.0,True,0.25,65.5,0.4991652754590985,1794,118,1.0,1.5,10.0
0.0,True,0.5,119.25000000000001,0.4991652754590985,1794,118,1.0,1.5,10.0
0.0,True,0.75,221.47500000000002,0.4991652754590985,1794,118,1.0,1.5,10.0
0.03,False,0.25,62.8,0.3450733752620545,2469,118,1.0,1.5,10.0
0.03,False,0.5,115.29999999999998,0.3450733752620545,2469,118,1.0,1.5,10.0
0.03,False,0.75,206.70000000000002,0.3450733752620545,2469,118,1.0,1.5,10.0
0.03,True,0.25,64.32499999999999,0.6549266247379455,4686,118,1.0,1.5,10.0
0.03,True,0.5,118.7,0.6549266247379455,4686,118,1.0,1.5,10.0
0.03,True,0.75,214.50000000000006,0.6549266247379455,4686,118,1.0,1.5,10.0
0.06,False,0.25,60.60000000000001,0.212468549063461,1520,118,1.0,1.5,10.0
0.06,False,0.5,111.04999999999998,0.212468549063461,1520,118,1.0,1.5,10.0
0.06,False,0.75,189.775,0.212468549063461,1520,118,1.0,1.5,10.0
0.06,True,0.25,58.925,0.787531450936539,5634,118,1.0,1.5,10.0
0.06,True,0.5,105.19999999999999,0.787531450936539,5634,118,1.0,1.5,10.0
0.06,True,0.75,183.975,0.787531450936539,5634,118,1.0,1.5,10.0
0.09,False,0.25,50.55,0.11924119241192412,880,118,1.0,1.5,10.0
0.09,False,0.5,91.39999999999999,0.11924119241192412,880,118,1.0,1.5,10.0
0.09,False,0.75,176.075,0.11924119241192412,880,118,1.0,1.5,10.0
0.09,True,0.25,55.49999999999999,0.8807588075880759,6500,118,1.0,1.5,10.0
0.09,True,0.5,96.4,0.8807588075880759,6500,118,1.0,1.5,10.0
0.09,True,0.75,163.225,0.8807588075880759,6500,118,1.0,1.5,10.0
0.12,False,0.25,46.300000000000004,0.0751141236685572,543,118,1.0,1.5,10.0
0.12,False,0.5,81.2,0.0751141236685572,543,118,1.0,1.5,10.0
0.12,False,0.75,131.90000000000003,0.0751141236685572,543,118,1.0,1.5,10.0
0.12,True,0.25,51.32499999999999,0.9248858763314428,6686,118,1.0,1.5,10.0
0.12,True,0.5,88.1,0.9248858763314428,6686,118,1.0,1.5,10.0
0.12,True,0.75,145.79999999999998,0.9248858763314428,6686,118,1.0,1.5,10.0
0.15,False,0.25,40.8,0.03958904109589041,289,118,1.0,1.5,10.0
0.15,False,0.5,68.9,0.03958904109589041,289,118,1.0,1.5,10.0
0.15,False,0.75,110.69999999999999,0.03958904109589041,289,118,1.0,1.5,10.0
0.15,True,0.25,46.300000000000004,0.9604109589041095,7011,118,1.0,1.5,10.0
0.15,True,0.5,73.50000000000001,0.9604109589041095,7011,118,1.0,1.5,10.0
0.15,True,0.75,119.40000000000002,0.9604109589041095,7011,118,1.0,1.5,10.0
0.0,False,0.25,64.99999999999999,0.49986091794158555,1797,120,1.0,1.5,10.0
0.0,False,0.5,119.69999999999999,0.49986091794158555,1797,120,1.0,1.5,10.0
0.0,False,0.75,215.10000000000002,0.49986091794158555,1797,120,1.0,1.5,10.0
0.0,True,0.25,68.55000000000001,0.5001390820584145,1798,120,1.0,1.5,10.0
0.0,True,0.5,126.75,0.5001390820584145,1798,120,1.0,1.5,10.0
0.0,True,0.75,224.72500000000002,0.5001390820584145,1798,120,1.0,1.5,10.0
0.03,False,0.25,65.3,0.34716401229393684,2485,120,1.0,1.5,10.0
0.03,False,0.5,118.60000000000001,0.34716401229393684,2485,120,1.0,1.5,10.0
0.03,False,0.75,212.20000000000002,0.34716401229393684,2485,120,1.0,1.5,10.0
0.03,True,0.25,65.39999999999999,0.6528359877060631,4673,120,1.0,1.5,10.0
0.03,True,0.5,122.39999999999999,0.6528359877060631,4673,120,1.0,1.5,10.0
0.03,True,0.75,213.90000000000003,0.6528359877060631,4673,120,1.0,1.5,10.0
0.06,False,0.25,57.49999999999999,0.21610287950796758,1546,120,1.0,1.5,10.0
0.06,False,0.5,105.0,0.21610287950796758,1546,120,1.0,1.5,10.0
0.06,False,0.75,176.57500000000002,0.21610287950796758,1546,120,1.0,1.5,10.0
0.06,True,0.25,60.675,0.7838971204920324,5608,120,1.0,1.5,10.0
0.06,True,0.5,110.69999999999999,0.7838971204920324,5608,120,1.0,1.5,10.0
0.06,True,0.75,193.45,0.7838971204920324,5608,120,1.0,1.5,10.0
0.09,False,0.25,57.10000000000001,0.1261175833107559,931,120,1.0,1.5,10.0
0.09,False,0.5,99.8,0.1261175833107559,931,120,1.0,1.5,10.0
0.09,False,0.75,174.95000000000002,0.1261175833107559,931,120,1.0,1.5,10.0
0.09,True,0.25,56.800000000000004,0.8738824166892442,6451,120,1.0,1.5,10.0
0.09,True,0.5,98.19999999999999,0.8738824166892442,6451,120,1.0,1.5,10.0
0.09,True,0.75,167.5,0.8738824166892442,6451,120,1.0,1.5,10.0
0.12,False,0.25,45.8,0.06874135546334717,497,120,1.0,1.5,10.0
0.12,False,0.5,79.3,0.06874135546334717,497,120,1.0,1.5,10.0
0.12,False,0.75,133.39999999999998,0.06874135546334717,497,120,1.0,1.5,10.0
0.12,True,0.25,51.099999999999994,0.9312586445366529,6733,120,1.0,1.5,10.0
0.12,True,0.5,85.9,0.9312586445366529,6733,120,1.0,1.5,10.0
0.12,True,0.75,145.09999999999997,0.9312586445366529,6733,120,1.0,1.5,10.0
0.15,False,0.25,45.7,0.03684931506849315,269,120,1.0,1.5,10.0
0.15,False,0.5,71.50000000000001,0.03684931506849315,269,120,1.0,1.5,10.0
0.15,False,0.75,124.30000000000001,0.03684931506849315,269,120,1.0,1.5,10.0
0.15,True,0.25,46.2,0.9631506849315068,7031,120,1.0,1.5,10.0
0.15,True,0.5,75.2,0.9631506849315068,7031,120,1.0,1.5,10.0
0.15,True,0.75,122.99999999999997,0.9631506849315068,7031,120,1.0,1.5,10.0
0.0,False,0.25,65.65,0.49456673168013376,1775,121,1.0,1.5,10.0
0.0,False,0.5,125.2,0.49456673168013376,1775,121,1.0,1.5,10.0
0.0,False,0.75,219.95000000000002,0.49456673168013376,1775,121,1.0,1.5,10.0
0.0,True,0.25,65.775,0.5054332683198662,1814,121,1.0,1.5,10.0
0.0,True,0.5,126.35,0.5054332683198662,1814,121,1.0,1.5,10.0
0.0,True,0.75,222.75,0.5054332683198662,1814,121,1.0,1.5,10.0
0.03,False,0.25,64.39999999999999,0.33515024458420684,2398,121,1.0,1.5,10.0
0.03,False,0.5,118.55,0.33515024458420684,2398,121,1.0,1.5,10.0
0.03,False,0.75,209.35000000000002,0.33515024458420684,2398,121,1.0,1.5,10.0
0.03,True,0.25,67.9,0.6648497554157932,4757,121,1.0,1.5,10.0
0.03,True,0.5,120.99999999999997,0.6648497554157932,4757,121,1.0,1.5,10.0
0.03,True,0.75,215.80000000000004,0.6648497554157932,4757,121,1.0,1.5,10.0
0.06,False,0.25,58.5,0.2115788001678087,1513,121,1.0,1.5,10.0
0.06,False,0.5,105.00000000000001,0.2115788001678087,1513,121,1.0,1.5,10.0
0.06,False,0.75,189.20000000000002,0.2115788001678087,1513,121,1.0,1.5,10.0
0.06,True,0.25,60.925000000000004,0.7884211998321913,5638,121,1.0,1.5,10.0
0.06,True,0.5,108.3,0.7884211998321913,5638,121,1.0,1.5,10.0
0.06,True,0.75,194.375,0.7884211998321913,5638,121,1.0,1.5,10.0
0.09,False,0.25,52.8,0.1252878233780306,925,121,1.0,1.5,10.0
0.09,False,0.5,93.89999999999998,0.1252878233780306,925,121,1.0,1.5,10.0
0.09,False,0.75,168.3,0.1252878233780306,925,121,1.0,1.5,10.0
0.09,True,0.25,57.400000000000006,0.8747121766219694,6458,121,1.0,1.5,10.0
0.09,True,0.5,98.75,0.8747121766219694,6458,121,1.0,1.5,10.0
0.09,True,0.75,169.17499999999998,0.8747121766219694,6458,121,1.0,1.5,10.0
0.12,False,0.25,44.9,0.06833586941485682,494,121,1.0,1.5,10.0
0.12,False,0.5,80.3,0.06833586941485682,494,121,1.0,1.5,10.0
0.12,False,0.75,129.79999999999998,0.06833586941485682,494,121,1.0,1.5,10.0
0.12,True,0.25,50.29999999999999,0.9316641305851432,6735,121,1.0,1.5,10.0
0.12,True,0.5,85.39999999999999,0.9316641305851432,6735,121,1.0,1.5,10.0
0.12,True,0.75,139.6,0.9316641305851432,6735,121,1.0,1.5,10.0
0.15,False,0.25,40.4,0.03493150684931507,255,121,1.0,1.5,10.0
0.15,False,0.5,66.99999999999999,0.03493150684931507,255,121,1.0,1.5,10.0
0.15,False,0.75,114.7,0.03493150684931507,255,121,1.0,1.5,10.0
0.15,True,0.25,46.1,0.9650684931506849,7045,121,1.0,1.5,10.0
0.15,True,0.5,75.49999999999999,0.9650684931506849,7045,121,1.0,1.5,10.0
0.15,True,0.75,120.39999999999999,0.9650684931506849,7045,121,1.0,1.5,10.0
0.0,False,0.25,69.8,0.4894150417827298,1757,123,1.0,1.5,10.0
0.0,False,0.5,126.5,0.4894150417827298,1757,123,1.0,1.5,10.0
0.0,False,0.75,227.00000000000003,0.4894150417827298,1757,123,1.0,1.5,10.0
0.0,True,0.25,65.10000000000001,0.5105849582172702,1833,123,1.0,1.5,10.0
0.0,True,0.5,123.69999999999999,0.5105849582172702,1833,123,1.0,1.5,10.0
0.0,True,0.75,216.70000000000005,0.5105849582172702,1833,123,1.0,1.5,10.0
0.03,False,0.25,64.5,0.3435445516855504,2456,123,1.0,1.5,10.0
0.03,False,0.5,120.49999999999999,0.3435445516855504,2456,123,1.0,1.5,10.0
0.03,False,0.75,209.50000000000003,0.3435445516855504,2456,123,1.0,1.5,10.0
0.03,True,0.25,64.8,0.6564554483144496,4693,123,1.0,1.5,10.0
0.03,True,0.5,117.50000000000001,0.6564554483144496,4693,123,1.0,1.5,10.0
0.03,True,0.75,213.2,0.6564554483144496,4693,123,1.0,1.5,10.0
0.06,False,0.25,61.699999999999996,0.21782316731952994,1557,123,1.0,1.5,10.0
0.06,False,0.5,108.3,0.21782316731952994,1557,123,1.0,1.5,10.0
0.06,False,0.75,192.4,0.21782316731952994,1557,123,1.0,1.5,10.0
0.06,True,0.25,61.000000000000014,0.7821768326804701,5591,123,1.0,1.5,10.0
0.06,True,0.5,108.09999999999998,0.7821768326804701,5591,123,1.0,1.5,10.0
0.06,True,0.75,190.35,0.7821768326804701,5591,123,1.0,1.5,10.0
0.09,False,0.25,51.64999999999999,0.11636412896234083,859,123,1.0,1.5,10.0
0.09,False,0.5,93.49999999999999,0.11636412896234083,859,123,1.0,1.5,10.0
0.09,False,0.75,158.95,0.11636412896234083,859,123,1.0,1.5,10.0
0.09,True,0.25,57.60000000000001,0.8836358710376592,6523,123,1.0,1.5,10.0
0.09,True,0.5,97.4,0.8836358710376592,6523,123,1.0,1.5,10.0
0.09,True,0.75,166.3,0.8836358710376592,6523,123,1.0,1.5,10.0
0.12,False,0.25,45.95,0.0699958500484161,506,123,1.0,1.5,10.0
0.12,False,0.5,77.45,0.0699958500484161,506,123,1.0,1.5,10.0
0.12,False,0.75,144.60000000000002,0.0699958500484161,506,123,1.0,1.5,10.0
0.12,True,0.25,51.4,0.9300041499515839,6723,123,1.0,1.5,10.0
0.12,True,0.5,86.0,0.9300041499515839,6723,123,1.0,1.5,10.0
0.12,True,0.75,142.9,0.9300041499515839,6723,123,1.0,1.5,10.0
0.15,False,0.25,46.575,0.03780821917808219,276,123,1.0,1.5,10.0
0.15,False,0.5,69.69999999999999,0.03780821917808219,276,123,1.0,1.5,10.0
0.15,False,0.75,125.325,0.03780821917808219,276,123,1.0,1.5,10.0
0.15,True,0.25,45.5,0.9621917808219178,7024,123,1.0,1.5,10.0
0.15,True,0.5,74.0,0.9621917808219178,7024,123,1.0,1.5,10.0
0.15,True,0.75,122.49999999999999,0.9621917808219178,7024,123,1.0,1.5,10.0
0.0,False,0.25,63.8,0.49150654413812306,1765,127,1.0,1.5,10.0
0.0,False,0.5,119.00000000000003,0.49150654413812306,1765,127,1.0,1.5,10.0
0.0,False,0.75,215.00000000000003,0.49150654413812306,1765,127,1.0,1.5,10.0
0.0,True,0.25,70.04999999999998,0.5084934558618769,1826,127,1.0,1.5,10.0
0.0,True,0.5,123.69999999999999,0.5084934558618769,1826,127,1.0,1.5,10.0
0.0,True,0.75,227.60000000000002,0.5084934558618769,1826,127,1.0,1.5,10.0
0.03,False,0.25,62.75,0.34875594073245736,2495,127,1.0,1.5,10.0
0.03,False,0.5,112.09999999999998,0.34875594073245736,2495,127,1.0,1.5,10.0
0.03,False,0.75,201.65000000000003,0.34875594073245736,2495,127,1.0,1.5,10.0
0.03,True,0.25,66.94999999999999,0.6512440592675426,4659,127,1.0,1.5,10.0
0.03,True,0.5,122.19999999999997,0.6512440592675426,4659,127,1.0,1.5,10.0
0.03,True,0.75,213.40000000000003,0.6512440592675426,4659,127,1.0,1.5,10.0
0.06,False,0.25,57.150000000000006,0.21280470720089661,1519,127,1.0,1.5,10.0
0.06,False,0.5,108.89999999999996,0.21280470720089661,1519,127,1.0,1.5,10.0
0.06,False,0.75,197.8,0.21280470720089661,1519,127,1.0,1.5,10.0
0.06,True,0.25,61.650000000000006,0.7871952927991034,5619,127,1.0,1.5,10.0
0.06,True,0.5,109.00000000000001,0.7871952927991034,5619,127,1.0,1.5,10.0
0.06,True,0.75,191.20000000000002,0.7871952927991034,5619,127,1.0,1.5,10.0
0.09,False,0.25,53.099999999999994,0.12963966404768357,957,127,1.0,1.5,10.0
0.09,False,0.5,93.6,0.12963966404768357,957,127,1.0,1.5,10.0
0.09,False,0.75,168.20000000000002,0.12963966404768357,957,127,1.0,1.5,10.0
0.09,True,0.25,56.699999999999996,0.8703603359523164,6425,127,1.0,1.5,10.0
0.09,True,0.5,99.4,0.8703603359523164,6425,127,1.0,1.5,10.0
0.09,True,0.75,172.19999999999996,0.8703603359523164,6425,127,1.0,1.5,10.0
0.12,False,0.25,47.175,0.07192254495159059,520,127,1.0,1.5,10.0
0.12,False,0.5,78.25,0.07192254495159059,520,127,1.0,1.5,10.0
0.12,False,0.75,139.05,0.07192254495159059,520,127,1.0,1.5,10.0
0.12,True,0.25,50.29999999999999,0.9280774550484094,6710,127,1.0,1.5,10.0
0.12,True,0.5,85.65,0.9280774550484094,6710,127,1.0,1.5,10.0
0.12,True,0.75,142.50000000000003,0.9280774550484094,6710,127,1.0,1.5,10.0
0.15,False,0.25,49.224999999999994,0.03753424657534247,274,127,1.0,1.5,10.0
0.15,False,0.5,71.50000000000001,0.03753424657534247,274,127,1.0,1.5,10.0
0.15,False,0.75,115.27499999999999,0.03753424657534247,274,127,1.0,1.5,10.0
0.15,True,0.25,46.1,0.9624657534246576,7026,127,1.0,1.5,10.0
0.15,True,0.5,73.39999999999999,0.9624657534246576,7026,127,1.0,1.5,10.0
0.15,True,0.75,120.39999999999999,0.9624657534246576,7026,127,1.0,1.5,10.0
0.0,False,0.25,66.8,0.5092075892857143,1825,134,1.0,1.5,10.0
0.0,False,0.5,123.60000000000001,0.5092075892857143,1825,134,1.0,1.5,10.0
0.0,False,0.75,223.60000000000002,0.5092075892857143,1825,134,1.0,1.5,10.0
0.0,True,0.25,70.85,0.4907924107142857,1759,134,1.0,1.5,10.0
0.0,True,0.5,125.69999999999997,0.4907924107142857,1759,134,1.0,1.5,10.0
0.0,True,0.75,223.25,0.4907924107142857,1759,134,1.0,1.5,10.0
0.03,False,0.25,64.19999999999999,0.3504118386151054,2510,134,1.0,1.5,10.0
0.03,False,0.5,118.0,0.3504118386151054,2510,134,1.0,1.5,10.0
0.03,False,0.75,203.125,0.3504118386151054,2510,134,1.0,1.5,10.0
0.03,True,0.25,64.6,0.6495881613848946,4653,134,1.0,1.5,10.0
0.03,True,0.5,118.20000000000002,0.6495881613848946,4653,134,1.0,1.5,10.0
0.03,True,0.75,207.40000000000003,0.6495881613848946,4653,134,1.0,1.5,10.0
0.06,False,0.25,60.17500000000001,0.2148852825965305,1536,134,1.0,1.5,10.0
0.06,False,0.5,110.04999999999998,0.2148852825965305,1536,134,1.0,1.5,10.0
0.06,False,0.75,183.725,0.2148852825965305,1536,134,1.0,1.5,10.0
0.06,True,0.25,59.5,0.7851147174034695,5612,134,1.0,1.5,10.0
0.06,True,0.5,108.69999999999999,0.7851147174034695,5612,134,1.0,1.5,10.0
0.06,True,0.75,191.8,0.7851147174034695,5612,134,1.0,1.5,10.0
0.09,False,0.25,56.74999999999999,0.13136511375947996,970,134,1.0,1.5,10.0
0.09,False,0.5,100.70000000000002,0.13136511375947996,970,134,1.0,1.5,10.0
0.09,False,0.75,167.37500000000003,0.13136511375947996,970,134,1.0,1.5,10.0
0.09,True,0.25,56.20000000000001,0.8686348862405201,6414,134,1.0,1.5,10.0
0.09,True,0.5,96.29999999999998,0.8686348862405201,6414,134,1.0,1.5,10.0
0.09,True,0.75,163.6,0.8686348862405201,6414,134,1.0,1.5,10.0
0.12,False,0.25,44.575,0.07387935805201992,534,134,1.0,1.5,10.0
0.12,False,0.5,75.1,0.07387935805201992,534,134,1.0,1.5,10.0
0.12,False,0.75,125.6,0.07387935805201992,534,134,1.0,1.5,10.0
0.12,True,0.25,49.800000000000004,0.92612064194798,6694,134,1.0,1.5,10.0
0.12,True,0.5,85.79999999999998,0.92612064194798,6694,134,1.0,1.5,10.0
0.12,True,0.75,144.1,0.92612064194798,6694,134,1.0,1.5,10.0
0.15,False,0.25,38.825,0.038082191780821915,278,134,1.0,1.5,10.0
0.15,False,0.5,68.39999999999999,0.038082191780821915,278,134,1.0,1.5,10.0
0.15,False,0.75,106.75,0.038082191780821915,278,134,1.0,1.5,10.0
0.15,True,0.25,45.400000000000006,0.961917808219178,7022,134,1.0,1.5,10.0
0.15,True,0.5,73.2,0.961917808219178,7022,134,1.0,1.5,10.0
0.15,True,0.75,121.9,0.961917808219178,7022,134,1.0,1.5,10.0
0.0,False,0.25,70.70000000000002,0.5189520624303233,1862,135,1.0,1.5,10.0
0.0,False,0.5,125.64999999999998,0.5189520624303233,1862,135,1.0,1.5,10.0
0.0,False,0.75,221.07500000000002,0.5189520624303233,1862,135,1.0,1.5,10.0
0.0,True,0.25,66.32499999999999,0.4810479375696767,1726,135,1.0,1.5,10.0
0.0,True,0.5,121.9,0.4810479375696767,1726,135,1.0,1.5,10.0
0.0,True,0.75,212.50000000000006,0.4810479375696767,1726,135,1.0,1.5,10.0
0.03,False,0.25,64.02499999999999,0.34064552186670394,2438,135,1.0,1.5,10.0
0.03,False,0.5,115.55,0.34064552186670394,2438,135,1.0,1.5,10.0
0.03,False,0.75,199.8,0.34064552186670394,2438,135,1.0,1.5,10.0
0.03,True,0.25,64.85,0.6593544781332961,4719,135,1.0,1.5,10.0
0.03,True,0.5,119.29999999999998,0.6593544781332961,4719,135,1.0,1.5,10.0
0.03,True,0.75,213.2,0.6593544781332961,4719,135,1.0,1.5,10.0
0.06,False,0.25,61.1,0.20998880805819808,1501,135,1.0,1.5,10.0
0.06,False,0.5,107.69999999999997,0.20998880805819808,1501,135,1.0,1.5,10.0
0.06,False,0.75,193.60000000000002,0.20998880805819808,1501,135,1.0,1.5,10.0
0.06,True,0.25,62.35000000000001,0.7900111919418019,5647,135,1.0,1.5,10.0
0.06,True,0.5,110.3,0.7900111919418019,5647,135,1.0,1.5,10.0
0.06,True,0.75,194.55,0.7900111919418019,5647,135,1.0,1.5,10.0
0.09,False,0.25,52.89999999999999,0.12859078590785908,949,135,1.0,1.5,10.0
0.09,False,0.5,90.1,0.12859078590785908,949,135,1.0,1.5,10.0
0.09,False,0.75,160.20000000000002,0.12859078590785908,949,135,1.0,1.5,10.0
0.09,True,0.25,56.49999999999999,0.8714092140921409,6431,135,1.0,1.5,10.0
0.09,True,0.5,98.10000000000001,0.8714092140921409,6431,135,1.0,1.5,10.0
0.09,True,0.75,167.7,0.8714092140921409,6431,135,1.0,1.5,10.0
0.12,False,0.25,45.65,0.07219917012448132,522,135,1.0,1.5,10.0
0.12,False,0.5,80.35,0.07219917012448132,522,135,1.0,1.5,10.0
0.12,False,0.75,137.575,0.07219917012448132,522,135,1.0,1.5,10.0
0.12,True,0.25,50.4,0.9278008298755187,6708,135,1.0,1.5,10.0
0.12,True,0.5,84.44999999999999,0.9278008298755187,6708,135,1.0,1.5,10.0
0.12,True,0.75,142.9,0.9278008298755187,6708,135,1.0,1.5,10.0
0.15,False,0.25,47.0,0.040958904109589044,299,135,1.0,1.5,10.0
0.15,False,0.5,74.39999999999999,0.040958904109589044,299,135,1.0,1.5,10.0
0.15,False,0.75,118.8,0.040958904109589044,299,135,1.0,1.5,10.0
0.15,True,0.25,45.0,0.959041095890411,7001,135,1.0,1.5,10.0
0.15,True,0.5,73.0,0.959041095890411,7001,135,1.0,1.5,10.0
0.15,True,0.75,119.69999999999999,0.959041095890411,7001,135,1.0,1.5,10.0
0.0,False,0.25,64.99999999999999,0.507242339832869,1821,152,1.0,1.5,10.0
0.0,False,0.5,125.3,0.507242339832869,1821,152,1.0,1.5,10.0
0.0,False,0.75,216.3,0.507242339832869,1821,152,1.0,1.5,10.0
0.0,True,0.25,68.3,0.4927576601671309,1769,152,1.0,1.5,10.0
0.0,True,0.5,119.00000000000003,0.4927576601671309,1769,152,1.0,1.5,10.0
0.0,True,0.75,207.20000000000005,0.4927576601671309,1769,152,1.0,1.5,10.0
0.03,False,0.25,63.05,0.3483428891064187,2491,152,1.0,1.5,10.0
0.03,False,0.5,116.49999999999997,0.3483428891064187,2491,152,1.0,1.5,10.0
0.03,False,0.75,206.90000000000003,0.3483428891064187,2491,152,1.0,1.5,10.0
0.03,True,0.25,66.875,0.6516571108935814,4660,152,1.0,1.5,10.0
0.03,True,0.5,119.80000000000001,0.6516571108935814,4660,152,1.0,1.5,10.0
0.03,True,0.75,214.12500000000006,0.6516571108935814,4660,152,1.0,1.5,10.0
0.06,False,0.25,58.20000000000001,0.209487825356843,1497,152,1.0,1.5,10.0
0.06,False,0.5,106.50000000000001,0.209487825356843,1497,152,1.0,1.5,10.0
0.06,False,0.75,181.10000000000002,0.209487825356843,1497,152,1.0,1.5,10.0
0.06,True,0.25,60.699999999999996,0.790512174643157,5649,152,1.0,1.5,10.0
0.06,True,0.5,107.80000000000001,0.790512174643157,5649,152,1.0,1.5,10.0
0.06,True,0.75,190.1,0.790512174643157,5649,152,1.0,1.5,10.0
0.09,False,0.25,52.5,0.11833197942052531,874,152,1.0,1.5,10.0
0.09,False,0.5,93.9,0.11833197942052531,874,152,1.0,1.5,10.0
0.09,False,0.75,167.72500000000002,0.11833197942052531,874,152,1.0,1.5,10.0
0.09,True,0.25,56.400000000000006,0.8816680205794747,6512,152,1.0,1.5,10.0
0.09,True,0.5,97.8,0.8816680205794747,6512,152,1.0,1.5,10.0
0.09,True,0.75,167.6,0.8816680205794747,6512,152,1.0,1.5,10.0
0.12,False,0.25,49.775000000000006,0.0653016048699502,472,152,1.0,1.5,10.0
0.12,False,0.5,78.8,0.0653016048699502,472,152,1.0,1.5,10.0
0.12,False,0.75,128.6,0.0653016048699502,472,152,1.0,1.5,10.0
0.12,True,0.25,51.69999999999999,0.9346983951300498,6756,152,1.0,1.5,10.0
0.12,True,0.5,87.75,0.9346983951300498,6756,152,1.0,1.5,10.0
0.12,True,0.75,144.125,0.9346983951300498,6756,152,1.0,1.5,10.0
0.15,False,0.25,42.875,0.04438356164383562,324,152,1.0,1.5,10.0
0.15,False,0.5,71.0,0.04438356164383562,324,152,1.0,1.5,10.0
0.15,False,0.75,122.125,0.04438356164383562,324,152,1.0,1.5,10.0
0.15,True,0.25,46.2,0.9556164383561644,6976,152,1.0,1.5,10.0
0.15,True,0.5,74.2,0.9556164383561644,6976,152,1.0,1.5,10.0
0.15,True,0.75,120.7,0.9556164383561644,6976,152,1.0,1.5,10.0
0.0,False,0.25,67.39999999999999,0.4959621275410749,1781,156,1.0,1.5,10.0
0.0,False,0.5,127.69999999999997,0.4959621275410749,1781,156,1.0,1.5,10.0
0.0,False,0.75,225.70000000000002,0.4959621275410749,1781,156,1.0,1.5,10.0
0.0,True,0.25,65.575,0.5040378724589251,1810,156,1.0,1.5,10.0
0.0,True,0.5,122.15,0.5040378724589251,1810,156,1.0,1.5,10.0
0.0,True,0.75,222.00000000000003,0.5040378724589251,1810,156,1.0,1.5,10.0
0.03,False,0.25,62.600000000000016,0.3456324248777079,2473,156,1.0,1.5,10.0
0.03,False,0.5,111.99999999999999,0.3456324248777079,2473,156,1.0,1.5,10.0
0.03,False,0.75,209.60000000000005,0.3456324248777079,2473,156,1.0,1.5,10.0
0.03,True,0.25,66.3,0.6543675751222922,4682,156,1.0,1.5,10.0
0.03,True,0.5,124.05,0.6543675751222922,4682,156,1.0,1.5,10.0
0.03,True,0.75,215.40000000000003,0.6543675751222922,4682,156,1.0,1.5,10.0
0.06,False,0.25,58.050000000000004,0.21640953716690042,1543,156,1.0,1.5,10.0
0.06,False,0.5,104.89999999999999,0.21640953716690042,1543,156,1.0,1.5,10.0
0.06,False,0.75,190.0,0.21640953716690042,1543,156,1.0,1.5,10.0
0.06,True,0.25,62.150000000000006,0.7835904628330996,5587,156,1.0,1.5,10.0
0.06,True,0.5,110.09999999999998,0.7835904628330996,5587,156,1.0,1.5,10.0
0.06,True,0.75,194.75,0.7835904628330996,5587,156,1.0,1.5,10.0
0.09,False,0.25,54.725,0.11806119685892229,872,156,1.0,1.5,10.0
0.09,False,0.5,93.05,0.11806119685892229,872,156,1.0,1.5,10.0
0.09,False,0.75,154.95,0.11806119685892229,872,156,1.0,1.5,10.0
0.09,True,0.25,57.724999999999994,0.8819388031410778,6514,156,1.0,1.5,10.0
0.09,True,0.5,99.85,0.8819388031410778,6514,156,1.0,1.5,10.0
0.09,True,0.75,172.0,0.8819388031410778,6514,156,1.0,1.5,10.0
0.12,False,0.25,45.8,0.06818810511756569,493,156,1.0,1.5,10.0
0.12,False,0.5,81.69999999999999,0.06818810511756569,493,156,1.0,1.5,10.0
0.12,False,0.75,140.5,0.06818810511756569,493,156,1.0,1.5,10.0
0.12,True,0.25,51.29999999999999,0.9318118948824343,6737,156,1.0,1.5,10.0
0.12,True,0.5,86.80000000000001,0.9318118948824343,6737,156,1.0,1.5,10.0
0.12,True,0.75,145.7,0.9318118948824343,6737,156,1.0,1.5,10.0
0.15,False,0.25,38.625,0.03863013698630137,282,156,1.0,1.5,10.0
0.15,False,0.5,67.15,0.03863013698630137,282,156,1.0,1.5,10.0
0.15,False,0.75,107.45,0.03863013698630137,282,156,1.0,1.5,10.0
0.15,True,0.25,46.225,0.9613698630136986,7018,156,1.0,1.5,10.0
0.15,True,0.5,75.44999999999999,0.9613698630136986,7018,156,1.0,1.5,10.0
0.15,True,0.75,124.19999999999997,0.9613698630136986,7018,156,1.0,1.5,10.0
0.0,False,0.25,66.44999999999999,0.5101473450097304,1835,158,1.0,1.5,10.0
0.0,False,0.5,120.7,0.5101473450097304,1835,158,1.0,1.5,10.0
0.0,False,0.75,215.50000000000003,0.5101473450097304,1835,158,1.0,1.5,10.0
0.0,True,0.25,70.12499999999999,0.48985265499026964,1762,158,1.0,1.5,10.0
0.0,True,0.5,124.85,0.48985265499026964,1762,158,1.0,1.5,10.0
0.0,True,0.75,221.50000000000003,0.48985265499026964,1762,158,1.0,1.5,10.0
0.03,False,0.25,66.6,0.3387367244270542,2424,158,1.0,1.5,10.0
0.03,False,0.5,120.49999999999999,0.3387367244270542,2424,158,1.0,1.5,10.0
0.03,False,0.75,211.50000000000003,0.3387367244270542,2424,158,1.0,1.5,10.0
0.03,True,0.25,62.300000000000004,0.6612632755729457,4732,158,1.0,1.5,10.0
0.03,True,0.5,116.35,0.6612632755729457,4732,158,1.0,1.5,10.0
0.03,True,0.75,210.57500000000005,0.6612632755729457,4732,158,1.0,1.5,10.0
0.06,False,0.25,59.0,0.20994397759103642,1499,158,1.0,1.5,10.0
0.06,False,0.5,104.6,0.20994397759103642,1499,158,1.0,1.5,10.0
0.06,False,0.75,192.20000000000005,0.20994397759103642,1499,158,1.0,1.5,10.0
0.06,True,0.25,63.399999999999984,0.7900560224089636,5641,158,1.0,1.5,10.0
0.06,True,0.5,110.49999999999997,0.7900560224089636,5641,158,1.0,1.5,10.0
0.06,True,0.75,191.0,0.7900560224089636,5641,158,1.0,1.5,10.0
0.09,False,0.25,50.29999999999999,0.13173571621987545,973,158,1.0,1.5,10.0
0.09,False,0.5,89.49999999999999,0.13173571621987545,973,158,1.0,1.5,10.0
0.09,False,0.75,154.50000000000003,0.13173571621987545,973,158,1.0,1.5,10.0
0.09,True,0.25,56.20000000000001,0.8682642837801245,6413,158,1.0,1.5,10.0
0.09,True,0.5,97.6,0.8682642837801245,6413,158,1.0,1.5,10.0
0.09,True,0.75,165.8,0.8682642837801245,6413,158,1.0,1.5,10.0
0.12,False,0.25,48.849999999999994,0.0686030428769018,496,158,1.0,1.5,10.0
0.12,False,0.5,79.55,0.0686030428769018,496,158,1.0,1.5,10.0
0.12,False,0.75,132.89999999999998,0.0686030428769018,496,158,1.0,1.5,10.0
0.12,True,0.25,51.6,0.9313969571230982,6734,158,1.0,1.5,10.0
0.12,True,0.5,87.65,0.9313969571230982,6734,158,1.0,1.5,10.0
0.12,True,0.75,144.1,0.9313969571230982,6734,158,1.0,1.5,10.0
0.15,False,0.25,43.65,0.03273972602739726,239,158,1.0,1.5,10.0
0.15,False,0.5,74.39999999999999,0.03273972602739726,239,158,1.0,1.5,10.0
0.15,False,0.75,128.75,0.03273972602739726,239,158,1.0,1.5,10.0
0.15,True,0.25,45.7,0.9672602739726027,7061,158,1.0,1.5,10.0
0.15,True,0.5,74.2,0.9672602739726027,7061,158,1.0,1.5,10.0
0.15,True,0.75,118.60000000000001,0.9672602739726027,7061,158,1.0,1.5,10.0
0.0,False,0.25,66.04999999999998,0.49540261911395933,1778,163,1.0,1.5,10.0
0.0,False,0.5,119.40000000000002,0.49540261911395933,1778,163,1.0,1.5,10.0
0.0,False,0.75,211.77500000000003,0.49540261911395933,1778,163,1.0,1.5,10.0
0.0,True,0.25,63.55,0.5045973808860407,1811,163,1.0,1.5,10.0
0.0,True,0.5,121.2,0.5045973808860407,1811,163,1.0,1.5,10.0
0.0,True,0.75,214.35000000000002,0.5045973808860407,1811,163,1.0,1.5,10.0
0.03,False,0.25,65.19999999999999,0.3432523051131601,2457,163,1.0,1.5,10.0
0.03,False,0.5,120.49999999999999,0.3432523051131601,2457,163,1.0,1.5,10.0
0.03,False,0.75,210.00000000000003,0.3432523051131601,2457,163,1.0,1.5,10.0
0.03,True,0.25,66.7,0.6567476948868399,4701,163,1.0,1.5,10.0
0.03,True,0.5,123.10000000000001,0.6567476948868399,4701,163,1.0,1.5,10.0
0.03,True,0.75,216.90000000000003,0.6567476948868399,4701,163,1.0,1.5,10.0
0.06,False,0.25,59.4,0.2129772059851769,1523,163,1.0,1.5,10.0
0.06,False,0.5,106.3,0.2129772059851769,1523,163,1.0,1.5,10.0
0.06,False,0.75,196.05,0.2129772059851769,1523,163,1.0,1.5,10.0
0.06,True,0.25,62.275000000000006,0.7870227940148231,5628,163,1.0,1.5,10.0
0.06,True,0.5,109.6,0.7870227940148231,5628,163,1.0,1.5,10.0
0.06,True,0.75,194.325,0.7870227940148231,5628,163,1.0,1.5,10.0
0.09,False,0.25,54.400000000000006,0.12743770314192848,941,163,1.0,1.5,10.0
0.09,False,0.5,91.59999999999998,0.12743770314192848,941,163,1.0,1.5,10.0
0.09,False,0.75,158.50000000000003,0.12743770314192848,941,163,1.0,1.5,10.0
0.09,True,0.25,55.800000000000004,0.8725622968580715,6443,163,1.0,1.5,10.0
0.09,True,0.5,95.19999999999999,0.8725622968580715,6443,163,1.0,1.5,10.0
0.09,True,0.75,166.09999999999997,0.8725622968580715,6443,163,1.0,1.5,10.0
0.12,False,0.25,46.525000000000006,0.06887966804979254,498,163,1.0,1.5,10.0
0.12,False,0.5,80.39999999999999,0.06887966804979254,498,163,1.0,1.5,10.0
0.12,False,0.75,136.92499999999998,0.06887966804979254,498,163,1.0,1.5,10.0
0.12,True,0.25,50.8,0.9311203319502075,6732,163,1.0,1.5,10.0
0.12,True,0.5,84.75,0.9311203319502075,6732,163,1.0,1.5,10.0
0.12,True,0.75,142.7,0.9311203319502075,6732,163,1.0,1.5,10.0
0.15,False,0.25,41.7,0.040136986301369866,293,163,1.0,1.5,10.0
0.15,False,0.5,65.10000000000001,0.040136986301369866,293,163,1.0,1.5,10.0
0.15,False,0.75,114.2,0.040136986301369866,293,163,1.0,1.5,10.0
0.15,True,0.25,46.0,0.9598630136986301,7007,163,1.0,1.5,10.0
0.15,True,0.5,75.3,0.9598630136986301,7007,163,1.0,1.5,10.0
0.15,True,0.75,120.09999999999998,0.9598630136986301,7007,163,1.0,1.5,10.0
0.0,False,0.25,65.9,0.52046783625731,1869,164,1.0,1.5,10.0
0.0,False,0.5,121.50000000000001,0.52046783625731,1869,164,1.0,1.5,10.0
0.0,False,0.75,223.10000000000002,0.52046783625731,1869,164,1.0,1.5,10.0
0.0,True,0.25,64.75,0.47953216374269003,1722,164,1.0,1.5,10.0
0.0,True,0.5,122.19999999999997,0.47953216374269003,1722,164,1.0,1.5,10.0
0.0,True,0.75,220.62500000000003,0.47953216374269003,1722,164,1.0,1.5,10.0
0.03,False,0.25,64.875,0.35193733389285214,2516,164,1.0,1.5,10.0
0.03,False,0.5,121.85,0.35193733389285214,2516,164,1.0,1.5,10.0
0.03,False,0.75,211.95000000000005,0.35193733389285214,2516,164,1.0,1.5,10.0
0.03,True,0.25,64.39999999999999,0.6480626661071478,4633,164,1.0,1.5,10.0
0.03,True,0.5,116.79999999999998,0.6480626661071478,4633,164,1.0,1.5,10.0
0.03,True,0.75,212.8,0.6480626661071478,4633,164,1.0,1.5,10.0
0.06,False,0.25,60.400000000000006,0.21956339210747272,1569,164,1.0,1.5,10.0
0.06,False,0.5,106.3,0.21956339210747272,1569,164,1.0,1.5,10.0
0.06,False,0.75,191.39999999999998,0.21956339210747272,1569,164,1.0,1.5,10.0
0.06,True,0.25,62.000000000000014,0.7804366078925273,5577,164,1.0,1.5,10.0
0.06,True,0.5,110.60000000000001,0.7804366078925273,5577,164,1.0,1.5,10.0
0.06,True,0.75,194.2,0.7804366078925273,5577,164,1.0,1.5,10.0
0.09,False,0.25,55.95,0.1244751456047677,919,164,1.0,1.5,10.0
0.09,False,0.5,93.30000000000001,0.1244751456047677,919,164,1.0,1.5,10.0
0.09,False,0.75,165.5,0.1244751456047677,919,164,1.0,1.5,10.0
0.09,True,0.25,56.3,0.8755248543952323,6464,164,1.0,1.5,10.0
0.09,True,0.5,97.19999999999999,0.8755248543952323,6464,164,1.0,1.5,10.0
0.09,True,0.75,165.425,0.8755248543952323,6464,164,1.0,1.5,10.0
0.12,False,0.25,46.05,0.06556923502559137,474,164,1.0,1.5,10.0
0.12,False,0.5,79.04999999999998,0.06556923502559137,474,164,1.0,1.5,10.0
0.12,False,0.75,128.55,0.06556923502559137,474,164,1.0,1.5,10.0
0.12,True,0.25,50.899999999999984,0.9344307649744086,6755,164,1.0,1.5,10.0
0.12,True,0.5,83.79999999999998,0.9344307649744086,6755,164,1.0,1.5,10.0
0.12,True,0.75,141.75,0.9344307649744086,6755,164,1.0,1.5,10.0
0.15,False,0.25,43.15,0.0413755308946431,302,164,1.0,1.5,10.0
0.15,False,0.5,70.8,0.0413755308946431,302,164,1.0,1.5,10.0
0.15,False,0.75,114.59999999999998,0.0413755308946431,302,164,1.0,1.5,10.0
0.15,True,0.25,46.5,0.9586244691053569,6997,164,1.0,1.5,10.0
0.15,True,0.5,75.6,0.9586244691053569,6997,164,1.0,1.5,10.0
0.15,True,0.75,122.7,0.9586244691053569,6997,164,1.0,1.5,10.0
0.0,False,0.25,68.39999999999999,0.5033426183844011,1807,165,1.0,1.5,10.0
0.0,False,0.5,125.79999999999997,0.5033426183844011,1807,165,1.0,1.5,10.0
0.0,False,0.75,228.00000000000003,0.5033426183844011,1807,165,1.0,1.5,10.0
0.0,True,0.25,64.5,0.49665738161559886,1783,165,1.0,1.5,10.0
0.0,True,0.5,119.10000000000001,0.49665738161559886,1783,165,1.0,1.5,10.0
0.0,True,0.75,214.70000000000002,0.49665738161559886,1783,165,1.0,1.5,10.0
0.03,False,0.25,63.399999999999984,0.3498391383410267,2501,165,1.0,1.5,10.0
0.03,False,0.5,115.5,0.3498391383410267,2501,165,1.0,1.5,10.0
0.03,False,0.75,207.20000000000005,0.3498391383410267,2501,165,1.0,1.5,10.0
0.03,True,0.25,65.8,0.6501608616589732,4648,165,1.0,1.5,10.0
0.03,True,0.5,120.59999999999997,0.6501608616589732,4648,165,1.0,1.5,10.0
0.03,True,0.75,214.70000000000002,0.6501608616589732,4648,165,1.0,1.5,10.0
0.06,False,0.25,56.3,0.2172635702294348,1553,165,1.0,1.5,10.0
0.06,False,0.5,108.79999999999998,0.2172635702294348,1553,165,1.0,1.5,10.0
0.06,False,0.75,191.70000000000002,0.2172635702294348,1553,165,1.0,1.5,10.0
0.06,True,0.25,62.1,0.7827364297705652,5595,165,1.0,1.5,10.0
0.06,True,0.5,111.6,0.7827364297705652,5595,165,1.0,1.5,10.0
0.06,True,0.75,193.35,0.7827364297705652,5595,165,1.0,1.5,10.0
0.09,False,0.25,53.0,0.1303641532421822,963,165,1.0,1.5,10.0
0.09,False,0.5,90.5,0.1303641532421822,963,165,1.0,1.5,10.0
0.09,False,0.75,161.5,0.1303641532421822,963,165,1.0,1.5,10.0
0.09,True,0.25,56.3,0.8696358467578178,6424,165,1.0,1.5,10.0
0.09,True,0.5,97.6,0.8696358467578178,6424,165,1.0,1.5,10.0
0.09,True,0.75,168.09999999999997,0.8696358467578178,6424,165,1.0,1.5,10.0
0.12,False,0.25,46.300000000000004,0.07484781405644715,541,165,1.0,1.5,10.0
0.12,False,0.5,81.79999999999998,0.07484781405644715,541,165,1.0,1.5,10.0
0.12,False,0.75,140.2,0.07484781405644715,541,165,1.0,1.5,10.0
0.12,True,0.25,51.69999999999999,0.9251521859435529,6687,165,1.0,1.5,10.0
0.12,True,0.5,86.80000000000001,0.9251521859435529,6687,165,1.0,1.5,10.0
0.12,True,0.75,146.04999999999998,0.9251521859435529,6687,165,1.0,1.5,10.0
0.15,False,0.25,36.6,0.03890410958904109,284,165,1.0,1.5,10.0
0.15,False,0.5,57.80000000000001,0.03890410958904109,284,165,1.0,1.5,10.0
0.15,False,0.75,98.575,0.03890410958904109,284,165,1.0,1.5,10.0
0.15,True,0.25,45.975,0.9610958904109589,7016,165,1.0,1.5,10.0
0.15,True,0.5,75.89999999999999,0.9610958904109589,7016,165,1.0,1.5,10.0
0.15,True,0.75,125.42499999999998,0.9610958904109589,7016,165,1.0,1.5,10.0
0.0,False,0.25,67.75,0.507250418293363,1819,166,1.0,1.5,10.0
0.0,False,0.5,126.30000000000003,0.507250418293363,1819,166,1.0,1.5,10.0
0.0,False,0.75,220.10000000000005,0.507250418293363,1819,166,1.0,1.5,10.0
0.0,True,0.25,66.44999999999999,0.4927495817066369,1767,166,1.0,1.5,10.0
0.0,True,0.5,127.2,0.4927495817066369,1767,166,1.0,1.5,10.0
0.0,True,0.75,224.35000000000002,0.4927495817066369,1767,166,1.0,1.5,10.0
0.03,False,0.25,63.9,0.34309330344634353,2449,166,1.0,1.5,10.0
0.03,False,0.5,115.99999999999999,0.34309330344634353,2449,166,1.0,1.5,10.0
0.03,False,0.75,214.8,0.34309330344634353,2449,166,1.0,1.5,10.0
0.03,True,0.25,65.6,0.6569066965536565,4689,166,1.0,1.5,10.0
0.03,True,0.5,119.80000000000001,0.6569066965536565,4689,166,1.0,1.5,10.0
0.03,True,0.75,209.30000000000004,0.6569066965536565,4689,166,1.0,1.5,10.0
0.06,False,0.25,55.64999999999999,0.21603469987407303,1544,166,1.0,1.5,10.0
0.06,False,0.5,101.05,0.21603469987407303,1544,166,1.0,1.5,10.0
0.06,False,0.75,180.1,0.21603469987407303,1544,166,1.0,1.5,10.0
0.06,True,0.25,62.75,0.7839653001259269,5603,166,1.0,1.5,10.0
0.06,True,0.5,111.6,0.7839653001259269,5603,166,1.0,1.5,10.0
0.06,True,0.75,195.3,0.7839653001259269,5603,166,1.0,1.5,10.0
0.09,False,0.25,50.4,0.12632006498781478,933,166,1.0,1.5,10.0
0.09,False,0.5,90.69999999999997,0.12632006498781478,933,166,1.0,1.5,10.0
0.09,False,0.75,163.8,0.12632006498781478,933,166,1.0,1.5,10.0
0.09,True,0.25,55.6,0.8736799350121852,6453,166,1.0,1.5,10.0
0.09,True,0.5,98.10000000000001,0.8736799350121852,6453,166,1.0,1.5,10.0
0.09,True,0.75,167.5,0.8736799350121852,6453,166,1.0,1.5,10.0
0.12,False,0.25,45.900000000000006,0.0669432918395574,484,166,1.0,1.5,10.0
0.12,False,0.5,80.19999999999997,0.0669432918395574,484,166,1.0,1.5,10.0
0.12,False,0.75,134.05,0.0669432918395574,484,166,1.0,1.5,10.0
0.12,True,0.25,50.2,0.9330567081604426,6746,166,1.0,1.5,10.0
0.12,True,0.5,85.1,0.9330567081604426,6746,166,1.0,1.5,10.0
0.12,True,0.75,143.5,0.9330567081604426,6746,166,1.0,1.5,10.0
0.15,False,0.25,39.95,0.03712328767123288,271,166,1.0,1.5,10.0
0.15,False,0.5,72.2,0.03712328767123288,271,166,1.0,1.5,10.0
0.15,False,0.75,114.30000000000001,0.03712328767123288,271,166,1.0,1.5,10.0
0.15,True,0.25,46.2,0.9628767123287671,7029,166,1.0,1.5,10.0
0.15,True,0.5,74.39999999999999,0.9628767123287671,7029,166,1.0,1.5,10.0
0.15,True,0.75,121.10000000000001,0.9628767123287671,7029,166,1.0,1.5,10.0
0.0,False,0.25,68.5,0.511011987733482,1833,171,1.0,1.5,10.0
0.0,False,0.5,125.79999999999997,0.511011987733482,1833,171,1.0,1.5,10.0
0.0,False,0.75,218.90000000000003,0.511011987733482,1833,171,1.0,1.5,10.0
0.0,True,0.25,67.70000000000002,0.488988012266518,1754,171,1.0,1.5,10.0
0.0,True,0.5,120.55,0.488988012266518,1754,171,1.0,1.5,10.0
0.0,True,0.75,220.07500000000005,0.488988012266518,1754,171,1.0,1.5,10.0
0.03,False,0.25,64.10000000000001,0.34395973154362414,2460,171,1.0,1.5,10.0
0.03,False,0.5,114.69999999999999,0.34395973154362414,2460,171,1.0,1.5,10.0
0.03,False,0.75,201.72500000000005,0.34395973154362414,2460,171,1.0,1.5,10.0
0.03,True,0.25,67.375,0.6560402684563759,4692,171,1.0,1.5,10.0
0.03,True,0.5,122.25,0.6560402684563759,4692,171,1.0,1.5,10.0
0.03,True,0.75,212.92500000000004,0.6560402684563759,4692,171,1.0,1.5,10.0
0.06,False,0.25,56.849999999999994,0.21869315796837835,1563,171,1.0,1.5,10.0
0.06,False,0.5,105.80000000000001,0.21869315796837835,1563,171,1.0,1.5,10.0
0.06,False,0.75,190.25,0.21869315796837835,1563,171,1.0,1.5,10.0
0.06,True,0.25,61.575,0.7813068420316217,5584,171,1.0,1.5,10.0
0.06,True,0.5,108.60000000000001,0.7813068420316217,5584,171,1.0,1.5,10.0
0.06,True,0.75,191.20000000000002,0.7813068420316217,5584,171,1.0,1.5,10.0
0.09,False,0.25,52.49999999999999,0.1336673889490791,987,171,1.0,1.5,10.0
0.09,False,0.5,91.8,0.1336673889490791,987,171,1.0,1.5,10.0
0.09,False,0.75,153.95,0.1336673889490791,987,171,1.0,1.5,10.0
0.09,True,0.25,56.099999999999994,0.866332611050921,6397,171,1.0,1.5,10.0
0.09,True,0.5,96.10000000000001,0.866332611050921,6397,171,1.0,1.5,10.0
0.09,True,0.75,164.89999999999998,0.866332611050921,6397,171,1.0,1.5,10.0
0.12,False,0.25,46.5,0.07565698478561549,547,171,1.0,1.5,10.0
0.12,False,0.5,85.39999999999999,0.07565698478561549,547,171,1.0,1.5,10.0
0.12,False,0.75,139.84999999999997,0.07565698478561549,547,171,1.0,1.5,10.0
0.12,True,0.25,50.099999999999994,0.9243430152143846,6683,171,1.0,1.5,10.0
0.12,True,0.5,87.20000000000002,0.9243430152143846,6683,171,1.0,1.5,10.0
0.12,True,0.75,142.8,0.9243430152143846,6683,171,1.0,1.5,10.0
0.15,False,0.25,40.925,0.036986301369863014,270,171,1.0,1.5,10.0
0.15,False,0.5,67.64999999999999,0.036986301369863014,270,171,1.0,1.5,10.0
0.15,False,0.75,110.97500000000001,0.036986301369863014,270,171,1.0,1.5,10.0
0.15,True,0.25,44.900000000000006,0.963013698630137,7030,171,1.0,1.5,10.0
0.15,True,0.5,73.50000000000001,0.963013698630137,7030,171,1.0,1.5,10.0
0.15,True,0.75,118.89999999999998,0.963013698630137,7030,171,1.0,1.5,10.0
0.0,False,0.25,65.85000000000001,0.49107142857142855,1760,179,1.0,1.5,10.0
0.0,False,0.5,122.59999999999997,0.49107142857142855,1760,179,1.0,1.5,10.0
0.0,False,0.75,224.85000000000002,0.49107142857142855,1760,179,1.0,1.5,10.0
0.0,True,0.25,67.3,0.5089285714285714,1824,179,1.0,1.5,10.0
0.0,True,0.5,118.55,0.5089285714285714,1824,179,1.0,1.5,10.0
0.0,True,0.75,210.4,0.5089285714285714,1824,179,1.0,1.5,10.0
0.03,False,0.25,64.99999999999999,0.3445143256464011,2465,179,1.0,1.5,10.0
0.03,False,0.5,117.9,0.3445143256464011,2465,179,1.0,1.5,10.0
0.03,False,0.75,206.40000000000006,0.3445143256464011,2465,179,1.0,1.5,10.0
0.03,True,0.25,66.19999999999999,0.6554856743535988,4690,179,1.0,1.5,10.0
0.03,True,0.5,121.55000000000001,0.6554856743535988,4690,179,1.0,1.5,10.0
0.03,True,0.75,216.45000000000005,0.6554856743535988,4690,179,1.0,1.5,10.0
0.06,False,0.25,58.60000000000001,0.2131766680654637,1524,179,1.0,1.5,10.0
0.06,False,0.5,105.19999999999999,0.2131766680654637,1524,179,1.0,1.5,10.0
0.06,False,0.75,187.60000000000002,0.2131766680654637,1524,179,1.0,1.5,10.0
0.06,True,0.25,62.40000000000001,0.7868233319345364,5625,179,1.0,1.5,10.0
0.06,True,0.5,111.19999999999999,0.7868233319345364,5625,179,1.0,1.5,10.0
0.06,True,0.75,190.1,0.7868233319345364,5625,179,1.0,1.5,10.0
0.09,False,0.25,55.00000000000001,0.12691317892455642,937,179,1.0,1.5,10.0
0.09,False,0.5,92.9,0.12691317892455642,937,179,1.0,1.5,10.0
0.09,False,0.75,158.50000000000003,0.12691317892455642,937,179,1.0,1.5,10.0
0.09,True,0.25,55.800000000000004,0.8730868210754436,6446,179,1.0,1.5,10.0
0.09,True,0.5,95.65,0.8730868210754436,6446,179,1.0,1.5,10.0
0.09,True,0.75,162.39999999999998,0.8730868210754436,6446,179,1.0,1.5,10.0
0.12,False,0.25,47.49999999999999,0.0684742011343201,495,179,1.0,1.5,10.0
0.12,False,0.5,82.49999999999999,0.0684742011343201,495,179,1.0,1.5,10.0
0.12,False,0.75,135.65,0.0684742011343201,495,179,1.0,1.5,10.0
0.12,True,0.25,50.0,0.9315257988656799,6734,179,1.0,1.5,10.0
0.12,True,0.5,83.95,0.9315257988656799,6734,179,1.0,1.5,10.0
0.12,True,0.75,139.275,0.9315257988656799,6734,179,1.0,1.5,10.0
0.15,False,0.25,43.275,0.03780821917808219,276,179,1.0,1.5,10.0
0.15,False,0.5,73.80000000000001,0.03780821917808219,276,179,1.0,1.5,10.0
0.15,False,0.75,127.69999999999999,0.03780821917808219,276,179,1.0,1.5,10.0
0.15,True,0.25,45.5,0.9621917808219178,7024,179,1.0,1.5,10.0
0.15,True,0.5,73.3,0.9621917808219178,7024,179,1.0,1.5,10.0
0.15,True,0.75,118.7,0.9621917808219178,7024,179,1.0,1.5,10.0
0.0,False,0.25,66.39999999999999,0.5044518642181414,1813,180,1.0,1.5,10.0
0.0,False,0.5,122.7,0.5044518642181414,1813,180,1.0,1.5,10.0
0.0,False,0.75,221.20000000000002,0.5044518642181414,1813,180,1.0,1.5,10.0
0.0,True,0.25,69.8,0.49554813578185863,1781,180,1.0,1.5,10.0
0.0,True,0.5,132.99999999999997,0.49554813578185863,1781,180,1.0,1.5,10.0
0.0,True,0.75,235.10000000000002,0.49554813578185863,1781,180,1.0,1.5,10.0
0.03,False,0.25,63.5,0.3399132017359653,2428,180,1.0,1.5,10.0
0.03,False,0.5,115.75,0.3399132017359653,2428,180,1.0,1.5,10.0
0.03,False,0.75,204.10000000000002,0.3399132017359653,2428,180,1.0,1.5,10.0
0.03,True,0.25,64.99999999999999,0.6600867982640347,4715,180,1.0,1.5,10.0
0.03,True,0.5,121.2,0.6600867982640347,4715,180,1.0,1.5,10.0
0.03,True,0.75,213.85000000000002,0.6600867982640347,4715,180,1.0,1.5,10.0
0.06,False,0.25,57.85000000000001,0.213006993006993,1523,180,1.0,1.5,10.0
0.06,False,0.5,102.39999999999998,0.213006993006993,1523,180,1.0,1.5,10.0
0.06,False,0.75,179.65,0.213006993006993,1523,180,1.0,1.5,10.0
0.06,True,0.25,60.85,0.786993006993007,5627,180,1.0,1.5,10.0
0.06,True,0.5,109.99999999999999,0.786993006993007,5627,180,1.0,1.5,10.0
0.06,True,0.75,193.35,0.786993006993007,5627,180,1.0,1.5,10.0
0.09,False,0.25,52.6,0.12686163011102086,937,180,1.0,1.5,10.0
0.09,False,0.5,90.5,0.12686163011102086,937,180,1.0,1.5,10.0
0.09,False,0.75,159.7,0.12686163011102086,937,180,1.0,1.5,10.0
0.09,True,0.25,57.49999999999999,0.8731383698889792,6449,180,1.0,1.5,10.0
0.09,True,0.5,97.4,0.8731383698889792,6449,180,1.0,1.5,10.0
0.09,True,0.75,162.89999999999998,0.8731383698889792,6449,180,1.0,1.5,10.0
0.12,False,0.25,45.1,0.07457111234089651,539,180,1.0,1.5,10.0
0.12,False,0.5,75.3,0.07457111234089651,539,180,1.0,1.5,10.0
0.12,False,0.75,129.75,0.07457111234089651,539,180,1.0,1.5,10.0
0.12,True,0.25,50.099999999999994,0.9254288876591035,6689,180,1.0,1.5,10.0
0.12,True,0.5,84.3,0.9254288876591035,6689,180,1.0,1.5,10.0
0.12,True,0.75,143.3,0.9254288876591035,6689,180,1.0,1.5,10.0
0.15,False,0.25,40.075,0.040547945205479455,296,180,1.0,1.5,10.0
0.15,False,0.5,68.4,0.040547945205479455,296,180,1.0,1.5,10.0
0.15,False,0.75,118.12499999999999,0.040547945205479455,296,180,1.0,1.5,10.0
0.15,True,0.25,46.0,0.9594520547945206,7004,180,1.0,1.5,10.0
0.15,True,0.5,74.6,0.9594520547945206,7004,180,1.0,1.5,10.0
0.15,True,0.75,121.9,0.9594520547945206,7004,180,1.0,1.5,10.0
0.0,False,0.25,66.6,0.5124128312412831,1837,181,1.0,1.5,10.0
0.0,False,0.5,124.7,0.5124128312412831,1837,181,1.0,1.5,10.0
0.0,False,0.75,216.20000000000002,0.5124128312412831,1837,181,1.0,1.5,10.0
0.0,True,0.25,64.8,0.4875871687587169,1748,181,1.0,1.5,10.0
0.0,True,0.5,124.44999999999999,0.4875871687587169,1748,181,1.0,1.5,10.0
0.0,True,0.75,213.97500000000002,0.4875871687587169,1748,181,1.0,1.5,10.0
0.03,False,0.25,63.199999999999996,0.34608938547486034,2478,181,1.0,1.5,10.0
0.03,False,0.5,115.55,0.34608938547486034,2478,181,1.0,1.5,10.0
0.03,False,0.75,204.675,0.34608938547486034,2478,181,1.0,1.5,10.0
0.03,True,0.25,67.70000000000002,0.6539106145251397,4682,181,1.0,1.5,10.0
0.03,True,0.5,123.74999999999999,0.6539106145251397,4682,181,1.0,1.5,10.0
0.03,True,0.75,214.4,0.6539106145251397,4682,181,1.0,1.5,10.0
0.06,False,0.25,56.775000000000006,0.21715405065062263,1552,181,1.0,1.5,10.0
0.06,False,0.5,107.30000000000003,0.21715405065062263,1552,181,1.0,1.5,10.0
0.06,False,0.75,183.275,0.21715405065062263,1552,181,1.0,1.5,10.0
0.06,True,0.25,61.699999999999996,0.7828459493493773,5595,181,1.0,1.5,10.0
0.06,True,0.5,108.3,0.7828459493493773,5595,181,1.0,1.5,10.0
0.06,True,0.75,189.1,0.7828459493493773,5595,181,1.0,1.5,10.0
0.09,False,0.25,52.400000000000006,0.12430527314626542,917,181,1.0,1.5,10.0
0.09,False,0.5,91.49999999999999,0.12430527314626542,917,181,1.0,1.5,10.0
0.09,False,0.75,166.3,0.12430527314626542,917,181,1.0,1.5,10.0
0.09,True,0.25,56.375,0.8756947268537346,6460,181,1.0,1.5,10.0
0.09,True,0.5,97.30000000000001,0.8756947268537346,6460,181,1.0,1.5,10.0
0.09,True,0.75,167.99999999999997,0.8756947268537346,6460,181,1.0,1.5,10.0
0.12,False,0.25,48.25000000000001,0.07469912851016738,540,181,1.0,1.5,10.0
0.12,False,0.5,75.64999999999998,0.07469912851016738,540,181,1.0,1.5,10.0
0.12,False,0.75,124.22499999999998,0.07469912851016738,540,181,1.0,1.5,10.0
0.12,True,0.25,50.899999999999984,0.9253008714898326,6689,181,1.0,1.5,10.0
0.12,True,0.5,86.0,0.9253008714898326,6689,181,1.0,1.5,10.0
0.12,True,0.75,143.09999999999997,0.9253008714898326,6689,181,1.0,1.5,10.0
0.15,False,0.25,44.85,0.03822441430332922,279,181,1.0,1.5,10.0
0.15,False,0.5,68.5,0.03822441430332922,279,181,1.0,1.5,10.0
0.15,False,0.75,112.85,0.03822441430332922,279,181,1.0,1.5,10.0
0.15,True,0.25,45.6,0.9617755856966708,7020,181,1.0,1.5,10.0
0.15,True,0.5,73.9,0.9617755856966708,7020,181,1.0,1.5,10.0
0.15,True,0.75,120.49999999999999,0.9617755856966708,7020,181,1.0,1.5,10.0
0.0,False,0.25,68.39999999999999,0.4889818688981869,1753,190,1.0,1.5,10.0
0.0,False,0.5,124.49999999999999,0.4889818688981869,1753,190,1.0,1.5,10.0
0.0,False,0.75,221.40000000000003,0.4889818688981869,1753,190,1.0,1.5,10.0
0.0,True,0.25,68.375,0.5110181311018132,1832,190,1.0,1.5,10.0
0.0,True,0.5,128.05,0.5110181311018132,1832,190,1.0,1.5,10.0
0.0,True,0.75,226.9,0.5110181311018132,1832,190,1.0,1.5,10.0
0.03,False,0.25,62.600000000000016,0.34548756635931827,2473,190,1.0,1.5,10.0
0.03,False,0.5,115.2,0.34548756635931827,2473,190,1.0,1.5,10.0
0.03,False,0.75,210.50000000000006,0.34548756635931827,2473,190,1.0,1.5,10.0
0.03,True,0.25,65.99999999999999,0.6545124336406818,4685,190,1.0,1.5,10.0
0.03,True,0.5,121.69999999999999,0.6545124336406818,4685,190,1.0,1.5,10.0
0.03,True,0.75,217.30000000000004,0.6545124336406818,4685,190,1.0,1.5,10.0
0.06,False,0.25,60.550000000000004,0.2137757244855103,1527,190,1.0,1.5,10.0
0.06,False,0.5,112.69999999999999,0.2137757244855103,1527,190,1.0,1.5,10.0
0.06,False,0.75,193.5,0.2137757244855103,1527,190,1.0,1.5,10.0
0.06,True,0.25,62.600000000000016,0.7862242755144897,5616,190,1.0,1.5,10.0
0.06,True,0.5,112.39999999999999,0.7862242755144897,5616,190,1.0,1.5,10.0
0.06,True,0.75,191.22500000000002,0.7862242755144897,5616,190,1.0,1.5,10.0
0.09,False,0.25,54.6,0.12068264932954084,891,190,1.0,1.5,10.0
0.09,False,0.5,97.0,0.12068264932954084,891,190,1.0,1.5,10.0
0.09,False,0.75,164.9,0.12068264932954084,891,190,1.0,1.5,10.0
0.09,True,0.25,55.49999999999999,0.8793173506704591,6492,190,1.0,1.5,10.0
0.09,True,0.5,95.85,0.8793173506704591,6492,190,1.0,1.5,10.0
0.09,True,0.75,166.425,0.8793173506704591,6492,190,1.0,1.5,10.0
0.12,False,0.25,47.25,0.06725712704123997,486,190,1.0,1.5,10.0
0.12,False,0.5,82.60000000000001,0.06725712704123997,486,190,1.0,1.5,10.0
0.12,False,0.75,144.25000000000003,0.06725712704123997,486,190,1.0,1.5,10.0
0.12,True,0.25,51.49999999999999,0.93274287295876,6740,190,1.0,1.5,10.0
0.12,True,0.5,88.14999999999999,0.93274287295876,6740,190,1.0,1.5,10.0
0.12,True,0.75,144.725,0.93274287295876,6740,190,1.0,1.5,10.0
0.15,False,0.25,41.925,0.040547945205479455,296,190,1.0,1.5,10.0
0.15,False,0.5,73.55000000000001,0.040547945205479455,296,190,1.0,1.5,10.0
0.15,False,0.75,122.6,0.040547945205479455,296,190,1.0,1.5,10.0
0.15,True,0.25,46.300000000000004,0.9594520547945206,7004,190,1.0,1.5,10.0
0.15,True,0.5,74.30000000000001,0.9594520547945206,7004,190,1.0,1.5,10.0
0.15,True,0.75,122.02499999999999,0.9594520547945206,7004,190,1.0,1.5,10.0
0.0,False,0.25,64.5,0.4913552704963748,1762,204,1.0,1.5,10.0
0.0,False,0.5,125.64999999999998,0.4913552704963748,1762,204,1.0,1.5,10.0
0.0,False,0.75,216.60000000000002,0.4913552704963748,1762,204,1.0,1.5,10.0
0.0,True,0.25,67.67500000000001,0.5086447295036252,1824,204,1.0,1.5,10.0
0.0,True,0.5,124.79999999999998,0.5086447295036252,1824,204,1.0,1.5,10.0
0.0,True,0.75,217.00000000000006,0.5086447295036252,1824,204,1.0,1.5,10.0
0.03,False,0.25,62.1,0.35062211659443593,2508,204,1.0,1.5,10.0
0.03,False,0.5,116.39999999999999,0.35062211659443593,2508,204,1.0,1.5,10.0
0.03,False,0.75,208.20000000000002,0.35062211659443593,2508,204,1.0,1.5,10.0
0.03,True,0.25,65.7,0.6493778834055641,4645,204,1.0,1.5,10.0
0.03,True,0.5,117.69999999999999,0.6493778834055641,4645,204,1.0,1.5,10.0
0.03,True,0.75,209.80000000000004,0.6493778834055641,4645,204,1.0,1.5,10.0
0.06,False,0.25,58.8,0.21844863731656183,1563,204,1.0,1.5,10.0
0.06,False,0.5,103.89999999999999,0.21844863731656183,1563,204,1.0,1.5,10.0
0.06,False,0.75,180.09999999999997,0.21844863731656183,1563,204,1.0,1.5,10.0
0.06,True,0.25,61.1,0.7815513626834382,5592,204,1.0,1.5,10.0
0.06,True,0.5,107.99999999999999,0.7815513626834382,5592,204,1.0,1.5,10.0
0.06,True,0.75,188.4,0.7815513626834382,5592,204,1.0,1.5,10.0
0.09,False,0.25,53.575,0.13550135501355012,1000,204,1.0,1.5,10.0
0.09,False,0.5,92.1,0.13550135501355012,1000,204,1.0,1.5,10.0
0.09,False,0.75,152.32500000000002,0.13550135501355012,1000,204,1.0,1.5,10.0
0.09,True,0.25,54.89999999999999,0.8644986449864499,6380,204,1.0,1.5,10.0
0.09,True,0.5,96.29999999999998,0.8644986449864499,6380,204,1.0,1.5,10.0
0.09,True,0.75,163.325,0.8644986449864499,6380,204,1.0,1.5,10.0
0.12,False,0.25,47.474999999999994,0.06417704011065006,464,204,1.0,1.5,10.0
0.12,False,0.5,80.55,0.06417704011065006,464,204,1.0,1.5,10.0
0.12,False,0.75,131.09999999999997,0.06417704011065006,464,204,1.0,1.5,10.0
0.12,True,0.25,51.099999999999994,0.9358229598893499,6766,204,1.0,1.5,10.0
0.12,True,0.5,84.80000000000001,0.9358229598893499,6766,204,1.0,1.5,10.0
0.12,True,0.75,140.47500000000002,0.9358229598893499,6766,204,1.0,1.5,10.0
0.15,False,0.25,40.175,0.03671232876712329,268,204,1.0,1.5,10.0
0.15,False,0.5,67.80000000000001,0.03671232876712329,268,204,1.0,1.5,10.0
0.15,False,0.75,107.275,0.03671232876712329,268,204,1.0,1.5,10.0
0.15,True,0.25,46.400000000000006,0.9632876712328767,7032,204,1.0,1.5,10.0
0.15,True,0.5,74.0,0.9632876712328767,7032,204,1.0,1.5,10.0
0.15,True,0.75,119.80000000000001,0.9632876712328767,7032,204,1.0,1.5,10.0
0.0,False,0.25,67.9,0.5112656467315716,1838,207,1.0,1.5,10.0
0.0,False,0.5,124.54999999999998,0.5112656467315716,1838,207,1.0,1.5,10.0
0.0,False,0.75,220.65000000000003,0.5112656467315716,1838,207,1.0,1.5,10.0
0.0,True,0.25,66.19999999999999,0.48873435326842835,1757,207,1.0,1.5,10.0
0.0,True,0.5,122.59999999999997,0.48873435326842835,1757,207,1.0,1.5,10.0
0.0,True,0.75,210.4,0.48873435326842835,1757,207,1.0,1.5,10.0
0.03,False,0.25,63.5,0.3389332213355733,2421,207,1.0,1.5,10.0
0.03,False,0.5,120.3,0.3389332213355733,2421,207,1.0,1.5,10.0
0.03,False,0.75,216.50000000000006,0.3389332213355733,2421,207,1.0,1.5,10.0
0.03,True,0.25,64.32499999999999,0.6610667786644268,4722,207,1.0,1.5,10.0
0.03,True,0.5,118.9,0.6610667786644268,4722,207,1.0,1.5,10.0
0.03,True,0.75,211.20000000000005,0.6610667786644268,4722,207,1.0,1.5,10.0
0.06,False,0.25,59.60000000000001,0.21675290169207104,1550,207,1.0,1.5,10.0
0.06,False,0.5,105.35000000000002,0.21675290169207104,1550,207,1.0,1.5,10.0
0.06,False,0.75,185.45,0.21675290169207104,1550,207,1.0,1.5,10.0
0.06,True,0.25,60.699999999999996,0.7832470983079289,5601,207,1.0,1.5,10.0
0.06,True,0.5,112.09999999999998,0.7832470983079289,5601,207,1.0,1.5,10.0
0.06,True,0.75,196.29999999999998,0.7832470983079289,5601,207,1.0,1.5,10.0
0.09,False,0.25,50.8,0.12271434376269809,906,207,1.0,1.5,10.0
0.09,False,0.5,88.44999999999999,0.12271434376269809,906,207,1.0,1.5,10.0
0.09,False,0.75,165.35,0.12271434376269809,906,207,1.0,1.5,10.0
0.09,True,0.25,57.00000000000001,0.8772856562373019,6477,207,1.0,1.5,10.0
0.09,True,0.5,99.2,0.8772856562373019,6477,207,1.0,1.5,10.0
0.09,True,0.75,169.7,0.8772856562373019,6477,207,1.0,1.5,10.0
0.12,False,0.25,46.64999999999999,0.06958085489002629,503,207,1.0,1.5,10.0
0.12,False,0.5,76.3,0.06958085489002629,503,207,1.0,1.5,10.0
0.12,False,0.75,138.79999999999998,0.06958085489002629,503,207,1.0,1.5,10.0
0.12,True,0.25,50.8,0.9304191451099737,6726,207,1.0,1.5,10.0
0.12,True,0.5,84.3,0.9304191451099737,6726,207,1.0,1.5,10.0
0.12,True,0.75,140.32500000000002,0.9304191451099737,6726,207,1.0,1.5,10.0
0.15,False,0.25,38.99999999999999,0.03904109589041096,285,207,1.0,1.5,10.0
0.15,False,0.5,60.60000000000001,0.03904109589041096,285,207,1.0,1.5,10.0
0.15,False,0.75,101.59999999999998,0.03904109589041096,285,207,1.0,1.5,10.0
0.15,True,0.25,46.300000000000004,0.9609589041095891,7015,207,1.0,1.5,10.0
0.15,True,0.5,74.6,0.9609589041095891,7015,207,1.0,1.5,10.0
0.15,True,0.75,122.0,0.9609589041095891,7015,207,1.0,1.5,10.0
0.0,False,0.25,66.19999999999999,0.4884239888423989,1751,209,1.0,1.5,10.0
0.0,False,0.5,119.00000000000003,0.4884239888423989,1751,209,1.0,1.5,10.0
0.0,False,0.75,214.45000000000005,0.4884239888423989,1751,209,1.0,1.5,10.0
0.0,True,0.25,65.24999999999999,0.5115760111576011,1834,209,1.0,1.5,10.0
0.0,True,0.5,125.4,0.5115760111576011,1834,209,1.0,1.5,10.0
0.0,True,0.75,216.92500000000004,0.5115760111576011,1834,209,1.0,1.5,10.0
0.03,False,0.25,62.94999999999999,0.3441866964784796,2463,209,1.0,1.5,10.0
0.03,False,0.5,117.29999999999998,0.3441866964784796,2463,209,1.0,1.5,10.0
0.03,False,0.75,201.95000000000005,0.3441866964784796,2463,209,1.0,1.5,10.0
0.03,True,0.25,66.5,0.6558133035215205,4693,209,1.0,1.5,10.0
0.03,True,0.5,119.40000000000002,0.6558133035215205,4693,209,1.0,1.5,10.0
0.03,True,0.75,217.50000000000003,0.6558133035215205,4693,209,1.0,1.5,10.0
0.06,False,0.25,59.699999999999996,0.21107847251363826,1509,209,1.0,1.5,10.0
0.06,False,0.5,110.69999999999999,0.21107847251363826,1509,209,1.0,1.5,10.0
0.06,False,0.75,191.39999999999998,0.21107847251363826,1509,209,1.0,1.5,10.0
0.06,True,0.25,60.60000000000001,0.7889215274863617,5640,209,1.0,1.5,10.0
0.06,True,0.5,108.89999999999996,0.7889215274863617,5640,209,1.0,1.5,10.0
0.06,True,0.75,189.025,0.7889215274863617,5640,209,1.0,1.5,10.0
0.09,False,0.25,54.800000000000004,0.12415380449499053,917,209,1.0,1.5,10.0
0.09,False,0.5,93.30000000000001,0.12415380449499053,917,209,1.0,1.5,10.0
0.09,False,0.75,161.6,0.12415380449499053,917,209,1.0,1.5,10.0
0.09,True,0.25,56.00000000000001,0.8758461955050095,6469,209,1.0,1.5,10.0
0.09,True,0.5,97.89999999999999,0.8758461955050095,6469,209,1.0,1.5,10.0
0.09,True,0.75,166.49999999999997,0.8758461955050095,6469,209,1.0,1.5,10.0
0.12,False,0.25,47.800000000000004,0.06957123098201937,503,209,1.0,1.5,10.0
0.12,False,0.5,79.49999999999999,0.06957123098201937,503,209,1.0,1.5,10.0
0.12,False,0.75,136.45,0.06957123098201937,503,209,1.0,1.5,10.0
0.12,True,0.25,49.60000000000001,0.9304287690179807,6727,209,1.0,1.5,10.0
0.12,True,0.5,83.60000000000001,0.9304287690179807,6727,209,1.0,1.5,10.0
0.12,True,0.75,140.0,0.9304287690179807,6727,209,1.0,1.5,10.0
0.15,False,0.25,42.400000000000006,0.038772434580079465,283,209,1.0,1.5,10.0
0.15,False,0.5,69.70000000000002,0.038772434580079465,283,209,1.0,1.5,10.0
0.15,False,0.75,116.30000000000001,0.038772434580079465,283,209,1.0,1.5,10.0
0.15,True,0.25,45.400000000000006,0.9612275654199205,7016,209,1.0,1.5,10.0
0.15,True,0.5,74.39999999999999,0.9612275654199205,7016,209,1.0,1.5,10.0
0.15,True,0.75,120.7,0.9612275654199205,7016,209,1.0,1.5,10.0
0.0,False,0.25,67.3,0.4933184855233853,1772,211,1.0,1.5,10.0
0.0,False,0.5,124.05,0.4933184855233853,1772,211,1.0,1.5,10.0
0.0,False,0.75,216.62500000000006,0.4933184855233853,1772,211,1.0,1.5,10.0
0.0,True,0.25,68.6,0.5066815144766147,1820,211,1.0,1.5,10.0
0.0,True,0.5,119.19999999999999,0.5066815144766147,1820,211,1.0,1.5,10.0
0.0,True,0.75,215.50000000000003,0.5066815144766147,1820,211,1.0,1.5,10.0
0.03,False,0.25,63.9,0.338968841693447,2426,211,1.0,1.5,10.0
0.03,False,0.5,118.95,0.338968841693447,2426,211,1.0,1.5,10.0
0.03,False,0.75,214.375,0.338968841693447,2426,211,1.0,1.5,10.0
0.03,True,0.25,64.6,0.661031158306553,4731,211,1.0,1.5,10.0
0.03,True,0.5,120.20000000000002,0.661031158306553,4731,211,1.0,1.5,10.0
0.03,True,0.75,210.05,0.661031158306553,4731,211,1.0,1.5,10.0
0.06,False,0.25,59.60000000000001,0.21702068194522078,1553,211,1.0,1.5,10.0
0.06,False,0.5,107.1,0.21702068194522078,1553,211,1.0,1.5,10.0
0.06,False,0.75,189.60000000000002,0.21702068194522078,1553,211,1.0,1.5,10.0
0.06,True,0.25,62.20000000000001,0.7829793180547792,5603,211,1.0,1.5,10.0
0.06,True,0.5,108.69999999999999,0.7829793180547792,5603,211,1.0,1.5,10.0
0.06,True,0.75,189.65000000000003,0.7829793180547792,5603,211,1.0,1.5,10.0
0.09,False,0.25,52.29999999999999,0.11443661971830986,845,211,1.0,1.5,10.0
0.09,False,0.5,95.6,0.11443661971830986,845,211,1.0,1.5,10.0
0.09,False,0.75,161.8,0.11443661971830986,845,211,1.0,1.5,10.0
0.09,True,0.25,56.099999999999994,0.8855633802816901,6539,211,1.0,1.5,10.0
0.09,True,0.5,98.29999999999998,0.8855633802816901,6539,211,1.0,1.5,10.0
0.09,True,0.75,166.85000000000002,0.8855633802816901,6539,211,1.0,1.5,10.0
0.12,False,0.25,47.2,0.0729109020475927,527,211,1.0,1.5,10.0
0.12,False,0.5,79.1,0.0729109020475927,527,211,1.0,1.5,10.0
0.12,False,0.75,132.54999999999998,0.0729109020475927,527,211,1.0,1.5,10.0
0.12,True,0.25,51.29999999999999,0.9270890979524073,6701,211,1.0,1.5,10.0
0.12,True,0.5,86.1,0.9270890979524073,6701,211,1.0,1.5,10.0
0.12,True,0.75,143.0,0.9270890979524073,6701,211,1.0,1.5,10.0
0.15,False,0.25,44.6,0.03794520547945206,277,211,1.0,1.5,10.0
0.15,False,0.5,65.7,0.03794520547945206,277,211,1.0,1.5,10.0
0.15,False,0.75,111.69999999999997,0.03794520547945206,277,211,1.0,1.5,10.0
0.15,True,0.25,46.0,0.962054794520548,7023,211,1.0,1.5,10.0
0.15,True,0.5,74.6,0.962054794520548,7023,211,1.0,1.5,10.0
0.15,True,0.75,120.94999999999997,0.962054794520548,7023,211,1.0,1.5,10.0
0.0,False,0.25,65.55,0.5051575132422638,1812,220,1.0,1.5,10.0
0.0,False,0.5,115.45000000000002,0.5051575132422638,1812,220,1.0,1.5,10.0
0.0,False,0.75,212.25,0.5051575132422638,1812,220,1.0,1.5,10.0
0.0,True,0.25,68.55,0.4948424867577363,1775,220,1.0,1.5,10.0
0.0,True,0.5,126.19999999999997,0.4948424867577363,1775,220,1.0,1.5,10.0
0.0,True,0.75,219.75000000000003,0.4948424867577363,1775,220,1.0,1.5,10.0
0.03,False,0.25,64.25,0.33986836577510154,2427,220,1.0,1.5,10.0
0.03,False,0.5,118.3,0.33986836577510154,2427,220,1.0,1.5,10.0
0.03,False,0.75,206.55000000000004,0.33986836577510154,2427,220,1.0,1.5,10.0
0.03,True,0.25,65.5,0.6601316342248985,4714,220,1.0,1.5,10.0
0.03,True,0.5,121.74999999999999,0.6601316342248985,4714,220,1.0,1.5,10.0
0.03,True,0.75,213.27500000000003,0.6601316342248985,4714,220,1.0,1.5,10.0
0.06,False,0.25,56.075,0.21796306659205372,1558,220,1.0,1.5,10.0
0.06,False,0.5,103.19999999999999,0.21796306659205372,1558,220,1.0,1.5,10.0
0.06,False,0.75,184.95,0.21796306659205372,1558,220,1.0,1.5,10.0
0.06,True,0.25,61.800000000000004,0.7820369334079463,5590,220,1.0,1.5,10.0
0.06,True,0.5,110.89999999999998,0.7820369334079463,5590,220,1.0,1.5,10.0
0.06,True,0.75,194.4,0.7820369334079463,5590,220,1.0,1.5,10.0
0.09,False,0.25,50.2,0.11795774647887323,871,220,1.0,1.5,10.0
0.09,False,0.5,90.59999999999998,0.11795774647887323,871,220,1.0,1.5,10.0
0.09,False,0.75,161.8,0.11795774647887323,871,220,1.0,1.5,10.0
0.09,True,0.25,54.00000000000001,0.8820422535211268,6513,220,1.0,1.5,10.0
0.09,True,0.5,94.6,0.8820422535211268,6513,220,1.0,1.5,10.0
0.09,True,0.75,160.89999999999998,0.8820422535211268,6513,220,1.0,1.5,10.0
0.12,False,0.25,41.35,0.0625432406254324,452,220,1.0,1.5,10.0
0.12,False,0.5,67.2,0.0625432406254324,452,220,1.0,1.5,10.0
0.12,False,0.75,108.8,0.0625432406254324,452,220,1.0,1.5,10.0
0.12,True,0.25,50.15,0.9374567593745676,6775,220,1.0,1.5,10.0
0.12,True,0.5,83.39999999999999,0.9374567593745676,6775,220,1.0,1.5,10.0
0.12,True,0.75,140.0,0.9374567593745676,6775,220,1.0,1.5,10.0
0.15,False,0.25,42.3,0.03684931506849315,269,220,1.0,1.5,10.0
0.15,False,0.5,64.9,0.03684931506849315,269,220,1.0,1.5,10.0
0.15,False,0.75,106.79999999999998,0.03684931506849315,269,220,1.0,1.5,10.0
0.15,True,0.25,45.150000000000006,0.9631506849315068,7031,220,1.0,1.5,10.0
0.15,True,0.5,73.3,0.9631506849315068,7031,220,1.0,1.5,10.0
0.15,True,0.75,119.15,0.9631506849315068,7031,220,1.0,1.5,10.0
0.0,False,0.25,67.875,0.5139353400222966,1844,221,1.0,1.5,10.0
0.0,False,0.5,124.49999999999999,0.5139353400222966,1844,221,1.0,1.5,10.0
0.0,False,0.75,219.25000000000003,0.5139353400222966,1844,221,1.0,1.5,10.0
0.0,True,0.25,64.675,0.48606465997770343,1744,221,1.0,1.5,10.0
0.0,True,0.5,122.0,0.48606465997770343,1744,221,1.0,1.5,10.0
0.0,True,0.75,217.50000000000003,0.48606465997770343,1744,221,1.0,1.5,10.0
0.03,False,0.25,67.3,0.3528259653049804,2522,221,1.0,1.5,10.0
0.03,False,0.5,121.8,0.3528259653049804,2522,221,1.0,1.5,10.0
0.03,False,0.75,215.22500000000002,0.3528259653049804,2522,221,1.0,1.5,10.0
0.03,True,0.25,65.6,0.6471740346950196,4626,221,1.0,1.5,10.0
0.03,True,0.5,120.75,0.6471740346950196,4626,221,1.0,1.5,10.0
0.03,True,0.75,217.27500000000003,0.6471740346950196,4626,221,1.0,1.5,10.0
0.06,False,0.25,58.00000000000001,0.2134470226446743,1527,221,1.0,1.5,10.0
0.06,False,0.5,105.00000000000001,0.2134470226446743,1527,221,1.0,1.5,10.0
0.06,False,0.75,186.2,0.2134470226446743,1527,221,1.0,1.5,10.0
0.06,True,0.25,61.550000000000004,0.7865529773553257,5627,221,1.0,1.5,10.0
0.06,True,0.5,110.39999999999998,0.7865529773553257,5627,221,1.0,1.5,10.0
0.06,True,0.75,190.0,0.7865529773553257,5627,221,1.0,1.5,10.0
0.09,False,0.25,53.099999999999994,0.12147887323943662,897,221,1.0,1.5,10.0
0.09,False,0.5,94.69999999999997,0.12147887323943662,897,221,1.0,1.5,10.0
0.09,False,0.75,163.0,0.12147887323943662,897,221,1.0,1.5,10.0
0.09,True,0.25,56.20000000000001,0.8785211267605634,6487,221,1.0,1.5,10.0
0.09,True,0.5,97.19999999999999,0.8785211267605634,6487,221,1.0,1.5,10.0
0.09,True,0.75,163.55,0.8785211267605634,6487,221,1.0,1.5,10.0
0.12,False,0.25,45.725,0.07164591977869986,518,221,1.0,1.5,10.0
0.12,False,0.5,79.1,0.07164591977869986,518,221,1.0,1.5,10.0
0.12,False,0.75,139.325,0.07164591977869986,518,221,1.0,1.5,10.0
0.12,True,0.25,50.499999999999986,0.9283540802213002,6712,221,1.0,1.5,10.0
0.12,True,0.5,86.3,0.9283540802213002,6712,221,1.0,1.5,10.0
0.12,True,0.75,144.125,0.9283540802213002,6712,221,1.0,1.5,10.0
0.15,False,0.25,41.49999999999999,0.03794520547945206,277,221,1.0,1.5,10.0
0.15,False,0.5,61.20000000000001,0.03794520547945206,277,221,1.0,1.5,10.0
0.15,False,0.75,109.10000000000001,0.03794520547945206,277,221,1.0,1.5,10.0
0.15,True,0.25,45.400000000000006,0.962054794520548,7023,221,1.0,1.5,10.0
0.15,True,0.5,73.0,0.962054794520548,7023,221,1.0,1.5,10.0
0.15,True,0.75,119.00000000000003,0.962054794520548,7023,221,1.0,1.5,10.0
0.0,False,0.25,68.99999999999999,0.4973515472539727,1784,223,1.0,1.5,10.0
0.0,False,0.5,127.95000000000002,0.4973515472539727,1784,223,1.0,1.5,10.0
0.0,False,0.75,230.07500000000005,0.4973515472539727,1784,223,1.0,1.5,10.0
0.0,True,0.25,67.35,0.5026484527460273,1803,223,1.0,1.5,10.0
0.0,True,0.5,120.09999999999998,0.5026484527460273,1803,223,1.0,1.5,10.0
0.0,True,0.75,211.15000000000003,0.5026484527460273,1803,223,1.0,1.5,10.0
0.03,False,0.25,63.59999999999999,0.341494124230554,2441,223,1.0,1.5,10.0
0.03,False,0.5,118.09999999999998,0.341494124230554,2441,223,1.0,1.5,10.0
0.03,False,0.75,215.10000000000002,0.341494124230554,2441,223,1.0,1.5,10.0
0.03,True,0.25,65.39999999999999,0.658505875769446,4707,223,1.0,1.5,10.0
0.03,True,0.5,120.39999999999999,0.658505875769446,4707,223,1.0,1.5,10.0
0.03,True,0.75,211.10000000000002,0.658505875769446,4707,223,1.0,1.5,10.0
0.06,False,0.25,59.3,0.2104968509447166,1504,223,1.0,1.5,10.0
0.06,False,0.5,102.34999999999998,0.2104968509447166,1504,223,1.0,1.5,10.0
0.06,False,0.75,188.22499999999997,0.2104968509447166,1504,223,1.0,1.5,10.0
0.06,True,0.25,60.9,0.7895031490552834,5641,223,1.0,1.5,10.0
0.06,True,0.5,107.4,0.7895031490552834,5641,223,1.0,1.5,10.0
0.06,True,0.75,194.0,0.7895031490552834,5641,223,1.0,1.5,10.0
0.09,False,0.25,58.10000000000001,0.12249322493224932,904,223,1.0,1.5,10.0
0.09,False,0.5,96.29999999999998,0.12249322493224932,904,223,1.0,1.5,10.0
0.09,False,0.75,175.05,0.12249322493224932,904,223,1.0,1.5,10.0
0.09,True,0.25,56.800000000000004,0.8775067750677507,6476,223,1.0,1.5,10.0
0.09,True,0.5,98.8,0.8775067750677507,6476,223,1.0,1.5,10.0
0.09,True,0.75,166.49999999999997,0.8775067750677507,6476,223,1.0,1.5,10.0
0.12,False,0.25,44.800000000000004,0.06625172890733057,479,223,1.0,1.5,10.0
0.12,False,0.5,71.9,0.06625172890733057,479,223,1.0,1.5,10.0
0.12,False,0.75,115.79999999999998,0.06625172890733057,479,223,1.0,1.5,10.0
0.12,True,0.25,50.64999999999999,0.9337482710926694,6751,223,1.0,1.5,10.0
0.12,True,0.5,85.60000000000001,0.9337482710926694,6751,223,1.0,1.5,10.0
0.12,True,0.75,145.45,0.9337482710926694,6751,223,1.0,1.5,10.0
0.15,False,0.25,42.6,0.04452054794520548,325,223,1.0,1.5,10.0
0.15,False,0.5,65.9,0.04452054794520548,325,223,1.0,1.5,10.0
0.15,False,0.75,119.29999999999998,0.04452054794520548,325,223,1.0,1.5,10.0
0.15,True,0.25,46.1,0.9554794520547946,6975,223,1.0,1.5,10.0
0.15,True,0.5,76.09999999999998,0.9554794520547946,6975,223,1.0,1.5,10.0
0.15,True,0.75,123.79999999999998,0.9554794520547946,6975,223,1.0,1.5,10.0
0.0,False,0.25,64.8,0.5112719176175897,1837,226,1.0,1.5,10.0
0.0,False,0.5,125.6,0.5112719176175897,1837,226,1.0,1.5,10.0
0.0,False,0.75,212.3,0.5112719176175897,1837,226,1.0,1.5,10.0
0.0,True,0.25,64.55,0.4887280823824102,1756,226,1.0,1.5,10.0
0.0,True,0.5,121.85,0.4887280823824102,1756,226,1.0,1.5,10.0
0.0,True,0.75,211.375,0.4887280823824102,1756,226,1.0,1.5,10.0
0.03,False,0.25,63.9,0.34242170022371365,2449,226,1.0,1.5,10.0
0.03,False,0.5,115.2,0.34242170022371365,2449,226,1.0,1.5,10.0
0.03,False,0.75,212.90000000000003,0.34242170022371365,2449,226,1.0,1.5,10.0
0.03,True,0.25,66.7,0.6575782997762863,4703,226,1.0,1.5,10.0
0.03,True,0.5,121.3,0.6575782997762863,4703,226,1.0,1.5,10.0
0.03,True,0.75,216.40000000000003,0.6575782997762863,4703,226,1.0,1.5,10.0
0.06,False,0.25,59.5,0.21347686285474626,1527,226,1.0,1.5,10.0
0.06,False,0.5,105.30000000000003,0.21347686285474626,1527,226,1.0,1.5,10.0
0.06,False,0.75,183.45,0.21347686285474626,1527,226,1.0,1.5,10.0
0.06,True,0.25,61.000000000000014,0.7865231371452538,5626,226,1.0,1.5,10.0
0.06,True,0.5,113.19999999999999,0.7865231371452538,5626,226,1.0,1.5,10.0
0.06,True,0.75,193.85,0.7865231371452538,5626,226,1.0,1.5,10.0
0.09,False,0.25,54.00000000000001,0.12537232602220416,926,226,1.0,1.5,10.0
0.09,False,0.5,91.44999999999999,0.12537232602220416,926,226,1.0,1.5,10.0
0.09,False,0.75,155.475,0.12537232602220416,926,226,1.0,1.5,10.0
0.09,True,0.25,56.00000000000001,0.8746276739777958,6460,226,1.0,1.5,10.0
0.09,True,0.5,97.49999999999999,0.8746276739777958,6460,226,1.0,1.5,10.0
0.09,True,0.75,166.3,0.8746276739777958,6460,226,1.0,1.5,10.0
0.12,False,0.25,49.60000000000001,0.06998616874135546,506,226,1.0,1.5,10.0
0.12,False,0.5,82.80000000000001,0.06998616874135546,506,226,1.0,1.5,10.0
0.12,False,0.75,142.42499999999998,0.06998616874135546,506,226,1.0,1.5,10.0
0.12,True,0.25,51.6,0.9300138312586446,6724,226,1.0,1.5,10.0
0.12,True,0.5,85.7,0.9300138312586446,6724,226,1.0,1.5,10.0
0.12,True,0.75,142.52500000000003,0.9300138312586446,6724,226,1.0,1.5,10.0
0.15,False,0.25,42.95,0.03780821917808219,276,226,1.0,1.5,10.0
0.15,False,0.5,69.4,0.03780821917808219,276,226,1.0,1.5,10.0
0.15,False,0.75,116.375,0.03780821917808219,276,226,1.0,1.5,10.0
0.15,True,0.25,45.7,0.9621917808219178,7024,226,1.0,1.5,10.0
0.15,True,0.5,74.6,0.9621917808219178,7024,226,1.0,1.5,10.0
0.15,True,0.75,120.99999999999997,0.9621917808219178,7024,226,1.0,1.5,10.0
0.0,False,0.25,68.4,0.5070931849791377,1823,231,1.0,1.5,10.0
0.0,False,0.5,122.89999999999998,0.5070931849791377,1823,231,1.0,1.5,10.0
0.0,False,0.75,224.00000000000006,0.5070931849791377,1823,231,1.0,1.5,10.0
0.0,True,0.25,68.65,0.4929068150208623,1772,231,1.0,1.5,10.0
0.0,True,0.5,124.5,0.4929068150208623,1772,231,1.0,1.5,10.0
0.0,True,0.75,222.15000000000003,0.4929068150208623,1772,231,1.0,1.5,10.0
0.03,False,0.25,62.42500000000001,0.3427853052102249,2454,231,1.0,1.5,10.0
0.03,False,0.5,122.89999999999998,0.3427853052102249,2454,231,1.0,1.5,10.0
0.03,False,0.75,212.95000000000002,0.3427853052102249,2454,231,1.0,1.5,10.0
0.03,True,0.25,63.9,0.6572146947897751,4705,231,1.0,1.5,10.0
0.03,True,0.5,119.10000000000001,0.6572146947897751,4705,231,1.0,1.5,10.0
0.03,True,0.75,214.4,0.6572146947897751,4705,231,1.0,1.5,10.0
0.06,False,0.25,61.15000000000001,0.20999580008399832,1500,231,1.0,1.5,10.0
0.06,False,0.5,109.35,0.20999580008399832,1500,231,1.0,1.5,10.0
0.06,False,0.75,184.6,0.20999580008399832,1500,231,1.0,1.5,10.0
0.06,True,0.25,60.20000000000001,0.7900041999160017,5643,231,1.0,1.5,10.0
0.06,True,0.5,109.80000000000001,0.7900041999160017,5643,231,1.0,1.5,10.0
0.06,True,0.75,192.1,0.7900041999160017,5643,231,1.0,1.5,10.0
0.09,False,0.25,52.574999999999996,0.13087657498983876,966,231,1.0,1.5,10.0
0.09,False,0.5,96.45,0.13087657498983876,966,231,1.0,1.5,10.0
0.09,False,0.75,168.275,0.13087657498983876,966,231,1.0,1.5,10.0
0.09,True,0.25,54.89999999999999,0.8691234250101613,6415,231,1.0,1.5,10.0
0.09,True,0.5,97.4,0.8691234250101613,6415,231,1.0,1.5,10.0
0.09,True,0.75,168.25,0.8691234250101613,6415,231,1.0,1.5,10.0
0.12,False,0.25,48.05,0.07289073305670817,527,231,1.0,1.5,10.0
0.12,False,0.5,82.1,0.07289073305670817,527,231,1.0,1.5,10.0
0.12,False,0.75,143.75,0.07289073305670817,527,231,1.0,1.5,10.0
0.12,True,0.25,50.0,0.9271092669432919,6703,231,1.0,1.5,10.0
0.12,True,0.5,84.7,0.9271092669432919,6703,231,1.0,1.5,10.0
0.12,True,0.75,141.89999999999998,0.9271092669432919,6703,231,1.0,1.5,10.0
0.15,False,0.25,43.4,0.036301369863013695,265,231,1.0,1.5,10.0
0.15,False,0.5,67.5,0.036301369863013695,265,231,1.0,1.5,10.0
0.15,False,0.75,103.00000000000001,0.036301369863013695,265,231,1.0,1.5,10.0
0.15,True,0.25,45.5,0.9636986301369863,7035,231,1.0,1.5,10.0
0.15,True,0.5,74.80000000000001,0.9636986301369863,7035,231,1.0,1.5,10.0
0.15,True,0.75,120.25,0.9636986301369863,7035,231,1.0,1.5,10.0
0.0,False,0.25,68.075,0.49944258639910816,1792,234,1.0,1.5,10.0
0.0,False,0.5,126.4,0.49944258639910816,1792,234,1.0,1.5,10.0
0.0,False,0.75,220.40000000000003,0.49944258639910816,1792,234,1.0,1.5,10.0
0.0,True,0.25,64.1,0.5005574136008919,1796,234,1.0,1.5,10.0
0.0,True,0.5,121.35,0.5005574136008919,1796,234,1.0,1.5,10.0
0.0,True,0.75,215.3,0.5005574136008919,1796,234,1.0,1.5,10.0
0.03,False,0.25,64.3,0.3400951315053162,2431,234,1.0,1.5,10.0
0.03,False,0.5,117.6,0.3400951315053162,2431,234,1.0,1.5,10.0
0.03,False,0.75,217.30000000000007,0.3400951315053162,2431,234,1.0,1.5,10.0
0.03,True,0.25,64.99999999999999,0.6599048684946839,4717,234,1.0,1.5,10.0
0.03,True,0.5,116.09999999999998,0.6599048684946839,4717,234,1.0,1.5,10.0
0.03,True,0.75,210.60000000000005,0.6599048684946839,4717,234,1.0,1.5,10.0
0.06,False,0.25,59.17500000000001,0.21388577827547592,1528,234,1.0,1.5,10.0
0.06,False,0.5,103.75,0.21388577827547592,1528,234,1.0,1.5,10.0
0.06,False,0.75,184.5,0.21388577827547592,1528,234,1.0,1.5,10.0
0.06,True,0.25,61.1,0.786114221724524,5616,234,1.0,1.5,10.0
0.06,True,0.5,109.80000000000001,0.786114221724524,5616,234,1.0,1.5,10.0
0.06,True,0.75,193.0,0.786114221724524,5616,234,1.0,1.5,10.0
0.09,False,0.25,52.2,0.12213947190250508,902,234,1.0,1.5,10.0
0.09,False,0.5,93.8,0.12213947190250508,902,234,1.0,1.5,10.0
0.09,False,0.75,167.92499999999998,0.12213947190250508,902,234,1.0,1.5,10.0
0.09,True,0.25,56.099999999999994,0.8778605280974949,6483,234,1.0,1.5,10.0
0.09,True,0.5,98.0,0.8778605280974949,6483,234,1.0,1.5,10.0
0.09,True,0.75,169.0,0.8778605280974949,6483,234,1.0,1.5,10.0
0.12,False,0.25,49.0,0.07428413335177757,537,234,1.0,1.5,10.0
0.12,False,0.5,78.99999999999999,0.07428413335177757,537,234,1.0,1.5,10.0
0.12,False,0.75,134.5,0.07428413335177757,537,234,1.0,1.5,10.0
0.12,True,0.25,51.074999999999996,0.9257158666482225,6692,234,1.0,1.5,10.0
0.12,True,0.5,85.65,0.9257158666482225,6692,234,1.0,1.5,10.0
0.12,True,0.75,144.02500000000003,0.9257158666482225,6692,234,1.0,1.5,10.0
0.15,False,0.25,38.550000000000004,0.043835616438356165,320,234,1.0,1.5,10.0
0.15,False,0.5,67.14999999999999,0.043835616438356165,320,234,1.0,1.5,10.0
0.15,False,0.75,107.74999999999997,0.043835616438356165,320,234,1.0,1.5,10.0
0.15,True,0.25,45.075,0.9561643835616438,6980,234,1.0,1.5,10.0
0.15,True,0.5,74.2,0.9561643835616438,6980,234,1.0,1.5,10.0
0.15,True,0.75,120.39999999999999,0.9561643835616438,6980,234,1.0,1.5,10.0
0.0,False,0.25,65.575,0.4988876529477197,1794,235,1.0,1.5,10.0
0.0,False,0.5,125.04999999999998,0.4988876529477197,1794,235,1.0,1.5,10.0
0.0,False,0.75,215.1,0.4988876529477197,1794,235,1.0,1.5,10.0
0.0,True,0.25,66.85,0.5011123470522804,1802,235,1.0,1.5,10.0
0.0,True,0.5,123.44999999999999,0.5011123470522804,1802,235,1.0,1.5,10.0
0.0,True,0.75,225.87500000000006,0.5011123470522804,1802,235,1.0,1.5,10.0
0.03,False,0.25,64.99999999999999,0.3419030319966466,2447,235,1.0,1.5,10.0
0.03,False,0.5,117.29999999999998,0.3419030319966466,2447,235,1.0,1.5,10.0
0.03,False,0.75,205.65000000000003,0.3419030319966466,2447,235,1.0,1.5,10.0
0.03,True,0.25,65.39999999999999,0.6580969680033534,4710,235,1.0,1.5,10.0
0.03,True,0.5,118.25,0.6580969680033534,4710,235,1.0,1.5,10.0
0.03,True,0.75,204.70000000000002,0.6580969680033534,4710,235,1.0,1.5,10.0
0.06,False,0.25,58.375,0.22200475325038446,1588,235,1.0,1.5,10.0
0.06,False,0.5,106.54999999999998,0.22200475325038446,1588,235,1.0,1.5,10.0
0.06,False,0.75,183.57500000000002,0.22200475325038446,1588,235,1.0,1.5,10.0
0.06,True,0.25,61.60000000000001,0.7779952467496155,5565,235,1.0,1.5,10.0
0.06,True,0.5,110.79999999999998,0.7779952467496155,5565,235,1.0,1.5,10.0
0.06,True,0.75,192.5,0.7779952467496155,5565,235,1.0,1.5,10.0
0.09,False,0.25,51.899999999999984,0.1270658358168518,938,235,1.0,1.5,10.0
0.09,False,0.5,86.85,0.1270658358168518,938,235,1.0,1.5,10.0
0.09,False,0.75,153.05,0.1270658358168518,938,235,1.0,1.5,10.0
0.09,True,0.25,55.400000000000006,0.8729341641831482,6444,235,1.0,1.5,10.0
0.09,True,0.5,96.6,0.8729341641831482,6444,235,1.0,1.5,10.0
0.09,True,0.75,166.60000000000002,0.8729341641831482,6444,235,1.0,1.5,10.0
0.12,False,0.25,49.45,0.07441217150760719,538,235,1.0,1.5,10.0
0.12,False,0.5,82.0,0.07441217150760719,538,235,1.0,1.5,10.0
0.12,False,0.75,134.25,0.07441217150760719,538,235,1.0,1.5,10.0
0.12,True,0.25,50.69999999999999,0.9255878284923929,6692,235,1.0,1.5,10.0
0.12,True,0.5,83.95,0.9255878284923929,6692,235,1.0,1.5,10.0
0.12,True,0.75,139.09999999999997,0.9255878284923929,6692,235,1.0,1.5,10.0
0.15,False,0.25,39.574999999999996,0.04328767123287671,316,235,1.0,1.5,10.0
0.15,False,0.5,61.85,0.04328767123287671,316,235,1.0,1.5,10.0
0.15,False,0.75,111.69999999999999,0.04328767123287671,316,235,1.0,1.5,10.0
0.15,True,0.25,45.6,0.9567123287671233,6984,235,1.0,1.5,10.0
0.15,True,0.5,73.3,0.9567123287671233,6984,235,1.0,1.5,10.0
0.15,True,0.75,117.80000000000001,0.9567123287671233,6984,235,1.0,1.5,10.0
0.0,False,0.25,62.8,0.49583101723179546,1784,241,1.0,1.5,10.0
0.0,False,0.5,116.04999999999998,0.49583101723179546,1784,241,1.0,1.5,10.0
0.0,False,0.75,219.95000000000005,0.49583101723179546,1784,241,1.0,1.5,10.0
0.0,True,0.25,67.70000000000002,0.5041689827682045,1814,241,1.0,1.5,10.0
0.0,True,0.5,124.34999999999998,0.5041689827682045,1814,241,1.0,1.5,10.0
0.0,True,0.75,218.70000000000005,0.5041689827682045,1814,241,1.0,1.5,10.0
0.03,False,0.25,65.39999999999999,0.3454393071658053,2473,241,1.0,1.5,10.0
0.03,False,0.5,118.49999999999999,0.3454393071658053,2473,241,1.0,1.5,10.0
0.03,False,0.75,212.20000000000002,0.3454393071658053,2473,241,1.0,1.5,10.0
0.03,True,0.25,65.44999999999999,0.6545606928341947,4686,241,1.0,1.5,10.0
0.03,True,0.5,119.85000000000001,0.6545606928341947,4686,241,1.0,1.5,10.0
0.03,True,0.75,211.87500000000003,0.6545606928341947,4686,241,1.0,1.5,10.0
0.06,False,0.25,59.000000000000014,0.21990773102194883,1573,241,1.0,1.5,10.0
0.06,False,0.5,103.59999999999998,0.21990773102194883,1573,241,1.0,1.5,10.0
0.06,False,0.75,189.89999999999998,0.21990773102194883,1573,241,1.0,1.5,10.0
0.06,True,0.25,60.5,0.7800922689780512,5580,241,1.0,1.5,10.0
0.06,True,0.5,110.65,0.7800922689780512,5580,241,1.0,1.5,10.0
0.06,True,0.75,192.05,0.7800922689780512,5580,241,1.0,1.5,10.0
0.09,False,0.25,48.45,0.13104756742105977,967,241,1.0,1.5,10.0
0.09,False,0.5,86.19999999999999,0.13104756742105977,967,241,1.0,1.5,10.0
0.09,False,0.75,155.85,0.13104756742105977,967,241,1.0,1.5,10.0
0.09,True,0.25,56.87499999999999,0.8689524325789403,6412,241,1.0,1.5,10.0
0.09,True,0.5,98.29999999999998,0.8689524325789403,6412,241,1.0,1.5,10.0
0.09,True,0.75,166.925,0.8689524325789403,6412,241,1.0,1.5,10.0
0.12,False,0.25,41.75,0.06957123098201937,503,241,1.0,1.5,10.0
0.12,False,0.5,70.70000000000002,0.06957123098201937,503,241,1.0,1.5,10.0
0.12,False,0.75,126.0,0.06957123098201937,503,241,1.0,1.5,10.0
0.12,True,0.25,50.499999999999986,0.9304287690179807,6727,241,1.0,1.5,10.0
0.12,True,0.5,85.79999999999998,0.9304287690179807,6727,241,1.0,1.5,10.0
0.12,True,0.75,143.6,0.9304287690179807,6727,241,1.0,1.5,10.0
0.15,False,0.25,43.95,0.03602739726027397,263,241,1.0,1.5,10.0
0.15,False,0.5,64.19999999999999,0.03602739726027397,263,241,1.0,1.5,10.0
0.15,False,0.75,109.5,0.03602739726027397,263,241,1.0,1.5,10.0
0.15,True,0.25,45.8,0.9639726027397261,7037,241,1.0,1.5,10.0
0.15,True,0.5,74.80000000000001,0.9639726027397261,7037,241,1.0,1.5,10.0
0.15,True,0.75,119.29999999999998,0.9639726027397261,7037,241,1.0,1.5,10.0
0.0,False,0.25,68.55,0.49665924276169265,1784,242,1.0,1.5,10.0
0.0,False,0.5,124.6,0.49665924276169265,1784,242,1.0,1.5,10.0
0.0,False,0.75,213.90000000000003,0.49665924276169265,1784,242,1.0,1.5,10.0
0.0,True,0.25,63.57499999999999,0.5033407572383074,1808,242,1.0,1.5,10.0
0.0,True,0.5,122.85,0.5033407572383074,1808,242,1.0,1.5,10.0
0.0,True,0.75,223.02500000000003,0.5033407572383074,1808,242,1.0,1.5,10.0
0.03,False,0.25,63.70000000000001,0.3477774671512441,2488,242,1.0,1.5,10.0
0.03,False,0.5,115.5,0.3477774671512441,2488,242,1.0,1.5,10.0
0.03,False,0.75,203.40000000000003,0.3477774671512441,2488,242,1.0,1.5,10.0
0.03,True,0.25,65.8,0.652222532848756,4666,242,1.0,1.5,10.0
0.03,True,0.5,120.64999999999998,0.652222532848756,4666,242,1.0,1.5,10.0
0.03,True,0.75,211.67500000000004,0.652222532848756,4666,242,1.0,1.5,10.0
0.06,False,0.25,57.49999999999999,0.21691639826354853,1549,242,1.0,1.5,10.0
0.06,False,0.5,102.5,0.21691639826354853,1549,242,1.0,1.5,10.0
0.06,False,0.75,186.6,0.21691639826354853,1549,242,1.0,1.5,10.0
0.06,True,0.25,62.300000000000004,0.7830836017364515,5592,242,1.0,1.5,10.0
0.06,True,0.5,109.5,0.7830836017364515,5592,242,1.0,1.5,10.0
0.06,True,0.75,189.97499999999997,0.7830836017364515,5592,242,1.0,1.5,10.0
0.09,False,0.25,49.89999999999999,0.12361223937178446,913,242,1.0,1.5,10.0
0.09,False,0.5,91.09999999999998,0.12361223937178446,913,242,1.0,1.5,10.0
0.09,False,0.75,154.79999999999998,0.12361223937178446,913,242,1.0,1.5,10.0
0.09,True,0.25,56.89999999999999,0.8763877606282156,6473,242,1.0,1.5,10.0
0.09,True,0.5,98.19999999999999,0.8763877606282156,6473,242,1.0,1.5,10.0
0.09,True,0.75,168.60000000000002,0.8763877606282156,6473,242,1.0,1.5,10.0
0.12,False,0.25,46.300000000000004,0.06832641770401106,494,242,1.0,1.5,10.0
0.12,False,0.5,79.44999999999999,0.06832641770401106,494,242,1.0,1.5,10.0
0.12,False,0.75,135.77499999999998,0.06832641770401106,494,242,1.0,1.5,10.0
0.12,True,0.25,51.4,0.931673582295989,6736,242,1.0,1.5,10.0
0.12,True,0.5,86.3,0.931673582295989,6736,242,1.0,1.5,10.0
0.12,True,0.75,142.50000000000003,0.931673582295989,6736,242,1.0,1.5,10.0
0.15,False,0.25,42.875,0.03643835616438356,266,242,1.0,1.5,10.0
0.15,False,0.5,65.05,0.03643835616438356,266,242,1.0,1.5,10.0
0.15,False,0.75,107.95,0.03643835616438356,266,242,1.0,1.5,10.0
0.15,True,0.25,46.0,0.9635616438356165,7034,242,1.0,1.5,10.0
0.15,True,0.5,75.35,0.9635616438356165,7034,242,1.0,1.5,10.0
0.15,True,0.75,122.09999999999998,0.9635616438356165,7034,242,1.0,1.5,10.0
0.0,False,0.25,65.55,0.493727348759409,1771,249,1.0,1.5,10.0
0.0,False,0.5,120.39999999999999,0.493727348759409,1771,249,1.0,1.5,10.0
0.0,False,0.75,211.20000000000005,0.493727348759409,1771,249,1.0,1.5,10.0
0.0,True,0.25,67.8,0.5062726512405911,1816,249,1.0,1.5,10.0
0.0,True,0.5,119.5,0.5062726512405911,1816,249,1.0,1.5,10.0
0.0,True,0.75,212.8,0.5062726512405911,1816,249,1.0,1.5,10.0
0.03,False,0.25,64.5,0.3360346513902473,2405,249,1.0,1.5,10.0
0.03,False,0.5,117.00000000000001,0.3360346513902473,2405,249,1.0,1.5,10.0
0.03,False,0.75,211.00000000000003,0.3360346513902473,2405,249,1.0,1.5,10.0
0.03,True,0.25,67.5,0.6639653486097526,4752,249,1.0,1.5,10.0
0.03,True,0.5,121.3,0.6639653486097526,4752,249,1.0,1.5,10.0
0.03,True,0.75,215.25,0.6639653486097526,4752,249,1.0,1.5,10.0
0.06,False,0.25,60.65,0.2118798043326345,1516,249,1.0,1.5,10.0
0.06,False,0.5,109.5,0.2118798043326345,1516,249,1.0,1.5,10.0
0.06,False,0.75,191.675,0.2118798043326345,1516,249,1.0,1.5,10.0
0.06,True,0.25,62.40000000000001,0.7881201956673655,5639,249,1.0,1.5,10.0
0.06,True,0.5,112.09999999999998,0.7881201956673655,5639,249,1.0,1.5,10.0
0.06,True,0.75,196.9,0.7881201956673655,5639,249,1.0,1.5,10.0
0.09,False,0.25,51.69999999999999,0.13548299688389107,1000,249,1.0,1.5,10.0
0.09,False,0.5,91.05,0.13548299688389107,1000,249,1.0,1.5,10.0
0.09,False,0.75,161.575,0.13548299688389107,1000,249,1.0,1.5,10.0
0.09,True,0.25,57.20000000000001,0.8645170031161089,6381,249,1.0,1.5,10.0
0.09,True,0.5,99.2,0.8645170031161089,6381,249,1.0,1.5,10.0
0.09,True,0.75,167.8,0.8645170031161089,6381,249,1.0,1.5,10.0
0.12,False,0.25,50.225,0.07053941908713693,510,249,1.0,1.5,10.0
0.12,False,0.5,84.9,0.07053941908713693,510,249,1.0,1.5,10.0
0.12,False,0.75,144.175,0.07053941908713693,510,249,1.0,1.5,10.0
0.12,True,0.25,50.27499999999999,0.9294605809128631,6720,249,1.0,1.5,10.0
0.12,True,0.5,85.3,0.9294605809128631,6720,249,1.0,1.5,10.0
0.12,True,0.75,143.5,0.9294605809128631,6720,249,1.0,1.5,10.0
0.15,False,0.25,42.324999999999996,0.04082751061789286,298,249,1.0,1.5,10.0
0.15,False,0.5,70.55000000000001,0.04082751061789286,298,249,1.0,1.5,10.0
0.15,False,0.75,118.27499999999998,0.04082751061789286,298,249,1.0,1.5,10.0
0.15,True,0.25,44.7,0.9591724893821071,7001,249,1.0,1.5,10.0
0.15,True,0.5,73.69999999999999,0.9591724893821071,7001,249,1.0,1.5,10.0
0.15,True,0.75,118.49999999999999,0.9591724893821071,7001,249,1.0,1.5,10.0
0.0,False,0.25,64.39999999999999,0.5044493882091212,1814,251,1.0,1.5,10.0
0.0,False,0.5,115.2,0.5044493882091212,1814,251,1.0,1.5,10.0
0.0,False,0.75,213.85000000000002,0.5044493882091212,1814,251,1.0,1.5,10.0
0.0,True,0.25,69.3,0.4955506117908788,1782,251,1.0,1.5,10.0
0.0,True,0.5,130.85000000000002,0.4955506117908788,1782,251,1.0,1.5,10.0
0.0,True,0.75,228.17500000000004,0.4955506117908788,1782,251,1.0,1.5,10.0
0.03,False,0.25,63.724999999999994,0.3379416282642089,2420,251,1.0,1.5,10.0
0.03,False,0.5,116.84999999999998,0.3379416282642089,2420,251,1.0,1.5,10.0
0.03,False,0.75,211.72500000000002,0.3379416282642089,2420,251,1.0,1.5,10.0
0.03,True,0.25,64.5,0.6620583717357911,4741,251,1.0,1.5,10.0
0.03,True,0.5,119.9,0.6620583717357911,4741,251,1.0,1.5,10.0
0.03,True,0.75,204.8,0.6620583717357911,4741,251,1.0,1.5,10.0
0.06,False,0.25,61.20000000000001,0.2116379913274584,1513,251,1.0,1.5,10.0
0.06,False,0.5,107.30000000000003,0.2116379913274584,1513,251,1.0,1.5,10.0
0.06,False,0.75,187.1,0.2116379913274584,1513,251,1.0,1.5,10.0
0.06,True,0.25,61.5,0.7883620086725416,5636,251,1.0,1.5,10.0
0.06,True,0.5,111.45000000000002,0.7883620086725416,5636,251,1.0,1.5,10.0
0.06,True,0.75,194.4,0.7883620086725416,5636,251,1.0,1.5,10.0
0.09,False,0.25,52.975,0.12298523635378572,908,251,1.0,1.5,10.0
0.09,False,0.5,90.9,0.12298523635378572,908,251,1.0,1.5,10.0
0.09,False,0.75,160.09999999999997,0.12298523635378572,908,251,1.0,1.5,10.0
0.09,True,0.25,56.6,0.8770147636462142,6475,251,1.0,1.5,10.0
0.09,True,0.5,99.89999999999999,0.8770147636462142,6475,251,1.0,1.5,10.0
0.09,True,0.75,169.85000000000002,0.8770147636462142,6475,251,1.0,1.5,10.0
0.12,False,0.25,41.3,0.07082584036519574,512,251,1.0,1.5,10.0
0.12,False,0.5,74.85000000000001,0.07082584036519574,512,251,1.0,1.5,10.0
0.12,False,0.75,121.17499999999998,0.07082584036519574,512,251,1.0,1.5,10.0
0.12,True,0.25,51.099999999999994,0.9291741596348042,6717,251,1.0,1.5,10.0
0.12,True,0.5,85.3,0.9291741596348042,6717,251,1.0,1.5,10.0
0.12,True,0.75,142.7,0.9291741596348042,6717,251,1.0,1.5,10.0
0.15,False,0.25,46.400000000000006,0.03684931506849315,269,251,1.0,1.5,10.0
0.15,False,0.5,68.5,0.03684931506849315,269,251,1.0,1.5,10.0
0.15,False,0.75,108.2,0.03684931506849315,269,251,1.0,1.5,10.0
0.15,True,0.25,46.6,0.9631506849315068,7031,251,1.0,1.5,10.0
0.15,True,0.5,74.6,0.9631506849315068,7031,251,1.0,1.5,10.0
0.15,True,0.75,120.99999999999997,0.9631506849315068,7031,251,1.0,1.5,10.0
0.0,False,0.25,67.02499999999999,0.505702364394993,1818,261,1.0,1.5,10.0
0.0,False,0.5,124.59999999999998,0.505702364394993,1818,261,1.0,1.5,10.0
0.0,False,0.75,218.97500000000002,0.505702364394993,1818,261,1.0,1.5,10.0
0.0,True,0.25,66.7,0.49429763560500695,1777,261,1.0,1.5,10.0
0.0,True,0.5,124.89999999999998,0.49429763560500695,1777,261,1.0,1.5,10.0
0.0,True,0.75,222.60000000000005,0.49429763560500695,1777,261,1.0,1.5,10.0
0.03,False,0.25,64.625,0.3445577756043035,2466,261,1.0,1.5,10.0
0.03,False,0.5,120.10000000000001,0.3445577756043035,2466,261,1.0,1.5,10.0
0.03,False,0.75,216.675,0.3445577756043035,2466,261,1.0,1.5,10.0
0.03,True,0.25,64.39999999999999,0.6554422243956965,4691,261,1.0,1.5,10.0
0.03,True,0.5,119.69999999999999,0.6554422243956965,4691,261,1.0,1.5,10.0
0.03,True,0.75,211.85000000000002,0.6554422243956965,4691,261,1.0,1.5,10.0
0.06,False,0.25,58.00000000000001,0.22933855404838485,1640,261,1.0,1.5,10.0
0.06,False,0.5,105.99999999999999,0.22933855404838485,1640,261,1.0,1.5,10.0
0.06,False,0.75,183.175,0.22933855404838485,1640,261,1.0,1.5,10.0
0.06,True,0.25,60.400000000000006,0.7706614459516151,5511,261,1.0,1.5,10.0
0.06,True,0.5,108.49999999999997,0.7706614459516151,5511,261,1.0,1.5,10.0
0.06,True,0.75,192.95,0.7706614459516151,5511,261,1.0,1.5,10.0
0.09,False,0.25,56.099999999999994,0.12865655471289275,950,261,1.0,1.5,10.0
0.09,False,0.5,93.74999999999999,0.12865655471289275,950,261,1.0,1.5,10.0
0.09,False,0.75,158.05,0.12865655471289275,950,261,1.0,1.5,10.0
0.09,True,0.25,55.400000000000006,0.8713434452871073,6434,261,1.0,1.5,10.0
0.09,True,0.5,96.85000000000001,0.8713434452871073,6434,261,1.0,1.5,10.0
0.09,True,0.75,167.7,0.8713434452871073,6434,261,1.0,1.5,10.0
0.12,False,0.25,47.45,0.07330567081604426,530,261,1.0,1.5,10.0
0.12,False,0.5,85.60000000000001,0.07330567081604426,530,261,1.0,1.5,10.0
0.12,False,0.75,144.22500000000002,0.07330567081604426,530,261,1.0,1.5,10.0
0.12,True,0.25,51.175,0.9266943291839558,6700,261,1.0,1.5,10.0
0.12,True,0.5,85.04999999999998,0.9266943291839558,6700,261,1.0,1.5,10.0
0.12,True,0.75,142.725,0.9266943291839558,6700,261,1.0,1.5,10.0
0.15,False,0.25,39.50000000000001,0.04123287671232877,301,261,1.0,1.5,10.0
0.15,False,0.5,61.800000000000004,0.04123287671232877,301,261,1.0,1.5,10.0
0.15,False,0.75,97.4,0.04123287671232877,301,261,1.0,1.5,10.0
0.15,True,0.25,45.6,0.9587671232876712,6999,261,1.0,1.5,10.0
0.15,True,0.5,75.49999999999999,0.9587671232876712,6999,261,1.0,1.5,10.0
0.15,True,0.75,122.35,0.9587671232876712,6999,261,1.0,1.5,10.0
0.0,False,0.25,64.5,0.4859370648844333,1745,262,1.0,1.5,10.0
0.0,False,0.5,122.49999999999999,0.4859370648844333,1745,262,1.0,1.5,10.0
0.0,False,0.75,222.20000000000005,0.4859370648844333,1745,262,1.0,1.5,10.0
0.0,True,0.25,70.49999999999999,0.5140629351155667,1846,262,1.0,1.5,10.0
0.0,True,0.5,128.45,0.5140629351155667,1846,262,1.0,1.5,10.0
0.0,True,0.75,226.5,0.5140629351155667,1846,262,1.0,1.5,10.0
0.03,False,0.25,62.325,0.3471097458810388,2486,262,1.0,1.5,10.0
0.03,False,0.5,114.19999999999999,0.3471097458810388,2486,262,1.0,1.5,10.0
0.03,False,0.75,209.35000000000002,0.3471097458810388,2486,262,1.0,1.5,10.0
0.03,True,0.25,66.875,0.6528902541189612,4676,262,1.0,1.5,10.0
0.03,True,0.5,121.44999999999999,0.6528902541189612,4676,262,1.0,1.5,10.0
0.03,True,0.75,212.92500000000004,0.6528902541189612,4676,262,1.0,1.5,10.0
0.06,False,0.25,55.8,0.21359630717582878,1527,262,1.0,1.5,10.0
0.06,False,0.5,103.00000000000001,0.21359630717582878,1527,262,1.0,1.5,10.0
0.06,False,0.75,181.2,0.21359630717582878,1527,262,1.0,1.5,10.0
0.06,True,0.25,61.60000000000001,0.7864036928241712,5622,262,1.0,1.5,10.0
0.06,True,0.5,111.10000000000001,0.7864036928241712,5622,262,1.0,1.5,10.0
0.06,True,0.75,194.52499999999998,0.7864036928241712,5622,262,1.0,1.5,10.0
0.09,False,0.25,52.52499999999999,0.12544026009211595,926,262,1.0,1.5,10.0
0.09,False,0.5,92.9,0.12544026009211595,926,262,1.0,1.5,10.0
0.09,False,0.75,166.82500000000002,0.12544026009211595,926,262,1.0,1.5,10.0
0.09,True,0.25,56.89999999999999,0.874559739907884,6456,262,1.0,1.5,10.0
0.09,True,0.5,98.90000000000002,0.874559739907884,6456,262,1.0,1.5,10.0
0.09,True,0.75,169.525,0.874559739907884,6456,262,1.0,1.5,10.0
0.12,False,0.25,45.9,0.0744636678200692,538,262,1.0,1.5,10.0
0.12,False,0.5,76.85,0.0744636678200692,538,262,1.0,1.5,10.0
0.12,False,0.75,133.10000000000002,0.0744636678200692,538,262,1.0,1.5,10.0
0.12,True,0.25,49.60000000000001,0.9255363321799308,6687,262,1.0,1.5,10.0
0.12,True,0.5,83.79999999999998,0.9255363321799308,6687,262,1.0,1.5,10.0
0.12,True,0.75,140.0,0.9255363321799308,6687,262,1.0,1.5,10.0
0.15,False,0.25,41.9,0.0373972602739726,273,262,1.0,1.5,10.0
0.15,False,0.5,65.39999999999999,0.0373972602739726,273,262,1.0,1.5,10.0
0.15,False,0.75,110.2,0.0373972602739726,273,262,1.0,1.5,10.0
0.15,True,0.25,47.0,0.9626027397260274,7027,262,1.0,1.5,10.0
0.15,True,0.5,74.49999999999999,0.9626027397260274,7027,262,1.0,1.5,10.0
0.15,True,0.75,121.44999999999999,0.9626027397260274,7027,262,1.0,1.5,10.0
0.0,False,0.25,64.475,0.5025125628140703,1800,273,1.0,1.5,10.0
0.0,False,0.5,120.89999999999998,0.5025125628140703,1800,273,1.0,1.5,10.0
0.0,False,0.75,214.72500000000002,0.5025125628140703,1800,273,1.0,1.5,10.0
0.0,True,0.25,65.725,0.49748743718592964,1782,273,1.0,1.5,10.0
0.0,True,0.5,126.14999999999998,0.49748743718592964,1782,273,1.0,1.5,10.0
0.0,True,0.75,220.35000000000005,0.49748743718592964,1782,273,1.0,1.5,10.0
0.03,False,0.25,62.849999999999994,0.3411188811188811,2439,273,1.0,1.5,10.0
0.03,False,0.5,117.69999999999999,0.3411188811188811,2439,273,1.0,1.5,10.0
0.03,False,0.75,206.8,0.3411188811188811,2439,273,1.0,1.5,10.0
0.03,True,0.25,65.85,0.6588811188811189,4711,273,1.0,1.5,10.0
0.03,True,0.5,119.50000000000001,0.6588811188811189,4711,273,1.0,1.5,10.0
0.03,True,0.75,212.3,0.6588811188811189,4711,273,1.0,1.5,10.0
0.06,False,0.25,60.125,0.22085374387683696,1578,273,1.0,1.5,10.0
0.06,False,0.5,109.99999999999999,0.22085374387683696,1578,273,1.0,1.5,10.0
0.06,False,0.75,193.67499999999998,0.22085374387683696,1578,273,1.0,1.5,10.0
0.06,True,0.25,61.9,0.779146256123163,5567,273,1.0,1.5,10.0
0.06,True,0.5,109.10000000000001,0.779146256123163,5567,273,1.0,1.5,10.0
0.06,True,0.75,192.5,0.779146256123163,5567,273,1.0,1.5,10.0
0.09,False,0.25,57.35,0.12391657638136512,915,273,1.0,1.5,10.0
0.09,False,0.5,99.6,0.12391657638136512,915,273,1.0,1.5,10.0
0.09,False,0.75,163.64999999999998,0.12391657638136512,915,273,1.0,1.5,10.0
0.09,True,0.25,55.49999999999999,0.8760834236186349,6469,273,1.0,1.5,10.0
0.09,True,0.5,96.6,0.8760834236186349,6469,273,1.0,1.5,10.0
0.09,True,0.75,165.4,0.8760834236186349,6469,273,1.0,1.5,10.0
0.12,False,0.25,48.3,0.07098381070983811,513,273,1.0,1.5,10.0
0.12,False,0.5,81.79999999999998,0.07098381070983811,513,273,1.0,1.5,10.0
0.12,False,0.75,136.8,0.07098381070983811,513,273,1.0,1.5,10.0
0.12,True,0.25,49.099999999999994,0.9290161892901619,6714,273,1.0,1.5,10.0
0.12,True,0.5,83.3,0.9290161892901619,6714,273,1.0,1.5,10.0
0.12,True,0.75,139.575,0.9290161892901619,6714,273,1.0,1.5,10.0
0.15,False,0.25,41.7,0.03945205479452055,288,273,1.0,1.5,10.0
0.15,False,0.5,65.29999999999998,0.03945205479452055,288,273,1.0,1.5,10.0
0.15,False,0.75,108.07499999999999,0.03945205479452055,288,273,1.0,1.5,10.0
0.15,True,0.25,45.400000000000006,0.9605479452054795,7012,273,1.0,1.5,10.0
0.15,True,0.5,74.6,0.9605479452054795,7012,273,1.0,1.5,10.0
0.15,True,0.75,122.02499999999999,0.9605479452054795,7012,273,1.0,1.5,10.0
0.0,False,0.25,71.24999999999999,0.5076708507670851,1820,275,1.0,1.5,10.0
0.0,False,0.5,128.0,0.5076708507670851,1820,275,1.0,1.5,10.0
0.0,False,0.75,220.10000000000002,0.5076708507670851,1820,275,1.0,1.5,10.0
0.0,True,0.25,64.7,0.49232914923291493,1765,275,1.0,1.5,10.0
0.0,True,0.5,121.50000000000001,0.49232914923291493,1765,275,1.0,1.5,10.0
0.0,True,0.75,221.60000000000002,0.49232914923291493,1765,275,1.0,1.5,10.0
0.03,False,0.25,61.95,0.3356183547845551,2399,275,1.0,1.5,10.0
0.03,False,0.5,114.49999999999997,0.3356183547845551,2399,275,1.0,1.5,10.0
0.03,False,0.75,208.55000000000004,0.3356183547845551,2399,275,1.0,1.5,10.0
0.03,True,0.25,65.3,0.6643816452154448,4749,275,1.0,1.5,10.0
0.03,True,0.5,121.2,0.6643816452154448,4749,275,1.0,1.5,10.0
0.03,True,0.75,214.70000000000002,0.6643816452154448,4749,275,1.0,1.5,10.0
0.06,False,0.25,59.525000000000006,0.20380206877271456,1458,275,1.0,1.5,10.0
0.06,False,0.5,105.99999999999999,0.20380206877271456,1458,275,1.0,1.5,10.0
0.06,False,0.75,186.9,0.20380206877271456,1458,275,1.0,1.5,10.0
0.06,True,0.25,61.475,0.7961979312272854,5696,275,1.0,1.5,10.0
0.06,True,0.5,109.99999999999999,0.7961979312272854,5696,275,1.0,1.5,10.0
0.06,True,0.75,188.575,0.7961979312272854,5696,275,1.0,1.5,10.0
0.09,False,0.25,52.349999999999994,0.1259821186670279,930,275,1.0,1.5,10.0
0.09,False,0.5,89.75,0.1259821186670279,930,275,1.0,1.5,10.0
0.09,False,0.75,162.67499999999998,0.1259821186670279,930,275,1.0,1.5,10.0
0.09,True,0.25,56.3,0.8740178813329721,6452,275,1.0,1.5,10.0
0.09,True,0.5,98.0,0.8740178813329721,6452,275,1.0,1.5,10.0
0.09,True,0.75,168.925,0.8740178813329721,6452,275,1.0,1.5,10.0
0.12,False,0.25,44.6,0.07289073305670817,527,275,1.0,1.5,10.0
0.12,False,0.5,75.49999999999999,0.07289073305670817,527,275,1.0,1.5,10.0
0.12,False,0.75,130.05,0.07289073305670817,527,275,1.0,1.5,10.0
0.12,True,0.25,51.099999999999994,0.9271092669432919,6703,275,1.0,1.5,10.0
0.12,True,0.5,84.99999999999999,0.9271092669432919,6703,275,1.0,1.5,10.0
0.12,True,0.75,142.05,0.9271092669432919,6703,275,1.0,1.5,10.0
0.15,False,0.25,41.49999999999999,0.038493150684931504,281,275,1.0,1.5,10.0
0.15,False,0.5,70.8,0.038493150684931504,281,275,1.0,1.5,10.0
0.15,False,0.75,114.09999999999998,0.038493150684931504,281,275,1.0,1.5,10.0
0.15,True,0.25,46.150000000000006,0.9615068493150685,7019,275,1.0,1.5,10.0
0.15,True,0.5,73.69999999999999,0.9615068493150685,7019,275,1.0,1.5,10.0
0.15,True,0.75,120.94999999999997,0.9615068493150685,7019,275,1.0,1.5,10.0
0.0,False,0.25,67.225,0.5167224080267558,1854,289,1.0,1.5,10.0
0.0,False,0.5,117.75,0.5167224080267558,1854,289,1.0,1.5,10.0
0.0,False,0.75,209.1,0.5167224080267558,1854,289,1.0,1.5,10.0
0.0,True,0.25,66.5,0.48327759197324416,1734,289,1.0,1.5,10.0
0.0,True,0.5,121.55000000000001,0.48327759197324416,1734,289,1.0,1.5,10.0
0.0,True,0.75,219.60000000000008,0.48327759197324416,1734,289,1.0,1.5,10.0
0.03,False,0.25,63.45,0.3327740492170022,2380,289,1.0,1.5,10.0
0.03,False,0.5,119.10000000000001,0.3327740492170022,2380,289,1.0,1.5,10.0
0.03,False,0.75,204.70000000000002,0.3327740492170022,2380,289,1.0,1.5,10.0
0.03,True,0.25,66.6,0.6672259507829977,4772,289,1.0,1.5,10.0
0.03,True,0.5,123.39999999999998,0.6672259507829977,4772,289,1.0,1.5,10.0
0.03,True,0.75,216.22500000000002,0.6672259507829977,4772,289,1.0,1.5,10.0
0.06,False,0.25,60.125,0.21289690865855365,1522,289,1.0,1.5,10.0
0.06,False,0.5,107.30000000000003,0.21289690865855365,1522,289,1.0,1.5,10.0
0.06,False,0.75,187.55,0.21289690865855365,1522,289,1.0,1.5,10.0
0.06,True,0.25,62.94999999999999,0.7871030913414464,5627,289,1.0,1.5,10.0
0.06,True,0.5,112.89999999999998,0.7871030913414464,5627,289,1.0,1.5,10.0
0.06,True,0.75,197.64999999999998,0.7871030913414464,5627,289,1.0,1.5,10.0
0.09,False,0.25,54.10000000000001,0.12161430119176599,898,289,1.0,1.5,10.0
0.09,False,0.5,95.05,0.12161430119176599,898,289,1.0,1.5,10.0
0.09,False,0.75,158.15,0.12161430119176599,898,289,1.0,1.5,10.0
0.09,True,0.25,56.6,0.878385698808234,6486,289,1.0,1.5,10.0
0.09,True,0.5,97.4,0.878385698808234,6486,289,1.0,1.5,10.0
0.09,True,0.75,166.45,0.878385698808234,6486,289,1.0,1.5,10.0
0.12,False,0.25,49.49999999999999,0.07165583068197538,518,289,1.0,1.5,10.0
0.12,False,0.5,79.85,0.07165583068197538,518,289,1.0,1.5,10.0
0.12,False,0.75,138.92499999999998,0.07165583068197538,518,289,1.0,1.5,10.0
0.12,True,0.25,50.8,0.9283441693180247,6711,289,1.0,1.5,10.0
0.12,True,0.5,85.49999999999999,0.9283441693180247,6711,289,1.0,1.5,10.0
0.12,True,0.75,142.6,0.9283441693180247,6711,289,1.0,1.5,10.0
0.15,False,0.25,40.95,0.03821917808219178,279,289,1.0,1.5,10.0
0.15,False,0.5,71.10000000000001,0.03821917808219178,279,289,1.0,1.5,10.0
0.15,False,0.75,114.95,0.03821917808219178,279,289,1.0,1.5,10.0
0.15,True,0.25,45.400000000000006,0.9617808219178082,7021,289,1.0,1.5,10.0
0.15,True,0.5,74.0,0.9617808219178082,7021,289,1.0,1.5,10.0
0.15,True,0.75,120.99999999999997,0.9617808219178082,7021,289,1.0,1.5,10.0
0.0,False,0.25,64.57499999999999,0.502646976873781,1804,290,1.0,1.5,10.0
0.0,False,0.5,122.24999999999999,0.502646976873781,1804,290,1.0,1.5,10.0
0.0,False,0.75,216.52500000000006,0.502646976873781,1804,290,1.0,1.5,10.0
0.0,True,0.25,64.8,0.497353023126219,1785,290,1.0,1.5,10.0
0.0,True,0.5,123.60000000000001,0.497353023126219,1785,290,1.0,1.5,10.0
0.0,True,0.75,216.90000000000003,0.497353023126219,1785,290,1.0,1.5,10.0
0.03,False,0.25,62.600000000000016,0.3390780439960768,2420,290,1.0,1.5,10.0
0.03,False,0.5,118.84999999999998,0.3390780439960768,2420,290,1.0,1.5,10.0
0.03,False,0.75,211.225,0.3390780439960768,2420,290,1.0,1.5,10.0
0.03,True,0.25,63.3,0.6609219560039232,4717,290,1.0,1.5,10.0
0.03,True,0.5,119.6,0.6609219560039232,4717,290,1.0,1.5,10.0
0.03,True,0.75,207.20000000000005,0.6609219560039232,4717,290,1.0,1.5,10.0
0.06,False,0.25,57.125,0.22203555928881422,1586,290,1.0,1.5,10.0
0.06,False,0.5,103.0,0.22203555928881422,1586,290,1.0,1.5,10.0
0.06,False,0.75,179.725,0.22203555928881422,1586,290,1.0,1.5,10.0
0.06,True,0.25,62.300000000000004,0.7779644407111858,5557,290,1.0,1.5,10.0
0.06,True,0.5,111.10000000000001,0.7779644407111858,5557,290,1.0,1.5,10.0
0.06,True,0.75,190.4,0.7779644407111858,5557,290,1.0,1.5,10.0
0.09,False,0.25,52.400000000000006,0.13620362848632547,1006,290,1.0,1.5,10.0
0.09,False,0.5,91.85,0.13620362848632547,1006,290,1.0,1.5,10.0
0.09,False,0.75,164.85,0.13620362848632547,1006,290,1.0,1.5,10.0
0.09,True,0.25,55.575,0.8637963715136745,6380,290,1.0,1.5,10.0
0.09,True,0.5,98.0,0.8637963715136745,6380,290,1.0,1.5,10.0
0.09,True,0.75,165.82500000000002,0.8637963715136745,6380,290,1.0,1.5,10.0
0.12,False,0.25,47.49999999999999,0.06929460580912863,501,290,1.0,1.5,10.0
0.12,False,0.5,78.0,0.06929460580912863,501,290,1.0,1.5,10.0
0.12,False,0.75,128.70000000000002,0.06929460580912863,501,290,1.0,1.5,10.0
0.12,True,0.25,51.2,0.9307053941908714,6729,290,1.0,1.5,10.0
0.12,True,0.5,85.20000000000002,0.9307053941908714,6729,290,1.0,1.5,10.0
0.12,True,0.75,144.00000000000003,0.9307053941908714,6729,290,1.0,1.5,10.0
0.15,False,0.25,41.074999999999996,0.03863013698630137,282,290,1.0,1.5,10.0
0.15,False,0.5,64.55,0.03863013698630137,282,290,1.0,1.5,10.0
0.15,False,0.75,102.375,0.03863013698630137,282,290,1.0,1.5,10.0
0.15,True,0.25,46.400000000000006,0.9613698630136986,7018,290,1.0,1.5,10.0
0.15,True,0.5,74.75000000000001,0.9613698630136986,7018,290,1.0,1.5,10.0
0.15,True,0.75,122.275,0.9613698630136986,7018,290,1.0,1.5,10.0
0.0,False,0.25,69.375,0.4910913140311804,1764,302,1.0,1.5,10.0
0.0,False,0.5,127.4,0.4910913140311804,1764,302,1.0,1.5,10.0
0.0,False,0.75,218.72500000000002,0.4910913140311804,1764,302,1.0,1.5,10.0
0.0,True,0.25,66.57499999999999,0.5089086859688196,1828,302,1.0,1.5,10.0
0.0,True,0.5,123.3,0.5089086859688196,1828,302,1.0,1.5,10.0
0.0,True,0.75,220.55000000000007,0.5089086859688196,1828,302,1.0,1.5,10.0
0.03,False,0.25,64.3,0.3415488026886991,2439,302,1.0,1.5,10.0
0.03,False,0.5,118.79999999999998,0.3415488026886991,2439,302,1.0,1.5,10.0
0.03,False,0.75,217.15000000000003,0.3415488026886991,2439,302,1.0,1.5,10.0
0.03,True,0.25,65.9,0.658451197311301,4702,302,1.0,1.5,10.0
0.03,True,0.5,120.44999999999999,0.658451197311301,4702,302,1.0,1.5,10.0
0.03,True,0.75,207.37500000000003,0.658451197311301,4702,302,1.0,1.5,10.0
0.06,False,0.25,61.9,0.21376608841634023,1528,302,1.0,1.5,10.0
0.06,False,0.5,112.69999999999999,0.21376608841634023,1528,302,1.0,1.5,10.0
0.06,False,0.75,188.525,0.21376608841634023,1528,302,1.0,1.5,10.0
0.06,True,0.25,61.800000000000004,0.7862339115836597,5620,302,1.0,1.5,10.0
0.06,True,0.5,110.3,0.7862339115836597,5620,302,1.0,1.5,10.0
0.06,True,0.75,193.0,0.7862339115836597,5620,302,1.0,1.5,10.0
0.09,False,0.25,51.52499999999999,0.12213947190250508,902,302,1.0,1.5,10.0
0.09,False,0.5,92.35,0.12213947190250508,902,302,1.0,1.5,10.0
0.09,False,0.75,165.35,0.12213947190250508,902,302,1.0,1.5,10.0
0.09,True,0.25,56.89999999999999,0.8778605280974949,6483,302,1.0,1.5,10.0
0.09,True,0.5,99.2,0.8778605280974949,6483,302,1.0,1.5,10.0
0.09,True,0.75,170.95,0.8778605280974949,6483,302,1.0,1.5,10.0
0.12,False,0.25,44.5,0.06806862202545656,492,302,1.0,1.5,10.0
0.12,False,0.5,77.69999999999999,0.06806862202545656,492,302,1.0,1.5,10.0
0.12,False,0.75,132.3,0.06806862202545656,492,302,1.0,1.5,10.0
0.12,True,0.25,51.00000000000001,0.9319313779745434,6736,302,1.0,1.5,10.0
0.12,True,0.5,84.4,0.9319313779745434,6736,302,1.0,1.5,10.0
0.12,True,0.75,141.20000000000002,0.9319313779745434,6736,302,1.0,1.5,10.0
0.15,False,0.25,42.25,0.04,292,302,1.0,1.5,10.0
0.15,False,0.5,73.55,0.04,292,302,1.0,1.5,10.0
0.15,False,0.75,114.375,0.04,292,302,1.0,1.5,10.0
0.15,True,0.25,47.0,0.96,7008,302,1.0,1.5,10.0
0.15,True,0.5,75.3,0.96,7008,302,1.0,1.5,10.0
0.15,True,0.75,120.89999999999998,0.96,7008,302,1.0,1.5,10.0
0.0,False,0.25,65.5,0.5009757457485364,1797,304,1.0,1.5,10.0
0.0,False,0.5,121.50000000000001,0.5009757457485364,1797,304,1.0,1.5,10.0
0.0,False,0.75,222.4,0.5009757457485364,1797,304,1.0,1.5,10.0
0.0,True,0.25,66.525,0.49902425425146363,1790,304,1.0,1.5,10.0
0.0,True,0.5,121.9,0.49902425425146363,1790,304,1.0,1.5,10.0
0.0,True,0.75,213.37500000000003,0.49902425425146363,1790,304,1.0,1.5,10.0
0.03,False,0.25,64.875,0.34576176511660384,2476,304,1.0,1.5,10.0
0.03,False,0.5,119.5,0.34576176511660384,2476,304,1.0,1.5,10.0
0.03,False,0.75,211.50000000000003,0.34576176511660384,2476,304,1.0,1.5,10.0
0.03,True,0.25,65.19999999999999,0.6542382348833962,4685,304,1.0,1.5,10.0
0.03,True,0.5,119.29999999999998,0.6542382348833962,4685,304,1.0,1.5,10.0
0.03,True,0.75,213.50000000000003,0.6542382348833962,4685,304,1.0,1.5,10.0
0.06,False,0.25,60.20000000000001,0.20850825636719844,1490,304,1.0,1.5,10.0
0.06,False,0.5,108.9,0.20850825636719844,1490,304,1.0,1.5,10.0
0.06,False,0.75,188.75,0.20850825636719844,1490,304,1.0,1.5,10.0
0.06,True,0.25,62.375000000000014,0.7914917436328016,5656,304,1.0,1.5,10.0
0.06,True,0.5,111.10000000000001,0.7914917436328016,5656,304,1.0,1.5,10.0
0.06,True,0.75,196.35,0.7914917436328016,5656,304,1.0,1.5,10.0
0.09,False,0.25,55.3,0.12530479544838796,925,304,1.0,1.5,10.0
0.09,False,0.5,96.90000000000002,0.12530479544838796,925,304,1.0,1.5,10.0
0.09,False,0.75,165.4,0.12530479544838796,925,304,1.0,1.5,10.0
0.09,True,0.25,55.800000000000004,0.874695204551612,6457,304,1.0,1.5,10.0
0.09,True,0.5,97.89999999999999,0.874695204551612,6457,304,1.0,1.5,10.0
0.09,True,0.75,166.8,0.874695204551612,6457,304,1.0,1.5,10.0
0.12,False,0.25,47.6,0.07372060857538036,533,304,1.0,1.5,10.0
0.12,False,0.5,82.19999999999997,0.07372060857538036,533,304,1.0,1.5,10.0
0.12,False,0.75,139.20000000000002,0.07372060857538036,533,304,1.0,1.5,10.0
0.12,True,0.25,51.2,0.9262793914246197,6697,304,1.0,1.5,10.0
0.12,True,0.5,84.4,0.9262793914246197,6697,304,1.0,1.5,10.0
0.12,True,0.75,142.50000000000003,0.9262793914246197,6697,304,1.0,1.5,10.0
0.15,False,0.25,39.55,0.038767123287671235,283,304,1.0,1.5,10.0
0.15,False,0.5,64.8,0.038767123287671235,283,304,1.0,1.5,10.0
0.15,False,0.75,115.80000000000001,0.038767123287671235,283,304,1.0,1.5,10.0
0.15,True,0.25,46.1,0.9612328767123288,7017,304,1.0,1.5,10.0
0.15,True,0.5,74.0,0.9612328767123288,7017,304,1.0,1.5,10.0
0.15,True,0.75,120.39999999999999,0.9612328767123288,7017,304,1.0,1.5,10.0
0.0,False,0.25,68.70000000000002,0.4935968819599109,1773,307,1.0,1.5,10.0
0.0,False,0.5,124.7,0.4935968819599109,1773,307,1.0,1.5,10.0
0.0,False,0.75,216.3,0.4935968819599109,1773,307,1.0,1.5,10.0
0.0,True,0.25,66.5,0.5064031180400891,1819,307,1.0,1.5,10.0
0.0,True,0.5,124.39999999999999,0.5064031180400891,1819,307,1.0,1.5,10.0
0.0,True,0.75,214.60000000000002,0.5064031180400891,1819,307,1.0,1.5,10.0
0.03,False,0.25,63.3,0.3458257586351559,2473,307,1.0,1.5,10.0
0.03,False,0.5,116.09999999999998,0.3458257586351559,2473,307,1.0,1.5,10.0
0.03,False,0.75,214.60000000000005,0.3458257586351559,2473,307,1.0,1.5,10.0
0.03,True,0.25,66.9,0.654174241364844,4678,307,1.0,1.5,10.0
0.03,True,0.5,124.30000000000001,0.654174241364844,4678,307,1.0,1.5,10.0
0.03,True,0.75,212.12500000000003,0.654174241364844,4678,307,1.0,1.5,10.0
0.06,False,0.25,59.275,0.2093478869297509,1496,307,1.0,1.5,10.0
0.06,False,0.5,102.80000000000001,0.2093478869297509,1496,307,1.0,1.5,10.0
0.06,False,0.75,182.47499999999997,0.2093478869297509,1496,307,1.0,1.5,10.0
0.06,True,0.25,61.000000000000014,0.7906521130702491,5650,307,1.0,1.5,10.0
0.06,True,0.5,109.45,0.7906521130702491,5650,307,1.0,1.5,10.0
0.06,True,0.75,193.875,0.7906521130702491,5650,307,1.0,1.5,10.0
0.09,False,0.25,52.824999999999996,0.12437339113941201,918,307,1.0,1.5,10.0
0.09,False,0.5,86.5,0.12437339113941201,918,307,1.0,1.5,10.0
0.09,False,0.75,162.15,0.12437339113941201,918,307,1.0,1.5,10.0
0.09,True,0.25,56.3,0.875626608860588,6463,307,1.0,1.5,10.0
0.09,True,0.5,96.8,0.875626608860588,6463,307,1.0,1.5,10.0
0.09,True,0.75,166.3,0.875626608860588,6463,307,1.0,1.5,10.0
0.12,False,0.25,48.0,0.07095435684647303,513,307,1.0,1.5,10.0
0.12,False,0.5,78.59999999999998,0.07095435684647303,513,307,1.0,1.5,10.0
0.12,False,0.75,128.70000000000002,0.07095435684647303,513,307,1.0,1.5,10.0
0.12,True,0.25,50.899999999999984,0.929045643153527,6717,307,1.0,1.5,10.0
0.12,True,0.5,86.0,0.929045643153527,6717,307,1.0,1.5,10.0
0.12,True,0.75,144.29999999999998,0.929045643153527,6717,307,1.0,1.5,10.0
0.15,False,0.25,44.65,0.04260857651733114,311,307,1.0,1.5,10.0
0.15,False,0.5,72.6,0.04260857651733114,311,307,1.0,1.5,10.0
0.15,False,0.75,119.05000000000001,0.04260857651733114,311,307,1.0,1.5,10.0
0.15,True,0.25,46.075,0.9573914234826688,6988,307,1.0,1.5,10.0
0.15,True,0.5,73.64999999999999,0.9573914234826688,6988,307,1.0,1.5,10.0
0.15,True,0.75,120.59999999999997,0.9573914234826688,6988,307,1.0,1.5,10.0
0.0,False,0.25,68.2,0.49776785714285715,1784,308,1.0,1.5,10.0
0.0,False,0.5,128.15,0.49776785714285715,1784,308,1.0,1.5,10.0
0.0,False,0.75,220.55000000000007,0.49776785714285715,1784,308,1.0,1.5,10.0
0.0,True,0.25,64.75,0.5022321428571429,1800,308,1.0,1.5,10.0
0.0,True,0.5,116.39999999999998,0.5022321428571429,1800,308,1.0,1.5,10.0
0.0,True,0.75,211.225,0.5022321428571429,1800,308,1.0,1.5,10.0
0.03,False,0.25,62.300000000000004,0.35024458420684834,2506,308,1.0,1.5,10.0
0.03,False,0.5,115.15,0.35024458420684834,2506,308,1.0,1.5,10.0
0.03,False,0.75,202.3,0.35024458420684834,2506,308,1.0,1.5,10.0
0.03,True,0.25,66.7,0.6497554157931517,4649,308,1.0,1.5,10.0
0.03,True,0.5,121.50000000000001,0.6497554157931517,4649,308,1.0,1.5,10.0
0.03,True,0.75,217.20000000000002,0.6497554157931517,4649,308,1.0,1.5,10.0
0.06,False,0.25,58.60000000000001,0.21719647108248144,1551,308,1.0,1.5,10.0
0.06,False,0.5,105.4,0.21719647108248144,1551,308,1.0,1.5,10.0
0.06,False,0.75,187.2,0.21719647108248144,1551,308,1.0,1.5,10.0
0.06,True,0.25,60.724999999999994,0.7828035289175186,5590,308,1.0,1.5,10.0
0.06,True,0.5,107.94999999999999,0.7828035289175186,5590,308,1.0,1.5,10.0
0.06,True,0.75,191.1,0.7828035289175186,5590,308,1.0,1.5,10.0
0.09,False,0.25,51.15,0.12179921419861807,899,308,1.0,1.5,10.0
0.09,False,0.5,91.0,0.12179921419861807,899,308,1.0,1.5,10.0
0.09,False,0.75,158.35000000000002,0.12179921419861807,899,308,1.0,1.5,10.0
0.09,True,0.25,55.825,0.878200785801382,6482,308,1.0,1.5,10.0
0.09,True,0.5,97.2,0.878200785801382,6482,308,1.0,1.5,10.0
0.09,True,0.75,167.2,0.878200785801382,6482,308,1.0,1.5,10.0
0.12,False,0.25,46.62499999999999,0.07302904564315353,528,308,1.0,1.5,10.0
0.12,False,0.5,84.19999999999999,0.07302904564315353,528,308,1.0,1.5,10.0
0.12,False,0.75,138.125,0.07302904564315353,528,308,1.0,1.5,10.0
0.12,True,0.25,49.3,0.9269709543568465,6702,308,1.0,1.5,10.0
0.12,True,0.5,82.3,0.9269709543568465,6702,308,1.0,1.5,10.0
0.12,True,0.75,137.89999999999998,0.9269709543568465,6702,308,1.0,1.5,10.0
0.15,False,0.25,43.85,0.04315068493150685,315,308,1.0,1.5,10.0
0.15,False,0.5,70.49999999999999,0.04315068493150685,315,308,1.0,1.5,10.0
0.15,False,0.75,110.19999999999999,0.04315068493150685,315,308,1.0,1.5,10.0
0.15,True,0.25,45.400000000000006,0.9568493150684931,6985,308,1.0,1.5,10.0
0.15,True,0.5,74.89999999999999,0.9568493150684931,6985,308,1.0,1.5,10.0
0.15,True,0.75,120.99999999999997,0.9568493150684931,6985,308,1.0,1.5,10.0
0.0,False,0.25,65.975,0.5080960357342267,1820,312,1.0,1.5,10.0
0.0,False,0.5,119.15,0.5080960357342267,1820,312,1.0,1.5,10.0
0.0,False,0.75,213.75000000000006,0.5080960357342267,1820,312,1.0,1.5,10.0
0.0,True,0.25,64.475,0.4919039642657733,1762,312,1.0,1.5,10.0
0.0,True,0.5,121.04999999999998,0.4919039642657733,1762,312,1.0,1.5,10.0
0.0,True,0.75,213.47500000000002,0.4919039642657733,1762,312,1.0,1.5,10.0
0.03,False,0.25,61.75,0.35311406578026594,2523,312,1.0,1.5,10.0
0.03,False,0.5,117.29999999999998,0.35311406578026594,2523,312,1.0,1.5,10.0
0.03,False,0.75,205.75000000000006,0.35311406578026594,2523,312,1.0,1.5,10.0
0.03,True,0.25,66.39999999999999,0.6468859342197341,4622,312,1.0,1.5,10.0
0.03,True,0.5,120.0,0.6468859342197341,4622,312,1.0,1.5,10.0
0.03,True,0.75,214.32500000000002,0.6468859342197341,4622,312,1.0,1.5,10.0
0.06,False,0.25,55.225,0.21407583601511124,1530,312,1.0,1.5,10.0
0.06,False,0.5,106.2,0.21407583601511124,1530,312,1.0,1.5,10.0
0.06,False,0.75,195.50000000000003,0.21407583601511124,1530,312,1.0,1.5,10.0
0.06,True,0.25,61.40000000000001,0.7859241639848887,5617,312,1.0,1.5,10.0
0.06,True,0.5,110.60000000000001,0.7859241639848887,5617,312,1.0,1.5,10.0
0.06,True,0.75,192.7,0.7859241639848887,5617,312,1.0,1.5,10.0
0.09,False,0.25,52.69999999999999,0.12664228633346877,935,312,1.0,1.5,10.0
0.09,False,0.5,93.0,0.12664228633346877,935,312,1.0,1.5,10.0
0.09,False,0.75,164.14999999999998,0.12664228633346877,935,312,1.0,1.5,10.0
0.09,True,0.25,55.099999999999994,0.8733577136665313,6448,312,1.0,1.5,10.0
0.09,True,0.5,95.8,0.8733577136665313,6448,312,1.0,1.5,10.0
0.09,True,0.75,166.60000000000002,0.8733577136665313,6448,312,1.0,1.5,10.0
0.12,False,0.25,47.125,0.06971918660948956,504,312,1.0,1.5,10.0
0.12,False,0.5,86.64999999999999,0.06971918660948956,504,312,1.0,1.5,10.0
0.12,False,0.75,144.2,0.06971918660948956,504,312,1.0,1.5,10.0
0.12,True,0.25,50.899999999999984,0.9302808133905105,6725,312,1.0,1.5,10.0
0.12,True,0.5,85.60000000000001,0.9302808133905105,6725,312,1.0,1.5,10.0
0.12,True,0.75,142.6,0.9302808133905105,6725,312,1.0,1.5,10.0
0.15,False,0.25,40.599999999999994,0.03794520547945206,277,312,1.0,1.5,10.0
0.15,False,0.5,64.7,0.03794520547945206,277,312,1.0,1.5,10.0
0.15,False,0.75,96.5,0.03794520547945206,277,312,1.0,1.5,10.0
0.15,True,0.25,46.2,0.962054794520548,7023,312,1.0,1.5,10.0
0.15,True,0.5,75.2,0.962054794520548,7023,312,1.0,1.5,10.0
0.15,True,0.75,121.95,0.962054794520548,7023,312,1.0,1.5,10.0
0.0,False,0.25,64.075,0.4974902398215282,1784,316,1.0,1.5,10.0
0.0,False,0.5,120.04999999999998,0.4974902398215282,1784,316,1.0,1.5,10.0
0.0,False,0.75,216.27500000000003,0.4974902398215282,1784,316,1.0,1.5,10.0
0.0,True,0.25,65.85,0.5025097601784718,1802,316,1.0,1.5,10.0
0.0,True,0.5,123.8,0.5025097601784718,1802,316,1.0,1.5,10.0
0.0,True,0.75,220.3,0.5025097601784718,1802,316,1.0,1.5,10.0
0.03,False,0.25,63.59999999999999,0.3366890380313199,2408,316,1.0,1.5,10.0
0.03,False,0.5,121.35,0.3366890380313199,2408,316,1.0,1.5,10.0
0.03,False,0.75,212.02500000000003,0.3366890380313199,2408,316,1.0,1.5,10.0
0.03,True,0.25,64.975,0.6633109619686801,4744,316,1.0,1.5,10.0
0.03,True,0.5,117.30000000000001,0.6633109619686801,4744,316,1.0,1.5,10.0
0.03,True,0.75,209.70000000000005,0.6633109619686801,4744,316,1.0,1.5,10.0
0.06,False,0.25,59.699999999999996,0.21222719641857862,1517,316,1.0,1.5,10.0
0.06,False,0.5,103.69999999999999,0.21222719641857862,1517,316,1.0,1.5,10.0
0.06,False,0.75,177.0,0.21222719641857862,1517,316,1.0,1.5,10.0
0.06,True,0.25,62.94999999999999,0.7877728035814213,5631,316,1.0,1.5,10.0
0.06,True,0.5,111.80000000000001,0.7877728035814213,5631,316,1.0,1.5,10.0
0.06,True,0.75,192.6,0.7877728035814213,5631,316,1.0,1.5,10.0
0.09,False,0.25,53.55,0.12449200758602005,919,316,1.0,1.5,10.0
0.09,False,0.5,91.0,0.12449200758602005,919,316,1.0,1.5,10.0
0.09,False,0.75,160.1,0.12449200758602005,919,316,1.0,1.5,10.0
0.09,True,0.25,57.1,0.8755079924139799,6463,316,1.0,1.5,10.0
0.09,True,0.5,99.49999999999999,0.8755079924139799,6463,316,1.0,1.5,10.0
0.09,True,0.75,167.8,0.8755079924139799,6463,316,1.0,1.5,10.0
0.12,False,0.25,46.6,0.07027251348734265,508,316,1.0,1.5,10.0
0.12,False,0.5,81.95,0.07027251348734265,508,316,1.0,1.5,10.0
0.12,False,0.75,145.77499999999998,0.07027251348734265,508,316,1.0,1.5,10.0
0.12,True,0.25,50.099999999999994,0.9297274865126574,6721,316,1.0,1.5,10.0
0.12,True,0.5,84.49999999999999,0.9297274865126574,6721,316,1.0,1.5,10.0
0.12,True,0.75,141.20000000000002,0.9297274865126574,6721,316,1.0,1.5,10.0
0.15,False,0.25,43.175000000000004,0.03836141937251678,280,316,1.0,1.5,10.0
0.15,False,0.5,70.24999999999999,0.03836141937251678,280,316,1.0,1.5,10.0
0.15,False,0.75,115.95,0.03836141937251678,280,316,1.0,1.5,10.0
0.15,True,0.25,45.5,0.9616385806274832,7019,316,1.0,1.5,10.0
0.15,True,0.5,74.09999999999998,0.9616385806274832,7019,316,1.0,1.5,10.0
0.15,True,0.75,119.9,0.9616385806274832,7019,316,1.0,1.5,10.0
0.0,False,0.25,66.725,0.48206839032527105,1734,330,1.0,1.5,10.0
0.0,False,0.5,123.65,0.48206839032527105,1734,330,1.0,1.5,10.0
0.0,False,0.75,216.32500000000002,0.48206839032527105,1734,330,1.0,1.5,10.0
0.0,True,0.25,68.2,0.517931609674729,1863,330,1.0,1.5,10.0
0.0,True,0.5,124.39999999999999,0.517931609674729,1863,330,1.0,1.5,10.0
0.0,True,0.75,222.60000000000002,0.517931609674729,1863,330,1.0,1.5,10.0
0.03,False,0.25,61.55000000000001,0.34129311548666386,2444,330,1.0,1.5,10.0
0.03,False,0.5,116.85000000000001,0.34129311548666386,2444,330,1.0,1.5,10.0
0.03,False,0.75,201.37500000000003,0.34129311548666386,2444,330,1.0,1.5,10.0
0.03,True,0.25,63.70000000000001,0.6587068845133361,4717,330,1.0,1.5,10.0
0.03,True,0.5,117.00000000000001,0.6587068845133361,4717,330,1.0,1.5,10.0
0.03,True,0.75,207.40000000000003,0.6587068845133361,4717,330,1.0,1.5,10.0
0.06,False,0.25,58.65,0.22660511959714646,1620,330,1.0,1.5,10.0
0.06,False,0.5,103.24999999999999,0.22660511959714646,1620,330,1.0,1.5,10.0
0.06,False,0.75,179.025,0.22660511959714646,1620,330,1.0,1.5,10.0
0.06,True,0.25,60.699999999999996,0.7733948804028535,5529,330,1.0,1.5,10.0
0.06,True,0.5,107.00000000000001,0.7733948804028535,5529,330,1.0,1.5,10.0
0.06,True,0.75,186.7,0.7733948804028535,5529,330,1.0,1.5,10.0
0.09,False,0.25,51.69999999999999,0.13006367700853544,960,330,1.0,1.5,10.0
0.09,False,0.5,95.4,0.13006367700853544,960,330,1.0,1.5,10.0
0.09,False,0.75,155.75,0.13006367700853544,960,330,1.0,1.5,10.0
0.09,True,0.25,54.89999999999999,0.8699363229914646,6421,330,1.0,1.5,10.0
0.09,True,0.5,97.89999999999999,0.8699363229914646,6421,330,1.0,1.5,10.0
0.09,True,0.75,168.4,0.8699363229914646,6421,330,1.0,1.5,10.0
0.12,False,0.25,44.1,0.07649744086318994,553,330,1.0,1.5,10.0
0.12,False,0.5,74.6,0.07649744086318994,553,330,1.0,1.5,10.0
0.12,False,0.75,121.9,0.07649744086318994,553,330,1.0,1.5,10.0
0.12,True,0.25,50.499999999999986,0.9235025591368101,6676,330,1.0,1.5,10.0
0.12,True,0.5,84.99999999999999,0.9235025591368101,6676,330,1.0,1.5,10.0
0.12,True,0.75,141.4,0.9235025591368101,6676,330,1.0,1.5,10.0
0.15,False,0.25,42.849999999999994,0.03808740923414166,278,330,1.0,1.5,10.0
0.15,False,0.5,72.75,0.03808740923414166,278,330,1.0,1.5,10.0
0.15,False,0.75,111.37500000000001,0.03808740923414166,278,330,1.0,1.5,10.0
0.15,True,0.25,45.6,0.9619125907658583,7021,330,1.0,1.5,10.0
0.15,True,0.5,74.0,0.9619125907658583,7021,330,1.0,1.5,10.0
0.15,True,0.75,118.39999999999999,0.9619125907658583,7021,330,1.0,1.5,10.0
0.0,False,0.25,64.875,0.5087768180551686,1826,335,1.0,1.5,10.0
0.0,False,0.5,126.14999999999998,0.5087768180551686,1826,335,1.0,1.5,10.0
0.0,False,0.75,218.90000000000003,0.5087768180551686,1826,335,1.0,1.5,10.0
0.0,True,0.25,67.3,0.49122318194483144,1763,335,1.0,1.5,10.0
0.0,True,0.5,122.99999999999997,0.49122318194483144,1763,335,1.0,1.5,10.0
0.0,True,0.75,217.35000000000002,0.49122318194483144,1763,335,1.0,1.5,10.0
0.03,False,0.25,62.7,0.34684747658325177,2481,335,1.0,1.5,10.0
0.03,False,0.5,116.79999999999998,0.34684747658325177,2481,335,1.0,1.5,10.0
0.03,False,0.75,206.20000000000002,0.34684747658325177,2481,335,1.0,1.5,10.0
0.03,True,0.25,64.075,0.6531525234167482,4672,335,1.0,1.5,10.0
0.03,True,0.5,118.79999999999998,0.6531525234167482,4672,335,1.0,1.5,10.0
0.03,True,0.75,209.32500000000005,0.6531525234167482,4672,335,1.0,1.5,10.0
0.06,False,0.25,57.1,0.215993289528869,1545,335,1.0,1.5,10.0
0.06,False,0.5,103.4,0.215993289528869,1545,335,1.0,1.5,10.0
0.06,False,0.75,187.70000000000002,0.215993289528869,1545,335,1.0,1.5,10.0
0.06,True,0.25,61.849999999999994,0.784006710471131,5608,335,1.0,1.5,10.0
0.06,True,0.5,109.4,0.784006710471131,5608,335,1.0,1.5,10.0
0.06,True,0.75,190.025,0.784006710471131,5608,335,1.0,1.5,10.0
0.09,False,0.25,53.400000000000006,0.1225622968580715,905,335,1.0,1.5,10.0
0.09,False,0.5,91.30000000000001,0.1225622968580715,905,335,1.0,1.5,10.0
0.09,False,0.75,160.09999999999997,0.1225622968580715,905,335,1.0,1.5,10.0
0.09,True,0.25,55.49999999999999,0.8774377031419285,6479,335,1.0,1.5,10.0
0.09,True,0.5,95.30000000000001,0.8774377031419285,6479,335,1.0,1.5,10.0
0.09,True,0.75,164.39999999999998,0.8774377031419285,6479,335,1.0,1.5,10.0
0.12,False,0.25,44.4,0.06876037631433315,497,335,1.0,1.5,10.0
0.12,False,0.5,78.1,0.06876037631433315,497,335,1.0,1.5,10.0
0.12,False,0.75,132.0,0.06876037631433315,497,335,1.0,1.5,10.0
0.12,True,0.25,50.099999999999994,0.9312396236856668,6731,335,1.0,1.5,10.0
0.12,True,0.5,84.7,0.9312396236856668,6731,335,1.0,1.5,10.0
0.12,True,0.75,142.8,0.9312396236856668,6731,335,1.0,1.5,10.0
0.15,False,0.25,38.47500000000001,0.043835616438356165,320,335,1.0,1.5,10.0
0.15,False,0.5,65.35,0.043835616438356165,320,335,1.0,1.5,10.0
0.15,False,0.75,103.19999999999999,0.043835616438356165,320,335,1.0,1.5,10.0
0.15,True,0.25,45.900000000000006,0.9561643835616438,6980,335,1.0,1.5,10.0
0.15,True,0.5,74.54999999999998,0.9561643835616438,6980,335,1.0,1.5,10.0
0.15,True,0.75,122.19999999999997,0.9561643835616438,6980,335,1.0,1.5,10.0
0.0,False,0.25,66.5,0.49511854951185497,1775,345,1.0,1.5,10.0
0.0,False,0.5,125.6,0.49511854951185497,1775,345,1.0,1.5,10.0
0.0,False,0.75,215.4,0.49511854951185497,1775,345,1.0,1.5,10.0
0.0,True,0.25,67.39999999999999,0.504881450488145,1810,345,1.0,1.5,10.0
0.0,True,0.5,119.0,0.504881450488145,1810,345,1.0,1.5,10.0
0.0,True,0.75,216.97500000000002,0.504881450488145,1810,345,1.0,1.5,10.0
0.03,False,0.25,66.925,0.34106145251396647,2442,345,1.0,1.5,10.0
0.03,False,0.5,123.25,0.34106145251396647,2442,345,1.0,1.5,10.0
0.03,False,0.75,217.50000000000003,0.34106145251396647,2442,345,1.0,1.5,10.0
0.03,True,0.25,64.7,0.6589385474860335,4718,345,1.0,1.5,10.0
0.03,True,0.5,120.59999999999997,0.6589385474860335,4718,345,1.0,1.5,10.0
0.03,True,0.75,212.75000000000003,0.6589385474860335,4718,345,1.0,1.5,10.0
0.06,False,0.25,57.89999999999999,0.21502518186905428,1537,345,1.0,1.5,10.0
0.06,False,0.5,100.10000000000001,0.21502518186905428,1537,345,1.0,1.5,10.0
0.06,False,0.75,189.29999999999998,0.21502518186905428,1537,345,1.0,1.5,10.0
0.06,True,0.25,61.3,0.7849748181309457,5611,345,1.0,1.5,10.0
0.06,True,0.5,111.40000000000002,0.7849748181309457,5611,345,1.0,1.5,10.0
0.06,True,0.75,190.29999999999998,0.7849748181309457,5611,345,1.0,1.5,10.0
0.09,False,0.25,53.15,0.13475081256771398,995,345,1.0,1.5,10.0
0.09,False,0.5,94.29999999999998,0.13475081256771398,995,345,1.0,1.5,10.0
0.09,False,0.75,157.90000000000003,0.13475081256771398,995,345,1.0,1.5,10.0
0.09,True,0.25,56.6,0.8652491874322861,6389,345,1.0,1.5,10.0
0.09,True,0.5,98.69999999999999,0.8652491874322861,6389,345,1.0,1.5,10.0
0.09,True,0.75,165.99999999999997,0.8652491874322861,6389,345,1.0,1.5,10.0
0.12,False,0.25,44.85000000000001,0.066399225342371,480,345,1.0,1.5,10.0
0.12,False,0.5,78.9,0.066399225342371,480,345,1.0,1.5,10.0
0.12,False,0.75,139.625,0.066399225342371,480,345,1.0,1.5,10.0
0.12,True,0.25,51.8,0.933600774657629,6749,345,1.0,1.5,10.0
0.12,True,0.5,84.9,0.933600774657629,6749,345,1.0,1.5,10.0
0.12,True,0.75,141.7,0.933600774657629,6749,345,1.0,1.5,10.0
0.15,False,0.25,42.5,0.04110152075626798,300,345,1.0,1.5,10.0
0.15,False,0.5,62.150000000000006,0.04110152075626798,300,345,1.0,1.5,10.0
0.15,False,0.75,116.49999999999999,0.04110152075626798,300,345,1.0,1.5,10.0
0.15,True,0.25,45.900000000000006,0.9588984792437321,6999,345,1.0,1.5,10.0
0.15,True,0.5,74.6,0.9588984792437321,6999,345,1.0,1.5,10.0
0.15,True,0.75,122.30000000000001,0.9588984792437321,6999,345,1.0,1.5,10.0
0.0,False,0.25,64.8,0.4931887684181262,1774,356,1.0,1.5,10.0
0.0,False,0.5,115.9,0.4931887684181262,1774,356,1.0,1.5,10.0
0.0,False,0.75,211.85000000000002,0.4931887684181262,1774,356,1.0,1.5,10.0
0.0,True,0.25,66.35,0.5068112315818738,1823,356,1.0,1.5,10.0
0.0,True,0.5,125.3,0.5068112315818738,1823,356,1.0,1.5,10.0
0.0,True,0.75,222.90000000000003,0.5068112315818738,1823,356,1.0,1.5,10.0
0.03,False,0.25,62.1,0.3489736070381232,2499,356,1.0,1.5,10.0
0.03,False,0.5,115.69999999999999,0.3489736070381232,2499,356,1.0,1.5,10.0
0.03,False,0.75,209.75000000000006,0.3489736070381232,2499,356,1.0,1.5,10.0
0.03,True,0.25,64.19999999999999,0.6510263929618768,4662,356,1.0,1.5,10.0
0.03,True,0.5,117.95,0.6510263929618768,4662,356,1.0,1.5,10.0
0.03,True,0.75,209.42500000000004,0.6510263929618768,4662,356,1.0,1.5,10.0
0.06,False,0.25,57.60000000000001,0.21218487394957983,1515,356,1.0,1.5,10.0
0.06,False,0.5,106.10000000000001,0.21218487394957983,1515,356,1.0,1.5,10.0
0.06,False,0.75,187.8,0.21218487394957983,1515,356,1.0,1.5,10.0
0.06,True,0.25,60.9,0.7878151260504201,5625,356,1.0,1.5,10.0
0.06,True,0.5,108.09999999999998,0.7878151260504201,5625,356,1.0,1.5,10.0
0.06,True,0.75,187.49999999999997,0.7878151260504201,5625,356,1.0,1.5,10.0
0.09,False,0.25,52.7,0.12882687618531563,951,356,1.0,1.5,10.0
0.09,False,0.5,91.8,0.12882687618531563,951,356,1.0,1.5,10.0
0.09,False,0.75,155.45,0.12882687618531563,951,356,1.0,1.5,10.0
0.09,True,0.25,55.6,0.8711731238146844,6431,356,1.0,1.5,10.0
0.09,True,0.5,96.4,0.8711731238146844,6431,356,1.0,1.5,10.0
0.09,True,0.75,163.1,0.8711731238146844,6431,356,1.0,1.5,10.0
0.12,False,0.25,46.3,0.07344398340248963,531,356,1.0,1.5,10.0
0.12,False,0.5,74.6,0.07344398340248963,531,356,1.0,1.5,10.0
0.12,False,0.75,144.25,0.07344398340248963,531,356,1.0,1.5,10.0
0.12,True,0.25,50.899999999999984,0.9265560165975104,6699,356,1.0,1.5,10.0
0.12,True,0.5,84.0,0.9265560165975104,6699,356,1.0,1.5,10.0
0.12,True,0.75,140.2,0.9265560165975104,6699,356,1.0,1.5,10.0
0.15,False,0.25,43.3,0.03712328767123288,271,356,1.0,1.5,10.0
0.15,False,0.5,62.999999999999986,0.03712328767123288,271,356,1.0,1.5,10.0
0.15,False,0.75,105.95000000000002,0.03712328767123288,271,356,1.0,1.5,10.0
0.15,True,0.25,46.1,0.9628767123287671,7029,356,1.0,1.5,10.0
0.15,True,0.5,74.0,0.9628767123287671,7029,356,1.0,1.5,10.0
0.15,True,0.75,121.69999999999999,0.9628767123287671,7029,356,1.0,1.5,10.0
0.0,False,0.25,65.775,0.5100222717149221,1832,358,1.0,1.5,10.0
0.0,False,0.5,120.49999999999999,0.5100222717149221,1832,358,1.0,1.5,10.0
0.0,False,0.75,222.425,0.5100222717149221,1832,358,1.0,1.5,10.0
0.0,True,0.25,64.175,0.48997772828507796,1760,358,1.0,1.5,10.0
0.0,True,0.5,113.99999999999999,0.48997772828507796,1760,358,1.0,1.5,10.0
0.0,True,0.75,209.97500000000005,0.48997772828507796,1760,358,1.0,1.5,10.0
0.03,False,0.25,63.999999999999986,0.3523902711769639,2521,358,1.0,1.5,10.0
0.03,False,0.5,118.7,0.3523902711769639,2521,358,1.0,1.5,10.0
0.03,False,0.75,210.8,0.3523902711769639,2521,358,1.0,1.5,10.0
0.03,True,0.25,66.6,0.647609728823036,4633,358,1.0,1.5,10.0
0.03,True,0.5,119.80000000000001,0.647609728823036,4633,358,1.0,1.5,10.0
0.03,True,0.75,216.20000000000002,0.647609728823036,4633,358,1.0,1.5,10.0
0.06,False,0.25,58.1,0.2125962211336599,1519,358,1.0,1.5,10.0
0.06,False,0.5,106.2,0.2125962211336599,1519,358,1.0,1.5,10.0
0.06,False,0.75,192.05,0.2125962211336599,1519,358,1.0,1.5,10.0
0.06,True,0.25,62.925,0.78740377886634,5626,358,1.0,1.5,10.0
0.06,True,0.5,112.44999999999999,0.78740377886634,5626,358,1.0,1.5,10.0
0.06,True,0.75,194.475,0.78740377886634,5626,358,1.0,1.5,10.0
0.09,False,0.25,51.55,0.1277258566978193,943,358,1.0,1.5,10.0
0.09,False,0.5,89.8,0.1277258566978193,943,358,1.0,1.5,10.0
0.09,False,0.75,166.35,0.1277258566978193,943,358,1.0,1.5,10.0
0.09,True,0.25,55.099999999999994,0.8722741433021807,6440,358,1.0,1.5,10.0
0.09,True,0.5,95.89999999999999,0.8722741433021807,6440,358,1.0,1.5,10.0
0.09,True,0.75,163.6,0.8722741433021807,6440,358,1.0,1.5,10.0
0.12,False,0.25,43.05,0.06586412065864121,476,358,1.0,1.5,10.0
0.12,False,0.5,72.0,0.06586412065864121,476,358,1.0,1.5,10.0
0.12,False,0.75,126.27499999999998,0.06586412065864121,476,358,1.0,1.5,10.0
0.12,True,0.25,51.4,0.9341358793413588,6751,358,1.0,1.5,10.0
0.12,True,0.5,86.3,0.9341358793413588,6751,358,1.0,1.5,10.0
0.12,True,0.75,144.55,0.9341358793413588,6751,358,1.0,1.5,10.0
0.15,False,0.25,42.074999999999996,0.03780821917808219,276,358,1.0,1.5,10.0
0.15,False,0.5,64.8,0.03780821917808219,276,358,1.0,1.5,10.0
0.15,False,0.75,109.92499999999998,0.03780821917808219,276,358,1.0,1.5,10.0
0.15,True,0.25,45.7,0.9621917808219178,7024,358,1.0,1.5,10.0
0.15,True,0.5,74.30000000000001,0.9621917808219178,7024,358,1.0,1.5,10.0
0.15,True,0.75,120.09999999999998,0.9621917808219178,7024,358,1.0,1.5,10.0
0.0,False,0.25,65.725,0.49791376912378305,1790,362,1.0,1.5,10.0
0.0,False,0.5,128.0,0.49791376912378305,1790,362,1.0,1.5,10.0
0.0,False,0.75,221.15000000000003,0.49791376912378305,1790,362,1.0,1.5,10.0
0.0,True,0.25,69.70000000000002,0.502086230876217,1805,362,1.0,1.5,10.0
0.0,True,0.5,126.0,0.502086230876217,1805,362,1.0,1.5,10.0
0.0,True,0.75,228.70000000000005,0.502086230876217,1805,362,1.0,1.5,10.0
0.03,False,0.25,66.9,0.336731843575419,2411,362,1.0,1.5,10.0
0.03,False,0.5,121.9,0.336731843575419,2411,362,1.0,1.5,10.0
0.03,False,0.75,208.70000000000002,0.336731843575419,2411,362,1.0,1.5,10.0
0.03,True,0.25,66.7,0.663268156424581,4749,362,1.0,1.5,10.0
0.03,True,0.5,120.59999999999997,0.663268156424581,4749,362,1.0,1.5,10.0
0.03,True,0.75,212.10000000000005,0.663268156424581,4749,362,1.0,1.5,10.0
0.06,False,0.25,60.97500000000001,0.2122357552848943,1516,362,1.0,1.5,10.0
0.06,False,0.5,112.84999999999998,0.2122357552848943,1516,362,1.0,1.5,10.0
0.06,False,0.75,194.2,0.2122357552848943,1516,362,1.0,1.5,10.0
0.06,True,0.25,58.550000000000004,0.7877642447151056,5627,362,1.0,1.5,10.0
0.06,True,0.5,107.00000000000001,0.7877642447151056,5627,362,1.0,1.5,10.0
0.06,True,0.75,190.45,0.7877642447151056,5627,362,1.0,1.5,10.0
0.09,False,0.25,51.69999999999999,0.12288307817368921,907,362,1.0,1.5,10.0
0.09,False,0.5,95.7,0.12288307817368921,907,362,1.0,1.5,10.0
0.09,False,0.75,161.65,0.12288307817368921,907,362,1.0,1.5,10.0
0.09,True,0.25,56.099999999999994,0.8771169218263108,6474,362,1.0,1.5,10.0
0.09,True,0.5,97.49999999999999,0.8771169218263108,6474,362,1.0,1.5,10.0
0.09,True,0.75,169.99999999999997,0.8771169218263108,6474,362,1.0,1.5,10.0
0.12,False,0.25,48.10000000000001,0.07510373443983402,543,362,1.0,1.5,10.0
0.12,False,0.5,79.1,0.07510373443983402,543,362,1.0,1.5,10.0
0.12,False,0.75,131.5,0.07510373443983402,543,362,1.0,1.5,10.0
0.12,True,0.25,51.349999999999994,0.924896265560166,6687,362,1.0,1.5,10.0
0.12,True,0.5,85.3,0.924896265560166,6687,362,1.0,1.5,10.0
0.12,True,0.75,140.9,0.924896265560166,6687,362,1.0,1.5,10.0
0.15,False,0.25,40.10000000000001,0.038493150684931504,281,362,1.0,1.5,10.0
0.15,False,0.5,70.3,0.038493150684931504,281,362,1.0,1.5,10.0
0.15,False,0.75,109.19999999999999,0.038493150684931504,281,362,1.0,1.5,10.0
0.15,True,0.25,45.400000000000006,0.9615068493150685,7019,362,1.0,1.5,10.0
0.15,True,0.5,73.69999999999999,0.9615068493150685,7019,362,1.0,1.5,10.0
0.15,True,0.75,120.04999999999998,0.9615068493150685,7019,362,1.0,1.5,10.0
0.0,False,0.25,68.6,0.502086230876217,1805,367,1.0,1.5,10.0
0.0,False,0.5,125.3,0.502086230876217,1805,367,1.0,1.5,10.0
0.0,False,0.75,214.00000000000003,0.502086230876217,1805,367,1.0,1.5,10.0
0.0,True,0.25,65.99999999999999,0.49791376912378305,1790,367,1.0,1.5,10.0
0.0,True,0.5,120.49999999999999,0.49791376912378305,1790,367,1.0,1.5,10.0
0.0,True,0.75,213.90000000000003,0.49791376912378305,1790,367,1.0,1.5,10.0
0.03,False,0.25,63.399999999999984,0.3372466806429071,2413,367,1.0,1.5,10.0
0.03,False,0.5,114.79999999999998,0.3372466806429071,2413,367,1.0,1.5,10.0
0.03,False,0.75,202.0,0.3372466806429071,2413,367,1.0,1.5,10.0
0.03,True,0.25,62.725,0.6627533193570929,4742,367,1.0,1.5,10.0
0.03,True,0.5,118.3,0.6627533193570929,4742,367,1.0,1.5,10.0
0.03,True,0.75,216.77500000000003,0.6627533193570929,4742,367,1.0,1.5,10.0
0.06,False,0.25,59.1,0.2149049217002237,1537,367,1.0,1.5,10.0
0.06,False,0.5,110.60000000000001,0.2149049217002237,1537,367,1.0,1.5,10.0
0.06,False,0.75,189.1,0.2149049217002237,1537,367,1.0,1.5,10.0
0.06,True,0.25,61.20000000000001,0.7850950782997763,5615,367,1.0,1.5,10.0
0.06,True,0.5,110.89999999999998,0.7850950782997763,5615,367,1.0,1.5,10.0
0.06,True,0.75,188.05,0.7850950782997763,5615,367,1.0,1.5,10.0
0.09,False,0.25,55.85000000000001,0.13134732566012186,970,367,1.0,1.5,10.0
0.09,False,0.5,102.1,0.13134732566012186,970,367,1.0,1.5,10.0
0.09,False,0.75,174.025,0.13134732566012186,970,367,1.0,1.5,10.0
0.09,True,0.25,56.800000000000004,0.8686526743398781,6415,367,1.0,1.5,10.0
0.09,True,0.5,98.10000000000001,0.8686526743398781,6415,367,1.0,1.5,10.0
0.09,True,0.75,167.8,0.8686526743398781,6415,367,1.0,1.5,10.0
0.12,False,0.25,47.800000000000004,0.07150760719225449,517,367,1.0,1.5,10.0
0.12,False,0.5,77.39999999999998,0.07150760719225449,517,367,1.0,1.5,10.0
0.12,False,0.75,128.6,0.07150760719225449,517,367,1.0,1.5,10.0
0.12,True,0.25,50.4,0.9284923928077455,6713,367,1.0,1.5,10.0
0.12,True,0.5,86.1,0.9284923928077455,6713,367,1.0,1.5,10.0
0.12,True,0.75,143.09999999999997,0.9284923928077455,6713,367,1.0,1.5,10.0
0.15,False,0.25,38.825,0.03972602739726028,290,367,1.0,1.5,10.0
0.15,False,0.5,79.5,0.03972602739726028,290,367,1.0,1.5,10.0
0.15,False,0.75,118.82500000000002,0.03972602739726028,290,367,1.0,1.5,10.0
0.15,True,0.25,46.1,0.9602739726027397,7010,367,1.0,1.5,10.0
0.15,True,0.5,74.85,0.9602739726027397,7010,367,1.0,1.5,10.0
0.15,True,0.75,121.69999999999999,0.9602739726027397,7010,367,1.0,1.5,10.0
0.0,False,0.25,66.0,0.49596662030598054,1783,368,1.0,1.5,10.0
0.0,False,0.5,116.20000000000002,0.49596662030598054,1783,368,1.0,1.5,10.0
0.0,False,0.75,206.50000000000006,0.49596662030598054,1783,368,1.0,1.5,10.0
0.0,True,0.25,68.9,0.5040333796940195,1812,368,1.0,1.5,10.0
0.0,True,0.5,125.05,0.5040333796940195,1812,368,1.0,1.5,10.0
0.0,True,0.75,210.425,0.5040333796940195,1812,368,1.0,1.5,10.0
0.03,False,0.25,63.849999999999994,0.34036902432205757,2435,368,1.0,1.5,10.0
0.03,False,0.5,120.3,0.34036902432205757,2435,368,1.0,1.5,10.0
0.03,False,0.75,213.0,0.34036902432205757,2435,368,1.0,1.5,10.0
0.03,True,0.25,65.39999999999999,0.6596309756779424,4719,368,1.0,1.5,10.0
0.03,True,0.5,119.6,0.6596309756779424,4719,368,1.0,1.5,10.0
0.03,True,0.75,210.15000000000003,0.6596309756779424,4719,368,1.0,1.5,10.0
0.06,False,0.25,61.95000000000001,0.212468549063461,1520,368,1.0,1.5,10.0
0.06,False,0.5,111.94999999999999,0.212468549063461,1520,368,1.0,1.5,10.0
0.06,False,0.75,196.225,0.212468549063461,1520,368,1.0,1.5,10.0
0.06,True,0.25,63.824999999999996,0.787531450936539,5634,368,1.0,1.5,10.0
0.06,True,0.5,114.3,0.787531450936539,5634,368,1.0,1.5,10.0
0.06,True,0.75,195.975,0.787531450936539,5634,368,1.0,1.5,10.0
0.09,False,0.25,53.6,0.1248136603875864,921,368,1.0,1.5,10.0
0.09,False,0.5,96.8,0.1248136603875864,921,368,1.0,1.5,10.0
0.09,False,0.75,171.5,0.1248136603875864,921,368,1.0,1.5,10.0
0.09,True,0.25,55.699999999999996,0.8751863396124137,6458,368,1.0,1.5,10.0
0.09,True,0.5,97.4,0.8751863396124137,6458,368,1.0,1.5,10.0
0.09,True,0.75,167.47500000000002,0.8751863396124137,6458,368,1.0,1.5,10.0
0.12,False,0.25,46.0,0.07095435684647303,513,368,1.0,1.5,10.0
0.12,False,0.5,78.1,0.07095435684647303,513,368,1.0,1.5,10.0
0.12,False,0.75,126.5,0.07095435684647303,513,368,1.0,1.5,10.0
0.12,True,0.25,51.099999999999994,0.929045643153527,6717,368,1.0,1.5,10.0
0.12,True,0.5,86.1,0.929045643153527,6717,368,1.0,1.5,10.0
0.12,True,0.75,143.4,0.929045643153527,6717,368,1.0,1.5,10.0
0.15,False,0.25,42.400000000000006,0.039863013698630136,291,368,1.0,1.5,10.0
0.15,False,0.5,69.99999999999999,0.039863013698630136,291,368,1.0,1.5,10.0
0.15,False,0.75,111.64999999999998,0.039863013698630136,291,368,1.0,1.5,10.0
0.15,True,0.25,45.5,0.9601369863013699,7009,368,1.0,1.5,10.0
0.15,True,0.5,74.49999999999999,0.9601369863013699,7009,368,1.0,1.5,10.0
0.15,True,0.75,121.10000000000001,0.9601369863013699,7009,368,1.0,1.5,10.0
0.0,False,0.25,66.39999999999999,0.49107142857142855,1760,371,1.0,1.5,10.0
0.0,False,0.5,122.4,0.49107142857142855,1760,371,1.0,1.5,10.0
0.0,False,0.75,216.90000000000003,0.49107142857142855,1760,371,1.0,1.5,10.0
0.0,True,0.25,67.975,0.5089285714285714,1824,371,1.0,1.5,10.0
0.0,True,0.5,121.85,0.5089285714285714,1824,371,1.0,1.5,10.0
0.0,True,0.75,217.32500000000002,0.5089285714285714,1824,371,1.0,1.5,10.0
0.03,False,0.25,64.55,0.34328774769746023,2460,371,1.0,1.5,10.0
0.03,False,0.5,120.64999999999998,0.34328774769746023,2460,371,1.0,1.5,10.0
0.03,False,0.75,208.07500000000005,0.34328774769746023,2460,371,1.0,1.5,10.0
0.03,True,0.25,66.625,0.6567122523025398,4706,371,1.0,1.5,10.0
0.03,True,0.5,123.60000000000001,0.6567122523025398,4706,371,1.0,1.5,10.0
0.03,True,0.75,212.10000000000005,0.6567122523025398,4706,371,1.0,1.5,10.0
0.06,False,0.25,62.000000000000014,0.2053109713487072,1469,371,1.0,1.5,10.0
0.06,False,0.5,106.39999999999998,0.2053109713487072,1469,371,1.0,1.5,10.0
0.06,False,0.75,186.2,0.2053109713487072,1469,371,1.0,1.5,10.0
0.06,True,0.25,61.1,0.7946890286512928,5686,371,1.0,1.5,10.0
0.06,True,0.5,111.00000000000001,0.7946890286512928,5686,371,1.0,1.5,10.0
0.06,True,0.75,191.89999999999998,0.7946890286512928,5686,371,1.0,1.5,10.0
0.09,False,0.25,54.650000000000006,0.12215601300108342,902,371,1.0,1.5,10.0
0.09,False,0.5,95.9,0.12215601300108342,902,371,1.0,1.5,10.0
0.09,False,0.75,164.75,0.12215601300108342,902,371,1.0,1.5,10.0
0.09,True,0.25,56.3,0.8778439869989165,6482,371,1.0,1.5,10.0
0.09,True,0.5,97.6,0.8778439869989165,6482,371,1.0,1.5,10.0
0.09,True,0.75,163.775,0.8778439869989165,6482,371,1.0,1.5,10.0
0.12,False,0.25,46.1,0.0702627939142462,508,371,1.0,1.5,10.0
0.12,False,0.5,77.85,0.0702627939142462,508,371,1.0,1.5,10.0
0.12,False,0.75,126.85000000000001,0.0702627939142462,508,371,1.0,1.5,10.0
0.12,True,0.25,51.2,0.9297372060857538,6722,371,1.0,1.5,10.0
0.12,True,0.5,86.19999999999999,0.9297372060857538,6722,371,1.0,1.5,10.0
0.12,True,0.75,144.7,0.9297372060857538,6722,371,1.0,1.5,10.0
0.15,False,0.25,43.0,0.038493150684931504,281,371,1.0,1.5,10.0
0.15,False,0.5,67.8,0.038493150684931504,281,371,1.0,1.5,10.0
0.15,False,0.75,121.3,0.038493150684931504,281,371,1.0,1.5,10.0
0.15,True,0.25,45.7,0.9615068493150685,7019,371,1.0,1.5,10.0
0.15,True,0.5,74.30000000000001,0.9615068493150685,7019,371,1.0,1.5,10.0
0.15,True,0.75,119.15,0.9615068493150685,7019,371,1.0,1.5,10.0
0.0,False,0.25,66.1,0.5083658672615727,1823,380,1.0,1.5,10.0
0.0,False,0.5,120.8,0.5083658672615727,1823,380,1.0,1.5,10.0
0.0,False,0.75,215.55,0.5083658672615727,1823,380,1.0,1.5,10.0
0.0,True,0.25,62.150000000000006,0.4916341327384272,1763,380,1.0,1.5,10.0
0.0,True,0.5,120.8,0.4916341327384272,1763,380,1.0,1.5,10.0
0.0,True,0.75,213.3,0.4916341327384272,1763,380,1.0,1.5,10.0
0.03,False,0.25,66.39999999999999,0.34704154427192613,2481,380,1.0,1.5,10.0
0.03,False,0.5,120.3,0.34704154427192613,2481,380,1.0,1.5,10.0
0.03,False,0.75,210.00000000000003,0.34704154427192613,2481,380,1.0,1.5,10.0
0.03,True,0.25,64.5,0.6529584557280739,4668,380,1.0,1.5,10.0
0.03,True,0.5,118.84999999999998,0.6529584557280739,4668,380,1.0,1.5,10.0
0.03,True,0.75,212.425,0.6529584557280739,4668,380,1.0,1.5,10.0
0.06,False,0.25,56.925,0.21466554715924993,1534,380,1.0,1.5,10.0
0.06,False,0.5,103.54999999999998,0.21466554715924993,1534,380,1.0,1.5,10.0
0.06,False,0.75,190.925,0.21466554715924993,1534,380,1.0,1.5,10.0
0.06,True,0.25,60.9,0.7853344528407501,5612,380,1.0,1.5,10.0
0.06,True,0.5,110.84999999999998,0.7853344528407501,5612,380,1.0,1.5,10.0
0.06,True,0.75,191.775,0.7853344528407501,5612,380,1.0,1.5,10.0
0.09,False,0.25,52.64999999999999,0.1322134922785153,976,380,1.0,1.5,10.0
0.09,False,0.5,93.0,0.1322134922785153,976,380,1.0,1.5,10.0
0.09,False,0.75,164.97499999999997,0.1322134922785153,976,380,1.0,1.5,10.0
0.09,True,0.25,55.400000000000006,0.8677865077214847,6406,380,1.0,1.5,10.0
0.09,True,0.5,95.75,0.8677865077214847,6406,380,1.0,1.5,10.0
0.09,True,0.75,166.60000000000002,0.8677865077214847,6406,380,1.0,1.5,10.0
0.12,False,0.25,43.8,0.0676629306766293,489,380,1.0,1.5,10.0
0.12,False,0.5,75.10000000000001,0.0676629306766293,489,380,1.0,1.5,10.0
0.12,False,0.75,128.99999999999997,0.0676629306766293,489,380,1.0,1.5,10.0
0.12,True,0.25,50.69999999999999,0.9323370693233707,6738,380,1.0,1.5,10.0
0.12,True,0.5,85.75,0.9323370693233707,6738,380,1.0,1.5,10.0
0.12,True,0.75,142.8,0.9323370693233707,6738,380,1.0,1.5,10.0
0.15,False,0.25,42.599999999999994,0.04315068493150685,315,380,1.0,1.5,10.0
0.15,False,0.5,67.8,0.04315068493150685,315,380,1.0,1.5,10.0
0.15,False,0.75,109.64999999999998,0.04315068493150685,315,380,1.0,1.5,10.0
0.15,True,0.25,46.2,0.9568493150684931,6985,380,1.0,1.5,10.0
0.15,True,0.5,74.49999999999999,0.9568493150684931,6985,380,1.0,1.5,10.0
0.15,True,0.75,120.59999999999997,0.9568493150684931,6985,380,1.0,1.5,10.0
0.0,False,0.25,71.15,0.5055834729201564,1811,394,1.0,1.5,10.0
0.0,False,0.5,129.9,0.5055834729201564,1811,394,1.0,1.5,10.0
0.0,False,0.75,223.75000000000003,0.5055834729201564,1811,394,1.0,1.5,10.0
0.0,True,0.25,67.44999999999999,0.4944165270798437,1771,394,1.0,1.5,10.0
0.0,True,0.5,125.2,0.4944165270798437,1771,394,1.0,1.5,10.0
0.0,True,0.75,218.3,0.4944165270798437,1771,394,1.0,1.5,10.0
0.03,False,0.25,62.20000000000001,0.3414497621046739,2440,394,1.0,1.5,10.0
0.03,False,0.5,114.85000000000001,0.3414497621046739,2440,394,1.0,1.5,10.0
0.03,False,0.75,216.35000000000002,0.3414497621046739,2440,394,1.0,1.5,10.0
0.03,True,0.25,64.925,0.6585502378953261,4706,394,1.0,1.5,10.0
0.03,True,0.5,118.55,0.6585502378953261,4706,394,1.0,1.5,10.0
0.03,True,0.75,210.8,0.6585502378953261,4706,394,1.0,1.5,10.0
0.06,False,0.25,58.90000000000001,0.21005461419969193,1500,394,1.0,1.5,10.0
0.06,False,0.5,106.0,0.21005461419969193,1500,394,1.0,1.5,10.0
0.06,False,0.75,187.775,0.21005461419969193,1500,394,1.0,1.5,10.0
0.06,True,0.25,61.3,0.789945385800308,5641,394,1.0,1.5,10.0
0.06,True,0.5,112.3,0.789945385800308,5641,394,1.0,1.5,10.0
0.06,True,0.75,193.8,0.789945385800308,5641,394,1.0,1.5,10.0
0.09,False,0.25,55.150000000000006,0.12606635071090047,931,394,1.0,1.5,10.0
0.09,False,0.5,93.30000000000001,0.12606635071090047,931,394,1.0,1.5,10.0
0.09,False,0.75,161.54999999999998,0.12606635071090047,931,394,1.0,1.5,10.0
0.09,True,0.25,57.49999999999999,0.8739336492890996,6454,394,1.0,1.5,10.0
0.09,True,0.5,99.30000000000001,0.8739336492890996,6454,394,1.0,1.5,10.0
0.09,True,0.75,172.575,0.8739336492890996,6454,394,1.0,1.5,10.0
0.12,False,0.25,47.275,0.07302904564315353,528,394,1.0,1.5,10.0
0.12,False,0.5,81.75,0.07302904564315353,528,394,1.0,1.5,10.0
0.12,False,0.75,141.02499999999998,0.07302904564315353,528,394,1.0,1.5,10.0
0.12,True,0.25,51.8,0.9269709543568465,6702,394,1.0,1.5,10.0
0.12,True,0.5,84.7,0.9269709543568465,6702,394,1.0,1.5,10.0
0.12,True,0.75,141.79999999999998,0.9269709543568465,6702,394,1.0,1.5,10.0
0.15,False,0.25,40.2,0.03821917808219178,279,394,1.0,1.5,10.0
0.15,False,0.5,70.09999999999998,0.03821917808219178,279,394,1.0,1.5,10.0
0.15,False,0.75,119.55,0.03821917808219178,279,394,1.0,1.5,10.0
0.15,True,0.25,45.2,0.9617808219178082,7021,394,1.0,1.5,10.0
0.15,True,0.5,74.2,0.9617808219178082,7021,394,1.0,1.5,10.0
0.15,True,0.75,122.30000000000001,0.9617808219178082,7021,394,1.0,1.5,10.0
0.0,False,0.25,67.70000000000002,0.5012524352908433,1801,395,1.0,1.5,10.0
0.0,False,0.5,122.99999999999997,0.5012524352908433,1801,395,1.0,1.5,10.0
0.0,False,0.75,218.90000000000003,0.5012524352908433,1801,395,1.0,1.5,10.0
0.0,True,0.25,66.27499999999999,0.4987475647091567,1792,395,1.0,1.5,10.0
0.0,True,0.5,121.25,0.4987475647091567,1792,395,1.0,1.5,10.0
0.0,True,0.75,218.72500000000002,0.4987475647091567,1792,395,1.0,1.5,10.0
0.03,False,0.25,64.19999999999999,0.33738814317673377,2413,395,1.0,1.5,10.0
0.03,False,0.5,121.3,0.33738814317673377,2413,395,1.0,1.5,10.0
0.03,False,0.75,210.10000000000002,0.33738814317673377,2413,395,1.0,1.5,10.0
0.03,True,0.25,65.05,0.6626118568232662,4739,395,1.0,1.5,10.0
0.03,True,0.5,121.79999999999998,0.6626118568232662,4739,395,1.0,1.5,10.0
0.03,True,0.75,213.85000000000002,0.6626118568232662,4739,395,1.0,1.5,10.0
0.06,False,0.25,57.925,0.2111888111888112,1510,395,1.0,1.5,10.0
0.06,False,0.5,106.94999999999999,0.2111888111888112,1510,395,1.0,1.5,10.0
0.06,False,0.75,187.175,0.2111888111888112,1510,395,1.0,1.5,10.0
0.06,True,0.25,61.575,0.7888111888111888,5640,395,1.0,1.5,10.0
0.06,True,0.5,109.69999999999997,0.7888111888111888,5640,395,1.0,1.5,10.0
0.06,True,0.75,191.49999999999997,0.7888111888111888,5640,395,1.0,1.5,10.0
0.09,False,0.25,50.899999999999984,0.12486457204767064,922,395,1.0,1.5,10.0
0.09,False,0.5,91.29999999999998,0.12486457204767064,922,395,1.0,1.5,10.0
0.09,False,0.75,161.825,0.12486457204767064,922,395,1.0,1.5,10.0
0.09,True,0.25,56.22500000000001,0.8751354279523293,6462,395,1.0,1.5,10.0
0.09,True,0.5,96.95000000000002,0.8751354279523293,6462,395,1.0,1.5,10.0
0.09,True,0.75,166.275,0.8751354279523293,6462,395,1.0,1.5,10.0
0.12,False,0.25,46.575,0.07525245538802047,544,395,1.0,1.5,10.0
0.12,False,0.5,80.1,0.07525245538802047,544,395,1.0,1.5,10.0
0.12,False,0.75,133.52499999999998,0.07525245538802047,544,395,1.0,1.5,10.0
0.12,True,0.25,51.49999999999999,0.9247475446119795,6685,395,1.0,1.5,10.0
0.12,True,0.5,86.1,0.9247475446119795,6685,395,1.0,1.5,10.0
0.12,True,0.75,145.4,0.9247475446119795,6685,395,1.0,1.5,10.0
0.15,False,0.25,42.3,0.038493150684931504,281,395,1.0,1.5,10.0
0.15,False,0.5,68.99999999999999,0.038493150684931504,281,395,1.0,1.5,10.0
0.15,False,0.75,116.3,0.038493150684931504,281,395,1.0,1.5,10.0
0.15,True,0.25,44.5,0.9615068493150685,7019,395,1.0,1.5,10.0
0.15,True,0.5,72.49999999999999,0.9615068493150685,7019,395,1.0,1.5,10.0
0.15,True,0.75,119.40000000000002,0.9615068493150685,7019,395,1.0,1.5,10.0
0.0,False,0.25,66.125,0.4993034271384787,1792,397,1.0,1.5,10.0
0.0,False,0.5,123.6,0.4993034271384787,1792,397,1.0,1.5,10.0
0.0,False,0.75,219.27500000000003,0.4993034271384787,1792,397,1.0,1.5,10.0
0.0,True,0.25,65.9,0.5006965728615214,1797,397,1.0,1.5,10.0
0.0,True,0.5,123.79999999999998,0.5006965728615214,1797,397,1.0,1.5,10.0
0.0,True,0.75,223.70000000000002,0.5006965728615214,1797,397,1.0,1.5,10.0
0.03,False,0.25,65.3,0.34721251921196034,2485,397,1.0,1.5,10.0
0.03,False,0.5,120.8,0.34721251921196034,2485,397,1.0,1.5,10.0
0.03,False,0.75,215.80000000000004,0.34721251921196034,2485,397,1.0,1.5,10.0
0.03,True,0.25,65.5,0.6527874807880397,4672,397,1.0,1.5,10.0
0.03,True,0.5,116.79999999999998,0.6527874807880397,4672,397,1.0,1.5,10.0
0.03,True,0.75,206.3,0.6527874807880397,4672,397,1.0,1.5,10.0
0.06,False,0.25,61.40000000000001,0.219348525094366,1569,397,1.0,1.5,10.0
0.06,False,0.5,110.89999999999998,0.219348525094366,1569,397,1.0,1.5,10.0
0.06,False,0.75,188.1,0.219348525094366,1569,397,1.0,1.5,10.0
0.06,True,0.25,60.5,0.780651474905634,5584,397,1.0,1.5,10.0
0.06,True,0.5,108.04999999999998,0.780651474905634,5584,397,1.0,1.5,10.0
0.06,True,0.75,190.925,0.780651474905634,5584,397,1.0,1.5,10.0
0.09,False,0.25,52.49999999999999,0.12637139374238116,933,397,1.0,1.5,10.0
0.09,False,0.5,96.5,0.12637139374238116,933,397,1.0,1.5,10.0
0.09,False,0.75,161.2,0.12637139374238116,933,397,1.0,1.5,10.0
0.09,True,0.25,54.49999999999999,0.8736286062576188,6450,397,1.0,1.5,10.0
0.09,True,0.5,97.19999999999999,0.8736286062576188,6450,397,1.0,1.5,10.0
0.09,True,0.75,167.40000000000003,0.8736286062576188,6450,397,1.0,1.5,10.0
0.12,False,0.25,47.45,0.07179416240143865,519,397,1.0,1.5,10.0
0.12,False,0.5,87.0,0.07179416240143865,519,397,1.0,1.5,10.0
0.12,False,0.75,149.4,0.07179416240143865,519,397,1.0,1.5,10.0
0.12,True,0.25,50.0,0.9282058375985613,6710,397,1.0,1.5,10.0
0.12,True,0.5,84.1,0.9282058375985613,6710,397,1.0,1.5,10.0
0.12,True,0.75,140.29999999999998,0.9282058375985613,6710,397,1.0,1.5,10.0
0.15,False,0.25,40.8,0.03904109589041096,285,397,1.0,1.5,10.0
0.15,False,0.5,64.7,0.03904109589041096,285,397,1.0,1.5,10.0
0.15,False,0.75,118.79999999999998,0.03904109589041096,285,397,1.0,1.5,10.0
0.15,True,0.25,46.1,0.9609589041095891,7015,397,1.0,1.5,10.0
0.15,True,0.5,74.09999999999998,0.9609589041095891,7015,397,1.0,1.5,10.0
0.15,True,0.75,122.14999999999998,0.9609589041095891,7015,397,1.0,1.5,10.0
