acoh,is_correct,quantile,rt,proportion,n,draw,gain,bound,k
0.0,False,0.25,177.0,0.5007278020378457,1032,-1,1.0,2.94,10.0
0.0,False,0.5,317.5,0.5007278020378457,1032,-1,1.0,2.94,10.0
0.0,False,0.75,478.5,0.5007278020378457,1032,-1,1.0,2.94,10.0
0.0,True,0.25,191.0,0.4992721979621543,1029,-1,1.0,2.94,10.0
0.0,True,0.5,313.0,0.4992721979621543,1029,-1,1.0,2.94,10.0
0.0,True,0.75,474.0,0.4992721979621543,1029,-1,1.0,2.94,10.0
0.03,False,0.25,183.0,0.24189867640346874,1060,-1,1.0,2.94,10.0
0.03,False,0.5,308.0,0.24189867640346874,1060,-1,1.0,2.94,10.0
0.03,False,0.75,472.25,0.24189867640346874,1060,-1,1.0,2.94,10.0
0.03,True,0.25,181.0,0.7581013235965313,3322,-1,1.0,2.94,10.0
0.03,True,0.5,302.5,0.7581013235965313,3322,-1,1.0,2.94,10.0
0.03,True,0.75,461.0,0.7581013235965313,3322,-1,1.0,2.94,10.0
0.06,False,0.25,160.0,0.09929519071310117,479,-1,1.0,2.94,10.0
0.06,False,0.5,272.0,0.09929519071310117,479,-1,1.0,2.94,10.0
0.06,False,0.75,427.5,0.09929519071310117,479,-1,1.0,2.94,10.0
0.06,True,0.25,172.0,0.9007048092868989,4345,-1,1.0,2.94,10.0
0.06,True,0.5,278.0,0.9007048092868989,4345,-1,1.0,2.94,10.0
0.06,True,0.75,437.0,0.9007048092868989,4345,-1,1.0,2.94,10.0
0.09,False,0.25,153.0,0.0329854640327991,177,-1,1.0,2.94,10.0
0.09,False,0.5,239.0,0.0329854640327991,177,-1,1.0,2.94,10.0
0.09,False,0.75,358.0,0.0329854640327991,177,-1,1.0,2.94,10.0
0.09,True,0.25,148.0,0.9670145359672009,5189,-1,1.0,2.94,10.0
0.09,True,0.5,232.0,0.9670145359672009,5189,-1,1.0,2.94,10.0
0.09,True,0.75,367.0,0.9670145359672009,5189,-1,1.0,2.94,10.0
0.12,False,0.25,132.5,0.011427534917467803,63,-1,1.0,2.94,10.0
0.12,False,0.5,182.0,0.011427534917467803,63,-1,1.0,2.94,10.0
0.12,False,0.75,266.5,0.011427534917467803,63,-1,1.0,2.94,10.0
0.12,True,0.25,129.0,0.9885724650825322,5450,-1,1.0,2.94,10.0
0.12,True,0.5,200.0,0.9885724650825322,5450,-1,1.0,2.94,10.0
0.12,True,0.75,315.0,0.9885724650825322,5450,-1,1.0,2.94,10.0
0.15,False,0.25,98.5,0.004028726572079173,23,-1,1.0,2.94,10.0
0.15,False,0.5,162.0,0.004028726572079173,23,-1,1.0,2.94,10.0
0.15,False,0.75,274.5,0.004028726572079173,23,-1,1.0,2.94,10.0
0.15,True,0.25,110.0,0.9959712734279208,5686,-1,1.0,2.94,10.0
0.15,True,0.5,167.0,0.9959712734279208,5686,-1,1.0,2.94,10.0
0.15,True,0.75,253.0,0.9959712734279208,5686,-1,1.0,2.94,10.0
0.0,False,0.25,159.34999999999997,0.5308641975308642,903,1,1.0,2.94,10.0
0.0,False,0.5,260.8,0.5308641975308642,903,1,1.0,2.94,10.0
0.0,False,0.75,434.15,0.5308641975308642,903,1,1.0,2.94,10.0
0.0,True,0.25,169.09999999999997,0.4691358024691358,798,1,1.0,2.94,10.0
0.0,True,0.5,290.45000000000005,0.4691358024691358,798,1,1.0,2.94,10.0
0.0,True,0.75,454.375,0.4691358024691358,798,1,1.0,2.94,10.0
0.03,False,0.25,157.2,0.27789473684210525,1056,1,1.0,2.94,10.0
0.03,False,0.5,265.65000000000003,0.27789473684210525,1056,1,1.0,2.94,10.0
0.03,False,0.75,430.475,0.27789473684210525,1056,1,1.0,2.94,10.0
0.03,True,0.25,166.775,0.7221052631578947,2744,1,1.0,2.94,10.0
0.03,True,0.5,273.54999999999995,0.7221052631578947,2744,1,1.0,2.94,10.0
0.03,True,0.75,445.42499999999995,0.7221052631578947,2744,1,1.0,2.94,10.0
0.06,False,0.25,143.4,0.13571910871033085,603,1,1.0,2.94,10.0
0.06,False,0.5,238.10000000000002,0.13571910871033085,603,1,1.0,2.94,10.0
0.06,False,0.75,391.80000000000007,0.13571910871033085,603,1,1.0,2.94,10.0
0.06,True,0.25,152.79999999999998,0.8642808912896691,3840,1,1.0,2.94,10.0
0.06,True,0.5,248.25,0.8642808912896691,3840,1,1.0,2.94,10.0
0.06,True,0.75,392.475,0.8642808912896691,3840,1,1.0,2.94,10.0
0.09,False,0.25,121.87499999999999,0.05806575658527206,302,1,1.0,2.94,10.0
0.09,False,0.5,191.3,0.05806575658527206,302,1,1.0,2.94,10.0
0.09,False,0.75,326.175,0.05806575658527206,302,1,1.0,2.94,10.0
0.09,True,0.25,133.3,0.941934243414728,4899,1,1.0,2.94,10.0
0.09,True,0.5,212.4,0.941934243414728,4899,1,1.0,2.94,10.0
0.09,True,0.75,335.1,0.941934243414728,4899,1,1.0,2.94,10.0
0.12,False,0.25,113.99999999999999,0.023691460055096418,129,1,1.0,2.94,10.0
0.12,False,0.5,172.8,0.023691460055096418,129,1,1.0,2.94,10.0
0.12,False,0.75,268.1,0.023691460055096418,129,1,1.0,2.94,10.0
0.12,True,0.25,119.17500000000001,0.9763085399449036,5316,1,1.0,2.94,10.0
0.12,True,0.5,179.79999999999998,0.9763085399449036,5316,1,1.0,2.94,10.0
0.12,True,0.75,281.625,0.9763085399449036,5316,1,1.0,2.94,10.0
0.15,False,0.25,108.35,0.01035814606741573,59,1,1.0,2.94,10.0
0.15,False,0.5,162.2,0.01035814606741573,59,1,1.0,2.94,10.0
0.15,False,0.75,252.20000000000005,0.01035814606741573,59,1,1.0,2.94,10.0
0.15,True,0.25,106.5,0.9896418539325843,5637,1,1.0,2.94,10.0
0.15,True,0.5,156.60000000000002,0.9896418539325843,5637,1,1.0,2.94,10.0
0.15,True,0.75,236.30000000000004,0.9896418539325843,5637,1,1.0,2.94,10.0
0.0,False,0.25,170.12499999999997,0.4898902368573079,848,4,1.0,2.94,10.0
0.0,False,0.5,282.95000000000005,0.4898902368573079,848,4,1.0,2.94,10.0
0.0,False,0.75,458.25000000000006,0.4898902368573079,848,4,1.0,2.94,10.0
0.0,True,0.25,159.89999999999998,0.5101097631426921,883,4,1.0,2.94,10.0
0.0,True,0.5,269.0,0.5101097631426921,883,4,1.0,2.94,10.0
0.0,True,0.75,444.05000000000007,0.5101097631426921,883,4,1.0,2.94,10.0
0.03,False,0.25,160.29999999999998,0.2936528838556755,1115,4,1.0,2.94,10.0
0.03,False,0.5,259.50000000000006,0.2936528838556755,1115,4,1.0,2.94,10.0
0.03,False,0.75,432.00000000000006,0.2936528838556755,1115,4,1.0,2.94,10.0
0.03,True,0.25,167.425,0.7063471161443244,2682,4,1.0,2.94,10.0
0.03,True,0.5,283.25,0.7063471161443244,2682,4,1.0,2.94,10.0
0.03,True,0.75,429.225,0.7063471161443244,2682,4,1.0,2.94,10.0
0.06,False,0.25,134.45,0.131543321299639,583,4,1.0,2.94,10.0
0.06,False,0.5,233.70000000000007,0.131543321299639,583,4,1.0,2.94,10.0
0.06,False,0.75,368.4,0.131543321299639,583,4,1.0,2.94,10.0
0.06,True,0.25,149.2,0.868456678700361,3849,4,1.0,2.94,10.0
0.06,True,0.5,246.10000000000005,0.868456678700361,3849,4,1.0,2.94,10.0
0.06,True,0.75,395.6000000000001,0.868456678700361,3849,4,1.0,2.94,10.0
0.09,False,0.25,131.15,0.05823370613189356,302,4,1.0,2.94,10.0
0.09,False,0.5,208.75,0.05823370613189356,302,4,1.0,2.94,10.0
0.09,False,0.75,322.925,0.05823370613189356,302,4,1.0,2.94,10.0
0.09,True,0.25,135.64999999999998,0.9417662938681064,4884,4,1.0,2.94,10.0
0.09,True,0.5,216.10000000000005,0.9417662938681064,4884,4,1.0,2.94,10.0
0.09,True,0.75,340.32500000000005,0.9417662938681064,4884,4,1.0,2.94,10.0
0.12,False,0.25,110.55000000000001,0.023251556206517757,127,4,1.0,2.94,10.0
0.12,False,0.5,166.70000000000002,0.023251556206517757,127,4,1.0,2.94,10.0
0.12,False,0.75,253.95,0.023251556206517757,127,4,1.0,2.94,10.0
0.12,True,0.25,120.0,0.9767484437934822,5335,4,1.0,2.94,10.0
0.12,True,0.5,185.79999999999998,0.9767484437934822,5335,4,1.0,2.94,10.0
0.12,True,0.75,285.25,0.9767484437934822,5335,4,1.0,2.94,10.0
0.15,False,0.25,103.79999999999998,0.013162513162513163,75,4,1.0,2.94,10.0
0.15,False,0.5,144.9,0.013162513162513163,75,4,1.0,2.94,10.0
0.15,False,0.75,247.60000000000002,0.013162513162513163,75,4,1.0,2.94,10.0
0.15,True,0.25,107.89999999999999,0.9868374868374868,5623,4,1.0,2.94,10.0
0.15,True,0.5,159.2,0.9868374868374868,5623,4,1.0,2.94,10.0
0.15,True,0.75,237.3,0.9868374868374868,5623,4,1.0,2.94,10.0
0.0,False,0.25,167.75,0.4837587006960557,834,8,1.0,2.94,10.0
0.0,False,0.5,282.8,0.4837587006960557,834,8,1.0,2.94,10.0
0.0,False,0.75,449.25,0.4837587006960557,834,8,1.0,2.94,10.0
0.0,True,0.25,166.04999999999998,0.5162412993039444,890,8,1.0,2.94,10.0
0.0,True,0.5,272.70000000000005,0.5162412993039444,890,8,1.0,2.94,10.0
0.0,True,0.75,450.65,0.5162412993039444,890,8,1.0,2.94,10.0
0.03,False,0.25,168.6,0.2791370691923178,1061,8,1.0,2.94,10.0
0.03,False,0.5,283.70000000000005,0.2791370691923178,1061,8,1.0,2.94,10.0
0.03,False,0.75,428.8,0.2791370691923178,1061,8,1.0,2.94,10.0
0.03,True,0.25,161.125,0.7208629308076822,2740,8,1.0,2.94,10.0
0.03,True,0.5,281.55000000000007,0.7208629308076822,2740,8,1.0,2.94,10.0
0.03,True,0.75,440.5,0.7208629308076822,2740,8,1.0,2.94,10.0
0.06,False,0.25,146.92499999999998,0.1279890685493054,562,8,1.0,2.94,10.0
0.06,False,0.5,228.35,0.1279890685493054,562,8,1.0,2.94,10.0
0.06,False,0.75,382.65,0.1279890685493054,562,8,1.0,2.94,10.0
0.06,True,0.25,150.60000000000002,0.8720109314506946,3829,8,1.0,2.94,10.0
0.06,True,0.5,248.89999999999998,0.8720109314506946,3829,8,1.0,2.94,10.0
0.06,True,0.75,400.3,0.8720109314506946,3829,8,1.0,2.94,10.0
0.09,False,0.25,120.67499999999998,0.061883581512280024,320,8,1.0,2.94,10.0
0.09,False,0.5,194.85000000000002,0.061883581512280024,320,8,1.0,2.94,10.0
0.09,False,0.75,334.34999999999997,0.061883581512280024,320,8,1.0,2.94,10.0
0.09,True,0.25,136.5,0.93811641848772,4851,8,1.0,2.94,10.0
0.09,True,0.5,215.50000000000003,0.93811641848772,4851,8,1.0,2.94,10.0
0.09,True,0.75,339.80000000000007,0.93811641848772,4851,8,1.0,2.94,10.0
0.12,False,0.25,116.57499999999999,0.022352510076951264,122,8,1.0,2.94,10.0
0.12,False,0.5,171.35000000000002,0.022352510076951264,122,8,1.0,2.94,10.0
0.12,False,0.75,269.95000000000005,0.022352510076951264,122,8,1.0,2.94,10.0
0.12,True,0.25,116.3,0.9776474899230487,5336,8,1.0,2.94,10.0
0.12,True,0.5,178.25,0.9776474899230487,5336,8,1.0,2.94,10.0
0.12,True,0.75,278.0,0.9776474899230487,5336,8,1.0,2.94,10.0
0.15,False,0.25,117.2,0.012822764798875813,73,8,1.0,2.94,10.0
0.15,False,0.5,159.70000000000002,0.012822764798875813,73,8,1.0,2.94,10.0
0.15,False,0.75,243.20000000000002,0.012822764798875813,73,8,1.0,2.94,10.0
0.15,True,0.25,105.99999999999999,0.9871772352011242,5620,8,1.0,2.94,10.0
0.15,True,0.5,157.4,0.9871772352011242,5620,8,1.0,2.94,10.0
0.15,True,0.75,237.02500000000003,0.9871772352011242,5620,8,1.0,2.94,10.0
0.0,False,0.25,165.875,0.5108077360637088,898,26,1.0,2.94,10.0
0.0,False,0.5,278.15000000000003,0.5108077360637088,898,26,1.0,2.94,10.0
0.0,False,0.75,446.40000000000003,0.5108077360637088,898,26,1.0,2.94,10.0
0.0,True,0.25,170.69999999999996,0.4891922639362912,860,26,1.0,2.94,10.0
0.0,True,0.5,291.5,0.4891922639362912,860,26,1.0,2.94,10.0
0.0,True,0.75,447.025,0.4891922639362912,860,26,1.0,2.94,10.0
0.03,False,0.25,166.02499999999998,0.2826836382922302,1066,26,1.0,2.94,10.0
0.03,False,0.5,268.54999999999995,0.2826836382922302,1066,26,1.0,2.94,10.0
0.03,False,0.75,432.54999999999995,0.2826836382922302,1066,26,1.0,2.94,10.0
0.03,True,0.25,161.70000000000002,0.7173163617077698,2705,26,1.0,2.94,10.0
0.03,True,0.5,271.0,0.7173163617077698,2705,26,1.0,2.94,10.0
0.03,True,0.75,436.3,0.7173163617077698,2705,26,1.0,2.94,10.0
0.06,False,0.25,144.2,0.13262778653456428,589,26,1.0,2.94,10.0
0.06,False,0.5,222.10000000000002,0.13262778653456428,589,26,1.0,2.94,10.0
0.06,False,0.75,379.4000000000001,0.13262778653456428,589,26,1.0,2.94,10.0
0.06,True,0.25,153.675,0.8673722134654357,3852,26,1.0,2.94,10.0
0.06,True,0.5,248.90000000000003,0.8673722134654357,3852,26,1.0,2.94,10.0
0.06,True,0.75,399.85,0.8673722134654357,3852,26,1.0,2.94,10.0
0.09,False,0.25,148.1,0.0670908039329092,348,26,1.0,2.94,10.0
0.09,False,0.5,246.55,0.0670908039329092,348,26,1.0,2.94,10.0
0.09,False,0.75,362.75,0.0670908039329092,348,26,1.0,2.94,10.0
0.09,True,0.25,135.64999999999998,0.9329091960670908,4839,26,1.0,2.94,10.0
0.09,True,0.5,216.3,0.9329091960670908,4839,26,1.0,2.94,10.0
0.09,True,0.75,337.1,0.9329091960670908,4839,26,1.0,2.94,10.0
0.12,False,0.25,103.8,0.026590867412433522,145,26,1.0,2.94,10.0
0.12,False,0.5,139.6,0.026590867412433522,145,26,1.0,2.94,10.0
0.12,False,0.75,221.20000000000007,0.026590867412433522,145,26,1.0,2.94,10.0
0.12,True,0.25,119.79999999999998,0.9734091325875665,5308,26,1.0,2.94,10.0
0.12,True,0.5,183.35000000000002,0.9734091325875665,5308,26,1.0,2.94,10.0
0.12,True,0.75,279.475,0.9734091325875665,5308,26,1.0,2.94,10.0
0.15,False,0.25,92.85,0.008070175438596491,46,26,1.0,2.94,10.0
0.15,False,0.5,125.64999999999998,0.008070175438596491,46,26,1.0,2.94,10.0
0.15,False,0.75,194.775,0.008070175438596491,46,26,1.0,2.94,10.0
0.15,True,0.25,107.3,0.9919298245614036,5654,26,1.0,2.94,10.0
0.15,True,0.5,158.34999999999997,0.9919298245614036,5654,26,1.0,2.94,10.0
0.15,True,0.75,233.87500000000006,0.9919298245614036,5654,26,1.0,2.94,10.0
0.0,False,0.25,167.3,0.5315420560747663,910,33,1.0,2.94,10.0
0.0,False,0.5,285.0,0.5315420560747663,910,33,1.0,2.94,10.0
0.0,False,0.75,448.875,0.5315420560747663,910,33,1.0,2.94,10.0
0.0,True,0.25,156.425,0.46845794392523366,802,33,1.0,2.94,10.0
0.0,True,0.5,271.4,0.46845794392523366,802,33,1.0,2.94,10.0
0.0,True,0.75,440.975,0.46845794392523366,802,33,1.0,2.94,10.0
0.03,False,0.25,159.75,0.280106100795756,1056,33,1.0,2.94,10.0
0.03,False,0.5,267.25,0.280106100795756,1056,33,1.0,2.94,10.0
0.03,False,0.75,425.4,0.280106100795756,1056,33,1.0,2.94,10.0
0.03,True,0.25,166.02499999999998,0.7198938992042441,2714,33,1.0,2.94,10.0
0.03,True,0.5,279.6,0.7198938992042441,2714,33,1.0,2.94,10.0
0.03,True,0.75,442.55,0.7198938992042441,2714,33,1.0,2.94,10.0
0.06,False,0.25,131.5,0.12653618570778333,556,33,1.0,2.94,10.0
0.06,False,0.5,230.85,0.12653618570778333,556,33,1.0,2.94,10.0
0.06,False,0.75,387.37500000000006,0.12653618570778333,556,33,1.0,2.94,10.0
0.06,True,0.25,154.425,0.8734638142922166,3838,33,1.0,2.94,10.0
0.06,True,0.5,255.05,0.8734638142922166,3838,33,1.0,2.94,10.0
0.06,True,0.75,401.40000000000003,0.8734638142922166,3838,33,1.0,2.94,10.0
0.09,False,0.25,122.6,0.05807200929152149,300,33,1.0,2.94,10.0
0.09,False,0.5,204.70000000000005,0.05807200929152149,300,33,1.0,2.94,10.0
0.09,False,0.75,334.67500000000007,0.05807200929152149,300,33,1.0,2.94,10.0
0.09,True,0.25,140.55,0.9419279907084785,4866,33,1.0,2.94,10.0
0.09,True,0.5,218.35,0.9419279907084785,4866,33,1.0,2.94,10.0
0.09,True,0.75,345.975,0.9419279907084785,4866,33,1.0,2.94,10.0
0.12,False,0.25,118.625,0.0253723110865968,138,33,1.0,2.94,10.0
0.12,False,0.5,175.75,0.0253723110865968,138,33,1.0,2.94,10.0
0.12,False,0.75,249.64999999999998,0.0253723110865968,138,33,1.0,2.94,10.0
0.12,True,0.25,118.0,0.9746276889134032,5301,33,1.0,2.94,10.0
0.12,True,0.5,183.7,0.9746276889134032,5301,33,1.0,2.94,10.0
0.12,True,0.75,288.0,0.9746276889134032,5301,33,1.0,2.94,10.0
0.15,False,0.25,96.94999999999999,0.009154929577464789,52,33,1.0,2.94,10.0
0.15,False,0.5,167.75,0.009154929577464789,52,33,1.0,2.94,10.0
0.15,False,0.75,210.95,0.009154929577464789,52,33,1.0,2.94,10.0
0.15,True,0.25,108.10000000000001,0.9908450704225352,5628,33,1.0,2.94,10.0
0.15,True,0.5,157.95,0.9908450704225352,5628,33,1.0,2.94,10.0
0.15,True,0.75,239.80000000000007,0.9908450704225352,5628,33,1.0,2.94,10.0
0.0,False,0.25,165.39999999999998,0.48458406050029085,833,41,1.0,2.94,10.0
0.0,False,0.5,267.90000000000003,0.48458406050029085,833,41,1.0,2.94,10.0
0.0,False,0.75,448.9,0.48458406050029085,833,41,1.0,2.94,10.0
0.0,True,0.25,178.375,0.5154159394997091,886,41,1.0,2.94,10.0
0.0,True,0.5,288.5,0.5154159394997091,886,41,1.0,2.94,10.0
0.0,True,0.75,465.35,0.5154159394997091,886,41,1.0,2.94,10.0
0.03,False,0.25,166.04999999999998,0.2793193717277487,1067,41,1.0,2.94,10.0
0.03,False,0.5,272.6,0.2793193717277487,1067,41,1.0,2.94,10.0
0.03,False,0.75,436.4,0.2793193717277487,1067,41,1.0,2.94,10.0
0.03,True,0.25,166.1,0.7206806282722513,2753,41,1.0,2.94,10.0
0.03,True,0.5,278.30000000000007,0.7206806282722513,2753,41,1.0,2.94,10.0
0.03,True,0.75,438.3,0.7206806282722513,2753,41,1.0,2.94,10.0
0.06,False,0.25,147.35,0.13265536723163843,587,41,1.0,2.94,10.0
0.06,False,0.5,245.3,0.13265536723163843,587,41,1.0,2.94,10.0
0.06,False,0.75,399.40000000000003,0.13265536723163843,587,41,1.0,2.94,10.0
0.06,True,0.25,150.825,0.8673446327683616,3838,41,1.0,2.94,10.0
0.06,True,0.5,253.65000000000003,0.8673446327683616,3838,41,1.0,2.94,10.0
0.06,True,0.75,407.225,0.8673446327683616,3838,41,1.0,2.94,10.0
0.09,False,0.25,123.77499999999999,0.055010578957491826,286,41,1.0,2.94,10.0
0.09,False,0.5,185.35,0.055010578957491826,286,41,1.0,2.94,10.0
0.09,False,0.75,302.85,0.055010578957491826,286,41,1.0,2.94,10.0
0.09,True,0.25,132.7,0.9449894210425082,4913,41,1.0,2.94,10.0
0.09,True,0.5,209.50000000000003,0.9449894210425082,4913,41,1.0,2.94,10.0
0.09,True,0.75,334.20000000000005,0.9449894210425082,4913,41,1.0,2.94,10.0
0.12,False,0.25,123.80000000000001,0.023861967694566815,130,41,1.0,2.94,10.0
0.12,False,0.5,198.35000000000002,0.023861967694566815,130,41,1.0,2.94,10.0
0.12,False,0.75,287.42500000000007,0.023861967694566815,130,41,1.0,2.94,10.0
0.12,True,0.25,120.69999999999999,0.9761380323054332,5318,41,1.0,2.94,10.0
0.12,True,0.5,184.9,0.9761380323054332,5318,41,1.0,2.94,10.0
0.12,True,0.75,285.2250000000001,0.9761380323054332,5318,41,1.0,2.94,10.0
0.15,False,0.25,87.44999999999999,0.011940298507462687,68,41,1.0,2.94,10.0
0.15,False,0.5,135.2,0.011940298507462687,68,41,1.0,2.94,10.0
0.15,False,0.75,226.15000000000003,0.011940298507462687,68,41,1.0,2.94,10.0
0.15,True,0.25,107.94999999999999,0.9880597014925373,5627,41,1.0,2.94,10.0
0.15,True,0.5,155.70000000000002,0.9880597014925373,5627,41,1.0,2.94,10.0
0.15,True,0.75,233.45000000000002,0.9880597014925373,5627,41,1.0,2.94,10.0
0.0,False,0.25,164.775,0.5043478260869565,870,52,1.0,2.94,10.0
0.0,False,0.5,272.95000000000005,0.5043478260869565,870,52,1.0,2.94,10.0
0.0,False,0.75,448.00000000000006,0.5043478260869565,870,52,1.0,2.94,10.0
0.0,True,0.25,168.7,0.4956521739130435,855,52,1.0,2.94,10.0
0.0,True,0.5,285.00000000000006,0.4956521739130435,855,52,1.0,2.94,10.0
0.0,True,0.75,447.65,0.4956521739130435,855,52,1.0,2.94,10.0
0.03,False,0.25,164.475,0.2824146981627297,1076,52,1.0,2.94,10.0
0.03,False,0.5,269.45,0.2824146981627297,1076,52,1.0,2.94,10.0
0.03,False,0.75,427.47499999999997,0.2824146981627297,1076,52,1.0,2.94,10.0
0.03,True,0.25,161.89999999999998,0.7175853018372703,2734,52,1.0,2.94,10.0
0.03,True,0.5,272.45000000000005,0.7175853018372703,2734,52,1.0,2.94,10.0
0.03,True,0.75,438.2,0.7175853018372703,2734,52,1.0,2.94,10.0
0.06,False,0.25,147.77499999999998,0.12832764505119454,564,52,1.0,2.94,10.0
0.06,False,0.5,242.00000000000003,0.12832764505119454,564,52,1.0,2.94,10.0
0.06,False,0.75,393.07500000000005,0.12832764505119454,564,52,1.0,2.94,10.0
0.06,True,0.25,152.2,0.8716723549488055,3831,52,1.0,2.94,10.0
0.06,True,0.5,249.5,0.8716723549488055,3831,52,1.0,2.94,10.0
0.06,True,0.75,400.75,0.8716723549488055,3831,52,1.0,2.94,10.0
0.09,False,0.25,122.44999999999999,0.05637349864393646,291,52,1.0,2.94,10.0
0.09,False,0.5,191.99999999999997,0.05637349864393646,291,52,1.0,2.94,10.0
0.09,False,0.75,335.45000000000005,0.05637349864393646,291,52,1.0,2.94,10.0
0.09,True,0.25,134.2,0.9436265013560635,4871,52,1.0,2.94,10.0
0.09,True,0.5,216.8,0.9436265013560635,4871,52,1.0,2.94,10.0
0.09,True,0.75,346.95000000000005,0.9436265013560635,4871,52,1.0,2.94,10.0
0.12,False,0.25,116.875,0.025688073394495414,140,52,1.0,2.94,10.0
0.12,False,0.5,164.75,0.025688073394495414,140,52,1.0,2.94,10.0
0.12,False,0.75,258.09999999999997,0.025688073394495414,140,52,1.0,2.94,10.0
0.12,True,0.25,119.69999999999999,0.9743119266055046,5310,52,1.0,2.94,10.0
0.12,True,0.5,185.15,0.9743119266055046,5310,52,1.0,2.94,10.0
0.12,True,0.75,281.30000000000007,0.9743119266055046,5310,52,1.0,2.94,10.0
0.15,False,0.25,107.0,0.010361784334387074,59,52,1.0,2.94,10.0
0.15,False,0.5,141.79999999999998,0.010361784334387074,59,52,1.0,2.94,10.0
0.15,False,0.75,249.00000000000003,0.010361784334387074,59,52,1.0,2.94,10.0
0.15,True,0.25,106.79999999999998,0.9896382156656129,5635,52,1.0,2.94,10.0
0.15,True,0.5,156.20000000000002,0.9896382156656129,5635,52,1.0,2.94,10.0
0.15,True,0.75,235.55,0.9896382156656129,5635,52,1.0,2.94,10.0
0.0,False,0.25,167.95,0.49039021549213746,842,56,1.0,2.94,10.0
0.0,False,0.5,291.04999999999995,0.49039021549213746,842,56,1.0,2.94,10.0
0.0,False,0.75,452.925,0.49039021549213746,842,56,1.0,2.94,10.0
0.0,True,0.25,164.6,0.5096097845078625,875,56,1.0,2.94,10.0
0.0,True,0.5,281.1,0.5096097845078625,875,56,1.0,2.94,10.0
0.0,True,0.75,436.34999999999997,0.5096097845078625,875,56,1.0,2.94,10.0
0.03,False,0.25,161.8,0.2726310217046056,1030,56,1.0,2.94,10.0
0.03,False,0.5,276.25,0.2726310217046056,1030,56,1.0,2.94,10.0
0.03,False,0.75,437.325,0.2726310217046056,1030,56,1.0,2.94,10.0
0.03,True,0.25,162.54999999999998,0.7273689782953944,2748,56,1.0,2.94,10.0
0.03,True,0.5,267.9,0.7273689782953944,2748,56,1.0,2.94,10.0
0.03,True,0.75,438.05,0.7273689782953944,2748,56,1.0,2.94,10.0
0.06,False,0.25,139.1,0.13213961922030826,583,56,1.0,2.94,10.0
0.06,False,0.5,242.60000000000002,0.13213961922030826,583,56,1.0,2.94,10.0
0.06,False,0.75,386.55000000000007,0.13213961922030826,583,56,1.0,2.94,10.0
0.06,True,0.25,147.1,0.8678603807796917,3829,56,1.0,2.94,10.0
0.06,True,0.5,241.90000000000006,0.8678603807796917,3829,56,1.0,2.94,10.0
0.06,True,0.75,394.7,0.8678603807796917,3829,56,1.0,2.94,10.0
0.09,False,0.25,129.6,0.053650978113499906,277,56,1.0,2.94,10.0
0.09,False,0.5,197.8,0.053650978113499906,277,56,1.0,2.94,10.0
0.09,False,0.75,336.4,0.053650978113499906,277,56,1.0,2.94,10.0
0.09,True,0.25,135.225,0.9463490218865,4886,56,1.0,2.94,10.0
0.09,True,0.5,212.3,0.9463490218865,4886,56,1.0,2.94,10.0
0.09,True,0.75,334.3,0.9463490218865,4886,56,1.0,2.94,10.0
0.12,False,0.25,107.00000000000001,0.022906358805204325,125,56,1.0,2.94,10.0
0.12,False,0.5,172.09999999999997,0.022906358805204325,125,56,1.0,2.94,10.0
0.12,False,0.75,270.30000000000007,0.022906358805204325,125,56,1.0,2.94,10.0
0.12,True,0.25,119.49999999999999,0.9770936411947957,5332,56,1.0,2.94,10.0
0.12,True,0.5,182.95,0.9770936411947957,5332,56,1.0,2.94,10.0
0.12,True,0.75,281.30000000000007,0.9770936411947957,5332,56,1.0,2.94,10.0
0.15,False,0.25,98.22500000000001,0.008429926238145416,48,56,1.0,2.94,10.0
0.15,False,0.5,139.95,0.008429926238145416,48,56,1.0,2.94,10.0
0.15,False,0.75,195.9,0.008429926238145416,48,56,1.0,2.94,10.0
0.15,True,0.25,105.4,0.9915700737618546,5646,56,1.0,2.94,10.0
0.15,True,0.5,154.55,0.9915700737618546,5646,56,1.0,2.94,10.0
0.15,True,0.75,231.87500000000003,0.9915700737618546,5646,56,1.0,2.94,10.0
0.0,False,0.25,173.725,0.4982896237172178,874,57,1.0,2.94,10.0
0.0,False,0.5,278.7,0.4982896237172178,874,57,1.0,2.94,10.0
0.0,False,0.75,446.45000000000005,0.4982896237172178,874,57,1.0,2.94,10.0
0.0,True,0.25,174.225,0.5017103762827823,880,57,1.0,2.94,10.0
0.0,True,0.5,264.75,0.5017103762827823,880,57,1.0,2.94,10.0
0.0,True,0.75,444.1,0.5017103762827823,880,57,1.0,2.94,10.0
0.03,False,0.25,160.55,0.28714700448667196,1088,57,1.0,2.94,10.0
0.03,False,0.5,278.1,0.28714700448667196,1088,57,1.0,2.94,10.0
0.03,False,0.75,430.55,0.28714700448667196,1088,57,1.0,2.94,10.0
0.03,True,0.25,160.99999999999997,0.712852995513328,2701,57,1.0,2.94,10.0
0.03,True,0.5,271.0,0.712852995513328,2701,57,1.0,2.94,10.0
0.03,True,0.75,423.4,0.712852995513328,2701,57,1.0,2.94,10.0
0.06,False,0.25,144.275,0.13239945774966108,586,57,1.0,2.94,10.0
0.06,False,0.5,241.55,0.13239945774966108,586,57,1.0,2.94,10.0
0.06,False,0.75,365.35,0.13239945774966108,586,57,1.0,2.94,10.0
0.06,True,0.25,146.0,0.8676005422503389,3840,57,1.0,2.94,10.0
0.06,True,0.5,235.59999999999997,0.8676005422503389,3840,57,1.0,2.94,10.0
0.06,True,0.75,381.82500000000005,0.8676005422503389,3840,57,1.0,2.94,10.0
0.09,False,0.25,126.6,0.06021546748749519,313,57,1.0,2.94,10.0
0.09,False,0.5,203.90000000000003,0.06021546748749519,313,57,1.0,2.94,10.0
0.09,False,0.75,321.0,0.06021546748749519,313,57,1.0,2.94,10.0
0.09,True,0.25,134.4,0.9397845325125048,4885,57,1.0,2.94,10.0
0.09,True,0.5,214.20000000000002,0.9397845325125048,4885,57,1.0,2.94,10.0
0.09,True,0.75,338.6,0.9397845325125048,4885,57,1.0,2.94,10.0
0.12,False,0.25,106.375,0.022718944668376696,124,57,1.0,2.94,10.0
0.12,False,0.5,166.2,0.022718944668376696,124,57,1.0,2.94,10.0
0.12,False,0.75,241.92500000000007,0.022718944668376696,124,57,1.0,2.94,10.0
0.12,True,0.25,117.6,0.9772810553316233,5334,57,1.0,2.94,10.0
0.12,True,0.5,183.15,0.9772810553316233,5334,57,1.0,2.94,10.0
0.12,True,0.75,281.15,0.9772810553316233,5334,57,1.0,2.94,10.0
0.15,False,0.25,89.52499999999998,0.009475346552026672,54,57,1.0,2.94,10.0
0.15,False,0.5,130.65,0.009475346552026672,54,57,1.0,2.94,10.0
0.15,False,0.75,207.075,0.009475346552026672,54,57,1.0,2.94,10.0
0.15,True,0.25,107.6,0.9905246534479734,5645,57,1.0,2.94,10.0
0.15,True,0.5,157.5,0.9905246534479734,5645,57,1.0,2.94,10.0
0.15,True,0.75,235.9,0.9905246534479734,5645,57,1.0,2.94,10.0
0.0,False,0.25,166.4,0.4913394919168591,851,59,1.0,2.94,10.0
0.0,False,0.5,283.00000000000006,0.4913394919168591,851,59,1.0,2.94,10.0
0.0,False,0.75,434.9,0.4913394919168591,851,59,1.0,2.94,10.0
0.0,True,0.25,169.6,0.5086605080831409,881,59,1.0,2.94,10.0
0.0,True,0.5,288.20000000000005,0.5086605080831409,881,59,1.0,2.94,10.0
0.0,True,0.75,452.79999999999995,0.5086605080831409,881,59,1.0,2.94,10.0
0.03,False,0.25,158.5,0.2919862470245967,1104,59,1.0,2.94,10.0
0.03,False,0.5,270.6000000000001,0.2919862470245967,1104,59,1.0,2.94,10.0
0.03,False,0.75,426.65,0.2919862470245967,1104,59,1.0,2.94,10.0
0.03,True,0.25,159.99999999999997,0.7080137529754034,2677,59,1.0,2.94,10.0
0.03,True,0.5,269.1,0.7080137529754034,2677,59,1.0,2.94,10.0
0.03,True,0.75,428.5,0.7080137529754034,2677,59,1.0,2.94,10.0
0.06,False,0.25,141.7,0.13304721030042918,589,59,1.0,2.94,10.0
0.06,False,0.5,234.10000000000002,0.13304721030042918,589,59,1.0,2.94,10.0
0.06,False,0.75,381.50000000000006,0.13304721030042918,589,59,1.0,2.94,10.0
0.06,True,0.25,154.55,0.8669527896995708,3838,59,1.0,2.94,10.0
0.06,True,0.5,251.4,0.8669527896995708,3838,59,1.0,2.94,10.0
0.06,True,0.75,390.375,0.8669527896995708,3838,59,1.0,2.94,10.0
0.09,False,0.25,120.6,0.05420991926182238,282,59,1.0,2.94,10.0
0.09,False,0.5,202.60000000000002,0.05420991926182238,282,59,1.0,2.94,10.0
0.09,False,0.75,325.52500000000003,0.05420991926182238,282,59,1.0,2.94,10.0
0.09,True,0.25,133.475,0.9457900807381776,4920,59,1.0,2.94,10.0
0.09,True,0.5,216.90000000000003,0.9457900807381776,4920,59,1.0,2.94,10.0
0.09,True,0.75,346.55,0.9457900807381776,4920,59,1.0,2.94,10.0
0.12,False,0.25,121.12499999999999,0.02457813646368305,134,59,1.0,2.94,10.0
0.12,False,0.5,181.15000000000003,0.02457813646368305,134,59,1.0,2.94,10.0
0.12,False,0.75,265.95000000000005,0.02457813646368305,134,59,1.0,2.94,10.0
0.12,True,0.25,119.6,0.975421863536317,5318,59,1.0,2.94,10.0
0.12,True,0.5,181.95,0.975421863536317,5318,59,1.0,2.94,10.0
0.12,True,0.75,284.70000000000005,0.975421863536317,5318,59,1.0,2.94,10.0
0.15,False,0.25,93.89999999999998,0.011405509738550623,65,59,1.0,2.94,10.0
0.15,False,0.5,143.4,0.011405509738550623,65,59,1.0,2.94,10.0
0.15,False,0.75,214.8,0.011405509738550623,65,59,1.0,2.94,10.0
0.15,True,0.25,106.1,0.9885944902614494,5634,59,1.0,2.94,10.0
0.15,True,0.5,157.4,0.9885944902614494,5634,59,1.0,2.94,10.0
0.15,True,0.75,237.67499999999998,0.9885944902614494,5634,59,1.0,2.94,10.0
0.0,False,0.25,169.95,0.5095652173913043,879,61,1.0,2.94,10.0
0.0,False,0.5,296.8,0.5095652173913043,879,61,1.0,2.94,10.0
0.0,False,0.75,460.1,0.5095652173913043,879,61,1.0,2.94,10.0
0.0,True,0.25,161.45,0.49043478260869566,846,61,1.0,2.94,10.0
0.0,True,0.5,282.35,0.49043478260869566,846,61,1.0,2.94,10.0
0.0,True,0.75,426.525,0.49043478260869566,846,61,1.0,2.94,10.0
0.03,False,0.25,160.0,0.27039315324953195,1011,61,1.0,2.94,10.0
0.03,False,0.5,270.7,0.27039315324953195,1011,61,1.0,2.94,10.0
0.03,False,0.75,427.95,0.27039315324953195,1011,61,1.0,2.94,10.0
0.03,True,0.25,163.6,0.729606846750468,2728,61,1.0,2.94,10.0
0.03,True,0.5,272.40000000000003,0.729606846750468,2728,61,1.0,2.94,10.0
0.03,True,0.75,430.9,0.729606846750468,2728,61,1.0,2.94,10.0
0.06,False,0.25,146.79999999999998,0.1313588062401085,581,61,1.0,2.94,10.0
0.06,False,0.5,232.80000000000004,0.1313588062401085,581,61,1.0,2.94,10.0
0.06,False,0.75,362.0,0.1313588062401085,581,61,1.0,2.94,10.0
0.06,True,0.25,149.5,0.8686411937598915,3842,61,1.0,2.94,10.0
0.06,True,0.5,246.15,0.8686411937598915,3842,61,1.0,2.94,10.0
0.06,True,0.75,393.275,0.8686411937598915,3842,61,1.0,2.94,10.0
0.09,False,0.25,133.39999999999998,0.05580227843212975,289,61,1.0,2.94,10.0
0.09,False,0.5,197.4,0.05580227843212975,289,61,1.0,2.94,10.0
0.09,False,0.75,317.1,0.05580227843212975,289,61,1.0,2.94,10.0
0.09,True,0.25,134.6,0.9441977215678703,4890,61,1.0,2.94,10.0
0.09,True,0.5,218.85000000000002,0.9441977215678703,4890,61,1.0,2.94,10.0
0.09,True,0.75,352.875,0.9441977215678703,4890,61,1.0,2.94,10.0
0.12,False,0.25,120.875,0.024967872223242153,136,61,1.0,2.94,10.0
0.12,False,0.5,187.05,0.024967872223242153,136,61,1.0,2.94,10.0
0.12,False,0.75,258.05,0.024967872223242153,136,61,1.0,2.94,10.0
0.12,True,0.25,119.0,0.9750321277767579,5311,61,1.0,2.94,10.0
0.12,True,0.5,185.39999999999998,0.9750321277767579,5311,61,1.0,2.94,10.0
0.12,True,0.75,284.95000000000005,0.9750321277767579,5311,61,1.0,2.94,10.0
0.15,False,0.25,95.19999999999999,0.011427566807313643,65,61,1.0,2.94,10.0
0.15,False,0.5,171.9,0.011427566807313643,65,61,1.0,2.94,10.0
0.15,False,0.75,231.50000000000003,0.011427566807313643,65,61,1.0,2.94,10.0
0.15,True,0.25,108.35,0.9885724331926864,5623,61,1.0,2.94,10.0
0.15,True,0.5,156.89999999999998,0.9885724331926864,5623,61,1.0,2.94,10.0
0.15,True,0.75,234.20000000000005,0.9885724331926864,5623,61,1.0,2.94,10.0
0.0,False,0.25,169.2,0.4884393063583815,845,73,1.0,2.94,10.0
0.0,False,0.5,294.9,0.4884393063583815,845,73,1.0,2.94,10.0
0.0,False,0.75,459.70000000000005,0.4884393063583815,845,73,1.0,2.94,10.0
0.0,True,0.25,168.3,0.5115606936416185,885,73,1.0,2.94,10.0
0.0,True,0.5,277.4,0.5115606936416185,885,73,1.0,2.94,10.0
0.0,True,0.75,441.0999999999999,0.5115606936416185,885,73,1.0,2.94,10.0
0.03,False,0.25,160.3,0.27955859169732,1064,73,1.0,2.94,10.0
0.03,False,0.5,267.40000000000003,0.27955859169732,1064,73,1.0,2.94,10.0
0.03,False,0.75,433.95000000000005,0.27955859169732,1064,73,1.0,2.94,10.0
0.03,True,0.25,161.6,0.72044140830268,2742,73,1.0,2.94,10.0
0.03,True,0.5,275.25,0.72044140830268,2742,73,1.0,2.94,10.0
0.03,True,0.75,443.725,0.72044140830268,2742,73,1.0,2.94,10.0
0.06,False,0.25,143.3,0.13618853387718105,601,73,1.0,2.94,10.0
0.06,False,0.5,237.90000000000006,0.13618853387718105,601,73,1.0,2.94,10.0
0.06,False,0.75,395.6000000000001,0.13618853387718105,601,73,1.0,2.94,10.0
0.06,True,0.25,150.27499999999998,0.8638114661228189,3812,73,1.0,2.94,10.0
0.06,True,0.5,243.7,0.8638114661228189,3812,73,1.0,2.94,10.0
0.06,True,0.75,383.4750000000001,0.8638114661228189,3812,73,1.0,2.94,10.0
0.09,False,0.25,122.1,0.055416103494883184,287,73,1.0,2.94,10.0
0.09,False,0.5,192.70000000000005,0.055416103494883184,287,73,1.0,2.94,10.0
0.09,False,0.75,368.70000000000005,0.055416103494883184,287,73,1.0,2.94,10.0
0.09,True,0.25,135.9,0.9445838965051169,4892,73,1.0,2.94,10.0
0.09,True,0.5,216.90000000000003,0.9445838965051169,4892,73,1.0,2.94,10.0
0.09,True,0.75,344.925,0.9445838965051169,4892,73,1.0,2.94,10.0
0.12,False,0.25,105.57499999999999,0.020139143170999633,110,73,1.0,2.94,10.0
0.12,False,0.5,152.55,0.020139143170999633,110,73,1.0,2.94,10.0
0.12,False,0.75,276.45000000000005,0.020139143170999633,110,73,1.0,2.94,10.0
0.12,True,0.25,121.6,0.9798608568290004,5352,73,1.0,2.94,10.0
0.12,True,0.5,184.04999999999998,0.9798608568290004,5352,73,1.0,2.94,10.0
0.12,True,0.75,285.625,0.9798608568290004,5352,73,1.0,2.94,10.0
0.15,False,0.25,115.42500000000001,0.010189739985945186,58,73,1.0,2.94,10.0
0.15,False,0.5,163.6,0.010189739985945186,58,73,1.0,2.94,10.0
0.15,False,0.75,257.475,0.010189739985945186,58,73,1.0,2.94,10.0
0.15,True,0.25,107.225,0.9898102600140548,5634,73,1.0,2.94,10.0
0.15,True,0.5,155.4,0.9898102600140548,5634,73,1.0,2.94,10.0
0.15,True,0.75,232.97500000000002,0.9898102600140548,5634,73,1.0,2.94,10.0
0.0,False,0.25,174.825,0.5069124423963134,880,79,1.0,2.94,10.0
0.0,False,0.5,285.05000000000007,0.5069124423963134,880,79,1.0,2.94,10.0
0.0,False,0.75,439.67499999999995,0.5069124423963134,880,79,1.0,2.94,10.0
0.0,True,0.25,158.17499999999998,0.4930875576036866,856,79,1.0,2.94,10.0
0.0,True,0.5,282.1,0.4930875576036866,856,79,1.0,2.94,10.0
0.0,True,0.75,471.2,0.4930875576036866,856,79,1.0,2.94,10.0
0.03,False,0.25,157.95,0.2904334038054968,1099,79,1.0,2.94,10.0
0.03,False,0.5,274.7,0.2904334038054968,1099,79,1.0,2.94,10.0
0.03,False,0.75,423.19999999999993,0.2904334038054968,1099,79,1.0,2.94,10.0
0.03,True,0.25,157.99999999999997,0.7095665961945031,2685,79,1.0,2.94,10.0
0.03,True,0.5,271.90000000000003,0.7095665961945031,2685,79,1.0,2.94,10.0
0.03,True,0.75,426.3,0.7095665961945031,2685,79,1.0,2.94,10.0
0.06,False,0.25,140.10000000000002,0.13428766189502386,591,79,1.0,2.94,10.0
0.06,False,0.5,237.2,0.13428766189502386,591,79,1.0,2.94,10.0
0.06,False,0.75,399.04999999999995,0.13428766189502386,591,79,1.0,2.94,10.0
0.06,True,0.25,153.325,0.8657123381049762,3810,79,1.0,2.94,10.0
0.06,True,0.5,249.75,0.8657123381049762,3810,79,1.0,2.94,10.0
0.06,True,0.75,398.475,0.8657123381049762,3810,79,1.0,2.94,10.0
0.09,False,0.25,144.9,0.05678537054860443,295,79,1.0,2.94,10.0
0.09,False,0.5,234.50000000000006,0.05678537054860443,295,79,1.0,2.94,10.0
0.09,False,0.75,375.9,0.05678537054860443,295,79,1.0,2.94,10.0
0.09,True,0.25,138.79999999999998,0.9432146294513956,4900,79,1.0,2.94,10.0
0.09,True,0.5,211.45,0.9432146294513956,4900,79,1.0,2.94,10.0
0.09,True,0.75,334.125,0.9432146294513956,4900,79,1.0,2.94,10.0
0.12,False,0.25,101.89999999999999,0.022839393385711674,125,79,1.0,2.94,10.0
0.12,False,0.5,159.99999999999997,0.022839393385711674,125,79,1.0,2.94,10.0
0.12,False,0.75,277.2,0.022839393385711674,125,79,1.0,2.94,10.0
0.12,True,0.25,121.39999999999999,0.9771606066142883,5348,79,1.0,2.94,10.0
0.12,True,0.5,186.0,0.9771606066142883,5348,79,1.0,2.94,10.0
0.12,True,0.75,288.32500000000005,0.9771606066142883,5348,79,1.0,2.94,10.0
0.15,False,0.25,97.6,0.009316224292494287,53,79,1.0,2.94,10.0
0.15,False,0.5,137.99999999999997,0.009316224292494287,53,79,1.0,2.94,10.0
0.15,False,0.75,222.3,0.009316224292494287,53,79,1.0,2.94,10.0
0.15,True,0.25,105.89999999999999,0.9906837757075058,5636,79,1.0,2.94,10.0
0.15,True,0.5,156.75,0.9906837757075058,5636,79,1.0,2.94,10.0
0.15,True,0.75,235.20000000000002,0.9906837757075058,5636,79,1.0,2.94,10.0
0.0,False,0.25,166.475,0.48870874348581356,844,80,1.0,2.94,10.0
0.0,False,0.5,267.29999999999995,0.48870874348581356,844,80,1.0,2.94,10.0
0.0,False,0.75,421.52500000000003,0.48870874348581356,844,80,1.0,2.94,10.0
0.0,True,0.25,164.64999999999998,0.5112912565141865,883,80,1.0,2.94,10.0
0.0,True,0.5,266.3,0.5112912565141865,883,80,1.0,2.94,10.0
0.0,True,0.75,423.45000000000005,0.5112912565141865,883,80,1.0,2.94,10.0
0.03,False,0.25,161.425,0.28578947368421054,1086,80,1.0,2.94,10.0
0.03,False,0.5,255.75,0.28578947368421054,1086,80,1.0,2.94,10.0
0.03,False,0.75,414.05,0.28578947368421054,1086,80,1.0,2.94,10.0
0.03,True,0.25,165.9,0.7142105263157895,2714,80,1.0,2.94,10.0
0.03,True,0.5,278.20000000000005,0.7142105263157895,2714,80,1.0,2.94,10.0
0.03,True,0.75,436.20000000000005,0.7142105263157895,2714,80,1.0,2.94,10.0
0.06,False,0.25,144.975,0.12846517917511832,570,80,1.0,2.94,10.0
0.06,False,0.5,230.8,0.12846517917511832,570,80,1.0,2.94,10.0
0.06,False,0.75,390.4750000000001,0.12846517917511832,570,80,1.0,2.94,10.0
0.06,True,0.25,149.60000000000002,0.8715348208248817,3867,80,1.0,2.94,10.0
0.06,True,0.5,247.9,0.8715348208248817,3867,80,1.0,2.94,10.0
0.06,True,0.75,385.1,0.8715348208248817,3867,80,1.0,2.94,10.0
0.09,False,0.25,135.79999999999998,0.05281485780615206,273,80,1.0,2.94,10.0
0.09,False,0.5,205.90000000000003,0.05281485780615206,273,80,1.0,2.94,10.0
0.09,False,0.75,319.3,0.05281485780615206,273,80,1.0,2.94,10.0
0.09,True,0.25,134.1,0.947185142193848,4896,80,1.0,2.94,10.0
0.09,True,0.5,212.9,0.947185142193848,4896,80,1.0,2.94,10.0
0.09,True,0.75,347.25000000000006,0.947185142193848,4896,80,1.0,2.94,10.0
0.12,False,0.25,126.52499999999999,0.02346901356802347,128,80,1.0,2.94,10.0
0.12,False,0.5,176.3,0.02346901356802347,128,80,1.0,2.94,10.0
0.12,False,0.75,267.5250000000001,0.02346901356802347,128,80,1.0,2.94,10.0
0.12,True,0.25,118.3,0.9765309864319766,5326,80,1.0,2.94,10.0
0.12,True,0.5,183.99999999999997,0.9765309864319766,5326,80,1.0,2.94,10.0
0.12,True,0.75,287.75,0.9765309864319766,5326,80,1.0,2.94,10.0
0.15,False,0.25,107.69999999999999,0.010886742756804214,62,80,1.0,2.94,10.0
0.15,False,0.5,172.65,0.010886742756804214,62,80,1.0,2.94,10.0
0.15,False,0.75,259.375,0.010886742756804214,62,80,1.0,2.94,10.0
0.15,True,0.25,106.5,0.9891132572431958,5633,80,1.0,2.94,10.0
0.15,True,0.5,158.6,0.9891132572431958,5633,80,1.0,2.94,10.0
0.15,True,0.75,238.5,0.9891132572431958,5633,80,1.0,2.94,10.0
0.0,False,0.25,173.8,0.49419279907084784,851,81,1.0,2.94,10.0
0.0,False,0.5,312.0,0.49419279907084784,851,81,1.0,2.94,10.0
0.0,False,0.75,477.45,0.49419279907084784,851,81,1.0,2.94,10.0
0.0,True,0.25,168.09999999999997,0.5058072009291521,871,81,1.0,2.94,10.0
0.0,True,0.5,295.40000000000003,0.5058072009291521,871,81,1.0,2.94,10.0
0.0,True,0.75,465.9,0.5058072009291521,871,81,1.0,2.94,10.0
0.03,False,0.25,164.25,0.2797368421052632,1063,81,1.0,2.94,10.0
0.03,False,0.5,267.1,0.2797368421052632,1063,81,1.0,2.94,10.0
0.03,False,0.75,411.25,0.2797368421052632,1063,81,1.0,2.94,10.0
0.03,True,0.25,159.5,0.7202631578947368,2737,81,1.0,2.94,10.0
0.03,True,0.5,262.8,0.7202631578947368,2737,81,1.0,2.94,10.0
0.03,True,0.75,417.0,0.7202631578947368,2737,81,1.0,2.94,10.0
0.06,False,0.25,153.14999999999998,0.12912709181365897,571,81,1.0,2.94,10.0
0.06,False,0.5,250.10000000000005,0.12912709181365897,571,81,1.0,2.94,10.0
0.06,False,0.75,406.15,0.12912709181365897,571,81,1.0,2.94,10.0
0.06,True,0.25,153.45,0.870872908186341,3851,81,1.0,2.94,10.0
0.06,True,0.5,246.10000000000005,0.870872908186341,3851,81,1.0,2.94,10.0
0.06,True,0.75,393.75,0.870872908186341,3851,81,1.0,2.94,10.0
0.09,False,0.25,123.54999999999998,0.06018966518289143,311,81,1.0,2.94,10.0
0.09,False,0.5,214.70000000000002,0.06018966518289143,311,81,1.0,2.94,10.0
0.09,False,0.75,316.75,0.06018966518289143,311,81,1.0,2.94,10.0
0.09,True,0.25,138.475,0.9398103348171086,4856,81,1.0,2.94,10.0
0.09,True,0.5,216.55,0.9398103348171086,4856,81,1.0,2.94,10.0
0.09,True,0.75,344.6500000000001,0.9398103348171086,4856,81,1.0,2.94,10.0
0.12,False,0.25,115.19999999999999,0.027706422018348623,151,81,1.0,2.94,10.0
0.12,False,0.5,171.79999999999998,0.027706422018348623,151,81,1.0,2.94,10.0
0.12,False,0.75,282.6,0.027706422018348623,151,81,1.0,2.94,10.0
0.12,True,0.25,121.0,0.9722935779816514,5299,81,1.0,2.94,10.0
0.12,True,0.5,184.9,0.9722935779816514,5299,81,1.0,2.94,10.0
0.12,True,0.75,286.9000000000001,0.9722935779816514,5299,81,1.0,2.94,10.0
0.15,False,0.25,95.1,0.009126009126009126,52,81,1.0,2.94,10.0
0.15,False,0.5,142.89999999999998,0.009126009126009126,52,81,1.0,2.94,10.0
0.15,False,0.75,236.09999999999997,0.009126009126009126,52,81,1.0,2.94,10.0
0.15,True,0.25,107.6,0.9908739908739909,5646,81,1.0,2.94,10.0
0.15,True,0.5,157.39999999999998,0.9908739908739909,5646,81,1.0,2.94,10.0
0.15,True,0.75,236.25000000000003,0.9908739908739909,5646,81,1.0,2.94,10.0
0.0,False,0.25,175.49999999999997,0.49019607843137253,850,97,1.0,2.94,10.0
0.0,False,0.5,278.25,0.49019607843137253,850,97,1.0,2.94,10.0
0.0,False,0.75,458.1000000000001,0.49019607843137253,850,97,1.0,2.94,10.0
0.0,True,0.25,166.325,0.5098039215686274,884,97,1.0,2.94,10.0
0.0,True,0.5,282.9000000000001,0.5098039215686274,884,97,1.0,2.94,10.0
0.0,True,0.75,435.6,0.5098039215686274,884,97,1.0,2.94,10.0
0.03,False,0.25,159.5,0.2821522309711286,1075,97,1.0,2.94,10.0
0.03,False,0.5,265.4,0.2821522309711286,1075,97,1.0,2.94,10.0
0.03,False,0.75,411.55,0.2821522309711286,1075,97,1.0,2.94,10.0
0.03,True,0.25,163.85,0.7178477690288714,2735,97,1.0,2.94,10.0
0.03,True,0.5,276.6,0.7178477690288714,2735,97,1.0,2.94,10.0
0.03,True,0.75,428.8,0.7178477690288714,2735,97,1.0,2.94,10.0
0.06,False,0.25,150.47500000000002,0.12066228169652983,532,97,1.0,2.94,10.0
0.06,False,0.5,241.9,0.12066228169652983,532,97,1.0,2.94,10.0
0.06,False,0.75,392.02500000000003,0.12066228169652983,532,97,1.0,2.94,10.0
0.06,True,0.25,155.29999999999998,0.8793377183034702,3877,97,1.0,2.94,10.0
0.06,True,0.5,254.0,0.8793377183034702,3877,97,1.0,2.94,10.0
0.06,True,0.75,397.40000000000003,0.8793377183034702,3877,97,1.0,2.94,10.0
0.09,False,0.25,130.425,0.0582112567463377,302,97,1.0,2.94,10.0
0.09,False,0.5,208.8,0.0582112567463377,302,97,1.0,2.94,10.0
0.09,False,0.75,322.67500000000007,0.0582112567463377,302,97,1.0,2.94,10.0
0.09,True,0.25,135.425,0.9417887432536624,4886,97,1.0,2.94,10.0
0.09,True,0.5,214.50000000000006,0.9417887432536624,4886,97,1.0,2.94,10.0
0.09,True,0.75,338.6,0.9417887432536624,4886,97,1.0,2.94,10.0
0.12,False,0.25,111.19999999999999,0.022897966660560543,125,97,1.0,2.94,10.0
0.12,False,0.5,160.39999999999998,0.022897966660560543,125,97,1.0,2.94,10.0
0.12,False,0.75,246.10000000000005,0.022897966660560543,125,97,1.0,2.94,10.0
0.12,True,0.25,120.2,0.9771020333394395,5334,97,1.0,2.94,10.0
0.12,True,0.5,182.0,0.9771020333394395,5334,97,1.0,2.94,10.0
0.12,True,0.75,280.27500000000003,0.9771020333394395,5334,97,1.0,2.94,10.0
0.15,False,0.25,104.1,0.010005265929436546,57,97,1.0,2.94,10.0
0.15,False,0.5,136.9,0.010005265929436546,57,97,1.0,2.94,10.0
0.15,False,0.75,205.50000000000003,0.010005265929436546,57,97,1.0,2.94,10.0
0.15,True,0.25,105.1,0.9899947340705635,5640,97,1.0,2.94,10.0
0.15,True,0.5,155.60000000000002,0.9899947340705635,5640,97,1.0,2.94,10.0
0.15,True,0.75,234.52500000000003,0.9899947340705635,5640,97,1.0,2.94,10.0
0.0,False,0.25,169.3,0.49184149184149184,844,98,1.0,2.94,10.0
0.0,False,0.5,298.25000000000006,0.49184149184149184,844,98,1.0,2.94,10.0
0.0,False,0.75,441.29999999999995,0.49184149184149184,844,98,1.0,2.94,10.0
0.0,True,0.25,158.54999999999998,0.5081585081585082,872,98,1.0,2.94,10.0
0.0,True,0.5,272.6500000000001,0.5081585081585082,872,98,1.0,2.94,10.0
0.0,True,0.75,422.575,0.5081585081585082,872,98,1.0,2.94,10.0
0.03,False,0.25,152.225,0.2698706099815157,1022,98,1.0,2.94,10.0
0.03,False,0.5,262.1000000000001,0.2698706099815157,1022,98,1.0,2.94,10.0
0.03,False,0.75,412.95,0.2698706099815157,1022,98,1.0,2.94,10.0
0.03,True,0.25,164.8,0.7301293900184843,2765,98,1.0,2.94,10.0
0.03,True,0.5,262.5,0.7301293900184843,2765,98,1.0,2.94,10.0
0.03,True,0.75,427.4,0.7301293900184843,2765,98,1.0,2.94,10.0
0.06,False,0.25,159.375,0.1322239712165505,588,98,1.0,2.94,10.0
0.06,False,0.5,244.14999999999998,0.1322239712165505,588,98,1.0,2.94,10.0
0.06,False,0.75,399.62500000000006,0.1322239712165505,588,98,1.0,2.94,10.0
0.06,True,0.25,149.55,0.8677760287834495,3859,98,1.0,2.94,10.0
0.06,True,0.5,248.4,0.8677760287834495,3859,98,1.0,2.94,10.0
0.06,True,0.75,394.95000000000005,0.8677760287834495,3859,98,1.0,2.94,10.0
0.09,False,0.25,121.5,0.05545893719806763,287,98,1.0,2.94,10.0
0.09,False,0.5,199.8,0.05545893719806763,287,98,1.0,2.94,10.0
0.09,False,0.75,338.15000000000003,0.05545893719806763,287,98,1.0,2.94,10.0
0.09,True,0.25,136.475,0.9445410628019324,4888,98,1.0,2.94,10.0
0.09,True,0.5,216.70000000000005,0.9445410628019324,4888,98,1.0,2.94,10.0
0.09,True,0.75,340.7,0.9445410628019324,4888,98,1.0,2.94,10.0
0.12,False,0.25,128.25000000000003,0.022344322344322345,122,98,1.0,2.94,10.0
0.12,False,0.5,177.4,0.022344322344322345,122,98,1.0,2.94,10.0
0.12,False,0.75,298.1500000000001,0.022344322344322345,122,98,1.0,2.94,10.0
0.12,True,0.25,118.39999999999999,0.9776556776556776,5338,98,1.0,2.94,10.0
0.12,True,0.5,181.89999999999998,0.9776556776556776,5338,98,1.0,2.94,10.0
0.12,True,0.75,280.975,0.9776556776556776,5338,98,1.0,2.94,10.0
0.15,False,0.25,106.975,0.009829734948218361,56,98,1.0,2.94,10.0
0.15,False,0.5,145.0,0.009829734948218361,56,98,1.0,2.94,10.0
0.15,False,0.75,245.30000000000004,0.009829734948218361,56,98,1.0,2.94,10.0
0.15,True,0.25,107.6,0.9901702650517816,5641,98,1.0,2.94,10.0
0.15,True,0.5,158.2,0.9901702650517816,5641,98,1.0,2.94,10.0
0.15,True,0.75,238.40000000000003,0.9901702650517816,5641,98,1.0,2.94,10.0
0.0,False,0.25,162.2,0.48105625717566014,838,99,1.0,2.94,10.0
0.0,False,0.5,277.20000000000005,0.48105625717566014,838,99,1.0,2.94,10.0
0.0,False,0.75,435.025,0.48105625717566014,838,99,1.0,2.94,10.0
0.0,True,0.25,163.075,0.5189437428243399,904,99,1.0,2.94,10.0
0.0,True,0.5,280.90000000000003,0.5189437428243399,904,99,1.0,2.94,10.0
0.0,True,0.75,445.275,0.5189437428243399,904,99,1.0,2.94,10.0
0.03,False,0.25,162.85,0.2710875331564987,1022,99,1.0,2.94,10.0
0.03,False,0.5,265.1,0.2710875331564987,1022,99,1.0,2.94,10.0
0.03,False,0.75,427.24999999999994,0.2710875331564987,1022,99,1.0,2.94,10.0
0.03,True,0.25,167.97499999999997,0.7289124668435013,2748,99,1.0,2.94,10.0
0.03,True,0.5,276.8,0.7289124668435013,2748,99,1.0,2.94,10.0
0.03,True,0.75,436.52500000000003,0.7289124668435013,2748,99,1.0,2.94,10.0
0.06,False,0.25,142.925,0.13151308304891923,578,99,1.0,2.94,10.0
0.06,False,0.5,257.20000000000005,0.13151308304891923,578,99,1.0,2.94,10.0
0.06,False,0.75,376.4,0.13151308304891923,578,99,1.0,2.94,10.0
0.06,True,0.25,152.5,0.8684869169510808,3817,99,1.0,2.94,10.0
0.06,True,0.5,246.40000000000003,0.8684869169510808,3817,99,1.0,2.94,10.0
0.06,True,0.75,393.90000000000003,0.8684869169510808,3817,99,1.0,2.94,10.0
0.09,False,0.25,138.55,0.05863003095975232,303,99,1.0,2.94,10.0
0.09,False,0.5,215.80000000000004,0.05863003095975232,303,99,1.0,2.94,10.0
0.09,False,0.75,328.95000000000005,0.05863003095975232,303,99,1.0,2.94,10.0
0.09,True,0.25,138.99999999999997,0.9413699690402477,4865,99,1.0,2.94,10.0
0.09,True,0.5,220.10000000000005,0.9413699690402477,4865,99,1.0,2.94,10.0
0.09,True,0.75,348.09999999999997,0.9413699690402477,4865,99,1.0,2.94,10.0
0.12,False,0.25,98.45,0.02719588386622565,148,99,1.0,2.94,10.0
0.12,False,0.5,162.0,0.02719588386622565,148,99,1.0,2.94,10.0
0.12,False,0.75,239.95,0.02719588386622565,148,99,1.0,2.94,10.0
0.12,True,0.25,121.8,0.9728041161337744,5294,99,1.0,2.94,10.0
0.12,True,0.5,183.60000000000002,0.9728041161337744,5294,99,1.0,2.94,10.0
0.12,True,0.75,280.67500000000007,0.9728041161337744,5294,99,1.0,2.94,10.0
0.15,False,0.25,87.125,0.012291483757682178,70,99,1.0,2.94,10.0
0.15,False,0.5,136.34999999999997,0.012291483757682178,70,99,1.0,2.94,10.0
0.15,False,0.75,223.35000000000002,0.012291483757682178,70,99,1.0,2.94,10.0
0.15,True,0.25,108.39999999999998,0.9877085162423178,5625,99,1.0,2.94,10.0
0.15,True,0.5,156.70000000000002,0.9877085162423178,5625,99,1.0,2.94,10.0
0.15,True,0.75,234.79999999999998,0.9877085162423178,5625,99,1.0,2.94,10.0
0.0,False,0.25,163.2,0.5055783910745743,861,101,1.0,2.94,10.0
0.0,False,0.5,275.3,0.5055783910745743,861,101,1.0,2.94,10.0
0.0,False,0.75,447.1,0.5055783910745743,861,101,1.0,2.94,10.0
0.0,True,0.25,172.275,0.4944216089254257,842,101,1.0,2.94,10.0
0.0,True,0.5,272.6,0.4944216089254257,842,101,1.0,2.94,10.0
0.0,True,0.75,442.4,0.4944216089254257,842,101,1.0,2.94,10.0
0.03,False,0.25,163.55,0.275880469583778,1034,101,1.0,2.94,10.0
0.03,False,0.5,282.45000000000005,0.275880469583778,1034,101,1.0,2.94,10.0
0.03,False,0.75,428.2,0.275880469583778,1034,101,1.0,2.94,10.0
0.03,True,0.25,162.67499999999998,0.724119530416222,2714,101,1.0,2.94,10.0
0.03,True,0.5,276.70000000000005,0.724119530416222,2714,101,1.0,2.94,10.0
0.03,True,0.75,448.925,0.724119530416222,2714,101,1.0,2.94,10.0
0.06,False,0.25,144.85,0.1325164511005219,584,101,1.0,2.94,10.0
0.06,False,0.5,241.60000000000002,0.1325164511005219,584,101,1.0,2.94,10.0
0.06,False,0.75,374.42500000000007,0.1325164511005219,584,101,1.0,2.94,10.0
0.06,True,0.25,152.7,0.8674835488994781,3823,101,1.0,2.94,10.0
0.06,True,0.5,251.50000000000006,0.8674835488994781,3823,101,1.0,2.94,10.0
0.06,True,0.75,395.55000000000007,0.8674835488994781,3823,101,1.0,2.94,10.0
0.09,False,0.25,131.625,0.056965704320868046,294,101,1.0,2.94,10.0
0.09,False,0.5,203.20000000000002,0.056965704320868046,294,101,1.0,2.94,10.0
0.09,False,0.75,360.575,0.056965704320868046,294,101,1.0,2.94,10.0
0.09,True,0.25,136.64999999999998,0.943034295679132,4867,101,1.0,2.94,10.0
0.09,True,0.5,215.00000000000003,0.943034295679132,4867,101,1.0,2.94,10.0
0.09,True,0.75,344.65000000000003,0.943034295679132,4867,101,1.0,2.94,10.0
0.12,False,0.25,108.8,0.01722873900293255,94,101,1.0,2.94,10.0
0.12,False,0.5,152.14999999999998,0.01722873900293255,94,101,1.0,2.94,10.0
0.12,False,0.75,267.375,0.01722873900293255,94,101,1.0,2.94,10.0
0.12,True,0.25,119.69999999999999,0.9827712609970675,5362,101,1.0,2.94,10.0
0.12,True,0.5,182.95,0.9827712609970675,5362,101,1.0,2.94,10.0
0.12,True,0.75,281.67499999999995,0.9827712609970675,5362,101,1.0,2.94,10.0
0.15,False,0.25,102.44999999999999,0.009135628952916374,52,101,1.0,2.94,10.0
0.15,False,0.5,177.5,0.009135628952916374,52,101,1.0,2.94,10.0
0.15,False,0.75,229.37500000000006,0.009135628952916374,52,101,1.0,2.94,10.0
0.15,True,0.25,108.69999999999999,0.9908643710470836,5640,101,1.0,2.94,10.0
0.15,True,0.5,159.35,0.9908643710470836,5640,101,1.0,2.94,10.0
0.15,True,0.75,238.175,0.9908643710470836,5640,101,1.0,2.94,10.0
0.0,False,0.25,180.39999999999998,0.5109532267613973,863,113,1.0,2.94,10.0
0.0,False,0.5,288.8,0.5109532267613973,863,113,1.0,2.94,10.0
0.0,False,0.75,436.95000000000005,0.5109532267613973,863,113,1.0,2.94,10.0
0.0,True,0.25,160.225,0.48904677323860274,826,113,1.0,2.94,10.0
0.0,True,0.5,269.0,0.48904677323860274,826,113,1.0,2.94,10.0
0.0,True,0.75,428.075,0.48904677323860274,826,113,1.0,2.94,10.0
0.03,False,0.25,160.95,0.27433394882616724,1040,113,1.0,2.94,10.0
0.03,False,0.5,278.65,0.27433394882616724,1040,113,1.0,2.94,10.0
0.03,False,0.75,439.525,0.27433394882616724,1040,113,1.0,2.94,10.0
0.03,True,0.25,166.05,0.7256660511738328,2751,113,1.0,2.94,10.0
0.03,True,0.5,278.2,0.7256660511738328,2751,113,1.0,2.94,10.0
0.03,True,0.75,436.15,0.7256660511738328,2751,113,1.0,2.94,10.0
0.06,False,0.25,146.725,0.13378684807256236,590,113,1.0,2.94,10.0
0.06,False,0.5,239.25,0.13378684807256236,590,113,1.0,2.94,10.0
0.06,False,0.75,384.29999999999995,0.13378684807256236,590,113,1.0,2.94,10.0
0.06,True,0.25,152.7,0.8662131519274376,3820,113,1.0,2.94,10.0
0.06,True,0.5,244.00000000000006,0.8662131519274376,3820,113,1.0,2.94,10.0
0.06,True,0.75,389.625,0.8662131519274376,3820,113,1.0,2.94,10.0
0.09,False,0.25,141.275,0.057109781979548524,296,113,1.0,2.94,10.0
0.09,False,0.5,217.60000000000002,0.057109781979548524,296,113,1.0,2.94,10.0
0.09,False,0.75,340.275,0.057109781979548524,296,113,1.0,2.94,10.0
0.09,True,0.25,137.5,0.9428902180204515,4887,113,1.0,2.94,10.0
0.09,True,0.5,217.40000000000003,0.9428902180204515,4887,113,1.0,2.94,10.0
0.09,True,0.75,338.25,0.9428902180204515,4887,113,1.0,2.94,10.0
0.12,False,0.25,109.5,0.02221406278685515,121,113,1.0,2.94,10.0
0.12,False,0.5,148.5,0.02221406278685515,121,113,1.0,2.94,10.0
0.12,False,0.75,259.40000000000003,0.02221406278685515,121,113,1.0,2.94,10.0
0.12,True,0.25,118.10000000000001,0.9777859372131449,5326,113,1.0,2.94,10.0
0.12,True,0.5,181.39999999999998,0.9777859372131449,5326,113,1.0,2.94,10.0
0.12,True,0.75,287.90000000000003,0.9777859372131449,5326,113,1.0,2.94,10.0
0.15,False,0.25,97.34999999999998,0.01089822464404992,62,113,1.0,2.94,10.0
0.15,False,0.5,140.85,0.01089822464404992,62,113,1.0,2.94,10.0
0.15,False,0.75,203.425,0.01089822464404992,62,113,1.0,2.94,10.0
0.15,True,0.25,107.19999999999999,0.9891017753559501,5627,113,1.0,2.94,10.0
0.15,True,0.5,157.1,0.9891017753559501,5627,113,1.0,2.94,10.0
0.15,True,0.75,237.95000000000005,0.9891017753559501,5627,113,1.0,2.94,10.0
0.0,False,0.25,178.32500000000002,0.5051078320090806,890,117,1.0,2.94,10.0
0.0,False,0.5,284.15000000000003,0.5051078320090806,890,117,1.0,2.94,10.0
0.0,False,0.75,459.95000000000005,0.5051078320090806,890,117,1.0,2.94,10.0
0.0,True,0.25,159.875,0.4948921679909194,872,117,1.0,2.94,10.0
0.0,True,0.5,273.79999999999995,0.4948921679909194,872,117,1.0,2.94,10.0
0.0,True,0.75,427.0,0.4948921679909194,872,117,1.0,2.94,10.0
0.03,False,0.25,155.35000000000002,0.28745046235138705,1088,117,1.0,2.94,10.0
0.03,False,0.5,262.8,0.28745046235138705,1088,117,1.0,2.94,10.0
0.03,False,0.75,424.125,0.28745046235138705,1088,117,1.0,2.94,10.0
0.03,True,0.25,161.89999999999998,0.712549537648613,2697,117,1.0,2.94,10.0
0.03,True,0.5,273.30000000000007,0.712549537648613,2697,117,1.0,2.94,10.0
0.03,True,0.75,429.5,0.712549537648613,2697,117,1.0,2.94,10.0
0.06,False,0.25,141.55,0.1320109439124487,579,117,1.0,2.94,10.0
0.06,False,0.5,259.70000000000005,0.1320109439124487,579,117,1.0,2.94,10.0
0.06,False,0.75,410.40000000000003,0.1320109439124487,579,117,1.0,2.94,10.0
0.06,True,0.25,149.55,0.8679890560875513,3807,117,1.0,2.94,10.0
0.06,True,0.5,252.1,0.8679890560875513,3807,117,1.0,2.94,10.0
0.06,True,0.75,401.9,0.8679890560875513,3807,117,1.0,2.94,10.0
0.09,False,0.25,129.92499999999998,0.05136126665379417,266,117,1.0,2.94,10.0
0.09,False,0.5,216.3,0.05136126665379417,266,117,1.0,2.94,10.0
0.09,False,0.75,372.77500000000003,0.05136126665379417,266,117,1.0,2.94,10.0
0.09,True,0.25,132.5,0.9486387333462059,4913,117,1.0,2.94,10.0
0.09,True,0.5,213.90000000000003,0.9486387333462059,4913,117,1.0,2.94,10.0
0.09,True,0.75,344.6000000000001,0.9486387333462059,4913,117,1.0,2.94,10.0
0.12,False,0.25,123.19999999999999,0.02326433412712951,127,117,1.0,2.94,10.0
0.12,False,0.5,170.49999999999997,0.02326433412712951,127,117,1.0,2.94,10.0
0.12,False,0.75,285.15,0.02326433412712951,127,117,1.0,2.94,10.0
0.12,True,0.25,119.84999999999998,0.9767356658728705,5332,117,1.0,2.94,10.0
0.12,True,0.5,185.1,0.9767356658728705,5332,117,1.0,2.94,10.0
0.12,True,0.75,288.175,0.9767356658728705,5332,117,1.0,2.94,10.0
0.15,False,0.25,102.72499999999998,0.01053001053001053,60,117,1.0,2.94,10.0
0.15,False,0.5,149.54999999999998,0.01053001053001053,60,117,1.0,2.94,10.0
0.15,False,0.75,210.25000000000003,0.01053001053001053,60,117,1.0,2.94,10.0
0.15,True,0.25,108.89999999999999,0.9894699894699894,5638,117,1.0,2.94,10.0
0.15,True,0.5,159.04999999999998,0.9894699894699894,5638,117,1.0,2.94,10.0
0.15,True,0.75,236.60000000000005,0.9894699894699894,5638,117,1.0,2.94,10.0
0.0,False,0.25,172.89999999999998,0.4886561954624782,840,118,1.0,2.94,10.0
0.0,False,0.5,277.20000000000005,0.4886561954624782,840,118,1.0,2.94,10.0
0.0,False,0.75,458.65000000000003,0.4886561954624782,840,118,1.0,2.94,10.0
0.0,True,0.25,173.05,0.5113438045375218,879,118,1.0,2.94,10.0
0.0,True,0.5,287.40000000000003,0.5113438045375218,879,118,1.0,2.94,10.0
0.0,True,0.75,441.95000000000005,0.5113438045375218,879,118,1.0,2.94,10.0
0.03,False,0.25,155.5,0.27672955974842767,1056,118,1.0,2.94,10.0
0.03,False,0.5,265.79999999999995,0.27672955974842767,1056,118,1.0,2.94,10.0
0.03,False,0.75,426.77500000000003,0.27672955974842767,1056,118,1.0,2.94,10.0
0.03,True,0.25,161.075,0.7232704402515723,2760,118,1.0,2.94,10.0
0.03,True,0.5,269.3,0.7232704402515723,2760,118,1.0,2.94,10.0
0.03,True,0.75,437.525,0.7232704402515723,2760,118,1.0,2.94,10.0
0.06,False,0.25,151.60000000000002,0.13193504736129905,585,118,1.0,2.94,10.0
0.06,False,0.5,240.60000000000005,0.13193504736129905,585,118,1.0,2.94,10.0
0.06,False,0.75,378.3,0.13193504736129905,585,118,1.0,2.94,10.0
0.06,True,0.25,154.5,0.868064952638701,3849,118,1.0,2.94,10.0
0.06,True,0.5,249.8,0.868064952638701,3849,118,1.0,2.94,10.0
0.06,True,0.75,387.90000000000003,0.868064952638701,3849,118,1.0,2.94,10.0
0.09,False,0.25,120.69999999999999,0.06161228406909789,321,118,1.0,2.94,10.0
0.09,False,0.5,207.40000000000003,0.06161228406909789,321,118,1.0,2.94,10.0
0.09,False,0.75,358.5,0.06161228406909789,321,118,1.0,2.94,10.0
0.09,True,0.25,135.79999999999998,0.9383877159309021,4889,118,1.0,2.94,10.0
0.09,True,0.5,211.7,0.9383877159309021,4889,118,1.0,2.94,10.0
0.09,True,0.75,340.9,0.9383877159309021,4889,118,1.0,2.94,10.0
0.12,False,0.25,111.17499999999998,0.022315712456557526,122,118,1.0,2.94,10.0
0.12,False,0.5,171.60000000000002,0.022315712456557526,122,118,1.0,2.94,10.0
0.12,False,0.75,300.375,0.022315712456557526,122,118,1.0,2.94,10.0
0.12,True,0.25,120.69999999999999,0.9776842875434425,5345,118,1.0,2.94,10.0
0.12,True,0.5,183.2,0.9776842875434425,5345,118,1.0,2.94,10.0
0.12,True,0.75,276.1,0.9776842875434425,5345,118,1.0,2.94,10.0
0.15,False,0.25,115.64999999999999,0.00967628430682618,55,118,1.0,2.94,10.0
0.15,False,0.5,164.39999999999998,0.00967628430682618,55,118,1.0,2.94,10.0
0.15,False,0.75,244.35000000000002,0.00967628430682618,55,118,1.0,2.94,10.0
0.15,True,0.25,105.19999999999999,0.9903237156931738,5629,118,1.0,2.94,10.0
0.15,True,0.5,154.5,0.9903237156931738,5629,118,1.0,2.94,10.0
0.15,True,0.75,230.50000000000006,0.9903237156931738,5629,118,1.0,2.94,10.0
0.0,False,0.25,164.125,0.5046620046620046,866,120,1.0,2.94,10.0
0.0,False,0.5,268.29999999999995,0.5046620046620046,866,120,1.0,2.94,10.0
0.0,False,0.75,432.12500000000006,0.5046620046620046,866,120,1.0,2.94,10.0
0.0,True,0.25,174.07500000000002,0.49533799533799533,850,120,1.0,2.94,10.0
0.0,True,0.5,295.5,0.49533799533799533,850,120,1.0,2.94,10.0
0.0,True,0.75,459.17499999999995,0.49533799533799533,850,120,1.0,2.94,10.0
0.03,False,0.25,161.025,0.2797571918712061,1060,120,1.0,2.94,10.0
0.03,False,0.5,270.90000000000003,0.2797571918712061,1060,120,1.0,2.94,10.0
0.03,False,0.75,426.475,0.2797571918712061,1060,120,1.0,2.94,10.0
0.03,True,0.25,165.8,0.7202428081287939,2729,120,1.0,2.94,10.0
0.03,True,0.5,273.1,0.7202428081287939,2729,120,1.0,2.94,10.0
0.03,True,0.75,430.2,0.7202428081287939,2729,120,1.0,2.94,10.0
0.06,False,0.25,135.7,0.13565804274465693,603,120,1.0,2.94,10.0
0.06,False,0.5,229.3,0.13565804274465693,603,120,1.0,2.94,10.0
0.06,False,0.75,359.1000000000001,0.13565804274465693,603,120,1.0,2.94,10.0
0.06,True,0.25,154.92499999999998,0.8643419572553431,3842,120,1.0,2.94,10.0
0.06,True,0.5,249.35,0.8643419572553431,3842,120,1.0,2.94,10.0
0.06,True,0.75,399.30000000000007,0.8643419572553431,3842,120,1.0,2.94,10.0
0.09,False,0.25,134.95,0.059323671497584544,307,120,1.0,2.94,10.0
0.09,False,0.5,222.79999999999998,0.059323671497584544,307,120,1.0,2.94,10.0
0.09,False,0.75,348.25,0.059323671497584544,307,120,1.0,2.94,10.0
0.09,True,0.25,135.475,0.9406763285024154,4868,120,1.0,2.94,10.0
0.09,True,0.5,218.20000000000005,0.9406763285024154,4868,120,1.0,2.94,10.0
0.09,True,0.75,343.125,0.9406763285024154,4868,120,1.0,2.94,10.0
0.12,False,0.25,112.975,0.027462467960454047,150,120,1.0,2.94,10.0
0.12,False,0.5,178.1,0.027462467960454047,150,120,1.0,2.94,10.0
0.12,False,0.75,288.825,0.027462467960454047,150,120,1.0,2.94,10.0
0.12,True,0.25,120.69999999999999,0.972537532039546,5312,120,1.0,2.94,10.0
0.12,True,0.5,183.60000000000002,0.972537532039546,5312,120,1.0,2.94,10.0
0.12,True,0.75,281.92499999999995,0.972537532039546,5312,120,1.0,2.94,10.0
0.15,False,0.25,89.14999999999998,0.009492002109333802,54,120,1.0,2.94,10.0
0.15,False,0.5,137.7,0.009492002109333802,54,120,1.0,2.94,10.0
0.15,False,0.75,206.42500000000004,0.009492002109333802,54,120,1.0,2.94,10.0
0.15,True,0.25,106.79999999999998,0.9905079978906662,5635,120,1.0,2.94,10.0
0.15,True,0.5,156.89999999999998,0.9905079978906662,5635,120,1.0,2.94,10.0
0.15,True,0.75,234.45,0.9905079978906662,5635,120,1.0,2.94,10.0
0.0,False,0.25,173.6,0.5083669936526255,881,121,1.0,2.94,10.0
0.0,False,0.5,274.6000000000001,0.5083669936526255,881,121,1.0,2.94,10.0
0.0,False,0.75,463.1,0.5083669936526255,881,121,1.0,2.94,10.0
0.0,True,0.25,162.7,0.4916330063473745,852,121,1.0,2.94,10.0
0.0,True,0.5,275.15000000000003,0.4916330063473745,852,121,1.0,2.94,10.0
0.0,True,0.75,448.07500000000005,0.4916330063473745,852,121,1.0,2.94,10.0
0.03,False,0.25,158.075,0.2859399684044234,1086,121,1.0,2.94,10.0
0.03,False,0.5,272.65,0.2859399684044234,1086,121,1.0,2.94,10.0
0.03,False,0.75,433.325,0.2859399684044234,1086,121,1.0,2.94,10.0
0.03,True,0.25,169.75,0.7140600315955766,2712,121,1.0,2.94,10.0
0.03,True,0.5,281.15000000000003,0.7140600315955766,2712,121,1.0,2.94,10.0
0.03,True,0.75,447.92500000000007,0.7140600315955766,2712,121,1.0,2.94,10.0
0.06,False,0.25,140.075,0.11285971223021583,502,121,1.0,2.94,10.0
0.06,False,0.5,232.75,0.11285971223021583,502,121,1.0,2.94,10.0
0.06,False,0.75,374.2,0.11285971223021583,502,121,1.0,2.94,10.0
0.06,True,0.25,149.35,0.8871402877697842,3946,121,1.0,2.94,10.0
0.06,True,0.5,247.25,0.8871402877697842,3946,121,1.0,2.94,10.0
0.06,True,0.75,400.45000000000005,0.8871402877697842,3946,121,1.0,2.94,10.0
0.09,False,0.25,125.5,0.05033035367275554,259,121,1.0,2.94,10.0
0.09,False,0.5,196.49999999999994,0.05033035367275554,259,121,1.0,2.94,10.0
0.09,False,0.75,314.50000000000006,0.05033035367275554,259,121,1.0,2.94,10.0
0.09,True,0.25,136.4,0.9496696463272445,4887,121,1.0,2.94,10.0
0.09,True,0.5,217.29999999999998,0.9496696463272445,4887,121,1.0,2.94,10.0
0.09,True,0.75,341.0,0.9496696463272445,4887,121,1.0,2.94,10.0
0.12,False,0.25,117.375,0.02456461961503208,134,121,1.0,2.94,10.0
0.12,False,0.5,171.90000000000003,0.02456461961503208,134,121,1.0,2.94,10.0
0.12,False,0.75,289.075,0.02456461961503208,134,121,1.0,2.94,10.0
0.12,True,0.25,120.09999999999998,0.9754353803849679,5321,121,1.0,2.94,10.0
0.12,True,0.5,183.29999999999998,0.9754353803849679,5321,121,1.0,2.94,10.0
0.12,True,0.75,282.50000000000006,0.9754353803849679,5321,121,1.0,2.94,10.0
0.15,False,0.25,108.55,0.008785802143735724,50,121,1.0,2.94,10.0
0.15,False,0.5,148.10000000000002,0.008785802143735724,50,121,1.0,2.94,10.0
0.15,False,0.75,221.50000000000003,0.008785802143735724,50,121,1.0,2.94,10.0
0.15,True,0.25,106.79999999999998,0.9912141978562643,5641,121,1.0,2.94,10.0
0.15,True,0.5,156.79999999999998,0.9912141978562643,5641,121,1.0,2.94,10.0
0.15,True,0.75,237.60000000000002,0.9912141978562643,5641,121,1.0,2.94,10.0
0.0,False,0.25,159.3,0.4913394919168591,851,123,1.0,2.94,10.0
0.0,False,0.5,273.7,0.4913394919168591,851,123,1.0,2.94,10.0
0.0,False,0.75,442.95,0.4913394919168591,851,123,1.0,2.94,10.0
0.0,True,0.25,157.79999999999998,0.5086605080831409,881,123,1.0,2.94,10.0
0.0,True,0.5,264.29999999999995,0.5086605080831409,881,123,1.0,2.94,10.0
0.0,True,0.75,435.79999999999995,0.5086605080831409,881,123,1.0,2.94,10.0
0.03,False,0.25,166.225,0.2767527675276753,1050,123,1.0,2.94,10.0
0.03,False,0.5,276.75,0.2767527675276753,1050,123,1.0,2.94,10.0
0.03,False,0.75,442.975,0.2767527675276753,1050,123,1.0,2.94,10.0
0.03,True,0.25,165.275,0.7232472324723247,2744,123,1.0,2.94,10.0
0.03,True,0.5,274.50000000000006,0.7232472324723247,2744,123,1.0,2.94,10.0
0.03,True,0.75,433.325,0.7232472324723247,2744,123,1.0,2.94,10.0
0.06,False,0.25,152.25,0.12854228066198142,567,123,1.0,2.94,10.0
0.06,False,0.5,240.09999999999997,0.12854228066198142,567,123,1.0,2.94,10.0
0.06,False,0.75,394.75,0.12854228066198142,567,123,1.0,2.94,10.0
0.06,True,0.25,150.89999999999998,0.8714577193380186,3844,123,1.0,2.94,10.0
0.06,True,0.5,249.8,0.8714577193380186,3844,123,1.0,2.94,10.0
0.06,True,0.75,403.52500000000003,0.8714577193380186,3844,123,1.0,2.94,10.0
0.09,False,0.25,121.14999999999999,0.04991327808826364,259,123,1.0,2.94,10.0
0.09,False,0.5,202.3,0.04991327808826364,259,123,1.0,2.94,10.0
0.09,False,0.75,311.20000000000005,0.04991327808826364,259,123,1.0,2.94,10.0
0.09,True,0.25,134.9,0.9500867219117364,4930,123,1.0,2.94,10.0
0.09,True,0.5,215.75,0.9500867219117364,4930,123,1.0,2.94,10.0
0.09,True,0.75,343.00000000000006,0.9500867219117364,4930,123,1.0,2.94,10.0
0.12,False,0.25,128.20000000000002,0.02364802933088909,129,123,1.0,2.94,10.0
0.12,False,0.5,202.80000000000004,0.02364802933088909,129,123,1.0,2.94,10.0
0.12,False,0.75,265.3,0.02364802933088909,129,123,1.0,2.94,10.0
0.12,True,0.25,117.79999999999998,0.976351970669111,5326,123,1.0,2.94,10.0
0.12,True,0.5,182.35000000000002,0.976351970669111,5326,123,1.0,2.94,10.0
0.12,True,0.75,276.50000000000006,0.976351970669111,5326,123,1.0,2.94,10.0
0.15,False,0.25,108.575,0.009833187006145742,56,123,1.0,2.94,10.0
0.15,False,0.5,158.45,0.009833187006145742,56,123,1.0,2.94,10.0
0.15,False,0.75,239.8,0.009833187006145742,56,123,1.0,2.94,10.0
0.15,True,0.25,107.5,0.9901668129938542,5639,123,1.0,2.94,10.0
0.15,True,0.5,154.89999999999998,0.9901668129938542,5639,123,1.0,2.94,10.0
0.15,True,0.75,233.05,0.9901668129938542,5639,123,1.0,2.94,10.0
0.0,False,0.25,163.52499999999998,0.5129087779690189,894,127,1.0,2.94,10.0
0.0,False,0.5,275.45000000000005,0.5129087779690189,894,127,1.0,2.94,10.0
0.0,False,0.75,446.05,0.5129087779690189,894,127,1.0,2.94,10.0
0.0,True,0.25,171.49999999999997,0.48709122203098104,849,127,1.0,2.94,10.0
0.0,True,0.5,283.8,0.48709122203098104,849,127,1.0,2.94,10.0
0.0,True,0.75,444.20000000000005,0.48709122203098104,849,127,1.0,2.94,10.0
0.03,False,0.25,158.2,0.28238680973567126,1079,127,1.0,2.94,10.0
0.03,False,0.5,265.5,0.28238680973567126,1079,127,1.0,2.94,10.0
0.03,False,0.75,427.44999999999993,0.28238680973567126,1079,127,1.0,2.94,10.0
0.03,True,0.25,156.825,0.7176131902643287,2742,127,1.0,2.94,10.0
0.03,True,0.5,260.85,0.7176131902643287,2742,127,1.0,2.94,10.0
0.03,True,0.75,423.525,0.7176131902643287,2742,127,1.0,2.94,10.0
0.06,False,0.25,147.375,0.13629160063391443,602,127,1.0,2.94,10.0
0.06,False,0.5,241.25,0.13629160063391443,602,127,1.0,2.94,10.0
0.06,False,0.75,405.70000000000005,0.13629160063391443,602,127,1.0,2.94,10.0
0.06,True,0.25,147.75,0.8637083993660856,3815,127,1.0,2.94,10.0
0.06,True,0.5,243.70000000000002,0.8637083993660856,3815,127,1.0,2.94,10.0
0.06,True,0.75,388.35,0.8637083993660856,3815,127,1.0,2.94,10.0
0.09,False,0.25,129.4,0.058310732274312285,301,127,1.0,2.94,10.0
0.09,False,0.5,210.8,0.058310732274312285,301,127,1.0,2.94,10.0
0.09,False,0.75,339.80000000000007,0.058310732274312285,301,127,1.0,2.94,10.0
0.09,True,0.25,134.9,0.9416892677256877,4861,127,1.0,2.94,10.0
0.09,True,0.5,211.10000000000002,0.9416892677256877,4861,127,1.0,2.94,10.0
0.09,True,0.75,334.70000000000005,0.9416892677256877,4861,127,1.0,2.94,10.0
0.12,False,0.25,109.79999999999998,0.022006235099944985,120,127,1.0,2.94,10.0
0.12,False,0.5,181.50000000000003,0.022006235099944985,120,127,1.0,2.94,10.0
0.12,False,0.75,286.3,0.022006235099944985,120,127,1.0,2.94,10.0
0.12,True,0.25,122.69999999999999,0.977993764900055,5333,127,1.0,2.94,10.0
0.12,True,0.5,184.4,0.977993764900055,5333,127,1.0,2.94,10.0
0.12,True,0.75,285.9,0.977993764900055,5333,127,1.0,2.94,10.0
0.15,False,0.25,94.0,0.012809264783295315,73,127,1.0,2.94,10.0
0.15,False,0.5,157.4,0.012809264783295315,73,127,1.0,2.94,10.0
0.15,False,0.75,252.70000000000005,0.012809264783295315,73,127,1.0,2.94,10.0
0.15,True,0.25,106.1,0.9871907352167046,5626,127,1.0,2.94,10.0
0.15,True,0.5,155.79999999999998,0.9871907352167046,5626,127,1.0,2.94,10.0
0.15,True,0.75,235.05,0.9871907352167046,5626,127,1.0,2.94,10.0
0.0,False,0.25,165.475,0.5041128084606346,858,134,1.0,2.94,10.0
0.0,False,0.5,285.6,0.5041128084606346,858,134,1.0,2.94,10.0
0.0,False,0.75,432.925,0.5041128084606346,858,134,1.0,2.94,10.0
0.0,True,0.25,164.475,0.49588719153936545,844,134,1.0,2.94,10.0
0.0,True,0.5,284.7500000000001,0.49588719153936545,844,134,1.0,2.94,10.0
0.0,True,0.75,467.5,0.49588719153936545,844,134,1.0,2.94,10.0
0.03,False,0.25,164.17499999999998,0.2735177865612648,1038,134,1.0,2.94,10.0
0.03,False,0.5,273.45,0.2735177865612648,1038,134,1.0,2.94,10.0
0.03,False,0.75,419.375,0.2735177865612648,1038,134,1.0,2.94,10.0
0.03,True,0.25,166.70000000000002,0.7264822134387352,2757,134,1.0,2.94,10.0
0.03,True,0.5,277.0,0.7264822134387352,2757,134,1.0,2.94,10.0
0.03,True,0.75,434.2,0.7264822134387352,2757,134,1.0,2.94,10.0
0.06,False,0.25,127.55,0.13348467650397275,588,134,1.0,2.94,10.0
0.06,False,0.5,226.95,0.13348467650397275,588,134,1.0,2.94,10.0
0.06,False,0.75,381.65000000000003,0.13348467650397275,588,134,1.0,2.94,10.0
0.06,True,0.25,148.89999999999998,0.8665153234960272,3817,134,1.0,2.94,10.0
0.06,True,0.5,247.00000000000006,0.8665153234960272,3817,134,1.0,2.94,10.0
0.06,True,0.75,393.20000000000005,0.8665153234960272,3817,134,1.0,2.94,10.0
0.09,False,0.25,123.6,0.05867593128739625,304,134,1.0,2.94,10.0
0.09,False,0.5,208.5,0.05867593128739625,304,134,1.0,2.94,10.0
0.09,False,0.75,325.025,0.05867593128739625,304,134,1.0,2.94,10.0
0.09,True,0.25,130.8,0.9413240687126038,4877,134,1.0,2.94,10.0
0.09,True,0.5,212.70000000000002,0.9413240687126038,4877,134,1.0,2.94,10.0
0.09,True,0.75,333.40000000000003,0.9413240687126038,4877,134,1.0,2.94,10.0
0.12,False,0.25,113.775,0.020161290322580645,110,134,1.0,2.94,10.0
0.12,False,0.5,180.4,0.020161290322580645,110,134,1.0,2.94,10.0
0.12,False,0.75,271.475,0.020161290322580645,110,134,1.0,2.94,10.0
0.12,True,0.25,122.3,0.9798387096774194,5346,134,1.0,2.94,10.0
0.12,True,0.5,185.89999999999998,0.9798387096774194,5346,134,1.0,2.94,10.0
0.12,True,0.75,289.575,0.9798387096774194,5346,134,1.0,2.94,10.0
0.15,False,0.25,86.1,0.011409513779182026,65,134,1.0,2.94,10.0
0.15,False,0.5,141.9,0.011409513779182026,65,134,1.0,2.94,10.0
0.15,False,0.75,212.90000000000003,0.011409513779182026,65,134,1.0,2.94,10.0
0.15,True,0.25,106.6,0.988590486220818,5632,134,1.0,2.94,10.0
0.15,True,0.5,157.20000000000002,0.988590486220818,5632,134,1.0,2.94,10.0
0.15,True,0.75,235.52500000000003,0.988590486220818,5632,134,1.0,2.94,10.0
0.0,False,0.25,159.85,0.4938488576449912,843,135,1.0,2.94,10.0
0.0,False,0.5,271.70000000000005,0.4938488576449912,843,135,1.0,2.94,10.0
0.0,False,0.75,443.25,0.4938488576449912,843,135,1.0,2.94,10.0
0.0,True,0.25,165.97499999999997,0.5061511423550088,864,135,1.0,2.94,10.0
0.0,True,0.5,283.65,0.5061511423550088,864,135,1.0,2.94,10.0
0.0,True,0.75,445.15,0.5061511423550088,864,135,1.0,2.94,10.0
0.03,False,0.25,164.1,0.2825171142706688,1073,135,1.0,2.94,10.0
0.03,False,0.5,255.50000000000006,0.2825171142706688,1073,135,1.0,2.94,10.0
0.03,False,0.75,425.1,0.2825171142706688,1073,135,1.0,2.94,10.0
0.03,True,0.25,166.2,0.7174828857293313,2725,135,1.0,2.94,10.0
0.03,True,0.5,269.2,0.7174828857293313,2725,135,1.0,2.94,10.0
0.03,True,0.75,421.40000000000003,0.7174828857293313,2725,135,1.0,2.94,10.0
0.06,False,0.25,148.35,0.1345068833220492,596,135,1.0,2.94,10.0
0.06,False,0.5,250.25,0.1345068833220492,596,135,1.0,2.94,10.0
0.06,False,0.75,391.4,0.1345068833220492,596,135,1.0,2.94,10.0
0.06,True,0.25,152.0,0.8654931166779508,3835,135,1.0,2.94,10.0
0.06,True,0.5,250.10000000000005,0.8654931166779508,3835,135,1.0,2.94,10.0
0.06,True,0.75,403.05000000000007,0.8654931166779508,3835,135,1.0,2.94,10.0
0.09,False,0.25,131.8,0.05646560030834458,293,135,1.0,2.94,10.0
0.09,False,0.5,205.40000000000003,0.05646560030834458,293,135,1.0,2.94,10.0
0.09,False,0.75,332.80000000000007,0.05646560030834458,293,135,1.0,2.94,10.0
0.09,True,0.25,139.5,0.9435343996916554,4896,135,1.0,2.94,10.0
0.09,True,0.5,218.25,0.9435343996916554,4896,135,1.0,2.94,10.0
0.09,True,0.75,344.35,0.9435343996916554,4896,135,1.0,2.94,10.0
0.12,False,0.25,106.1,0.02585258525852585,141,135,1.0,2.94,10.0
0.12,False,0.5,154.5,0.02585258525852585,141,135,1.0,2.94,10.0
0.12,False,0.75,238.70000000000005,0.02585258525852585,141,135,1.0,2.94,10.0
0.12,True,0.25,121.39999999999999,0.9741474147414741,5313,135,1.0,2.94,10.0
0.12,True,0.5,183.49999999999997,0.9741474147414741,5313,135,1.0,2.94,10.0
0.12,True,0.75,286.00000000000006,0.9741474147414741,5313,135,1.0,2.94,10.0
0.15,False,0.25,115.475,0.008081517919887562,46,135,1.0,2.94,10.0
0.15,False,0.5,158.3,0.008081517919887562,46,135,1.0,2.94,10.0
0.15,False,0.75,232.80000000000004,0.008081517919887562,46,135,1.0,2.94,10.0
0.15,True,0.25,107.42500000000001,0.9919184820801125,5646,135,1.0,2.94,10.0
0.15,True,0.5,158.04999999999998,0.9919184820801125,5646,135,1.0,2.94,10.0
0.15,True,0.75,235.575,0.9919184820801125,5646,135,1.0,2.94,10.0
0.0,False,0.25,163.12499999999997,0.5072886297376094,870,152,1.0,2.94,10.0
0.0,False,0.5,270.65000000000003,0.5072886297376094,870,152,1.0,2.94,10.0
0.0,False,0.75,426.12500000000006,0.5072886297376094,870,152,1.0,2.94,10.0
0.0,True,0.25,171.40000000000003,0.49271137026239065,845,152,1.0,2.94,10.0
0.0,True,0.5,286.7,0.49271137026239065,845,152,1.0,2.94,10.0
0.0,True,0.75,467.69999999999993,0.49271137026239065,845,152,1.0,2.94,10.0
0.03,False,0.25,167.675,0.27987254381306426,1054,152,1.0,2.94,10.0
0.03,False,0.5,288.25,0.27987254381306426,1054,152,1.0,2.94,10.0
0.03,False,0.75,442.54999999999995,0.27987254381306426,1054,152,1.0,2.94,10.0
0.03,True,0.25,163.95,0.7201274561869357,2712,152,1.0,2.94,10.0
0.03,True,0.5,269.5,0.7201274561869357,2712,152,1.0,2.94,10.0
0.03,True,0.75,431.475,0.7201274561869357,2712,152,1.0,2.94,10.0
0.06,False,0.25,145.4,0.13790776152980877,613,152,1.0,2.94,10.0
0.06,False,0.5,243.29999999999998,0.13790776152980877,613,152,1.0,2.94,10.0
0.06,False,0.75,381.8,0.13790776152980877,613,152,1.0,2.94,10.0
0.06,True,0.25,151.1,0.8620922384701912,3832,152,1.0,2.94,10.0
0.06,True,0.5,246.15,0.8620922384701912,3832,152,1.0,2.94,10.0
0.06,True,0.75,391.1000000000001,0.8620922384701912,3832,152,1.0,2.94,10.0
0.09,False,0.25,122.64999999999999,0.06010823347506765,311,152,1.0,2.94,10.0
0.09,False,0.5,193.59999999999997,0.06010823347506765,311,152,1.0,2.94,10.0
0.09,False,0.75,315.35,0.06010823347506765,311,152,1.0,2.94,10.0
0.09,True,0.25,135.7,0.9398917665249323,4863,152,1.0,2.94,10.0
0.09,True,0.5,213.79999999999998,0.9398917665249323,4863,152,1.0,2.94,10.0
0.09,True,0.75,336.8500000000001,0.9398917665249323,4863,152,1.0,2.94,10.0
0.12,False,0.25,114.49999999999997,0.025119178584525118,137,152,1.0,2.94,10.0
0.12,False,0.5,171.49999999999997,0.025119178584525118,137,152,1.0,2.94,10.0
0.12,False,0.75,278.5,0.025119178584525118,137,152,1.0,2.94,10.0
0.12,True,0.25,120.0,0.9748808214154748,5317,152,1.0,2.94,10.0
0.12,True,0.5,184.70000000000002,0.9748808214154748,5317,152,1.0,2.94,10.0
0.12,True,0.75,286.09999999999997,0.9748808214154748,5317,152,1.0,2.94,10.0
0.15,False,0.25,113.29999999999998,0.010703632216178276,61,152,1.0,2.94,10.0
0.15,False,0.5,160.99999999999997,0.010703632216178276,61,152,1.0,2.94,10.0
0.15,False,0.75,226.9,0.010703632216178276,61,152,1.0,2.94,10.0
0.15,True,0.25,107.3,0.9892963677838217,5638,152,1.0,2.94,10.0
0.15,True,0.5,156.79999999999998,0.9892963677838217,5638,152,1.0,2.94,10.0
0.15,True,0.75,234.55,0.9892963677838217,5638,152,1.0,2.94,10.0
0.0,False,0.25,169.8,0.4799535153980244,826,156,1.0,2.94,10.0
0.0,False,0.5,282.75,0.4799535153980244,826,156,1.0,2.94,10.0
0.0,False,0.75,448.15000000000003,0.4799535153980244,826,156,1.0,2.94,10.0
0.0,True,0.25,162.8,0.5200464846019756,895,156,1.0,2.94,10.0
0.0,True,0.5,276.3,0.5200464846019756,895,156,1.0,2.94,10.0
0.0,True,0.75,448.95000000000005,0.5200464846019756,895,156,1.0,2.94,10.0
0.03,False,0.25,169.60000000000002,0.2849191624701829,1075,156,1.0,2.94,10.0
0.03,False,0.5,284.40000000000003,0.2849191624701829,1075,156,1.0,2.94,10.0
0.03,False,0.75,447.04999999999995,0.2849191624701829,1075,156,1.0,2.94,10.0
0.03,True,0.25,164.325,0.7150808375298171,2698,156,1.0,2.94,10.0
0.03,True,0.5,272.55000000000007,0.7150808375298171,2698,156,1.0,2.94,10.0
0.03,True,0.75,431.175,0.7150808375298171,2698,156,1.0,2.94,10.0
0.06,False,0.25,147.25,0.12793851717902352,566,156,1.0,2.94,10.0
0.06,False,0.5,244.25000000000003,0.12793851717902352,566,156,1.0,2.94,10.0
0.06,False,0.75,375.57500000000005,0.12793851717902352,566,156,1.0,2.94,10.0
0.06,True,0.25,151.05,0.8720614828209765,3858,156,1.0,2.94,10.0
0.06,True,0.5,244.05,0.8720614828209765,3858,156,1.0,2.94,10.0
0.06,True,0.75,395.975,0.8720614828209765,3858,156,1.0,2.94,10.0
0.09,False,0.25,126.85,0.05555555555555555,287,156,1.0,2.94,10.0
0.09,False,0.5,203.30000000000004,0.05555555555555555,287,156,1.0,2.94,10.0
0.09,False,0.75,310.95000000000005,0.05555555555555555,287,156,1.0,2.94,10.0
0.09,True,0.25,133.04999999999998,0.9444444444444444,4879,156,1.0,2.94,10.0
0.09,True,0.5,214.10000000000002,0.9444444444444444,4879,156,1.0,2.94,10.0
0.09,True,0.75,345.8,0.9444444444444444,4879,156,1.0,2.94,10.0
0.12,False,0.25,116.925,0.02454212454212454,134,156,1.0,2.94,10.0
0.12,False,0.5,172.8,0.02454212454212454,134,156,1.0,2.94,10.0
0.12,False,0.75,252.05,0.02454212454212454,134,156,1.0,2.94,10.0
0.12,True,0.25,119.625,0.9754578754578754,5326,156,1.0,2.94,10.0
0.12,True,0.5,181.7,0.9754578754578754,5326,156,1.0,2.94,10.0
0.12,True,0.75,277.425,0.9754578754578754,5326,156,1.0,2.94,10.0
0.15,False,0.25,95.725,0.013342696629213483,76,156,1.0,2.94,10.0
0.15,False,0.5,158.0,0.013342696629213483,76,156,1.0,2.94,10.0
0.15,False,0.75,224.25000000000006,0.013342696629213483,76,156,1.0,2.94,10.0
0.15,True,0.25,105.89999999999999,0.9866573033707865,5620,156,1.0,2.94,10.0
0.15,True,0.5,155.29999999999998,0.9866573033707865,5620,156,1.0,2.94,10.0
0.15,True,0.75,231.9,0.9866573033707865,5620,156,1.0,2.94,10.0
0.0,False,0.25,166.3,0.4788329519450801,837,158,1.0,2.94,10.0
0.0,False,0.5,265.1,0.4788329519450801,837,158,1.0,2.94,10.0
0.0,False,0.75,436.00000000000006,0.4788329519450801,837,158,1.0,2.94,10.0
0.0,True,0.25,161.95,0.5211670480549199,911,158,1.0,2.94,10.0
0.0,True,0.5,286.4,0.5211670480549199,911,158,1.0,2.94,10.0
0.0,True,0.75,466.75,0.5211670480549199,911,158,1.0,2.94,10.0
0.03,False,0.25,161.70000000000002,0.27989487516425754,1065,158,1.0,2.94,10.0
0.03,False,0.5,273.7,0.27989487516425754,1065,158,1.0,2.94,10.0
0.03,False,0.75,440.09999999999997,0.27989487516425754,1065,158,1.0,2.94,10.0
0.03,True,0.25,165.17499999999998,0.7201051248357424,2740,158,1.0,2.94,10.0
0.03,True,0.5,281.30000000000007,0.7201051248357424,2740,158,1.0,2.94,10.0
0.03,True,0.75,437.775,0.7201051248357424,2740,158,1.0,2.94,10.0
0.06,False,0.25,137.2,0.1252248201438849,557,158,1.0,2.94,10.0
0.06,False,0.5,244.00000000000006,0.1252248201438849,557,158,1.0,2.94,10.0
0.06,False,0.75,402.30000000000007,0.1252248201438849,557,158,1.0,2.94,10.0
0.06,True,0.25,147.29999999999998,0.8747751798561151,3891,158,1.0,2.94,10.0
0.06,True,0.5,239.29999999999998,0.8747751798561151,3891,158,1.0,2.94,10.0
0.06,True,0.75,389.25,0.8747751798561151,3891,158,1.0,2.94,10.0
0.09,False,0.25,129.75,0.056851031027172864,295,158,1.0,2.94,10.0
0.09,False,0.5,198.0,0.056851031027172864,295,158,1.0,2.94,10.0
0.09,False,0.75,321.9,0.056851031027172864,295,158,1.0,2.94,10.0
0.09,True,0.25,135.125,0.9431489689728272,4894,158,1.0,2.94,10.0
0.09,True,0.5,211.7,0.9431489689728272,4894,158,1.0,2.94,10.0
0.09,True,0.75,332.525,0.9431489689728272,4894,158,1.0,2.94,10.0
0.12,False,0.25,124.975,0.022373005684944068,122,158,1.0,2.94,10.0
0.12,False,0.5,168.85000000000002,0.022373005684944068,122,158,1.0,2.94,10.0
0.12,False,0.75,260.55,0.022373005684944068,122,158,1.0,2.94,10.0
0.12,True,0.25,122.2,0.977626994315056,5331,158,1.0,2.94,10.0
0.12,True,0.5,186.39999999999995,0.977626994315056,5331,158,1.0,2.94,10.0
0.12,True,0.75,281.59999999999997,0.977626994315056,5331,158,1.0,2.94,10.0
0.15,False,0.25,87.0,0.009657594381035996,55,158,1.0,2.94,10.0
0.15,False,0.5,132.6,0.009657594381035996,55,158,1.0,2.94,10.0
0.15,False,0.75,202.75000000000003,0.009657594381035996,55,158,1.0,2.94,10.0
0.15,True,0.25,107.27499999999999,0.990342405618964,5640,158,1.0,2.94,10.0
0.15,True,0.5,157.45,0.990342405618964,5640,158,1.0,2.94,10.0
0.15,True,0.75,235.80000000000007,0.990342405618964,5640,158,1.0,2.94,10.0
0.0,False,0.25,157.60000000000002,0.4930151338766007,847,163,1.0,2.94,10.0
0.0,False,0.5,274.2,0.4930151338766007,847,163,1.0,2.94,10.0
0.0,False,0.75,445.29999999999995,0.4930151338766007,847,163,1.0,2.94,10.0
0.0,True,0.25,170.59999999999997,0.5069848661233993,871,163,1.0,2.94,10.0
0.0,True,0.5,285.7,0.5069848661233993,871,163,1.0,2.94,10.0
0.0,True,0.75,433.04999999999995,0.5069848661233993,871,163,1.0,2.94,10.0
0.03,False,0.25,162.2,0.2780734433209154,1045,163,1.0,2.94,10.0
0.03,False,0.5,263.40000000000003,0.2780734433209154,1045,163,1.0,2.94,10.0
0.03,False,0.75,419.50000000000006,0.2780734433209154,1045,163,1.0,2.94,10.0
0.03,True,0.25,165.8,0.7219265566790847,2713,163,1.0,2.94,10.0
0.03,True,0.5,273.80000000000007,0.7219265566790847,2713,163,1.0,2.94,10.0
0.03,True,0.75,439.29999999999995,0.7219265566790847,2713,163,1.0,2.94,10.0
0.06,False,0.25,148.375,0.12203389830508475,540,163,1.0,2.94,10.0
0.06,False,0.5,242.5,0.12203389830508475,540,163,1.0,2.94,10.0
0.06,False,0.75,393.90000000000003,0.12203389830508475,540,163,1.0,2.94,10.0
0.06,True,0.25,151.7,0.8779661016949153,3885,163,1.0,2.94,10.0
0.06,True,0.5,247.70000000000005,0.8779661016949153,3885,163,1.0,2.94,10.0
0.06,True,0.75,399.1000000000001,0.8779661016949153,3885,163,1.0,2.94,10.0
0.09,False,0.25,128.0,0.05584541062801932,289,163,1.0,2.94,10.0
0.09,False,0.5,204.40000000000006,0.05584541062801932,289,163,1.0,2.94,10.0
0.09,False,0.75,325.0,0.05584541062801932,289,163,1.0,2.94,10.0
0.09,True,0.25,135.95,0.9441545893719807,4886,163,1.0,2.94,10.0
0.09,True,0.5,217.45,0.9441545893719807,4886,163,1.0,2.94,10.0
0.09,True,0.75,342.575,0.9441545893719807,4886,163,1.0,2.94,10.0
0.12,False,0.25,102.875,0.022414109865882784,122,163,1.0,2.94,10.0
0.12,False,0.5,184.3,0.022414109865882784,122,163,1.0,2.94,10.0
0.12,False,0.75,283.27500000000003,0.022414109865882784,122,163,1.0,2.94,10.0
0.12,True,0.25,121.0,0.9775858901341172,5321,163,1.0,2.94,10.0
0.12,True,0.5,186.9,0.9775858901341172,5321,163,1.0,2.94,10.0
0.12,True,0.75,283.90000000000003,0.9775858901341172,5321,163,1.0,2.94,10.0
0.15,False,0.25,91.775,0.010182584269662922,58,163,1.0,2.94,10.0
0.15,False,0.5,118.6,0.010182584269662922,58,163,1.0,2.94,10.0
0.15,False,0.75,191.6,0.010182584269662922,58,163,1.0,2.94,10.0
0.15,True,0.25,106.6,0.9898174157303371,5638,163,1.0,2.94,10.0
0.15,True,0.5,159.8,0.9898174157303371,5638,163,1.0,2.94,10.0
0.15,True,0.75,236.57500000000005,0.9898174157303371,5638,163,1.0,2.94,10.0
0.0,False,0.25,164.65,0.4742625795257374,820,164,1.0,2.94,10.0
0.0,False,0.5,276.95000000000005,0.4742625795257374,820,164,1.0,2.94,10.0
0.0,False,0.75,438.425,0.4742625795257374,820,164,1.0,2.94,10.0
0.0,True,0.25,168.9,0.5257374204742625,909,164,1.0,2.94,10.0
0.0,True,0.5,267.90000000000003,0.5257374204742625,909,164,1.0,2.94,10.0
0.0,True,0.75,418.79999999999995,0.5257374204742625,909,164,1.0,2.94,10.0
0.03,False,0.25,149.725,0.2770608375032921,1052,164,1.0,2.94,10.0
0.03,False,0.5,269.05,0.2770608375032921,1052,164,1.0,2.94,10.0
0.03,False,0.75,446.90000000000003,0.2770608375032921,1052,164,1.0,2.94,10.0
0.03,True,0.25,169.4,0.722939162496708,2745,164,1.0,2.94,10.0
0.03,True,0.5,282.4,0.722939162496708,2745,164,1.0,2.94,10.0
0.03,True,0.75,437.6,0.722939162496708,2745,164,1.0,2.94,10.0
0.06,False,0.25,151.6,0.1445945945945946,642,164,1.0,2.94,10.0
0.06,False,0.5,243.95000000000005,0.1445945945945946,642,164,1.0,2.94,10.0
0.06,False,0.75,385.2250000000001,0.1445945945945946,642,164,1.0,2.94,10.0
0.06,True,0.25,157.675,0.8554054054054054,3798,164,1.0,2.94,10.0
0.06,True,0.5,251.40000000000003,0.8554054054054054,3798,164,1.0,2.94,10.0
0.06,True,0.75,396.875,0.8554054054054054,3798,164,1.0,2.94,10.0
0.09,False,0.25,131.65,0.05970724191063174,310,164,1.0,2.94,10.0
0.09,False,0.5,203.70000000000005,0.05970724191063174,310,164,1.0,2.94,10.0
0.09,False,0.75,331.35,0.05970724191063174,310,164,1.0,2.94,10.0
0.09,True,0.25,133.92499999999998,0.9402927580893683,4882,164,1.0,2.94,10.0
0.09,True,0.5,217.65000000000003,0.9402927580893683,4882,164,1.0,2.94,10.0
0.09,True,0.75,344.75000000000006,0.9402927580893683,4882,164,1.0,2.94,10.0
0.12,False,0.25,123.475,0.024546620260120902,134,164,1.0,2.94,10.0
0.12,False,0.5,174.75,0.024546620260120902,134,164,1.0,2.94,10.0
0.12,False,0.75,252.65,0.024546620260120902,134,164,1.0,2.94,10.0
0.12,True,0.25,119.69999999999999,0.9754533797398791,5325,164,1.0,2.94,10.0
0.12,True,0.5,183.10000000000002,0.9754533797398791,5325,164,1.0,2.94,10.0
0.12,True,0.75,284.70000000000005,0.9754533797398791,5325,164,1.0,2.94,10.0
0.15,False,0.25,100.39999999999998,0.010005265929436546,57,164,1.0,2.94,10.0
0.15,False,0.5,155.60000000000002,0.010005265929436546,57,164,1.0,2.94,10.0
0.15,False,0.75,203.90000000000003,0.010005265929436546,57,164,1.0,2.94,10.0
0.15,True,0.25,108.675,0.9899947340705635,5640,164,1.0,2.94,10.0
0.15,True,0.5,159.5,0.9899947340705635,5640,164,1.0,2.94,10.0
0.15,True,0.75,236.425,0.9899947340705635,5640,164,1.0,2.94,10.0
0.0,False,0.25,174.62499999999997,0.5052143684820394,872,165,1.0,2.94,10.0
0.0,False,0.5,269.8,0.5052143684820394,872,165,1.0,2.94,10.0
0.0,False,0.75,438.32500000000005,0.5052143684820394,872,165,1.0,2.94,10.0
0.0,True,0.25,158.75,0.4947856315179606,854,165,1.0,2.94,10.0
0.0,True,0.5,280.2,0.4947856315179606,854,165,1.0,2.94,10.0
0.0,True,0.75,446.1,0.4947856315179606,854,165,1.0,2.94,10.0
0.03,False,0.25,167.575,0.28022122728469845,1064,165,1.0,2.94,10.0
0.03,False,0.5,280.85,0.28022122728469845,1064,165,1.0,2.94,10.0
0.03,False,0.75,436.85,0.28022122728469845,1064,165,1.0,2.94,10.0
0.03,True,0.25,165.2,0.7197787727153016,2733,165,1.0,2.94,10.0
0.03,True,0.5,274.2,0.7197787727153016,2733,165,1.0,2.94,10.0
0.03,True,0.75,430.59999999999997,0.7197787727153016,2733,165,1.0,2.94,10.0
0.06,False,0.25,141.40000000000003,0.12690124858115778,559,165,1.0,2.94,10.0
0.06,False,0.5,233.3,0.12690124858115778,559,165,1.0,2.94,10.0
0.06,False,0.75,370.15000000000003,0.12690124858115778,559,165,1.0,2.94,10.0
0.06,True,0.25,154.14999999999998,0.8730987514188422,3846,165,1.0,2.94,10.0
0.06,True,0.5,251.10000000000002,0.8730987514188422,3846,165,1.0,2.94,10.0
0.06,True,0.75,393.875,0.8730987514188422,3846,165,1.0,2.94,10.0
0.09,False,0.25,128.0,0.05623188405797101,291,165,1.0,2.94,10.0
0.09,False,0.5,213.50000000000003,0.05623188405797101,291,165,1.0,2.94,10.0
0.09,False,0.75,345.95000000000005,0.05623188405797101,291,165,1.0,2.94,10.0
0.09,True,0.25,135.97499999999997,0.943768115942029,4884,165,1.0,2.94,10.0
0.09,True,0.5,216.00000000000003,0.943768115942029,4884,165,1.0,2.94,10.0
0.09,True,0.75,334.225,0.943768115942029,4884,165,1.0,2.94,10.0
0.12,False,0.25,105.125,0.023047375160051217,126,165,1.0,2.94,10.0
0.12,False,0.5,156.5,0.023047375160051217,126,165,1.0,2.94,10.0
0.12,False,0.75,238.0,0.023047375160051217,126,165,1.0,2.94,10.0
0.12,True,0.25,119.2,0.9769526248399488,5341,165,1.0,2.94,10.0
0.12,True,0.5,182.9,0.9769526248399488,5341,165,1.0,2.94,10.0
0.12,True,0.75,282.90000000000003,0.9769526248399488,5341,165,1.0,2.94,10.0
0.15,False,0.25,119.0,0.010015814443858724,57,165,1.0,2.94,10.0
0.15,False,0.5,164.89999999999998,0.010015814443858724,57,165,1.0,2.94,10.0
0.15,False,0.75,233.2,0.010015814443858724,57,165,1.0,2.94,10.0
0.15,True,0.25,109.3,0.9899841855561413,5634,165,1.0,2.94,10.0
0.15,True,0.5,158.89999999999998,0.9899841855561413,5634,165,1.0,2.94,10.0
0.15,True,0.75,236.50000000000003,0.9899841855561413,5634,165,1.0,2.94,10.0
0.0,False,0.25,172.89999999999998,0.5,875,166,1.0,2.94,10.0
0.0,False,0.5,292.90000000000003,0.5,875,166,1.0,2.94,10.0
0.0,False,0.75,457.4,0.5,875,166,1.0,2.94,10.0
0.0,True,0.25,163.5,0.5,875,166,1.0,2.94,10.0
0.0,True,0.5,269.4,0.5,875,166,1.0,2.94,10.0
0.0,True,0.75,460.15,0.5,875,166,1.0,2.94,10.0
0.03,False,0.25,158.02499999999998,0.2740015868817773,1036,166,1.0,2.94,10.0
0.03,False,0.5,274.6000000000001,0.2740015868817773,1036,166,1.0,2.94,10.0
0.03,False,0.75,425.65000000000003,0.2740015868817773,1036,166,1.0,2.94,10.0
0.03,True,0.25,166.5,0.7259984131182227,2745,166,1.0,2.94,10.0
0.03,True,0.5,270.6000000000001,0.7259984131182227,2745,166,1.0,2.94,10.0
0.03,True,0.75,430.3,0.7259984131182227,2745,166,1.0,2.94,10.0
0.06,False,0.25,144.50000000000003,0.1325,583,166,1.0,2.94,10.0
0.06,False,0.5,242.90000000000003,0.1325,583,166,1.0,2.94,10.0
0.06,False,0.75,384.20000000000005,0.1325,583,166,1.0,2.94,10.0
0.06,True,0.25,150.5,0.8675,3817,166,1.0,2.94,10.0
0.06,True,0.5,246.40000000000003,0.8675,3817,166,1.0,2.94,10.0
0.06,True,0.75,402.9,0.8675,3817,166,1.0,2.94,10.0
0.09,False,0.25,119.6,0.05913144629701435,305,166,1.0,2.94,10.0
0.09,False,0.5,189.89999999999998,0.05913144629701435,305,166,1.0,2.94,10.0
0.09,False,0.75,309.0,0.05913144629701435,305,166,1.0,2.94,10.0
0.09,True,0.25,136.7,0.9408685537029856,4853,166,1.0,2.94,10.0
0.09,True,0.5,216.00000000000003,0.9408685537029856,4853,166,1.0,2.94,10.0
0.09,True,0.75,342.6,0.9408685537029856,4853,166,1.0,2.94,10.0
0.12,False,0.25,108.79999999999998,0.02831923501287238,154,166,1.0,2.94,10.0
0.12,False,0.5,175.7,0.02831923501287238,154,166,1.0,2.94,10.0
0.12,False,0.75,253.125,0.02831923501287238,154,166,1.0,2.94,10.0
0.12,True,0.25,116.49999999999997,0.9716807649871276,5284,166,1.0,2.94,10.0
0.12,True,0.5,181.34999999999997,0.9716807649871276,5284,166,1.0,2.94,10.0
0.12,True,0.75,285.02500000000003,0.9716807649871276,5284,166,1.0,2.94,10.0
0.15,False,0.25,100.9,0.01107011070110701,63,166,1.0,2.94,10.0
0.15,False,0.5,134.9,0.01107011070110701,63,166,1.0,2.94,10.0
0.15,False,0.75,193.2,0.01107011070110701,63,166,1.0,2.94,10.0
0.15,True,0.25,106.2,0.988929889298893,5628,166,1.0,2.94,10.0
0.15,True,0.5,156.0,0.988929889298893,5628,166,1.0,2.94,10.0
0.15,True,0.75,232.90000000000006,0.988929889298893,5628,166,1.0,2.94,10.0
0.0,False,0.25,172.9,0.4694110920526015,821,171,1.0,2.94,10.0
0.0,False,0.5,281.4,0.4694110920526015,821,171,1.0,2.94,10.0
0.0,False,0.75,430.4,0.4694110920526015,821,171,1.0,2.94,10.0
0.0,True,0.25,163.70000000000002,0.5305889079473985,928,171,1.0,2.94,10.0
0.0,True,0.5,277.3,0.5305889079473985,928,171,1.0,2.94,10.0
0.0,True,0.75,427.20000000000005,0.5305889079473985,928,171,1.0,2.94,10.0
0.03,False,0.25,165.0,0.28211252653927815,1063,171,1.0,2.94,10.0
0.03,False,0.5,272.80000000000007,0.28211252653927815,1063,171,1.0,2.94,10.0
0.03,False,0.75,423.55,0.28211252653927815,1063,171,1.0,2.94,10.0
0.03,True,0.25,162.89999999999998,0.7178874734607219,2705,171,1.0,2.94,10.0
0.03,True,0.5,272.50000000000006,0.7178874734607219,2705,171,1.0,2.94,10.0
0.03,True,0.75,437.0,0.7178874734607219,2705,171,1.0,2.94,10.0
0.06,False,0.25,148.825,0.1288868859846778,572,171,1.0,2.94,10.0
0.06,False,0.5,236.65000000000003,0.1288868859846778,572,171,1.0,2.94,10.0
0.06,False,0.75,387.02500000000003,0.1288868859846778,572,171,1.0,2.94,10.0
0.06,True,0.25,151.325,0.8711131140153222,3866,171,1.0,2.94,10.0
0.06,True,0.5,248.15000000000003,0.8711131140153222,3866,171,1.0,2.94,10.0
0.06,True,0.75,390.4750000000001,0.8711131140153222,3866,171,1.0,2.94,10.0
0.09,False,0.25,128.5,0.05563093622795115,287,171,1.0,2.94,10.0
0.09,False,0.5,214.8,0.05563093622795115,287,171,1.0,2.94,10.0
0.09,False,0.75,323.15000000000003,0.05563093622795115,287,171,1.0,2.94,10.0
0.09,True,0.25,135.99999999999997,0.9443690637720489,4872,171,1.0,2.94,10.0
0.09,True,0.5,215.85000000000002,0.9443690637720489,4872,171,1.0,2.94,10.0
0.09,True,0.75,335.7,0.9443690637720489,4872,171,1.0,2.94,10.0
0.12,False,0.25,108.34999999999998,0.028576662392379555,156,171,1.0,2.94,10.0
0.12,False,0.5,170.64999999999998,0.028576662392379555,156,171,1.0,2.94,10.0
0.12,False,0.75,271.95000000000005,0.028576662392379555,156,171,1.0,2.94,10.0
0.12,True,0.25,121.35,0.9714233376076205,5303,171,1.0,2.94,10.0
0.12,True,0.5,184.29999999999995,0.9714233376076205,5303,171,1.0,2.94,10.0
0.12,True,0.75,279.5,0.9714233376076205,5303,171,1.0,2.94,10.0
0.15,False,0.25,100.42499999999998,0.010193321616871705,58,171,1.0,2.94,10.0
0.15,False,0.5,138.60000000000002,0.010193321616871705,58,171,1.0,2.94,10.0
0.15,False,0.75,218.72500000000005,0.010193321616871705,58,171,1.0,2.94,10.0
0.15,True,0.25,105.80000000000001,0.9898066783831283,5632,171,1.0,2.94,10.0
0.15,True,0.5,155.60000000000002,0.9898066783831283,5632,171,1.0,2.94,10.0
0.15,True,0.75,232.07500000000005,0.9898066783831283,5632,171,1.0,2.94,10.0
0.0,False,0.25,158.14999999999998,0.49658314350797267,872,179,1.0,2.94,10.0
0.0,False,0.5,268.65,0.49658314350797267,872,179,1.0,2.94,10.0
0.0,False,0.75,441.12499999999994,0.49658314350797267,872,179,1.0,2.94,10.0
0.0,True,0.25,159.375,0.5034168564920274,884,179,1.0,2.94,10.0
0.0,True,0.5,265.5,0.5034168564920274,884,179,1.0,2.94,10.0
0.0,True,0.75,442.09999999999997,0.5034168564920274,884,179,1.0,2.94,10.0
0.03,False,0.25,159.72499999999997,0.27727991565629945,1052,179,1.0,2.94,10.0
0.03,False,0.5,264.9,0.27727991565629945,1052,179,1.0,2.94,10.0
0.03,False,0.75,425.025,0.27727991565629945,1052,179,1.0,2.94,10.0
0.03,True,0.25,162.775,0.7227200843437006,2742,179,1.0,2.94,10.0
0.03,True,0.5,275.8,0.7227200843437006,2742,179,1.0,2.94,10.0
0.03,True,0.75,429.2249999999999,0.7227200843437006,2742,179,1.0,2.94,10.0
0.06,False,0.25,151.375,0.12055780476833108,536,179,1.0,2.94,10.0
0.06,False,0.5,245.59999999999997,0.12055780476833108,536,179,1.0,2.94,10.0
0.06,False,0.75,397.27500000000003,0.12055780476833108,536,179,1.0,2.94,10.0
0.06,True,0.25,152.625,0.8794421952316689,3910,179,1.0,2.94,10.0
0.06,True,0.5,250.2,0.8794421952316689,3910,179,1.0,2.94,10.0
0.06,True,0.75,401.77500000000003,0.8794421952316689,3910,179,1.0,2.94,10.0
0.09,False,0.25,126.3,0.057666345226615234,299,179,1.0,2.94,10.0
0.09,False,0.5,214.20000000000002,0.057666345226615234,299,179,1.0,2.94,10.0
0.09,False,0.75,326.25000000000006,0.057666345226615234,299,179,1.0,2.94,10.0
0.09,True,0.25,135.7,0.9423336547733847,4886,179,1.0,2.94,10.0
0.09,True,0.5,217.20000000000005,0.9423336547733847,4886,179,1.0,2.94,10.0
0.09,True,0.75,338.3,0.9423336547733847,4886,179,1.0,2.94,10.0
0.12,False,0.25,105.19999999999999,0.022112573099415205,121,179,1.0,2.94,10.0
0.12,False,0.5,162.1,0.022112573099415205,121,179,1.0,2.94,10.0
0.12,False,0.75,258.70000000000005,0.022112573099415205,121,179,1.0,2.94,10.0
0.12,True,0.25,117.69999999999999,0.9778874269005848,5351,179,1.0,2.94,10.0
0.12,True,0.5,177.6,0.9778874269005848,5351,179,1.0,2.94,10.0
0.12,True,0.75,276.3,0.9778874269005848,5351,179,1.0,2.94,10.0
0.15,False,0.25,102.67499999999997,0.008429926238145416,48,179,1.0,2.94,10.0
0.15,False,0.5,136.7,0.008429926238145416,48,179,1.0,2.94,10.0
0.15,False,0.75,232.34999999999997,0.008429926238145416,48,179,1.0,2.94,10.0
0.15,True,0.25,105.225,0.9915700737618546,5646,179,1.0,2.94,10.0
0.15,True,0.5,154.25,0.9915700737618546,5646,179,1.0,2.94,10.0
0.15,True,0.75,236.175,0.9915700737618546,5646,179,1.0,2.94,10.0
0.0,False,0.25,162.75,0.5145964510589582,899,180,1.0,2.94,10.0
0.0,False,0.5,272.40000000000003,0.5145964510589582,899,180,1.0,2.94,10.0
0.0,False,0.75,427.95000000000005,0.5145964510589582,899,180,1.0,2.94,10.0
0.0,True,0.25,160.67499999999998,0.48540354894104176,848,180,1.0,2.94,10.0
0.0,True,0.5,289.75,0.48540354894104176,848,180,1.0,2.94,10.0
0.0,True,0.75,440.27500000000003,0.48540354894104176,848,180,1.0,2.94,10.0
0.03,False,0.25,164.72499999999997,0.2848,1068,180,1.0,2.94,10.0
0.03,False,0.5,282.1,0.2848,1068,180,1.0,2.94,10.0
0.03,False,0.75,431.85,0.2848,1068,180,1.0,2.94,10.0
0.03,True,0.25,159.27499999999998,0.7152,2682,180,1.0,2.94,10.0
0.03,True,0.5,273.79999999999995,0.7152,2682,180,1.0,2.94,10.0
0.03,True,0.75,437.375,0.7152,2682,180,1.0,2.94,10.0
0.06,False,0.25,131.35000000000002,0.14198919891989198,631,180,1.0,2.94,10.0
0.06,False,0.5,232.20000000000002,0.14198919891989198,631,180,1.0,2.94,10.0
0.06,False,0.75,381.30000000000007,0.14198919891989198,631,180,1.0,2.94,10.0
0.06,True,0.25,151.7,0.858010801080108,3813,180,1.0,2.94,10.0
0.06,True,0.5,248.00000000000006,0.858010801080108,3813,180,1.0,2.94,10.0
0.06,True,0.75,392.40000000000003,0.858010801080108,3813,180,1.0,2.94,10.0
0.09,False,0.25,145.975,0.0627177700348432,324,180,1.0,2.94,10.0
0.09,False,0.5,219.05,0.0627177700348432,324,180,1.0,2.94,10.0
0.09,False,0.75,321.5250000000001,0.0627177700348432,324,180,1.0,2.94,10.0
0.09,True,0.25,135.99999999999997,0.9372822299651568,4842,180,1.0,2.94,10.0
0.09,True,0.5,216.20000000000002,0.9372822299651568,4842,180,1.0,2.94,10.0
0.09,True,0.75,337.475,0.9372822299651568,4842,180,1.0,2.94,10.0
0.12,False,0.25,110.5,0.0266348273328435,145,180,1.0,2.94,10.0
0.12,False,0.5,161.1,0.0266348273328435,145,180,1.0,2.94,10.0
0.12,False,0.75,258.4000000000001,0.0266348273328435,145,180,1.0,2.94,10.0
0.12,True,0.25,118.60000000000001,0.9733651726671565,5299,180,1.0,2.94,10.0
0.12,True,0.5,179.2,0.9733651726671565,5299,180,1.0,2.94,10.0
0.12,True,0.75,281.65,0.9733651726671565,5299,180,1.0,2.94,10.0
0.15,False,0.25,112.7,0.011934011934011933,68,180,1.0,2.94,10.0
0.15,False,0.5,148.95,0.011934011934011933,68,180,1.0,2.94,10.0
0.15,False,0.75,207.275,0.011934011934011933,68,180,1.0,2.94,10.0
0.15,True,0.25,110.10000000000001,0.9880659880659881,5630,180,1.0,2.94,10.0
0.15,True,0.5,160.1,0.9880659880659881,5630,180,1.0,2.94,10.0
0.15,True,0.75,241.57500000000002,0.9880659880659881,5630,180,1.0,2.94,10.0
0.0,False,0.25,161.85,0.5203905801263642,906,181,1.0,2.94,10.0
0.0,False,0.5,258.05000000000007,0.5203905801263642,906,181,1.0,2.94,10.0
0.0,False,0.75,447.70000000000005,0.5203905801263642,906,181,1.0,2.94,10.0
0.0,True,0.25,163.0,0.47960941987363587,835,181,1.0,2.94,10.0
0.0,True,0.5,266.3,0.47960941987363587,835,181,1.0,2.94,10.0
0.0,True,0.75,439.75,0.47960941987363587,835,181,1.0,2.94,10.0
0.03,False,0.25,156.375,0.29447209850668066,1124,181,1.0,2.94,10.0
0.03,False,0.5,256.1,0.29447209850668066,1124,181,1.0,2.94,10.0
0.03,False,0.75,434.425,0.29447209850668066,1124,181,1.0,2.94,10.0
0.03,True,0.25,157.1,0.7055279014933193,2693,181,1.0,2.94,10.0
0.03,True,0.5,266.6000000000001,0.7055279014933193,2693,181,1.0,2.94,10.0
0.03,True,0.75,428.09999999999997,0.7055279014933193,2693,181,1.0,2.94,10.0
0.06,False,0.25,141.45,0.13204146011716988,586,181,1.0,2.94,10.0
0.06,False,0.5,230.40000000000003,0.13204146011716988,586,181,1.0,2.94,10.0
0.06,False,0.75,363.375,0.13204146011716988,586,181,1.0,2.94,10.0
0.06,True,0.25,149.9,0.8679585398828301,3852,181,1.0,2.94,10.0
0.06,True,0.5,246.25000000000006,0.8679585398828301,3852,181,1.0,2.94,10.0
0.06,True,0.75,386.725,0.8679585398828301,3852,181,1.0,2.94,10.0
0.09,False,0.25,124.60000000000001,0.059957586273375746,311,181,1.0,2.94,10.0
0.09,False,0.5,199.8,0.059957586273375746,311,181,1.0,2.94,10.0
0.09,False,0.75,361.20000000000005,0.059957586273375746,311,181,1.0,2.94,10.0
0.09,True,0.25,134.0,0.9400424137266242,4876,181,1.0,2.94,10.0
0.09,True,0.5,216.4,0.9400424137266242,4876,181,1.0,2.94,10.0
0.09,True,0.75,336.5,0.9400424137266242,4876,181,1.0,2.94,10.0
0.12,False,0.25,101.275,0.024940399779937648,136,181,1.0,2.94,10.0
0.12,False,0.5,156.0,0.024940399779937648,136,181,1.0,2.94,10.0
0.12,False,0.75,252.57500000000005,0.024940399779937648,136,181,1.0,2.94,10.0
0.12,True,0.25,121.39999999999999,0.9750596002200623,5317,181,1.0,2.94,10.0
0.12,True,0.5,181.7,0.9750596002200623,5317,181,1.0,2.94,10.0
0.12,True,0.75,281.5,0.9750596002200623,5317,181,1.0,2.94,10.0
0.15,False,0.25,107.00000000000001,0.01141352063213345,65,181,1.0,2.94,10.0
0.15,False,0.5,138.99999999999997,0.01141352063213345,65,181,1.0,2.94,10.0
0.15,False,0.75,262.7,0.01141352063213345,65,181,1.0,2.94,10.0
0.15,True,0.25,104.69999999999999,0.9885864793678666,5630,181,1.0,2.94,10.0
0.15,True,0.5,155.70000000000002,0.9885864793678666,5630,181,1.0,2.94,10.0
0.15,True,0.75,233.05000000000004,0.9885864793678666,5630,181,1.0,2.94,10.0
0.0,False,0.25,163.39999999999998,0.5075493612078978,874,190,1.0,2.94,10.0
0.0,False,0.5,279.40000000000003,0.5075493612078978,874,190,1.0,2.94,10.0
0.0,False,0.75,456.15000000000003,0.5075493612078978,874,190,1.0,2.94,10.0
0.0,True,0.25,164.79999999999998,0.4924506387921022,848,190,1.0,2.94,10.0
0.0,True,0.5,272.6,0.4924506387921022,848,190,1.0,2.94,10.0
0.0,True,0.75,442.975,0.4924506387921022,848,190,1.0,2.94,10.0
0.03,False,0.25,152.5,0.2798299229338294,1053,190,1.0,2.94,10.0
0.03,False,0.5,267.6,0.2798299229338294,1053,190,1.0,2.94,10.0
0.03,False,0.75,428.7,0.2798299229338294,1053,190,1.0,2.94,10.0
0.03,True,0.25,164.02499999999998,0.7201700770661706,2710,190,1.0,2.94,10.0
0.03,True,0.5,272.75,0.7201700770661706,2710,190,1.0,2.94,10.0
0.03,True,0.75,430.875,0.7201700770661706,2710,190,1.0,2.94,10.0
0.06,False,0.25,144.6,0.1277124773960217,565,190,1.0,2.94,10.0
0.06,False,0.5,236.20000000000002,0.1277124773960217,565,190,1.0,2.94,10.0
0.06,False,0.75,392.40000000000003,0.1277124773960217,565,190,1.0,2.94,10.0
0.06,True,0.25,152.0,0.8722875226039783,3859,190,1.0,2.94,10.0
0.06,True,0.5,251.1,0.8722875226039783,3859,190,1.0,2.94,10.0
0.06,True,0.75,403.40000000000003,0.8722875226039783,3859,190,1.0,2.94,10.0
0.09,False,0.25,135.45,0.05330243337195829,276,190,1.0,2.94,10.0
0.09,False,0.5,210.00000000000003,0.05330243337195829,276,190,1.0,2.94,10.0
0.09,False,0.75,377.35,0.05330243337195829,276,190,1.0,2.94,10.0
0.09,True,0.25,135.125,0.9466975666280417,4902,190,1.0,2.94,10.0
0.09,True,0.5,218.10000000000002,0.9466975666280417,4902,190,1.0,2.94,10.0
0.09,True,0.75,346.57500000000005,0.9466975666280417,4902,190,1.0,2.94,10.0
0.12,False,0.25,114.55,0.02629159772016915,143,190,1.0,2.94,10.0
0.12,False,0.5,161.6,0.02629159772016915,143,190,1.0,2.94,10.0
0.12,False,0.75,252.60000000000002,0.02629159772016915,143,190,1.0,2.94,10.0
0.12,True,0.25,120.975,0.9737084022798308,5296,190,1.0,2.94,10.0
0.12,True,0.5,186.85000000000002,0.9737084022798308,5296,190,1.0,2.94,10.0
0.12,True,0.75,289.45,0.9737084022798308,5296,190,1.0,2.94,10.0
0.15,False,0.25,96.52499999999999,0.009834913944502985,56,190,1.0,2.94,10.0
0.15,False,0.5,150.7,0.009834913944502985,56,190,1.0,2.94,10.0
0.15,False,0.75,183.79999999999998,0.009834913944502985,56,190,1.0,2.94,10.0
0.15,True,0.25,107.025,0.990165086055497,5638,190,1.0,2.94,10.0
0.15,True,0.5,157.0,0.990165086055497,5638,190,1.0,2.94,10.0
0.15,True,0.75,237.47500000000002,0.990165086055497,5638,190,1.0,2.94,10.0
0.0,False,0.25,165.6,0.4949733885274985,837,204,1.0,2.94,10.0
0.0,False,0.5,276.1,0.4949733885274985,837,204,1.0,2.94,10.0
0.0,False,0.75,426.99999999999994,0.4949733885274985,837,204,1.0,2.94,10.0
0.0,True,0.25,161.825,0.5050266114725015,854,204,1.0,2.94,10.0
0.0,True,0.5,276.04999999999995,0.5050266114725015,854,204,1.0,2.94,10.0
0.0,True,0.75,431.35,0.5050266114725015,854,204,1.0,2.94,10.0
0.03,False,0.25,161.2,0.26612050739957716,1007,204,1.0,2.94,10.0
0.03,False,0.5,270.90000000000003,0.26612050739957716,1007,204,1.0,2.94,10.0
0.03,False,0.75,424.00000000000006,0.26612050739957716,1007,204,1.0,2.94,10.0
0.03,True,0.25,161.6,0.7338794926004228,2777,204,1.0,2.94,10.0
0.03,True,0.5,268.8,0.7338794926004228,2777,204,1.0,2.94,10.0
0.03,True,0.75,432.3,0.7338794926004228,2777,204,1.0,2.94,10.0
0.06,False,0.25,150.60000000000002,0.13447653429602888,596,204,1.0,2.94,10.0
0.06,False,0.5,244.45000000000002,0.13447653429602888,596,204,1.0,2.94,10.0
0.06,False,0.75,388.65,0.13447653429602888,596,204,1.0,2.94,10.0
0.06,True,0.25,147.79999999999998,0.8655234657039711,3836,204,1.0,2.94,10.0
0.06,True,0.5,242.95000000000005,0.8655234657039711,3836,204,1.0,2.94,10.0
0.06,True,0.75,386.67500000000007,0.8655234657039711,3836,204,1.0,2.94,10.0
0.09,False,0.25,127.44999999999999,0.05926786751888437,306,204,1.0,2.94,10.0
0.09,False,0.5,208.95000000000002,0.05926786751888437,306,204,1.0,2.94,10.0
0.09,False,0.75,348.725,0.05926786751888437,306,204,1.0,2.94,10.0
0.09,True,0.25,136.79999999999998,0.9407321324811156,4857,204,1.0,2.94,10.0
0.09,True,0.5,216.70000000000005,0.9407321324811156,4857,204,1.0,2.94,10.0
0.09,True,0.75,343.5,0.9407321324811156,4857,204,1.0,2.94,10.0
0.12,False,0.25,94.44999999999999,0.022336140607835956,122,204,1.0,2.94,10.0
0.12,False,0.5,156.3,0.022336140607835956,122,204,1.0,2.94,10.0
0.12,False,0.75,241.55000000000007,0.022336140607835956,122,204,1.0,2.94,10.0
0.12,True,0.25,118.79999999999998,0.977663859392164,5340,204,1.0,2.94,10.0
0.12,True,0.5,184.24999999999997,0.977663859392164,5340,204,1.0,2.94,10.0
0.12,True,0.75,282.0,0.977663859392164,5340,204,1.0,2.94,10.0
0.15,False,0.25,92.5,0.008608573436401968,49,204,1.0,2.94,10.0
0.15,False,0.5,164.70000000000002,0.008608573436401968,49,204,1.0,2.94,10.0
0.15,False,0.75,284.5000000000001,0.008608573436401968,49,204,1.0,2.94,10.0
0.15,True,0.25,105.85,0.991391426563598,5643,204,1.0,2.94,10.0
0.15,True,0.5,154.70000000000002,0.991391426563598,5643,204,1.0,2.94,10.0
0.15,True,0.75,230.10000000000002,0.991391426563598,5643,204,1.0,2.94,10.0
0.0,False,0.25,174.45000000000002,0.4970622796709753,846,207,1.0,2.94,10.0
0.0,False,0.5,287.65,0.4970622796709753,846,207,1.0,2.94,10.0
0.0,False,0.75,470.975,0.4970622796709753,846,207,1.0,2.94,10.0
0.0,True,0.25,170.05,0.5029377203290247,856,207,1.0,2.94,10.0
0.0,True,0.5,274.75,0.5029377203290247,856,207,1.0,2.94,10.0
0.0,True,0.75,440.22499999999997,0.5029377203290247,856,207,1.0,2.94,10.0
0.03,False,0.25,167.72500000000002,0.2837696335078534,1084,207,1.0,2.94,10.0
0.03,False,0.5,270.75,0.2837696335078534,1084,207,1.0,2.94,10.0
0.03,False,0.75,424.05000000000007,0.2837696335078534,1084,207,1.0,2.94,10.0
0.03,True,0.25,162.475,0.7162303664921466,2736,207,1.0,2.94,10.0
0.03,True,0.5,263.6,0.7162303664921466,2736,207,1.0,2.94,10.0
0.03,True,0.75,421.375,0.7162303664921466,2736,207,1.0,2.94,10.0
0.06,False,0.25,142.50000000000003,0.13635339193148524,605,207,1.0,2.94,10.0
0.06,False,0.5,220.10000000000005,0.13635339193148524,605,207,1.0,2.94,10.0
0.06,False,0.75,374.8,0.13635339193148524,605,207,1.0,2.94,10.0
0.06,True,0.25,151.1,0.8636466080685148,3832,207,1.0,2.94,10.0
0.06,True,0.5,251.70000000000005,0.8636466080685148,3832,207,1.0,2.94,10.0
0.06,True,0.75,399.75,0.8636466080685148,3832,207,1.0,2.94,10.0
0.09,False,0.25,129.95,0.06021297192642788,311,207,1.0,2.94,10.0
0.09,False,0.5,221.0,0.06021297192642788,311,207,1.0,2.94,10.0
0.09,False,0.75,347.44999999999993,0.06021297192642788,311,207,1.0,2.94,10.0
0.09,True,0.25,135.7,0.9397870280735722,4854,207,1.0,2.94,10.0
0.09,True,0.5,215.50000000000003,0.9397870280735722,4854,207,1.0,2.94,10.0
0.09,True,0.75,344.17499999999995,0.9397870280735722,4854,207,1.0,2.94,10.0
0.12,False,0.25,123.32499999999999,0.022368903557022368,122,207,1.0,2.94,10.0
0.12,False,0.5,196.2,0.022368903557022368,122,207,1.0,2.94,10.0
0.12,False,0.75,271.5250000000001,0.022368903557022368,122,207,1.0,2.94,10.0
0.12,True,0.25,120.57499999999999,0.9776310964429776,5332,207,1.0,2.94,10.0
0.12,True,0.5,184.95,0.9776310964429776,5332,207,1.0,2.94,10.0
0.12,True,0.75,280.55000000000007,0.9776310964429776,5332,207,1.0,2.94,10.0
0.15,False,0.25,106.44999999999999,0.00984009840098401,56,207,1.0,2.94,10.0
0.15,False,0.5,135.05,0.00984009840098401,56,207,1.0,2.94,10.0
0.15,False,0.75,243.64999999999998,0.00984009840098401,56,207,1.0,2.94,10.0
0.15,True,0.25,106.95,0.990159901599016,5635,207,1.0,2.94,10.0
0.15,True,0.5,158.5,0.990159901599016,5635,207,1.0,2.94,10.0
0.15,True,0.75,237.60000000000002,0.990159901599016,5635,207,1.0,2.94,10.0
0.0,False,0.25,162.89999999999998,0.4810274372446001,824,209,1.0,2.94,10.0
0.0,False,0.5,264.35,0.4810274372446001,824,209,1.0,2.94,10.0
0.0,False,0.75,438.05,0.4810274372446001,824,209,1.0,2.94,10.0
0.0,True,0.25,171.6,0.5189725627553999,889,209,1.0,2.94,10.0
0.0,True,0.5,290.7,0.5189725627553999,889,209,1.0,2.94,10.0
0.0,True,0.75,452.00000000000006,0.5189725627553999,889,209,1.0,2.94,10.0
0.03,False,0.25,161.47500000000002,0.2743037309511298,1044,209,1.0,2.94,10.0
0.03,False,0.5,276.4,0.2743037309511298,1044,209,1.0,2.94,10.0
0.03,False,0.75,424.6,0.2743037309511298,1044,209,1.0,2.94,10.0
0.03,True,0.25,165.6,0.7256962690488702,2762,209,1.0,2.94,10.0
0.03,True,0.5,268.65000000000003,0.7256962690488702,2762,209,1.0,2.94,10.0
0.03,True,0.75,433.175,0.7256962690488702,2762,209,1.0,2.94,10.0
0.06,False,0.25,148.2,0.13035674220327576,581,209,1.0,2.94,10.0
0.06,False,0.5,246.90000000000003,0.13035674220327576,581,209,1.0,2.94,10.0
0.06,False,0.75,383.8,0.13035674220327576,581,209,1.0,2.94,10.0
0.06,True,0.25,152.0,0.8696432577967242,3876,209,1.0,2.94,10.0
0.06,True,0.5,247.29999999999998,0.8696432577967242,3876,209,1.0,2.94,10.0
0.06,True,0.75,396.02500000000003,0.8696432577967242,3876,209,1.0,2.94,10.0
0.09,False,0.25,136.5,0.06102285935683843,315,209,1.0,2.94,10.0
0.09,False,0.5,226.70000000000005,0.06102285935683843,315,209,1.0,2.94,10.0
0.09,False,0.75,319.65,0.06102285935683843,315,209,1.0,2.94,10.0
0.09,True,0.25,134.1,0.9389771406431615,4847,209,1.0,2.94,10.0
0.09,True,0.5,214.20000000000002,0.9389771406431615,4847,209,1.0,2.94,10.0
0.09,True,0.75,338.85,0.9389771406431615,4847,209,1.0,2.94,10.0
0.12,False,0.25,109.99999999999999,0.027369581190301247,149,209,1.0,2.94,10.0
0.12,False,0.5,179.9,0.027369581190301247,149,209,1.0,2.94,10.0
0.12,False,0.75,300.2,0.027369581190301247,149,209,1.0,2.94,10.0
0.12,True,0.25,122.6,0.9726304188096988,5295,209,1.0,2.94,10.0
0.12,True,0.5,186.0,0.9726304188096988,5295,209,1.0,2.94,10.0
0.12,True,0.75,286.2,0.9726304188096988,5295,209,1.0,2.94,10.0
0.15,False,0.25,95.8,0.008251404494382022,47,209,1.0,2.94,10.0
0.15,False,0.5,143.79999999999998,0.008251404494382022,47,209,1.0,2.94,10.0
0.15,False,0.75,226.9,0.008251404494382022,47,209,1.0,2.94,10.0
0.15,True,0.25,105.4,0.991748595505618,5649,209,1.0,2.94,10.0
0.15,True,0.5,153.60000000000002,0.991748595505618,5649,209,1.0,2.94,10.0
0.15,True,0.75,232.00000000000003,0.991748595505618,5649,209,1.0,2.94,10.0
0.0,False,0.25,170.55,0.46808510638297873,814,211,1.0,2.94,10.0
0.0,False,0.5,272.25,0.46808510638297873,814,211,1.0,2.94,10.0
0.0,False,0.75,436.04999999999995,0.46808510638297873,814,211,1.0,2.94,10.0
0.0,True,0.25,161.5,0.5319148936170213,925,211,1.0,2.94,10.0
0.0,True,0.5,273.59999999999997,0.5319148936170213,925,211,1.0,2.94,10.0
0.0,True,0.75,456.6,0.5319148936170213,925,211,1.0,2.94,10.0
0.03,False,0.25,166.6,0.28340402969247086,1069,211,1.0,2.94,10.0
0.03,False,0.5,273.2,0.28340402969247086,1069,211,1.0,2.94,10.0
0.03,False,0.75,433.2,0.28340402969247086,1069,211,1.0,2.94,10.0
0.03,True,0.25,162.1,0.7165959703075292,2703,211,1.0,2.94,10.0
0.03,True,0.5,270.7,0.7165959703075292,2703,211,1.0,2.94,10.0
0.03,True,0.75,421.6,0.7165959703075292,2703,211,1.0,2.94,10.0
0.06,False,0.25,144.87500000000003,0.13212258796821794,582,211,1.0,2.94,10.0
0.06,False,0.5,235.75000000000006,0.13212258796821794,582,211,1.0,2.94,10.0
0.06,False,0.75,392.57500000000005,0.13212258796821794,582,211,1.0,2.94,10.0
0.06,True,0.25,150.84999999999997,0.867877412031782,3823,211,1.0,2.94,10.0
0.06,True,0.5,240.20000000000002,0.867877412031782,3823,211,1.0,2.94,10.0
0.06,True,0.75,381.55000000000007,0.867877412031782,3823,211,1.0,2.94,10.0
0.09,False,0.25,120.5,0.05497483546264034,284,211,1.0,2.94,10.0
0.09,False,0.5,186.64999999999998,0.05497483546264034,284,211,1.0,2.94,10.0
0.09,False,0.75,313.35,0.05497483546264034,284,211,1.0,2.94,10.0
0.09,True,0.25,138.99999999999997,0.9450251645373596,4882,211,1.0,2.94,10.0
0.09,True,0.5,217.30000000000004,0.9450251645373596,4882,211,1.0,2.94,10.0
0.09,True,0.75,346.77500000000003,0.9450251645373596,4882,211,1.0,2.94,10.0
0.12,False,0.25,115.7,0.027833730086064823,152,211,1.0,2.94,10.0
0.12,False,0.5,179.65,0.027833730086064823,152,211,1.0,2.94,10.0
0.12,False,0.75,288.575,0.027833730086064823,152,211,1.0,2.94,10.0
0.12,True,0.25,122.69999999999999,0.9721662699139352,5309,211,1.0,2.94,10.0
0.12,True,0.5,184.29999999999995,0.9721662699139352,5309,211,1.0,2.94,10.0
0.12,True,0.75,287.69999999999993,0.9721662699139352,5309,211,1.0,2.94,10.0
0.15,False,0.25,121.82499999999999,0.010888654724271163,62,211,1.0,2.94,10.0
0.15,False,0.5,164.7,0.010888654724271163,62,211,1.0,2.94,10.0
0.15,False,0.75,265.075,0.010888654724271163,62,211,1.0,2.94,10.0
0.15,True,0.25,108.075,0.9891113452757289,5632,211,1.0,2.94,10.0
0.15,True,0.5,158.55,0.9891113452757289,5632,211,1.0,2.94,10.0
0.15,True,0.75,237.02500000000003,0.9891113452757289,5632,211,1.0,2.94,10.0
0.0,False,0.25,163.65,0.5127314814814815,886,220,1.0,2.94,10.0
0.0,False,0.5,273.9,0.5127314814814815,886,220,1.0,2.94,10.0
0.0,False,0.75,436.59999999999997,0.5127314814814815,886,220,1.0,2.94,10.0
0.0,True,0.25,167.65,0.48726851851851855,842,220,1.0,2.94,10.0
0.0,True,0.5,279.55,0.48726851851851855,842,220,1.0,2.94,10.0
0.0,True,0.75,432.32500000000005,0.48726851851851855,842,220,1.0,2.94,10.0
0.03,False,0.25,160.14999999999998,0.26716961498439123,1027,220,1.0,2.94,10.0
0.03,False,0.5,267.90000000000003,0.26716961498439123,1027,220,1.0,2.94,10.0
0.03,False,0.75,423.20000000000005,0.26716961498439123,1027,220,1.0,2.94,10.0
0.03,True,0.25,163.99999999999997,0.7328303850156087,2817,220,1.0,2.94,10.0
0.03,True,0.5,272.6,0.7328303850156087,2817,220,1.0,2.94,10.0
0.03,True,0.75,426.1,0.7328303850156087,2817,220,1.0,2.94,10.0
0.06,False,0.25,151.64999999999998,0.1340832395950506,596,220,1.0,2.94,10.0
0.06,False,0.5,247.95000000000005,0.1340832395950506,596,220,1.0,2.94,10.0
0.06,False,0.75,416.55000000000007,0.1340832395950506,596,220,1.0,2.94,10.0
0.06,True,0.25,151.1,0.8659167604049494,3849,220,1.0,2.94,10.0
0.06,True,0.5,245.3,0.8659167604049494,3849,220,1.0,2.94,10.0
0.06,True,0.75,398.9,0.8659167604049494,3849,220,1.0,2.94,10.0
0.09,False,0.25,132.79999999999998,0.057291666666666664,297,220,1.0,2.94,10.0
0.09,False,0.5,217.49999999999997,0.057291666666666664,297,220,1.0,2.94,10.0
0.09,False,0.75,335.6,0.057291666666666664,297,220,1.0,2.94,10.0
0.09,True,0.25,137.9,0.9427083333333334,4887,220,1.0,2.94,10.0
0.09,True,0.5,218.00000000000006,0.9427083333333334,4887,220,1.0,2.94,10.0
0.09,True,0.75,335.5,0.9427083333333334,4887,220,1.0,2.94,10.0
0.12,False,0.25,116.5,0.02404110846026794,131,220,1.0,2.94,10.0
0.12,False,0.5,168.70000000000002,0.02404110846026794,131,220,1.0,2.94,10.0
0.12,False,0.75,239.55,0.02404110846026794,131,220,1.0,2.94,10.0
0.12,True,0.25,118.3,0.975958891539732,5318,220,1.0,2.94,10.0
0.12,True,0.5,180.90000000000003,0.975958891539732,5318,220,1.0,2.94,10.0
0.12,True,0.75,278.975,0.975958891539732,5318,220,1.0,2.94,10.0
0.15,False,0.25,109.65,0.008959943780744906,51,220,1.0,2.94,10.0
0.15,False,0.5,156.29999999999998,0.008959943780744906,51,220,1.0,2.94,10.0
0.15,False,0.75,277.00000000000006,0.008959943780744906,51,220,1.0,2.94,10.0
0.15,True,0.25,105.69999999999999,0.9910400562192551,5641,220,1.0,2.94,10.0
0.15,True,0.5,156.89999999999998,0.9910400562192551,5641,220,1.0,2.94,10.0
0.15,True,0.75,237.90000000000006,0.9910400562192551,5641,220,1.0,2.94,10.0
0.0,False,0.25,163.95,0.5054378935317687,883,221,1.0,2.94,10.0
0.0,False,0.5,291.1,0.5054378935317687,883,221,1.0,2.94,10.0
0.0,False,0.75,439.4,0.5054378935317687,883,221,1.0,2.94,10.0
0.0,True,0.25,165.99999999999997,0.49456210646823123,864,221,1.0,2.94,10.0
0.0,True,0.5,288.6,0.49456210646823123,864,221,1.0,2.94,10.0
0.0,True,0.75,443.075,0.49456210646823123,864,221,1.0,2.94,10.0
0.03,False,0.25,156.1,0.2762182203389831,1043,221,1.0,2.94,10.0
0.03,False,0.5,260.90000000000003,0.2762182203389831,1043,221,1.0,2.94,10.0
0.03,False,0.75,420.90000000000003,0.2762182203389831,1043,221,1.0,2.94,10.0
0.03,True,0.25,162.5,0.723781779661017,2733,221,1.0,2.94,10.0
0.03,True,0.5,271.40000000000003,0.723781779661017,2733,221,1.0,2.94,10.0
0.03,True,0.75,442.99999999999994,0.723781779661017,2733,221,1.0,2.94,10.0
0.06,False,0.25,149.35,0.14989825910015828,663,221,1.0,2.94,10.0
0.06,False,0.5,239.50000000000006,0.14989825910015828,663,221,1.0,2.94,10.0
0.06,False,0.75,386.8,0.14989825910015828,663,221,1.0,2.94,10.0
0.06,True,0.25,150.45,0.8501017408998417,3760,221,1.0,2.94,10.0
0.06,True,0.5,247.5,0.8501017408998417,3760,221,1.0,2.94,10.0
0.06,True,0.75,399.6000000000001,0.8501017408998417,3760,221,1.0,2.94,10.0
0.09,False,0.25,141.7,0.05049332559489263,261,221,1.0,2.94,10.0
0.09,False,0.5,216.8,0.05049332559489263,261,221,1.0,2.94,10.0
0.09,False,0.75,326.29999999999995,0.05049332559489263,261,221,1.0,2.94,10.0
0.09,True,0.25,135.9,0.9495066744051074,4908,221,1.0,2.94,10.0
0.09,True,0.5,215.05,0.9495066744051074,4908,221,1.0,2.94,10.0
0.09,True,0.75,339.92500000000007,0.9495066744051074,4908,221,1.0,2.94,10.0
0.12,False,0.25,126.19999999999999,0.024995405256386695,136,221,1.0,2.94,10.0
0.12,False,0.5,188.55,0.024995405256386695,136,221,1.0,2.94,10.0
0.12,False,0.75,311.8,0.024995405256386695,136,221,1.0,2.94,10.0
0.12,True,0.25,121.39999999999999,0.9750045947436133,5305,221,1.0,2.94,10.0
0.12,True,0.5,181.7,0.9750045947436133,5305,221,1.0,2.94,10.0
0.12,True,0.75,278.6000000000001,0.9750045947436133,5305,221,1.0,2.94,10.0
0.15,False,0.25,98.24999999999999,0.009486999297259312,54,221,1.0,2.94,10.0
0.15,False,0.5,133.35000000000002,0.009486999297259312,54,221,1.0,2.94,10.0
0.15,False,0.75,176.625,0.009486999297259312,54,221,1.0,2.94,10.0
0.15,True,0.25,106.69999999999999,0.9905130007027407,5638,221,1.0,2.94,10.0
0.15,True,0.5,155.4,0.9905130007027407,5638,221,1.0,2.94,10.0
0.15,True,0.75,235.1,0.9905130007027407,5638,221,1.0,2.94,10.0
0.0,False,0.25,164.5,0.5134660421545667,877,223,1.0,2.94,10.0
0.0,False,0.5,285.1,0.5134660421545667,877,223,1.0,2.94,10.0
0.0,False,0.75,462.90000000000003,0.5134660421545667,877,223,1.0,2.94,10.0
0.0,True,0.25,166.65,0.48653395784543324,831,223,1.0,2.94,10.0
0.0,True,0.5,284.70000000000005,0.48653395784543324,831,223,1.0,2.94,10.0
0.0,True,0.75,438.35,0.48653395784543324,831,223,1.0,2.94,10.0
0.03,False,0.25,152.825,0.2765509989484753,1052,223,1.0,2.94,10.0
0.03,False,0.5,255.85000000000002,0.2765509989484753,1052,223,1.0,2.94,10.0
0.03,False,0.75,413.35,0.2765509989484753,1052,223,1.0,2.94,10.0
0.03,True,0.25,157.175,0.7234490010515248,2752,223,1.0,2.94,10.0
0.03,True,0.5,265.25,0.7234490010515248,2752,223,1.0,2.94,10.0
0.03,True,0.75,425.35,0.7234490010515248,2752,223,1.0,2.94,10.0
0.06,False,0.25,149.85,0.134009009009009,595,223,1.0,2.94,10.0
0.06,False,0.5,236.60000000000005,0.134009009009009,595,223,1.0,2.94,10.0
0.06,False,0.75,390.20000000000005,0.134009009009009,595,223,1.0,2.94,10.0
0.06,True,0.25,153.4,0.865990990990991,3845,223,1.0,2.94,10.0
0.06,True,0.5,248.00000000000006,0.865990990990991,3845,223,1.0,2.94,10.0
0.06,True,0.75,397.1,0.865990990990991,3845,223,1.0,2.94,10.0
0.09,False,0.25,123.60000000000001,0.05595353339787028,289,223,1.0,2.94,10.0
0.09,False,0.5,197.4,0.05595353339787028,289,223,1.0,2.94,10.0
0.09,False,0.75,343.6,0.05595353339787028,289,223,1.0,2.94,10.0
0.09,True,0.25,133.275,0.9440464666021298,4876,223,1.0,2.94,10.0
0.09,True,0.5,213.70000000000005,0.9440464666021298,4876,223,1.0,2.94,10.0
0.09,True,0.75,341.925,0.9440464666021298,4876,223,1.0,2.94,10.0
0.12,False,0.25,111.5,0.026026392961876834,142,223,1.0,2.94,10.0
0.12,False,0.5,176.75,0.026026392961876834,142,223,1.0,2.94,10.0
0.12,False,0.75,267.2,0.026026392961876834,142,223,1.0,2.94,10.0
0.12,True,0.25,120.82499999999999,0.9739736070381232,5314,223,1.0,2.94,10.0
0.12,True,0.5,181.8,0.9739736070381232,5314,223,1.0,2.94,10.0
0.12,True,0.75,278.87500000000006,0.9739736070381232,5314,223,1.0,2.94,10.0
0.15,False,0.25,99.7,0.008255752678728263,47,223,1.0,2.94,10.0
0.15,False,0.5,165.2,0.008255752678728263,47,223,1.0,2.94,10.0
0.15,False,0.75,244.10000000000002,0.008255752678728263,47,223,1.0,2.94,10.0
0.15,True,0.25,107.825,0.9917442473212718,5646,223,1.0,2.94,10.0
0.15,True,0.5,158.79999999999998,0.9917442473212718,5646,223,1.0,2.94,10.0
0.15,True,0.75,239.00000000000006,0.9917442473212718,5646,223,1.0,2.94,10.0
0.0,False,0.25,151.79999999999998,0.49912638322655795,857,226,1.0,2.94,10.0
0.0,False,0.5,272.3,0.49912638322655795,857,226,1.0,2.94,10.0
0.0,False,0.75,438.2,0.49912638322655795,857,226,1.0,2.94,10.0
0.0,True,0.25,162.54999999999998,0.500873616773442,860,226,1.0,2.94,10.0
0.0,True,0.5,278.95000000000005,0.500873616773442,860,226,1.0,2.94,10.0
0.0,True,0.75,428.85,0.500873616773442,860,226,1.0,2.94,10.0
0.03,False,0.25,164.35000000000002,0.28826463638750327,1098,226,1.0,2.94,10.0
0.03,False,0.5,270.0,0.28826463638750327,1098,226,1.0,2.94,10.0
0.03,False,0.75,437.85,0.28826463638750327,1098,226,1.0,2.94,10.0
0.03,True,0.25,163.0,0.7117353636124967,2711,226,1.0,2.94,10.0
0.03,True,0.5,272.40000000000003,0.7117353636124967,2711,226,1.0,2.94,10.0
0.03,True,0.75,430.8,0.7117353636124967,2711,226,1.0,2.94,10.0
0.06,False,0.25,145.89999999999998,0.1297795771479982,577,226,1.0,2.94,10.0
0.06,False,0.5,251.70000000000005,0.1297795771479982,577,226,1.0,2.94,10.0
0.06,False,0.75,392.0,0.1297795771479982,577,226,1.0,2.94,10.0
0.06,True,0.25,152.2,0.8702204228520019,3869,226,1.0,2.94,10.0
0.06,True,0.5,246.5,0.8702204228520019,3869,226,1.0,2.94,10.0
0.06,True,0.75,399.1000000000001,0.8702204228520019,3869,226,1.0,2.94,10.0
0.09,False,0.25,125.275,0.05314846909300982,276,226,1.0,2.94,10.0
0.09,False,0.5,204.00000000000006,0.05314846909300982,276,226,1.0,2.94,10.0
0.09,False,0.75,322.70000000000005,0.05314846909300982,276,226,1.0,2.94,10.0
0.09,True,0.25,133.2,0.9468515309069901,4917,226,1.0,2.94,10.0
0.09,True,0.5,216.3,0.9468515309069901,4917,226,1.0,2.94,10.0
0.09,True,0.75,341.1000000000001,0.9468515309069901,4917,226,1.0,2.94,10.0
0.12,False,0.25,114.49999999999997,0.02290216196408941,125,226,1.0,2.94,10.0
0.12,False,0.5,189.20000000000002,0.02290216196408941,125,226,1.0,2.94,10.0
0.12,False,0.75,288.40000000000003,0.02290216196408941,125,226,1.0,2.94,10.0
0.12,True,0.25,117.9,0.9770978380359105,5333,226,1.0,2.94,10.0
0.12,True,0.5,180.4,0.9770978380359105,5333,226,1.0,2.94,10.0
0.12,True,0.75,283.70000000000005,0.9770978380359105,5333,226,1.0,2.94,10.0
0.15,False,0.25,100.5,0.008075842696629214,46,226,1.0,2.94,10.0
0.15,False,0.5,144.95000000000002,0.008075842696629214,46,226,1.0,2.94,10.0
0.15,False,0.75,203.47500000000002,0.008075842696629214,46,226,1.0,2.94,10.0
0.15,True,0.25,108.10000000000001,0.9919241573033708,5650,226,1.0,2.94,10.0
0.15,True,0.5,158.89999999999998,0.9919241573033708,5650,226,1.0,2.94,10.0
0.15,True,0.75,236.7,0.9919241573033708,5650,226,1.0,2.94,10.0
0.0,False,0.25,165.10000000000002,0.5065978198508319,883,231,1.0,2.94,10.0
0.0,False,0.5,275.8,0.5065978198508319,883,231,1.0,2.94,10.0
0.0,False,0.75,432.75,0.5065978198508319,883,231,1.0,2.94,10.0
0.0,True,0.25,158.89999999999998,0.4934021801491681,860,231,1.0,2.94,10.0
0.0,True,0.5,279.4,0.4934021801491681,860,231,1.0,2.94,10.0
0.0,True,0.75,438.625,0.4934021801491681,860,231,1.0,2.94,10.0
0.03,False,0.25,162.89999999999998,0.28545022445207285,1081,231,1.0,2.94,10.0
0.03,False,0.5,276.1,0.28545022445207285,1081,231,1.0,2.94,10.0
0.03,False,0.75,414.3,0.28545022445207285,1081,231,1.0,2.94,10.0
0.03,True,0.25,161.17499999999998,0.7145497755479271,2706,231,1.0,2.94,10.0
0.03,True,0.5,271.1,0.7145497755479271,2706,231,1.0,2.94,10.0
0.03,True,0.75,440.75,0.7145497755479271,2706,231,1.0,2.94,10.0
0.06,False,0.25,135.825,0.13396481732070364,594,231,1.0,2.94,10.0
0.06,False,0.5,226.45,0.13396481732070364,594,231,1.0,2.94,10.0
0.06,False,0.75,367.42500000000007,0.13396481732070364,594,231,1.0,2.94,10.0
0.06,True,0.25,155.1,0.8660351826792964,3840,231,1.0,2.94,10.0
0.06,True,0.5,248.4,0.8660351826792964,3840,231,1.0,2.94,10.0
0.06,True,0.75,398.95,0.8660351826792964,3840,231,1.0,2.94,10.0
0.09,False,0.25,138.77499999999998,0.059310610437126904,308,231,1.0,2.94,10.0
0.09,False,0.5,214.55,0.059310610437126904,308,231,1.0,2.94,10.0
0.09,False,0.75,337.15,0.059310610437126904,308,231,1.0,2.94,10.0
0.09,True,0.25,132.20000000000002,0.9406893895628731,4885,231,1.0,2.94,10.0
0.09,True,0.5,215.10000000000002,0.9406893895628731,4885,231,1.0,2.94,10.0
0.09,True,0.75,336.1000000000001,0.9406893895628731,4885,231,1.0,2.94,10.0
0.12,False,0.25,105.64999999999998,0.02626745040411462,143,231,1.0,2.94,10.0
0.12,False,0.5,158.5,0.02626745040411462,143,231,1.0,2.94,10.0
0.12,False,0.75,251.70000000000005,0.02626745040411462,143,231,1.0,2.94,10.0
0.12,True,0.25,122.8,0.9737325495958854,5301,231,1.0,2.94,10.0
0.12,True,0.5,182.60000000000005,0.9737325495958854,5301,231,1.0,2.94,10.0
0.12,True,0.75,282.2,0.9737325495958854,5301,231,1.0,2.94,10.0
0.15,False,0.25,84.3,0.012471456174249078,71,231,1.0,2.94,10.0
0.15,False,0.5,124.8,0.012471456174249078,71,231,1.0,2.94,10.0
0.15,False,0.75,197.75,0.012471456174249078,71,231,1.0,2.94,10.0
0.15,True,0.25,107.5,0.987528543825751,5622,231,1.0,2.94,10.0
0.15,True,0.5,155.25,0.987528543825751,5622,231,1.0,2.94,10.0
0.15,True,0.75,230.97500000000002,0.987528543825751,5622,231,1.0,2.94,10.0
0.0,False,0.25,159.3,0.5060449050086355,879,234,1.0,2.94,10.0
0.0,False,0.5,277.59999999999997,0.5060449050086355,879,234,1.0,2.94,10.0
0.0,False,0.75,444.55,0.5060449050086355,879,234,1.0,2.94,10.0
0.0,True,0.25,167.25,0.4939550949913644,858,234,1.0,2.94,10.0
0.0,True,0.5,278.1,0.4939550949913644,858,234,1.0,2.94,10.0
0.0,True,0.75,434.50000000000006,0.4939550949913644,858,234,1.0,2.94,10.0
0.03,False,0.25,164.85,0.279396186440678,1055,234,1.0,2.94,10.0
0.03,False,0.5,269.0,0.279396186440678,1055,234,1.0,2.94,10.0
0.03,False,0.75,426.85,0.279396186440678,1055,234,1.0,2.94,10.0
0.03,True,0.25,161.1,0.720603813559322,2721,234,1.0,2.94,10.0
0.03,True,0.5,273.80000000000007,0.720603813559322,2721,234,1.0,2.94,10.0
0.03,True,0.75,435.20000000000005,0.720603813559322,2721,234,1.0,2.94,10.0
0.06,False,0.25,149.4,0.12615246233415786,561,234,1.0,2.94,10.0
0.06,False,0.5,241.3,0.12615246233415786,561,234,1.0,2.94,10.0
0.06,False,0.75,380.29999999999995,0.12615246233415786,561,234,1.0,2.94,10.0
0.06,True,0.25,149.325,0.8738475376658421,3886,234,1.0,2.94,10.0
0.06,True,0.5,247.9,0.8738475376658421,3886,234,1.0,2.94,10.0
0.06,True,0.75,398.30000000000007,0.8738475376658421,3886,234,1.0,2.94,10.0
0.09,False,0.25,131.775,0.05478395061728395,284,234,1.0,2.94,10.0
0.09,False,0.5,206.35000000000002,0.05478395061728395,284,234,1.0,2.94,10.0
0.09,False,0.75,332.40000000000003,0.05478395061728395,284,234,1.0,2.94,10.0
0.09,True,0.25,135.67499999999998,0.9452160493827161,4900,234,1.0,2.94,10.0
0.09,True,0.5,218.8,0.9452160493827161,4900,234,1.0,2.94,10.0
0.09,True,0.75,343.425,0.9452160493827161,4900,234,1.0,2.94,10.0
0.12,False,0.25,119.25,0.024797942689199118,135,234,1.0,2.94,10.0
0.12,False,0.5,178.3,0.024797942689199118,135,234,1.0,2.94,10.0
0.12,False,0.75,298.75000000000006,0.024797942689199118,135,234,1.0,2.94,10.0
0.12,True,0.25,121.8,0.9752020573108009,5309,234,1.0,2.94,10.0
0.12,True,0.5,185.89999999999998,0.9752020573108009,5309,234,1.0,2.94,10.0
0.12,True,0.75,284.1,0.9752020573108009,5309,234,1.0,2.94,10.0
0.15,False,0.25,107.65,0.010363604426488671,59,234,1.0,2.94,10.0
0.15,False,0.5,143.3,0.010363604426488671,59,234,1.0,2.94,10.0
0.15,False,0.75,202.90000000000003,0.010363604426488671,59,234,1.0,2.94,10.0
0.15,True,0.25,106.2,0.9896363955735114,5634,234,1.0,2.94,10.0
0.15,True,0.5,157.95,0.9896363955735114,5634,234,1.0,2.94,10.0
0.15,True,0.75,237.40000000000006,0.9896363955735114,5634,234,1.0,2.94,10.0
0.0,False,0.25,161.6,0.49013921113689096,845,235,1.0,2.94,10.0
0.0,False,0.5,272.50000000000006,0.49013921113689096,845,235,1.0,2.94,10.0
0.0,False,0.75,459.1,0.49013921113689096,845,235,1.0,2.94,10.0
0.0,True,0.25,164.85,0.509860788863109,879,235,1.0,2.94,10.0
0.0,True,0.5,267.90000000000003,0.509860788863109,879,235,1.0,2.94,10.0
0.0,True,0.75,424.00000000000006,0.509860788863109,879,235,1.0,2.94,10.0
0.03,False,0.25,151.725,0.2891120507399577,1094,235,1.0,2.94,10.0
0.03,False,0.5,260.90000000000003,0.2891120507399577,1094,235,1.0,2.94,10.0
0.03,False,0.75,413.55,0.2891120507399577,1094,235,1.0,2.94,10.0
0.03,True,0.25,160.5,0.7108879492600423,2690,235,1.0,2.94,10.0
0.03,True,0.5,269.80000000000007,0.7108879492600423,2690,235,1.0,2.94,10.0
0.03,True,0.75,433.4,0.7108879492600423,2690,235,1.0,2.94,10.0
0.06,False,0.25,138.99999999999997,0.1385980883022303,609,235,1.0,2.94,10.0
0.06,False,0.5,231.20000000000002,0.1385980883022303,609,235,1.0,2.94,10.0
0.06,False,0.75,374.8,0.1385980883022303,609,235,1.0,2.94,10.0
0.06,True,0.25,148.4,0.8614019116977697,3785,235,1.0,2.94,10.0
0.06,True,0.5,244.1,0.8614019116977697,3785,235,1.0,2.94,10.0
0.06,True,0.75,394.9,0.8614019116977697,3785,235,1.0,2.94,10.0
0.09,False,0.25,127.55,0.057484567901234566,298,235,1.0,2.94,10.0
0.09,False,0.5,206.05,0.057484567901234566,298,235,1.0,2.94,10.0
0.09,False,0.75,301.3,0.057484567901234566,298,235,1.0,2.94,10.0
0.09,True,0.25,134.725,0.9425154320987654,4886,235,1.0,2.94,10.0
0.09,True,0.5,216.9,0.9425154320987654,4886,235,1.0,2.94,10.0
0.09,True,0.75,345.45000000000005,0.9425154320987654,4886,235,1.0,2.94,10.0
0.12,False,0.25,111.99999999999999,0.024385771910524386,133,235,1.0,2.94,10.0
0.12,False,0.5,164.3,0.024385771910524386,133,235,1.0,2.94,10.0
0.12,False,0.75,280.40000000000003,0.024385771910524386,133,235,1.0,2.94,10.0
0.12,True,0.25,118.10000000000001,0.9756142280894756,5321,235,1.0,2.94,10.0
0.12,True,0.5,181.1,0.9756142280894756,5321,235,1.0,2.94,10.0
0.12,True,0.75,279.6,0.9756142280894756,5321,235,1.0,2.94,10.0
0.15,False,0.25,90.92499999999998,0.010888654724271163,62,235,1.0,2.94,10.0
0.15,False,0.5,143.95,0.010888654724271163,62,235,1.0,2.94,10.0
0.15,False,0.75,250.52500000000003,0.010888654724271163,62,235,1.0,2.94,10.0
0.15,True,0.25,105.80000000000001,0.9891113452757289,5632,235,1.0,2.94,10.0
0.15,True,0.5,153.2,0.9891113452757289,5632,235,1.0,2.94,10.0
0.15,True,0.75,227.62499999999997,0.9891113452757289,5632,235,1.0,2.94,10.0
0.0,False,0.25,167.5,0.48900462962962965,845,241,1.0,2.94,10.0
0.0,False,0.5,273.2,0.48900462962962965,845,241,1.0,2.94,10.0
0.0,False,0.75,435.70000000000005,0.48900462962962965,845,241,1.0,2.94,10.0
0.0,True,0.25,169.3,0.5109953703703703,883,241,1.0,2.94,10.0
0.0,True,0.5,288.1,0.5109953703703703,883,241,1.0,2.94,10.0
0.0,True,0.75,432.54999999999995,0.5109953703703703,883,241,1.0,2.94,10.0
0.03,False,0.25,160.55,0.28200419727177334,1075,241,1.0,2.94,10.0
0.03,False,0.5,256.70000000000005,0.28200419727177334,1075,241,1.0,2.94,10.0
0.03,False,0.75,417.9,0.28200419727177334,1075,241,1.0,2.94,10.0
0.03,True,0.25,163.6,0.7179958027282266,2737,241,1.0,2.94,10.0
0.03,True,0.5,277.9,0.7179958027282266,2737,241,1.0,2.94,10.0
0.03,True,0.75,440.20000000000005,0.7179958027282266,2737,241,1.0,2.94,10.0
0.06,False,0.25,152.14999999999998,0.12659075686537175,567,241,1.0,2.94,10.0
0.06,False,0.5,248.80000000000004,0.12659075686537175,567,241,1.0,2.94,10.0
0.06,False,0.75,411.45000000000005,0.12659075686537175,567,241,1.0,2.94,10.0
0.06,True,0.25,149.77499999999998,0.8734092431346283,3912,241,1.0,2.94,10.0
0.06,True,0.5,245.25,0.8734092431346283,3912,241,1.0,2.94,10.0
0.06,True,0.75,387.62500000000006,0.8734092431346283,3912,241,1.0,2.94,10.0
0.09,False,0.25,134.45,0.05900501349787891,306,241,1.0,2.94,10.0
0.09,False,0.5,202.45000000000002,0.05900501349787891,306,241,1.0,2.94,10.0
0.09,False,0.75,344.20000000000005,0.05900501349787891,306,241,1.0,2.94,10.0
0.09,True,0.25,136.99999999999997,0.9409949865021211,4880,241,1.0,2.94,10.0
0.09,True,0.5,213.65000000000003,0.9409949865021211,4880,241,1.0,2.94,10.0
0.09,True,0.75,339.25000000000006,0.9409949865021211,4880,241,1.0,2.94,10.0
0.12,False,0.25,119.89999999999998,0.023652365236523653,129,241,1.0,2.94,10.0
0.12,False,0.5,185.1,0.023652365236523653,129,241,1.0,2.94,10.0
0.12,False,0.75,263.49999999999994,0.023652365236523653,129,241,1.0,2.94,10.0
0.12,True,0.25,121.09999999999998,0.9763476347634763,5325,241,1.0,2.94,10.0
0.12,True,0.5,184.9,0.9763476347634763,5325,241,1.0,2.94,10.0
0.12,True,0.75,286.2,0.9763476347634763,5325,241,1.0,2.94,10.0
0.15,False,0.25,95.49999999999999,0.010001754693805931,57,241,1.0,2.94,10.0
0.15,False,0.5,138.99999999999997,0.010001754693805931,57,241,1.0,2.94,10.0
0.15,False,0.75,232.20000000000002,0.010001754693805931,57,241,1.0,2.94,10.0
0.15,True,0.25,108.60000000000001,0.9899982453061941,5642,241,1.0,2.94,10.0
0.15,True,0.5,155.45,0.9899982453061941,5642,241,1.0,2.94,10.0
0.15,True,0.75,231.50000000000003,0.9899982453061941,5642,241,1.0,2.94,10.0
0.0,False,0.25,162.525,0.48927536231884056,844,242,1.0,2.94,10.0
0.0,False,0.5,279.95000000000005,0.48927536231884056,844,242,1.0,2.94,10.0
0.0,False,0.75,452.95000000000005,0.48927536231884056,844,242,1.0,2.94,10.0
0.0,True,0.25,162.2,0.5107246376811594,881,242,1.0,2.94,10.0
0.0,True,0.5,265.2,0.5107246376811594,881,242,1.0,2.94,10.0
0.0,True,0.75,438.1,0.5107246376811594,881,242,1.0,2.94,10.0
0.03,False,0.25,153.325,0.2808754559666493,1078,242,1.0,2.94,10.0
0.03,False,0.5,264.45000000000005,0.2808754559666493,1078,242,1.0,2.94,10.0
0.03,False,0.75,405.175,0.2808754559666493,1078,242,1.0,2.94,10.0
0.03,True,0.25,159.375,0.7191245440333507,2760,242,1.0,2.94,10.0
0.03,True,0.5,261.4,0.7191245440333507,2760,242,1.0,2.94,10.0
0.03,True,0.75,417.5,0.7191245440333507,2760,242,1.0,2.94,10.0
0.06,False,0.25,145.79999999999998,0.13717605004468275,614,242,1.0,2.94,10.0
0.06,False,0.5,228.35000000000005,0.13717605004468275,614,242,1.0,2.94,10.0
0.06,False,0.75,380.85,0.13717605004468275,614,242,1.0,2.94,10.0
0.06,True,0.25,155.29999999999998,0.8628239499553172,3862,242,1.0,2.94,10.0
0.06,True,0.5,247.50000000000006,0.8628239499553172,3862,242,1.0,2.94,10.0
0.06,True,0.75,386.0,0.8628239499553172,3862,242,1.0,2.94,10.0
0.09,False,0.25,146.2,0.055931875362879815,289,242,1.0,2.94,10.0
0.09,False,0.5,234.90000000000003,0.055931875362879815,289,242,1.0,2.94,10.0
0.09,False,0.75,367.3,0.055931875362879815,289,242,1.0,2.94,10.0
0.09,True,0.25,134.925,0.9440681246371202,4878,242,1.0,2.94,10.0
0.09,True,0.5,213.50000000000003,0.9440681246371202,4878,242,1.0,2.94,10.0
0.09,True,0.75,340.1,0.9440681246371202,4878,242,1.0,2.94,10.0
0.12,False,0.25,120.49999999999999,0.03154227030992114,172,242,1.0,2.94,10.0
0.12,False,0.5,177.60000000000002,0.03154227030992114,172,242,1.0,2.94,10.0
0.12,False,0.75,302.70000000000005,0.03154227030992114,172,242,1.0,2.94,10.0
0.12,True,0.25,122.39999999999999,0.9684577296900788,5281,242,1.0,2.94,10.0
0.12,True,0.5,183.0,0.9684577296900788,5281,242,1.0,2.94,10.0
0.12,True,0.75,283.90000000000003,0.9684577296900788,5281,242,1.0,2.94,10.0
0.15,False,0.25,97.7,0.011417530300368874,65,242,1.0,2.94,10.0
0.15,False,0.5,121.6,0.011417530300368874,65,242,1.0,2.94,10.0
0.15,False,0.75,200.10000000000002,0.011417530300368874,65,242,1.0,2.94,10.0
0.15,True,0.25,108.5,0.9885824696996312,5628,242,1.0,2.94,10.0
0.15,True,0.5,159.99999999999997,0.9885824696996312,5628,242,1.0,2.94,10.0
0.15,True,0.75,240.85000000000002,0.9885824696996312,5628,242,1.0,2.94,10.0
0.0,False,0.25,166.4,0.5197481396680023,908,249,1.0,2.94,10.0
0.0,False,0.5,269.15,0.5197481396680023,908,249,1.0,2.94,10.0
0.0,False,0.75,444.925,0.5197481396680023,908,249,1.0,2.94,10.0
0.0,True,0.25,159.2,0.48025186033199774,839,249,1.0,2.94,10.0
0.0,True,0.5,272.80000000000007,0.48025186033199774,839,249,1.0,2.94,10.0
0.0,True,0.75,451.04999999999995,0.48025186033199774,839,249,1.0,2.94,10.0
0.03,False,0.25,168.4,0.2654141307224133,1003,249,1.0,2.94,10.0
0.03,False,0.5,279.8,0.2654141307224133,1003,249,1.0,2.94,10.0
0.03,False,0.75,446.15,0.2654141307224133,1003,249,1.0,2.94,10.0
0.03,True,0.25,159.1,0.7345858692775866,2776,249,1.0,2.94,10.0
0.03,True,0.5,268.6,0.7345858692775866,2776,249,1.0,2.94,10.0
0.03,True,0.75,425.6,0.7345858692775866,2776,249,1.0,2.94,10.0
0.06,False,0.25,141.975,0.13300158335218276,588,249,1.0,2.94,10.0
0.06,False,0.5,250.5,0.13300158335218276,588,249,1.0,2.94,10.0
0.06,False,0.75,390.82500000000005,0.13300158335218276,588,249,1.0,2.94,10.0
0.06,True,0.25,151.5,0.8669984166478172,3833,249,1.0,2.94,10.0
0.06,True,0.5,243.4,0.8669984166478172,3833,249,1.0,2.94,10.0
0.06,True,0.75,383.5,0.8669984166478172,3833,249,1.0,2.94,10.0
0.09,False,0.25,118.625,0.061401815022205056,318,249,1.0,2.94,10.0
0.09,False,0.5,204.9,0.061401815022205056,318,249,1.0,2.94,10.0
0.09,False,0.75,340.42500000000007,0.061401815022205056,318,249,1.0,2.94,10.0
0.09,True,0.25,137.6,0.9385981849777949,4861,249,1.0,2.94,10.0
0.09,True,0.5,218.80000000000004,0.9385981849777949,4861,249,1.0,2.94,10.0
0.09,True,0.75,346.8,0.9385981849777949,4861,249,1.0,2.94,10.0
0.12,False,0.25,99.4,0.0236784140969163,129,249,1.0,2.94,10.0
0.12,False,0.5,159.39999999999998,0.0236784140969163,129,249,1.0,2.94,10.0
0.12,False,0.75,231.4,0.0236784140969163,129,249,1.0,2.94,10.0
0.12,True,0.25,119.35,0.9763215859030837,5319,249,1.0,2.94,10.0
0.12,True,0.5,184.4,0.9763215859030837,5319,249,1.0,2.94,10.0
0.12,True,0.75,281.65,0.9763215859030837,5319,249,1.0,2.94,10.0
0.15,False,0.25,96.52499999999999,0.009824561403508772,56,249,1.0,2.94,10.0
0.15,False,0.5,147.95,0.009824561403508772,56,249,1.0,2.94,10.0
0.15,False,0.75,257.1,0.009824561403508772,56,249,1.0,2.94,10.0
0.15,True,0.25,105.00000000000001,0.9901754385964913,5644,249,1.0,2.94,10.0
0.15,True,0.5,156.35,0.9901754385964913,5644,249,1.0,2.94,10.0
0.15,True,0.75,233.70000000000007,0.9901754385964913,5644,249,1.0,2.94,10.0
0.0,False,0.25,178.0,0.5073779795686719,894,251,1.0,2.94,10.0
0.0,False,0.5,278.6,0.5073779795686719,894,251,1.0,2.94,10.0
0.0,False,0.75,433.875,0.5073779795686719,894,251,1.0,2.94,10.0
0.0,True,0.25,165.84999999999997,0.492622020431328,868,251,1.0,2.94,10.0
0.0,True,0.5,276.15000000000003,0.492622020431328,868,251,1.0,2.94,10.0
0.0,True,0.75,420.32500000000005,0.492622020431328,868,251,1.0,2.94,10.0
0.03,False,0.25,166.2,0.285260650965864,1078,251,1.0,2.94,10.0
0.03,False,0.5,269.0,0.285260650965864,1078,251,1.0,2.94,10.0
0.03,False,0.75,442.45,0.285260650965864,1078,251,1.0,2.94,10.0
0.03,True,0.25,165.99999999999997,0.714739349034136,2701,251,1.0,2.94,10.0
0.03,True,0.5,275.90000000000003,0.714739349034136,2701,251,1.0,2.94,10.0
0.03,True,0.75,434.2,0.714739349034136,2701,251,1.0,2.94,10.0
0.06,False,0.25,142.5,0.12947534339112812,575,251,1.0,2.94,10.0
0.06,False,0.5,231.4,0.12947534339112812,575,251,1.0,2.94,10.0
0.06,False,0.75,389.15,0.12947534339112812,575,251,1.0,2.94,10.0
0.06,True,0.25,151.4,0.8705246566088719,3866,251,1.0,2.94,10.0
0.06,True,0.5,250.45000000000005,0.8705246566088719,3866,251,1.0,2.94,10.0
0.06,True,0.75,399.90000000000003,0.8705246566088719,3866,251,1.0,2.94,10.0
0.09,False,0.25,122.15,0.05419580419580419,279,251,1.0,2.94,10.0
0.09,False,0.5,198.89999999999998,0.05419580419580419,279,251,1.0,2.94,10.0
0.09,False,0.75,290.6,0.05419580419580419,279,251,1.0,2.94,10.0
0.09,True,0.25,134.7,0.9458041958041958,4869,251,1.0,2.94,10.0
0.09,True,0.5,213.2,0.9458041958041958,4869,251,1.0,2.94,10.0
0.09,True,0.75,336.2,0.9458041958041958,4869,251,1.0,2.94,10.0
0.12,False,0.25,111.85,0.023085379259802124,126,251,1.0,2.94,10.0
0.12,False,0.5,174.34999999999997,0.023085379259802124,126,251,1.0,2.94,10.0
0.12,False,0.75,268.225,0.023085379259802124,126,251,1.0,2.94,10.0
0.12,True,0.25,119.475,0.9769146207401979,5332,251,1.0,2.94,10.0
0.12,True,0.5,182.14999999999998,0.9769146207401979,5332,251,1.0,2.94,10.0
0.12,True,0.75,287.07500000000005,0.9769146207401979,5332,251,1.0,2.94,10.0
0.15,False,0.25,100.2,0.012300123001230012,70,251,1.0,2.94,10.0
0.15,False,0.5,148.79999999999998,0.012300123001230012,70,251,1.0,2.94,10.0
0.15,False,0.75,236.32500000000002,0.012300123001230012,70,251,1.0,2.94,10.0
0.15,True,0.25,106.3,0.9876998769987699,5621,251,1.0,2.94,10.0
0.15,True,0.5,157.20000000000002,0.9876998769987699,5621,251,1.0,2.94,10.0
0.15,True,0.75,237.00000000000003,0.9876998769987699,5621,251,1.0,2.94,10.0
0.0,False,0.25,156.57500000000002,0.485697606538237,832,261,1.0,2.94,10.0
0.0,False,0.5,274.95000000000005,0.485697606538237,832,261,1.0,2.94,10.0
0.0,False,0.75,426.97499999999997,0.485697606538237,832,261,1.0,2.94,10.0
0.0,True,0.25,170.4,0.514302393461763,881,261,1.0,2.94,10.0
0.0,True,0.5,284.20000000000005,0.514302393461763,881,261,1.0,2.94,10.0
0.0,True,0.75,438.70000000000005,0.514302393461763,881,261,1.0,2.94,10.0
0.03,False,0.25,164.3,0.28484366719660836,1075,261,1.0,2.94,10.0
0.03,False,0.5,275.6,0.28484366719660836,1075,261,1.0,2.94,10.0
0.03,False,0.75,447.9,0.28484366719660836,1075,261,1.0,2.94,10.0
0.03,True,0.25,165.9,0.7151563328033916,2699,261,1.0,2.94,10.0
0.03,True,0.5,284.90000000000003,0.7151563328033916,2699,261,1.0,2.94,10.0
0.03,True,0.75,442.75,0.7151563328033916,2699,261,1.0,2.94,10.0
0.06,False,0.25,146.7,0.1264759309718438,557,261,1.0,2.94,10.0
0.06,False,0.5,244.30000000000004,0.1264759309718438,557,261,1.0,2.94,10.0
0.06,False,0.75,393.40000000000003,0.1264759309718438,557,261,1.0,2.94,10.0
0.06,True,0.25,149.7,0.8735240690281563,3847,261,1.0,2.94,10.0
0.06,True,0.5,247.00000000000006,0.8735240690281563,3847,261,1.0,2.94,10.0
0.06,True,0.75,393.29999999999995,0.8735240690281563,3847,261,1.0,2.94,10.0
0.09,False,0.25,127.1,0.058029689608636977,301,261,1.0,2.94,10.0
0.09,False,0.5,193.20000000000002,0.058029689608636977,301,261,1.0,2.94,10.0
0.09,False,0.75,312.4000000000001,0.058029689608636977,301,261,1.0,2.94,10.0
0.09,True,0.25,137.7,0.941970310391363,4886,261,1.0,2.94,10.0
0.09,True,0.5,219.80000000000004,0.941970310391363,4886,261,1.0,2.94,10.0
0.09,True,0.75,349.00000000000006,0.941970310391363,4886,261,1.0,2.94,10.0
0.12,False,0.25,115.25,0.026243347403193246,143,261,1.0,2.94,10.0
0.12,False,0.5,149.79999999999998,0.026243347403193246,143,261,1.0,2.94,10.0
0.12,False,0.75,251.55,0.026243347403193246,143,261,1.0,2.94,10.0
0.12,True,0.25,120.2,0.9737566525968068,5306,261,1.0,2.94,10.0
0.12,True,0.5,185.34999999999997,0.9737566525968068,5306,261,1.0,2.94,10.0
0.12,True,0.75,287.07500000000005,0.9737566525968068,5306,261,1.0,2.94,10.0
0.15,False,0.25,95.64999999999999,0.010531858873091101,60,261,1.0,2.94,10.0
0.15,False,0.5,139.55,0.010531858873091101,60,261,1.0,2.94,10.0
0.15,False,0.75,250.42499999999998,0.010531858873091101,60,261,1.0,2.94,10.0
0.15,True,0.25,107.1,0.989468141126909,5637,261,1.0,2.94,10.0
0.15,True,0.5,158.5,0.989468141126909,5637,261,1.0,2.94,10.0
0.15,True,0.75,233.49999999999997,0.989468141126909,5637,261,1.0,2.94,10.0
0.0,False,0.25,164.04999999999998,0.493006993006993,846,262,1.0,2.94,10.0
0.0,False,0.5,274.25,0.493006993006993,846,262,1.0,2.94,10.0
0.0,False,0.75,441.675,0.493006993006993,846,262,1.0,2.94,10.0
0.0,True,0.25,176.95,0.506993006993007,870,262,1.0,2.94,10.0
0.0,True,0.5,290.55000000000007,0.506993006993007,870,262,1.0,2.94,10.0
0.0,True,0.75,445.775,0.506993006993007,870,262,1.0,2.94,10.0
0.03,False,0.25,163.0,0.27363972530375064,1036,262,1.0,2.94,10.0
0.03,False,0.5,278.25,0.27363972530375064,1036,262,1.0,2.94,10.0
0.03,False,0.75,435.34999999999997,0.27363972530375064,1036,262,1.0,2.94,10.0
0.03,True,0.25,163.2,0.7263602746962493,2750,262,1.0,2.94,10.0
0.03,True,0.5,273.25,0.7263602746962493,2750,262,1.0,2.94,10.0
0.03,True,0.75,422.5,0.7263602746962493,2750,262,1.0,2.94,10.0
0.06,False,0.25,152.25,0.13571590137977832,600,262,1.0,2.94,10.0
0.06,False,0.5,239.39999999999998,0.13571590137977832,600,262,1.0,2.94,10.0
0.06,False,0.75,370.4750000000001,0.13571590137977832,600,262,1.0,2.94,10.0
0.06,True,0.25,149.29999999999998,0.8642840986202217,3821,262,1.0,2.94,10.0
0.06,True,0.5,238.20000000000005,0.8642840986202217,3821,262,1.0,2.94,10.0
0.06,True,0.75,387.4000000000001,0.8642840986202217,3821,262,1.0,2.94,10.0
0.09,False,0.25,130.20000000000002,0.05987211780662662,309,262,1.0,2.94,10.0
0.09,False,0.5,204.8,0.05987211780662662,309,262,1.0,2.94,10.0
0.09,False,0.75,331.8,0.05987211780662662,309,262,1.0,2.94,10.0
0.09,True,0.25,136.3,0.9401278821933734,4852,262,1.0,2.94,10.0
0.09,True,0.5,216.45,0.9401278821933734,4852,262,1.0,2.94,10.0
0.09,True,0.75,334.70000000000005,0.9401278821933734,4852,262,1.0,2.94,10.0
0.12,False,0.25,110.85000000000001,0.02276482467413255,124,262,1.0,2.94,10.0
0.12,False,0.5,176.84999999999997,0.02276482467413255,124,262,1.0,2.94,10.0
0.12,False,0.75,266.275,0.02276482467413255,124,262,1.0,2.94,10.0
0.12,True,0.25,122.89999999999998,0.9772351753258675,5323,262,1.0,2.94,10.0
0.12,True,0.5,187.2,0.9772351753258675,5323,262,1.0,2.94,10.0
0.12,True,0.75,283.95000000000005,0.9772351753258675,5323,262,1.0,2.94,10.0
0.15,False,0.25,101.25,0.008958369927981732,51,262,1.0,2.94,10.0
0.15,False,0.5,134.4,0.008958369927981732,51,262,1.0,2.94,10.0
0.15,False,0.75,217.25,0.008958369927981732,51,262,1.0,2.94,10.0
0.15,True,0.25,106.225,0.9910416300720183,5642,262,1.0,2.94,10.0
0.15,True,0.5,156.45,0.9910416300720183,5642,262,1.0,2.94,10.0
0.15,True,0.75,232.5,0.9910416300720183,5642,262,1.0,2.94,10.0
0.0,False,0.25,169.8,0.5118019573978123,889,273,1.0,2.94,10.0
0.0,False,0.5,284.8,0.5118019573978123,889,273,1.0,2.94,10.0
0.0,False,0.75,448.29999999999995,0.5118019573978123,889,273,1.0,2.94,10.0
0.0,True,0.25,163.2,0.4881980426021877,848,273,1.0,2.94,10.0
0.0,True,0.5,279.80000000000007,0.4881980426021877,848,273,1.0,2.94,10.0
0.0,True,0.75,459.90000000000003,0.4881980426021877,848,273,1.0,2.94,10.0
0.03,False,0.25,153.75,0.28129134691717383,1063,273,1.0,2.94,10.0
0.03,False,0.5,272.80000000000007,0.28129134691717383,1063,273,1.0,2.94,10.0
0.03,False,0.75,434.95000000000005,0.28129134691717383,1063,273,1.0,2.94,10.0
0.03,True,0.25,163.1,0.7187086530828262,2716,273,1.0,2.94,10.0
0.03,True,0.5,269.95,0.7187086530828262,2716,273,1.0,2.94,10.0
0.03,True,0.75,430.525,0.7187086530828262,2716,273,1.0,2.94,10.0
0.06,False,0.25,135.89999999999998,0.12554211367267748,550,273,1.0,2.94,10.0
0.06,False,0.5,230.5,0.12554211367267748,550,273,1.0,2.94,10.0
0.06,False,0.75,380.6,0.12554211367267748,550,273,1.0,2.94,10.0
0.06,True,0.25,151.89999999999998,0.8744578863273226,3831,273,1.0,2.94,10.0
0.06,True,0.5,247.6,0.8744578863273226,3831,273,1.0,2.94,10.0
0.06,True,0.75,396.7,0.8744578863273226,3831,273,1.0,2.94,10.0
0.09,False,0.25,133.6,0.05909707421042434,305,273,1.0,2.94,10.0
0.09,False,0.5,204.00000000000003,0.05909707421042434,305,273,1.0,2.94,10.0
0.09,False,0.75,343.00000000000006,0.05909707421042434,305,273,1.0,2.94,10.0
0.09,True,0.25,135.17499999999998,0.9409029257895757,4856,273,1.0,2.94,10.0
0.09,True,0.5,214.6,0.9409029257895757,4856,273,1.0,2.94,10.0
0.09,True,0.75,346.525,0.9409029257895757,4856,273,1.0,2.94,10.0
0.12,False,0.25,112.27499999999999,0.025664527956003668,140,273,1.0,2.94,10.0
0.12,False,0.5,177.95000000000002,0.025664527956003668,140,273,1.0,2.94,10.0
0.12,False,0.75,274.00000000000006,0.025664527956003668,140,273,1.0,2.94,10.0
0.12,True,0.25,118.79999999999998,0.9743354720439963,5315,273,1.0,2.94,10.0
0.12,True,0.5,182.0,0.9743354720439963,5315,273,1.0,2.94,10.0
0.12,True,0.75,285.35,0.9743354720439963,5315,273,1.0,2.94,10.0
0.15,False,0.25,122.35,0.008424008424008424,48,273,1.0,2.94,10.0
0.15,False,0.5,148.60000000000002,0.008424008424008424,48,273,1.0,2.94,10.0
0.15,False,0.75,212.32500000000005,0.008424008424008424,48,273,1.0,2.94,10.0
0.15,True,0.25,106.6,0.9915759915759915,5650,273,1.0,2.94,10.0
0.15,True,0.5,155.35,0.9915759915759915,5650,273,1.0,2.94,10.0
0.15,True,0.75,233.60000000000002,0.9915759915759915,5650,273,1.0,2.94,10.0
0.0,False,0.25,165.3,0.48953488372093024,842,275,1.0,2.94,10.0
0.0,False,0.5,272.1,0.48953488372093024,842,275,1.0,2.94,10.0
0.0,False,0.75,439.20000000000005,0.48953488372093024,842,275,1.0,2.94,10.0
0.0,True,0.25,160.04999999999998,0.5104651162790698,878,275,1.0,2.94,10.0
0.0,True,0.5,274.15000000000003,0.5104651162790698,878,275,1.0,2.94,10.0
0.0,True,0.75,443.55,0.5104651162790698,878,275,1.0,2.94,10.0
0.03,False,0.25,156.05,0.2891218872870249,1103,275,1.0,2.94,10.0
0.03,False,0.5,268.1,0.2891218872870249,1103,275,1.0,2.94,10.0
0.03,False,0.75,420.55,0.2891218872870249,1103,275,1.0,2.94,10.0
0.03,True,0.25,160.95,0.7108781127129751,2712,275,1.0,2.94,10.0
0.03,True,0.5,263.35,0.7108781127129751,2712,275,1.0,2.94,10.0
0.03,True,0.75,429.15000000000003,0.7108781127129751,2712,275,1.0,2.94,10.0
0.06,False,0.25,134.4,0.13653716595553558,608,275,1.0,2.94,10.0
0.06,False,0.5,239.05,0.13653716595553558,608,275,1.0,2.94,10.0
0.06,False,0.75,373.00000000000006,0.13653716595553558,608,275,1.0,2.94,10.0
0.06,True,0.25,146.0,0.8634628340444644,3845,275,1.0,2.94,10.0
0.06,True,0.5,243.00000000000006,0.8634628340444644,3845,275,1.0,2.94,10.0
0.06,True,0.75,387.90000000000003,0.8634628340444644,3845,275,1.0,2.94,10.0
0.09,False,0.25,133.3,0.05409047160731473,281,275,1.0,2.94,10.0
0.09,False,0.5,190.6,0.05409047160731473,281,275,1.0,2.94,10.0
0.09,False,0.75,310.20000000000005,0.05409047160731473,281,275,1.0,2.94,10.0
0.09,True,0.25,135.825,0.9459095283926853,4914,275,1.0,2.94,10.0
0.09,True,0.5,217.79999999999998,0.9459095283926853,4914,275,1.0,2.94,10.0
0.09,True,0.75,341.5,0.9459095283926853,4914,275,1.0,2.94,10.0
0.12,False,0.25,121.42499999999998,0.026059827491282803,142,275,1.0,2.94,10.0
0.12,False,0.5,178.5,0.026059827491282803,142,275,1.0,2.94,10.0
0.12,False,0.75,269.35,0.026059827491282803,142,275,1.0,2.94,10.0
0.12,True,0.25,119.15,0.9739401725087172,5307,275,1.0,2.94,10.0
0.12,True,0.5,179.7,0.9739401725087172,5307,275,1.0,2.94,10.0
0.12,True,0.75,285.2,0.9739401725087172,5307,275,1.0,2.94,10.0
0.15,False,0.25,113.12499999999999,0.008421052631578947,48,275,1.0,2.94,10.0
0.15,False,0.5,174.4,0.008421052631578947,48,275,1.0,2.94,10.0
0.15,False,0.75,238.12500000000006,0.008421052631578947,48,275,1.0,2.94,10.0
0.15,True,0.25,107.69999999999999,0.991578947368421,5652,275,1.0,2.94,10.0
0.15,True,0.5,155.70000000000002,0.991578947368421,5652,275,1.0,2.94,10.0
0.15,True,0.75,234.10000000000002,0.991578947368421,5652,275,1.0,2.94,10.0
0.0,False,0.25,172.19999999999996,0.4907300115874855,847,289,1.0,2.94,10.0
0.0,False,0.5,276.3,0.4907300115874855,847,289,1.0,2.94,10.0
0.0,False,0.75,436.30000000000007,0.4907300115874855,847,289,1.0,2.94,10.0
0.0,True,0.25,157.8,0.5092699884125145,879,289,1.0,2.94,10.0
0.0,True,0.5,270.0,0.5092699884125145,879,289,1.0,2.94,10.0
0.0,True,0.75,431.75,0.5092699884125145,879,289,1.0,2.94,10.0
0.03,False,0.25,163.3,0.29324503311258276,1107,289,1.0,2.94,10.0
0.03,False,0.5,275.90000000000003,0.29324503311258276,1107,289,1.0,2.94,10.0
0.03,False,0.75,415.15,0.29324503311258276,1107,289,1.0,2.94,10.0
0.03,True,0.25,160.84999999999997,0.7067549668874172,2668,289,1.0,2.94,10.0
0.03,True,0.5,274.15000000000003,0.7067549668874172,2668,289,1.0,2.94,10.0
0.03,True,0.75,426.9,0.7067549668874172,2668,289,1.0,2.94,10.0
0.06,False,0.25,141.6,0.13055242390078917,579,289,1.0,2.94,10.0
0.06,False,0.5,234.10000000000002,0.13055242390078917,579,289,1.0,2.94,10.0
0.06,False,0.75,379.25,0.13055242390078917,579,289,1.0,2.94,10.0
0.06,True,0.25,153.89999999999998,0.8694475760992109,3856,289,1.0,2.94,10.0
0.06,True,0.5,244.20000000000002,0.8694475760992109,3856,289,1.0,2.94,10.0
0.06,True,0.75,397.6,0.8694475760992109,3856,289,1.0,2.94,10.0
0.09,False,0.25,137.875,0.06323501060343166,328,289,1.0,2.94,10.0
0.09,False,0.5,213.65000000000003,0.06323501060343166,328,289,1.0,2.94,10.0
0.09,False,0.75,339.425,0.06323501060343166,328,289,1.0,2.94,10.0
0.09,True,0.25,137.85,0.9367649893965684,4859,289,1.0,2.94,10.0
0.09,True,0.5,214.70000000000002,0.9367649893965684,4859,289,1.0,2.94,10.0
0.09,True,0.75,341.1,0.9367649893965684,4859,289,1.0,2.94,10.0
0.12,False,0.25,103.975,0.02456912357902457,134,289,1.0,2.94,10.0
0.12,False,0.5,163.95,0.02456912357902457,134,289,1.0,2.94,10.0
0.12,False,0.75,250.05000000000007,0.02456912357902457,134,289,1.0,2.94,10.0
0.12,True,0.25,121.57499999999999,0.9754308764209755,5320,289,1.0,2.94,10.0
0.12,True,0.5,183.7,0.9754308764209755,5320,289,1.0,2.94,10.0
0.12,True,0.75,282.17500000000007,0.9754308764209755,5320,289,1.0,2.94,10.0
0.15,False,0.25,108.3,0.009473684210526316,54,289,1.0,2.94,10.0
0.15,False,0.5,164.85,0.009473684210526316,54,289,1.0,2.94,10.0
0.15,False,0.75,217.2,0.009473684210526316,54,289,1.0,2.94,10.0
0.15,True,0.25,105.99999999999999,0.9905263157894737,5646,289,1.0,2.94,10.0
0.15,True,0.5,155.89999999999998,0.9905263157894737,5646,289,1.0,2.94,10.0
0.15,True,0.75,237.07500000000002,0.9905263157894737,5646,289,1.0,2.94,10.0
0.0,False,0.25,167.39999999999998,0.5023310023310024,862,290,1.0,2.94,10.0
0.0,False,0.5,285.4,0.5023310023310024,862,290,1.0,2.94,10.0
0.0,False,0.75,443.62499999999994,0.5023310023310024,862,290,1.0,2.94,10.0
0.0,True,0.25,161.97499999999997,0.4976689976689977,854,290,1.0,2.94,10.0
0.0,True,0.5,281.0,0.4976689976689977,854,290,1.0,2.94,10.0
0.0,True,0.75,440.35,0.4976689976689977,854,290,1.0,2.94,10.0
0.03,False,0.25,156.8,0.2811755361397935,1062,290,1.0,2.94,10.0
0.03,False,0.5,270.25,0.2811755361397935,1062,290,1.0,2.94,10.0
0.03,False,0.75,423.075,0.2811755361397935,1062,290,1.0,2.94,10.0
0.03,True,0.25,161.14999999999998,0.7188244638602065,2715,290,1.0,2.94,10.0
0.03,True,0.5,276.1,0.7188244638602065,2715,290,1.0,2.94,10.0
0.03,True,0.75,429.25,0.7188244638602065,2715,290,1.0,2.94,10.0
0.06,False,0.25,141.25,0.1281705948372615,571,290,1.0,2.94,10.0
0.06,False,0.5,232.00000000000003,0.1281705948372615,571,290,1.0,2.94,10.0
0.06,False,0.75,402.79999999999995,0.1281705948372615,571,290,1.0,2.94,10.0
0.06,True,0.25,150.25,0.8718294051627385,3884,290,1.0,2.94,10.0
0.06,True,0.5,249.00000000000003,0.8718294051627385,3884,290,1.0,2.94,10.0
0.06,True,0.75,396.275,0.8718294051627385,3884,290,1.0,2.94,10.0
0.09,False,0.25,128.20000000000002,0.05410088563727378,281,290,1.0,2.94,10.0
0.09,False,0.5,199.0,0.05410088563727378,281,290,1.0,2.94,10.0
0.09,False,0.75,332.2,0.05410088563727378,281,290,1.0,2.94,10.0
0.09,True,0.25,136.6,0.9458991143627262,4913,290,1.0,2.94,10.0
0.09,True,0.5,215.10000000000002,0.9458991143627262,4913,290,1.0,2.94,10.0
0.09,True,0.75,346.20000000000005,0.9458991143627262,4913,290,1.0,2.94,10.0
0.12,False,0.25,110.15,0.022606138577467377,123,290,1.0,2.94,10.0
0.12,False,0.5,162.99999999999997,0.022606138577467377,123,290,1.0,2.94,10.0
0.12,False,0.75,248.05000000000007,0.022606138577467377,123,290,1.0,2.94,10.0
0.12,True,0.25,120.3,0.9773938614225326,5318,290,1.0,2.94,10.0
0.12,True,0.5,185.79999999999998,0.9773938614225326,5318,290,1.0,2.94,10.0
0.12,True,0.75,287.975,0.9773938614225326,5318,290,1.0,2.94,10.0
0.15,False,0.25,97.4,0.008958369927981732,51,290,1.0,2.94,10.0
0.15,False,0.5,134.2,0.008958369927981732,51,290,1.0,2.94,10.0
0.15,False,0.75,234.80000000000004,0.008958369927981732,51,290,1.0,2.94,10.0
0.15,True,0.25,105.3,0.9910416300720183,5642,290,1.0,2.94,10.0
0.15,True,0.5,155.70000000000002,0.9910416300720183,5642,290,1.0,2.94,10.0
0.15,True,0.75,235.59999999999997,0.9910416300720183,5642,290,1.0,2.94,10.0
0.0,False,0.25,177.04999999999998,0.4820393974507532,832,302,1.0,2.94,10.0
0.0,False,0.5,283.95000000000005,0.4820393974507532,832,302,1.0,2.94,10.0
0.0,False,0.75,449.625,0.4820393974507532,832,302,1.0,2.94,10.0
0.0,True,0.25,165.275,0.5179606025492468,894,302,1.0,2.94,10.0
0.0,True,0.5,276.6,0.5179606025492468,894,302,1.0,2.94,10.0
0.0,True,0.75,446.32500000000005,0.5179606025492468,894,302,1.0,2.94,10.0
0.03,False,0.25,160.65,0.2820647879905188,1071,302,1.0,2.94,10.0
0.03,False,0.5,280.40000000000003,0.2820647879905188,1071,302,1.0,2.94,10.0
0.03,False,0.75,434.69999999999993,0.2820647879905188,1071,302,1.0,2.94,10.0
0.03,True,0.25,161.225,0.7179352120094812,2726,302,1.0,2.94,10.0
0.03,True,0.5,272.20000000000005,0.7179352120094812,2726,302,1.0,2.94,10.0
0.03,True,0.75,424.5,0.7179352120094812,2726,302,1.0,2.94,10.0
0.06,False,0.25,145.79999999999998,0.13307813555505515,591,302,1.0,2.94,10.0
0.06,False,0.5,234.79999999999998,0.13307813555505515,591,302,1.0,2.94,10.0
0.06,False,0.75,379.1,0.13307813555505515,591,302,1.0,2.94,10.0
0.06,True,0.25,152.79999999999998,0.8669218644449448,3850,302,1.0,2.94,10.0
0.06,True,0.5,247.29999999999998,0.8669218644449448,3850,302,1.0,2.94,10.0
0.06,True,0.75,397.6,0.8669218644449448,3850,302,1.0,2.94,10.0
0.09,False,0.25,126.825,0.0634184068058778,328,302,1.0,2.94,10.0
0.09,False,0.5,198.64999999999998,0.0634184068058778,328,302,1.0,2.94,10.0
0.09,False,0.75,325.525,0.0634184068058778,328,302,1.0,2.94,10.0
0.09,True,0.25,134.7,0.9365815931941222,4844,302,1.0,2.94,10.0
0.09,True,0.5,213.90000000000003,0.9365815931941222,4844,302,1.0,2.94,10.0
0.09,True,0.75,340.7,0.9365815931941222,4844,302,1.0,2.94,10.0
0.12,False,0.25,114.2,0.025151459519001284,137,302,1.0,2.94,10.0
0.12,False,0.5,178.8,0.025151459519001284,137,302,1.0,2.94,10.0
0.12,False,0.75,290.30000000000007,0.025151459519001284,137,302,1.0,2.94,10.0
0.12,True,0.25,122.32499999999999,0.9748485404809987,5310,302,1.0,2.94,10.0
0.12,True,0.5,185.45,0.9748485404809987,5310,302,1.0,2.94,10.0
0.12,True,0.75,284.25,0.9748485404809987,5310,302,1.0,2.94,10.0
0.15,False,0.25,107.8,0.00966268446943078,55,302,1.0,2.94,10.0
0.15,False,0.5,148.29999999999998,0.00966268446943078,55,302,1.0,2.94,10.0
0.15,False,0.75,250.00000000000006,0.00966268446943078,55,302,1.0,2.94,10.0
0.15,True,0.25,105.69999999999999,0.9903373155305693,5637,302,1.0,2.94,10.0
0.15,True,0.5,155.5,0.9903373155305693,5637,302,1.0,2.94,10.0
0.15,True,0.75,232.20000000000002,0.9903373155305693,5637,302,1.0,2.94,10.0
0.0,False,0.25,154.39999999999998,0.49568717653824035,862,304,1.0,2.94,10.0
0.0,False,0.5,267.1,0.49568717653824035,862,304,1.0,2.94,10.0
0.0,False,0.75,443.425,0.49568717653824035,862,304,1.0,2.94,10.0
0.0,True,0.25,166.6,0.5043128234617597,877,304,1.0,2.94,10.0
0.0,True,0.5,298.20000000000005,0.5043128234617597,877,304,1.0,2.94,10.0
0.0,True,0.75,460.9,0.5043128234617597,877,304,1.0,2.94,10.0
0.03,False,0.25,154.99999999999997,0.28443271767810024,1078,304,1.0,2.94,10.0
0.03,False,0.5,260.80000000000007,0.28443271767810024,1078,304,1.0,2.94,10.0
0.03,False,0.75,440.5,0.28443271767810024,1078,304,1.0,2.94,10.0
0.03,True,0.25,166.575,0.7155672823218997,2712,304,1.0,2.94,10.0
0.03,True,0.5,272.35,0.7155672823218997,2712,304,1.0,2.94,10.0
0.03,True,0.75,440.775,0.7155672823218997,2712,304,1.0,2.94,10.0
0.06,False,0.25,141.5,0.13628199371351593,607,304,1.0,2.94,10.0
0.06,False,0.5,244.4,0.13628199371351593,607,304,1.0,2.94,10.0
0.06,False,0.75,392.00000000000006,0.13628199371351593,607,304,1.0,2.94,10.0
0.06,True,0.25,151.75,0.8637180062864841,3847,304,1.0,2.94,10.0
0.06,True,0.5,249.60000000000005,0.8637180062864841,3847,304,1.0,2.94,10.0
0.06,True,0.75,393.8,0.8637180062864841,3847,304,1.0,2.94,10.0
0.09,False,0.25,122.6,0.06155924353531455,319,304,1.0,2.94,10.0
0.09,False,0.5,199.4,0.06155924353531455,319,304,1.0,2.94,10.0
0.09,False,0.75,317.45000000000005,0.06155924353531455,319,304,1.0,2.94,10.0
0.09,True,0.25,133.6,0.9384407564646855,4863,304,1.0,2.94,10.0
0.09,True,0.5,213.50000000000003,0.9384407564646855,4863,304,1.0,2.94,10.0
0.09,True,0.75,344.95000000000005,0.9384407564646855,4863,304,1.0,2.94,10.0
0.12,False,0.25,110.94999999999999,0.024058769513314968,131,304,1.0,2.94,10.0
0.12,False,0.5,181.29999999999998,0.024058769513314968,131,304,1.0,2.94,10.0
0.12,False,0.75,282.6,0.024058769513314968,131,304,1.0,2.94,10.0
0.12,True,0.25,119.42499999999998,0.975941230486685,5314,304,1.0,2.94,10.0
0.12,True,0.5,184.9,0.975941230486685,5314,304,1.0,2.94,10.0
0.12,True,0.75,284.77500000000003,0.975941230486685,5314,304,1.0,2.94,10.0
0.15,False,0.25,99.0,0.008607061303354997,49,304,1.0,2.94,10.0
0.15,False,0.5,137.79999999999998,0.008607061303354997,49,304,1.0,2.94,10.0
0.15,False,0.75,204.60000000000002,0.008607061303354997,49,304,1.0,2.94,10.0
0.15,True,0.25,106.39999999999998,0.991392938696645,5644,304,1.0,2.94,10.0
0.15,True,0.5,157.4,0.991392938696645,5644,304,1.0,2.94,10.0
0.15,True,0.75,233.72500000000005,0.991392938696645,5644,304,1.0,2.94,10.0
0.0,False,0.25,165.5,0.4927703875072296,852,307,1.0,2.94,10.0
0.0,False,0.5,290.04999999999995,0.4927703875072296,852,307,1.0,2.94,10.0
0.0,False,0.75,451.34999999999997,0.4927703875072296,852,307,1.0,2.94,10.0
0.0,True,0.25,162.70000000000002,0.5072296124927704,877,307,1.0,2.94,10.0
0.0,True,0.5,275.90000000000003,0.5072296124927704,877,307,1.0,2.94,10.0
0.0,True,0.75,441.8,0.5072296124927704,877,307,1.0,2.94,10.0
0.03,False,0.25,161.89999999999998,0.2792121373436252,1049,307,1.0,2.94,10.0
0.03,False,0.5,275.90000000000003,0.2792121373436252,1049,307,1.0,2.94,10.0
0.03,False,0.75,440.9,0.2792121373436252,1049,307,1.0,2.94,10.0
0.03,True,0.25,161.775,0.7207878626563747,2708,307,1.0,2.94,10.0
0.03,True,0.5,267.00000000000006,0.7207878626563747,2708,307,1.0,2.94,10.0
0.03,True,0.75,437.225,0.7207878626563747,2708,307,1.0,2.94,10.0
0.06,False,0.25,146.8,0.13996854639406875,623,307,1.0,2.94,10.0
0.06,False,0.5,235.4,0.13996854639406875,623,307,1.0,2.94,10.0
0.06,False,0.75,389.20000000000005,0.13996854639406875,623,307,1.0,2.94,10.0
0.06,True,0.25,153.2,0.8600314536059313,3828,307,1.0,2.94,10.0
0.06,True,0.5,250.25,0.8600314536059313,3828,307,1.0,2.94,10.0
0.06,True,0.75,402.90000000000003,0.8600314536059313,3828,307,1.0,2.94,10.0
0.09,False,0.25,136.6,0.05609284332688588,290,307,1.0,2.94,10.0
0.09,False,0.5,228.10000000000002,0.05609284332688588,290,307,1.0,2.94,10.0
0.09,False,0.75,367.27500000000003,0.05609284332688588,290,307,1.0,2.94,10.0
0.09,True,0.25,137.575,0.9439071566731141,4880,307,1.0,2.94,10.0
0.09,True,0.5,218.4,0.9439071566731141,4880,307,1.0,2.94,10.0
0.09,True,0.75,342.25000000000006,0.9439071566731141,4880,307,1.0,2.94,10.0
0.12,False,0.25,119.15,0.020894428152492667,114,307,1.0,2.94,10.0
0.12,False,0.5,180.6,0.020894428152492667,114,307,1.0,2.94,10.0
0.12,False,0.75,284.45000000000005,0.020894428152492667,114,307,1.0,2.94,10.0
0.12,True,0.25,121.09999999999998,0.9791055718475073,5342,307,1.0,2.94,10.0
0.12,True,0.5,183.40000000000003,0.9791055718475073,5342,307,1.0,2.94,10.0
0.12,True,0.75,283.5,0.9791055718475073,5342,307,1.0,2.94,10.0
0.15,False,0.25,103.4,0.007901668129938543,45,307,1.0,2.94,10.0
0.15,False,0.5,156.1,0.007901668129938543,45,307,1.0,2.94,10.0
0.15,False,0.75,217.0,0.007901668129938543,45,307,1.0,2.94,10.0
0.15,True,0.25,106.32499999999999,0.9920983318700615,5650,307,1.0,2.94,10.0
0.15,True,0.5,157.0,0.9920983318700615,5650,307,1.0,2.94,10.0
0.15,True,0.75,238.17500000000004,0.9920983318700615,5650,307,1.0,2.94,10.0
0.0,False,0.25,156.5,0.5025996533795494,870,308,1.0,2.94,10.0
0.0,False,0.5,271.70000000000005,0.5025996533795494,870,308,1.0,2.94,10.0
0.0,False,0.75,428.25,0.5025996533795494,870,308,1.0,2.94,10.0
0.0,True,0.25,173.2,0.49740034662045063,861,308,1.0,2.94,10.0
0.0,True,0.5,284.8,0.49740034662045063,861,308,1.0,2.94,10.0
0.0,True,0.75,454.2,0.49740034662045063,861,308,1.0,2.94,10.0
0.03,False,0.25,157.89999999999998,0.28248136315228967,1061,308,1.0,2.94,10.0
0.03,False,0.5,263.79999999999995,0.28248136315228967,1061,308,1.0,2.94,10.0
0.03,False,0.75,433.8,0.28248136315228967,1061,308,1.0,2.94,10.0
0.03,True,0.25,161.99999999999997,0.7175186368477103,2695,308,1.0,2.94,10.0
0.03,True,0.5,262.8,0.7175186368477103,2695,308,1.0,2.94,10.0
0.03,True,0.75,418.94999999999993,0.7175186368477103,2695,308,1.0,2.94,10.0
0.06,False,0.25,144.075,0.1383847549909256,610,308,1.0,2.94,10.0
0.06,False,0.5,223.65000000000003,0.1383847549909256,610,308,1.0,2.94,10.0
0.06,False,0.75,374.77500000000003,0.1383847549909256,610,308,1.0,2.94,10.0
0.06,True,0.25,153.14999999999998,0.8616152450090744,3798,308,1.0,2.94,10.0
0.06,True,0.5,245.60000000000005,0.8616152450090744,3798,308,1.0,2.94,10.0
0.06,True,0.75,400.07500000000005,0.8616152450090744,3798,308,1.0,2.94,10.0
0.09,False,0.25,135.075,0.060196797221686284,312,308,1.0,2.94,10.0
0.09,False,0.5,213.20000000000002,0.060196797221686284,312,308,1.0,2.94,10.0
0.09,False,0.75,335.75,0.060196797221686284,312,308,1.0,2.94,10.0
0.09,True,0.25,134.5,0.9398032027783138,4871,308,1.0,2.94,10.0
0.09,True,0.5,215.00000000000003,0.9398032027783138,4871,308,1.0,2.94,10.0
0.09,True,0.75,339.00000000000006,0.9398032027783138,4871,308,1.0,2.94,10.0
0.12,False,0.25,114.82499999999999,0.02495412844036697,136,308,1.0,2.94,10.0
0.12,False,0.5,181.3,0.02495412844036697,136,308,1.0,2.94,10.0
0.12,False,0.75,281.82500000000005,0.02495412844036697,136,308,1.0,2.94,10.0
0.12,True,0.25,117.50000000000001,0.9750458715596331,5314,308,1.0,2.94,10.0
0.12,True,0.5,180.4,0.9750458715596331,5314,308,1.0,2.94,10.0
0.12,True,0.75,280.15000000000003,0.9750458715596331,5314,308,1.0,2.94,10.0
0.15,False,0.25,101.29999999999998,0.012120147549622344,69,308,1.0,2.94,10.0
0.15,False,0.5,131.6,0.012120147549622344,69,308,1.0,2.94,10.0
0.15,False,0.75,207.1,0.012120147549622344,69,308,1.0,2.94,10.0
0.15,True,0.25,109.175,0.9878798524503777,5624,308,1.0,2.94,10.0
0.15,True,0.5,161.2,0.9878798524503777,5624,308,1.0,2.94,10.0
0.15,True,0.75,240.45000000000002,0.9878798524503777,5624,308,1.0,2.94,10.0
0.0,False,0.25,163.5,0.5002852253280091,877,312,1.0,2.94,10.0
0.0,False,0.5,277.80000000000007,0.5002852253280091,877,312,1.0,2.94,10.0
0.0,False,0.75,439.29999999999995,0.5002852253280091,877,312,1.0,2.94,10.0
0.0,True,0.25,161.25,0.4997147746719909,876,312,1.0,2.94,10.0
0.0,True,0.5,265.8500000000001,0.4997147746719909,876,312,1.0,2.94,10.0
0.0,True,0.75,422.77500000000003,0.4997147746719909,876,312,1.0,2.94,10.0
0.03,False,0.25,153.375,0.27241651327899025,1036,312,1.0,2.94,10.0
0.03,False,0.5,259.65000000000003,0.27241651327899025,1036,312,1.0,2.94,10.0
0.03,False,0.75,421.425,0.27241651327899025,1036,312,1.0,2.94,10.0
0.03,True,0.25,163.85,0.7275834867210097,2767,312,1.0,2.94,10.0
0.03,True,0.5,270.90000000000003,0.7275834867210097,2767,312,1.0,2.94,10.0
0.03,True,0.75,433.2,0.7275834867210097,2767,312,1.0,2.94,10.0
0.06,False,0.25,142.9,0.12539396668167493,557,312,1.0,2.94,10.0
0.06,False,0.5,228.60000000000005,0.12539396668167493,557,312,1.0,2.94,10.0
0.06,False,0.75,412.70000000000005,0.12539396668167493,557,312,1.0,2.94,10.0
0.06,True,0.25,156.70000000000002,0.8746060333183251,3885,312,1.0,2.94,10.0
0.06,True,0.5,250.5,0.8746060333183251,3885,312,1.0,2.94,10.0
0.06,True,0.75,394.9,0.8746060333183251,3885,312,1.0,2.94,10.0
0.09,False,0.25,127.85,0.05555555555555555,287,312,1.0,2.94,10.0
0.09,False,0.5,212.60000000000005,0.05555555555555555,287,312,1.0,2.94,10.0
0.09,False,0.75,325.1,0.05555555555555555,287,312,1.0,2.94,10.0
0.09,True,0.25,138.6,0.9444444444444444,4879,312,1.0,2.94,10.0
0.09,True,0.5,216.10000000000005,0.9444444444444444,4879,312,1.0,2.94,10.0
0.09,True,0.75,337.25,0.9444444444444444,4879,312,1.0,2.94,10.0
0.12,False,0.25,106.975,0.024551117625503847,134,312,1.0,2.94,10.0
0.12,False,0.5,185.7,0.024551117625503847,134,312,1.0,2.94,10.0
0.12,False,0.75,302.625,0.024551117625503847,134,312,1.0,2.94,10.0
0.12,True,0.25,119.49999999999999,0.9754488823744961,5324,312,1.0,2.94,10.0
0.12,True,0.5,183.60000000000002,0.9754488823744961,5324,312,1.0,2.94,10.0
0.12,True,0.75,284.6,0.9754488823744961,5324,312,1.0,2.94,10.0
0.15,False,0.25,100.69999999999999,0.011409513779182026,65,312,1.0,2.94,10.0
0.15,False,0.5,146.0,0.011409513779182026,65,312,1.0,2.94,10.0
0.15,False,0.75,258.90000000000003,0.011409513779182026,65,312,1.0,2.94,10.0
0.15,True,0.25,108.5,0.988590486220818,5632,312,1.0,2.94,10.0
0.15,True,0.5,158.29999999999998,0.988590486220818,5632,312,1.0,2.94,10.0
0.15,True,0.75,233.2,0.988590486220818,5632,312,1.0,2.94,10.0
0.0,False,0.25,171.8,0.5050266114725015,854,316,1.0,2.94,10.0
0.0,False,0.5,274.5,0.5050266114725015,854,316,1.0,2.94,10.0
0.0,False,0.75,426.42499999999995,0.5050266114725015,854,316,1.0,2.94,10.0
0.0,True,0.25,166.2,0.4949733885274985,837,316,1.0,2.94,10.0
0.0,True,0.5,280.6,0.4949733885274985,837,316,1.0,2.94,10.0
0.0,True,0.75,444.40000000000003,0.4949733885274985,837,316,1.0,2.94,10.0
0.03,False,0.25,155.075,0.28030908606448174,1052,316,1.0,2.94,10.0
0.03,False,0.5,267.95,0.28030908606448174,1052,316,1.0,2.94,10.0
0.03,False,0.75,418.9,0.28030908606448174,1052,316,1.0,2.94,10.0
0.03,True,0.25,163.99999999999997,0.7196909139355182,2701,316,1.0,2.94,10.0
0.03,True,0.5,277.30000000000007,0.7196909139355182,2701,316,1.0,2.94,10.0
0.03,True,0.75,441.7,0.7196909139355182,2701,316,1.0,2.94,10.0
0.06,False,0.25,149.55,0.13319810682893848,591,316,1.0,2.94,10.0
0.06,False,0.5,240.30000000000004,0.13319810682893848,591,316,1.0,2.94,10.0
0.06,False,0.75,382.7,0.13319810682893848,591,316,1.0,2.94,10.0
0.06,True,0.25,151.325,0.8668018931710615,3846,316,1.0,2.94,10.0
0.06,True,0.5,246.95000000000005,0.8668018931710615,3846,316,1.0,2.94,10.0
0.06,True,0.75,395.3500000000001,0.8668018931710615,3846,316,1.0,2.94,10.0
0.09,False,0.25,135.375,0.049468599033816424,256,316,1.0,2.94,10.0
0.09,False,0.5,211.90000000000003,0.049468599033816424,256,316,1.0,2.94,10.0
0.09,False,0.75,347.75000000000006,0.049468599033816424,256,316,1.0,2.94,10.0
0.09,True,0.25,135.45,0.9505314009661836,4919,316,1.0,2.94,10.0
0.09,True,0.5,219.39999999999998,0.9505314009661836,4919,316,1.0,2.94,10.0
0.09,True,0.75,339.80000000000007,0.9505314009661836,4919,316,1.0,2.94,10.0
0.12,False,0.25,111.8,0.02089825847846013,114,316,1.0,2.94,10.0
0.12,False,0.5,170.5,0.02089825847846013,114,316,1.0,2.94,10.0
0.12,False,0.75,277.82500000000005,0.02089825847846013,114,316,1.0,2.94,10.0
0.12,True,0.25,120.0,0.9791017415215398,5341,316,1.0,2.94,10.0
0.12,True,0.5,183.9,0.9791017415215398,5341,316,1.0,2.94,10.0
0.12,True,0.75,287.5,0.9791017415215398,5341,316,1.0,2.94,10.0
0.15,False,0.25,101.175,0.008080098366414896,46,316,1.0,2.94,10.0
0.15,False,0.5,130.1,0.008080098366414896,46,316,1.0,2.94,10.0
0.15,False,0.75,197.45,0.008080098366414896,46,316,1.0,2.94,10.0
0.15,True,0.25,105.99999999999999,0.9919199016335851,5647,316,1.0,2.94,10.0
0.15,True,0.5,156.20000000000002,0.9919199016335851,5647,316,1.0,2.94,10.0
0.15,True,0.75,231.95000000000002,0.9919199016335851,5647,316,1.0,2.94,10.0
0.0,False,0.25,161.675,0.5250875145857643,900,330,1.0,2.94,10.0
0.0,False,0.5,266.35,0.5250875145857643,900,330,1.0,2.94,10.0
0.0,False,0.75,438.40000000000003,0.5250875145857643,900,330,1.0,2.94,10.0
0.0,True,0.25,171.2,0.4749124854142357,814,330,1.0,2.94,10.0
0.0,True,0.5,280.85,0.4749124854142357,814,330,1.0,2.94,10.0
0.0,True,0.75,458.55,0.4749124854142357,814,330,1.0,2.94,10.0
0.03,False,0.25,158.2,0.2778502478476389,1065,330,1.0,2.94,10.0
0.03,False,0.5,262.3,0.2778502478476389,1065,330,1.0,2.94,10.0
0.03,False,0.75,431.4,0.2778502478476389,1065,330,1.0,2.94,10.0
0.03,True,0.25,157.7,0.7221497521523611,2768,330,1.0,2.94,10.0
0.03,True,0.5,268.05000000000007,0.7221497521523611,2768,330,1.0,2.94,10.0
0.03,True,0.75,435.42499999999995,0.7221497521523611,2768,330,1.0,2.94,10.0
0.06,False,0.25,137.3,0.12960467205750226,577,330,1.0,2.94,10.0
0.06,False,0.5,237.3,0.12960467205750226,577,330,1.0,2.94,10.0
0.06,False,0.75,413.40000000000003,0.12960467205750226,577,330,1.0,2.94,10.0
0.06,True,0.25,145.0,0.8703953279424977,3875,330,1.0,2.94,10.0
0.06,True,0.5,243.4,0.8703953279424977,3875,330,1.0,2.94,10.0
0.06,True,0.75,392.4,0.8703953279424977,3875,330,1.0,2.94,10.0
0.09,False,0.25,121.04999999999998,0.06191770186335404,319,330,1.0,2.94,10.0
0.09,False,0.5,201.5,0.06191770186335404,319,330,1.0,2.94,10.0
0.09,False,0.75,331.5,0.06191770186335404,319,330,1.0,2.94,10.0
0.09,True,0.25,134.3,0.938082298136646,4833,330,1.0,2.94,10.0
0.09,True,0.5,215.10000000000002,0.938082298136646,4833,330,1.0,2.94,10.0
0.09,True,0.75,344.6000000000001,0.938082298136646,4833,330,1.0,2.94,10.0
0.12,False,0.25,131.325,0.026441424899008446,144,330,1.0,2.94,10.0
0.12,False,0.5,182.10000000000002,0.026441424899008446,144,330,1.0,2.94,10.0
0.12,False,0.75,258.125,0.026441424899008446,144,330,1.0,2.94,10.0
0.12,True,0.25,116.02499999999998,0.9735585751009915,5302,330,1.0,2.94,10.0
0.12,True,0.5,179.85,0.9735585751009915,5302,330,1.0,2.94,10.0
0.12,True,0.75,280.0,0.9735585751009915,5302,330,1.0,2.94,10.0
0.15,False,0.25,90.675,0.011587078651685394,66,330,1.0,2.94,10.0
0.15,False,0.5,153.14999999999998,0.011587078651685394,66,330,1.0,2.94,10.0
0.15,False,0.75,216.075,0.011587078651685394,66,330,1.0,2.94,10.0
0.15,True,0.25,103.59999999999998,0.9884129213483146,5630,330,1.0,2.94,10.0
0.15,True,0.5,153.5,0.9884129213483146,5630,330,1.0,2.94,10.0
0.15,True,0.75,235.77500000000006,0.9884129213483146,5630,330,1.0,2.94,10.0
0.0,False,0.25,174.72499999999997,0.52,910,335,1.0,2.94,10.0
0.0,False,0.5,286.45000000000005,0.52,910,335,1.0,2.94,10.0
0.0,False,0.75,460.775,0.52,910,335,1.0,2.94,10.0
0.0,True,0.25,172.375,0.48,840,335,1.0,2.94,10.0
0.0,True,0.5,286.20000000000005,0.48,840,335,1.0,2.94,10.0
0.0,True,0.75,452.0,0.48,840,335,1.0,2.94,10.0
0.03,False,0.25,161.5,0.279694495654464,1062,335,1.0,2.94,10.0
0.03,False,0.5,272.1,0.279694495654464,1062,335,1.0,2.94,10.0
0.03,False,0.75,448.65,0.279694495654464,1062,335,1.0,2.94,10.0
0.03,True,0.25,157.99999999999997,0.720305504345536,2735,335,1.0,2.94,10.0
0.03,True,0.5,268.1,0.720305504345536,2735,335,1.0,2.94,10.0
0.03,True,0.75,435.40000000000003,0.720305504345536,2735,335,1.0,2.94,10.0
0.06,False,0.25,148.075,0.1376064545047064,614,335,1.0,2.94,10.0
0.06,False,0.5,247.8,0.1376064545047064,614,335,1.0,2.94,10.0
0.06,False,0.75,412.175,0.1376064545047064,614,335,1.0,2.94,10.0
0.06,True,0.25,153.375,0.8623935454952936,3848,335,1.0,2.94,10.0
0.06,True,0.5,252.4,0.8623935454952936,3848,335,1.0,2.94,10.0
0.06,True,0.75,397.32500000000005,0.8623935454952936,3848,335,1.0,2.94,10.0
0.09,False,0.25,134.45,0.05769972983404091,299,335,1.0,2.94,10.0
0.09,False,0.5,204.5,0.05769972983404091,299,335,1.0,2.94,10.0
0.09,False,0.75,345.85,0.05769972983404091,299,335,1.0,2.94,10.0
0.09,True,0.25,135.1,0.9423002701659591,4883,335,1.0,2.94,10.0
0.09,True,0.5,212.60000000000005,0.9423002701659591,4883,335,1.0,2.94,10.0
0.09,True,0.75,337.4,0.9423002701659591,4883,335,1.0,2.94,10.0
0.12,False,0.25,115.54999999999998,0.026833302701709246,146,335,1.0,2.94,10.0
0.12,False,0.5,177.25,0.026833302701709246,146,335,1.0,2.94,10.0
0.12,False,0.75,265.225,0.026833302701709246,146,335,1.0,2.94,10.0
0.12,True,0.25,121.69999999999999,0.9731666972982908,5295,335,1.0,2.94,10.0
0.12,True,0.5,183.2,0.9731666972982908,5295,335,1.0,2.94,10.0
0.12,True,0.75,283.80000000000007,0.9731666972982908,5295,335,1.0,2.94,10.0
0.15,False,0.25,79.49999999999999,0.007194244604316547,41,335,1.0,2.94,10.0
0.15,False,0.5,130.3,0.007194244604316547,41,335,1.0,2.94,10.0
0.15,False,0.75,174.8,0.007194244604316547,41,335,1.0,2.94,10.0
0.15,True,0.25,106.82499999999999,0.9928057553956835,5658,335,1.0,2.94,10.0
0.15,True,0.5,157.1,0.9928057553956835,5658,335,1.0,2.94,10.0
0.15,True,0.75,235.575,0.9928057553956835,5658,335,1.0,2.94,10.0
0.0,False,0.25,174.85000000000002,0.5105653912050258,894,345,1.0,2.94,10.0
0.0,False,0.5,289.80000000000007,0.5105653912050258,894,345,1.0,2.94,10.0
0.0,False,0.75,448.97499999999997,0.5105653912050258,894,345,1.0,2.94,10.0
0.0,True,0.25,164.3,0.4894346087949743,857,345,1.0,2.94,10.0
0.0,True,0.5,269.3,0.4894346087949743,857,345,1.0,2.94,10.0
0.0,True,0.75,451.49999999999994,0.4894346087949743,857,345,1.0,2.94,10.0
0.03,False,0.25,165.45,0.27808764940239045,1047,345,1.0,2.94,10.0
0.03,False,0.5,276.90000000000003,0.27808764940239045,1047,345,1.0,2.94,10.0
0.03,False,0.75,445.25,0.27808764940239045,1047,345,1.0,2.94,10.0
0.03,True,0.25,163.39999999999998,0.7219123505976096,2718,345,1.0,2.94,10.0
0.03,True,0.5,278.05000000000007,0.7219123505976096,2718,345,1.0,2.94,10.0
0.03,True,0.75,439.44999999999993,0.7219123505976096,2718,345,1.0,2.94,10.0
0.06,False,0.25,128.175,0.125,552,345,1.0,2.94,10.0
0.06,False,0.5,226.65000000000003,0.125,552,345,1.0,2.94,10.0
0.06,False,0.75,373.34999999999997,0.125,552,345,1.0,2.94,10.0
0.06,True,0.25,150.75,0.875,3864,345,1.0,2.94,10.0
0.06,True,0.5,254.75,0.875,3864,345,1.0,2.94,10.0
0.06,True,0.75,396.27500000000003,0.875,3864,345,1.0,2.94,10.0
0.09,False,0.25,133.99999999999997,0.05558761300250048,289,345,1.0,2.94,10.0
0.09,False,0.5,208.70000000000002,0.05558761300250048,289,345,1.0,2.94,10.0
0.09,False,0.75,329.40000000000003,0.05558761300250048,289,345,1.0,2.94,10.0
0.09,True,0.25,136.2,0.9444123869974995,4910,345,1.0,2.94,10.0
0.09,True,0.5,214.10000000000002,0.9444123869974995,4910,345,1.0,2.94,10.0
0.09,True,0.75,338.32500000000005,0.9444123869974995,4910,345,1.0,2.94,10.0
0.12,False,0.25,109.6,0.02290216196408941,125,345,1.0,2.94,10.0
0.12,False,0.5,158.70000000000002,0.02290216196408941,125,345,1.0,2.94,10.0
0.12,False,0.75,252.70000000000005,0.02290216196408941,125,345,1.0,2.94,10.0
0.12,True,0.25,117.7,0.9770978380359105,5333,345,1.0,2.94,10.0
0.12,True,0.5,180.70000000000002,0.9770978380359105,5333,345,1.0,2.94,10.0
0.12,True,0.75,283.2,0.9770978380359105,5333,345,1.0,2.94,10.0
0.15,False,0.25,88.09999999999998,0.01053001053001053,60,345,1.0,2.94,10.0
0.15,False,0.5,133.1,0.01053001053001053,60,345,1.0,2.94,10.0
0.15,False,0.75,186.85,0.01053001053001053,60,345,1.0,2.94,10.0
0.15,True,0.25,106.69999999999999,0.9894699894699894,5638,345,1.0,2.94,10.0
0.15,True,0.5,157.25,0.9894699894699894,5638,345,1.0,2.94,10.0
0.15,True,0.75,232.87500000000006,0.9894699894699894,5638,345,1.0,2.94,10.0
0.0,False,0.25,167.925,0.4968299711815562,862,356,1.0,2.94,10.0
0.0,False,0.5,272.65000000000003,0.4968299711815562,862,356,1.0,2.94,10.0
0.0,False,0.75,430.325,0.4968299711815562,862,356,1.0,2.94,10.0
0.0,True,0.25,172.09999999999997,0.5031700288184437,873,356,1.0,2.94,10.0
0.0,True,0.5,285.1,0.5031700288184437,873,356,1.0,2.94,10.0
0.0,True,0.75,458.6,0.5031700288184437,873,356,1.0,2.94,10.0
0.03,False,0.25,155.79999999999998,0.2822198842714361,1073,356,1.0,2.94,10.0
0.03,False,0.5,267.20000000000005,0.2822198842714361,1073,356,1.0,2.94,10.0
0.03,False,0.75,424.3,0.2822198842714361,1073,356,1.0,2.94,10.0
0.03,True,0.25,160.2,0.7177801157285639,2729,356,1.0,2.94,10.0
0.03,True,0.5,268.1,0.7177801157285639,2729,356,1.0,2.94,10.0
0.03,True,0.75,423.70000000000005,0.7177801157285639,2729,356,1.0,2.94,10.0
0.06,False,0.25,144.6,0.13132911392405064,581,356,1.0,2.94,10.0
0.06,False,0.5,237.60000000000002,0.13132911392405064,581,356,1.0,2.94,10.0
0.06,False,0.75,387.6000000000001,0.13132911392405064,581,356,1.0,2.94,10.0
0.06,True,0.25,152.4,0.8686708860759493,3843,356,1.0,2.94,10.0
0.06,True,0.5,248.70000000000002,0.8686708860759493,3843,356,1.0,2.94,10.0
0.06,True,0.75,398.35,0.8686708860759493,3843,356,1.0,2.94,10.0
0.09,False,0.25,123.14999999999999,0.054461181923522596,282,356,1.0,2.94,10.0
0.09,False,0.5,209.30000000000004,0.054461181923522596,282,356,1.0,2.94,10.0
0.09,False,0.75,343.325,0.054461181923522596,282,356,1.0,2.94,10.0
0.09,True,0.25,132.77499999999998,0.9455388180764774,4896,356,1.0,2.94,10.0
0.09,True,0.5,211.45,0.9455388180764774,4896,356,1.0,2.94,10.0
0.09,True,0.75,333.625,0.9455388180764774,4896,356,1.0,2.94,10.0
0.12,False,0.25,111.675,0.027447392497712716,150,356,1.0,2.94,10.0
0.12,False,0.5,160.85,0.027447392497712716,150,356,1.0,2.94,10.0
0.12,False,0.75,270.725,0.027447392497712716,150,356,1.0,2.94,10.0
0.12,True,0.25,119.89999999999998,0.9725526075022873,5315,356,1.0,2.94,10.0
0.12,True,0.5,180.6,0.9725526075022873,5315,356,1.0,2.94,10.0
0.12,True,0.75,281.0,0.9725526075022873,5315,356,1.0,2.94,10.0
0.15,False,0.25,96.175,0.011241875988055507,64,356,1.0,2.94,10.0
0.15,False,0.5,129.05,0.011241875988055507,64,356,1.0,2.94,10.0
0.15,False,0.75,189.02499999999998,0.011241875988055507,64,356,1.0,2.94,10.0
0.15,True,0.25,106.1,0.9887581240119445,5629,356,1.0,2.94,10.0
0.15,True,0.5,157.0,0.9887581240119445,5629,356,1.0,2.94,10.0
0.15,True,0.75,234.90000000000003,0.9887581240119445,5629,356,1.0,2.94,10.0
0.0,False,0.25,165.29999999999998,0.4943310657596372,872,358,1.0,2.94,10.0
0.0,False,0.5,272.0,0.4943310657596372,872,358,1.0,2.94,10.0
0.0,False,0.75,437.4,0.4943310657596372,872,358,1.0,2.94,10.0
0.0,True,0.25,158.85,0.5056689342403629,892,358,1.0,2.94,10.0
0.0,True,0.5,267.3,0.5056689342403629,892,358,1.0,2.94,10.0
0.0,True,0.75,441.225,0.5056689342403629,892,358,1.0,2.94,10.0
0.03,False,0.25,152.89999999999998,0.27683022828653897,1055,358,1.0,2.94,10.0
0.03,False,0.5,272.3,0.27683022828653897,1055,358,1.0,2.94,10.0
0.03,False,0.75,423.4,0.27683022828653897,1055,358,1.0,2.94,10.0
0.03,True,0.25,161.17499999999998,0.7231697717134611,2756,358,1.0,2.94,10.0
0.03,True,0.5,270.85,0.7231697717134611,2756,358,1.0,2.94,10.0
0.03,True,0.75,440.325,0.7231697717134611,2756,358,1.0,2.94,10.0
0.06,False,0.25,153.60000000000002,0.14021223752540077,621,358,1.0,2.94,10.0
0.06,False,0.5,251.79999999999995,0.14021223752540077,621,358,1.0,2.94,10.0
0.06,False,0.75,371.6,0.14021223752540077,621,358,1.0,2.94,10.0
0.06,True,0.25,152.04999999999998,0.8597877624745992,3808,358,1.0,2.94,10.0
0.06,True,0.5,243.29999999999998,0.8597877624745992,3808,358,1.0,2.94,10.0
0.06,True,0.75,385.85,0.8597877624745992,3808,358,1.0,2.94,10.0
0.09,False,0.25,126.4,0.060459725709870585,313,358,1.0,2.94,10.0
0.09,False,0.5,211.50000000000003,0.060459725709870585,313,358,1.0,2.94,10.0
0.09,False,0.75,347.80000000000007,0.060459725709870585,313,358,1.0,2.94,10.0
0.09,True,0.25,136.1,0.9395402742901294,4864,358,1.0,2.94,10.0
0.09,True,0.5,215.15,0.9395402742901294,4864,358,1.0,2.94,10.0
0.09,True,0.75,336.1000000000001,0.9395402742901294,4864,358,1.0,2.94,10.0
0.12,False,0.25,115.6,0.022910557184750734,125,358,1.0,2.94,10.0
0.12,False,0.5,182.19999999999996,0.022910557184750734,125,358,1.0,2.94,10.0
0.12,False,0.75,315.40000000000003,0.022910557184750734,125,358,1.0,2.94,10.0
0.12,True,0.25,119.3,0.9770894428152492,5331,358,1.0,2.94,10.0
0.12,True,0.5,182.9,0.9770894428152492,5331,358,1.0,2.94,10.0
0.12,True,0.75,280.65000000000003,0.9770894428152492,5331,358,1.0,2.94,10.0
0.15,False,0.25,110.10000000000001,0.012101017186951947,69,358,1.0,2.94,10.0
0.15,False,0.5,149.4,0.012101017186951947,69,358,1.0,2.94,10.0
0.15,False,0.75,220.20000000000002,0.012101017186951947,69,358,1.0,2.94,10.0
0.15,True,0.25,108.3,0.987898982813048,5633,358,1.0,2.94,10.0
0.15,True,0.5,157.70000000000002,0.987898982813048,5633,358,1.0,2.94,10.0
0.15,True,0.75,233.40000000000006,0.987898982813048,5633,358,1.0,2.94,10.0
0.0,False,0.25,172.45,0.4956471271038886,854,362,1.0,2.94,10.0
0.0,False,0.5,296.8500000000001,0.4956471271038886,854,362,1.0,2.94,10.0
0.0,False,0.75,473.525,0.4956471271038886,854,362,1.0,2.94,10.0
0.0,True,0.25,170.49999999999997,0.5043528728961114,869,362,1.0,2.94,10.0
0.0,True,0.5,273.2,0.5043528728961114,869,362,1.0,2.94,10.0
0.0,True,0.75,436.8,0.5043528728961114,869,362,1.0,2.94,10.0
0.03,False,0.25,166.4,0.2786188579017264,1049,362,1.0,2.94,10.0
0.03,False,0.5,269.4,0.2786188579017264,1049,362,1.0,2.94,10.0
0.03,False,0.75,433.1,0.2786188579017264,1049,362,1.0,2.94,10.0
0.03,True,0.25,168.2,0.7213811420982735,2716,362,1.0,2.94,10.0
0.03,True,0.5,276.0,0.7213811420982735,2716,362,1.0,2.94,10.0
0.03,True,0.75,439.45000000000005,0.7213811420982735,2716,362,1.0,2.94,10.0
0.06,False,0.25,146.325,0.13492241960872497,600,362,1.0,2.94,10.0
0.06,False,0.5,242.3,0.13492241960872497,600,362,1.0,2.94,10.0
0.06,False,0.75,403.82500000000005,0.13492241960872497,600,362,1.0,2.94,10.0
0.06,True,0.25,153.1,0.865077580391275,3847,362,1.0,2.94,10.0
0.06,True,0.5,249.10000000000005,0.865077580391275,3847,362,1.0,2.94,10.0
0.06,True,0.75,399.6,0.865077580391275,3847,362,1.0,2.94,10.0
0.09,False,0.25,122.02499999999999,0.060570987654320986,314,362,1.0,2.94,10.0
0.09,False,0.5,206.85000000000002,0.060570987654320986,314,362,1.0,2.94,10.0
0.09,False,0.75,352.075,0.060570987654320986,314,362,1.0,2.94,10.0
0.09,True,0.25,133.725,0.939429012345679,4870,362,1.0,2.94,10.0
0.09,True,0.5,214.4,0.939429012345679,4870,362,1.0,2.94,10.0
0.09,True,0.75,345.30000000000007,0.939429012345679,4870,362,1.0,2.94,10.0
0.12,False,0.25,113.10000000000001,0.026590867412433522,145,362,1.0,2.94,10.0
0.12,False,0.5,158.39999999999998,0.026590867412433522,145,362,1.0,2.94,10.0
0.12,False,0.75,288.3,0.026590867412433522,145,362,1.0,2.94,10.0
0.12,True,0.25,120.69999999999999,0.9734091325875665,5308,362,1.0,2.94,10.0
0.12,True,0.5,185.29999999999998,0.9734091325875665,5308,362,1.0,2.94,10.0
0.12,True,0.75,289.57500000000005,0.9734091325875665,5308,362,1.0,2.94,10.0
0.15,False,0.25,115.6,0.008607061303354997,49,362,1.0,2.94,10.0
0.15,False,0.5,159.1,0.008607061303354997,49,362,1.0,2.94,10.0
0.15,False,0.75,223.59999999999997,0.008607061303354997,49,362,1.0,2.94,10.0
0.15,True,0.25,104.79999999999998,0.991392938696645,5644,362,1.0,2.94,10.0
0.15,True,0.5,154.79999999999998,0.991392938696645,5644,362,1.0,2.94,10.0
0.15,True,0.75,232.62500000000003,0.991392938696645,5644,362,1.0,2.94,10.0
0.0,False,0.25,169.6,0.49661781285231116,881,367,1.0,2.94,10.0
0.0,False,0.5,290.4,0.49661781285231116,881,367,1.0,2.94,10.0
0.0,False,0.75,452.29999999999995,0.49661781285231116,881,367,1.0,2.94,10.0
0.0,True,0.25,161.39999999999998,0.5033821871476888,893,367,1.0,2.94,10.0
0.0,True,0.5,273.1,0.5033821871476888,893,367,1.0,2.94,10.0
0.0,True,0.75,434.3,0.5033821871476888,893,367,1.0,2.94,10.0
0.03,False,0.25,155.725,0.28525980911983034,1076,367,1.0,2.94,10.0
0.03,False,0.5,261.25,0.28525980911983034,1076,367,1.0,2.94,10.0
0.03,False,0.75,434.75,0.28525980911983034,1076,367,1.0,2.94,10.0
0.03,True,0.25,168.4,0.7147401908801697,2696,367,1.0,2.94,10.0
0.03,True,0.5,279.5,0.7147401908801697,2696,367,1.0,2.94,10.0
0.03,True,0.75,430.15,0.7147401908801697,2696,367,1.0,2.94,10.0
0.06,False,0.25,144.87499999999997,0.1359658963428315,606,367,1.0,2.94,10.0
0.06,False,0.5,245.95000000000005,0.1359658963428315,606,367,1.0,2.94,10.0
0.06,False,0.75,405.85,0.1359658963428315,606,367,1.0,2.94,10.0
0.06,True,0.25,154.0,0.8640341036571685,3851,367,1.0,2.94,10.0
0.06,True,0.5,252.50000000000006,0.8640341036571685,3851,367,1.0,2.94,10.0
0.06,True,0.75,391.25,0.8640341036571685,3851,367,1.0,2.94,10.0
0.09,False,0.25,117.79999999999998,0.05868770444487204,305,367,1.0,2.94,10.0
0.09,False,0.5,199.4,0.05868770444487204,305,367,1.0,2.94,10.0
0.09,False,0.75,323.7,0.05868770444487204,305,367,1.0,2.94,10.0
0.09,True,0.25,138.7,0.941312295555128,4892,367,1.0,2.94,10.0
0.09,True,0.5,217.20000000000005,0.941312295555128,4892,367,1.0,2.94,10.0
0.09,True,0.75,343.6,0.941312295555128,4892,367,1.0,2.94,10.0
0.12,False,0.25,105.99999999999999,0.025197719330513152,137,367,1.0,2.94,10.0
0.12,False,0.5,165.70000000000002,0.025197719330513152,137,367,1.0,2.94,10.0
0.12,False,0.75,239.00000000000006,0.025197719330513152,137,367,1.0,2.94,10.0
0.12,True,0.25,119.075,0.9748022806694868,5300,367,1.0,2.94,10.0
0.12,True,0.5,185.0,0.9748022806694868,5300,367,1.0,2.94,10.0
0.12,True,0.75,286.09999999999997,0.9748022806694868,5300,367,1.0,2.94,10.0
0.15,False,0.25,91.32499999999997,0.01298929261014569,74,367,1.0,2.94,10.0
0.15,False,0.5,146.2,0.01298929261014569,74,367,1.0,2.94,10.0
0.15,False,0.75,215.3,0.01298929261014569,74,367,1.0,2.94,10.0
0.15,True,0.25,107.00000000000001,0.9870107073898543,5623,367,1.0,2.94,10.0
0.15,True,0.5,157.0,0.9870107073898543,5623,367,1.0,2.94,10.0
0.15,True,0.75,233.55,0.9870107073898543,5623,367,1.0,2.94,10.0
0.0,False,0.25,167.2,0.4862653419053185,832,368,1.0,2.94,10.0
0.0,False,0.5,277.5,0.4862653419053185,832,368,1.0,2.94,10.0
0.0,False,0.75,458.975,0.4862653419053185,832,368,1.0,2.94,10.0
0.0,True,0.25,168.35000000000002,0.5137346580946814,879,368,1.0,2.94,10.0
0.0,True,0.5,285.00000000000006,0.5137346580946814,879,368,1.0,2.94,10.0
0.0,True,0.75,463.45,0.5137346580946814,879,368,1.0,2.94,10.0
0.03,False,0.25,160.75,0.28733210429286277,1091,368,1.0,2.94,10.0
0.03,False,0.5,265.1,0.28733210429286277,1091,368,1.0,2.94,10.0
0.03,False,0.75,423.9,0.28733210429286277,1091,368,1.0,2.94,10.0
0.03,True,0.25,169.25,0.7126678957071372,2706,368,1.0,2.94,10.0
0.03,True,0.5,284.90000000000003,0.7126678957071372,2706,368,1.0,2.94,10.0
0.03,True,0.75,442.575,0.7126678957071372,2706,368,1.0,2.94,10.0
0.06,False,0.25,149.3,0.12562699498404012,551,368,1.0,2.94,10.0
0.06,False,0.5,236.20000000000002,0.12562699498404012,551,368,1.0,2.94,10.0
0.06,False,0.75,377.9,0.12562699498404012,551,368,1.0,2.94,10.0
0.06,True,0.25,151.4,0.8743730050159598,3835,368,1.0,2.94,10.0
0.06,True,0.5,250.0,0.8743730050159598,3835,368,1.0,2.94,10.0
0.06,True,0.75,389.40000000000003,0.8743730050159598,3835,368,1.0,2.94,10.0
0.09,False,0.25,128.2,0.05797944541400039,299,368,1.0,2.94,10.0
0.09,False,0.5,205.6,0.05797944541400039,299,368,1.0,2.94,10.0
0.09,False,0.75,351.85,0.05797944541400039,299,368,1.0,2.94,10.0
0.09,True,0.25,137.825,0.9420205545859996,4858,368,1.0,2.94,10.0
0.09,True,0.5,215.7,0.9420205545859996,4858,368,1.0,2.94,10.0
0.09,True,0.75,340.4,0.9420205545859996,4858,368,1.0,2.94,10.0
0.12,False,0.25,110.9,0.02110091743119266,115,368,1.0,2.94,10.0
0.12,False,0.5,200.40000000000006,0.02110091743119266,115,368,1.0,2.94,10.0
0.12,False,0.75,277.70000000000005,0.02110091743119266,115,368,1.0,2.94,10.0
0.12,True,0.25,119.35,0.9788990825688073,5335,368,1.0,2.94,10.0
0.12,True,0.5,181.00000000000003,0.9788990825688073,5335,368,1.0,2.94,10.0
0.12,True,0.75,282.1,0.9788990825688073,5335,368,1.0,2.94,10.0
0.15,False,0.25,100.67499999999998,0.010179010179010179,58,368,1.0,2.94,10.0
0.15,False,0.5,143.14999999999998,0.010179010179010179,58,368,1.0,2.94,10.0
0.15,False,0.75,221.97500000000008,0.010179010179010179,58,368,1.0,2.94,10.0
0.15,True,0.25,107.6,0.9898209898209899,5640,368,1.0,2.94,10.0
0.15,True,0.5,158.39999999999998,0.9898209898209899,5640,368,1.0,2.94,10.0
0.15,True,0.75,235.55000000000004,0.9898209898209899,5640,368,1.0,2.94,10.0
0.0,False,0.25,170.9,0.5106260769672601,889,371,1.0,2.94,10.0
0.0,False,0.5,273.5,0.5106260769672601,889,371,1.0,2.94,10.0
0.0,False,0.75,439.49999999999994,0.5106260769672601,889,371,1.0,2.94,10.0
0.0,True,0.25,170.8,0.4893739230327398,852,371,1.0,2.94,10.0
0.0,True,0.5,283.9,0.4893739230327398,852,371,1.0,2.94,10.0
0.0,True,0.75,448.925,0.4893739230327398,852,371,1.0,2.94,10.0
0.03,False,0.25,154.89999999999998,0.2842465753424658,1079,371,1.0,2.94,10.0
0.03,False,0.5,257.9000000000001,0.2842465753424658,1079,371,1.0,2.94,10.0
0.03,False,0.75,411.9000000000001,0.2842465753424658,1079,371,1.0,2.94,10.0
0.03,True,0.25,159.39999999999998,0.7157534246575342,2717,371,1.0,2.94,10.0
0.03,True,0.5,262.0,0.7157534246575342,2717,371,1.0,2.94,10.0
0.03,True,0.75,424.7,0.7157534246575342,2717,371,1.0,2.94,10.0
0.06,False,0.25,147.0,0.1341134113411341,596,371,1.0,2.94,10.0
0.06,False,0.5,243.35,0.1341134113411341,596,371,1.0,2.94,10.0
0.06,False,0.75,395.3,0.1341134113411341,596,371,1.0,2.94,10.0
0.06,True,0.25,151.0,0.8658865886588659,3848,371,1.0,2.94,10.0
0.06,True,0.5,246.10000000000005,0.8658865886588659,3848,371,1.0,2.94,10.0
0.06,True,0.75,387.3,0.8658865886588659,3848,371,1.0,2.94,10.0
0.09,False,0.25,120.94999999999999,0.05843780135004822,303,371,1.0,2.94,10.0
0.09,False,0.5,190.3,0.05843780135004822,303,371,1.0,2.94,10.0
0.09,False,0.75,313.05000000000007,0.05843780135004822,303,371,1.0,2.94,10.0
0.09,True,0.25,133.1,0.9415621986499518,4882,371,1.0,2.94,10.0
0.09,True,0.5,211.30000000000004,0.9415621986499518,4882,371,1.0,2.94,10.0
0.09,True,0.75,337.30000000000007,0.9415621986499518,4882,371,1.0,2.94,10.0
0.12,False,0.25,128.7,0.023289932147441777,127,371,1.0,2.94,10.0
0.12,False,0.5,178.69999999999996,0.023289932147441777,127,371,1.0,2.94,10.0
0.12,False,0.75,333.45000000000005,0.023289932147441777,127,371,1.0,2.94,10.0
0.12,True,0.25,121.0,0.9767100678525582,5326,371,1.0,2.94,10.0
0.12,True,0.5,184.14999999999998,0.9767100678525582,5326,371,1.0,2.94,10.0
0.12,True,0.75,283.8,0.9767100678525582,5326,371,1.0,2.94,10.0
0.15,False,0.25,100.79999999999997,0.012122276879831343,69,371,1.0,2.94,10.0
0.15,False,0.5,151.79999999999998,0.012122276879831343,69,371,1.0,2.94,10.0
0.15,False,0.75,227.39999999999998,0.012122276879831343,69,371,1.0,2.94,10.0
0.15,True,0.25,107.89999999999999,0.9878777231201686,5623,371,1.0,2.94,10.0
0.15,True,0.5,154.89999999999998,0.9878777231201686,5623,371,1.0,2.94,10.0
0.15,True,0.75,230.55,0.9878777231201686,5623,371,1.0,2.94,10.0
0.0,False,0.25,148.79999999999998,0.4895712630359212,845,380,1.0,2.94,10.0
0.0,False,0.5,276.50000000000006,0.4895712630359212,845,380,1.0,2.94,10.0
0.0,False,0.75,440.40000000000003,0.4895712630359212,845,380,1.0,2.94,10.0
0.0,True,0.25,165.70000000000002,0.5104287369640788,881,380,1.0,2.94,10.0
0.0,True,0.5,276.40000000000003,0.5104287369640788,881,380,1.0,2.94,10.0
0.0,True,0.75,457.5,0.5104287369640788,881,380,1.0,2.94,10.0
0.03,False,0.25,158.1,0.29086092715231787,1098,380,1.0,2.94,10.0
0.03,False,0.5,267.55000000000007,0.29086092715231787,1098,380,1.0,2.94,10.0
0.03,False,0.75,433.825,0.29086092715231787,1098,380,1.0,2.94,10.0
0.03,True,0.25,162.1,0.7091390728476821,2677,380,1.0,2.94,10.0
0.03,True,0.5,274.6000000000001,0.7091390728476821,2677,380,1.0,2.94,10.0
0.03,True,0.75,436.59999999999997,0.7091390728476821,2677,380,1.0,2.94,10.0
0.06,False,0.25,147.39999999999998,0.13262539539087212,587,380,1.0,2.94,10.0
0.06,False,0.5,233.49999999999997,0.13262539539087212,587,380,1.0,2.94,10.0
0.06,False,0.75,370.1,0.13262539539087212,587,380,1.0,2.94,10.0
0.06,True,0.25,153.25,0.8673746046091279,3839,380,1.0,2.94,10.0
0.06,True,0.5,252.00000000000006,0.8673746046091279,3839,380,1.0,2.94,10.0
0.06,True,0.75,396.6,0.8673746046091279,3839,380,1.0,2.94,10.0
0.09,False,0.25,132.95,0.05385060799073538,279,380,1.0,2.94,10.0
0.09,False,0.5,215.50000000000003,0.05385060799073538,279,380,1.0,2.94,10.0
0.09,False,0.75,331.05000000000007,0.05385060799073538,279,380,1.0,2.94,10.0
0.09,True,0.25,136.9,0.9461493920092646,4902,380,1.0,2.94,10.0
0.09,True,0.5,217.40000000000003,0.9461493920092646,4902,380,1.0,2.94,10.0
0.09,True,0.75,341.37500000000006,0.9461493920092646,4902,380,1.0,2.94,10.0
0.12,False,0.25,110.3,0.023626373626373626,129,380,1.0,2.94,10.0
0.12,False,0.5,160.6,0.023626373626373626,129,380,1.0,2.94,10.0
0.12,False,0.75,245.2,0.023626373626373626,129,380,1.0,2.94,10.0
0.12,True,0.25,119.69999999999999,0.9763736263736263,5331,380,1.0,2.94,10.0
0.12,True,0.5,183.40000000000003,0.9763736263736263,5331,380,1.0,2.94,10.0
0.12,True,0.75,281.40000000000003,0.9763736263736263,5331,380,1.0,2.94,10.0
0.15,False,0.25,91.04999999999998,0.01090014064697609,62,380,1.0,2.94,10.0
0.15,False,0.5,123.94999999999999,0.01090014064697609,62,380,1.0,2.94,10.0
0.15,False,0.75,201.375,0.01090014064697609,62,380,1.0,2.94,10.0
0.15,True,0.25,107.525,0.9890998593530239,5626,380,1.0,2.94,10.0
0.15,True,0.5,160.55,0.9890998593530239,5626,380,1.0,2.94,10.0
0.15,True,0.75,240.30000000000004,0.9890998593530239,5626,380,1.0,2.94,10.0
0.0,False,0.25,183.95000000000002,0.49035651665692576,839,394,1.0,2.94,10.0
0.0,False,0.5,292.20000000000005,0.49035651665692576,839,394,1.0,2.94,10.0
0.0,False,0.75,451.5,0.49035651665692576,839,394,1.0,2.94,10.0
0.0,True,0.25,165.075,0.5096434833430742,872,394,1.0,2.94,10.0
0.0,True,0.5,282.95000000000005,0.5096434833430742,872,394,1.0,2.94,10.0
0.0,True,0.75,425.475,0.5096434833430742,872,394,1.0,2.94,10.0
0.03,False,0.25,158.10000000000002,0.27143981117230526,1035,394,1.0,2.94,10.0
0.03,False,0.5,266.7,0.27143981117230526,1035,394,1.0,2.94,10.0
0.03,False,0.75,424.95,0.27143981117230526,1035,394,1.0,2.94,10.0
0.03,True,0.25,168.525,0.7285601888276947,2778,394,1.0,2.94,10.0
0.03,True,0.5,275.15,0.7285601888276947,2778,394,1.0,2.94,10.0
0.03,True,0.75,436.65000000000003,0.7285601888276947,2778,394,1.0,2.94,10.0
0.06,False,0.25,154.89999999999998,0.13301823092505063,591,394,1.0,2.94,10.0
0.06,False,0.5,243.9,0.13301823092505063,591,394,1.0,2.94,10.0
0.06,False,0.75,386.20000000000005,0.13301823092505063,591,394,1.0,2.94,10.0
0.06,True,0.25,149.675,0.8669817690749494,3852,394,1.0,2.94,10.0
0.06,True,0.5,248.1,0.8669817690749494,3852,394,1.0,2.94,10.0
0.06,True,0.75,394.4,0.8669817690749494,3852,394,1.0,2.94,10.0
0.09,False,0.25,130.6,0.05579150579150579,289,394,1.0,2.94,10.0
0.09,False,0.5,190.7,0.05579150579150579,289,394,1.0,2.94,10.0
0.09,False,0.75,318.50000000000006,0.05579150579150579,289,394,1.0,2.94,10.0
0.09,True,0.25,136.2,0.9442084942084942,4891,394,1.0,2.94,10.0
0.09,True,0.5,213.79999999999998,0.9442084942084942,4891,394,1.0,2.94,10.0
0.09,True,0.75,339.20000000000005,0.9442084942084942,4891,394,1.0,2.94,10.0
0.12,False,0.25,108.29999999999998,0.02388827636898199,130,394,1.0,2.94,10.0
0.12,False,0.5,170.79999999999998,0.02388827636898199,130,394,1.0,2.94,10.0
0.12,False,0.75,241.37500000000006,0.02388827636898199,130,394,1.0,2.94,10.0
0.12,True,0.25,119.77499999999998,0.9761117236310181,5312,394,1.0,2.94,10.0
0.12,True,0.5,182.3,0.9761117236310181,5312,394,1.0,2.94,10.0
0.12,True,0.75,284.92500000000007,0.9761117236310181,5312,394,1.0,2.94,10.0
0.15,False,0.25,102.52499999999999,0.011232011232011231,64,394,1.0,2.94,10.0
0.15,False,0.5,146.7,0.011232011232011231,64,394,1.0,2.94,10.0
0.15,False,0.75,210.85000000000002,0.011232011232011231,64,394,1.0,2.94,10.0
0.15,True,0.25,107.89999999999999,0.9887679887679888,5634,394,1.0,2.94,10.0
0.15,True,0.5,157.70000000000002,0.9887679887679888,5634,394,1.0,2.94,10.0
0.15,True,0.75,233.60000000000002,0.9887679887679888,5634,394,1.0,2.94,10.0
0.0,False,0.25,177.17499999999998,0.502569960022844,880,395,1.0,2.94,10.0
0.0,False,0.5,281.6500000000001,0.502569960022844,880,395,1.0,2.94,10.0
0.0,False,0.75,446.425,0.502569960022844,880,395,1.0,2.94,10.0
0.0,True,0.25,161.25,0.4974300399771559,871,395,1.0,2.94,10.0
0.0,True,0.5,277.5,0.4974300399771559,871,395,1.0,2.94,10.0
0.0,True,0.75,434.05000000000007,0.4974300399771559,871,395,1.0,2.94,10.0
0.03,False,0.25,168.3,0.27289473684210525,1037,395,1.0,2.94,10.0
0.03,False,0.5,275.2,0.27289473684210525,1037,395,1.0,2.94,10.0
0.03,False,0.75,448.6,0.27289473684210525,1037,395,1.0,2.94,10.0
0.03,True,0.25,158.34999999999997,0.7271052631578947,2763,395,1.0,2.94,10.0
0.03,True,0.5,270.4000000000001,0.7271052631578947,2763,395,1.0,2.94,10.0
0.03,True,0.75,433.05,0.7271052631578947,2763,395,1.0,2.94,10.0
0.06,False,0.25,149.4,0.13070866141732285,581,395,1.0,2.94,10.0
0.06,False,0.5,243.4,0.13070866141732285,581,395,1.0,2.94,10.0
0.06,False,0.75,391.5,0.13070866141732285,581,395,1.0,2.94,10.0
0.06,True,0.25,149.5,0.8692913385826772,3864,395,1.0,2.94,10.0
0.06,True,0.5,245.05000000000004,0.8692913385826772,3864,395,1.0,2.94,10.0
0.06,True,0.75,394.5,0.8692913385826772,3864,395,1.0,2.94,10.0
0.09,False,0.25,132.825,0.059834008878594865,310,395,1.0,2.94,10.0
0.09,False,0.5,199.55,0.059834008878594865,310,395,1.0,2.94,10.0
0.09,False,0.75,331.975,0.059834008878594865,310,395,1.0,2.94,10.0
0.09,True,0.25,132.64999999999998,0.9401659911214051,4871,395,1.0,2.94,10.0
0.09,True,0.5,215.60000000000002,0.9401659911214051,4871,395,1.0,2.94,10.0
0.09,True,0.75,340.45,0.9401659911214051,4871,395,1.0,2.94,10.0
0.12,False,0.25,109.00000000000001,0.02437683284457478,133,395,1.0,2.94,10.0
0.12,False,0.5,177.09999999999997,0.02437683284457478,133,395,1.0,2.94,10.0
0.12,False,0.75,272.80000000000007,0.02437683284457478,133,395,1.0,2.94,10.0
0.12,True,0.25,119.69999999999999,0.9756231671554252,5323,395,1.0,2.94,10.0
0.12,True,0.5,183.99999999999997,0.9756231671554252,5323,395,1.0,2.94,10.0
0.12,True,0.75,288.25,0.9756231671554252,5323,395,1.0,2.94,10.0
0.15,False,0.25,105.59999999999998,0.008605549701440113,49,395,1.0,2.94,10.0
0.15,False,0.5,139.4,0.008605549701440113,49,395,1.0,2.94,10.0
0.15,False,0.75,213.90000000000003,0.008605549701440113,49,395,1.0,2.94,10.0
0.15,True,0.25,106.6,0.9913944502985599,5645,395,1.0,2.94,10.0
0.15,True,0.5,155.20000000000002,0.9913944502985599,5645,395,1.0,2.94,10.0
0.15,True,0.75,234.40000000000003,0.9913944502985599,5645,395,1.0,2.94,10.0
0.0,False,0.25,172.0,0.5120137299771167,895,397,1.0,2.94,10.0
0.0,False,0.5,293.59999999999997,0.5120137299771167,895,397,1.0,2.94,10.0
0.0,False,0.75,457.0,0.5120137299771167,895,397,1.0,2.94,10.0
0.0,True,0.25,152.29999999999998,0.4879862700228833,853,397,1.0,2.94,10.0
0.0,True,0.5,273.30000000000007,0.4879862700228833,853,397,1.0,2.94,10.0
0.0,True,0.75,442.3,0.4879862700228833,853,397,1.0,2.94,10.0
0.03,False,0.25,160.72499999999997,0.2759341520773452,1056,397,1.0,2.94,10.0
0.03,False,0.5,265.8500000000001,0.2759341520773452,1056,397,1.0,2.94,10.0
0.03,False,0.75,429.6,0.2759341520773452,1056,397,1.0,2.94,10.0
0.03,True,0.25,162.25,0.7240658479226548,2771,397,1.0,2.94,10.0
0.03,True,0.5,270.5,0.7240658479226548,2771,397,1.0,2.94,10.0
0.03,True,0.75,428.9,0.7240658479226548,2771,397,1.0,2.94,10.0
0.06,False,0.25,140.0,0.13052345343303876,576,397,1.0,2.94,10.0
0.06,False,0.5,231.60000000000002,0.13052345343303876,576,397,1.0,2.94,10.0
0.06,False,0.75,375.1000000000001,0.13052345343303876,576,397,1.0,2.94,10.0
0.06,True,0.25,151.79999999999998,0.8694765465669613,3837,397,1.0,2.94,10.0
0.06,True,0.5,253.0,0.8694765465669613,3837,397,1.0,2.94,10.0
0.06,True,0.75,397.90000000000003,0.8694765465669613,3837,397,1.0,2.94,10.0
0.09,False,0.25,137.12499999999997,0.06237892289810151,322,397,1.0,2.94,10.0
0.09,False,0.5,203.75000000000003,0.06237892289810151,322,397,1.0,2.94,10.0
0.09,False,0.75,329.57500000000005,0.06237892289810151,322,397,1.0,2.94,10.0
0.09,True,0.25,136.77499999999998,0.9376210771018985,4840,397,1.0,2.94,10.0
0.09,True,0.5,218.70000000000005,0.9376210771018985,4840,397,1.0,2.94,10.0
0.09,True,0.75,342.25000000000006,0.9376210771018985,4840,397,1.0,2.94,10.0
0.12,False,0.25,101.07499999999999,0.027849028948332723,152,397,1.0,2.94,10.0
0.12,False,0.5,159.6,0.027849028948332723,152,397,1.0,2.94,10.0
0.12,False,0.75,250.35000000000002,0.027849028948332723,152,397,1.0,2.94,10.0
0.12,True,0.25,117.2,0.9721509710516673,5306,397,1.0,2.94,10.0
0.12,True,0.5,180.29999999999995,0.9721509710516673,5306,397,1.0,2.94,10.0
0.12,True,0.75,289.20000000000005,0.9721509710516673,5306,397,1.0,2.94,10.0
0.15,False,0.25,114.99999999999999,0.00965929048120829,55,397,1.0,2.94,10.0
0.15,False,0.5,155.0,0.00965929048120829,55,397,1.0,2.94,10.0
0.15,False,0.75,240.10000000000002,0.00965929048120829,55,397,1.0,2.94,10.0
0.15,True,0.25,107.00000000000001,0.9903407095187917,5639,397,1.0,2.94,10.0
0.15,True,0.5,157.0,0.9903407095187917,5639,397,1.0,2.94,10.0
0.15,True,0.75,236.40000000000003,0.9903407095187917,5639,397,1.0,2.94,10.0
