acoh,is_correct,quantile,rt,proportion,n,draw,gain,bound,k
0.0,False,0.25,72.0,0.5020746887966805,1815,-1,1.2,2.0,10.0
0.0,False,0.5,122.0,0.5020746887966805,1815,-1,1.2,2.0,10.0
0.0,False,0.75,210.0,0.5020746887966805,1815,-1,1.2,2.0,10.0
0.0,True,0.25,77.0,0.4979253112033195,1800,-1,1.2,2.0,10.0
0.0,True,0.5,130.0,0.4979253112033195,1800,-1,1.2,2.0,10.0
0.0,True,0.75,204.0,0.4979253112033195,1800,-1,1.2,2.0,10.0
0.03,False,0.25,74.0,0.3326856349757113,2397,-1,1.2,2.0,10.0
0.03,False,0.5,129.0,0.3326856349757113,2397,-1,1.2,2.0,10.0
0.03,False,0.75,219.0,0.3326856349757113,2397,-1,1.2,2.0,10.0
0.03,True,0.25,71.0,0.6673143650242886,4808,-1,1.2,2.0,10.0
0.03,True,0.5,123.0,0.6673143650242886,4808,-1,1.2,2.0,10.0
0.03,True,0.75,212.0,0.6673143650242886,4808,-1,1.2,2.0,10.0
0.06,False,0.25,67.0,0.21243378868134932,1524,-1,1.2,2.0,10.0
0.06,False,0.5,116.0,0.21243378868134932,1524,-1,1.2,2.0,10.0
0.06,False,0.75,193.0,0.21243378868134932,1524,-1,1.2,2.0,10.0
0.06,True,0.25,68.0,0.7875662113186507,5650,-1,1.2,2.0,10.0
0.06,True,0.5,115.0,0.7875662113186507,5650,-1,1.2,2.0,10.0
0.06,True,0.75,195.0,0.7875662113186507,5650,-1,1.2,2.0,10.0
0.09,False,0.25,66.5,0.12058465286236297,891,-1,1.2,2.0,10.0
0.09,False,0.5,109.0,0.12058465286236297,891,-1,1.2,2.0,10.0
0.09,False,0.75,171.0,0.12058465286236297,891,-1,1.2,2.0,10.0
0.09,True,0.25,62.0,0.879415347137637,6498,-1,1.2,2.0,10.0
0.09,True,0.5,104.5,0.879415347137637,6498,-1,1.2,2.0,10.0
0.09,True,0.75,168.0,0.879415347137637,6498,-1,1.2,2.0,10.0
0.12,False,0.25,55.0,0.06707232747891025,485,-1,1.2,2.0,10.0
0.12,False,0.5,95.0,0.06707232747891025,485,-1,1.2,2.0,10.0
0.12,False,0.75,153.0,0.06707232747891025,485,-1,1.2,2.0,10.0
0.12,True,0.25,57.0,0.9329276725210898,6746,-1,1.2,2.0,10.0
0.12,True,0.5,90.0,0.9329276725210898,6746,-1,1.2,2.0,10.0
0.12,True,0.75,145.0,0.9329276725210898,6746,-1,1.2,2.0,10.0
0.15,False,0.25,53.0,0.03493150684931507,255,-1,1.2,2.0,10.0
0.15,False,0.5,86.0,0.03493150684931507,255,-1,1.2,2.0,10.0
0.15,False,0.75,135.5,0.03493150684931507,255,-1,1.2,2.0,10.0
0.15,True,0.25,50.0,0.9650684931506849,7045,-1,1.2,2.0,10.0
0.15,True,0.5,77.0,0.9650684931506849,7045,-1,1.2,2.0,10.0
0.15,True,0.75,121.0,0.9650684931506849,7045,-1,1.2,2.0,10.0
0.0,False,0.25,74.39999999999999,0.5008347245409015,1800,1,1.2,2.0,10.0
0.0,False,0.5,132.3,0.5008347245409015,1800,1,1.2,2.0,10.0
0.0,False,0.75,223.90000000000003,0.5008347245409015,1800,1,1.2,2.0,10.0
0.0,True,0.25,71.35,0.4991652754590985,1794,1,1.2,2.0,10.0
0.0,True,0.5,128.45,0.4991652754590985,1794,1,1.2,2.0,10.0
0.0,True,0.75,226.275,0.4991652754590985,1794,1,1.2,2.0,10.0
0.03,False,0.25,68.39999999999999,0.34611630177102215,2482,1,1.2,2.0,10.0
0.03,False,0.5,122.64999999999998,0.34611630177102215,2482,1,1.2,2.0,10.0
0.03,False,0.75,212.675,0.34611630177102215,2482,1,1.2,2.0,10.0
0.03,True,0.25,69.2,0.6538836982289778,4689,1,1.2,2.0,10.0
0.03,True,0.5,126.4,0.6538836982289778,4689,1,1.2,2.0,10.0
0.03,True,0.75,220.8,0.6538836982289778,4689,1,1.2,2.0,10.0
0.06,False,0.25,61.92500000000001,0.21076170510132775,1508,1,1.2,2.0,10.0
0.06,False,0.5,109.9,0.21076170510132775,1508,1,1.2,2.0,10.0
0.06,False,0.75,189.75,0.21076170510132775,1508,1,1.2,2.0,10.0
0.06,True,0.25,66.19999999999999,0.7892382948986723,5647,1,1.2,2.0,10.0
0.06,True,0.5,113.9,0.7892382948986723,5647,1,1.2,2.0,10.0
0.06,True,0.75,194.45,0.7892382948986723,5647,1,1.2,2.0,10.0
0.09,False,0.25,58.5,0.11765502301651774,869,1,1.2,2.0,10.0
0.09,False,0.5,103.59999999999998,0.11765502301651774,869,1,1.2,2.0,10.0
0.09,False,0.75,174.3,0.11765502301651774,869,1,1.2,2.0,10.0
0.09,True,0.25,60.9,0.8823449769834822,6517,1,1.2,2.0,10.0
0.09,True,0.5,103.1,0.8823449769834822,6517,1,1.2,2.0,10.0
0.09,True,0.75,173.39999999999998,0.8823449769834822,6517,1,1.2,2.0,10.0
0.12,False,0.25,54.724999999999994,0.07220915755982847,522,1,1.2,2.0,10.0
0.12,False,0.5,89.30000000000001,0.07220915755982847,522,1,1.2,2.0,10.0
0.12,False,0.75,143.45,0.07220915755982847,522,1,1.2,2.0,10.0
0.12,True,0.25,55.099999999999994,0.9277908424401715,6707,1,1.2,2.0,10.0
0.12,True,0.5,88.59999999999998,0.9277908424401715,6707,1,1.2,2.0,10.0
0.12,True,0.75,142.6,0.9277908424401715,6707,1,1.2,2.0,10.0
0.15,False,0.25,47.0,0.035758323057953144,261,1,1.2,2.0,10.0
0.15,False,0.5,79.3,0.035758323057953144,261,1,1.2,2.0,10.0
0.15,False,0.75,121.69999999999999,0.035758323057953144,261,1,1.2,2.0,10.0
0.15,True,0.25,49.099999999999994,0.9642416769420469,7038,1,1.2,2.0,10.0
0.15,True,0.5,77.25,0.9642416769420469,7038,1,1.2,2.0,10.0
0.15,True,0.75,123.275,0.9642416769420469,7038,1,1.2,2.0,10.0
0.0,False,0.25,70.49999999999999,0.5112656467315716,1838,4,1.2,2.0,10.0
0.0,False,0.5,128.7,0.5112656467315716,1838,4,1.2,2.0,10.0
0.0,False,0.75,221.75000000000003,0.5112656467315716,1838,4,1.2,2.0,10.0
0.0,True,0.25,71.8,0.48873435326842835,1757,4,1.2,2.0,10.0
0.0,True,0.5,128.89999999999998,0.48873435326842835,1757,4,1.2,2.0,10.0
0.0,True,0.75,220.8,0.48873435326842835,1757,4,1.2,2.0,10.0
0.03,False,0.25,67.5,0.34731122875452775,2493,4,1.2,2.0,10.0
0.03,False,0.5,119.9,0.34731122875452775,2493,4,1.2,2.0,10.0
0.03,False,0.75,215.50000000000003,0.34731122875452775,2493,4,1.2,2.0,10.0
0.03,True,0.25,67.9,0.6526887712454723,4685,4,1.2,2.0,10.0
0.03,True,0.5,120.7,0.6526887712454723,4685,4,1.2,2.0,10.0
0.03,True,0.75,211.10000000000002,0.6526887712454723,4685,4,1.2,2.0,10.0
0.06,False,0.25,62.75,0.20706506562412733,1483,4,1.2,2.0,10.0
0.06,False,0.5,116.20000000000002,0.20706506562412733,1483,4,1.2,2.0,10.0
0.06,False,0.75,202.10000000000002,0.20706506562412733,1483,4,1.2,2.0,10.0
0.06,True,0.25,66.7,0.7929349343758727,5679,4,1.2,2.0,10.0
0.06,True,0.5,115.5,0.7929349343758727,5679,4,1.2,2.0,10.0
0.06,True,0.75,200.90000000000003,0.7929349343758727,5679,4,1.2,2.0,10.0
0.09,False,0.25,55.175,0.12890995260663507,952,4,1.2,2.0,10.0
0.09,False,0.5,95.89999999999999,0.12890995260663507,952,4,1.2,2.0,10.0
0.09,False,0.75,172.12499999999997,0.12890995260663507,952,4,1.2,2.0,10.0
0.09,True,0.25,60.1,0.8710900473933649,6433,4,1.2,2.0,10.0
0.09,True,0.5,103.4,0.8710900473933649,6433,4,1.2,2.0,10.0
0.09,True,0.75,170.4,0.8710900473933649,6433,4,1.2,2.0,10.0
0.12,False,0.25,51.24999999999999,0.0686030428769018,496,4,1.2,2.0,10.0
0.12,False,0.5,89.24999999999999,0.0686030428769018,496,4,1.2,2.0,10.0
0.12,False,0.75,140.55,0.0686030428769018,496,4,1.2,2.0,10.0
0.12,True,0.25,52.8,0.9313969571230982,6734,4,1.2,2.0,10.0
0.12,True,0.5,88.59999999999998,0.9313969571230982,6734,4,1.2,2.0,10.0
0.12,True,0.75,145.79999999999998,0.9313969571230982,6734,4,1.2,2.0,10.0
0.15,False,0.25,49.575,0.041643835616438356,304,4,1.2,2.0,10.0
0.15,False,0.5,76.85,0.041643835616438356,304,4,1.2,2.0,10.0
0.15,False,0.75,123.725,0.041643835616438356,304,4,1.2,2.0,10.0
0.15,True,0.25,49.0,0.9583561643835616,6996,4,1.2,2.0,10.0
0.15,True,0.5,78.05,0.9583561643835616,6996,4,1.2,2.0,10.0
0.15,True,0.75,126.6,0.9583561643835616,6996,4,1.2,2.0,10.0
0.0,False,0.25,73.0,0.48984135819649316,1760,8,1.2,2.0,10.0
0.0,False,0.5,126.25,0.48984135819649316,1760,8,1.2,2.0,10.0
0.0,False,0.75,225.80000000000007,0.48984135819649316,1760,8,1.2,2.0,10.0
0.0,True,0.25,71.69999999999999,0.5101586418035068,1833,8,1.2,2.0,10.0
0.0,True,0.5,126.8,0.5101586418035068,1833,8,1.2,2.0,10.0
0.0,True,0.75,229.40000000000003,0.5101586418035068,1833,8,1.2,2.0,10.0
0.03,False,0.25,69.625,0.33668061366806135,2414,8,1.2,2.0,10.0
0.03,False,0.5,123.35,0.33668061366806135,2414,8,1.2,2.0,10.0
0.03,False,0.75,209.35000000000002,0.33668061366806135,2414,8,1.2,2.0,10.0
0.03,True,0.25,69.275,0.6633193863319387,4756,8,1.2,2.0,10.0
0.03,True,0.5,123.10000000000001,0.6633193863319387,4756,8,1.2,2.0,10.0
0.03,True,0.75,216.70000000000005,0.6633193863319387,4756,8,1.2,2.0,10.0
0.06,False,0.25,66.99999999999999,0.2119307069013691,1517,8,1.2,2.0,10.0
0.06,False,0.5,113.99999999999999,0.2119307069013691,1517,8,1.2,2.0,10.0
0.06,False,0.75,194.0,0.2119307069013691,1517,8,1.2,2.0,10.0
0.06,True,0.25,65.6,0.7880692930986309,5641,8,1.2,2.0,10.0
0.06,True,0.5,115.10000000000001,0.7880692930986309,5641,8,1.2,2.0,10.0
0.06,True,0.75,200.50000000000003,0.7880692930986309,5641,8,1.2,2.0,10.0
0.09,False,0.25,57.150000000000006,0.11481180611968589,848,8,1.2,2.0,10.0
0.09,False,0.5,91.4,0.11481180611968589,848,8,1.2,2.0,10.0
0.09,False,0.75,160.375,0.11481180611968589,848,8,1.2,2.0,10.0
0.09,True,0.25,59.02500000000001,0.8851881938803141,6538,8,1.2,2.0,10.0
0.09,True,0.5,101.54999999999998,0.8851881938803141,6538,8,1.2,2.0,10.0
0.09,True,0.75,169.29999999999998,0.8851881938803141,6538,8,1.2,2.0,10.0
0.12,False,0.25,47.699999999999996,0.06707232747891025,485,8,1.2,2.0,10.0
0.12,False,0.5,81.1,0.06707232747891025,485,8,1.2,2.0,10.0
0.12,False,0.75,134.7,0.06707232747891025,485,8,1.2,2.0,10.0
0.12,True,0.25,53.00000000000001,0.9329276725210898,6746,8,1.2,2.0,10.0
0.12,True,0.5,88.19999999999999,0.9329276725210898,6746,8,1.2,2.0,10.0
0.12,True,0.75,142.67499999999998,0.9329276725210898,6746,8,1.2,2.0,10.0
0.15,False,0.25,45.1,0.04315068493150685,315,8,1.2,2.0,10.0
0.15,False,0.5,72.3,0.04315068493150685,315,8,1.2,2.0,10.0
0.15,False,0.75,122.04999999999998,0.04315068493150685,315,8,1.2,2.0,10.0
0.15,True,0.25,48.6,0.9568493150684931,6985,8,1.2,2.0,10.0
0.15,True,0.5,76.80000000000001,0.9568493150684931,6985,8,1.2,2.0,10.0
0.15,True,0.75,120.99999999999997,0.9568493150684931,6985,8,1.2,2.0,10.0
0.0,False,0.25,72.2,0.5037593984962406,1809,26,1.2,2.0,10.0
0.0,False,0.5,129.20000000000002,0.5037593984962406,1809,26,1.2,2.0,10.0
0.0,False,0.75,224.4,0.5037593984962406,1809,26,1.2,2.0,10.0
0.0,True,0.25,70.75000000000001,0.49624060150375937,1782,26,1.2,2.0,10.0
0.0,True,0.5,128.0,0.49624060150375937,1782,26,1.2,2.0,10.0
0.0,True,0.75,224.35000000000002,0.49624060150375937,1782,26,1.2,2.0,10.0
0.03,False,0.25,70.42499999999998,0.3380321004884857,2422,26,1.2,2.0,10.0
0.03,False,0.5,125.05,0.3380321004884857,2422,26,1.2,2.0,10.0
0.03,False,0.75,218.22500000000002,0.3380321004884857,2422,26,1.2,2.0,10.0
0.03,True,0.25,70.54999999999998,0.6619678995115144,4743,26,1.2,2.0,10.0
0.03,True,0.5,126.30000000000003,0.6619678995115144,4743,26,1.2,2.0,10.0
0.03,True,0.75,216.50000000000006,0.6619678995115144,4743,26,1.2,2.0,10.0
0.06,False,0.25,62.85,0.21179100307348422,1516,26,1.2,2.0,10.0
0.06,False,0.5,110.19999999999999,0.21179100307348422,1516,26,1.2,2.0,10.0
0.06,False,0.75,192.4,0.21179100307348422,1516,26,1.2,2.0,10.0
0.06,True,0.25,66.8,0.7882089969265158,5642,26,1.2,2.0,10.0
0.06,True,0.5,116.04999999999998,0.7882089969265158,5642,26,1.2,2.0,10.0
0.06,True,0.75,195.57500000000002,0.7882089969265158,5642,26,1.2,2.0,10.0
0.09,False,0.25,55.3,0.12420425301368007,917,26,1.2,2.0,10.0
0.09,False,0.5,93.89999999999998,0.12420425301368007,917,26,1.2,2.0,10.0
0.09,False,0.75,162.60000000000002,0.12420425301368007,917,26,1.2,2.0,10.0
0.09,True,0.25,60.60000000000001,0.8757957469863199,6466,26,1.2,2.0,10.0
0.09,True,0.5,101.45,0.8757957469863199,6466,26,1.2,2.0,10.0
0.09,True,0.75,172.575,0.8757957469863199,6466,26,1.2,2.0,10.0
0.12,False,0.25,54.87499999999999,0.06084912183653713,440,26,1.2,2.0,10.0
0.12,False,0.5,86.35,0.06084912183653713,440,26,1.2,2.0,10.0
0.12,False,0.75,140.89999999999998,0.06084912183653713,440,26,1.2,2.0,10.0
0.12,True,0.25,54.69999999999999,0.9391508781634629,6791,26,1.2,2.0,10.0
0.12,True,0.5,88.59999999999998,0.9391508781634629,6791,26,1.2,2.0,10.0
0.12,True,0.75,143.75,0.9391508781634629,6791,26,1.2,2.0,10.0
0.15,False,0.25,44.349999999999994,0.03383561643835616,247,26,1.2,2.0,10.0
0.15,False,0.5,68.6,0.03383561643835616,247,26,1.2,2.0,10.0
0.15,False,0.75,112.39999999999999,0.03383561643835616,247,26,1.2,2.0,10.0
0.15,True,0.25,49.800000000000004,0.9661643835616438,7053,26,1.2,2.0,10.0
0.15,True,0.5,77.89999999999999,0.9661643835616438,7053,26,1.2,2.0,10.0
0.15,True,0.75,123.79999999999998,0.9661643835616438,7053,26,1.2,2.0,10.0
0.0,False,0.25,73.9,0.49471635150166854,1779,33,1.2,2.0,10.0
0.0,False,0.5,134.9,0.49471635150166854,1779,33,1.2,2.0,10.0
0.0,False,0.75,234.55,0.49471635150166854,1779,33,1.2,2.0,10.0
0.0,True,0.25,73.10000000000001,0.5052836484983315,1817,33,1.2,2.0,10.0
0.0,True,0.5,133.39999999999998,0.5052836484983315,1817,33,1.2,2.0,10.0
0.0,True,0.75,231.60000000000002,0.5052836484983315,1817,33,1.2,2.0,10.0
0.03,False,0.25,70.175,0.3351924149470162,2404,33,1.2,2.0,10.0
0.03,False,0.5,124.1,0.3351924149470162,2404,33,1.2,2.0,10.0
0.03,False,0.75,221.37500000000003,0.3351924149470162,2404,33,1.2,2.0,10.0
0.03,True,0.25,67.875,0.6648075850529839,4768,33,1.2,2.0,10.0
0.03,True,0.5,123.15,0.6648075850529839,4768,33,1.2,2.0,10.0
0.03,True,0.75,220.67500000000004,0.6648075850529839,4768,33,1.2,2.0,10.0
0.06,False,0.25,60.3,0.20837988826815643,1492,33,1.2,2.0,10.0
0.06,False,0.5,101.59999999999998,0.20837988826815643,1492,33,1.2,2.0,10.0
0.06,False,0.75,183.675,0.20837988826815643,1492,33,1.2,2.0,10.0
0.06,True,0.25,66.9,0.7916201117318435,5668,33,1.2,2.0,10.0
0.06,True,0.5,113.40000000000002,0.7916201117318435,5668,33,1.2,2.0,10.0
0.06,True,0.75,197.0,0.7916201117318435,5668,33,1.2,2.0,10.0
0.09,False,0.25,54.75,0.11636412896234083,859,33,1.2,2.0,10.0
0.09,False,0.5,98.69999999999999,0.11636412896234083,859,33,1.2,2.0,10.0
0.09,False,0.75,161.4,0.11636412896234083,859,33,1.2,2.0,10.0
0.09,True,0.25,59.150000000000006,0.8836358710376592,6523,33,1.2,2.0,10.0
0.09,True,0.5,101.1,0.8836358710376592,6523,33,1.2,2.0,10.0
0.09,True,0.75,170.85000000000002,0.8836358710376592,6523,33,1.2,2.0,10.0
0.12,False,0.25,52.29999999999999,0.06044260027662517,437,33,1.2,2.0,10.0
0.12,False,0.5,80.80000000000001,0.06044260027662517,437,33,1.2,2.0,10.0
0.12,False,0.75,127.90000000000002,0.06044260027662517,437,33,1.2,2.0,10.0
0.12,True,0.25,53.49999999999999,0.9395573997233748,6793,33,1.2,2.0,10.0
0.12,True,0.5,88.1,0.9395573997233748,6793,33,1.2,2.0,10.0
0.12,True,0.75,143.89999999999998,0.9395573997233748,6793,33,1.2,2.0,10.0
0.15,False,0.25,46.2,0.03465753424657534,253,33,1.2,2.0,10.0
0.15,False,0.5,71.2,0.03465753424657534,253,33,1.2,2.0,10.0
0.15,False,0.75,115.29999999999998,0.03465753424657534,253,33,1.2,2.0,10.0
0.15,True,0.25,49.20000000000001,0.9653424657534246,7047,33,1.2,2.0,10.0
0.15,True,0.5,77.39999999999998,0.9653424657534246,7047,33,1.2,2.0,10.0
0.15,True,0.75,122.8,0.9653424657534246,7047,33,1.2,2.0,10.0
0.0,False,0.25,69.85,0.49026696329254726,1763,41,1.2,2.0,10.0
0.0,False,0.5,123.60000000000001,0.49026696329254726,1763,41,1.2,2.0,10.0
0.0,False,0.75,220.45000000000005,0.49026696329254726,1763,41,1.2,2.0,10.0
0.0,True,0.25,72.2,0.5097330367074527,1833,41,1.2,2.0,10.0
0.0,True,0.5,130.1,0.5097330367074527,1833,41,1.2,2.0,10.0
0.0,True,0.75,224.30000000000004,0.5097330367074527,1833,41,1.2,2.0,10.0
0.03,False,0.25,68.39999999999999,0.3463149078726968,2481,41,1.2,2.0,10.0
0.03,False,0.5,124.39999999999999,0.3463149078726968,2481,41,1.2,2.0,10.0
0.03,False,0.75,219.50000000000003,0.3463149078726968,2481,41,1.2,2.0,10.0
0.03,True,0.25,69.3,0.6536850921273032,4683,41,1.2,2.0,10.0
0.03,True,0.5,124.7,0.6536850921273032,4683,41,1.2,2.0,10.0
0.03,True,0.75,217.15000000000003,0.6536850921273032,4683,41,1.2,2.0,10.0
0.06,False,0.25,65.19999999999999,0.20508521933500978,1468,41,1.2,2.0,10.0
0.06,False,0.5,110.74999999999999,0.20508521933500978,1468,41,1.2,2.0,10.0
0.06,False,0.75,192.85000000000002,0.20508521933500978,1468,41,1.2,2.0,10.0
0.06,True,0.25,65.10000000000001,0.7949147806649902,5690,41,1.2,2.0,10.0
0.06,True,0.5,113.45000000000002,0.7949147806649902,5690,41,1.2,2.0,10.0
0.06,True,0.75,196.4,0.7949147806649902,5690,41,1.2,2.0,10.0
0.09,False,0.25,59.60000000000001,0.11717691682470875,865,41,1.2,2.0,10.0
0.09,False,0.5,101.5,0.11717691682470875,865,41,1.2,2.0,10.0
0.09,False,0.75,175.39999999999998,0.11717691682470875,865,41,1.2,2.0,10.0
0.09,True,0.25,60.60000000000001,0.8828230831752912,6517,41,1.2,2.0,10.0
0.09,True,0.5,101.89999999999999,0.8828230831752912,6517,41,1.2,2.0,10.0
0.09,True,0.75,176.3,0.8828230831752912,6517,41,1.2,2.0,10.0
0.12,False,0.25,54.75,0.06238760547793609,451,41,1.2,2.0,10.0
0.12,False,0.5,87.0,0.06238760547793609,451,41,1.2,2.0,10.0
0.12,False,0.75,142.75,0.06238760547793609,451,41,1.2,2.0,10.0
0.12,True,0.25,53.625,0.9376123945220639,6778,41,1.2,2.0,10.0
0.12,True,0.5,87.7,0.9376123945220639,6778,41,1.2,2.0,10.0
0.12,True,0.75,146.2,0.9376123945220639,6778,41,1.2,2.0,10.0
0.15,False,0.25,46.725,0.03917808219178082,286,41,1.2,2.0,10.0
0.15,False,0.5,72.6,0.03917808219178082,286,41,1.2,2.0,10.0
0.15,False,0.75,115.77499999999999,0.03917808219178082,286,41,1.2,2.0,10.0
0.15,True,0.25,50.099999999999994,0.9608219178082191,7014,41,1.2,2.0,10.0
0.15,True,0.5,78.0,0.9608219178082191,7014,41,1.2,2.0,10.0
0.15,True,0.75,125.39999999999998,0.9608219178082191,7014,41,1.2,2.0,10.0
0.0,False,0.25,68.9,0.4872222222222222,1754,52,1.2,2.0,10.0
0.0,False,0.5,123.95,0.4872222222222222,1754,52,1.2,2.0,10.0
0.0,False,0.75,224.25000000000003,0.4872222222222222,1754,52,1.2,2.0,10.0
0.0,True,0.25,70.12499999999999,0.5127777777777778,1846,52,1.2,2.0,10.0
0.0,True,0.5,121.25,0.5127777777777778,1846,52,1.2,2.0,10.0
0.0,True,0.75,211.65000000000003,0.5127777777777778,1846,52,1.2,2.0,10.0
0.03,False,0.25,69.6,0.34259776536312847,2453,52,1.2,2.0,10.0
0.03,False,0.5,121.9,0.34259776536312847,2453,52,1.2,2.0,10.0
0.03,False,0.75,211.60000000000002,0.34259776536312847,2453,52,1.2,2.0,10.0
0.03,True,0.25,69.15,0.6574022346368715,4707,52,1.2,2.0,10.0
0.03,True,0.5,122.0,0.6574022346368715,4707,52,1.2,2.0,10.0
0.03,True,0.75,212.65000000000003,0.6574022346368715,4707,52,1.2,2.0,10.0
0.06,False,0.25,63.70000000000001,0.20949720670391062,1500,52,1.2,2.0,10.0
0.06,False,0.5,112.9,0.20949720670391062,1500,52,1.2,2.0,10.0
0.06,False,0.75,195.225,0.20949720670391062,1500,52,1.2,2.0,10.0
0.06,True,0.25,63.9,0.7905027932960894,5660,52,1.2,2.0,10.0
0.06,True,0.5,114.94999999999999,0.7905027932960894,5660,52,1.2,2.0,10.0
0.06,True,0.75,194.14999999999998,0.7905027932960894,5660,52,1.2,2.0,10.0
0.09,False,0.25,59.1,0.11768689057421451,869,52,1.2,2.0,10.0
0.09,False,0.5,99.30000000000001,0.11768689057421451,869,52,1.2,2.0,10.0
0.09,False,0.75,169.40000000000003,0.11768689057421451,869,52,1.2,2.0,10.0
0.09,True,0.25,59.25,0.8823131094257854,6515,52,1.2,2.0,10.0
0.09,True,0.5,99.6,0.8823131094257854,6515,52,1.2,2.0,10.0
0.09,True,0.75,167.2,0.8823131094257854,6515,52,1.2,2.0,10.0
0.12,False,0.25,53.49999999999999,0.06626089362290773,479,52,1.2,2.0,10.0
0.12,False,0.5,85.79999999999998,0.06626089362290773,479,52,1.2,2.0,10.0
0.12,False,0.75,141.64999999999998,0.06626089362290773,479,52,1.2,2.0,10.0
0.12,True,0.25,54.49999999999999,0.9337391063770922,6750,52,1.2,2.0,10.0
0.12,True,0.5,89.59999999999998,0.9337391063770922,6750,52,1.2,2.0,10.0
0.12,True,0.75,145.77499999999998,0.9337391063770922,6750,52,1.2,2.0,10.0
0.15,False,0.25,48.04999999999999,0.036991368680641186,270,52,1.2,2.0,10.0
0.15,False,0.5,78.9,0.036991368680641186,270,52,1.2,2.0,10.0
0.15,False,0.75,125.00000000000001,0.036991368680641186,270,52,1.2,2.0,10.0
0.15,True,0.25,49.3,0.9630086313193588,7029,52,1.2,2.0,10.0
0.15,True,0.5,77.1,0.9630086313193588,7029,52,1.2,2.0,10.0
0.15,True,0.75,122.49999999999999,0.9630086313193588,7029,52,1.2,2.0,10.0
0.0,False,0.25,72.6,0.49400947339091666,1773,56,1.2,2.0,10.0
0.0,False,0.5,130.0,0.49400947339091666,1773,56,1.2,2.0,10.0
0.0,False,0.75,228.4,0.49400947339091666,1773,56,1.2,2.0,10.0
0.0,True,0.25,71.9,0.5059905266090833,1816,56,1.2,2.0,10.0
0.0,True,0.5,128.4,0.5059905266090833,1816,56,1.2,2.0,10.0
0.0,True,0.75,226.52500000000003,0.5059905266090833,1816,56,1.2,2.0,10.0
0.03,False,0.25,69.70000000000002,0.32923764311644793,2358,56,1.2,2.0,10.0
0.03,False,0.5,125.9,0.32923764311644793,2358,56,1.2,2.0,10.0
0.03,False,0.75,218.92500000000004,0.32923764311644793,2358,56,1.2,2.0,10.0
0.03,True,0.25,71.075,0.6707623568835521,4804,56,1.2,2.0,10.0
0.03,True,0.5,123.35,0.6707623568835521,4804,56,1.2,2.0,10.0
0.03,True,0.75,209.80000000000004,0.6707623568835521,4804,56,1.2,2.0,10.0
0.06,False,0.25,63.275,0.21467505241090146,1536,56,1.2,2.0,10.0
0.06,False,0.5,108.69999999999996,0.21467505241090146,1536,56,1.2,2.0,10.0
0.06,False,0.75,194.625,0.21467505241090146,1536,56,1.2,2.0,10.0
0.06,True,0.25,66.44999999999999,0.7853249475890985,5619,56,1.2,2.0,10.0
0.06,True,0.5,114.3,0.7853249475890985,5619,56,1.2,2.0,10.0
0.06,True,0.75,193.15,0.7853249475890985,5619,56,1.2,2.0,10.0
0.09,False,0.25,57.49999999999999,0.12092078537576167,893,56,1.2,2.0,10.0
0.09,False,0.5,94.69999999999997,0.12092078537576167,893,56,1.2,2.0,10.0
0.09,False,0.75,165.4,0.12092078537576167,893,56,1.2,2.0,10.0
0.09,True,0.25,59.60000000000001,0.8790792146242383,6492,56,1.2,2.0,10.0
0.09,True,0.5,101.54999999999998,0.8790792146242383,6492,56,1.2,2.0,10.0
0.09,True,0.75,169.9,0.8790792146242383,6492,56,1.2,2.0,10.0
0.12,False,0.25,53.400000000000006,0.05988934993084371,433,56,1.2,2.0,10.0
0.12,False,0.5,83.49999999999999,0.05988934993084371,433,56,1.2,2.0,10.0
0.12,False,0.75,140.9,0.05988934993084371,433,56,1.2,2.0,10.0
0.12,True,0.25,54.400000000000006,0.9401106500691563,6797,56,1.2,2.0,10.0
0.12,True,0.5,89.7,0.9401106500691563,6797,56,1.2,2.0,10.0
0.12,True,0.75,146.7,0.9401106500691563,6797,56,1.2,2.0,10.0
0.15,False,0.25,49.125,0.036986301369863014,270,56,1.2,2.0,10.0
0.15,False,0.5,76.69999999999999,0.036986301369863014,270,56,1.2,2.0,10.0
0.15,False,0.75,128.45,0.036986301369863014,270,56,1.2,2.0,10.0
0.15,True,0.25,49.699999999999996,0.963013698630137,7030,56,1.2,2.0,10.0
0.15,True,0.5,76.80000000000001,0.963013698630137,7030,56,1.2,2.0,10.0
0.15,True,0.75,123.2,0.963013698630137,7030,56,1.2,2.0,10.0
0.0,False,0.25,71.875,0.48289290681502084,1736,57,1.2,2.0,10.0
0.0,False,0.5,126.35000000000002,0.48289290681502084,1736,57,1.2,2.0,10.0
0.0,False,0.75,216.425,0.48289290681502084,1736,57,1.2,2.0,10.0
0.0,True,0.25,70.5,0.5171070931849792,1859,57,1.2,2.0,10.0
0.0,True,0.5,123.50000000000001,0.5171070931849792,1859,57,1.2,2.0,10.0
0.0,True,0.75,214.8,0.5171070931849792,1859,57,1.2,2.0,10.0
0.03,False,0.25,68.3,0.3349609375,2401,57,1.2,2.0,10.0
0.03,False,0.5,123.50000000000001,0.3349609375,2401,57,1.2,2.0,10.0
0.03,False,0.75,213.60000000000002,0.3349609375,2401,57,1.2,2.0,10.0
0.03,True,0.25,68.2,0.6650390625,4767,57,1.2,2.0,10.0
0.03,True,0.5,121.50000000000001,0.6650390625,4767,57,1.2,2.0,10.0
0.03,True,0.75,209.60000000000005,0.6650390625,4767,57,1.2,2.0,10.0
0.06,False,0.25,62.7,0.21462527964205816,1535,57,1.2,2.0,10.0
0.06,False,0.5,108.60000000000001,0.21462527964205816,1535,57,1.2,2.0,10.0
0.06,False,0.75,188.85000000000002,0.21462527964205816,1535,57,1.2,2.0,10.0
0.06,True,0.25,65.19999999999999,0.7853747203579419,5617,57,1.2,2.0,10.0
0.06,True,0.5,114.3,0.7853747203579419,5617,57,1.2,2.0,10.0
0.06,True,0.75,196.29999999999998,0.7853747203579419,5617,57,1.2,2.0,10.0
0.09,False,0.25,55.05,0.11846737070132683,875,57,1.2,2.0,10.0
0.09,False,0.5,95.6,0.11846737070132683,875,57,1.2,2.0,10.0
0.09,False,0.75,163.89999999999998,0.11846737070132683,875,57,1.2,2.0,10.0
0.09,True,0.25,61.9,0.8815326292986732,6511,57,1.2,2.0,10.0
0.09,True,0.5,102.89999999999999,0.8815326292986732,6511,57,1.2,2.0,10.0
0.09,True,0.75,174.09999999999997,0.8815326292986732,6511,57,1.2,2.0,10.0
0.12,False,0.25,50.499999999999986,0.06874135546334717,497,57,1.2,2.0,10.0
0.12,False,0.5,88.69999999999997,0.06874135546334717,497,57,1.2,2.0,10.0
0.12,False,0.75,133.20000000000002,0.06874135546334717,497,57,1.2,2.0,10.0
0.12,True,0.25,53.6,0.9312586445366529,6733,57,1.2,2.0,10.0
0.12,True,0.5,87.0,0.9312586445366529,6733,57,1.2,2.0,10.0
0.12,True,0.75,145.0,0.9312586445366529,6733,57,1.2,2.0,10.0
0.15,False,0.25,47.800000000000004,0.03424657534246575,250,57,1.2,2.0,10.0
0.15,False,0.5,67.8,0.03424657534246575,250,57,1.2,2.0,10.0
0.15,False,0.75,118.49999999999999,0.03424657534246575,250,57,1.2,2.0,10.0
0.15,True,0.25,49.3,0.9657534246575342,7050,57,1.2,2.0,10.0
0.15,True,0.5,76.99999999999999,0.9657534246575342,7050,57,1.2,2.0,10.0
0.15,True,0.75,121.2,0.9657534246575342,7050,57,1.2,2.0,10.0
0.0,False,0.25,69.65,0.49122807017543857,1764,59,1.2,2.0,10.0
0.0,False,0.5,130.05,0.49122807017543857,1764,59,1.2,2.0,10.0
0.0,False,0.75,233.35000000000002,0.49122807017543857,1764,59,1.2,2.0,10.0
0.0,True,0.25,69.70000000000002,0.5087719298245614,1827,59,1.2,2.0,10.0
0.0,True,0.5,127.90000000000002,0.5087719298245614,1827,59,1.2,2.0,10.0
0.0,True,0.75,232.70000000000005,0.5087719298245614,1827,59,1.2,2.0,10.0
0.03,False,0.25,66.8,0.3418815331010453,2453,59,1.2,2.0,10.0
0.03,False,0.5,119.40000000000002,0.3418815331010453,2453,59,1.2,2.0,10.0
0.03,False,0.75,212.4,0.3418815331010453,2453,59,1.2,2.0,10.0
0.03,True,0.25,70.09999999999998,0.6581184668989547,4722,59,1.2,2.0,10.0
0.03,True,0.5,126.0,0.6581184668989547,4722,59,1.2,2.0,10.0
0.03,True,0.75,217.60000000000002,0.6581184668989547,4722,59,1.2,2.0,10.0
0.06,False,0.25,65.10000000000001,0.22,1573,59,1.2,2.0,10.0
0.06,False,0.5,111.9,0.22,1573,59,1.2,2.0,10.0
0.06,False,0.75,183.79999999999998,0.22,1573,59,1.2,2.0,10.0
0.06,True,0.25,63.5,0.78,5577,59,1.2,2.0,10.0
0.06,True,0.5,112.39999999999999,0.78,5577,59,1.2,2.0,10.0
0.06,True,0.75,192.6,0.78,5577,59,1.2,2.0,10.0
0.09,False,0.25,56.474999999999994,0.12566012186865266,928,59,1.2,2.0,10.0
0.09,False,0.5,100.30000000000001,0.12566012186865266,928,59,1.2,2.0,10.0
0.09,False,0.75,162.35,0.12566012186865266,928,59,1.2,2.0,10.0
0.09,True,0.25,61.000000000000014,0.8743398781313473,6457,59,1.2,2.0,10.0
0.09,True,0.5,102.5,0.8743398781313473,6457,59,1.2,2.0,10.0
0.09,True,0.75,172.3,0.8743398781313473,6457,59,1.2,2.0,10.0
0.12,False,0.25,49.89999999999999,0.07263420033204206,525,59,1.2,2.0,10.0
0.12,False,0.5,82.9,0.07263420033204206,525,59,1.2,2.0,10.0
0.12,False,0.75,141.79999999999998,0.07263420033204206,525,59,1.2,2.0,10.0
0.12,True,0.25,55.55,0.927365799667958,6703,59,1.2,2.0,10.0
0.12,True,0.5,89.8,0.927365799667958,6703,59,1.2,2.0,10.0
0.12,True,0.75,146.04999999999998,0.927365799667958,6703,59,1.2,2.0,10.0
0.15,False,0.25,46.8,0.036575342465753426,267,59,1.2,2.0,10.0
0.15,False,0.5,71.29999999999998,0.036575342465753426,267,59,1.2,2.0,10.0
0.15,False,0.75,115.64999999999998,0.036575342465753426,267,59,1.2,2.0,10.0
0.15,True,0.25,49.0,0.9634246575342466,7033,59,1.2,2.0,10.0
0.15,True,0.5,77.69999999999999,0.9634246575342466,7033,59,1.2,2.0,10.0
0.15,True,0.75,125.9,0.9634246575342466,7033,59,1.2,2.0,10.0
0.0,False,0.25,69.375,0.49819293855991104,1792,61,1.2,2.0,10.0
0.0,False,0.5,132.0,0.49819293855991104,1792,61,1.2,2.0,10.0
0.0,False,0.75,223.85000000000005,0.49819293855991104,1792,61,1.2,2.0,10.0
0.0,True,0.25,72.0,0.5018070614400889,1805,61,1.2,2.0,10.0
0.0,True,0.5,130.1,0.5018070614400889,1805,61,1.2,2.0,10.0
0.0,True,0.75,220.20000000000005,0.5018070614400889,1805,61,1.2,2.0,10.0
0.03,False,0.25,68.89999999999999,0.3296595982142857,2363,61,1.2,2.0,10.0
0.03,False,0.5,123.60000000000001,0.3296595982142857,2363,61,1.2,2.0,10.0
0.03,False,0.75,219.30000000000004,0.3296595982142857,2363,61,1.2,2.0,10.0
0.03,True,0.25,69.3,0.6703404017857143,4805,61,1.2,2.0,10.0
0.03,True,0.5,123.2,0.6703404017857143,4805,61,1.2,2.0,10.0
0.03,True,0.75,210.8,0.6703404017857143,4805,61,1.2,2.0,10.0
0.06,False,0.25,64.85,0.21778026279004753,1558,61,1.2,2.0,10.0
0.06,False,0.5,117.10000000000001,0.21778026279004753,1558,61,1.2,2.0,10.0
0.06,False,0.75,194.7,0.21778026279004753,1558,61,1.2,2.0,10.0
0.06,True,0.25,63.59999999999999,0.7822197372099525,5596,61,1.2,2.0,10.0
0.06,True,0.5,111.15,0.7822197372099525,5596,61,1.2,2.0,10.0
0.06,True,0.75,198.29999999999998,0.7822197372099525,5596,61,1.2,2.0,10.0
0.09,False,0.25,55.400000000000006,0.12747222974803576,941,61,1.2,2.0,10.0
0.09,False,0.5,99.30000000000001,0.12747222974803576,941,61,1.2,2.0,10.0
0.09,False,0.75,164.39999999999998,0.12747222974803576,941,61,1.2,2.0,10.0
0.09,True,0.25,59.699999999999996,0.8725277702519643,6441,61,1.2,2.0,10.0
0.09,True,0.5,99.89999999999999,0.8725277702519643,6441,61,1.2,2.0,10.0
0.09,True,0.75,169.2,0.8725277702519643,6441,61,1.2,2.0,10.0
0.12,False,0.25,51.349999999999994,0.06556016597510374,474,61,1.2,2.0,10.0
0.12,False,0.5,81.5,0.06556016597510374,474,61,1.2,2.0,10.0
0.12,False,0.75,136.775,0.06556016597510374,474,61,1.2,2.0,10.0
0.12,True,0.25,53.400000000000006,0.9344398340248963,6756,61,1.2,2.0,10.0
0.12,True,0.5,86.9,0.9344398340248963,6756,61,1.2,2.0,10.0
0.12,True,0.75,142.1,0.9344398340248963,6756,61,1.2,2.0,10.0
0.15,False,0.25,43.45,0.03726027397260274,272,61,1.2,2.0,10.0
0.15,False,0.5,67.1,0.03726027397260274,272,61,1.2,2.0,10.0
0.15,False,0.75,110.89999999999999,0.03726027397260274,272,61,1.2,2.0,10.0
0.15,True,0.25,49.20000000000001,0.9627397260273972,7028,61,1.2,2.0,10.0
0.15,True,0.5,79.65,0.9627397260273972,7028,61,1.2,2.0,10.0
0.15,True,0.75,125.2,0.9627397260273972,7028,61,1.2,2.0,10.0
0.0,False,0.25,68.25,0.49582869855394884,1783,73,1.2,2.0,10.0
0.0,False,0.5,126.6,0.49582869855394884,1783,73,1.2,2.0,10.0
0.0,False,0.75,223.8,0.49582869855394884,1783,73,1.2,2.0,10.0
0.0,True,0.25,71.50000000000001,0.5041713014460512,1813,73,1.2,2.0,10.0
0.0,True,0.5,125.3,0.5041713014460512,1813,73,1.2,2.0,10.0
0.0,True,0.75,230.5,0.5041713014460512,1813,73,1.2,2.0,10.0
0.03,False,0.25,69.525,0.33668061366806135,2414,73,1.2,2.0,10.0
0.03,False,0.5,120.7,0.33668061366806135,2414,73,1.2,2.0,10.0
0.03,False,0.75,209.17500000000004,0.33668061366806135,2414,73,1.2,2.0,10.0
0.03,True,0.25,70.65,0.6633193863319387,4756,73,1.2,2.0,10.0
0.03,True,0.5,126.1,0.6633193863319387,4756,73,1.2,2.0,10.0
0.03,True,0.75,216.02500000000003,0.6633193863319387,4756,73,1.2,2.0,10.0
0.06,False,0.25,65.32499999999999,0.2081296270428831,1490,73,1.2,2.0,10.0
0.06,False,0.5,114.94999999999999,0.2081296270428831,1490,73,1.2,2.0,10.0
0.06,False,0.75,191.39999999999998,0.2081296270428831,1490,73,1.2,2.0,10.0
0.06,True,0.25,64.8,0.7918703729571169,5669,73,1.2,2.0,10.0
0.06,True,0.5,111.99999999999999,0.7918703729571169,5669,73,1.2,2.0,10.0
0.06,True,0.75,189.79999999999998,0.7918703729571169,5669,73,1.2,2.0,10.0
0.09,False,0.25,60.3,0.1154731284689319,853,73,1.2,2.0,10.0
0.09,False,0.5,99.4,0.1154731284689319,853,73,1.2,2.0,10.0
0.09,False,0.75,173.9,0.1154731284689319,853,73,1.2,2.0,10.0
0.09,True,0.25,59.699999999999996,0.8845268715310681,6534,73,1.2,2.0,10.0
0.09,True,0.5,99.8,0.8845268715310681,6534,73,1.2,2.0,10.0
0.09,True,0.75,168.4,0.8845268715310681,6534,73,1.2,2.0,10.0
0.12,False,0.25,48.349999999999994,0.06610427326787444,478,73,1.2,2.0,10.0
0.12,False,0.5,83.04999999999998,0.06610427326787444,478,73,1.2,2.0,10.0
0.12,False,0.75,138.75,0.06610427326787444,478,73,1.2,2.0,10.0
0.12,True,0.25,53.2,0.9338957267321256,6753,73,1.2,2.0,10.0
0.12,True,0.5,88.19999999999999,0.9338957267321256,6753,73,1.2,2.0,10.0
0.12,True,0.75,145.99999999999997,0.9338957267321256,6753,73,1.2,2.0,10.0
0.15,False,0.25,46.425000000000004,0.03918344978764214,286,73,1.2,2.0,10.0
0.15,False,0.5,66.05,0.03918344978764214,286,73,1.2,2.0,10.0
0.15,False,0.75,119.80000000000001,0.03918344978764214,286,73,1.2,2.0,10.0
0.15,True,0.25,48.800000000000004,0.9608165502123579,7013,73,1.2,2.0,10.0
0.15,True,0.5,76.49999999999999,0.9608165502123579,7013,73,1.2,2.0,10.0
0.15,True,0.75,120.8,0.9608165502123579,7013,73,1.2,2.0,10.0
0.0,False,0.25,75.0,0.49345950459226273,1773,79,1.2,2.0,10.0
0.0,False,0.5,129.9,0.49345950459226273,1773,79,1.2,2.0,10.0
0.0,False,0.75,229.10000000000002,0.49345950459226273,1773,79,1.2,2.0,10.0
0.0,True,0.25,68.8,0.5065404954077373,1820,79,1.2,2.0,10.0
0.0,True,0.5,122.74999999999997,0.5065404954077373,1820,79,1.2,2.0,10.0
0.0,True,0.75,214.8,0.5065404954077373,1820,79,1.2,2.0,10.0
0.03,False,0.25,68.6,0.33616843279419967,2411,79,1.2,2.0,10.0
0.03,False,0.5,123.9,0.33616843279419967,2411,79,1.2,2.0,10.0
0.03,False,0.75,220.95000000000002,0.33616843279419967,2411,79,1.2,2.0,10.0
0.03,True,0.25,68.8,0.6638315672058004,4761,79,1.2,2.0,10.0
0.03,True,0.5,122.0,0.6638315672058004,4761,79,1.2,2.0,10.0
0.03,True,0.75,208.90000000000003,0.6638315672058004,4761,79,1.2,2.0,10.0
0.06,False,0.25,65.39999999999999,0.2033258803801006,1455,79,1.2,2.0,10.0
0.06,False,0.5,110.39999999999998,0.2033258803801006,1455,79,1.2,2.0,10.0
0.06,False,0.75,193.64999999999998,0.2033258803801006,1455,79,1.2,2.0,10.0
0.06,True,0.25,66.10000000000001,0.7966741196198994,5701,79,1.2,2.0,10.0
0.06,True,0.5,113.00000000000001,0.7966741196198994,5701,79,1.2,2.0,10.0
0.06,True,0.75,197.4,0.7966741196198994,5701,79,1.2,2.0,10.0
0.09,False,0.25,58.60000000000001,0.12159783344617468,898,79,1.2,2.0,10.0
0.09,False,0.5,105.00000000000001,0.12159783344617468,898,79,1.2,2.0,10.0
0.09,False,0.75,167.375,0.12159783344617468,898,79,1.2,2.0,10.0
0.09,True,0.25,61.3,0.8784021665538253,6487,79,1.2,2.0,10.0
0.09,True,0.5,101.59999999999998,0.8784021665538253,6487,79,1.2,2.0,10.0
0.09,True,0.75,168.9,0.8784021665538253,6487,79,1.2,2.0,10.0
0.12,False,0.25,50.125,0.06389157792836399,462,79,1.2,2.0,10.0
0.12,False,0.5,81.05000000000001,0.06389157792836399,462,79,1.2,2.0,10.0
0.12,False,0.75,136.89999999999998,0.06389157792836399,462,79,1.2,2.0,10.0
0.12,True,0.25,54.2,0.936108422071636,6769,79,1.2,2.0,10.0
0.12,True,0.5,88.79999999999998,0.936108422071636,6769,79,1.2,2.0,10.0
0.12,True,0.75,144.9,0.936108422071636,6769,79,1.2,2.0,10.0
0.15,False,0.25,48.30000000000001,0.036575342465753426,267,79,1.2,2.0,10.0
0.15,False,0.5,74.49999999999999,0.036575342465753426,267,79,1.2,2.0,10.0
0.15,False,0.75,114.35,0.036575342465753426,267,79,1.2,2.0,10.0
0.15,True,0.25,49.0,0.9634246575342466,7033,79,1.2,2.0,10.0
0.15,True,0.5,77.39999999999998,0.9634246575342466,7033,79,1.2,2.0,10.0
0.15,True,0.75,122.09999999999998,0.9634246575342466,7033,79,1.2,2.0,10.0
0.0,False,0.25,72.175,0.4984666852523,1788,80,1.2,2.0,10.0
0.0,False,0.5,131.15000000000003,0.4984666852523,1788,80,1.2,2.0,10.0
0.0,False,0.75,226.12500000000003,0.4984666852523,1788,80,1.2,2.0,10.0
0.0,True,0.25,69.3,0.5015333147477,1799,80,1.2,2.0,10.0
0.0,True,0.5,130.5,0.5015333147477,1799,80,1.2,2.0,10.0
0.0,True,0.75,221.85000000000002,0.5015333147477,1799,80,1.2,2.0,10.0
0.03,False,0.25,69.05000000000001,0.34309623430962344,2460,80,1.2,2.0,10.0
0.03,False,0.5,119.85000000000001,0.34309623430962344,2460,80,1.2,2.0,10.0
0.03,False,0.75,215.275,0.34309623430962344,2460,80,1.2,2.0,10.0
0.03,True,0.25,68.10000000000001,0.6569037656903766,4710,80,1.2,2.0,10.0
0.03,True,0.5,120.99999999999997,0.6569037656903766,4710,80,1.2,2.0,10.0
0.03,True,0.75,215.77500000000003,0.6569037656903766,4710,80,1.2,2.0,10.0
0.06,False,0.25,63.5,0.20847315436241612,1491,80,1.2,2.0,10.0
0.06,False,0.5,108.3,0.20847315436241612,1491,80,1.2,2.0,10.0
0.06,False,0.75,190.14999999999998,0.20847315436241612,1491,80,1.2,2.0,10.0
0.06,True,0.25,64.5,0.7915268456375839,5661,80,1.2,2.0,10.0
0.06,True,0.5,111.9,0.7915268456375839,5661,80,1.2,2.0,10.0
0.06,True,0.75,191.8,0.7915268456375839,5661,80,1.2,2.0,10.0
0.09,False,0.25,57.10000000000001,0.1244751456047677,919,80,1.2,2.0,10.0
0.09,False,0.5,95.4,0.1244751456047677,919,80,1.2,2.0,10.0
0.09,False,0.75,161.99999999999997,0.1244751456047677,919,80,1.2,2.0,10.0
0.09,True,0.25,59.60000000000001,0.8755248543952323,6464,80,1.2,2.0,10.0
0.09,True,0.5,99.85,0.8755248543952323,6464,80,1.2,2.0,10.0
0.09,True,0.75,172.04999999999998,0.8755248543952323,6464,80,1.2,2.0,10.0
0.12,False,0.25,49.62500000000001,0.06615001383891503,478,80,1.2,2.0,10.0
0.12,False,0.5,77.49999999999999,0.06615001383891503,478,80,1.2,2.0,10.0
0.12,False,0.75,135.09999999999997,0.06615001383891503,478,80,1.2,2.0,10.0
0.12,True,0.25,53.67499999999999,0.9338499861610849,6748,80,1.2,2.0,10.0
0.12,True,0.5,88.5,0.9338499861610849,6748,80,1.2,2.0,10.0
0.12,True,0.75,145.7,0.9338499861610849,6748,80,1.2,2.0,10.0
0.15,False,0.25,46.125,0.030410958904109588,222,80,1.2,2.0,10.0
0.15,False,0.5,69.65,0.030410958904109588,222,80,1.2,2.0,10.0
0.15,False,0.75,103.99999999999999,0.030410958904109588,222,80,1.2,2.0,10.0
0.15,True,0.25,48.3,0.9695890410958904,7078,80,1.2,2.0,10.0
0.15,True,0.5,75.89999999999999,0.9695890410958904,7078,80,1.2,2.0,10.0
0.15,True,0.75,123.50000000000001,0.9695890410958904,7078,80,1.2,2.0,10.0
0.0,False,0.25,71.35,0.48526959421901056,1746,81,1.2,2.0,10.0
0.0,False,0.5,128.89999999999998,0.48526959421901056,1746,81,1.2,2.0,10.0
0.0,False,0.75,226.00000000000003,0.48526959421901056,1746,81,1.2,2.0,10.0
0.0,True,0.25,71.075,0.5147304057809894,1852,81,1.2,2.0,10.0
0.0,True,0.5,127.44999999999999,0.5147304057809894,1852,81,1.2,2.0,10.0
0.0,True,0.75,224.80000000000004,0.5147304057809894,1852,81,1.2,2.0,10.0
0.03,False,0.25,67.99999999999999,0.33904204956836537,2435,81,1.2,2.0,10.0
0.03,False,0.5,120.49999999999999,0.33904204956836537,2435,81,1.2,2.0,10.0
0.03,False,0.75,214.95000000000002,0.33904204956836537,2435,81,1.2,2.0,10.0
0.03,True,0.25,69.8,0.6609579504316346,4747,81,1.2,2.0,10.0
0.03,True,0.5,123.60000000000001,0.6609579504316346,4747,81,1.2,2.0,10.0
0.03,True,0.75,213.25000000000003,0.6609579504316346,4747,81,1.2,2.0,10.0
0.06,False,0.25,62.5,0.21652222532848756,1549,81,1.2,2.0,10.0
0.06,False,0.5,107.89999999999999,0.21652222532848756,1549,81,1.2,2.0,10.0
0.06,False,0.75,195.1,0.21652222532848756,1549,81,1.2,2.0,10.0
0.06,True,0.25,64.99999999999999,0.7834777746715125,5605,81,1.2,2.0,10.0
0.06,True,0.5,111.69999999999997,0.7834777746715125,5605,81,1.2,2.0,10.0
0.06,True,0.75,194.4,0.7834777746715125,5605,81,1.2,2.0,10.0
0.09,False,0.25,57.975,0.12510154346060115,924,81,1.2,2.0,10.0
0.09,False,0.5,93.75,0.12510154346060115,924,81,1.2,2.0,10.0
0.09,False,0.75,167.425,0.12510154346060115,924,81,1.2,2.0,10.0
0.09,True,0.25,61.40000000000001,0.8748984565393989,6462,81,1.2,2.0,10.0
0.09,True,0.5,103.89999999999999,0.8748984565393989,6462,81,1.2,2.0,10.0
0.09,True,0.75,174.3,0.8748984565393989,6462,81,1.2,2.0,10.0
0.12,False,0.25,50.65,0.0677731673582296,490,81,1.2,2.0,10.0
0.12,False,0.5,85.04999999999998,0.0677731673582296,490,81,1.2,2.0,10.0
0.12,False,0.75,131.125,0.0677731673582296,490,81,1.2,2.0,10.0
0.12,True,0.25,54.800000000000004,0.9322268326417704,6740,81,1.2,2.0,10.0
0.12,True,0.5,88.9,0.9322268326417704,6740,81,1.2,2.0,10.0
0.12,True,0.75,146.50000000000003,0.9322268326417704,6740,81,1.2,2.0,10.0
0.15,False,0.25,48.89999999999999,0.03958904109589041,289,81,1.2,2.0,10.0
0.15,False,0.5,71.69999999999999,0.03958904109589041,289,81,1.2,2.0,10.0
0.15,False,0.75,113.99999999999999,0.03958904109589041,289,81,1.2,2.0,10.0
0.15,True,0.25,49.699999999999996,0.9604109589041095,7011,81,1.2,2.0,10.0
0.15,True,0.5,78.39999999999999,0.9604109589041095,7011,81,1.2,2.0,10.0
0.15,True,0.75,123.74999999999999,0.9604109589041095,7011,81,1.2,2.0,10.0
0.0,False,0.25,69.3,0.5072383073496659,1822,97,1.2,2.0,10.0
0.0,False,0.5,126.85,0.5072383073496659,1822,97,1.2,2.0,10.0
0.0,False,0.75,221.8,0.5072383073496659,1822,97,1.2,2.0,10.0
0.0,True,0.25,71.32499999999999,0.4927616926503341,1770,97,1.2,2.0,10.0
0.0,True,0.5,124.1,0.4927616926503341,1770,97,1.2,2.0,10.0
0.0,True,0.75,217.95000000000005,0.4927616926503341,1770,97,1.2,2.0,10.0
0.03,False,0.25,69.9,0.34688195991091314,2492,97,1.2,2.0,10.0
0.03,False,0.5,126.20000000000002,0.34688195991091314,2492,97,1.2,2.0,10.0
0.03,False,0.75,215.80000000000004,0.34688195991091314,2492,97,1.2,2.0,10.0
0.03,True,0.25,70.875,0.6531180400890868,4692,97,1.2,2.0,10.0
0.03,True,0.5,125.39999999999998,0.6531180400890868,4692,97,1.2,2.0,10.0
0.03,True,0.75,216.22500000000002,0.6531180400890868,4692,97,1.2,2.0,10.0
0.06,False,0.25,58.99999999999999,0.212540148024019,1522,97,1.2,2.0,10.0
0.06,False,0.5,109.5,0.212540148024019,1522,97,1.2,2.0,10.0
0.06,False,0.75,189.875,0.212540148024019,1522,97,1.2,2.0,10.0
0.06,True,0.25,66.85,0.787459851975981,5639,97,1.2,2.0,10.0
0.06,True,0.5,114.89999999999998,0.787459851975981,5639,97,1.2,2.0,10.0
0.06,True,0.75,197.4,0.787459851975981,5639,97,1.2,2.0,10.0
0.09,False,0.25,58.699999999999996,0.12307067424857839,909,97,1.2,2.0,10.0
0.09,False,0.5,94.8,0.12307067424857839,909,97,1.2,2.0,10.0
0.09,False,0.75,155.2,0.12307067424857839,909,97,1.2,2.0,10.0
0.09,True,0.25,59.000000000000014,0.8769293257514216,6477,97,1.2,2.0,10.0
0.09,True,0.5,101.19999999999999,0.8769293257514216,6477,97,1.2,2.0,10.0
0.09,True,0.75,170.9,0.8769293257514216,6477,97,1.2,2.0,10.0
0.12,False,0.25,54.35,0.06667588878129756,482,97,1.2,2.0,10.0
0.12,False,0.5,90.39999999999998,0.06667588878129756,482,97,1.2,2.0,10.0
0.12,False,0.75,139.59999999999997,0.06667588878129756,482,97,1.2,2.0,10.0
0.12,True,0.25,54.00000000000001,0.9333241112187024,6747,97,1.2,2.0,10.0
0.12,True,0.5,89.09999999999998,0.9333241112187024,6747,97,1.2,2.0,10.0
0.12,True,0.75,142.9,0.9333241112187024,6747,97,1.2,2.0,10.0
0.15,False,0.25,47.5,0.03383561643835616,247,97,1.2,2.0,10.0
0.15,False,0.5,75.6,0.03383561643835616,247,97,1.2,2.0,10.0
0.15,False,0.75,120.29999999999998,0.03383561643835616,247,97,1.2,2.0,10.0
0.15,True,0.25,48.800000000000004,0.9661643835616438,7053,97,1.2,2.0,10.0
0.15,True,0.5,77.60000000000001,0.9661643835616438,7053,97,1.2,2.0,10.0
0.15,True,0.75,123.9,0.9661643835616438,7053,97,1.2,2.0,10.0
0.0,False,0.25,70.39999999999999,0.4775578477836632,1713,98,1.2,2.0,10.0
0.0,False,0.5,133.39999999999998,0.4775578477836632,1713,98,1.2,2.0,10.0
0.0,False,0.75,231.20000000000002,0.4775578477836632,1713,98,1.2,2.0,10.0
0.0,True,0.25,69.02499999999999,0.5224421522163367,1874,98,1.2,2.0,10.0
0.0,True,0.5,125.44999999999999,0.5224421522163367,1874,98,1.2,2.0,10.0
0.0,True,0.75,223.82500000000005,0.5224421522163367,1874,98,1.2,2.0,10.0
0.03,False,0.25,67.70000000000002,0.33760802899358794,2422,98,1.2,2.0,10.0
0.03,False,0.5,123.60000000000001,0.33760802899358794,2422,98,1.2,2.0,10.0
0.03,False,0.75,219.35000000000002,0.33760802899358794,2422,98,1.2,2.0,10.0
0.03,True,0.25,68.10000000000001,0.662391971006412,4752,98,1.2,2.0,10.0
0.03,True,0.5,123.3,0.662391971006412,4752,98,1.2,2.0,10.0
0.03,True,0.75,214.27500000000003,0.662391971006412,4752,98,1.2,2.0,10.0
0.06,False,0.25,63.02499999999999,0.21430567197541212,1534,98,1.2,2.0,10.0
0.06,False,0.5,108.44999999999997,0.21430567197541212,1534,98,1.2,2.0,10.0
0.06,False,0.75,184.72500000000002,0.21430567197541212,1534,98,1.2,2.0,10.0
0.06,True,0.25,65.9,0.7856943280245878,5624,98,1.2,2.0,10.0
0.06,True,0.5,113.94999999999999,0.7856943280245878,5624,98,1.2,2.0,10.0
0.06,True,0.75,196.325,0.7856943280245878,5624,98,1.2,2.0,10.0
0.09,False,0.25,59.22500000000001,0.11995667479014352,886,98,1.2,2.0,10.0
0.09,False,0.5,97.0,0.11995667479014352,886,98,1.2,2.0,10.0
0.09,False,0.75,159.25,0.11995667479014352,886,98,1.2,2.0,10.0
0.09,True,0.25,60.775000000000006,0.8800433252098565,6500,98,1.2,2.0,10.0
0.09,True,0.5,99.94999999999999,0.8800433252098565,6500,98,1.2,2.0,10.0
0.09,True,0.75,167.5,0.8800433252098565,6500,98,1.2,2.0,10.0
0.12,False,0.25,47.25,0.064583045221961,467,98,1.2,2.0,10.0
0.12,False,0.5,84.9,0.064583045221961,467,98,1.2,2.0,10.0
0.12,False,0.75,133.25,0.064583045221961,467,98,1.2,2.0,10.0
0.12,True,0.25,54.3,0.935416954778039,6764,98,1.2,2.0,10.0
0.12,True,0.5,89.19999999999999,0.935416954778039,6764,98,1.2,2.0,10.0
0.12,True,0.75,147.5,0.935416954778039,6764,98,1.2,2.0,10.0
0.15,False,0.25,50.74999999999999,0.036032333196328266,263,98,1.2,2.0,10.0
0.15,False,0.5,74.39999999999999,0.036032333196328266,263,98,1.2,2.0,10.0
0.15,False,0.75,115.5,0.036032333196328266,263,98,1.2,2.0,10.0
0.15,True,0.25,49.099999999999994,0.9639676668036717,7036,98,1.2,2.0,10.0
0.15,True,0.5,77.15,0.9639676668036717,7036,98,1.2,2.0,10.0
0.15,True,0.75,124.12499999999999,0.9639676668036717,7036,98,1.2,2.0,10.0
0.0,False,0.25,68.65,0.48083333333333333,1731,99,1.2,2.0,10.0
0.0,False,0.5,127.69999999999997,0.48083333333333333,1731,99,1.2,2.0,10.0
0.0,False,0.75,218.95000000000005,0.48083333333333333,1731,99,1.2,2.0,10.0
0.0,True,0.25,67.5,0.5191666666666667,1869,99,1.2,2.0,10.0
0.0,True,0.5,130.1,0.5191666666666667,1869,99,1.2,2.0,10.0
0.0,True,0.75,225.80000000000007,0.5191666666666667,1869,99,1.2,2.0,10.0
0.03,False,0.25,68.5,0.3422594142259414,2454,99,1.2,2.0,10.0
0.03,False,0.5,123.95,0.3422594142259414,2454,99,1.2,2.0,10.0
0.03,False,0.75,214.97500000000002,0.3422594142259414,2454,99,1.2,2.0,10.0
0.03,True,0.25,70.375,0.6577405857740586,4716,99,1.2,2.0,10.0
0.03,True,0.5,123.79999999999998,0.6577405857740586,4716,99,1.2,2.0,10.0
0.03,True,0.75,216.20000000000002,0.6577405857740586,4716,99,1.2,2.0,10.0
0.06,False,0.25,66.3,0.21348785255515218,1529,99,1.2,2.0,10.0
0.06,False,0.5,113.9,0.21348785255515218,1529,99,1.2,2.0,10.0
0.06,False,0.75,195.20000000000002,0.21348785255515218,1529,99,1.2,2.0,10.0
0.06,True,0.25,65.10000000000001,0.7865121474448478,5633,99,1.2,2.0,10.0
0.06,True,0.5,113.99999999999999,0.7865121474448478,5633,99,1.2,2.0,10.0
0.06,True,0.75,192.4,0.7865121474448478,5633,99,1.2,2.0,10.0
0.09,False,0.25,55.87499999999999,0.12026002166847237,888,99,1.2,2.0,10.0
0.09,False,0.5,99.70000000000002,0.12026002166847237,888,99,1.2,2.0,10.0
0.09,False,0.75,171.25,0.12026002166847237,888,99,1.2,2.0,10.0
0.09,True,0.25,59.60000000000001,0.8797399783315276,6496,99,1.2,2.0,10.0
0.09,True,0.5,101.5,0.8797399783315276,6496,99,1.2,2.0,10.0
0.09,True,0.75,170.20000000000002,0.8797399783315276,6496,99,1.2,2.0,10.0
0.12,False,0.25,50.44999999999999,0.07289073305670817,527,99,1.2,2.0,10.0
0.12,False,0.5,88.39999999999999,0.07289073305670817,527,99,1.2,2.0,10.0
0.12,False,0.75,143.64999999999998,0.07289073305670817,527,99,1.2,2.0,10.0
0.12,True,0.25,53.2,0.9271092669432919,6703,99,1.2,2.0,10.0
0.12,True,0.5,87.5,0.9271092669432919,6703,99,1.2,2.0,10.0
0.12,True,0.75,143.64999999999998,0.9271092669432919,6703,99,1.2,2.0,10.0
0.15,False,0.25,46.425000000000004,0.036986301369863014,270,99,1.2,2.0,10.0
0.15,False,0.5,71.54999999999998,0.036986301369863014,270,99,1.2,2.0,10.0
0.15,False,0.75,110.82499999999999,0.036986301369863014,270,99,1.2,2.0,10.0
0.15,True,0.25,49.3,0.963013698630137,7030,99,1.2,2.0,10.0
0.15,True,0.5,77.89999999999999,0.963013698630137,7030,99,1.2,2.0,10.0
0.15,True,0.75,124.1,0.963013698630137,7030,99,1.2,2.0,10.0
0.0,False,0.25,71.125,0.503337041156841,1810,101,1.2,2.0,10.0
0.0,False,0.5,128.89999999999998,0.503337041156841,1810,101,1.2,2.0,10.0
0.0,False,0.75,221.77500000000003,0.503337041156841,1810,101,1.2,2.0,10.0
0.0,True,0.25,69.525,0.4966629588431591,1786,101,1.2,2.0,10.0
0.0,True,0.5,124.85,0.4966629588431591,1786,101,1.2,2.0,10.0
0.0,True,0.75,217.52500000000003,0.4966629588431591,1786,101,1.2,2.0,10.0
0.03,False,0.25,66.7,0.34382836444692116,2468,101,1.2,2.0,10.0
0.03,False,0.5,122.79999999999998,0.34382836444692116,2468,101,1.2,2.0,10.0
0.03,False,0.75,213.82500000000005,0.34382836444692116,2468,101,1.2,2.0,10.0
0.03,True,0.25,70.39999999999999,0.6561716355530789,4710,101,1.2,2.0,10.0
0.03,True,0.5,122.30000000000001,0.6561716355530789,4710,101,1.2,2.0,10.0
0.03,True,0.75,215.90000000000003,0.6561716355530789,4710,101,1.2,2.0,10.0
0.06,False,0.25,62.7,0.21804195804195803,1559,101,1.2,2.0,10.0
0.06,False,0.5,108.89999999999996,0.21804195804195803,1559,101,1.2,2.0,10.0
0.06,False,0.75,181.75,0.21804195804195803,1559,101,1.2,2.0,10.0
0.06,True,0.25,66.10000000000001,0.781958041958042,5591,101,1.2,2.0,10.0
0.06,True,0.5,115.2,0.781958041958042,5591,101,1.2,2.0,10.0
0.06,True,0.75,194.29999999999998,0.781958041958042,5591,101,1.2,2.0,10.0
0.09,False,0.25,56.87499999999999,0.12684645615937118,936,101,1.2,2.0,10.0
0.09,False,0.5,98.39999999999999,0.12684645615937118,936,101,1.2,2.0,10.0
0.09,False,0.75,167.45000000000002,0.12684645615937118,936,101,1.2,2.0,10.0
0.09,True,0.25,60.699999999999996,0.8731535438406288,6443,101,1.2,2.0,10.0
0.09,True,0.5,99.89999999999999,0.8731535438406288,6443,101,1.2,2.0,10.0
0.09,True,0.75,165.4,0.8731535438406288,6443,101,1.2,2.0,10.0
0.12,False,0.25,54.00000000000001,0.06596597980915503,477,101,1.2,2.0,10.0
0.12,False,0.5,84.3,0.06596597980915503,477,101,1.2,2.0,10.0
0.12,False,0.75,140.8,0.06596597980915503,477,101,1.2,2.0,10.0
0.12,True,0.25,54.89999999999999,0.934034020190845,6754,101,1.2,2.0,10.0
0.12,True,0.5,89.8,0.934034020190845,6754,101,1.2,2.0,10.0
0.12,True,0.75,144.6,0.934034020190845,6754,101,1.2,2.0,10.0
0.15,False,0.25,46.2,0.03821917808219178,279,101,1.2,2.0,10.0
0.15,False,0.5,71.9,0.03821917808219178,279,101,1.2,2.0,10.0
0.15,False,0.75,112.15,0.03821917808219178,279,101,1.2,2.0,10.0
0.15,True,0.25,49.20000000000001,0.9617808219178082,7021,101,1.2,2.0,10.0
0.15,True,0.5,77.60000000000001,0.9617808219178082,7021,101,1.2,2.0,10.0
0.15,True,0.75,124.89999999999998,0.9617808219178082,7021,101,1.2,2.0,10.0
0.0,False,0.25,74.30000000000001,0.49986091794158555,1797,113,1.2,2.0,10.0
0.0,False,0.5,129.79999999999998,0.49986091794158555,1797,113,1.2,2.0,10.0
0.0,False,0.75,223.20000000000002,0.49986091794158555,1797,113,1.2,2.0,10.0
0.0,True,0.25,66.825,0.5001390820584145,1798,113,1.2,2.0,10.0
0.0,True,0.5,127.55,0.5001390820584145,1798,113,1.2,2.0,10.0
0.0,True,0.75,218.77500000000003,0.5001390820584145,1798,113,1.2,2.0,10.0
0.03,False,0.25,66.39999999999999,0.347123554812648,2492,113,1.2,2.0,10.0
0.03,False,0.5,116.35,0.347123554812648,2492,113,1.2,2.0,10.0
0.03,False,0.75,212.35000000000002,0.347123554812648,2492,113,1.2,2.0,10.0
0.03,True,0.25,69.15,0.652876445187352,4687,113,1.2,2.0,10.0
0.03,True,0.5,122.19999999999997,0.652876445187352,4687,113,1.2,2.0,10.0
0.03,True,0.75,213.45000000000005,0.652876445187352,4687,113,1.2,2.0,10.0
0.06,False,0.25,64.5,0.2096368715083799,1501,113,1.2,2.0,10.0
0.06,False,0.5,108.69999999999999,0.2096368715083799,1501,113,1.2,2.0,10.0
0.06,False,0.75,192.4,0.2096368715083799,1501,113,1.2,2.0,10.0
0.06,True,0.25,66.9,0.7903631284916202,5659,113,1.2,2.0,10.0
0.06,True,0.5,116.79999999999998,0.7903631284916202,5659,113,1.2,2.0,10.0
0.06,True,0.75,200.65000000000003,0.7903631284916202,5659,113,1.2,2.0,10.0
0.09,False,0.25,58.89999999999999,0.11990245224224359,885,113,1.2,2.0,10.0
0.09,False,0.5,96.19999999999999,0.11990245224224359,885,113,1.2,2.0,10.0
0.09,False,0.75,153.4,0.11990245224224359,885,113,1.2,2.0,10.0
0.09,True,0.25,59.800000000000004,0.8800975477577564,6496,113,1.2,2.0,10.0
0.09,True,0.5,100.5,0.8800975477577564,6496,113,1.2,2.0,10.0
0.09,True,0.75,169.82500000000002,0.8800975477577564,6496,113,1.2,2.0,10.0
0.12,False,0.25,47.5,0.06639004149377593,480,113,1.2,2.0,10.0
0.12,False,0.5,76.85,0.06639004149377593,480,113,1.2,2.0,10.0
0.12,False,0.75,127.375,0.06639004149377593,480,113,1.2,2.0,10.0
0.12,True,0.25,53.425000000000004,0.9336099585062241,6750,113,1.2,2.0,10.0
0.12,True,0.5,87.1,0.9336099585062241,6750,113,1.2,2.0,10.0
0.12,True,0.75,144.47500000000002,0.9336099585062241,6750,113,1.2,2.0,10.0
0.15,False,0.25,45.2,0.036301369863013695,265,113,1.2,2.0,10.0
0.15,False,0.5,74.30000000000001,0.036301369863013695,265,113,1.2,2.0,10.0
0.15,False,0.75,122.19999999999997,0.036301369863013695,265,113,1.2,2.0,10.0
0.15,True,0.25,48.89999999999999,0.9636986301369863,7035,113,1.2,2.0,10.0
0.15,True,0.5,76.89999999999999,0.9636986301369863,7035,113,1.2,2.0,10.0
0.15,True,0.75,124.94999999999997,0.9636986301369863,7035,113,1.2,2.0,10.0
0.0,False,0.25,69.39999999999999,0.5015316067947647,1801,117,1.2,2.0,10.0
0.0,False,0.5,125.2,0.5015316067947647,1801,117,1.2,2.0,10.0
0.0,False,0.75,221.50000000000003,0.5015316067947647,1801,117,1.2,2.0,10.0
0.0,True,0.25,72.8,0.4984683932052353,1790,117,1.2,2.0,10.0
0.0,True,0.5,132.25,0.4984683932052353,1790,117,1.2,2.0,10.0
0.0,True,0.75,228.5,0.4984683932052353,1790,117,1.2,2.0,10.0
0.03,False,0.25,70.49999999999999,0.34606271777003483,2483,117,1.2,2.0,10.0
0.03,False,0.5,124.19999999999997,0.34606271777003483,2483,117,1.2,2.0,10.0
0.03,False,0.75,216.10000000000005,0.34606271777003483,2483,117,1.2,2.0,10.0
0.03,True,0.25,69.6,0.6539372822299652,4692,117,1.2,2.0,10.0
0.03,True,0.5,124.19999999999997,0.6539372822299652,4692,117,1.2,2.0,10.0
0.03,True,0.75,219.15000000000003,0.6539372822299652,4692,117,1.2,2.0,10.0
0.06,False,0.25,63.44999999999999,0.2082693113563347,1491,117,1.2,2.0,10.0
0.06,False,0.5,109.80000000000001,0.2082693113563347,1491,117,1.2,2.0,10.0
0.06,False,0.75,192.14999999999998,0.2082693113563347,1491,117,1.2,2.0,10.0
0.06,True,0.25,64.175,0.7917306886436654,5668,117,1.2,2.0,10.0
0.06,True,0.5,112.65,0.7917306886436654,5668,117,1.2,2.0,10.0
0.06,True,0.75,198.95000000000002,0.7917306886436654,5668,117,1.2,2.0,10.0
0.09,False,0.25,58.74999999999999,0.11997291807718348,886,117,1.2,2.0,10.0
0.09,False,0.5,96.95000000000002,0.11997291807718348,886,117,1.2,2.0,10.0
0.09,False,0.75,170.04999999999998,0.11997291807718348,886,117,1.2,2.0,10.0
0.09,True,0.25,59.89999999999999,0.8800270819228165,6499,117,1.2,2.0,10.0
0.09,True,0.5,101.0,0.8800270819228165,6499,117,1.2,2.0,10.0
0.09,True,0.75,170.04999999999995,0.8800270819228165,6499,117,1.2,2.0,10.0
0.12,False,0.25,52.04999999999999,0.06748720785506845,488,117,1.2,2.0,10.0
0.12,False,0.5,85.94999999999999,0.06748720785506845,488,117,1.2,2.0,10.0
0.12,False,0.75,147.7,0.06748720785506845,488,117,1.2,2.0,10.0
0.12,True,0.25,54.099999999999994,0.9325127921449315,6743,117,1.2,2.0,10.0
0.12,True,0.5,87.9,0.9325127921449315,6743,117,1.2,2.0,10.0
0.12,True,0.75,144.40000000000003,0.9325127921449315,6743,117,1.2,2.0,10.0
0.15,False,0.25,45.400000000000006,0.03821917808219178,279,117,1.2,2.0,10.0
0.15,False,0.5,68.3,0.03821917808219178,279,117,1.2,2.0,10.0
0.15,False,0.75,107.5,0.03821917808219178,279,117,1.2,2.0,10.0
0.15,True,0.25,48.6,0.9617808219178082,7021,117,1.2,2.0,10.0
0.15,True,0.5,76.99999999999999,0.9617808219178082,7021,117,1.2,2.0,10.0
0.15,True,0.75,124.19999999999997,0.9617808219178082,7021,117,1.2,2.0,10.0
0.0,False,0.25,74.0,0.4927576601671309,1769,118,1.2,2.0,10.0
0.0,False,0.5,129.7,0.4927576601671309,1769,118,1.2,2.0,10.0
0.0,False,0.75,227.40000000000003,0.4927576601671309,1769,118,1.2,2.0,10.0
0.0,True,0.25,69.3,0.507242339832869,1821,118,1.2,2.0,10.0
0.0,True,0.5,124.1,0.507242339832869,1821,118,1.2,2.0,10.0
0.0,True,0.75,213.2,0.507242339832869,1821,118,1.2,2.0,10.0
0.03,False,0.25,71.025,0.3305946247040802,2374,118,1.2,2.0,10.0
0.03,False,0.5,124.0,0.3305946247040802,2374,118,1.2,2.0,10.0
0.03,False,0.75,213.77500000000003,0.3305946247040802,2374,118,1.2,2.0,10.0
0.03,True,0.25,70.2,0.6694053752959198,4807,118,1.2,2.0,10.0
0.03,True,0.5,128.2,0.6694053752959198,4807,118,1.2,2.0,10.0
0.03,True,0.75,223.80000000000007,0.6694053752959198,4807,118,1.2,2.0,10.0
0.06,False,0.25,64.3,0.20558269364968598,1473,118,1.2,2.0,10.0
0.06,False,0.5,114.89999999999998,0.20558269364968598,1473,118,1.2,2.0,10.0
0.06,False,0.75,198.39999999999998,0.20558269364968598,1473,118,1.2,2.0,10.0
0.06,True,0.25,65.10000000000001,0.794417306350314,5692,118,1.2,2.0,10.0
0.06,True,0.5,112.3,0.794417306350314,5692,118,1.2,2.0,10.0
0.06,True,0.75,191.70000000000002,0.794417306350314,5692,118,1.2,2.0,10.0
0.09,False,0.25,54.275,0.11863488624052004,876,118,1.2,2.0,10.0
0.09,False,0.5,95.65,0.11863488624052004,876,118,1.2,2.0,10.0
0.09,False,0.75,166.52499999999998,0.11863488624052004,876,118,1.2,2.0,10.0
0.09,True,0.25,58.800000000000004,0.8813651137594799,6508,118,1.2,2.0,10.0
0.09,True,0.5,96.29999999999998,0.8813651137594799,6508,118,1.2,2.0,10.0
0.09,True,0.75,164.72500000000002,0.8813651137594799,6508,118,1.2,2.0,10.0
0.12,False,0.25,51.29999999999999,0.06873184898354308,497,118,1.2,2.0,10.0
0.12,False,0.5,87.60000000000001,0.06873184898354308,497,118,1.2,2.0,10.0
0.12,False,0.75,141.5,0.06873184898354308,497,118,1.2,2.0,10.0
0.12,True,0.25,55.625,0.9312681510164569,6734,118,1.2,2.0,10.0
0.12,True,0.5,90.29999999999998,0.9312681510164569,6734,118,1.2,2.0,10.0
0.12,True,0.75,145.89999999999998,0.9312681510164569,6734,118,1.2,2.0,10.0
0.15,False,0.25,45.4,0.036575342465753426,267,118,1.2,2.0,10.0
0.15,False,0.5,70.2,0.036575342465753426,267,118,1.2,2.0,10.0
0.15,False,0.75,109.94999999999999,0.036575342465753426,267,118,1.2,2.0,10.0
0.15,True,0.25,48.89999999999999,0.9634246575342466,7033,118,1.2,2.0,10.0
0.15,True,0.5,76.69999999999999,0.9634246575342466,7033,118,1.2,2.0,10.0
0.15,True,0.75,123.9,0.9634246575342466,7033,118,1.2,2.0,10.0
0.0,False,0.25,72.0,0.491369710467706,1765,120,1.2,2.0,10.0
0.0,False,0.5,126.89999999999999,0.491369710467706,1765,120,1.2,2.0,10.0
0.0,False,0.75,214.70000000000002,0.491369710467706,1765,120,1.2,2.0,10.0
0.0,True,0.25,70.19999999999999,0.5086302895322939,1827,120,1.2,2.0,10.0
0.0,True,0.5,126.19999999999997,0.5086302895322939,1827,120,1.2,2.0,10.0
0.0,True,0.75,211.70000000000005,0.5086302895322939,1827,120,1.2,2.0,10.0
0.03,False,0.25,66.6,0.344803566453051,2475,120,1.2,2.0,10.0
0.03,False,0.5,120.39999999999999,0.344803566453051,2475,120,1.2,2.0,10.0
0.03,False,0.75,217.70000000000005,0.344803566453051,2475,120,1.2,2.0,10.0
0.03,True,0.25,71.9,0.655196433546949,4703,120,1.2,2.0,10.0
0.03,True,0.5,126.0,0.655196433546949,4703,120,1.2,2.0,10.0
0.03,True,0.75,220.00000000000003,0.655196433546949,4703,120,1.2,2.0,10.0
0.06,False,0.25,64.55,0.21200279134682484,1519,120,1.2,2.0,10.0
0.06,False,0.5,111.29999999999998,0.21200279134682484,1519,120,1.2,2.0,10.0
0.06,False,0.75,191.10000000000002,0.21200279134682484,1519,120,1.2,2.0,10.0
0.06,True,0.25,64.925,0.7879972086531751,5646,120,1.2,2.0,10.0
0.06,True,0.5,114.04999999999998,0.7879972086531751,5646,120,1.2,2.0,10.0
0.06,True,0.75,195.8,0.7879972086531751,5646,120,1.2,2.0,10.0
0.09,False,0.25,56.074999999999996,0.12885760693015702,952,120,1.2,2.0,10.0
0.09,False,0.5,98.85,0.12885760693015702,952,120,1.2,2.0,10.0
0.09,False,0.75,171.27499999999998,0.12885760693015702,952,120,1.2,2.0,10.0
0.09,True,0.25,59.800000000000004,0.871142393069843,6436,120,1.2,2.0,10.0
0.09,True,0.5,99.30000000000001,0.871142393069843,6436,120,1.2,2.0,10.0
0.09,True,0.75,168.49999999999997,0.871142393069843,6436,120,1.2,2.0,10.0
0.12,False,0.25,50.8,0.07261410788381743,525,120,1.2,2.0,10.0
0.12,False,0.5,80.80000000000001,0.07261410788381743,525,120,1.2,2.0,10.0
0.12,False,0.75,134.2,0.07261410788381743,525,120,1.2,2.0,10.0
0.12,True,0.25,53.6,0.9273858921161826,6705,120,1.2,2.0,10.0
0.12,True,0.5,87.20000000000002,0.9273858921161826,6705,120,1.2,2.0,10.0
0.12,True,0.75,145.3,0.9273858921161826,6705,120,1.2,2.0,10.0
0.15,False,0.25,49.60000000000001,0.036301369863013695,265,120,1.2,2.0,10.0
0.15,False,0.5,76.69999999999999,0.036301369863013695,265,120,1.2,2.0,10.0
0.15,False,0.75,120.49999999999999,0.036301369863013695,265,120,1.2,2.0,10.0
0.15,True,0.25,49.699999999999996,0.9636986301369863,7035,120,1.2,2.0,10.0
0.15,True,0.5,78.59999999999998,0.9636986301369863,7035,120,1.2,2.0,10.0
0.15,True,0.75,124.59999999999998,0.9636986301369863,7035,120,1.2,2.0,10.0
0.0,False,0.25,74.85,0.5174902831760133,1864,121,1.2,2.0,10.0
0.0,False,0.5,124.44999999999999,0.5174902831760133,1864,121,1.2,2.0,10.0
0.0,False,0.75,213.55000000000004,0.5174902831760133,1864,121,1.2,2.0,10.0
0.0,True,0.25,69.02499999999999,0.4825097168239867,1738,121,1.2,2.0,10.0
0.0,True,0.5,125.25,0.4825097168239867,1738,121,1.2,2.0,10.0
0.0,True,0.75,221.47500000000002,0.4825097168239867,1738,121,1.2,2.0,10.0
0.03,False,0.25,65.5,0.33156941930093303,2381,121,1.2,2.0,10.0
0.03,False,0.5,121.39999999999998,0.33156941930093303,2381,121,1.2,2.0,10.0
0.03,False,0.75,213.90000000000003,0.33156941930093303,2381,121,1.2,2.0,10.0
0.03,True,0.25,69.17500000000001,0.668430580699067,4800,121,1.2,2.0,10.0
0.03,True,0.5,123.99999999999997,0.668430580699067,4800,121,1.2,2.0,10.0
0.03,True,0.75,221.80000000000004,0.668430580699067,4800,121,1.2,2.0,10.0
0.06,False,0.25,67.10000000000001,0.21160027952480784,1514,121,1.2,2.0,10.0
0.06,False,0.5,114.54999999999998,0.21160027952480784,1514,121,1.2,2.0,10.0
0.06,False,0.75,195.0,0.21160027952480784,1514,121,1.2,2.0,10.0
0.06,True,0.25,64.99999999999999,0.7883997204751921,5641,121,1.2,2.0,10.0
0.06,True,0.5,113.80000000000001,0.7883997204751921,5641,121,1.2,2.0,10.0
0.06,True,0.75,195.70000000000002,0.7883997204751921,5641,121,1.2,2.0,10.0
0.09,False,0.25,54.89999999999999,0.12393336042259244,915,121,1.2,2.0,10.0
0.09,False,0.5,94.5,0.12393336042259244,915,121,1.2,2.0,10.0
0.09,False,0.75,164.35,0.12393336042259244,915,121,1.2,2.0,10.0
0.09,True,0.25,60.699999999999996,0.8760666395774076,6468,121,1.2,2.0,10.0
0.09,True,0.5,101.99999999999999,0.8760666395774076,6468,121,1.2,2.0,10.0
0.09,True,0.75,172.5,0.8760666395774076,6468,121,1.2,2.0,10.0
0.12,False,0.25,53.900000000000006,0.06749654218533886,488,121,1.2,2.0,10.0
0.12,False,0.5,86.9,0.06749654218533886,488,121,1.2,2.0,10.0
0.12,False,0.75,141.00000000000003,0.06749654218533886,488,121,1.2,2.0,10.0
0.12,True,0.25,54.325,0.9325034578146612,6742,121,1.2,2.0,10.0
0.12,True,0.5,88.29999999999997,0.9325034578146612,6742,121,1.2,2.0,10.0
0.12,True,0.75,142.925,0.9325034578146612,6742,121,1.2,2.0,10.0
0.15,False,0.25,42.9,0.03767123287671233,275,121,1.2,2.0,10.0
0.15,False,0.5,64.5,0.03767123287671233,275,121,1.2,2.0,10.0
0.15,False,0.75,104.14999999999998,0.03767123287671233,275,121,1.2,2.0,10.0
0.15,True,0.25,49.3,0.9623287671232876,7025,121,1.2,2.0,10.0
0.15,True,0.5,77.69999999999999,0.9623287671232876,7025,121,1.2,2.0,10.0
0.15,True,0.75,120.8,0.9623287671232876,7025,121,1.2,2.0,10.0
0.0,False,0.25,70.89999999999999,0.5034770514603616,1810,123,1.2,2.0,10.0
0.0,False,0.5,124.39999999999999,0.5034770514603616,1810,123,1.2,2.0,10.0
0.0,False,0.75,213.80000000000004,0.5034770514603616,1810,123,1.2,2.0,10.0
0.0,True,0.25,70.3,0.4965229485396384,1785,123,1.2,2.0,10.0
0.0,True,0.5,126.4,0.4965229485396384,1785,123,1.2,2.0,10.0
0.0,True,0.75,219.10000000000002,0.4965229485396384,1785,123,1.2,2.0,10.0
0.03,False,0.25,70.49999999999999,0.3480871265009774,2493,123,1.2,2.0,10.0
0.03,False,0.5,124.19999999999997,0.3480871265009774,2493,123,1.2,2.0,10.0
0.03,False,0.75,211.60000000000002,0.3480871265009774,2493,123,1.2,2.0,10.0
0.03,True,0.25,69.10000000000001,0.6519128734990226,4669,123,1.2,2.0,10.0
0.03,True,0.5,120.39999999999999,0.6519128734990226,4669,123,1.2,2.0,10.0
0.03,True,0.75,211.40000000000003,0.6519128734990226,4669,123,1.2,2.0,10.0
0.06,False,0.25,64.6,0.2195053793488892,1571,123,1.2,2.0,10.0
0.06,False,0.5,115.5,0.2195053793488892,1571,123,1.2,2.0,10.0
0.06,False,0.75,193.39999999999998,0.2195053793488892,1571,123,1.2,2.0,10.0
0.06,True,0.25,65.525,0.7804946206511107,5586,123,1.2,2.0,10.0
0.06,True,0.5,115.05000000000001,0.7804946206511107,5586,123,1.2,2.0,10.0
0.06,True,0.75,195.79999999999998,0.7804946206511107,5586,123,1.2,2.0,10.0
0.09,False,0.25,58.10000000000001,0.12386502236075349,914,123,1.2,2.0,10.0
0.09,False,0.5,102.25,0.12386502236075349,914,123,1.2,2.0,10.0
0.09,False,0.75,171.5,0.12386502236075349,914,123,1.2,2.0,10.0
0.09,True,0.25,59.60000000000001,0.8761349776392465,6465,123,1.2,2.0,10.0
0.09,True,0.5,100.29999999999998,0.8761349776392465,6465,123,1.2,2.0,10.0
0.09,True,0.75,167.40000000000003,0.8761349776392465,6465,123,1.2,2.0,10.0
0.12,False,0.25,52.7,0.06624256672659383,479,123,1.2,2.0,10.0
0.12,False,0.5,87.7,0.06624256672659383,479,123,1.2,2.0,10.0
0.12,False,0.75,147.95,0.06624256672659383,479,123,1.2,2.0,10.0
0.12,True,0.25,55.49999999999999,0.9337574332734062,6752,123,1.2,2.0,10.0
0.12,True,0.5,90.14999999999999,0.9337574332734062,6752,123,1.2,2.0,10.0
0.12,True,0.75,146.50000000000003,0.9337574332734062,6752,123,1.2,2.0,10.0
0.15,False,0.25,48.400000000000006,0.0373972602739726,273,123,1.2,2.0,10.0
0.15,False,0.5,74.39999999999999,0.0373972602739726,273,123,1.2,2.0,10.0
0.15,False,0.75,124.7,0.0373972602739726,273,123,1.2,2.0,10.0
0.15,True,0.25,48.89999999999999,0.9626027397260274,7027,123,1.2,2.0,10.0
0.15,True,0.5,78.3,0.9626027397260274,7027,123,1.2,2.0,10.0
0.15,True,0.75,126.14999999999998,0.9626027397260274,7027,123,1.2,2.0,10.0
0.0,False,0.25,71.92500000000001,0.4810479375696767,1726,127,1.2,2.0,10.0
0.0,False,0.5,130.99999999999997,0.4810479375696767,1726,127,1.2,2.0,10.0
0.0,False,0.75,219.90000000000003,0.4810479375696767,1726,127,1.2,2.0,10.0
0.0,True,0.25,69.625,0.5189520624303233,1862,127,1.2,2.0,10.0
0.0,True,0.5,126.95000000000002,0.5189520624303233,1862,127,1.2,2.0,10.0
0.0,True,0.75,222.82500000000002,0.5189520624303233,1862,127,1.2,2.0,10.0
0.03,False,0.25,65.39999999999999,0.3397990510745186,2435,127,1.2,2.0,10.0
0.03,False,0.5,117.9,0.3397990510745186,2435,127,1.2,2.0,10.0
0.03,False,0.75,207.30000000000004,0.3397990510745186,2435,127,1.2,2.0,10.0
0.03,True,0.25,69.10000000000001,0.6602009489254814,4731,127,1.2,2.0,10.0
0.03,True,0.5,126.89999999999999,0.6602009489254814,4731,127,1.2,2.0,10.0
0.03,True,0.75,220.90000000000003,0.6602009489254814,4731,127,1.2,2.0,10.0
0.06,False,0.25,61.900000000000006,0.20994552311775388,1503,127,1.2,2.0,10.0
0.06,False,0.5,113.00000000000001,0.20994552311775388,1503,127,1.2,2.0,10.0
0.06,False,0.75,193.85,0.20994552311775388,1503,127,1.2,2.0,10.0
0.06,True,0.25,64.375,0.7900544768822462,5656,127,1.2,2.0,10.0
0.06,True,0.5,111.35,0.7900544768822462,5656,127,1.2,2.0,10.0
0.06,True,0.75,194.0,0.7900544768822462,5656,127,1.2,2.0,10.0
0.09,False,0.25,57.60000000000001,0.12530479544838796,925,127,1.2,2.0,10.0
0.09,False,0.5,97.19999999999999,0.12530479544838796,925,127,1.2,2.0,10.0
0.09,False,0.75,164.39999999999998,0.12530479544838796,925,127,1.2,2.0,10.0
0.09,True,0.25,58.89999999999999,0.874695204551612,6457,127,1.2,2.0,10.0
0.09,True,0.5,102.39999999999998,0.874695204551612,6457,127,1.2,2.0,10.0
0.09,True,0.75,174.4,0.874695204551612,6457,127,1.2,2.0,10.0
0.12,False,0.25,54.575,0.06639004149377593,480,127,1.2,2.0,10.0
0.12,False,0.5,86.65,0.06639004149377593,480,127,1.2,2.0,10.0
0.12,False,0.75,141.4,0.06639004149377593,480,127,1.2,2.0,10.0
0.12,True,0.25,53.8,0.9336099585062241,6750,127,1.2,2.0,10.0
0.12,True,0.5,89.39999999999999,0.9336099585062241,6750,127,1.2,2.0,10.0
0.12,True,0.75,142.67499999999998,0.9336099585062241,6750,127,1.2,2.0,10.0
0.15,False,0.25,42.6,0.03356624195095219,245,127,1.2,2.0,10.0
0.15,False,0.5,74.2,0.03356624195095219,245,127,1.2,2.0,10.0
0.15,False,0.75,128.5,0.03356624195095219,245,127,1.2,2.0,10.0
0.15,True,0.25,49.49999999999999,0.9664337580490479,7054,127,1.2,2.0,10.0
0.15,True,0.5,76.49999999999999,0.9664337580490479,7054,127,1.2,2.0,10.0
0.15,True,0.75,123.60000000000001,0.9664337580490479,7054,127,1.2,2.0,10.0
0.0,False,0.25,66.9,0.5015316067947647,1801,134,1.2,2.0,10.0
0.0,False,0.5,121.10000000000001,0.5015316067947647,1801,134,1.2,2.0,10.0
0.0,False,0.75,222.60000000000005,0.5015316067947647,1801,134,1.2,2.0,10.0
0.0,True,0.25,70.39999999999999,0.4984683932052353,1790,134,1.2,2.0,10.0
0.0,True,0.5,127.90000000000002,0.4984683932052353,1790,134,1.2,2.0,10.0
0.0,True,0.75,219.05,0.4984683932052353,1790,134,1.2,2.0,10.0
0.03,False,0.25,66.975,0.34413407821229053,2464,134,1.2,2.0,10.0
0.03,False,0.5,119.05000000000001,0.34413407821229053,2464,134,1.2,2.0,10.0
0.03,False,0.75,206.92500000000004,0.34413407821229053,2464,134,1.2,2.0,10.0
0.03,True,0.25,69.17500000000001,0.6558659217877095,4696,134,1.2,2.0,10.0
0.03,True,0.5,127.55,0.6558659217877095,4696,134,1.2,2.0,10.0
0.03,True,0.75,220.22500000000002,0.6558659217877095,4696,134,1.2,2.0,10.0
0.06,False,0.25,62.75,0.20964360587002095,1500,134,1.2,2.0,10.0
0.06,False,0.5,110.65,0.20964360587002095,1500,134,1.2,2.0,10.0
0.06,False,0.75,183.325,0.20964360587002095,1500,134,1.2,2.0,10.0
0.06,True,0.25,64.39999999999999,0.790356394129979,5655,134,1.2,2.0,10.0
0.06,True,0.5,114.2,0.790356394129979,5655,134,1.2,2.0,10.0
0.06,True,0.75,198.90000000000003,0.790356394129979,5655,134,1.2,2.0,10.0
0.09,False,0.25,60.699999999999996,0.12406880671813626,916,134,1.2,2.0,10.0
0.09,False,0.5,100.10000000000001,0.12406880671813626,916,134,1.2,2.0,10.0
0.09,False,0.75,158.875,0.12406880671813626,916,134,1.2,2.0,10.0
0.09,True,0.25,59.849999999999994,0.8759311932818638,6467,134,1.2,2.0,10.0
0.09,True,0.5,100.8,0.8759311932818638,6467,134,1.2,2.0,10.0
0.09,True,0.75,170.3,0.8759311932818638,6467,134,1.2,2.0,10.0
0.12,False,0.25,51.15,0.06460091298934846,467,134,1.2,2.0,10.0
0.12,False,0.5,83.39999999999999,0.06460091298934846,467,134,1.2,2.0,10.0
0.12,False,0.75,134.64999999999998,0.06460091298934846,467,134,1.2,2.0,10.0
0.12,True,0.25,54.025000000000006,0.9353990870106516,6762,134,1.2,2.0,10.0
0.12,True,0.5,89.7,0.9353990870106516,6762,134,1.2,2.0,10.0
0.12,True,0.75,146.1,0.9353990870106516,6762,134,1.2,2.0,10.0
0.15,False,0.25,48.925,0.03452054794520548,252,134,1.2,2.0,10.0
0.15,False,0.5,74.85000000000001,0.03452054794520548,252,134,1.2,2.0,10.0
0.15,False,0.75,119.70000000000002,0.03452054794520548,252,134,1.2,2.0,10.0
0.15,True,0.25,48.09999999999999,0.9654794520547946,7048,134,1.2,2.0,10.0
0.15,True,0.5,77.49999999999999,0.9654794520547946,7048,134,1.2,2.0,10.0
0.15,True,0.75,123.125,0.9654794520547946,7048,134,1.2,2.0,10.0
0.0,False,0.25,69.65,0.4937413073713491,1775,135,1.2,2.0,10.0
0.0,False,0.5,130.0,0.4937413073713491,1775,135,1.2,2.0,10.0
0.0,False,0.75,225.0,0.4937413073713491,1775,135,1.2,2.0,10.0
0.0,True,0.25,71.67499999999998,0.5062586926286509,1820,135,1.2,2.0,10.0
0.0,True,0.5,129.0,0.5062586926286509,1820,135,1.2,2.0,10.0
0.0,True,0.75,223.40000000000003,0.5062586926286509,1820,135,1.2,2.0,10.0
0.03,False,0.25,68.57499999999999,0.33570333193921653,2408,135,1.2,2.0,10.0
0.03,False,0.5,120.64999999999998,0.33570333193921653,2408,135,1.2,2.0,10.0
0.03,False,0.75,218.40000000000003,0.33570333193921653,2408,135,1.2,2.0,10.0
0.03,True,0.25,71.10000000000001,0.6642966680607835,4765,135,1.2,2.0,10.0
0.03,True,0.5,128.5,0.6642966680607835,4765,135,1.2,2.0,10.0
0.03,True,0.75,219.60000000000002,0.6642966680607835,4765,135,1.2,2.0,10.0
0.06,False,0.25,65.5,0.21346744900810283,1528,135,1.2,2.0,10.0
0.06,False,0.5,116.54999999999998,0.21346744900810283,1528,135,1.2,2.0,10.0
0.06,False,0.75,191.49999999999997,0.21346744900810283,1528,135,1.2,2.0,10.0
0.06,True,0.25,66.39999999999999,0.7865325509918972,5630,135,1.2,2.0,10.0
0.06,True,0.5,114.39999999999999,0.7865325509918972,5630,135,1.2,2.0,10.0
0.06,True,0.75,194.77500000000003,0.7865325509918972,5630,135,1.2,2.0,10.0
0.09,False,0.25,56.900000000000006,0.12296858071505959,908,135,1.2,2.0,10.0
0.09,False,0.5,96.85000000000001,0.12296858071505959,908,135,1.2,2.0,10.0
0.09,False,0.75,154.875,0.12296858071505959,908,135,1.2,2.0,10.0
0.09,True,0.25,60.400000000000006,0.8770314192849404,6476,135,1.2,2.0,10.0
0.09,True,0.5,101.5,0.8770314192849404,6476,135,1.2,2.0,10.0
0.09,True,0.75,170.49999999999997,0.8770314192849404,6476,135,1.2,2.0,10.0
0.12,False,0.25,53.15,0.06626089362290773,479,135,1.2,2.0,10.0
0.12,False,0.5,82.9,0.06626089362290773,479,135,1.2,2.0,10.0
0.12,False,0.75,128.10000000000002,0.06626089362290773,479,135,1.2,2.0,10.0
0.12,True,0.25,54.49999999999999,0.9337391063770922,6750,135,1.2,2.0,10.0
0.12,True,0.5,89.4,0.9337391063770922,6750,135,1.2,2.0,10.0
0.12,True,0.75,146.67499999999998,0.9337391063770922,6750,135,1.2,2.0,10.0
0.15,False,0.25,44.525,0.03863013698630137,282,135,1.2,2.0,10.0
0.15,False,0.5,69.25,0.03863013698630137,282,135,1.2,2.0,10.0
0.15,False,0.75,113.80000000000001,0.03863013698630137,282,135,1.2,2.0,10.0
0.15,True,0.25,48.6,0.9613698630136986,7018,135,1.2,2.0,10.0
0.15,True,0.5,76.69999999999999,0.9613698630136986,7018,135,1.2,2.0,10.0
0.15,True,0.75,123.675,0.9613698630136986,7018,135,1.2,2.0,10.0
0.0,False,0.25,73.025,0.5104369607570276,1834,152,1.2,2.0,10.0
0.0,False,0.5,127.6,0.5104369607570276,1834,152,1.2,2.0,10.0
0.0,False,0.75,224.62500000000003,0.5104369607570276,1834,152,1.2,2.0,10.0
0.0,True,0.25,71.9,0.48956303924297245,1759,152,1.2,2.0,10.0
0.0,True,0.5,129.79999999999998,0.48956303924297245,1759,152,1.2,2.0,10.0
0.0,True,0.75,224.85000000000002,0.48956303924297245,1759,152,1.2,2.0,10.0
0.03,False,0.25,70.2,0.3438459391571309,2464,152,1.2,2.0,10.0
0.03,False,0.5,122.85,0.3438459391571309,2464,152,1.2,2.0,10.0
0.03,False,0.75,206.12500000000003,0.3438459391571309,2464,152,1.2,2.0,10.0
0.03,True,0.25,68.425,0.6561540608428691,4702,152,1.2,2.0,10.0
0.03,True,0.5,122.35,0.6561540608428691,4702,152,1.2,2.0,10.0
0.03,True,0.75,216.07500000000005,0.6561540608428691,4702,152,1.2,2.0,10.0
0.06,False,0.25,62.05000000000001,0.2054756250873027,1471,152,1.2,2.0,10.0
0.06,False,0.5,105.19999999999999,0.2054756250873027,1471,152,1.2,2.0,10.0
0.06,False,0.75,191.25,0.2054756250873027,1471,152,1.2,2.0,10.0
0.06,True,0.25,64.8,0.7945243749126973,5688,152,1.2,2.0,10.0
0.06,True,0.5,114.7,0.7945243749126973,5688,152,1.2,2.0,10.0
0.06,True,0.75,193.85000000000002,0.7945243749126973,5688,152,1.2,2.0,10.0
0.09,False,0.25,55.699999999999996,0.12098631621731473,893,152,1.2,2.0,10.0
0.09,False,0.5,100.0,0.12098631621731473,893,152,1.2,2.0,10.0
0.09,False,0.75,167.2,0.12098631621731473,893,152,1.2,2.0,10.0
0.09,True,0.25,60.20000000000001,0.8790136837826853,6488,152,1.2,2.0,10.0
0.09,True,0.5,100.29999999999998,0.8790136837826853,6488,152,1.2,2.0,10.0
0.09,True,0.75,168.425,0.8790136837826853,6488,152,1.2,2.0,10.0
0.12,False,0.25,53.2,0.06846473029045644,495,152,1.2,2.0,10.0
0.12,False,0.5,84.4,0.06846473029045644,495,152,1.2,2.0,10.0
0.12,False,0.75,145.55,0.06846473029045644,495,152,1.2,2.0,10.0
0.12,True,0.25,55.099999999999994,0.9315352697095436,6735,152,1.2,2.0,10.0
0.12,True,0.5,88.79999999999998,0.9315352697095436,6735,152,1.2,2.0,10.0
0.12,True,0.75,145.3,0.9315352697095436,6735,152,1.2,2.0,10.0
0.15,False,0.25,45.45,0.03,219,152,1.2,2.0,10.0
0.15,False,0.5,69.3,0.03,219,152,1.2,2.0,10.0
0.15,False,0.75,108.3,0.03,219,152,1.2,2.0,10.0
0.15,True,0.25,50.0,0.97,7081,152,1.2,2.0,10.0
0.15,True,0.5,78.49999999999999,0.97,7081,152,1.2,2.0,10.0
0.15,True,0.75,124.30000000000001,0.97,7081,152,1.2,2.0,10.0
0.0,False,0.25,68.5,0.4934631432545202,1774,156,1.2,2.0,10.0
0.0,False,0.5,127.2,0.4934631432545202,1774,156,1.2,2.0,10.0
0.0,False,0.75,221.87500000000003,0.4934631432545202,1774,156,1.2,2.0,10.0
0.0,True,0.25,73.9,0.5065368567454799,1821,156,1.2,2.0,10.0
0.0,True,0.5,134.5,0.5065368567454799,1821,156,1.2,2.0,10.0
0.0,True,0.75,231.40000000000006,0.5065368567454799,1821,156,1.2,2.0,10.0
0.03,False,0.25,66.89999999999999,0.3367261572783045,2415,156,1.2,2.0,10.0
0.03,False,0.5,121.69999999999999,0.3367261572783045,2415,156,1.2,2.0,10.0
0.03,False,0.75,216.70000000000005,0.3367261572783045,2415,156,1.2,2.0,10.0
0.03,True,0.25,72.3,0.6632738427216954,4757,156,1.2,2.0,10.0
0.03,True,0.5,131.10000000000002,0.6632738427216954,4757,156,1.2,2.0,10.0
0.03,True,0.75,219.80000000000004,0.6632738427216954,4757,156,1.2,2.0,10.0
0.06,False,0.25,64.65,0.21223976526477575,1519,156,1.2,2.0,10.0
0.06,False,0.5,109.5,0.21223976526477575,1519,156,1.2,2.0,10.0
0.06,False,0.75,187.8,0.21223976526477575,1519,156,1.2,2.0,10.0
0.06,True,0.25,65.5,0.7877602347352243,5638,156,1.2,2.0,10.0
0.06,True,0.5,115.00000000000001,0.7877602347352243,5638,156,1.2,2.0,10.0
0.06,True,0.75,195.20000000000002,0.7877602347352243,5638,156,1.2,2.0,10.0
0.09,False,0.25,57.05,0.12026002166847237,888,156,1.2,2.0,10.0
0.09,False,0.5,93.39999999999999,0.12026002166847237,888,156,1.2,2.0,10.0
0.09,False,0.75,155.75,0.12026002166847237,888,156,1.2,2.0,10.0
0.09,True,0.25,60.475,0.8797399783315276,6496,156,1.2,2.0,10.0
0.09,True,0.5,102.34999999999998,0.8797399783315276,6496,156,1.2,2.0,10.0
0.09,True,0.75,167.7,0.8797399783315276,6496,156,1.2,2.0,10.0
0.12,False,0.25,50.999999999999986,0.0673582295988935,487,156,1.2,2.0,10.0
0.12,False,0.5,82.80000000000001,0.0673582295988935,487,156,1.2,2.0,10.0
0.12,False,0.75,138.3,0.0673582295988935,487,156,1.2,2.0,10.0
0.12,True,0.25,54.3,0.9326417704011065,6743,156,1.2,2.0,10.0
0.12,True,0.5,89.0,0.9326417704011065,6743,156,1.2,2.0,10.0
0.12,True,0.75,145.79999999999998,0.9326417704011065,6743,156,1.2,2.0,10.0
0.15,False,0.25,46.55,0.03753424657534247,274,156,1.2,2.0,10.0
0.15,False,0.5,77.69999999999999,0.03753424657534247,274,156,1.2,2.0,10.0
0.15,False,0.75,115.55000000000001,0.03753424657534247,274,156,1.2,2.0,10.0
0.15,True,0.25,49.0,0.9624657534246576,7026,156,1.2,2.0,10.0
0.15,True,0.5,77.39999999999998,0.9624657534246576,7026,156,1.2,2.0,10.0
0.15,True,0.75,123.50000000000001,0.9624657534246576,7026,156,1.2,2.0,10.0
0.0,False,0.25,70.6,0.49414715719063546,1773,158,1.2,2.0,10.0
0.0,False,0.5,129.39999999999998,0.49414715719063546,1773,158,1.2,2.0,10.0
0.0,False,0.75,225.00000000000003,0.49414715719063546,1773,158,1.2,2.0,10.0
0.0,True,0.25,71.85,0.5058528428093646,1815,158,1.2,2.0,10.0
0.0,True,0.5,128.4,0.5058528428093646,1815,158,1.2,2.0,10.0
0.0,True,0.75,225.45000000000005,0.5058528428093646,1815,158,1.2,2.0,10.0
0.03,False,0.25,69.9,0.33472920156337244,2398,158,1.2,2.0,10.0
0.03,False,0.5,126.4,0.33472920156337244,2398,158,1.2,2.0,10.0
0.03,False,0.75,218.37500000000006,0.33472920156337244,2398,158,1.2,2.0,10.0
0.03,True,0.25,68.6,0.6652707984366276,4766,158,1.2,2.0,10.0
0.03,True,0.5,124.7,0.6652707984366276,4766,158,1.2,2.0,10.0
0.03,True,0.75,217.175,0.6652707984366276,4766,158,1.2,2.0,10.0
0.06,False,0.25,64.39999999999999,0.21232876712328766,1519,158,1.2,2.0,10.0
0.06,False,0.5,115.00000000000001,0.21232876712328766,1519,158,1.2,2.0,10.0
0.06,False,0.75,195.55,0.21232876712328766,1519,158,1.2,2.0,10.0
0.06,True,0.25,65.39999999999999,0.7876712328767124,5635,158,1.2,2.0,10.0
0.06,True,0.5,112.60000000000001,0.7876712328767124,5635,158,1.2,2.0,10.0
0.06,True,0.75,193.05,0.7876712328767124,5635,158,1.2,2.0,10.0
0.09,False,0.25,55.825,0.11838006230529595,874,158,1.2,2.0,10.0
0.09,False,0.5,93.8,0.11838006230529595,874,158,1.2,2.0,10.0
0.09,False,0.75,165.1,0.11838006230529595,874,158,1.2,2.0,10.0
0.09,True,0.25,60.9,0.881619937694704,6509,158,1.2,2.0,10.0
0.09,True,0.5,102.69999999999999,0.881619937694704,6509,158,1.2,2.0,10.0
0.09,True,0.75,172.8,0.881619937694704,6509,158,1.2,2.0,10.0
0.12,False,0.25,55.75,0.0669432918395574,484,158,1.2,2.0,10.0
0.12,False,0.5,84.5,0.0669432918395574,484,158,1.2,2.0,10.0
0.12,False,0.75,132.55,0.0669432918395574,484,158,1.2,2.0,10.0
0.12,True,0.25,54.69999999999999,0.9330567081604426,6746,158,1.2,2.0,10.0
0.12,True,0.5,89.09999999999998,0.9330567081604426,6746,158,1.2,2.0,10.0
0.12,True,0.75,146.67499999999998,0.9330567081604426,6746,158,1.2,2.0,10.0
0.15,False,0.25,47.150000000000006,0.03287671232876712,240,158,1.2,2.0,10.0
0.15,False,0.5,73.69999999999999,0.03287671232876712,240,158,1.2,2.0,10.0
0.15,False,0.75,127.25000000000001,0.03287671232876712,240,158,1.2,2.0,10.0
0.15,True,0.25,48.699999999999996,0.9671232876712329,7060,158,1.2,2.0,10.0
0.15,True,0.5,77.1,0.9671232876712329,7060,158,1.2,2.0,10.0
0.15,True,0.75,123.2,0.9671232876712329,7060,158,1.2,2.0,10.0
0.0,False,0.25,69.10000000000001,0.49846753970465313,1789,163,1.2,2.0,10.0
0.0,False,0.5,123.79999999999998,0.49846753970465313,1789,163,1.2,2.0,10.0
0.0,False,0.75,222.9,0.49846753970465313,1789,163,1.2,2.0,10.0
0.0,True,0.25,70.25,0.5015324602953469,1800,163,1.2,2.0,10.0
0.0,True,0.5,127.3,0.5015324602953469,1800,163,1.2,2.0,10.0
0.0,True,0.75,222.17500000000004,0.5015324602953469,1800,163,1.2,2.0,10.0
0.03,False,0.25,70.39999999999999,0.33510118632240055,2401,163,1.2,2.0,10.0
0.03,False,0.5,126.89999999999999,0.33510118632240055,2401,163,1.2,2.0,10.0
0.03,False,0.75,221.40000000000003,0.33510118632240055,2401,163,1.2,2.0,10.0
0.03,True,0.25,71.0,0.6648988136775994,4764,163,1.2,2.0,10.0
0.03,True,0.5,128.05,0.6648988136775994,4764,163,1.2,2.0,10.0
0.03,True,0.75,224.525,0.6648988136775994,4764,163,1.2,2.0,10.0
0.06,False,0.25,66.675,0.20737842370039128,1484,163,1.2,2.0,10.0
0.06,False,0.5,113.69999999999999,0.20737842370039128,1484,163,1.2,2.0,10.0
0.06,False,0.75,197.6,0.20737842370039128,1484,163,1.2,2.0,10.0
0.06,True,0.25,64.9,0.7926215762996087,5672,163,1.2,2.0,10.0
0.06,True,0.5,115.35,0.7926215762996087,5672,163,1.2,2.0,10.0
0.06,True,0.75,199.49999999999997,0.7926215762996087,5672,163,1.2,2.0,10.0
0.09,False,0.25,57.89999999999999,0.11993495053530288,885,163,1.2,2.0,10.0
0.09,False,0.5,97.89999999999999,0.11993495053530288,885,163,1.2,2.0,10.0
0.09,False,0.75,165.9,0.11993495053530288,885,163,1.2,2.0,10.0
0.09,True,0.25,61.40000000000001,0.8800650494646971,6494,163,1.2,2.0,10.0
0.09,True,0.5,103.19999999999999,0.8800650494646971,6494,163,1.2,2.0,10.0
0.09,True,0.75,172.95,0.8800650494646971,6494,163,1.2,2.0,10.0
0.12,False,0.25,53.64999999999999,0.06417704011065006,464,163,1.2,2.0,10.0
0.12,False,0.5,87.25,0.06417704011065006,464,163,1.2,2.0,10.0
0.12,False,0.75,141.52500000000003,0.06417704011065006,464,163,1.2,2.0,10.0
0.12,True,0.25,55.400000000000006,0.9358229598893499,6766,163,1.2,2.0,10.0
0.12,True,0.5,89.59999999999998,0.9358229598893499,6766,163,1.2,2.0,10.0
0.12,True,0.75,146.39999999999998,0.9358229598893499,6766,163,1.2,2.0,10.0
0.15,False,0.25,46.900000000000006,0.03821917808219178,279,163,1.2,2.0,10.0
0.15,False,0.5,81.2,0.03821917808219178,279,163,1.2,2.0,10.0
0.15,False,0.75,123.94999999999999,0.03821917808219178,279,163,1.2,2.0,10.0
0.15,True,0.25,49.0,0.9617808219178082,7021,163,1.2,2.0,10.0
0.15,True,0.5,76.0,0.9617808219178082,7021,163,1.2,2.0,10.0
0.15,True,0.75,123.10000000000001,0.9617808219178082,7021,163,1.2,2.0,10.0
0.0,False,0.25,71.77499999999999,0.4949944382647386,1780,164,1.2,2.0,10.0
0.0,False,0.5,128.5,0.4949944382647386,1780,164,1.2,2.0,10.0
0.0,False,0.75,222.12500000000006,0.4949944382647386,1780,164,1.2,2.0,10.0
0.0,True,0.25,69.99999999999999,0.5050055617352615,1816,164,1.2,2.0,10.0
0.0,True,0.5,128.05,0.5050055617352615,1816,164,1.2,2.0,10.0
0.0,True,0.75,234.02500000000003,0.5050055617352615,1816,164,1.2,2.0,10.0
0.03,False,0.25,66.29999999999998,0.35349162011173185,2531,164,1.2,2.0,10.0
0.03,False,0.5,122.09999999999998,0.35349162011173185,2531,164,1.2,2.0,10.0
0.03,False,0.75,211.45000000000005,0.35349162011173185,2531,164,1.2,2.0,10.0
0.03,True,0.25,67.10000000000001,0.6465083798882681,4629,164,1.2,2.0,10.0
0.03,True,0.5,123.9,0.6465083798882681,4629,164,1.2,2.0,10.0
0.03,True,0.75,214.50000000000006,0.6465083798882681,4629,164,1.2,2.0,10.0
0.06,False,0.25,61.17500000000001,0.21623131722307584,1548,164,1.2,2.0,10.0
0.06,False,0.5,109.5,0.21623131722307584,1548,164,1.2,2.0,10.0
0.06,False,0.75,191.05,0.21623131722307584,1548,164,1.2,2.0,10.0
0.06,True,0.25,65.55,0.7837686827769241,5611,164,1.2,2.0,10.0
0.06,True,0.5,114.60000000000001,0.7837686827769241,5611,164,1.2,2.0,10.0
0.06,True,0.75,198.04999999999998,0.7837686827769241,5611,164,1.2,2.0,10.0
0.09,False,0.25,57.00000000000001,0.12484766418415708,922,164,1.2,2.0,10.0
0.09,False,0.5,94.19999999999999,0.12484766418415708,922,164,1.2,2.0,10.0
0.09,False,0.75,155.97499999999997,0.12484766418415708,922,164,1.2,2.0,10.0
0.09,True,0.25,60.75,0.875152335815843,6463,164,1.2,2.0,10.0
0.09,True,0.5,102.2,0.875152335815843,6463,164,1.2,2.0,10.0
0.09,True,0.75,169.6,0.875152335815843,6463,164,1.2,2.0,10.0
0.12,False,0.25,49.39999999999999,0.06737686773657997,487,164,1.2,2.0,10.0
0.12,False,0.5,85.7,0.06737686773657997,487,164,1.2,2.0,10.0
0.12,False,0.75,135.7,0.06737686773657997,487,164,1.2,2.0,10.0
0.12,True,0.25,52.8,0.9326231322634201,6741,164,1.2,2.0,10.0
0.12,True,0.5,84.9,0.9326231322634201,6741,164,1.2,2.0,10.0
0.12,True,0.75,142.9,0.9326231322634201,6741,164,1.2,2.0,10.0
0.15,False,0.25,44.2,0.036575342465753426,267,164,1.2,2.0,10.0
0.15,False,0.5,72.3,0.036575342465753426,267,164,1.2,2.0,10.0
0.15,False,0.75,109.45,0.036575342465753426,267,164,1.2,2.0,10.0
0.15,True,0.25,49.3,0.9634246575342466,7033,164,1.2,2.0,10.0
0.15,True,0.5,79.2,0.9634246575342466,7033,164,1.2,2.0,10.0
0.15,True,0.75,124.19999999999997,0.9634246575342466,7033,164,1.2,2.0,10.0
0.0,False,0.25,65.57499999999999,0.4837364470391993,1740,165,1.2,2.0,10.0
0.0,False,0.5,122.09999999999998,0.4837364470391993,1740,165,1.2,2.0,10.0
0.0,False,0.75,215.15000000000003,0.4837364470391993,1740,165,1.2,2.0,10.0
0.0,True,0.25,71.29999999999998,0.5162635529608006,1857,165,1.2,2.0,10.0
0.0,True,0.5,128.5,0.5162635529608006,1857,165,1.2,2.0,10.0
0.0,True,0.75,223.90000000000003,0.5162635529608006,1857,165,1.2,2.0,10.0
0.03,False,0.25,69.9,0.3511290772233064,2519,165,1.2,2.0,10.0
0.03,False,0.5,117.80000000000001,0.3511290772233064,2519,165,1.2,2.0,10.0
0.03,False,0.75,206.45000000000002,0.3511290772233064,2519,165,1.2,2.0,10.0
0.03,True,0.25,72.04999999999998,0.6488709227766937,4655,165,1.2,2.0,10.0
0.03,True,0.5,125.10000000000002,0.6488709227766937,4655,165,1.2,2.0,10.0
0.03,True,0.75,212.3,0.6488709227766937,4655,165,1.2,2.0,10.0
0.06,False,0.25,63.224999999999994,0.21433561548134694,1534,165,1.2,2.0,10.0
0.06,False,0.5,107.69999999999999,0.21433561548134694,1534,165,1.2,2.0,10.0
0.06,False,0.75,192.27499999999998,0.21433561548134694,1534,165,1.2,2.0,10.0
0.06,True,0.25,65.85,0.7856643845186531,5623,165,1.2,2.0,10.0
0.06,True,0.5,113.29999999999998,0.7856643845186531,5623,165,1.2,2.0,10.0
0.06,True,0.75,196.95,0.7856643845186531,5623,165,1.2,2.0,10.0
0.09,False,0.25,56.35000000000001,0.12244345117161046,904,165,1.2,2.0,10.0
0.09,False,0.5,95.0,0.12244345117161046,904,165,1.2,2.0,10.0
0.09,False,0.75,162.54999999999998,0.12244345117161046,904,165,1.2,2.0,10.0
0.09,True,0.25,59.5,0.8775565488283895,6479,165,1.2,2.0,10.0
0.09,True,0.5,100.2,0.8775565488283895,6479,165,1.2,2.0,10.0
0.09,True,0.75,169.6,0.8775565488283895,6479,165,1.2,2.0,10.0
0.12,False,0.25,50.77499999999999,0.06804038168994607,492,165,1.2,2.0,10.0
0.12,False,0.5,84.1,0.06804038168994607,492,165,1.2,2.0,10.0
0.12,False,0.75,134.52499999999998,0.06804038168994607,492,165,1.2,2.0,10.0
0.12,True,0.25,54.69999999999999,0.9319596183100539,6739,165,1.2,2.0,10.0
0.12,True,0.5,89.49999999999999,0.9319596183100539,6739,165,1.2,2.0,10.0
0.12,True,0.75,147.95,0.9319596183100539,6739,165,1.2,2.0,10.0
0.15,False,0.25,45.650000000000006,0.03493150684931507,255,165,1.2,2.0,10.0
0.15,False,0.5,70.8,0.03493150684931507,255,165,1.2,2.0,10.0
0.15,False,0.75,120.1,0.03493150684931507,255,165,1.2,2.0,10.0
0.15,True,0.25,49.0,0.9650684931506849,7045,165,1.2,2.0,10.0
0.15,True,0.5,78.0,0.9650684931506849,7045,165,1.2,2.0,10.0
0.15,True,0.75,125.2,0.9650684931506849,7045,165,1.2,2.0,10.0
0.0,False,0.25,69.70000000000002,0.5195996663886572,1869,166,1.2,2.0,10.0
0.0,False,0.5,127.79999999999997,0.5195996663886572,1869,166,1.2,2.0,10.0
0.0,False,0.75,223.20000000000002,0.5195996663886572,1869,166,1.2,2.0,10.0
0.0,True,0.25,70.725,0.48040033361134277,1728,166,1.2,2.0,10.0
0.0,True,0.5,132.2,0.48040033361134277,1728,166,1.2,2.0,10.0
0.0,True,0.75,234.07500000000005,0.48040033361134277,1728,166,1.2,2.0,10.0
0.03,False,0.25,69.3,0.34394193188163036,2464,166,1.2,2.0,10.0
0.03,False,0.5,126.35000000000002,0.34394193188163036,2464,166,1.2,2.0,10.0
0.03,False,0.75,230.20000000000005,0.34394193188163036,2464,166,1.2,2.0,10.0
0.03,True,0.25,70.2,0.6560580681183696,4700,166,1.2,2.0,10.0
0.03,True,0.5,124.0,0.6560580681183696,4700,166,1.2,2.0,10.0
0.03,True,0.75,212.4,0.6560580681183696,4700,166,1.2,2.0,10.0
0.06,False,0.25,63.14999999999999,0.2084089956697863,1492,166,1.2,2.0,10.0
0.06,False,0.5,110.69999999999999,0.2084089956697863,1492,166,1.2,2.0,10.0
0.06,False,0.75,193.375,0.2084089956697863,1492,166,1.2,2.0,10.0
0.06,True,0.25,66.44999999999999,0.7915910043302137,5667,166,1.2,2.0,10.0
0.06,True,0.5,117.69999999999999,0.7915910043302137,5667,166,1.2,2.0,10.0
0.06,True,0.75,199.8,0.7915910043302137,5667,166,1.2,2.0,10.0
0.09,False,0.25,58.60000000000001,0.1198862096992685,885,166,1.2,2.0,10.0
0.09,False,0.5,100.6,0.1198862096992685,885,166,1.2,2.0,10.0
0.09,False,0.75,169.99999999999997,0.1198862096992685,885,166,1.2,2.0,10.0
0.09,True,0.25,60.1,0.8801137903007316,6497,166,1.2,2.0,10.0
0.09,True,0.5,102.39999999999998,0.8801137903007316,6497,166,1.2,2.0,10.0
0.09,True,0.75,172.8,0.8801137903007316,6497,166,1.2,2.0,10.0
0.12,False,0.25,49.949999999999996,0.06790208823122666,491,166,1.2,2.0,10.0
0.12,False,0.5,80.3,0.06790208823122666,491,166,1.2,2.0,10.0
0.12,False,0.75,134.45,0.06790208823122666,491,166,1.2,2.0,10.0
0.12,True,0.25,53.400000000000006,0.9320979117687733,6740,166,1.2,2.0,10.0
0.12,True,0.5,88.29999999999997,0.9320979117687733,6740,166,1.2,2.0,10.0
0.12,True,0.75,145.92499999999998,0.9320979117687733,6740,166,1.2,2.0,10.0
0.15,False,0.25,47.39999999999999,0.03712328767123288,271,166,1.2,2.0,10.0
0.15,False,0.5,76.59999999999998,0.03712328767123288,271,166,1.2,2.0,10.0
0.15,False,0.75,134.75,0.03712328767123288,271,166,1.2,2.0,10.0
0.15,True,0.25,49.60000000000001,0.9628767123287671,7029,166,1.2,2.0,10.0
0.15,True,0.5,77.69999999999999,0.9628767123287671,7029,166,1.2,2.0,10.0
0.15,True,0.75,124.59999999999998,0.9628767123287671,7029,166,1.2,2.0,10.0
0.0,False,0.25,68.6,0.5016713091922006,1801,171,1.2,2.0,10.0
0.0,False,0.5,126.89999999999999,0.5016713091922006,1801,171,1.2,2.0,10.0
0.0,False,0.75,215.90000000000003,0.5016713091922006,1801,171,1.2,2.0,10.0
0.0,True,0.25,71.2,0.49832869080779946,1789,171,1.2,2.0,10.0
0.0,True,0.5,129.5,0.49832869080779946,1789,171,1.2,2.0,10.0
0.0,True,0.75,227.10000000000002,0.49832869080779946,1789,171,1.2,2.0,10.0
0.03,False,0.25,66.27499999999999,0.3403068340306834,2440,171,1.2,2.0,10.0
0.03,False,0.5,116.15,0.3403068340306834,2440,171,1.2,2.0,10.0
0.03,False,0.75,204.425,0.3403068340306834,2440,171,1.2,2.0,10.0
0.03,True,0.25,70.89999999999999,0.6596931659693166,4730,171,1.2,2.0,10.0
0.03,True,0.5,124.94999999999997,0.6596931659693166,4730,171,1.2,2.0,10.0
0.03,True,0.75,213.37500000000003,0.6596931659693166,4730,171,1.2,2.0,10.0
0.06,False,0.25,65.3,0.21368715083798884,1530,171,1.2,2.0,10.0
0.06,False,0.5,114.85000000000001,0.21368715083798884,1530,171,1.2,2.0,10.0
0.06,False,0.75,191.65,0.21368715083798884,1530,171,1.2,2.0,10.0
0.06,True,0.25,65.99999999999999,0.7863128491620112,5630,171,1.2,2.0,10.0
0.06,True,0.5,115.29999999999998,0.7863128491620112,5630,171,1.2,2.0,10.0
0.06,True,0.75,196.75000000000003,0.7863128491620112,5630,171,1.2,2.0,10.0
0.09,False,0.25,57.75,0.12173324306025728,899,171,1.2,2.0,10.0
0.09,False,0.5,99.89999999999999,0.12173324306025728,899,171,1.2,2.0,10.0
0.09,False,0.75,162.8,0.12173324306025728,899,171,1.2,2.0,10.0
0.09,True,0.25,61.60000000000001,0.8782667569397428,6486,171,1.2,2.0,10.0
0.09,True,0.5,102.89999999999999,0.8782667569397428,6486,171,1.2,2.0,10.0
0.09,True,0.75,171.575,0.8782667569397428,6486,171,1.2,2.0,10.0
0.12,False,0.25,54.6,0.07206085753803596,521,171,1.2,2.0,10.0
0.12,False,0.5,84.3,0.07206085753803596,521,171,1.2,2.0,10.0
0.12,False,0.75,145.99999999999997,0.07206085753803596,521,171,1.2,2.0,10.0
0.12,True,0.25,53.400000000000006,0.9279391424619641,6709,171,1.2,2.0,10.0
0.12,True,0.5,88.39999999999999,0.9279391424619641,6709,171,1.2,2.0,10.0
0.12,True,0.75,144.50000000000003,0.9279391424619641,6709,171,1.2,2.0,10.0
0.15,False,0.25,42.7,0.03397260273972603,248,171,1.2,2.0,10.0
0.15,False,0.5,65.6,0.03397260273972603,248,171,1.2,2.0,10.0
0.15,False,0.75,123.30000000000001,0.03397260273972603,248,171,1.2,2.0,10.0
0.15,True,0.25,49.20000000000001,0.966027397260274,7052,171,1.2,2.0,10.0
0.15,True,0.5,76.39999999999999,0.966027397260274,7052,171,1.2,2.0,10.0
0.15,True,0.75,122.39999999999999,0.966027397260274,7052,171,1.2,2.0,10.0
0.0,False,0.25,70.39999999999999,0.4993045897079277,1795,179,1.2,2.0,10.0
0.0,False,0.5,127.79999999999997,0.4993045897079277,1795,179,1.2,2.0,10.0
0.0,False,0.75,218.50000000000003,0.4993045897079277,1795,179,1.2,2.0,10.0
0.0,True,0.25,72.39999999999999,0.5006954102920723,1800,179,1.2,2.0,10.0
0.0,True,0.5,128.8,0.5006954102920723,1800,179,1.2,2.0,10.0
0.0,True,0.75,222.87500000000003,0.5006954102920723,1800,179,1.2,2.0,10.0
0.03,False,0.25,67.70000000000002,0.34384153996373273,2465,179,1.2,2.0,10.0
0.03,False,0.5,125.5,0.34384153996373273,2465,179,1.2,2.0,10.0
0.03,False,0.75,217.80000000000004,0.34384153996373273,2465,179,1.2,2.0,10.0
0.03,True,0.25,70.07499999999999,0.6561584600362672,4704,179,1.2,2.0,10.0
0.03,True,0.5,128.0,0.6561584600362672,4704,179,1.2,2.0,10.0
0.03,True,0.75,216.60000000000005,0.6561584600362672,4704,179,1.2,2.0,10.0
0.06,False,0.25,63.64999999999999,0.21112197848260444,1511,179,1.2,2.0,10.0
0.06,False,0.5,113.69999999999999,0.21112197848260444,1511,179,1.2,2.0,10.0
0.06,False,0.75,197.05,0.21112197848260444,1511,179,1.2,2.0,10.0
0.06,True,0.25,66.39999999999999,0.7888780215173956,5646,179,1.2,2.0,10.0
0.06,True,0.5,115.00000000000001,0.7888780215173956,5646,179,1.2,2.0,10.0
0.06,True,0.75,196.0,0.7888780215173956,5646,179,1.2,2.0,10.0
0.09,False,0.25,54.099999999999994,0.11968589222854048,884,179,1.2,2.0,10.0
0.09,False,0.5,89.94999999999999,0.11968589222854048,884,179,1.2,2.0,10.0
0.09,False,0.75,158.12500000000003,0.11968589222854048,884,179,1.2,2.0,10.0
0.09,True,0.25,60.325,0.8803141077714595,6502,179,1.2,2.0,10.0
0.09,True,0.5,101.89999999999999,0.8803141077714595,6502,179,1.2,2.0,10.0
0.09,True,0.75,173.7,0.8803141077714595,6502,179,1.2,2.0,10.0
0.12,False,0.25,54.95,0.06679574056147145,483,179,1.2,2.0,10.0
0.12,False,0.5,88.29999999999997,0.06679574056147145,483,179,1.2,2.0,10.0
0.12,False,0.75,143.35,0.06679574056147145,483,179,1.2,2.0,10.0
0.12,True,0.25,53.8,0.9332042594385286,6748,179,1.2,2.0,10.0
0.12,True,0.5,88.59999999999998,0.9332042594385286,6748,179,1.2,2.0,10.0
0.12,True,0.75,146.1,0.9332042594385286,6748,179,1.2,2.0,10.0
0.15,False,0.25,49.724999999999994,0.033698630136986304,246,179,1.2,2.0,10.0
0.15,False,0.5,75.3,0.033698630136986304,246,179,1.2,2.0,10.0
0.15,False,0.75,129.475,0.033698630136986304,246,179,1.2,2.0,10.0
0.15,True,0.25,49.0,0.9663013698630137,7054,179,1.2,2.0,10.0
0.15,True,0.5,76.75,0.9663013698630137,7054,179,1.2,2.0,10.0
0.15,True,0.75,123.69999999999999,0.9663013698630137,7054,179,1.2,2.0,10.0
0.0,False,0.25,70.89999999999999,0.5001388503193558,1801,180,1.2,2.0,10.0
0.0,False,0.5,128.70000000000002,0.5001388503193558,1801,180,1.2,2.0,10.0
0.0,False,0.75,224.10000000000002,0.5001388503193558,1801,180,1.2,2.0,10.0
0.0,True,0.25,72.275,0.49986114968064427,1800,180,1.2,2.0,10.0
0.0,True,0.5,127.64999999999998,0.49986114968064427,1800,180,1.2,2.0,10.0
0.0,True,0.75,221.92500000000004,0.49986114968064427,1800,180,1.2,2.0,10.0
0.03,False,0.25,67.85,0.33616843279419967,2411,180,1.2,2.0,10.0
0.03,False,0.5,119.10000000000001,0.33616843279419967,2411,180,1.2,2.0,10.0
0.03,False,0.75,209.80000000000004,0.33616843279419967,2411,180,1.2,2.0,10.0
0.03,True,0.25,70.49999999999999,0.6638315672058004,4761,180,1.2,2.0,10.0
0.03,True,0.5,125.5,0.6638315672058004,4761,180,1.2,2.0,10.0
0.03,True,0.75,216.8,0.6638315672058004,4761,180,1.2,2.0,10.0
0.06,False,0.25,63.37499999999999,0.21201117318435755,1518,180,1.2,2.0,10.0
0.06,False,0.5,113.09999999999998,0.21201117318435755,1518,180,1.2,2.0,10.0
0.06,False,0.75,193.64999999999998,0.21201117318435755,1518,180,1.2,2.0,10.0
0.06,True,0.25,65.9,0.7879888268156424,5642,180,1.2,2.0,10.0
0.06,True,0.5,115.9,0.7879888268156424,5642,180,1.2,2.0,10.0
0.06,True,0.75,195.57500000000002,0.7879888268156424,5642,180,1.2,2.0,10.0
0.09,False,0.25,57.325,0.11895407126405635,878,180,1.2,2.0,10.0
0.09,False,0.5,94.6,0.11895407126405635,878,180,1.2,2.0,10.0
0.09,False,0.75,168.07499999999996,0.11895407126405635,878,180,1.2,2.0,10.0
0.09,True,0.25,60.20000000000001,0.8810459287359437,6503,180,1.2,2.0,10.0
0.09,True,0.5,102.2,0.8810459287359437,6503,180,1.2,2.0,10.0
0.09,True,0.75,169.7,0.8810459287359437,6503,180,1.2,2.0,10.0
0.12,False,0.25,51.9,0.07164591977869986,518,180,1.2,2.0,10.0
0.12,False,0.5,83.3,0.07164591977869986,518,180,1.2,2.0,10.0
0.12,False,0.75,138.5,0.07164591977869986,518,180,1.2,2.0,10.0
0.12,True,0.25,55.099999999999994,0.9283540802213002,6712,180,1.2,2.0,10.0
0.12,True,0.5,89.19999999999999,0.9283540802213002,6712,180,1.2,2.0,10.0
0.12,True,0.75,146.02499999999998,0.9283540802213002,6712,180,1.2,2.0,10.0
0.15,False,0.25,47.24999999999999,0.03890410958904109,284,180,1.2,2.0,10.0
0.15,False,0.5,75.2,0.03890410958904109,284,180,1.2,2.0,10.0
0.15,False,0.75,129.22500000000002,0.03890410958904109,284,180,1.2,2.0,10.0
0.15,True,0.25,49.89999999999999,0.9610958904109589,7016,180,1.2,2.0,10.0
0.15,True,0.5,80.0,0.9610958904109589,7016,180,1.2,2.0,10.0
0.15,True,0.75,127.2,0.9610958904109589,7016,180,1.2,2.0,10.0
0.0,False,0.25,72.09999999999998,0.4856665738936822,1745,181,1.2,2.0,10.0
0.0,False,0.5,130.4,0.4856665738936822,1745,181,1.2,2.0,10.0
0.0,False,0.75,220.10000000000005,0.4856665738936822,1745,181,1.2,2.0,10.0
0.0,True,0.25,73.47500000000001,0.5143334261063178,1848,181,1.2,2.0,10.0
0.0,True,0.5,128.95,0.5143334261063178,1848,181,1.2,2.0,10.0
0.0,True,0.75,227.40000000000003,0.5143334261063178,1848,181,1.2,2.0,10.0
0.03,False,0.25,65.6,0.3409694091353541,2441,181,1.2,2.0,10.0
0.03,False,0.5,119.2,0.3409694091353541,2441,181,1.2,2.0,10.0
0.03,False,0.75,210.70000000000002,0.3409694091353541,2441,181,1.2,2.0,10.0
0.03,True,0.25,68.72500000000001,0.6590305908646459,4718,181,1.2,2.0,10.0
0.03,True,0.5,123.10000000000001,0.6590305908646459,4718,181,1.2,2.0,10.0
0.03,True,0.75,218.90000000000003,0.6590305908646459,4718,181,1.2,2.0,10.0
0.06,False,0.25,65.02499999999999,0.20968867792824236,1502,181,1.2,2.0,10.0
0.06,False,0.5,115.25,0.20968867792824236,1502,181,1.2,2.0,10.0
0.06,False,0.75,200.32500000000002,0.20968867792824236,1502,181,1.2,2.0,10.0
0.06,True,0.25,63.8,0.7903113220717577,5661,181,1.2,2.0,10.0
0.06,True,0.5,113.99999999999999,0.7903113220717577,5661,181,1.2,2.0,10.0
0.06,True,0.75,196.2,0.7903113220717577,5661,181,1.2,2.0,10.0
0.09,False,0.25,58.25,0.12012459371614301,887,181,1.2,2.0,10.0
0.09,False,0.5,100.4,0.12012459371614301,887,181,1.2,2.0,10.0
0.09,False,0.75,178.8,0.12012459371614301,887,181,1.2,2.0,10.0
0.09,True,0.25,59.5,0.879875406283857,6497,181,1.2,2.0,10.0
0.09,True,0.5,101.19999999999999,0.879875406283857,6497,181,1.2,2.0,10.0
0.09,True,0.75,173.6,0.879875406283857,6497,181,1.2,2.0,10.0
0.12,False,0.25,48.475,0.06555109943299682,474,181,1.2,2.0,10.0
0.12,False,0.5,79.65,0.06555109943299682,474,181,1.2,2.0,10.0
0.12,False,0.75,133.37499999999997,0.06555109943299682,474,181,1.2,2.0,10.0
0.12,True,0.25,55.3,0.9344489005670031,6757,181,1.2,2.0,10.0
0.12,True,0.5,91.19999999999999,0.9344489005670031,6757,181,1.2,2.0,10.0
0.12,True,0.75,147.0,0.9344489005670031,6757,181,1.2,2.0,10.0
0.15,False,0.25,48.65,0.03712328767123288,271,181,1.2,2.0,10.0
0.15,False,0.5,75.0,0.03712328767123288,271,181,1.2,2.0,10.0
0.15,False,0.75,121.39999999999999,0.03712328767123288,271,181,1.2,2.0,10.0
0.15,True,0.25,49.400000000000006,0.9628767123287671,7029,181,1.2,2.0,10.0
0.15,True,0.5,77.60000000000001,0.9628767123287671,7029,181,1.2,2.0,10.0
0.15,True,0.75,122.7,0.9628767123287671,7029,181,1.2,2.0,10.0
0.0,False,0.25,73.95,0.49665551839464883,1782,190,1.2,2.0,10.0
0.0,False,0.5,129.9,0.49665551839464883,1782,190,1.2,2.0,10.0
0.0,False,0.75,230.87500000000003,0.49665551839464883,1782,190,1.2,2.0,10.0
0.0,True,0.25,73.0,0.5033444816053512,1806,190,1.2,2.0,10.0
0.0,True,0.5,126.25,0.5033444816053512,1806,190,1.2,2.0,10.0
0.0,True,0.75,220.70000000000002,0.5033444816053512,1806,190,1.2,2.0,10.0
0.03,False,0.25,67.99999999999999,0.34718928720881576,2489,190,1.2,2.0,10.0
0.03,False,0.5,120.8,0.34718928720881576,2489,190,1.2,2.0,10.0
0.03,False,0.75,212.3,0.34718928720881576,2489,190,1.2,2.0,10.0
0.03,True,0.25,68.2,0.6528107127911843,4680,190,1.2,2.0,10.0
0.03,True,0.5,125.15,0.6528107127911843,4680,190,1.2,2.0,10.0
0.03,True,0.75,215.00000000000003,0.6528107127911843,4680,190,1.2,2.0,10.0
0.06,False,0.25,65.6,0.21245984075988267,1521,190,1.2,2.0,10.0
0.06,False,0.5,114.3,0.21245984075988267,1521,190,1.2,2.0,10.0
0.06,False,0.75,192.9,0.21245984075988267,1521,190,1.2,2.0,10.0
0.06,True,0.25,65.10000000000001,0.7875401592401173,5638,190,1.2,2.0,10.0
0.06,True,0.5,114.39999999999999,0.7875401592401173,5638,190,1.2,2.0,10.0
0.06,True,0.75,196.975,0.7875401592401173,5638,190,1.2,2.0,10.0
0.09,False,0.25,56.55,0.12229144095341278,903,190,1.2,2.0,10.0
0.09,False,0.5,99.49999999999999,0.12229144095341278,903,190,1.2,2.0,10.0
0.09,False,0.75,172.3,0.12229144095341278,903,190,1.2,2.0,10.0
0.09,True,0.25,58.89999999999999,0.8777085590465872,6481,190,1.2,2.0,10.0
0.09,True,0.5,101.0,0.8777085590465872,6481,190,1.2,2.0,10.0
0.09,True,0.75,170.09999999999997,0.8777085590465872,6481,190,1.2,2.0,10.0
0.12,False,0.25,51.15,0.06957123098201937,503,190,1.2,2.0,10.0
0.12,False,0.5,82.59999999999998,0.06957123098201937,503,190,1.2,2.0,10.0
0.12,False,0.75,135.79999999999998,0.06957123098201937,503,190,1.2,2.0,10.0
0.12,True,0.25,53.8,0.9304287690179807,6727,190,1.2,2.0,10.0
0.12,True,0.5,89.49999999999999,0.9304287690179807,6727,190,1.2,2.0,10.0
0.12,True,0.75,146.9,0.9304287690179807,6727,190,1.2,2.0,10.0
0.15,False,0.25,52.04999999999998,0.03917808219178082,286,190,1.2,2.0,10.0
0.15,False,0.5,78.29999999999998,0.03917808219178082,286,190,1.2,2.0,10.0
0.15,False,0.75,119.775,0.03917808219178082,286,190,1.2,2.0,10.0
0.15,True,0.25,49.22500000000001,0.9608219178082191,7014,190,1.2,2.0,10.0
0.15,True,0.5,77.35,0.9608219178082191,7014,190,1.2,2.0,10.0
0.15,True,0.75,123.875,0.9608219178082191,7014,190,1.2,2.0,10.0
0.0,False,0.25,68.39999999999999,0.5083518930957683,1826,204,1.2,2.0,10.0
0.0,False,0.5,122.99999999999997,0.5083518930957683,1826,204,1.2,2.0,10.0
0.0,False,0.75,217.47500000000002,0.5083518930957683,1826,204,1.2,2.0,10.0
0.0,True,0.25,71.8,0.4916481069042316,1766,204,1.2,2.0,10.0
0.0,True,0.5,129.95,0.4916481069042316,1766,204,1.2,2.0,10.0
0.0,True,0.75,223.00000000000003,0.4916481069042316,1766,204,1.2,2.0,10.0
0.03,False,0.25,66.99999999999999,0.3477231583344938,2497,204,1.2,2.0,10.0
0.03,False,0.5,120.39999999999999,0.3477231583344938,2497,204,1.2,2.0,10.0
0.03,False,0.75,212.10000000000005,0.3477231583344938,2497,204,1.2,2.0,10.0
0.03,True,0.25,69.5,0.6522768416655061,4684,204,1.2,2.0,10.0
0.03,True,0.5,120.59999999999997,0.6522768416655061,4684,204,1.2,2.0,10.0
0.03,True,0.75,216.85000000000002,0.6522768416655061,4684,204,1.2,2.0,10.0
0.06,False,0.25,64.02499999999999,0.211731843575419,1516,204,1.2,2.0,10.0
0.06,False,0.5,112.79999999999998,0.211731843575419,1516,204,1.2,2.0,10.0
0.06,False,0.75,190.525,0.211731843575419,1516,204,1.2,2.0,10.0
0.06,True,0.25,65.19999999999999,0.788268156424581,5644,204,1.2,2.0,10.0
0.06,True,0.5,113.75,0.788268156424581,5644,204,1.2,2.0,10.0
0.06,True,0.75,197.2,0.788268156424581,5644,204,1.2,2.0,10.0
0.09,False,0.25,59.5,0.12257889746715428,905,204,1.2,2.0,10.0
0.09,False,0.5,100.6,0.12257889746715428,905,204,1.2,2.0,10.0
0.09,False,0.75,167.40000000000003,0.12257889746715428,905,204,1.2,2.0,10.0
0.09,True,0.25,60.3,0.8774211025328458,6478,204,1.2,2.0,10.0
0.09,True,0.5,102.69999999999999,0.8774211025328458,6478,204,1.2,2.0,10.0
0.09,True,0.75,171.2,0.8774211025328458,6478,204,1.2,2.0,10.0
0.12,False,0.25,50.900000000000006,0.06515423986720155,471,204,1.2,2.0,10.0
0.12,False,0.5,83.3,0.06515423986720155,471,204,1.2,2.0,10.0
0.12,False,0.75,150.3,0.06515423986720155,471,204,1.2,2.0,10.0
0.12,True,0.25,54.099999999999994,0.9348457601327984,6758,204,1.2,2.0,10.0
0.12,True,0.5,86.4,0.9348457601327984,6758,204,1.2,2.0,10.0
0.12,True,0.75,143.7,0.9348457601327984,6758,204,1.2,2.0,10.0
0.15,False,0.25,45.5,0.0373972602739726,273,204,1.2,2.0,10.0
0.15,False,0.5,67.8,0.0373972602739726,273,204,1.2,2.0,10.0
0.15,False,0.75,112.79999999999998,0.0373972602739726,273,204,1.2,2.0,10.0
0.15,True,0.25,48.699999999999996,0.9626027397260274,7027,204,1.2,2.0,10.0
0.15,True,0.5,76.39999999999999,0.9626027397260274,7027,204,1.2,2.0,10.0
0.15,True,0.75,121.50000000000001,0.9626027397260274,7027,204,1.2,2.0,10.0
0.0,False,0.25,69.5,0.5027855153203342,1805,207,1.2,2.0,10.0
0.0,False,0.5,124.8,0.5027855153203342,1805,207,1.2,2.0,10.0
0.0,False,0.75,218.90000000000003,0.5027855153203342,1805,207,1.2,2.0,10.0
0.0,True,0.25,66.5,0.4972144846796657,1785,207,1.2,2.0,10.0
0.0,True,0.5,126.89999999999999,0.4972144846796657,1785,207,1.2,2.0,10.0
0.0,True,0.75,223.00000000000003,0.4972144846796657,1785,207,1.2,2.0,10.0
0.03,False,0.25,66.57499999999999,0.3499582056283087,2512,207,1.2,2.0,10.0
0.03,False,0.5,120.6,0.3499582056283087,2512,207,1.2,2.0,10.0
0.03,False,0.75,214.45000000000002,0.3499582056283087,2512,207,1.2,2.0,10.0
0.03,True,0.25,66.9,0.6500417943716913,4666,207,1.2,2.0,10.0
0.03,True,0.5,118.75,0.6500417943716913,4666,207,1.2,2.0,10.0
0.03,True,0.75,208.15000000000003,0.6500417943716913,4666,207,1.2,2.0,10.0
0.06,False,0.25,63.9,0.2129383820036328,1524,207,1.2,2.0,10.0
0.06,False,0.5,107.14999999999999,0.2129383820036328,1524,207,1.2,2.0,10.0
0.06,False,0.75,195.60000000000002,0.2129383820036328,1524,207,1.2,2.0,10.0
0.06,True,0.25,65.39999999999999,0.7870616179963672,5633,207,1.2,2.0,10.0
0.06,True,0.5,114.60000000000001,0.7870616179963672,5633,207,1.2,2.0,10.0
0.06,True,0.75,197.3,0.7870616179963672,5633,207,1.2,2.0,10.0
0.09,False,0.25,55.800000000000004,0.11881858826717247,877,207,1.2,2.0,10.0
0.09,False,0.5,97.1,0.11881858826717247,877,207,1.2,2.0,10.0
0.09,False,0.75,160.39999999999998,0.11881858826717247,877,207,1.2,2.0,10.0
0.09,True,0.25,60.3,0.8811814117328275,6504,207,1.2,2.0,10.0
0.09,True,0.5,101.4,0.8811814117328275,6504,207,1.2,2.0,10.0
0.09,True,0.75,169.9,0.8811814117328275,6504,207,1.2,2.0,10.0
0.12,False,0.25,49.45,0.06571665744327615,475,207,1.2,2.0,10.0
0.12,False,0.5,80.0,0.06571665744327615,475,207,1.2,2.0,10.0
0.12,False,0.75,132.8,0.06571665744327615,475,207,1.2,2.0,10.0
0.12,True,0.25,54.400000000000006,0.9342833425567239,6753,207,1.2,2.0,10.0
0.12,True,0.5,87.1,0.9342833425567239,6753,207,1.2,2.0,10.0
0.12,True,0.75,145.0,0.9342833425567239,6753,207,1.2,2.0,10.0
0.15,False,0.25,47.0,0.03562131798876558,260,207,1.2,2.0,10.0
0.15,False,0.5,71.6,0.03562131798876558,260,207,1.2,2.0,10.0
0.15,False,0.75,118.6,0.03562131798876558,260,207,1.2,2.0,10.0
0.15,True,0.25,49.49999999999999,0.9643786820112344,7039,207,1.2,2.0,10.0
0.15,True,0.5,78.49999999999999,0.9643786820112344,7039,207,1.2,2.0,10.0
0.15,True,0.75,124.44999999999999,0.9643786820112344,7039,207,1.2,2.0,10.0
0.0,False,0.25,68.975,0.5079188663517644,1828,209,1.2,2.0,10.0
0.0,False,0.5,125.69999999999999,0.5079188663517644,1828,209,1.2,2.0,10.0
0.0,False,0.75,220.75000000000006,0.5079188663517644,1828,209,1.2,2.0,10.0
0.0,True,0.25,70.04999999999998,0.49208113364823564,1771,209,1.2,2.0,10.0
0.0,True,0.5,128.5,0.49208113364823564,1771,209,1.2,2.0,10.0
0.0,True,0.75,221.75000000000006,0.49208113364823564,1771,209,1.2,2.0,10.0
0.03,False,0.25,67.99999999999999,0.3337517433751743,2393,209,1.2,2.0,10.0
0.03,False,0.5,120.7,0.3337517433751743,2393,209,1.2,2.0,10.0
0.03,False,0.75,211.10000000000002,0.3337517433751743,2393,209,1.2,2.0,10.0
0.03,True,0.25,67.8,0.6662482566248257,4777,209,1.2,2.0,10.0
0.03,True,0.5,123.10000000000001,0.6662482566248257,4777,209,1.2,2.0,10.0
0.03,True,0.75,217.80000000000004,0.6662482566248257,4777,209,1.2,2.0,10.0
0.06,False,0.25,64.89999999999999,0.19980452387601227,1431,209,1.2,2.0,10.0
0.06,False,0.5,111.5,0.19980452387601227,1431,209,1.2,2.0,10.0
0.06,False,0.75,195.70000000000002,0.19980452387601227,1431,209,1.2,2.0,10.0
0.06,True,0.25,66.39999999999999,0.8001954761239877,5731,209,1.2,2.0,10.0
0.06,True,0.5,115.2,0.8001954761239877,5731,209,1.2,2.0,10.0
0.06,True,0.75,198.75,0.8001954761239877,5731,209,1.2,2.0,10.0
0.09,False,0.25,56.87499999999999,0.11645226811103589,860,209,1.2,2.0,10.0
0.09,False,0.5,95.25,0.11645226811103589,860,209,1.2,2.0,10.0
0.09,False,0.75,168.04999999999998,0.11645226811103589,860,209,1.2,2.0,10.0
0.09,True,0.25,60.1,0.8835477318889641,6525,209,1.2,2.0,10.0
0.09,True,0.5,102.39999999999998,0.8835477318889641,6525,209,1.2,2.0,10.0
0.09,True,0.75,169.9,0.8835477318889641,6525,209,1.2,2.0,10.0
0.12,False,0.25,53.8,0.06764421081754046,489,209,1.2,2.0,10.0
0.12,False,0.5,90.0,0.06764421081754046,489,209,1.2,2.0,10.0
0.12,False,0.75,150.79999999999998,0.06764421081754046,489,209,1.2,2.0,10.0
0.12,True,0.25,54.2,0.9323557891824595,6740,209,1.2,2.0,10.0
0.12,True,0.5,88.79999999999998,0.9323557891824595,6740,209,1.2,2.0,10.0
0.12,True,0.75,145.09999999999997,0.9323557891824595,6740,209,1.2,2.0,10.0
0.15,False,0.25,49.49999999999999,0.03506849315068493,256,209,1.2,2.0,10.0
0.15,False,0.5,72.04999999999998,0.03506849315068493,256,209,1.2,2.0,10.0
0.15,False,0.75,126.75,0.03506849315068493,256,209,1.2,2.0,10.0
0.15,True,0.25,48.3,0.9649315068493151,7044,209,1.2,2.0,10.0
0.15,True,0.5,76.3,0.9649315068493151,7044,209,1.2,2.0,10.0
0.15,True,0.75,121.3,0.9649315068493151,7044,209,1.2,2.0,10.0
0.0,False,0.25,71.9,0.5051431748679455,1817,211,1.2,2.0,10.0
0.0,False,0.5,127.3,0.5051431748679455,1817,211,1.2,2.0,10.0
0.0,False,0.75,217.70000000000007,0.5051431748679455,1817,211,1.2,2.0,10.0
0.0,True,0.25,72.49999999999999,0.4948568251320545,1780,211,1.2,2.0,10.0
0.0,True,0.5,131.7,0.4948568251320545,1780,211,1.2,2.0,10.0
0.0,True,0.75,229.75000000000003,0.4948568251320545,1780,211,1.2,2.0,10.0
0.03,False,0.25,66.10000000000001,0.3420318169132012,2451,211,1.2,2.0,10.0
0.03,False,0.5,120.3,0.3420318169132012,2451,211,1.2,2.0,10.0
0.03,False,0.75,214.75,0.3420318169132012,2451,211,1.2,2.0,10.0
0.03,True,0.25,67.94999999999999,0.6579681830867987,4715,211,1.2,2.0,10.0
0.03,True,0.5,123.3,0.6579681830867987,4715,211,1.2,2.0,10.0
0.03,True,0.75,210.70000000000002,0.6579681830867987,4715,211,1.2,2.0,10.0
0.06,False,0.25,61.55000000000001,0.20849636668529906,1492,211,1.2,2.0,10.0
0.06,False,0.5,109.45,0.20849636668529906,1492,211,1.2,2.0,10.0
0.06,False,0.75,189.52499999999998,0.20849636668529906,1492,211,1.2,2.0,10.0
0.06,True,0.25,66.7,0.791503633314701,5664,211,1.2,2.0,10.0
0.06,True,0.5,115.19999999999999,0.791503633314701,5664,211,1.2,2.0,10.0
0.06,True,0.75,198.825,0.791503633314701,5664,211,1.2,2.0,10.0
0.09,False,0.25,57.1,0.12179921419861807,899,211,1.2,2.0,10.0
0.09,False,0.5,99.4,0.12179921419861807,899,211,1.2,2.0,10.0
0.09,False,0.75,163.59999999999997,0.12179921419861807,899,211,1.2,2.0,10.0
0.09,True,0.25,59.1,0.878200785801382,6482,211,1.2,2.0,10.0
0.09,True,0.5,98.10000000000001,0.878200785801382,6482,211,1.2,2.0,10.0
0.09,True,0.75,167.9,0.878200785801382,6482,211,1.2,2.0,10.0
0.12,False,0.25,52.475,0.07163601161665054,518,211,1.2,2.0,10.0
0.12,False,0.5,91.04999999999998,0.07163601161665054,518,211,1.2,2.0,10.0
0.12,False,0.75,133.85,0.07163601161665054,518,211,1.2,2.0,10.0
0.12,True,0.25,55.2,0.9283639883833494,6713,211,1.2,2.0,10.0
0.12,True,0.5,90.5,0.9283639883833494,6713,211,1.2,2.0,10.0
0.12,True,0.75,145.5,0.9283639883833494,6713,211,1.2,2.0,10.0
0.15,False,0.25,48.599999999999994,0.03767123287671233,275,211,1.2,2.0,10.0
0.15,False,0.5,80.1,0.03767123287671233,275,211,1.2,2.0,10.0
0.15,False,0.75,128.3,0.03767123287671233,275,211,1.2,2.0,10.0
0.15,True,0.25,49.699999999999996,0.9623287671232876,7025,211,1.2,2.0,10.0
0.15,True,0.5,77.49999999999999,0.9623287671232876,7025,211,1.2,2.0,10.0
0.15,True,0.75,122.39999999999999,0.9623287671232876,7025,211,1.2,2.0,10.0
0.0,False,0.25,68.825,0.5013943112102621,1798,220,1.2,2.0,10.0
0.0,False,0.5,126.85,0.5013943112102621,1798,220,1.2,2.0,10.0
0.0,False,0.75,222.12500000000006,0.5013943112102621,1798,220,1.2,2.0,10.0
0.0,True,0.25,73.275,0.4986056887897379,1788,220,1.2,2.0,10.0
0.0,True,0.5,127.3,0.4986056887897379,1788,220,1.2,2.0,10.0
0.0,True,0.75,216.625,0.4986056887897379,1788,220,1.2,2.0,10.0
0.03,False,0.25,71.75,0.3390988980331985,2431,220,1.2,2.0,10.0
0.03,False,0.5,125.9,0.3390988980331985,2431,220,1.2,2.0,10.0
0.03,False,0.75,221.05,0.3390988980331985,2431,220,1.2,2.0,10.0
0.03,True,0.25,67.625,0.6609011019668015,4738,220,1.2,2.0,10.0
0.03,True,0.5,125.6,0.6609011019668015,4738,220,1.2,2.0,10.0
0.03,True,0.75,215.40000000000003,0.6609011019668015,4738,220,1.2,2.0,10.0
0.06,False,0.25,60.80000000000001,0.21376710416084893,1531,220,1.2,2.0,10.0
0.06,False,0.5,107.30000000000003,0.21376710416084893,1531,220,1.2,2.0,10.0
0.06,False,0.75,188.85,0.21376710416084893,1531,220,1.2,2.0,10.0
0.06,True,0.25,66.39999999999999,0.7862328958391511,5631,220,1.2,2.0,10.0
0.06,True,0.5,114.79999999999998,0.7862328958391511,5631,220,1.2,2.0,10.0
0.06,True,0.75,196.5,0.7862328958391511,5631,220,1.2,2.0,10.0
0.09,False,0.25,58.125,0.11350399566571855,838,220,1.2,2.0,10.0
0.09,False,0.5,99.25,0.11350399566571855,838,220,1.2,2.0,10.0
0.09,False,0.75,165.54999999999998,0.11350399566571855,838,220,1.2,2.0,10.0
0.09,True,0.25,59.1,0.8864960043342814,6545,220,1.2,2.0,10.0
0.09,True,0.5,100.0,0.8864960043342814,6545,220,1.2,2.0,10.0
0.09,True,0.75,166.60000000000002,0.8864960043342814,6545,220,1.2,2.0,10.0
0.12,False,0.25,48.04999999999999,0.06361499101092519,460,220,1.2,2.0,10.0
0.12,False,0.5,76.69999999999999,0.06361499101092519,460,220,1.2,2.0,10.0
0.12,False,0.75,131.22499999999997,0.06361499101092519,460,220,1.2,2.0,10.0
0.12,True,0.25,53.00000000000001,0.9363850089890748,6771,220,1.2,2.0,10.0
0.12,True,0.5,87.0,0.9363850089890748,6771,220,1.2,2.0,10.0
0.12,True,0.75,142.14999999999998,0.9363850089890748,6771,220,1.2,2.0,10.0
0.15,False,0.25,47.699999999999996,0.03465753424657534,253,220,1.2,2.0,10.0
0.15,False,0.5,75.3,0.03465753424657534,253,220,1.2,2.0,10.0
0.15,False,0.75,121.9,0.03465753424657534,253,220,1.2,2.0,10.0
0.15,True,0.25,49.20000000000001,0.9653424657534246,7047,220,1.2,2.0,10.0
0.15,True,0.5,77.3,0.9653424657534246,7047,220,1.2,2.0,10.0
0.15,True,0.75,121.2,0.9653424657534246,7047,220,1.2,2.0,10.0
0.0,False,0.25,72.49999999999999,0.5004165509580673,1802,221,1.2,2.0,10.0
0.0,False,0.5,124.9,0.5004165509580673,1802,221,1.2,2.0,10.0
0.0,False,0.75,223.00000000000003,0.5004165509580673,1802,221,1.2,2.0,10.0
0.0,True,0.25,72.75,0.4995834490419328,1799,221,1.2,2.0,10.0
0.0,True,0.5,124.8,0.4995834490419328,1799,221,1.2,2.0,10.0
0.0,True,0.75,218.75000000000006,0.4995834490419328,1799,221,1.2,2.0,10.0
0.03,False,0.25,69.39999999999999,0.36085925512623795,2587,221,1.2,2.0,10.0
0.03,False,0.5,126.1,0.36085925512623795,2587,221,1.2,2.0,10.0
0.03,False,0.75,216.60000000000002,0.36085925512623795,2587,221,1.2,2.0,10.0
0.03,True,0.25,69.9,0.639140744873762,4582,221,1.2,2.0,10.0
0.03,True,0.5,122.89999999999998,0.639140744873762,4582,221,1.2,2.0,10.0
0.03,True,0.75,215.47500000000002,0.639140744873762,4582,221,1.2,2.0,10.0
0.06,False,0.25,64.8,0.2074601844090528,1485,221,1.2,2.0,10.0
0.06,False,0.5,109.99999999999999,0.2074601844090528,1485,221,1.2,2.0,10.0
0.06,False,0.75,190.29999999999998,0.2074601844090528,1485,221,1.2,2.0,10.0
0.06,True,0.25,65.39999999999999,0.7925398155909472,5673,221,1.2,2.0,10.0
0.06,True,0.5,113.99999999999999,0.7925398155909472,5673,221,1.2,2.0,10.0
0.06,True,0.75,191.70000000000002,0.7925398155909472,5673,221,1.2,2.0,10.0
0.09,False,0.25,58.699999999999996,0.12262872628726287,905,221,1.2,2.0,10.0
0.09,False,0.5,100.2,0.12262872628726287,905,221,1.2,2.0,10.0
0.09,False,0.75,170.9,0.12262872628726287,905,221,1.2,2.0,10.0
0.09,True,0.25,59.35,0.8773712737127372,6475,221,1.2,2.0,10.0
0.09,True,0.5,99.4,0.8773712737127372,6475,221,1.2,2.0,10.0
0.09,True,0.75,168.75,0.8773712737127372,6475,221,1.2,2.0,10.0
0.12,False,0.25,49.300000000000004,0.06859355552482367,496,221,1.2,2.0,10.0
0.12,False,0.5,79.55000000000001,0.06859355552482367,496,221,1.2,2.0,10.0
0.12,False,0.75,131.64999999999998,0.06859355552482367,496,221,1.2,2.0,10.0
0.12,True,0.25,54.400000000000006,0.9314064444751763,6735,221,1.2,2.0,10.0
0.12,True,0.5,90.69999999999997,0.9314064444751763,6735,221,1.2,2.0,10.0
0.12,True,0.75,146.79999999999998,0.9314064444751763,6735,221,1.2,2.0,10.0
0.15,False,0.25,44.2,0.0373972602739726,273,221,1.2,2.0,10.0
0.15,False,0.5,70.09999999999998,0.0373972602739726,273,221,1.2,2.0,10.0
0.15,False,0.75,113.40000000000002,0.0373972602739726,273,221,1.2,2.0,10.0
0.15,True,0.25,48.800000000000004,0.9626027397260274,7027,221,1.2,2.0,10.0
0.15,True,0.5,76.49999999999999,0.9626027397260274,7027,221,1.2,2.0,10.0
0.15,True,0.75,121.15,0.9626027397260274,7027,221,1.2,2.0,10.0
0.0,False,0.25,70.49999999999999,0.5069637883008357,1820,223,1.2,2.0,10.0
0.0,False,0.5,124.99999999999997,0.5069637883008357,1820,223,1.2,2.0,10.0
0.0,False,0.75,215.95000000000005,0.5069637883008357,1820,223,1.2,2.0,10.0
0.0,True,0.25,73.625,0.49303621169916434,1770,223,1.2,2.0,10.0
0.0,True,0.5,133.25,0.49303621169916434,1770,223,1.2,2.0,10.0
0.0,True,0.75,230.60000000000005,0.49303621169916434,1770,223,1.2,2.0,10.0
0.03,False,0.25,69.9,0.3374720982142857,2419,223,1.2,2.0,10.0
0.03,False,0.5,125.69999999999997,0.3374720982142857,2419,223,1.2,2.0,10.0
0.03,False,0.75,220.45000000000005,0.3374720982142857,2419,223,1.2,2.0,10.0
0.03,True,0.25,70.89999999999999,0.6625279017857143,4749,223,1.2,2.0,10.0
0.03,True,0.5,124.8,0.6625279017857143,4749,223,1.2,2.0,10.0
0.03,True,0.75,217.70000000000007,0.6625279017857143,4749,223,1.2,2.0,10.0
0.06,False,0.25,63.54999999999998,0.20279329608938548,1452,223,1.2,2.0,10.0
0.06,False,0.5,115.30000000000001,0.20279329608938548,1452,223,1.2,2.0,10.0
0.06,False,0.75,203.10000000000002,0.20279329608938548,1452,223,1.2,2.0,10.0
0.06,True,0.25,64.9,0.7972067039106145,5708,223,1.2,2.0,10.0
0.06,True,0.5,113.75,0.7972067039106145,5708,223,1.2,2.0,10.0
0.06,True,0.75,196.7,0.7972067039106145,5708,223,1.2,2.0,10.0
0.09,False,0.25,54.35,0.11963148624847582,883,223,1.2,2.0,10.0
0.09,False,0.5,95.1,0.11963148624847582,883,223,1.2,2.0,10.0
0.09,False,0.75,171.35,0.11963148624847582,883,223,1.2,2.0,10.0
0.09,True,0.25,59.5,0.8803685137515241,6498,223,1.2,2.0,10.0
0.09,True,0.5,101.75,0.8803685137515241,6498,223,1.2,2.0,10.0
0.09,True,0.75,170.07499999999996,0.8803685137515241,6498,223,1.2,2.0,10.0
0.12,False,0.25,56.00000000000001,0.06596597980915503,477,223,1.2,2.0,10.0
0.12,False,0.5,83.1,0.06596597980915503,477,223,1.2,2.0,10.0
0.12,False,0.75,140.2,0.06596597980915503,477,223,1.2,2.0,10.0
0.12,True,0.25,54.6,0.934034020190845,6754,223,1.2,2.0,10.0
0.12,True,0.5,88.5,0.934034020190845,6754,223,1.2,2.0,10.0
0.12,True,0.75,145.89999999999998,0.934034020190845,6754,223,1.2,2.0,10.0
0.15,False,0.25,45.825,0.035890410958904106,262,223,1.2,2.0,10.0
0.15,False,0.5,70.65,0.035890410958904106,262,223,1.2,2.0,10.0
0.15,False,0.75,111.775,0.035890410958904106,262,223,1.2,2.0,10.0
0.15,True,0.25,50.2,0.9641095890410959,7038,223,1.2,2.0,10.0
0.15,True,0.5,78.80000000000001,0.9641095890410959,7038,223,1.2,2.0,10.0
0.15,True,0.75,124.87499999999999,0.9641095890410959,7038,223,1.2,2.0,10.0
0.0,False,0.25,72.57499999999999,0.5044543429844098,1812,226,1.2,2.0,10.0
0.0,False,0.5,130.25,0.5044543429844098,1812,226,1.2,2.0,10.0
0.0,False,0.75,216.15000000000003,0.5044543429844098,1812,226,1.2,2.0,10.0
0.0,True,0.25,69.3,0.4955456570155902,1780,226,1.2,2.0,10.0
0.0,True,0.5,124.1,0.4955456570155902,1780,226,1.2,2.0,10.0
0.0,True,0.75,224.62500000000006,0.4955456570155902,1780,226,1.2,2.0,10.0
0.03,False,0.25,67.35,0.3412322274881517,2448,226,1.2,2.0,10.0
0.03,False,0.5,119.25,0.3412322274881517,2448,226,1.2,2.0,10.0
0.03,False,0.75,216.60000000000005,0.3412322274881517,2448,226,1.2,2.0,10.0
0.03,True,0.25,69.32499999999999,0.6587677725118484,4726,226,1.2,2.0,10.0
0.03,True,0.5,122.89999999999998,0.6587677725118484,4726,226,1.2,2.0,10.0
0.03,True,0.75,215.40000000000003,0.6587677725118484,4726,226,1.2,2.0,10.0
0.06,False,0.25,63.89999999999999,0.2105925097820011,1507,226,1.2,2.0,10.0
0.06,False,0.5,109.99999999999999,0.2105925097820011,1507,226,1.2,2.0,10.0
0.06,False,0.75,190.0,0.2105925097820011,1507,226,1.2,2.0,10.0
0.06,True,0.25,67.70000000000002,0.7894074902179988,5649,226,1.2,2.0,10.0
0.06,True,0.5,116.79999999999998,0.7894074902179988,5649,226,1.2,2.0,10.0
0.06,True,0.75,195.49999999999997,0.7894074902179988,5649,226,1.2,2.0,10.0
0.09,False,0.25,56.074999999999996,0.12352702153596098,912,226,1.2,2.0,10.0
0.09,False,0.5,98.89999999999999,0.12352702153596098,912,226,1.2,2.0,10.0
0.09,False,0.75,160.14999999999998,0.12352702153596098,912,226,1.2,2.0,10.0
0.09,True,0.25,59.800000000000004,0.876472978464039,6471,226,1.2,2.0,10.0
0.09,True,0.5,102.1,0.876472978464039,6471,226,1.2,2.0,10.0
0.09,True,0.75,168.65000000000003,0.876472978464039,6471,226,1.2,2.0,10.0
0.12,False,0.25,50.900000000000006,0.06582768635043562,476,226,1.2,2.0,10.0
0.12,False,0.5,82.5,0.06582768635043562,476,226,1.2,2.0,10.0
0.12,False,0.75,138.22499999999997,0.06582768635043562,476,226,1.2,2.0,10.0
0.12,True,0.25,55.2,0.9341723136495643,6755,226,1.2,2.0,10.0
0.12,True,0.5,90.39999999999999,0.9341723136495643,6755,226,1.2,2.0,10.0
0.12,True,0.75,148.5,0.9341723136495643,6755,226,1.2,2.0,10.0
0.15,False,0.25,47.974999999999994,0.04,292,226,1.2,2.0,10.0
0.15,False,0.5,84.69999999999999,0.04,292,226,1.2,2.0,10.0
0.15,False,0.75,122.77499999999999,0.04,292,226,1.2,2.0,10.0
0.15,True,0.25,48.89999999999999,0.96,7008,226,1.2,2.0,10.0
0.15,True,0.5,78.1,0.96,7008,226,1.2,2.0,10.0
0.15,True,0.75,122.30000000000001,0.96,7008,226,1.2,2.0,10.0
0.0,False,0.25,69.05,0.5098858256752994,1831,231,1.2,2.0,10.0
0.0,False,0.5,123.3,0.5098858256752994,1831,231,1.2,2.0,10.0
0.0,False,0.75,218.10000000000002,0.5098858256752994,1831,231,1.2,2.0,10.0
0.0,True,0.25,72.5,0.4901141743247006,1760,231,1.2,2.0,10.0
0.0,True,0.5,125.99999999999997,0.4901141743247006,1760,231,1.2,2.0,10.0
0.0,True,0.75,213.225,0.4901141743247006,1760,231,1.2,2.0,10.0
0.03,False,0.25,69.70000000000002,0.34519821328866557,2473,231,1.2,2.0,10.0
0.03,False,0.5,120.99999999999997,0.34519821328866557,2473,231,1.2,2.0,10.0
0.03,False,0.75,213.70000000000005,0.34519821328866557,2473,231,1.2,2.0,10.0
0.03,True,0.25,69.9,0.6548017867113345,4691,231,1.2,2.0,10.0
0.03,True,0.5,123.69999999999999,0.6548017867113345,4691,231,1.2,2.0,10.0
0.03,True,0.75,217.45000000000005,0.6548017867113345,4691,231,1.2,2.0,10.0
0.06,False,0.25,64.19999999999999,0.20670859538784067,1479,231,1.2,2.0,10.0
0.06,False,0.5,115.2,0.20670859538784067,1479,231,1.2,2.0,10.0
0.06,False,0.75,191.55,0.20670859538784067,1479,231,1.2,2.0,10.0
0.06,True,0.25,64.9,0.7932914046121593,5676,231,1.2,2.0,10.0
0.06,True,0.5,112.60000000000001,0.7932914046121593,5676,231,1.2,2.0,10.0
0.06,True,0.75,193.0,0.7932914046121593,5676,231,1.2,2.0,10.0
0.09,False,0.25,61.775000000000006,0.12410242514564422,916,231,1.2,2.0,10.0
0.09,False,0.5,99.8,0.12410242514564422,916,231,1.2,2.0,10.0
0.09,False,0.75,167.99999999999997,0.12410242514564422,916,231,1.2,2.0,10.0
0.09,True,0.25,60.20000000000001,0.8758975748543558,6465,231,1.2,2.0,10.0
0.09,True,0.5,101.59999999999998,0.8758975748543558,6465,231,1.2,2.0,10.0
0.09,True,0.75,171.7,0.8758975748543558,6465,231,1.2,2.0,10.0
0.12,False,0.25,51.125,0.06640841173215274,480,231,1.2,2.0,10.0
0.12,False,0.5,90.79999999999998,0.06640841173215274,480,231,1.2,2.0,10.0
0.12,False,0.75,149.92499999999998,0.06640841173215274,480,231,1.2,2.0,10.0
0.12,True,0.25,53.8,0.9335915882678473,6748,231,1.2,2.0,10.0
0.12,True,0.5,88.00000000000001,0.9335915882678473,6748,231,1.2,2.0,10.0
0.12,True,0.75,144.6,0.9335915882678473,6748,231,1.2,2.0,10.0
0.15,False,0.25,47.7,0.03726027397260274,272,231,1.2,2.0,10.0
0.15,False,0.5,70.49999999999999,0.03726027397260274,272,231,1.2,2.0,10.0
0.15,False,0.75,111.74999999999999,0.03726027397260274,272,231,1.2,2.0,10.0
0.15,True,0.25,49.0,0.9627397260273972,7028,231,1.2,2.0,10.0
0.15,True,0.5,77.04999999999998,0.9627397260273972,7028,231,1.2,2.0,10.0
0.15,True,0.75,121.92500000000001,0.9627397260273972,7028,231,1.2,2.0,10.0
0.0,False,0.25,68.9,0.4846881959910913,1741,234,1.2,2.0,10.0
0.0,False,0.5,129.7,0.4846881959910913,1741,234,1.2,2.0,10.0
0.0,False,0.75,224.80000000000004,0.4846881959910913,1741,234,1.2,2.0,10.0
0.0,True,0.25,70.6,0.5153118040089086,1851,234,1.2,2.0,10.0
0.0,True,0.5,129.5,0.5153118040089086,1851,234,1.2,2.0,10.0
0.0,True,0.75,211.75000000000003,0.5153118040089086,1851,234,1.2,2.0,10.0
0.03,False,0.25,68.5,0.34299247701309554,2462,234,1.2,2.0,10.0
0.03,False,0.5,122.35,0.34299247701309554,2462,234,1.2,2.0,10.0
0.03,False,0.75,218.4,0.34299247701309554,2462,234,1.2,2.0,10.0
0.03,True,0.25,67.6,0.6570075229869045,4716,234,1.2,2.0,10.0
0.03,True,0.5,120.09999999999998,0.6570075229869045,4716,234,1.2,2.0,10.0
0.03,True,0.75,211.65000000000003,0.6570075229869045,4716,234,1.2,2.0,10.0
0.06,False,0.25,64.10000000000001,0.20569752827817345,1473,234,1.2,2.0,10.0
0.06,False,0.5,113.19999999999999,0.20569752827817345,1473,234,1.2,2.0,10.0
0.06,False,0.75,200.3,0.20569752827817345,1473,234,1.2,2.0,10.0
0.06,True,0.25,67.5,0.7943024717218266,5688,234,1.2,2.0,10.0
0.06,True,0.5,116.60000000000001,0.7943024717218266,5688,234,1.2,2.0,10.0
0.06,True,0.75,194.65,0.7943024717218266,5688,234,1.2,2.0,10.0
0.09,False,0.25,58.45,0.11975074505554051,884,234,1.2,2.0,10.0
0.09,False,0.5,104.1,0.11975074505554051,884,234,1.2,2.0,10.0
0.09,False,0.75,170.10000000000002,0.11975074505554051,884,234,1.2,2.0,10.0
0.09,True,0.25,60.400000000000006,0.8802492549444595,6498,234,1.2,2.0,10.0
0.09,True,0.5,100.10000000000001,0.8802492549444595,6498,234,1.2,2.0,10.0
0.09,True,0.75,170.9,0.8802492549444595,6498,234,1.2,2.0,10.0
0.12,False,0.25,52.67499999999999,0.06804038168994607,492,234,1.2,2.0,10.0
0.12,False,0.5,83.25,0.06804038168994607,492,234,1.2,2.0,10.0
0.12,False,0.75,140.45000000000002,0.06804038168994607,492,234,1.2,2.0,10.0
0.12,True,0.25,54.3,0.9319596183100539,6739,234,1.2,2.0,10.0
0.12,True,0.5,89.0,0.9319596183100539,6739,234,1.2,2.0,10.0
0.12,True,0.75,146.7,0.9319596183100539,6739,234,1.2,2.0,10.0
0.15,False,0.25,46.275000000000006,0.040273972602739724,294,234,1.2,2.0,10.0
0.15,False,0.5,75.49999999999999,0.040273972602739724,294,234,1.2,2.0,10.0
0.15,False,0.75,120.44999999999997,0.040273972602739724,294,234,1.2,2.0,10.0
0.15,True,0.25,48.6,0.9597260273972603,7006,234,1.2,2.0,10.0
0.15,True,0.5,77.1,0.9597260273972603,7006,234,1.2,2.0,10.0
0.15,True,0.75,122.49999999999999,0.9597260273972603,7006,234,1.2,2.0,10.0
0.0,False,0.25,73.80000000000001,0.5090353072004448,1831,235,1.2,2.0,10.0
0.0,False,0.5,126.89999999999999,0.5090353072004448,1831,235,1.2,2.0,10.0
0.0,False,0.75,227.40000000000003,0.5090353072004448,1831,235,1.2,2.0,10.0
0.0,True,0.25,73.32499999999999,0.4909646927995552,1766,235,1.2,2.0,10.0
0.0,True,0.5,123.85,0.4909646927995552,1766,235,1.2,2.0,10.0
0.0,True,0.75,213.52500000000003,0.4909646927995552,1766,235,1.2,2.0,10.0
0.03,False,0.25,68.10000000000001,0.3375645138792021,2420,235,1.2,2.0,10.0
0.03,False,0.5,126.99999999999997,0.3375645138792021,2420,235,1.2,2.0,10.0
0.03,False,0.75,219.42500000000004,0.3375645138792021,2420,235,1.2,2.0,10.0
0.03,True,0.25,69.6,0.6624354861207978,4749,235,1.2,2.0,10.0
0.03,True,0.5,125.6,0.6624354861207978,4749,235,1.2,2.0,10.0
0.03,True,0.75,216.20000000000002,0.6624354861207978,4749,235,1.2,2.0,10.0
0.06,False,0.25,64.7,0.21546420581655482,1541,235,1.2,2.0,10.0
0.06,False,0.5,110.69999999999999,0.21546420581655482,1541,235,1.2,2.0,10.0
0.06,False,0.75,190.4,0.21546420581655482,1541,235,1.2,2.0,10.0
0.06,True,0.25,65.25,0.7845357941834452,5611,235,1.2,2.0,10.0
0.06,True,0.5,114.49999999999997,0.7845357941834452,5611,235,1.2,2.0,10.0
0.06,True,0.75,195.1,0.7845357941834452,5611,235,1.2,2.0,10.0
0.09,False,0.25,55.575,0.12406880671813626,916,235,1.2,2.0,10.0
0.09,False,0.5,103.64999999999998,0.12406880671813626,916,235,1.2,2.0,10.0
0.09,False,0.75,174.325,0.12406880671813626,916,235,1.2,2.0,10.0
0.09,True,0.25,58.699999999999996,0.8759311932818638,6467,235,1.2,2.0,10.0
0.09,True,0.5,98.8,0.8759311932818638,6467,235,1.2,2.0,10.0
0.09,True,0.75,165.99999999999997,0.8759311932818638,6467,235,1.2,2.0,10.0
0.12,False,0.25,53.8,0.06416816484580279,464,235,1.2,2.0,10.0
0.12,False,0.5,86.7,0.06416816484580279,464,235,1.2,2.0,10.0
0.12,False,0.75,153.475,0.06416816484580279,464,235,1.2,2.0,10.0
0.12,True,0.25,52.64999999999999,0.9358318351541972,6767,235,1.2,2.0,10.0
0.12,True,0.5,87.3,0.9358318351541972,6767,235,1.2,2.0,10.0
0.12,True,0.75,146.55,0.9358318351541972,6767,235,1.2,2.0,10.0
0.15,False,0.25,44.650000000000006,0.03397260273972603,248,235,1.2,2.0,10.0
0.15,False,0.5,71.0,0.03397260273972603,248,235,1.2,2.0,10.0
0.15,False,0.75,111.39999999999999,0.03397260273972603,248,235,1.2,2.0,10.0
0.15,True,0.25,48.400000000000006,0.966027397260274,7052,235,1.2,2.0,10.0
0.15,True,0.5,76.44999999999999,0.966027397260274,7052,235,1.2,2.0,10.0
0.15,True,0.75,122.02499999999999,0.966027397260274,7052,235,1.2,2.0,10.0
0.0,False,0.25,69.2,0.4956860562204286,1781,241,1.2,2.0,10.0
0.0,False,0.5,128.6,0.4956860562204286,1781,241,1.2,2.0,10.0
0.0,False,0.75,221.60000000000002,0.4956860562204286,1781,241,1.2,2.0,10.0
0.0,True,0.25,69.99999999999999,0.5043139437795714,1812,241,1.2,2.0,10.0
0.0,True,0.5,126.99999999999997,0.5043139437795714,1812,241,1.2,2.0,10.0
0.0,True,0.75,221.00000000000003,0.5043139437795714,1812,241,1.2,2.0,10.0
0.03,False,0.25,67.8,0.341184668989547,2448,241,1.2,2.0,10.0
0.03,False,0.5,117.6,0.341184668989547,2448,241,1.2,2.0,10.0
0.03,False,0.75,204.62500000000003,0.341184668989547,2448,241,1.2,2.0,10.0
0.03,True,0.25,67.35,0.658815331010453,4727,241,1.2,2.0,10.0
0.03,True,0.5,121.79999999999998,0.658815331010453,4727,241,1.2,2.0,10.0
0.03,True,0.75,213.95000000000005,0.658815331010453,4727,241,1.2,2.0,10.0
0.06,False,0.25,64.10000000000001,0.2143555369361821,1535,241,1.2,2.0,10.0
0.06,False,0.5,114.60000000000001,0.2143555369361821,1535,241,1.2,2.0,10.0
0.06,False,0.75,197.2,0.2143555369361821,1535,241,1.2,2.0,10.0
0.06,True,0.25,66.32499999999999,0.7856444630638179,5626,241,1.2,2.0,10.0
0.06,True,0.5,115.05000000000001,0.7856444630638179,5626,241,1.2,2.0,10.0
0.06,True,0.75,195.375,0.7856444630638179,5626,241,1.2,2.0,10.0
0.09,False,0.25,56.20000000000001,0.12801408832294772,945,241,1.2,2.0,10.0
0.09,False,0.5,94.0,0.12801408832294772,945,241,1.2,2.0,10.0
0.09,False,0.75,153.99999999999997,0.12801408832294772,945,241,1.2,2.0,10.0
0.09,True,0.25,60.800000000000004,0.8719859116770523,6437,241,1.2,2.0,10.0
0.09,True,0.5,100.0,0.8719859116770523,6437,241,1.2,2.0,10.0
0.09,True,0.75,167.1,0.8719859116770523,6437,241,1.2,2.0,10.0
0.12,False,0.25,46.6,0.06610427326787444,478,241,1.2,2.0,10.0
0.12,False,0.5,79.69999999999999,0.06610427326787444,478,241,1.2,2.0,10.0
0.12,False,0.75,128.35,0.06610427326787444,478,241,1.2,2.0,10.0
0.12,True,0.25,54.69999999999999,0.9338957267321256,6753,241,1.2,2.0,10.0
0.12,True,0.5,88.59999999999998,0.9338957267321256,6753,241,1.2,2.0,10.0
0.12,True,0.75,143.09999999999997,0.9338957267321256,6753,241,1.2,2.0,10.0
0.15,False,0.25,48.45,0.03534246575342466,258,241,1.2,2.0,10.0
0.15,False,0.5,70.95000000000002,0.03534246575342466,258,241,1.2,2.0,10.0
0.15,False,0.75,111.1,0.03534246575342466,258,241,1.2,2.0,10.0
0.15,True,0.25,49.400000000000006,0.9646575342465753,7042,241,1.2,2.0,10.0
0.15,True,0.5,78.1,0.9646575342465753,7042,241,1.2,2.0,10.0
0.15,True,0.75,122.87499999999999,0.9646575342465753,7042,241,1.2,2.0,10.0
0.0,False,0.25,70.89999999999999,0.5022234574763758,1807,242,1.2,2.0,10.0
0.0,False,0.5,132.4,0.5022234574763758,1807,242,1.2,2.0,10.0
0.0,False,0.75,231.45000000000005,0.5022234574763758,1807,242,1.2,2.0,10.0
0.0,True,0.25,68.75,0.49777654252362424,1791,242,1.2,2.0,10.0
0.0,True,0.5,129.20000000000002,0.49777654252362424,1791,242,1.2,2.0,10.0
0.0,True,0.75,221.00000000000003,0.49777654252362424,1791,242,1.2,2.0,10.0
0.03,False,0.25,68.10000000000001,0.3401587964897618,2442,242,1.2,2.0,10.0
0.03,False,0.5,124.15,0.3401587964897618,2442,242,1.2,2.0,10.0
0.03,False,0.75,214.925,0.3401587964897618,2442,242,1.2,2.0,10.0
0.03,True,0.25,70.70000000000002,0.6598412035102382,4737,242,1.2,2.0,10.0
0.03,True,0.5,128.70000000000002,0.6598412035102382,4737,242,1.2,2.0,10.0
0.03,True,0.75,222.50000000000006,0.6598412035102382,4737,242,1.2,2.0,10.0
0.06,False,0.25,61.60000000000001,0.21307810535140423,1525,242,1.2,2.0,10.0
0.06,False,0.5,111.29999999999998,0.21307810535140423,1525,242,1.2,2.0,10.0
0.06,False,0.75,202.50000000000003,0.21307810535140423,1525,242,1.2,2.0,10.0
0.06,True,0.25,65.3,0.7869218946485957,5632,242,1.2,2.0,10.0
0.06,True,0.5,111.45000000000002,0.7869218946485957,5632,242,1.2,2.0,10.0
0.06,True,0.75,190.5,0.7869218946485957,5632,242,1.2,2.0,10.0
0.09,False,0.25,57.575,0.11751963173571622,868,242,1.2,2.0,10.0
0.09,False,0.5,98.85,0.11751963173571622,868,242,1.2,2.0,10.0
0.09,False,0.75,167.725,0.11751963173571622,868,242,1.2,2.0,10.0
0.09,True,0.25,59.3,0.8824803682642838,6518,242,1.2,2.0,10.0
0.09,True,0.5,99.49999999999999,0.8824803682642838,6518,242,1.2,2.0,10.0
0.09,True,0.75,169.67499999999998,0.8824803682642838,6518,242,1.2,2.0,10.0
0.12,False,0.25,52.400000000000006,0.06818810511756569,493,242,1.2,2.0,10.0
0.12,False,0.5,91.49999999999999,0.06818810511756569,493,242,1.2,2.0,10.0
0.12,False,0.75,142.1,0.06818810511756569,493,242,1.2,2.0,10.0
0.12,True,0.25,53.6,0.9318118948824343,6737,242,1.2,2.0,10.0
0.12,True,0.5,87.3,0.9318118948824343,6737,242,1.2,2.0,10.0
0.12,True,0.75,144.50000000000003,0.9318118948824343,6737,242,1.2,2.0,10.0
0.15,False,0.25,47.775,0.038082191780821915,278,242,1.2,2.0,10.0
0.15,False,0.5,69.29999999999998,0.038082191780821915,278,242,1.2,2.0,10.0
0.15,False,0.75,117.425,0.038082191780821915,278,242,1.2,2.0,10.0
0.15,True,0.25,48.625,0.961917808219178,7022,242,1.2,2.0,10.0
0.15,True,0.5,76.59999999999998,0.961917808219178,7022,242,1.2,2.0,10.0
0.15,True,0.75,120.99999999999997,0.961917808219178,7022,242,1.2,2.0,10.0
0.0,False,0.25,69.65,0.48554752640355753,1747,249,1.2,2.0,10.0
0.0,False,0.5,125.5,0.48554752640355753,1747,249,1.2,2.0,10.0
0.0,False,0.75,225.35000000000002,0.48554752640355753,1747,249,1.2,2.0,10.0
0.0,True,0.25,69.75,0.5144524735964424,1851,249,1.2,2.0,10.0
0.0,True,0.5,123.10000000000001,0.5144524735964424,1851,249,1.2,2.0,10.0
0.0,True,0.75,227.05,0.5144524735964424,1851,249,1.2,2.0,10.0
0.03,False,0.25,70.14999999999999,0.33505298382598997,2403,249,1.2,2.0,10.0
0.03,False,0.5,124.59999999999998,0.33505298382598997,2403,249,1.2,2.0,10.0
0.03,False,0.75,224.65000000000003,0.33505298382598997,2403,249,1.2,2.0,10.0
0.03,True,0.25,70.09999999999998,0.6649470161740101,4769,249,1.2,2.0,10.0
0.03,True,0.5,123.9,0.6649470161740101,4769,249,1.2,2.0,10.0
0.03,True,0.75,216.00000000000003,0.6649470161740101,4769,249,1.2,2.0,10.0
0.06,False,0.25,64.3,0.2108206346987278,1508,249,1.2,2.0,10.0
0.06,False,0.5,114.35,0.2108206346987278,1508,249,1.2,2.0,10.0
0.06,False,0.75,195.32500000000002,0.2108206346987278,1508,249,1.2,2.0,10.0
0.06,True,0.25,65.39999999999999,0.7891793653012722,5645,249,1.2,2.0,10.0
0.06,True,0.5,113.9,0.7891793653012722,5645,249,1.2,2.0,10.0
0.06,True,0.75,197.3,0.7891793653012722,5645,249,1.2,2.0,10.0
0.09,False,0.25,54.77499999999999,0.11998916576381365,886,249,1.2,2.0,10.0
0.09,False,0.5,97.85,0.11998916576381365,886,249,1.2,2.0,10.0
0.09,False,0.75,163.375,0.11998916576381365,886,249,1.2,2.0,10.0
0.09,True,0.25,60.699999999999996,0.8800108342361863,6498,249,1.2,2.0,10.0
0.09,True,0.5,101.75,0.8800108342361863,6498,249,1.2,2.0,10.0
0.09,True,0.75,173.1,0.8800108342361863,6498,249,1.2,2.0,10.0
0.12,False,0.25,50.29999999999999,0.06957123098201937,503,249,1.2,2.0,10.0
0.12,False,0.5,82.0,0.06957123098201937,503,249,1.2,2.0,10.0
0.12,False,0.75,138.1,0.06957123098201937,503,249,1.2,2.0,10.0
0.12,True,0.25,54.6,0.9304287690179807,6727,249,1.2,2.0,10.0
0.12,True,0.5,88.79999999999998,0.9304287690179807,6727,249,1.2,2.0,10.0
0.12,True,0.75,145.64999999999998,0.9304287690179807,6727,249,1.2,2.0,10.0
0.15,False,0.25,46.2,0.035205479452054794,257,249,1.2,2.0,10.0
0.15,False,0.5,73.3,0.035205479452054794,257,249,1.2,2.0,10.0
0.15,False,0.75,131.9,0.035205479452054794,257,249,1.2,2.0,10.0
0.15,True,0.25,48.89999999999999,0.9647945205479452,7043,249,1.2,2.0,10.0
0.15,True,0.5,77.2,0.9647945205479452,7043,249,1.2,2.0,10.0
0.15,True,0.75,123.79999999999998,0.9647945205479452,7043,249,1.2,2.0,10.0
0.0,False,0.25,67.99999999999999,0.5008342602892102,1801,251,1.2,2.0,10.0
0.0,False,0.5,126.89999999999999,0.5008342602892102,1801,251,1.2,2.0,10.0
0.0,False,0.75,220.3,0.5008342602892102,1801,251,1.2,2.0,10.0
0.0,True,0.25,69.94999999999999,0.49916573971078976,1795,251,1.2,2.0,10.0
0.0,True,0.5,125.39999999999998,0.49916573971078976,1795,251,1.2,2.0,10.0
0.0,True,0.75,218.70000000000005,0.49916573971078976,1795,251,1.2,2.0,10.0
0.03,False,0.25,71.50000000000001,0.3335190860964057,2394,251,1.2,2.0,10.0
0.03,False,0.5,123.10000000000001,0.3335190860964057,2394,251,1.2,2.0,10.0
0.03,False,0.75,217.00000000000003,0.3335190860964057,2394,251,1.2,2.0,10.0
0.03,True,0.25,71.2,0.6664809139035943,4784,251,1.2,2.0,10.0
0.03,True,0.5,124.94999999999997,0.6664809139035943,4784,251,1.2,2.0,10.0
0.03,True,0.75,212.52500000000006,0.6664809139035943,4784,251,1.2,2.0,10.0
0.06,False,0.25,63.9,0.20866526904262753,1493,251,1.2,2.0,10.0
0.06,False,0.5,113.00000000000001,0.20866526904262753,1493,251,1.2,2.0,10.0
0.06,False,0.75,188.7,0.20866526904262753,1493,251,1.2,2.0,10.0
0.06,True,0.25,66.10000000000001,0.7913347309573725,5662,251,1.2,2.0,10.0
0.06,True,0.5,115.35,0.7913347309573725,5662,251,1.2,2.0,10.0
0.06,True,0.75,194.80000000000004,0.7913347309573725,5662,251,1.2,2.0,10.0
0.09,False,0.25,56.3,0.12284979005824191,907,251,1.2,2.0,10.0
0.09,False,0.5,94.39999999999999,0.12284979005824191,907,251,1.2,2.0,10.0
0.09,False,0.75,165.5,0.12284979005824191,907,251,1.2,2.0,10.0
0.09,True,0.25,60.9,0.8771502099417581,6476,251,1.2,2.0,10.0
0.09,True,0.5,102.74999999999997,0.8771502099417581,6476,251,1.2,2.0,10.0
0.09,True,0.75,167.9,0.8771502099417581,6476,251,1.2,2.0,10.0
0.12,False,0.25,49.400000000000006,0.06292352371732816,455,251,1.2,2.0,10.0
0.12,False,0.5,80.4,0.06292352371732816,455,251,1.2,2.0,10.0
0.12,False,0.75,136.7,0.06292352371732816,455,251,1.2,2.0,10.0
0.12,True,0.25,53.69999999999999,0.9370764762826719,6776,251,1.2,2.0,10.0
0.12,True,0.5,87.1,0.9370764762826719,6776,251,1.2,2.0,10.0
0.12,True,0.75,143.4,0.9370764762826719,6776,251,1.2,2.0,10.0
0.15,False,0.25,46.550000000000004,0.03712328767123288,271,251,1.2,2.0,10.0
0.15,False,0.5,69.10000000000001,0.03712328767123288,271,251,1.2,2.0,10.0
0.15,False,0.75,106.64999999999999,0.03712328767123288,271,251,1.2,2.0,10.0
0.15,True,0.25,49.400000000000006,0.9628767123287671,7029,251,1.2,2.0,10.0
0.15,True,0.5,77.1,0.9628767123287671,7029,251,1.2,2.0,10.0
0.15,True,0.75,122.7,0.9628767123287671,7029,251,1.2,2.0,10.0
0.0,False,0.25,70.875,0.498050139275766,1788,261,1.2,2.0,10.0
0.0,False,0.5,127.5,0.498050139275766,1788,261,1.2,2.0,10.0
0.0,False,0.75,222.32500000000002,0.498050139275766,1788,261,1.2,2.0,10.0
0.0,True,0.25,68.32499999999999,0.501949860724234,1802,261,1.2,2.0,10.0
0.0,True,0.5,131.95,0.501949860724234,1802,261,1.2,2.0,10.0
0.0,True,0.75,223.175,0.501949860724234,1802,261,1.2,2.0,10.0
0.03,False,0.25,67.6,0.342809364548495,2460,261,1.2,2.0,10.0
0.03,False,0.5,121.44999999999999,0.342809364548495,2460,261,1.2,2.0,10.0
0.03,False,0.75,213.70000000000005,0.342809364548495,2460,261,1.2,2.0,10.0
0.03,True,0.25,68.8,0.657190635451505,4716,261,1.2,2.0,10.0
0.03,True,0.5,121.3,0.657190635451505,4716,261,1.2,2.0,10.0
0.03,True,0.75,215.45000000000005,0.657190635451505,4716,261,1.2,2.0,10.0
0.06,False,0.25,64.5,0.21658986175115208,1551,261,1.2,2.0,10.0
0.06,False,0.5,111.19999999999999,0.21658986175115208,1551,261,1.2,2.0,10.0
0.06,False,0.75,197.54999999999995,0.21658986175115208,1551,261,1.2,2.0,10.0
0.06,True,0.25,66.6,0.783410138248848,5610,261,1.2,2.0,10.0
0.06,True,0.5,118.25,0.783410138248848,5610,261,1.2,2.0,10.0
0.06,True,0.75,202.97500000000002,0.783410138248848,5610,261,1.2,2.0,10.0
0.09,False,0.25,58.025000000000006,0.12269772481040087,906,261,1.2,2.0,10.0
0.09,False,0.5,101.1,0.12269772481040087,906,261,1.2,2.0,10.0
0.09,False,0.75,173.17499999999998,0.12269772481040087,906,261,1.2,2.0,10.0
0.09,True,0.25,61.800000000000004,0.8773022751895991,6478,261,1.2,2.0,10.0
0.09,True,0.5,103.19999999999999,0.8773022751895991,6478,261,1.2,2.0,10.0
0.09,True,0.75,176.65,0.8773022751895991,6478,261,1.2,2.0,10.0
0.12,False,0.25,51.44999999999999,0.06861253285378337,496,261,1.2,2.0,10.0
0.12,False,0.5,77.5,0.06861253285378337,496,261,1.2,2.0,10.0
0.12,False,0.75,133.625,0.06861253285378337,496,261,1.2,2.0,10.0
0.12,True,0.25,54.099999999999994,0.9313874671462167,6733,261,1.2,2.0,10.0
0.12,True,0.5,89.19999999999999,0.9313874671462167,6733,261,1.2,2.0,10.0
0.12,True,0.75,146.2,0.9313874671462167,6733,261,1.2,2.0,10.0
0.15,False,0.25,46.1,0.03643835616438356,266,261,1.2,2.0,10.0
0.15,False,0.5,71.2,0.03643835616438356,266,261,1.2,2.0,10.0
0.15,False,0.75,117.54999999999998,0.03643835616438356,266,261,1.2,2.0,10.0
0.15,True,0.25,49.099999999999994,0.9635616438356165,7034,261,1.2,2.0,10.0
0.15,True,0.5,78.24999999999999,0.9635616438356165,7034,261,1.2,2.0,10.0
0.15,True,0.75,124.17499999999998,0.9635616438356165,7034,261,1.2,2.0,10.0
0.0,False,0.25,69.39999999999999,0.4947016174010039,1774,262,1.2,2.0,10.0
0.0,False,0.5,132.14999999999998,0.4947016174010039,1774,262,1.2,2.0,10.0
0.0,False,0.75,225.22500000000002,0.4947016174010039,1774,262,1.2,2.0,10.0
0.0,True,0.25,72.275,0.5052983825989961,1812,262,1.2,2.0,10.0
0.0,True,0.5,127.8,0.5052983825989961,1812,262,1.2,2.0,10.0
0.0,True,0.75,222.05000000000004,0.5052983825989961,1812,262,1.2,2.0,10.0
0.03,False,0.25,71.39999999999999,0.34174216027874565,2452,262,1.2,2.0,10.0
0.03,False,0.5,118.55,0.34174216027874565,2452,262,1.2,2.0,10.0
0.03,False,0.75,209.45000000000005,0.34174216027874565,2452,262,1.2,2.0,10.0
0.03,True,0.25,70.8,0.6582578397212544,4723,262,1.2,2.0,10.0
0.03,True,0.5,124.0,0.6582578397212544,4723,262,1.2,2.0,10.0
0.03,True,0.75,214.00000000000003,0.6582578397212544,4723,262,1.2,2.0,10.0
0.06,False,0.25,63.3,0.213527110117384,1528,262,1.2,2.0,10.0
0.06,False,0.5,112.49999999999997,0.213527110117384,1528,262,1.2,2.0,10.0
0.06,False,0.75,191.72500000000002,0.213527110117384,1528,262,1.2,2.0,10.0
0.06,True,0.25,65.39999999999999,0.786472889882616,5628,262,1.2,2.0,10.0
0.06,True,0.5,114.39999999999999,0.786472889882616,5628,262,1.2,2.0,10.0
0.06,True,0.75,195.60000000000002,0.786472889882616,5628,262,1.2,2.0,10.0
0.09,False,0.25,58.95,0.12117519631735717,895,262,1.2,2.0,10.0
0.09,False,0.5,101.69999999999999,0.12117519631735717,895,262,1.2,2.0,10.0
0.09,False,0.75,169.2,0.12117519631735717,895,262,1.2,2.0,10.0
0.09,True,0.25,60.5,0.8788248036826428,6491,262,1.2,2.0,10.0
0.09,True,0.5,102.29999999999998,0.8788248036826428,6491,262,1.2,2.0,10.0
0.09,True,0.75,170.60000000000002,0.8788248036826428,6491,262,1.2,2.0,10.0
0.12,False,0.25,51.075,0.07164591977869986,518,262,1.2,2.0,10.0
0.12,False,0.5,85.19999999999999,0.07164591977869986,518,262,1.2,2.0,10.0
0.12,False,0.75,133.975,0.07164591977869986,518,262,1.2,2.0,10.0
0.12,True,0.25,53.00000000000001,0.9283540802213002,6712,262,1.2,2.0,10.0
0.12,True,0.5,87.79999999999998,0.9283540802213002,6712,262,1.2,2.0,10.0
0.12,True,0.75,146.7,0.9283540802213002,6712,262,1.2,2.0,10.0
0.15,False,0.25,47.05,0.03821917808219178,279,262,1.2,2.0,10.0
0.15,False,0.5,73.69999999999999,0.03821917808219178,279,262,1.2,2.0,10.0
0.15,False,0.75,112.09999999999998,0.03821917808219178,279,262,1.2,2.0,10.0
0.15,True,0.25,48.0,0.9617808219178082,7021,262,1.2,2.0,10.0
0.15,True,0.5,76.89999999999999,0.9617808219178082,7021,262,1.2,2.0,10.0
0.15,True,0.75,122.8,0.9617808219178082,7021,262,1.2,2.0,10.0
0.0,False,0.25,71.8,0.4993045897079277,1795,273,1.2,2.0,10.0
0.0,False,0.5,134.4,0.4993045897079277,1795,273,1.2,2.0,10.0
0.0,False,0.75,231.75000000000006,0.4993045897079277,1795,273,1.2,2.0,10.0
0.0,True,0.25,71.85,0.5006954102920723,1800,273,1.2,2.0,10.0
0.0,True,0.5,126.75,0.5006954102920723,1800,273,1.2,2.0,10.0
0.0,True,0.75,220.47500000000002,0.5006954102920723,1800,273,1.2,2.0,10.0
0.03,False,0.25,68.9,0.33904682274247494,2433,273,1.2,2.0,10.0
0.03,False,0.5,122.89999999999998,0.33904682274247494,2433,273,1.2,2.0,10.0
0.03,False,0.75,213.50000000000003,0.33904682274247494,2433,273,1.2,2.0,10.0
0.03,True,0.25,67.9,0.6609531772575251,4743,273,1.2,2.0,10.0
0.03,True,0.5,122.30000000000001,0.6609531772575251,4743,273,1.2,2.0,10.0
0.03,True,0.75,214.95000000000005,0.6609531772575251,4743,273,1.2,2.0,10.0
0.06,False,0.25,66.65,0.21273920938678587,1523,273,1.2,2.0,10.0
0.06,False,0.5,118.60000000000001,0.21273920938678587,1523,273,1.2,2.0,10.0
0.06,False,0.75,197.45,0.21273920938678587,1523,273,1.2,2.0,10.0
0.06,True,0.25,65.3,0.7872607906132142,5636,273,1.2,2.0,10.0
0.06,True,0.5,115.15,0.7872607906132142,5636,273,1.2,2.0,10.0
0.06,True,0.75,199.32500000000002,0.7872607906132142,5636,273,1.2,2.0,10.0
0.09,False,0.25,55.6,0.12230800487606663,903,273,1.2,2.0,10.0
0.09,False,0.5,99.70000000000002,0.12230800487606663,903,273,1.2,2.0,10.0
0.09,False,0.75,156.95,0.12230800487606663,903,273,1.2,2.0,10.0
0.09,True,0.25,59.5,0.8776919951239334,6480,273,1.2,2.0,10.0
0.09,True,0.5,100.6,0.8776919951239334,6480,273,1.2,2.0,10.0
0.09,True,0.75,168.425,0.8776919951239334,6480,273,1.2,2.0,10.0
0.12,False,0.25,50.64999999999999,0.0640387275242047,463,273,1.2,2.0,10.0
0.12,False,0.5,87.1,0.0640387275242047,463,273,1.2,2.0,10.0
0.12,False,0.75,140.05,0.0640387275242047,463,273,1.2,2.0,10.0
0.12,True,0.25,53.8,0.9359612724757953,6767,273,1.2,2.0,10.0
0.12,True,0.5,88.69999999999997,0.9359612724757953,6767,273,1.2,2.0,10.0
0.12,True,0.75,145.3,0.9359612724757953,6767,273,1.2,2.0,10.0
0.15,False,0.25,47.19999999999999,0.03602739726027397,263,273,1.2,2.0,10.0
0.15,False,0.5,71.8,0.03602739726027397,263,273,1.2,2.0,10.0
0.15,False,0.75,114.0,0.03602739726027397,263,273,1.2,2.0,10.0
0.15,True,0.25,49.60000000000001,0.9639726027397261,7037,273,1.2,2.0,10.0
0.15,True,0.5,77.2,0.9639726027397261,7037,273,1.2,2.0,10.0
0.15,True,0.75,123.3,0.9639726027397261,7037,273,1.2,2.0,10.0
0.0,False,0.25,69.15,0.4905345211581292,1762,275,1.2,2.0,10.0
0.0,False,0.5,126.85,0.4905345211581292,1762,275,1.2,2.0,10.0
0.0,False,0.75,216.175,0.4905345211581292,1762,275,1.2,2.0,10.0
0.0,True,0.25,70.72500000000001,0.5094654788418709,1830,275,1.2,2.0,10.0
0.0,True,0.5,123.5,0.5094654788418709,1830,275,1.2,2.0,10.0
0.0,True,0.75,214.3,0.5094654788418709,1830,275,1.2,2.0,10.0
0.03,False,0.25,68.99999999999999,0.32854553060939895,2356,275,1.2,2.0,10.0
0.03,False,0.5,122.85,0.32854553060939895,2356,275,1.2,2.0,10.0
0.03,False,0.75,211.42500000000004,0.32854553060939895,2356,275,1.2,2.0,10.0
0.03,True,0.25,69.2,0.671454469390601,4815,275,1.2,2.0,10.0
0.03,True,0.5,125.5,0.671454469390601,4815,275,1.2,2.0,10.0
0.03,True,0.75,218.60000000000005,0.671454469390601,4815,275,1.2,2.0,10.0
0.06,False,0.25,64.8,0.2003355235565497,1433,275,1.2,2.0,10.0
0.06,False,0.5,115.00000000000001,0.2003355235565497,1433,275,1.2,2.0,10.0
0.06,False,0.75,195.8,0.2003355235565497,1433,275,1.2,2.0,10.0
0.06,True,0.25,64.975,0.7996644764434503,5720,275,1.2,2.0,10.0
0.06,True,0.5,112.09999999999998,0.7996644764434503,5720,275,1.2,2.0,10.0
0.06,True,0.75,190.5,0.7996644764434503,5720,275,1.2,2.0,10.0
0.09,False,0.25,57.825,0.12164725006773232,898,275,1.2,2.0,10.0
0.09,False,0.5,95.8,0.12164725006773232,898,275,1.2,2.0,10.0
0.09,False,0.75,159.92499999999998,0.12164725006773232,898,275,1.2,2.0,10.0
0.09,True,0.25,60.575,0.8783527499322676,6484,275,1.2,2.0,10.0
0.09,True,0.5,100.85000000000001,0.8783527499322676,6484,275,1.2,2.0,10.0
0.09,True,0.75,169.9,0.8783527499322676,6484,275,1.2,2.0,10.0
0.12,False,0.25,56.75,0.06749654218533886,488,275,1.2,2.0,10.0
0.12,False,0.5,86.99999999999999,0.06749654218533886,488,275,1.2,2.0,10.0
0.12,False,0.75,145.075,0.06749654218533886,488,275,1.2,2.0,10.0
0.12,True,0.25,54.00000000000001,0.9325034578146612,6742,275,1.2,2.0,10.0
0.12,True,0.5,88.29999999999997,0.9325034578146612,6742,275,1.2,2.0,10.0
0.12,True,0.75,144.575,0.9325034578146612,6742,275,1.2,2.0,10.0
0.15,False,0.25,44.3,0.03671232876712329,268,275,1.2,2.0,10.0
0.15,False,0.5,77.85,0.03671232876712329,268,275,1.2,2.0,10.0
0.15,False,0.75,123.10000000000001,0.03671232876712329,268,275,1.2,2.0,10.0
0.15,True,0.25,48.89999999999999,0.9632876712328767,7032,275,1.2,2.0,10.0
0.15,True,0.5,77.49999999999999,0.9632876712328767,7032,275,1.2,2.0,10.0
0.15,True,0.75,124.8,0.9632876712328767,7032,275,1.2,2.0,10.0
0.0,False,0.25,70.70000000000002,0.4824805339265851,1735,289,1.2,2.0,10.0
0.0,False,0.5,128.6,0.4824805339265851,1735,289,1.2,2.0,10.0
0.0,False,0.75,229.10000000000002,0.4824805339265851,1735,289,1.2,2.0,10.0
0.0,True,0.25,72.70000000000002,0.5175194660734149,1861,289,1.2,2.0,10.0
0.0,True,0.5,130.99999999999997,0.5175194660734149,1861,289,1.2,2.0,10.0
0.0,True,0.75,225.40000000000003,0.5175194660734149,1861,289,1.2,2.0,10.0
0.03,False,0.25,67.6,0.33124303232998886,2377,289,1.2,2.0,10.0
0.03,False,0.5,120.0,0.33124303232998886,2377,289,1.2,2.0,10.0
0.03,False,0.75,213.60000000000002,0.33124303232998886,2377,289,1.2,2.0,10.0
0.03,True,0.25,69.75,0.6687569676700111,4799,289,1.2,2.0,10.0
0.03,True,0.5,126.5,0.6687569676700111,4799,289,1.2,2.0,10.0
0.03,True,0.75,219.00000000000003,0.6687569676700111,4799,289,1.2,2.0,10.0
0.06,False,0.25,65.45,0.21273031825795644,1524,289,1.2,2.0,10.0
0.06,False,0.5,109.64999999999998,0.21273031825795644,1524,289,1.2,2.0,10.0
0.06,False,0.75,184.2,0.21273031825795644,1524,289,1.2,2.0,10.0
0.06,True,0.25,67.475,0.7872696817420436,5640,289,1.2,2.0,10.0
0.06,True,0.5,115.85000000000001,0.7872696817420436,5640,289,1.2,2.0,10.0
0.06,True,0.75,199.82500000000002,0.7872696817420436,5640,289,1.2,2.0,10.0
0.09,False,0.25,57.150000000000006,0.12119160460392688,895,289,1.2,2.0,10.0
0.09,False,0.5,92.6,0.12119160460392688,895,289,1.2,2.0,10.0
0.09,False,0.75,165.35,0.12119160460392688,895,289,1.2,2.0,10.0
0.09,True,0.25,60.000000000000014,0.8788083953960731,6490,289,1.2,2.0,10.0
0.09,True,0.5,100.94999999999999,0.8788083953960731,6490,289,1.2,2.0,10.0
0.09,True,0.75,171.67499999999998,0.8788083953960731,6490,289,1.2,2.0,10.0
0.12,False,0.25,48.925,0.06887966804979254,498,289,1.2,2.0,10.0
0.12,False,0.5,78.79999999999998,0.06887966804979254,498,289,1.2,2.0,10.0
0.12,False,0.75,140.02499999999998,0.06887966804979254,498,289,1.2,2.0,10.0
0.12,True,0.25,54.6,0.9311203319502075,6732,289,1.2,2.0,10.0
0.12,True,0.5,89.19999999999999,0.9311203319502075,6732,289,1.2,2.0,10.0
0.12,True,0.75,145.89999999999998,0.9311203319502075,6732,289,1.2,2.0,10.0
0.15,False,0.25,45.875,0.03671232876712329,268,289,1.2,2.0,10.0
0.15,False,0.5,74.0,0.03671232876712329,268,289,1.2,2.0,10.0
0.15,False,0.75,122.8,0.03671232876712329,268,289,1.2,2.0,10.0
0.15,True,0.25,49.49999999999999,0.9632876712328767,7032,289,1.2,2.0,10.0
0.15,True,0.5,78.1,0.9632876712328767,7032,289,1.2,2.0,10.0
0.15,True,0.75,124.39999999999999,0.9632876712328767,7032,289,1.2,2.0,10.0
0.0,False,0.25,68.6,0.5027824151363384,1807,290,1.2,2.0,10.0
0.0,False,0.5,125.9,0.5027824151363384,1807,290,1.2,2.0,10.0
0.0,False,0.75,222.80000000000004,0.5027824151363384,1807,290,1.2,2.0,10.0
0.0,True,0.25,70.25,0.49721758486366163,1787,290,1.2,2.0,10.0
0.0,True,0.5,132.5,0.49721758486366163,1787,290,1.2,2.0,10.0
0.0,True,0.75,230.30000000000004,0.49721758486366163,1787,290,1.2,2.0,10.0
0.03,False,0.25,70.475,0.33938040747976556,2432,290,1.2,2.0,10.0
0.03,False,0.5,125.25,0.33938040747976556,2432,290,1.2,2.0,10.0
0.03,False,0.75,224.62500000000006,0.33938040747976556,2432,290,1.2,2.0,10.0
0.03,True,0.25,66.8,0.6606195925202344,4734,290,1.2,2.0,10.0
0.03,True,0.5,120.7,0.6606195925202344,4734,290,1.2,2.0,10.0
0.03,True,0.75,212.275,0.6606195925202344,4734,290,1.2,2.0,10.0
0.06,False,0.25,60.800000000000004,0.21460485897793913,1537,290,1.2,2.0,10.0
0.06,False,0.5,109.29999999999998,0.21460485897793913,1537,290,1.2,2.0,10.0
0.06,False,0.75,189.39999999999998,0.21460485897793913,1537,290,1.2,2.0,10.0
0.06,True,0.25,65.39999999999999,0.7853951410220609,5625,290,1.2,2.0,10.0
0.06,True,0.5,113.9,0.7853951410220609,5625,290,1.2,2.0,10.0
0.06,True,0.75,194.29999999999998,0.7853951410220609,5625,290,1.2,2.0,10.0
0.09,False,0.25,57.400000000000006,0.12569416226466207,928,290,1.2,2.0,10.0
0.09,False,0.5,101.75,0.12569416226466207,928,290,1.2,2.0,10.0
0.09,False,0.75,165.225,0.12569416226466207,928,290,1.2,2.0,10.0
0.09,True,0.25,60.150000000000006,0.874305837735338,6455,290,1.2,2.0,10.0
0.09,True,0.5,102.69999999999999,0.874305837735338,6455,290,1.2,2.0,10.0
0.09,True,0.75,172.5,0.874305837735338,6455,290,1.2,2.0,10.0
0.12,False,0.25,54.325,0.07163601161665054,518,290,1.2,2.0,10.0
0.12,False,0.5,91.39999999999999,0.07163601161665054,518,290,1.2,2.0,10.0
0.12,False,0.75,145.74999999999997,0.07163601161665054,518,290,1.2,2.0,10.0
0.12,True,0.25,53.6,0.9283639883833494,6713,290,1.2,2.0,10.0
0.12,True,0.5,86.5,0.9283639883833494,6713,290,1.2,2.0,10.0
0.12,True,0.75,144.50000000000003,0.9283639883833494,6713,290,1.2,2.0,10.0
0.15,False,0.25,44.0,0.03794520547945206,277,290,1.2,2.0,10.0
0.15,False,0.5,78.3,0.03794520547945206,277,290,1.2,2.0,10.0
0.15,False,0.75,114.89999999999998,0.03794520547945206,277,290,1.2,2.0,10.0
0.15,True,0.25,48.699999999999996,0.962054794520548,7023,290,1.2,2.0,10.0
0.15,True,0.5,77.3,0.962054794520548,7023,290,1.2,2.0,10.0
0.15,True,0.75,123.9,0.962054794520548,7023,290,1.2,2.0,10.0
0.0,False,0.25,70.15,0.5066964285714286,1816,302,1.2,2.0,10.0
0.0,False,0.5,124.85,0.5066964285714286,1816,302,1.2,2.0,10.0
0.0,False,0.75,223.8,0.5066964285714286,1816,302,1.2,2.0,10.0
0.0,True,0.25,69.25,0.49330357142857145,1768,302,1.2,2.0,10.0
0.0,True,0.5,123.54999999999998,0.49330357142857145,1768,302,1.2,2.0,10.0
0.0,True,0.75,221.00000000000003,0.49330357142857145,1768,302,1.2,2.0,10.0
0.03,False,0.25,70.70000000000002,0.33389168062534896,2392,302,1.2,2.0,10.0
0.03,False,0.5,127.39999999999999,0.33389168062534896,2392,302,1.2,2.0,10.0
0.03,False,0.75,214.3,0.33389168062534896,2392,302,1.2,2.0,10.0
0.03,True,0.25,69.875,0.666108319374651,4772,302,1.2,2.0,10.0
0.03,True,0.5,125.79999999999998,0.666108319374651,4772,302,1.2,2.0,10.0
0.03,True,0.75,215.82500000000005,0.666108319374651,4772,302,1.2,2.0,10.0
0.06,False,0.25,64.9,0.21151964210820634,1513,302,1.2,2.0,10.0
0.06,False,0.5,113.19999999999999,0.21151964210820634,1513,302,1.2,2.0,10.0
0.06,False,0.75,195.8,0.21151964210820634,1513,302,1.2,2.0,10.0
0.06,True,0.25,66.075,0.7884803578917936,5640,302,1.2,2.0,10.0
0.06,True,0.5,116.7,0.7884803578917936,5640,302,1.2,2.0,10.0
0.06,True,0.75,196.625,0.7884803578917936,5640,302,1.2,2.0,10.0
0.09,False,0.25,61.9,0.11697806661251016,864,302,1.2,2.0,10.0
0.09,False,0.5,101.35,0.11697806661251016,864,302,1.2,2.0,10.0
0.09,False,0.75,165.725,0.11697806661251016,864,302,1.2,2.0,10.0
0.09,True,0.25,61.000000000000014,0.8830219333874898,6522,302,1.2,2.0,10.0
0.09,True,0.5,104.85,0.8830219333874898,6522,302,1.2,2.0,10.0
0.09,True,0.75,173.875,0.8830219333874898,6522,302,1.2,2.0,10.0
0.12,False,0.25,49.45,0.06736754737861392,487,302,1.2,2.0,10.0
0.12,False,0.5,79.3,0.06736754737861392,487,302,1.2,2.0,10.0
0.12,False,0.75,139.65,0.06736754737861392,487,302,1.2,2.0,10.0
0.12,True,0.25,53.29999999999999,0.932632452621386,6742,302,1.2,2.0,10.0
0.12,True,0.5,87.5,0.932632452621386,6742,302,1.2,2.0,10.0
0.12,True,0.75,146.875,0.932632452621386,6742,302,1.2,2.0,10.0
0.15,False,0.25,47.09999999999999,0.038493150684931504,281,302,1.2,2.0,10.0
0.15,False,0.5,73.3,0.038493150684931504,281,302,1.2,2.0,10.0
0.15,False,0.75,118.7,0.038493150684931504,281,302,1.2,2.0,10.0
0.15,True,0.25,49.55,0.9615068493150685,7019,302,1.2,2.0,10.0
0.15,True,0.5,77.69999999999999,0.9615068493150685,7019,302,1.2,2.0,10.0
0.15,True,0.75,124.49999999999999,0.9615068493150685,7019,302,1.2,2.0,10.0
0.0,False,0.25,72.3,0.5059838575006957,1818,304,1.2,2.0,10.0
0.0,False,0.5,135.79999999999998,0.5059838575006957,1818,304,1.2,2.0,10.0
0.0,False,0.75,225.95000000000005,0.5059838575006957,1818,304,1.2,2.0,10.0
0.0,True,0.25,71.29999999999998,0.4940161424993042,1775,304,1.2,2.0,10.0
0.0,True,0.5,128.99999999999997,0.4940161424993042,1775,304,1.2,2.0,10.0
0.0,True,0.75,228.40000000000003,0.4940161424993042,1775,304,1.2,2.0,10.0
0.03,False,0.25,70.70000000000002,0.3464380315070403,2485,304,1.2,2.0,10.0
0.03,False,0.5,123.2,0.3464380315070403,2485,304,1.2,2.0,10.0
0.03,False,0.75,216.70000000000005,0.3464380315070403,2485,304,1.2,2.0,10.0
0.03,True,0.25,68.15,0.6535619684929597,4688,304,1.2,2.0,10.0
0.03,True,0.5,124.64999999999999,0.6535619684929597,4688,304,1.2,2.0,10.0
0.03,True,0.75,213.55000000000004,0.6535619684929597,4688,304,1.2,2.0,10.0
0.06,False,0.25,64.65,0.20824022346368715,1491,304,1.2,2.0,10.0
0.06,False,0.5,111.00000000000001,0.20824022346368715,1491,304,1.2,2.0,10.0
0.06,False,0.75,195.85000000000002,0.20824022346368715,1491,304,1.2,2.0,10.0
0.06,True,0.25,64.8,0.7917597765363128,5669,304,1.2,2.0,10.0
0.06,True,0.5,114.3,0.7917597765363128,5669,304,1.2,2.0,10.0
0.06,True,0.75,194.80000000000004,0.7917597765363128,5669,304,1.2,2.0,10.0
0.09,False,0.25,57.699999999999996,0.12080173347778982,892,304,1.2,2.0,10.0
0.09,False,0.5,102.64999999999999,0.12080173347778982,892,304,1.2,2.0,10.0
0.09,False,0.75,164.59999999999997,0.12080173347778982,892,304,1.2,2.0,10.0
0.09,True,0.25,61.800000000000004,0.8791982665222102,6492,304,1.2,2.0,10.0
0.09,True,0.5,102.5,0.8791982665222102,6492,304,1.2,2.0,10.0
0.09,True,0.75,173.2,0.8791982665222102,6492,304,1.2,2.0,10.0
0.12,False,0.25,55.05,0.06848367459878252,495,304,1.2,2.0,10.0
0.12,False,0.5,89.49999999999999,0.06848367459878252,495,304,1.2,2.0,10.0
0.12,False,0.75,140.39999999999998,0.06848367459878252,495,304,1.2,2.0,10.0
0.12,True,0.25,54.2,0.9315163254012175,6733,304,1.2,2.0,10.0
0.12,True,0.5,89.8,0.9315163254012175,6733,304,1.2,2.0,10.0
0.12,True,0.75,145.7,0.9315163254012175,6733,304,1.2,2.0,10.0
0.15,False,0.25,48.825,0.034794520547945205,254,304,1.2,2.0,10.0
0.15,False,0.5,79.1,0.034794520547945205,254,304,1.2,2.0,10.0
0.15,False,0.75,113.775,0.034794520547945205,254,304,1.2,2.0,10.0
0.15,True,0.25,48.3,0.9652054794520548,7046,304,1.2,2.0,10.0
0.15,True,0.5,76.59999999999998,0.9652054794520548,7046,304,1.2,2.0,10.0
0.15,True,0.75,122.09999999999998,0.9652054794520548,7046,304,1.2,2.0,10.0
0.0,False,0.25,67.2,0.49944289693593313,1793,307,1.2,2.0,10.0
0.0,False,0.5,121.69999999999999,0.49944289693593313,1793,307,1.2,2.0,10.0
0.0,False,0.75,216.50000000000006,0.49944289693593313,1793,307,1.2,2.0,10.0
0.0,True,0.25,69.99999999999999,0.5005571030640669,1797,307,1.2,2.0,10.0
0.0,True,0.5,121.9,0.5005571030640669,1797,307,1.2,2.0,10.0
0.0,True,0.75,214.20000000000002,0.5005571030640669,1797,307,1.2,2.0,10.0
0.03,False,0.25,70.6,0.33807729873029163,2423,307,1.2,2.0,10.0
0.03,False,0.5,123.50000000000001,0.33807729873029163,2423,307,1.2,2.0,10.0
0.03,False,0.75,220.50000000000003,0.33807729873029163,2423,307,1.2,2.0,10.0
0.03,True,0.25,71.875,0.6619227012697084,4744,307,1.2,2.0,10.0
0.03,True,0.5,124.64999999999999,0.6619227012697084,4744,307,1.2,2.0,10.0
0.03,True,0.75,216.00000000000003,0.6619227012697084,4744,307,1.2,2.0,10.0
0.06,False,0.25,64.975,0.21126170183037585,1512,307,1.2,2.0,10.0
0.06,False,0.5,113.25000000000001,0.21126170183037585,1512,307,1.2,2.0,10.0
0.06,False,0.75,196.39999999999998,0.21126170183037585,1512,307,1.2,2.0,10.0
0.06,True,0.25,65.19999999999999,0.7887382981696242,5645,307,1.2,2.0,10.0
0.06,True,0.5,113.19999999999999,0.7887382981696242,5645,307,1.2,2.0,10.0
0.06,True,0.75,193.49999999999997,0.7887382981696242,5645,307,1.2,2.0,10.0
0.09,False,0.25,59.75,0.11469194312796209,847,307,1.2,2.0,10.0
0.09,False,0.5,100.10000000000001,0.11469194312796209,847,307,1.2,2.0,10.0
0.09,False,0.75,164.0,0.11469194312796209,847,307,1.2,2.0,10.0
0.09,True,0.25,60.60000000000001,0.885308056872038,6538,307,1.2,2.0,10.0
0.09,True,0.5,101.94999999999999,0.885308056872038,6538,307,1.2,2.0,10.0
0.09,True,0.75,171.29999999999998,0.885308056872038,6538,307,1.2,2.0,10.0
0.12,False,0.25,53.69999999999999,0.06818810511756569,493,307,1.2,2.0,10.0
0.12,False,0.5,80.1,0.06818810511756569,493,307,1.2,2.0,10.0
0.12,False,0.75,141.89999999999998,0.06818810511756569,493,307,1.2,2.0,10.0
0.12,True,0.25,55.099999999999994,0.9318118948824343,6737,307,1.2,2.0,10.0
0.12,True,0.5,90.1,0.9318118948824343,6737,307,1.2,2.0,10.0
0.12,True,0.75,147.4,0.9318118948824343,6737,307,1.2,2.0,10.0
0.15,False,0.25,45.800000000000004,0.03917808219178082,286,307,1.2,2.0,10.0
0.15,False,0.5,72.44999999999999,0.03917808219178082,286,307,1.2,2.0,10.0
0.15,False,0.75,108.97500000000001,0.03917808219178082,286,307,1.2,2.0,10.0
0.15,True,0.25,49.0,0.9608219178082191,7014,307,1.2,2.0,10.0
0.15,True,0.5,78.39999999999999,0.9608219178082191,7014,307,1.2,2.0,10.0
0.15,True,0.75,125.275,0.9608219178082191,7014,307,1.2,2.0,10.0
0.0,False,0.25,72.85,0.5118351434140908,1838,308,1.2,2.0,10.0
0.0,False,0.5,134.3,0.5118351434140908,1838,308,1.2,2.0,10.0
0.0,False,0.75,225.275,0.5118351434140908,1838,308,1.2,2.0,10.0
0.0,True,0.25,72.70000000000002,0.4881648565859092,1753,308,1.2,2.0,10.0
0.0,True,0.5,129.3,0.4881648565859092,1753,308,1.2,2.0,10.0
0.0,True,0.75,231.00000000000003,0.4881648565859092,1753,308,1.2,2.0,10.0
0.03,False,0.25,66.8,0.34193998604326586,2450,308,1.2,2.0,10.0
0.03,False,0.5,121.9,0.34193998604326586,2450,308,1.2,2.0,10.0
0.03,False,0.75,215.07500000000002,0.34193998604326586,2450,308,1.2,2.0,10.0
0.03,True,0.25,70.39999999999999,0.6580600139567341,4715,308,1.2,2.0,10.0
0.03,True,0.5,123.79999999999998,0.6580600139567341,4715,308,1.2,2.0,10.0
0.03,True,0.75,215.50000000000003,0.6580600139567341,4715,308,1.2,2.0,10.0
0.06,False,0.25,62.650000000000006,0.21234981838502376,1520,308,1.2,2.0,10.0
0.06,False,0.5,111.45000000000002,0.21234981838502376,1520,308,1.2,2.0,10.0
0.06,False,0.75,194.7,0.21234981838502376,1520,308,1.2,2.0,10.0
0.06,True,0.25,64.5,0.7876501816149762,5638,308,1.2,2.0,10.0
0.06,True,0.5,114.44999999999999,0.7876501816149762,5638,308,1.2,2.0,10.0
0.06,True,0.75,197.49999999999997,0.7876501816149762,5638,308,1.2,2.0,10.0
0.09,False,0.25,59.400000000000006,0.11144211238997968,823,308,1.2,2.0,10.0
0.09,False,0.5,97.4,0.11144211238997968,823,308,1.2,2.0,10.0
0.09,False,0.75,165.1,0.11144211238997968,823,308,1.2,2.0,10.0
0.09,True,0.25,60.699999999999996,0.8885578876100203,6562,308,1.2,2.0,10.0
0.09,True,0.5,103.29999999999998,0.8885578876100203,6562,308,1.2,2.0,10.0
0.09,True,0.75,173.7,0.8885578876100203,6562,308,1.2,2.0,10.0
0.12,False,0.25,49.400000000000006,0.06376210235131397,461,308,1.2,2.0,10.0
0.12,False,0.5,81.9,0.06376210235131397,461,308,1.2,2.0,10.0
0.12,False,0.75,142.6,0.06376210235131397,461,308,1.2,2.0,10.0
0.12,True,0.25,53.49999999999999,0.936237897648686,6769,308,1.2,2.0,10.0
0.12,True,0.5,87.5,0.936237897648686,6769,308,1.2,2.0,10.0
0.12,True,0.75,143.79999999999998,0.936237897648686,6769,308,1.2,2.0,10.0
0.15,False,0.25,47.79999999999999,0.039863013698630136,291,308,1.2,2.0,10.0
0.15,False,0.5,69.8,0.039863013698630136,291,308,1.2,2.0,10.0
0.15,False,0.75,118.29999999999998,0.039863013698630136,291,308,1.2,2.0,10.0
0.15,True,0.25,49.49999999999999,0.9601369863013699,7009,308,1.2,2.0,10.0
0.15,True,0.5,77.1,0.9601369863013699,7009,308,1.2,2.0,10.0
0.15,True,0.75,123.2,0.9601369863013699,7009,308,1.2,2.0,10.0
0.0,False,0.25,74.80000000000001,0.4911012235817575,1766,312,1.2,2.0,10.0
0.0,False,0.5,135.45,0.4911012235817575,1766,312,1.2,2.0,10.0
0.0,False,0.75,231.87500000000006,0.4911012235817575,1766,312,1.2,2.0,10.0
0.0,True,0.25,71.225,0.5088987764182424,1830,312,1.2,2.0,10.0
0.0,True,0.5,125.44999999999999,0.5088987764182424,1830,312,1.2,2.0,10.0
0.0,True,0.75,225.25,0.5088987764182424,1830,312,1.2,2.0,10.0
0.03,False,0.25,67.10000000000001,0.3561166131957037,2553,312,1.2,2.0,10.0
0.03,False,0.5,121.39999999999998,0.3561166131957037,2553,312,1.2,2.0,10.0
0.03,False,0.75,205.20000000000005,0.3561166131957037,2553,312,1.2,2.0,10.0
0.03,True,0.25,68.6,0.6438833868042962,4616,312,1.2,2.0,10.0
0.03,True,0.5,124.85,0.6438833868042962,4616,312,1.2,2.0,10.0
0.03,True,0.75,213.225,0.6438833868042962,4616,312,1.2,2.0,10.0
0.06,False,0.25,62.300000000000004,0.2131078814980436,1525,312,1.2,2.0,10.0
0.06,False,0.5,109.10000000000001,0.2131078814980436,1525,312,1.2,2.0,10.0
0.06,False,0.75,193.1,0.2131078814980436,1525,312,1.2,2.0,10.0
0.06,True,0.25,64.9,0.7868921185019564,5631,312,1.2,2.0,10.0
0.06,True,0.5,112.49999999999997,0.7868921185019564,5631,312,1.2,2.0,10.0
0.06,True,0.75,193.65000000000003,0.7868921185019564,5631,312,1.2,2.0,10.0
0.09,False,0.25,55.699999999999996,0.12544026009211595,926,312,1.2,2.0,10.0
0.09,False,0.5,97.89999999999999,0.12544026009211595,926,312,1.2,2.0,10.0
0.09,False,0.75,168.57500000000002,0.12544026009211595,926,312,1.2,2.0,10.0
0.09,True,0.25,59.575,0.874559739907884,6456,312,1.2,2.0,10.0
0.09,True,0.5,101.99999999999999,0.874559739907884,6456,312,1.2,2.0,10.0
0.09,True,0.75,171.7,0.874559739907884,6456,312,1.2,2.0,10.0
0.12,False,0.25,54.2,0.06819753769539355,493,312,1.2,2.0,10.0
0.12,False,0.5,87.9,0.06819753769539355,493,312,1.2,2.0,10.0
0.12,False,0.75,143.5,0.06819753769539355,493,312,1.2,2.0,10.0
0.12,True,0.25,54.800000000000004,0.9318024623046064,6736,312,1.2,2.0,10.0
0.12,True,0.5,88.79999999999998,0.9318024623046064,6736,312,1.2,2.0,10.0
0.12,True,0.75,146.9,0.9318024623046064,6736,312,1.2,2.0,10.0
0.15,False,0.25,45.800000000000004,0.03438356164383562,251,312,1.2,2.0,10.0
0.15,False,0.5,71.2,0.03438356164383562,251,312,1.2,2.0,10.0
0.15,False,0.75,114.14999999999999,0.03438356164383562,251,312,1.2,2.0,10.0
0.15,True,0.25,49.800000000000004,0.9656164383561644,7049,312,1.2,2.0,10.0
0.15,True,0.5,78.69999999999999,0.9656164383561644,7049,312,1.2,2.0,10.0
0.15,True,0.75,125.69999999999997,0.9656164383561644,7049,312,1.2,2.0,10.0
0.0,False,0.25,70.275,0.5001392369813422,1796,316,1.2,2.0,10.0
0.0,False,0.5,126.19999999999997,0.5001392369813422,1796,316,1.2,2.0,10.0
0.0,False,0.75,222.47500000000002,0.5001392369813422,1796,316,1.2,2.0,10.0
0.0,True,0.25,70.19999999999999,0.4998607630186577,1795,316,1.2,2.0,10.0
0.0,True,0.5,127.39999999999999,0.4998607630186577,1795,316,1.2,2.0,10.0
0.0,True,0.75,216.85000000000002,0.4998607630186577,1795,316,1.2,2.0,10.0
0.03,False,0.25,71.6,0.33714604547356675,2417,316,1.2,2.0,10.0
0.03,False,0.5,128.8,0.33714604547356675,2417,316,1.2,2.0,10.0
0.03,False,0.75,218.90000000000003,0.33714604547356675,2417,316,1.2,2.0,10.0
0.03,True,0.25,68.70000000000002,0.6628539545264333,4752,316,1.2,2.0,10.0
0.03,True,0.5,123.10000000000001,0.6628539545264333,4752,316,1.2,2.0,10.0
0.03,True,0.75,211.05,0.6628539545264333,4752,316,1.2,2.0,10.0
0.06,False,0.25,63.399999999999984,0.20625610948191594,1477,316,1.2,2.0,10.0
0.06,False,0.5,111.19999999999999,0.20625610948191594,1477,316,1.2,2.0,10.0
0.06,False,0.75,182.8,0.20625610948191594,1477,316,1.2,2.0,10.0
0.06,True,0.25,67.39999999999999,0.793743890518084,5684,316,1.2,2.0,10.0
0.06,True,0.5,117.2,0.793743890518084,5684,316,1.2,2.0,10.0
0.06,True,0.75,195.25,0.793743890518084,5684,316,1.2,2.0,10.0
0.09,False,0.25,55.425000000000004,0.12263129399025446,906,316,1.2,2.0,10.0
0.09,False,0.5,97.6,0.12263129399025446,906,316,1.2,2.0,10.0
0.09,False,0.75,160.17499999999998,0.12263129399025446,906,316,1.2,2.0,10.0
0.09,True,0.25,59.5,0.8773687060097455,6482,316,1.2,2.0,10.0
0.09,True,0.5,101.5,0.8773687060097455,6482,316,1.2,2.0,10.0
0.09,True,0.75,168.60000000000002,0.8773687060097455,6482,316,1.2,2.0,10.0
0.12,False,0.25,52.400000000000006,0.0698381966532983,505,316,1.2,2.0,10.0
0.12,False,0.5,86.3,0.0698381966532983,505,316,1.2,2.0,10.0
0.12,False,0.75,144.7,0.0698381966532983,505,316,1.2,2.0,10.0
0.12,True,0.25,54.2,0.9301618033467017,6726,316,1.2,2.0,10.0
0.12,True,0.5,89.30000000000001,0.9301618033467017,6726,316,1.2,2.0,10.0
0.12,True,0.75,144.40000000000003,0.9301618033467017,6726,316,1.2,2.0,10.0
0.15,False,0.25,41.9,0.03575342465753425,261,316,1.2,2.0,10.0
0.15,False,0.5,65.9,0.03575342465753425,261,316,1.2,2.0,10.0
0.15,False,0.75,112.2,0.03575342465753425,261,316,1.2,2.0,10.0
0.15,True,0.25,49.89999999999999,0.9642465753424657,7039,316,1.2,2.0,10.0
0.15,True,0.5,78.69999999999999,0.9642465753424657,7039,316,1.2,2.0,10.0
0.15,True,0.75,124.35,0.9642465753424657,7039,316,1.2,2.0,10.0
0.0,False,0.25,68.02499999999999,0.5070971333147788,1822,330,1.2,2.0,10.0
0.0,False,0.5,119.35,0.5070971333147788,1822,330,1.2,2.0,10.0
0.0,False,0.75,218.95000000000002,0.5070971333147788,1822,330,1.2,2.0,10.0
0.0,True,0.25,68.95,0.49290286668522126,1771,330,1.2,2.0,10.0
0.0,True,0.5,128.99999999999997,0.49290286668522126,1771,330,1.2,2.0,10.0
0.0,True,0.75,222.15000000000003,0.49290286668522126,1771,330,1.2,2.0,10.0
0.03,False,0.25,68.075,0.32937892533147245,2360,330,1.2,2.0,10.0
0.03,False,0.5,122.35,0.32937892533147245,2360,330,1.2,2.0,10.0
0.03,False,0.75,210.05,0.32937892533147245,2360,330,1.2,2.0,10.0
0.03,True,0.25,68.6,0.6706210746685276,4805,330,1.2,2.0,10.0
0.03,True,0.5,125.10000000000002,0.6706210746685276,4805,330,1.2,2.0,10.0
0.03,True,0.75,217.60000000000002,0.6706210746685276,4805,330,1.2,2.0,10.0
0.06,False,0.25,61.9,0.21098993288590603,1509,330,1.2,2.0,10.0
0.06,False,0.5,107.80000000000001,0.21098993288590603,1509,330,1.2,2.0,10.0
0.06,False,0.75,190.6,0.21098993288590603,1509,330,1.2,2.0,10.0
0.06,True,0.25,65.85,0.7890100671140939,5643,330,1.2,2.0,10.0
0.06,True,0.5,115.10000000000001,0.7890100671140939,5643,330,1.2,2.0,10.0
0.06,True,0.75,197.8,0.7890100671140939,5643,330,1.2,2.0,10.0
0.09,False,0.25,55.89999999999999,0.12691317892455642,937,330,1.2,2.0,10.0
0.09,False,0.5,98.19999999999999,0.12691317892455642,937,330,1.2,2.0,10.0
0.09,False,0.75,166.4,0.12691317892455642,937,330,1.2,2.0,10.0
0.09,True,0.25,59.5,0.8730868210754436,6446,330,1.2,2.0,10.0
0.09,True,0.5,99.44999999999999,0.8730868210754436,6446,330,1.2,2.0,10.0
0.09,True,0.75,170.675,0.8730868210754436,6446,330,1.2,2.0,10.0
0.12,False,0.25,49.89999999999999,0.07012448132780083,507,330,1.2,2.0,10.0
0.12,False,0.5,80.49999999999999,0.07012448132780083,507,330,1.2,2.0,10.0
0.12,False,0.75,138.7,0.07012448132780083,507,330,1.2,2.0,10.0
0.12,True,0.25,54.49999999999999,0.9298755186721992,6723,330,1.2,2.0,10.0
0.12,True,0.5,87.79999999999998,0.9298755186721992,6723,330,1.2,2.0,10.0
0.12,True,0.75,141.6,0.9298755186721992,6723,330,1.2,2.0,10.0
0.15,False,0.25,43.225,0.036986301369863014,270,330,1.2,2.0,10.0
0.15,False,0.5,71.6,0.036986301369863014,270,330,1.2,2.0,10.0
0.15,False,0.75,123.0,0.036986301369863014,270,330,1.2,2.0,10.0
0.15,True,0.25,48.49999999999999,0.963013698630137,7030,330,1.2,2.0,10.0
0.15,True,0.5,77.60000000000001,0.963013698630137,7030,330,1.2,2.0,10.0
0.15,True,0.75,122.0,0.963013698630137,7030,330,1.2,2.0,10.0
0.0,False,0.25,69.8,0.4930555555555556,1775,335,1.2,2.0,10.0
0.0,False,0.5,121.3,0.4930555555555556,1775,335,1.2,2.0,10.0
0.0,False,0.75,212.4,0.4930555555555556,1775,335,1.2,2.0,10.0
0.0,True,0.25,72.39999999999999,0.5069444444444444,1825,335,1.2,2.0,10.0
0.0,True,0.5,126.99999999999997,0.5069444444444444,1825,335,1.2,2.0,10.0
0.0,True,0.75,223.3,0.5069444444444444,1825,335,1.2,2.0,10.0
0.03,False,0.25,69.39999999999999,0.3450390189520624,2476,335,1.2,2.0,10.0
0.03,False,0.5,122.35,0.3450390189520624,2476,335,1.2,2.0,10.0
0.03,False,0.75,212.92500000000004,0.3450390189520624,2476,335,1.2,2.0,10.0
0.03,True,0.25,68.6,0.6549609810479375,4700,335,1.2,2.0,10.0
0.03,True,0.5,123.50000000000001,0.6549609810479375,4700,335,1.2,2.0,10.0
0.03,True,0.75,214.65000000000003,0.6549609810479375,4700,335,1.2,2.0,10.0
0.06,False,0.25,61.95,0.20673748951635448,1479,335,1.2,2.0,10.0
0.06,False,0.5,111.40000000000002,0.20673748951635448,1479,335,1.2,2.0,10.0
0.06,False,0.75,189.40000000000003,0.20673748951635448,1479,335,1.2,2.0,10.0
0.06,True,0.25,66.39999999999999,0.7932625104836455,5675,335,1.2,2.0,10.0
0.06,True,0.5,114.09999999999998,0.7932625104836455,5675,335,1.2,2.0,10.0
0.06,True,0.75,197.45,0.7932625104836455,5675,335,1.2,2.0,10.0
0.09,False,0.25,56.550000000000004,0.11970209884901828,884,335,1.2,2.0,10.0
0.09,False,0.5,94.25,0.11970209884901828,884,335,1.2,2.0,10.0
0.09,False,0.75,161.25,0.11970209884901828,884,335,1.2,2.0,10.0
0.09,True,0.25,58.60000000000001,0.8802979011509817,6501,335,1.2,2.0,10.0
0.09,True,0.5,100.29999999999998,0.8802979011509817,6501,335,1.2,2.0,10.0
0.09,True,0.75,168.20000000000002,0.8802979011509817,6501,335,1.2,2.0,10.0
0.12,False,0.25,49.449999999999996,0.07082584036519574,512,335,1.2,2.0,10.0
0.12,False,0.5,85.44999999999999,0.07082584036519574,512,335,1.2,2.0,10.0
0.12,False,0.75,146.50000000000003,0.07082584036519574,512,335,1.2,2.0,10.0
0.12,True,0.25,54.099999999999994,0.9291741596348042,6717,335,1.2,2.0,10.0
0.12,True,0.5,86.7,0.9291741596348042,6717,335,1.2,2.0,10.0
0.12,True,0.75,141.4,0.9291741596348042,6717,335,1.2,2.0,10.0
0.15,False,0.25,46.75,0.039863013698630136,291,335,1.2,2.0,10.0
0.15,False,0.5,82.3,0.039863013698630136,291,335,1.2,2.0,10.0
0.15,False,0.75,134.79999999999998,0.039863013698630136,291,335,1.2,2.0,10.0
0.15,True,0.25,48.699999999999996,0.9601369863013699,7009,335,1.2,2.0,10.0
0.15,True,0.5,78.19999999999997,0.9601369863013699,7009,335,1.2,2.0,10.0
0.15,True,0.75,123.69999999999999,0.9601369863013699,7009,335,1.2,2.0,10.0
0.0,False,0.25,70.39999999999999,0.5172701949860724,1857,345,1.2,2.0,10.0
0.0,False,0.5,128.6,0.5172701949860724,1857,345,1.2,2.0,10.0
0.0,False,0.75,217.20000000000002,0.5172701949860724,1857,345,1.2,2.0,10.0
0.0,True,0.25,72.3,0.4827298050139276,1733,345,1.2,2.0,10.0
0.0,True,0.5,129.39999999999998,0.4827298050139276,1733,345,1.2,2.0,10.0
0.0,True,0.75,220.70000000000005,0.4827298050139276,1733,345,1.2,2.0,10.0
0.03,False,0.25,72.3,0.34127979924717694,2448,345,1.2,2.0,10.0
0.03,False,0.5,125.64999999999998,0.34127979924717694,2448,345,1.2,2.0,10.0
0.03,False,0.75,218.62500000000006,0.34127979924717694,2448,345,1.2,2.0,10.0
0.03,True,0.25,69.6,0.6587202007528231,4725,345,1.2,2.0,10.0
0.03,True,0.5,122.7,0.6587202007528231,4725,345,1.2,2.0,10.0
0.03,True,0.75,212.20000000000002,0.6587202007528231,4725,345,1.2,2.0,10.0
0.06,False,0.25,63.525,0.21598211791003075,1546,345,1.2,2.0,10.0
0.06,False,0.5,113.40000000000002,0.21598211791003075,1546,345,1.2,2.0,10.0
0.06,False,0.75,201.50000000000003,0.21598211791003075,1546,345,1.2,2.0,10.0
0.06,True,0.25,65.3,0.7840178820899693,5612,345,1.2,2.0,10.0
0.06,True,0.5,113.24999999999999,0.7840178820899693,5612,345,1.2,2.0,10.0
0.06,True,0.75,194.125,0.7840178820899693,5612,345,1.2,2.0,10.0
0.09,False,0.25,57.625,0.12587980508933405,930,345,1.2,2.0,10.0
0.09,False,0.5,98.90000000000002,0.12587980508933405,930,345,1.2,2.0,10.0
0.09,False,0.75,166.9,0.12587980508933405,930,345,1.2,2.0,10.0
0.09,True,0.25,60.000000000000014,0.874120194910666,6458,345,1.2,2.0,10.0
0.09,True,0.5,100.6,0.874120194910666,6458,345,1.2,2.0,10.0
0.09,True,0.75,169.17499999999998,0.874120194910666,6458,345,1.2,2.0,10.0
0.12,False,0.25,52.69999999999999,0.06210235131396957,449,345,1.2,2.0,10.0
0.12,False,0.5,85.49999999999999,0.06210235131396957,449,345,1.2,2.0,10.0
0.12,False,0.75,140.29999999999998,0.06210235131396957,449,345,1.2,2.0,10.0
0.12,True,0.25,54.099999999999994,0.9378976486860304,6781,345,1.2,2.0,10.0
0.12,True,0.5,87.9,0.9378976486860304,6781,345,1.2,2.0,10.0
0.12,True,0.75,144.7,0.9378976486860304,6781,345,1.2,2.0,10.0
0.15,False,0.25,48.825,0.03863013698630137,282,345,1.2,2.0,10.0
0.15,False,0.5,71.15,0.03863013698630137,282,345,1.2,2.0,10.0
0.15,False,0.75,117.94999999999999,0.03863013698630137,282,345,1.2,2.0,10.0
0.15,True,0.25,48.6,0.9613698630136986,7018,345,1.2,2.0,10.0
0.15,True,0.5,77.94999999999999,0.9613698630136986,7018,345,1.2,2.0,10.0
0.15,True,0.75,123.675,0.9613698630136986,7018,345,1.2,2.0,10.0
0.0,False,0.25,67.5,0.5011117287381879,1803,356,1.2,2.0,10.0
0.0,False,0.5,121.9,0.5011117287381879,1803,356,1.2,2.0,10.0
0.0,False,0.75,214.40000000000003,0.5011117287381879,1803,356,1.2,2.0,10.0
0.0,True,0.25,75.25,0.4988882712618121,1795,356,1.2,2.0,10.0
0.0,True,0.5,129.7,0.4988882712618121,1795,356,1.2,2.0,10.0
0.0,True,0.75,223.10000000000002,0.4988882712618121,1795,356,1.2,2.0,10.0
0.03,False,0.25,68.3,0.3432191590086327,2465,356,1.2,2.0,10.0
0.03,False,0.5,123.9,0.3432191590086327,2465,356,1.2,2.0,10.0
0.03,False,0.75,215.70000000000005,0.3432191590086327,2465,356,1.2,2.0,10.0
0.03,True,0.25,70.89999999999999,0.6567808409913674,4717,356,1.2,2.0,10.0
0.03,True,0.5,126.0,0.6567808409913674,4717,356,1.2,2.0,10.0
0.03,True,0.75,220.20000000000005,0.6567808409913674,4717,356,1.2,2.0,10.0
0.06,False,0.25,64.35,0.20368818105616093,1458,356,1.2,2.0,10.0
0.06,False,0.5,109.45,0.20368818105616093,1458,356,1.2,2.0,10.0
0.06,False,0.75,188.875,0.20368818105616093,1458,356,1.2,2.0,10.0
0.06,True,0.25,63.59999999999999,0.7963118189438391,5700,356,1.2,2.0,10.0
0.06,True,0.5,110.79999999999998,0.7963118189438391,5700,356,1.2,2.0,10.0
0.06,True,0.75,194.325,0.7963118189438391,5700,356,1.2,2.0,10.0
0.09,False,0.25,59.35,0.12498307379823967,923,356,1.2,2.0,10.0
0.09,False,0.5,99.89999999999999,0.12498307379823967,923,356,1.2,2.0,10.0
0.09,False,0.75,168.05,0.12498307379823967,923,356,1.2,2.0,10.0
0.09,True,0.25,59.60000000000001,0.8750169262017603,6462,356,1.2,2.0,10.0
0.09,True,0.5,101.99999999999999,0.8750169262017603,6462,356,1.2,2.0,10.0
0.09,True,0.75,167.9,0.8750169262017603,6462,356,1.2,2.0,10.0
0.12,False,0.25,56.89999999999999,0.06763485477178423,489,356,1.2,2.0,10.0
0.12,False,0.5,84.19999999999999,0.06763485477178423,489,356,1.2,2.0,10.0
0.12,False,0.75,140.9,0.06763485477178423,489,356,1.2,2.0,10.0
0.12,True,0.25,52.8,0.9323651452282158,6741,356,1.2,2.0,10.0
0.12,True,0.5,86.4,0.9323651452282158,6741,356,1.2,2.0,10.0
0.12,True,0.75,142.8,0.9323651452282158,6741,356,1.2,2.0,10.0
0.15,False,0.25,43.5,0.03547945205479452,259,356,1.2,2.0,10.0
0.15,False,0.5,66.7,0.03547945205479452,259,356,1.2,2.0,10.0
0.15,False,0.75,106.80000000000001,0.03547945205479452,259,356,1.2,2.0,10.0
0.15,True,0.25,47.89999999999999,0.9645205479452055,7041,356,1.2,2.0,10.0
0.15,True,0.5,76.59999999999998,0.9645205479452055,7041,356,1.2,2.0,10.0
0.15,True,0.75,123.79999999999998,0.9645205479452055,7041,356,1.2,2.0,10.0
0.0,False,0.25,70.925,0.49610244988864144,1782,358,1.2,2.0,10.0
0.0,False,0.5,124.8,0.49610244988864144,1782,358,1.2,2.0,10.0
0.0,False,0.75,218.85000000000002,0.49610244988864144,1782,358,1.2,2.0,10.0
0.0,True,0.25,70.12499999999999,0.5038975501113586,1810,358,1.2,2.0,10.0
0.0,True,0.5,129.5,0.5038975501113586,1810,358,1.2,2.0,10.0
0.0,True,0.75,220.20000000000005,0.5038975501113586,1810,358,1.2,2.0,10.0
0.03,False,0.25,69.39999999999999,0.35672433035714285,2557,358,1.2,2.0,10.0
0.03,False,0.5,122.59999999999997,0.35672433035714285,2557,358,1.2,2.0,10.0
0.03,False,0.75,221.20000000000002,0.35672433035714285,2557,358,1.2,2.0,10.0
0.03,True,0.25,69.65,0.6432756696428571,4611,358,1.2,2.0,10.0
0.03,True,0.5,124.1,0.6432756696428571,4611,358,1.2,2.0,10.0
0.03,True,0.75,216.75000000000006,0.6432756696428571,4611,358,1.2,2.0,10.0
0.06,False,0.25,61.075,0.21008520743120548,1504,358,1.2,2.0,10.0
0.06,False,0.5,111.5,0.21008520743120548,1504,358,1.2,2.0,10.0
0.06,False,0.75,190.0,0.21008520743120548,1504,358,1.2,2.0,10.0
0.06,True,0.25,66.5,0.7899147925687945,5655,358,1.2,2.0,10.0
0.06,True,0.5,113.00000000000001,0.7899147925687945,5655,358,1.2,2.0,10.0
0.06,True,0.75,194.6,0.7899147925687945,5655,358,1.2,2.0,10.0
0.09,False,0.25,58.1,0.12229144095341278,903,358,1.2,2.0,10.0
0.09,False,0.5,99.30000000000001,0.12229144095341278,903,358,1.2,2.0,10.0
0.09,False,0.75,166.0,0.12229144095341278,903,358,1.2,2.0,10.0
0.09,True,0.25,59.699999999999996,0.8777085590465872,6481,358,1.2,2.0,10.0
0.09,True,0.5,100.5,0.8777085590465872,6481,358,1.2,2.0,10.0
0.09,True,0.75,171.5,0.8777085590465872,6481,358,1.2,2.0,10.0
0.12,False,0.25,50.749999999999986,0.07109266943291839,514,358,1.2,2.0,10.0
0.12,False,0.5,81.5,0.07109266943291839,514,358,1.2,2.0,10.0
0.12,False,0.75,135.02499999999998,0.07109266943291839,514,358,1.2,2.0,10.0
0.12,True,0.25,54.2,0.9289073305670816,6716,358,1.2,2.0,10.0
0.12,True,0.5,88.74999999999997,0.9289073305670816,6716,358,1.2,2.0,10.0
0.12,True,0.75,144.225,0.9289073305670816,6716,358,1.2,2.0,10.0
0.15,False,0.25,48.6,0.04096451568708042,299,358,1.2,2.0,10.0
0.15,False,0.5,75.89999999999999,0.04096451568708042,299,358,1.2,2.0,10.0
0.15,False,0.75,109.35,0.04096451568708042,299,358,1.2,2.0,10.0
0.15,True,0.25,49.275,0.9590354843129196,7000,358,1.2,2.0,10.0
0.15,True,0.5,77.60000000000001,0.9590354843129196,7000,358,1.2,2.0,10.0
0.15,True,0.75,123.225,0.9590354843129196,7000,358,1.2,2.0,10.0
0.0,False,0.25,69.02499999999999,0.5065332221295524,1822,362,1.2,2.0,10.0
0.0,False,0.5,122.49999999999999,0.5065332221295524,1822,362,1.2,2.0,10.0
0.0,False,0.75,214.07500000000005,0.5065332221295524,1822,362,1.2,2.0,10.0
0.0,True,0.25,73.80000000000001,0.49346677787044757,1775,362,1.2,2.0,10.0
0.0,True,0.5,133.7,0.49346677787044757,1775,362,1.2,2.0,10.0
0.0,True,0.75,225.90000000000003,0.49346677787044757,1775,362,1.2,2.0,10.0
0.03,False,0.25,71.47500000000001,0.3374703667549854,2420,362,1.2,2.0,10.0
0.03,False,0.5,122.94999999999997,0.3374703667549854,2420,362,1.2,2.0,10.0
0.03,False,0.75,210.92500000000004,0.3374703667549854,2420,362,1.2,2.0,10.0
0.03,True,0.25,69.6,0.6625296332450147,4751,362,1.2,2.0,10.0
0.03,True,0.5,125.5,0.6625296332450147,4751,362,1.2,2.0,10.0
0.03,True,0.75,217.25000000000003,0.6625296332450147,4751,362,1.2,2.0,10.0
0.06,False,0.25,64.39999999999999,0.21047486033519552,1507,362,1.2,2.0,10.0
0.06,False,0.5,111.9,0.21047486033519552,1507,362,1.2,2.0,10.0
0.06,False,0.75,189.2,0.21047486033519552,1507,362,1.2,2.0,10.0
0.06,True,0.25,64.6,0.7895251396648044,5653,362,1.2,2.0,10.0
0.06,True,0.5,113.00000000000001,0.7895251396648044,5653,362,1.2,2.0,10.0
0.06,True,0.75,196.80000000000004,0.7895251396648044,5653,362,1.2,2.0,10.0
0.09,False,0.25,58.150000000000006,0.12506775067750678,923,362,1.2,2.0,10.0
0.09,False,0.5,96.8,0.12506775067750678,923,362,1.2,2.0,10.0
0.09,False,0.75,162.64999999999998,0.12506775067750678,923,362,1.2,2.0,10.0
0.09,True,0.25,59.89999999999999,0.8749322493224932,6457,362,1.2,2.0,10.0
0.09,True,0.5,100.90000000000002,0.8749322493224932,6457,362,1.2,2.0,10.0
0.09,True,0.75,168.70000000000002,0.8749322493224932,6457,362,1.2,2.0,10.0
0.12,False,0.25,49.474999999999994,0.06748720785506845,488,362,1.2,2.0,10.0
0.12,False,0.5,78.69999999999999,0.06748720785506845,488,362,1.2,2.0,10.0
0.12,False,0.75,136.45,0.06748720785506845,488,362,1.2,2.0,10.0
0.12,True,0.25,54.800000000000004,0.9325127921449315,6743,362,1.2,2.0,10.0
0.12,True,0.5,89.09999999999998,0.9325127921449315,6743,362,1.2,2.0,10.0
0.12,True,0.75,143.95,0.9325127921449315,6743,362,1.2,2.0,10.0
0.15,False,0.25,51.89999999999999,0.03712328767123288,271,362,1.2,2.0,10.0
0.15,False,0.5,78.0,0.03712328767123288,271,362,1.2,2.0,10.0
0.15,False,0.75,114.3,0.03712328767123288,271,362,1.2,2.0,10.0
0.15,True,0.25,48.699999999999996,0.9628767123287671,7029,362,1.2,2.0,10.0
0.15,True,0.5,76.39999999999999,0.9628767123287671,7029,362,1.2,2.0,10.0
0.15,True,0.75,123.39999999999998,0.9628767123287671,7029,362,1.2,2.0,10.0
0.0,False,0.25,67.8,0.48286430760657567,1733,367,1.2,2.0,10.0
0.0,False,0.5,122.8,0.48286430760657567,1733,367,1.2,2.0,10.0
0.0,False,0.75,222.4,0.48286430760657567,1733,367,1.2,2.0,10.0
0.0,True,0.25,68.39999999999999,0.5171356923934244,1856,367,1.2,2.0,10.0
0.0,True,0.5,123.05,0.5171356923934244,1856,367,1.2,2.0,10.0
0.0,True,0.75,220.32500000000005,0.5171356923934244,1856,367,1.2,2.0,10.0
0.03,False,0.25,66.65,0.33403068340306835,2395,367,1.2,2.0,10.0
0.03,False,0.5,118.79999999999998,0.33403068340306835,2395,367,1.2,2.0,10.0
0.03,False,0.75,215.15,0.33403068340306835,2395,367,1.2,2.0,10.0
0.03,True,0.25,69.44999999999999,0.6659693165969317,4775,367,1.2,2.0,10.0
0.03,True,0.5,125.3,0.6659693165969317,4775,367,1.2,2.0,10.0
0.03,True,0.75,215.2,0.6659693165969317,4775,367,1.2,2.0,10.0
0.06,False,0.25,63.199999999999996,0.20972474500489033,1501,367,1.2,2.0,10.0
0.06,False,0.5,113.99999999999999,0.20972474500489033,1501,367,1.2,2.0,10.0
0.06,False,0.75,197.49999999999997,0.20972474500489033,1501,367,1.2,2.0,10.0
0.06,True,0.25,64.775,0.7902752549951096,5656,367,1.2,2.0,10.0
0.06,True,0.5,113.5,0.7902752549951096,5656,367,1.2,2.0,10.0
0.06,True,0.75,190.29999999999998,0.7902752549951096,5656,367,1.2,2.0,10.0
0.09,False,0.25,56.39999999999999,0.12516933080465997,924,367,1.2,2.0,10.0
0.09,False,0.5,95.54999999999998,0.12516933080465997,924,367,1.2,2.0,10.0
0.09,False,0.75,164.05,0.12516933080465997,924,367,1.2,2.0,10.0
0.09,True,0.25,58.60000000000001,0.87483066919534,6458,367,1.2,2.0,10.0
0.09,True,0.5,100.90000000000002,0.87483066919534,6458,367,1.2,2.0,10.0
0.09,True,0.75,169.29999999999998,0.87483066919534,6458,367,1.2,2.0,10.0
0.12,False,0.25,51.69999999999999,0.06914672935970129,500,367,1.2,2.0,10.0
0.12,False,0.5,83.79999999999998,0.06914672935970129,500,367,1.2,2.0,10.0
0.12,False,0.75,137.12499999999997,0.06914672935970129,500,367,1.2,2.0,10.0
0.12,True,0.25,53.89999999999999,0.9308532706402988,6731,367,1.2,2.0,10.0
0.12,True,0.5,85.79999999999998,0.9308532706402988,6731,367,1.2,2.0,10.0
0.12,True,0.75,141.45,0.9308532706402988,6731,367,1.2,2.0,10.0
0.15,False,0.25,44.85,0.03753938895739142,274,367,1.2,2.0,10.0
0.15,False,0.5,68.55,0.03753938895739142,274,367,1.2,2.0,10.0
0.15,False,0.75,109.2,0.03753938895739142,274,367,1.2,2.0,10.0
0.15,True,0.25,49.3,0.9624606110426086,7025,367,1.2,2.0,10.0
0.15,True,0.5,77.69999999999999,0.9624606110426086,7025,367,1.2,2.0,10.0
0.15,True,0.75,125.2,0.9624606110426086,7025,367,1.2,2.0,10.0
0.0,False,0.25,72.925,0.49139367018323155,1770,368,1.2,2.0,10.0
0.0,False,0.5,131.3,0.49139367018323155,1770,368,1.2,2.0,10.0
0.0,False,0.75,225.72500000000005,0.49139367018323155,1770,368,1.2,2.0,10.0
0.0,True,0.25,71.575,0.5086063298167685,1832,368,1.2,2.0,10.0
0.0,True,0.5,128.0,0.5086063298167685,1832,368,1.2,2.0,10.0
0.0,True,0.75,220.12500000000003,0.5086063298167685,1832,368,1.2,2.0,10.0
0.03,False,0.25,70.49999999999999,0.3312883435582822,2376,368,1.2,2.0,10.0
0.03,False,0.5,125.64999999999998,0.3312883435582822,2376,368,1.2,2.0,10.0
0.03,False,0.75,219.175,0.3312883435582822,2376,368,1.2,2.0,10.0
0.03,True,0.25,69.125,0.6687116564417178,4796,368,1.2,2.0,10.0
0.03,True,0.5,124.49999999999999,0.6687116564417178,4796,368,1.2,2.0,10.0
0.03,True,0.75,213.32500000000005,0.6687116564417178,4796,368,1.2,2.0,10.0
0.06,False,0.25,66.39999999999999,0.20480581167924,1466,368,1.2,2.0,10.0
0.06,False,0.5,113.24999999999999,0.20480581167924,1466,368,1.2,2.0,10.0
0.06,False,0.75,197.975,0.20480581167924,1466,368,1.2,2.0,10.0
0.06,True,0.25,65.19999999999999,0.7951941883207599,5692,368,1.2,2.0,10.0
0.06,True,0.5,115.40000000000002,0.7951941883207599,5692,368,1.2,2.0,10.0
0.06,True,0.75,198.825,0.7951941883207599,5692,368,1.2,2.0,10.0
0.09,False,0.25,57.20000000000001,0.11519176040113836,850,368,1.2,2.0,10.0
0.09,False,0.5,94.8,0.11519176040113836,850,368,1.2,2.0,10.0
0.09,False,0.75,172.45,0.11519176040113836,850,368,1.2,2.0,10.0
0.09,True,0.25,60.000000000000014,0.8848082395988617,6529,368,1.2,2.0,10.0
0.09,True,0.5,101.99999999999999,0.8848082395988617,6529,368,1.2,2.0,10.0
0.09,True,0.75,173.79999999999998,0.8848082395988617,6529,368,1.2,2.0,10.0
0.12,False,0.25,45.3,0.06665744710275204,482,368,1.2,2.0,10.0
0.12,False,0.5,73.69999999999999,0.06665744710275204,482,368,1.2,2.0,10.0
0.12,False,0.75,140.70000000000002,0.06665744710275204,482,368,1.2,2.0,10.0
0.12,True,0.25,54.49999999999999,0.933342552897248,6749,368,1.2,2.0,10.0
0.12,True,0.5,89.19999999999999,0.933342552897248,6749,368,1.2,2.0,10.0
0.12,True,0.75,143.6,0.933342552897248,6749,368,1.2,2.0,10.0
0.15,False,0.25,43.75,0.03616438356164384,264,368,1.2,2.0,10.0
0.15,False,0.5,70.24999999999999,0.03616438356164384,264,368,1.2,2.0,10.0
0.15,False,0.75,117.70000000000002,0.03616438356164384,264,368,1.2,2.0,10.0
0.15,True,0.25,49.0,0.9638356164383561,7036,368,1.2,2.0,10.0
0.15,True,0.5,76.99999999999999,0.9638356164383561,7036,368,1.2,2.0,10.0
0.15,True,0.75,123.10000000000001,0.9638356164383561,7036,368,1.2,2.0,10.0
0.0,False,0.25,71.05,0.4963868816008894,1786,371,1.2,2.0,10.0
0.0,False,0.5,127.54999999999998,0.4963868816008894,1786,371,1.2,2.0,10.0
0.0,False,0.75,232.05000000000004,0.4963868816008894,1786,371,1.2,2.0,10.0
0.0,True,0.25,72.62500000000001,0.5036131183991106,1812,371,1.2,2.0,10.0
0.0,True,0.5,128.8,0.5036131183991106,1812,371,1.2,2.0,10.0
0.0,True,0.75,225.32500000000002,0.5036131183991106,1812,371,1.2,2.0,10.0
0.03,False,0.25,67.225,0.34049079754601225,2442,371,1.2,2.0,10.0
0.03,False,0.5,120.75,0.34049079754601225,2442,371,1.2,2.0,10.0
0.03,False,0.75,207.45000000000005,0.34049079754601225,2442,371,1.2,2.0,10.0
0.03,True,0.25,71.69999999999999,0.6595092024539877,4730,371,1.2,2.0,10.0
0.03,True,0.5,125.4,0.6595092024539877,4730,371,1.2,2.0,10.0
0.03,True,0.75,217.60000000000002,0.6595092024539877,4730,371,1.2,2.0,10.0
0.06,False,0.25,62.22500000000001,0.21145251396648046,1514,371,1.2,2.0,10.0
0.06,False,0.5,107.89999999999999,0.21145251396648046,1514,371,1.2,2.0,10.0
0.06,False,0.75,189.87499999999997,0.21145251396648046,1514,371,1.2,2.0,10.0
0.06,True,0.25,64.8,0.7885474860335195,5646,371,1.2,2.0,10.0
0.06,True,0.5,111.0,0.7885474860335195,5646,371,1.2,2.0,10.0
0.06,True,0.75,189.45,0.7885474860335195,5646,371,1.2,2.0,10.0
0.09,False,0.25,61.25,0.11689015305431397,863,371,1.2,2.0,10.0
0.09,False,0.5,103.4,0.11689015305431397,863,371,1.2,2.0,10.0
0.09,False,0.75,172.14999999999998,0.11689015305431397,863,371,1.2,2.0,10.0
0.09,True,0.25,59.5,0.8831098469456861,6520,371,1.2,2.0,10.0
0.09,True,0.5,100.69999999999999,0.8831098469456861,6520,371,1.2,2.0,10.0
0.09,True,0.75,170.12499999999997,0.8831098469456861,6520,371,1.2,2.0,10.0
0.12,False,0.25,51.5,0.06473029045643154,468,371,1.2,2.0,10.0
0.12,False,0.5,82.85000000000001,0.06473029045643154,468,371,1.2,2.0,10.0
0.12,False,0.75,140.925,0.06473029045643154,468,371,1.2,2.0,10.0
0.12,True,0.25,54.6,0.9352697095435685,6762,371,1.2,2.0,10.0
0.12,True,0.5,88.79999999999998,0.9352697095435685,6762,371,1.2,2.0,10.0
0.12,True,0.75,147.7,0.9352697095435685,6762,371,1.2,2.0,10.0
0.15,False,0.25,40.8,0.03410958904109589,249,371,1.2,2.0,10.0
0.15,False,0.5,72.6,0.03410958904109589,249,371,1.2,2.0,10.0
0.15,False,0.75,122.7,0.03410958904109589,249,371,1.2,2.0,10.0
0.15,True,0.25,49.20000000000001,0.9658904109589042,7051,371,1.2,2.0,10.0
0.15,True,0.5,78.3,0.9658904109589042,7051,371,1.2,2.0,10.0
0.15,True,0.75,124.8,0.9658904109589042,7051,371,1.2,2.0,10.0
0.0,False,0.25,72.82499999999999,0.5011148272017837,1798,380,1.2,2.0,10.0
0.0,False,0.5,133.14999999999998,0.5011148272017837,1798,380,1.2,2.0,10.0
0.0,False,0.75,221.27500000000003,0.5011148272017837,1798,380,1.2,2.0,10.0
0.0,True,0.25,72.2,0.49888517279821626,1790,380,1.2,2.0,10.0
0.0,True,0.5,127.05,0.49888517279821626,1790,380,1.2,2.0,10.0
0.0,True,0.75,223.57500000000002,0.49888517279821626,1790,380,1.2,2.0,10.0
0.03,False,0.25,67.65,0.3437369374390414,2467,380,1.2,2.0,10.0
0.03,False,0.5,125.10000000000002,0.3437369374390414,2467,380,1.2,2.0,10.0
0.03,False,0.75,214.40000000000003,0.3437369374390414,2467,380,1.2,2.0,10.0
0.03,True,0.25,70.8,0.6562630625609586,4710,380,1.2,2.0,10.0
0.03,True,0.5,128.3,0.6562630625609586,4710,380,1.2,2.0,10.0
0.03,True,0.75,218.3,0.6562630625609586,4710,380,1.2,2.0,10.0
0.06,False,0.25,62.849999999999994,0.21168903803131991,1514,380,1.2,2.0,10.0
0.06,False,0.5,108.35,0.21168903803131991,1514,380,1.2,2.0,10.0
0.06,False,0.75,187.1,0.21168903803131991,1514,380,1.2,2.0,10.0
0.06,True,0.25,64.39999999999999,0.7883109619686801,5638,380,1.2,2.0,10.0
0.06,True,0.5,114.75,0.7883109619686801,5638,380,1.2,2.0,10.0
0.06,True,0.75,195.47499999999997,0.7883109619686801,5638,380,1.2,2.0,10.0
0.09,False,0.25,57.99999999999999,0.12269772481040087,906,380,1.2,2.0,10.0
0.09,False,0.5,103.1,0.12269772481040087,906,380,1.2,2.0,10.0
0.09,False,0.75,172.275,0.12269772481040087,906,380,1.2,2.0,10.0
0.09,True,0.25,60.60000000000001,0.8773022751895991,6478,380,1.2,2.0,10.0
0.09,True,0.5,101.69999999999999,0.8773022751895991,6478,380,1.2,2.0,10.0
0.09,True,0.75,172.5,0.8773022751895991,6478,380,1.2,2.0,10.0
0.12,False,0.25,50.175,0.06639004149377593,480,380,1.2,2.0,10.0
0.12,False,0.5,83.35,0.06639004149377593,480,380,1.2,2.0,10.0
0.12,False,0.75,138.725,0.06639004149377593,480,380,1.2,2.0,10.0
0.12,True,0.25,53.89999999999999,0.9336099585062241,6750,380,1.2,2.0,10.0
0.12,True,0.5,88.19999999999999,0.9336099585062241,6750,380,1.2,2.0,10.0
0.12,True,0.75,146.875,0.9336099585062241,6750,380,1.2,2.0,10.0
0.15,False,0.25,44.5,0.035205479452054794,257,380,1.2,2.0,10.0
0.15,False,0.5,77.79999999999998,0.035205479452054794,257,380,1.2,2.0,10.0
0.15,False,0.75,122.39999999999999,0.035205479452054794,257,380,1.2,2.0,10.0
0.15,True,0.25,49.3,0.9647945205479452,7043,380,1.2,2.0,10.0
0.15,True,0.5,78.80000000000001,0.9647945205479452,7043,380,1.2,2.0,10.0
0.15,True,0.75,126.7,0.9647945205479452,7043,380,1.2,2.0,10.0
0.0,False,0.25,70.225,0.5005567928730512,1798,394,1.2,2.0,10.0
0.0,False,0.5,123.5,0.5005567928730512,1798,394,1.2,2.0,10.0
0.0,False,0.75,208.32500000000002,0.5005567928730512,1798,394,1.2,2.0,10.0
0.0,True,0.25,72.55,0.4994432071269488,1794,394,1.2,2.0,10.0
0.0,True,0.5,127.69999999999999,0.4994432071269488,1794,394,1.2,2.0,10.0
0.0,True,0.75,220.37500000000006,0.4994432071269488,1794,394,1.2,2.0,10.0
0.03,False,0.25,67.55,0.3439765755716676,2467,394,1.2,2.0,10.0
0.03,False,0.5,121.6,0.3439765755716676,2467,394,1.2,2.0,10.0
0.03,False,0.75,213.55,0.3439765755716676,2467,394,1.2,2.0,10.0
0.03,True,0.25,69.10000000000001,0.6560234244283324,4705,394,1.2,2.0,10.0
0.03,True,0.5,119.29999999999998,0.6560234244283324,4705,394,1.2,2.0,10.0
0.03,True,0.75,209.90000000000003,0.6560234244283324,4705,394,1.2,2.0,10.0
0.06,False,0.25,61.150000000000006,0.21103351955307262,1511,394,1.2,2.0,10.0
0.06,False,0.5,111.5,0.21103351955307262,1511,394,1.2,2.0,10.0
0.06,False,0.75,188.85000000000002,0.21103351955307262,1511,394,1.2,2.0,10.0
0.06,True,0.25,64.9,0.7889664804469274,5649,394,1.2,2.0,10.0
0.06,True,0.5,112.60000000000001,0.7889664804469274,5649,394,1.2,2.0,10.0
0.06,True,0.75,192.9,0.7889664804469274,5649,394,1.2,2.0,10.0
0.09,False,0.25,60.724999999999994,0.12374763065258597,914,394,1.2,2.0,10.0
0.09,False,0.5,99.25,0.12374763065258597,914,394,1.2,2.0,10.0
0.09,False,0.75,170.625,0.12374763065258597,914,394,1.2,2.0,10.0
0.09,True,0.25,61.17500000000001,0.876252369347414,6472,394,1.2,2.0,10.0
0.09,True,0.5,103.29999999999998,0.876252369347414,6472,394,1.2,2.0,10.0
0.09,True,0.75,169.99999999999997,0.876252369347414,6472,394,1.2,2.0,10.0
0.12,False,0.25,53.02499999999999,0.06112570875397594,442,394,1.2,2.0,10.0
0.12,False,0.5,82.39999999999999,0.06112570875397594,442,394,1.2,2.0,10.0
0.12,False,0.75,133.225,0.06112570875397594,442,394,1.2,2.0,10.0
0.12,True,0.25,54.099999999999994,0.9388742912460241,6789,394,1.2,2.0,10.0
0.12,True,0.5,88.5,0.9388742912460241,6789,394,1.2,2.0,10.0
0.12,True,0.75,146.39999999999998,0.9388742912460241,6789,394,1.2,2.0,10.0
0.15,False,0.25,47.50000000000001,0.03863013698630137,282,394,1.2,2.0,10.0
0.15,False,0.5,74.44999999999999,0.03863013698630137,282,394,1.2,2.0,10.0
0.15,False,0.75,125.85,0.03863013698630137,282,394,1.2,2.0,10.0
0.15,True,0.25,48.400000000000006,0.9613698630136986,7018,394,1.2,2.0,10.0
0.15,True,0.5,77.94999999999999,0.9613698630136986,7018,394,1.2,2.0,10.0
0.15,True,0.75,122.49999999999999,0.9613698630136986,7018,394,1.2,2.0,10.0
0.0,False,0.25,70.95,0.5082241427376638,1823,395,1.2,2.0,10.0
0.0,False,0.5,129.5,0.5082241427376638,1823,395,1.2,2.0,10.0
0.0,False,0.75,225.55,0.5082241427376638,1823,395,1.2,2.0,10.0
0.0,True,0.25,71.24999999999999,0.4917758572623362,1764,395,1.2,2.0,10.0
0.0,True,0.5,127.94999999999999,0.4917758572623362,1764,395,1.2,2.0,10.0
0.0,True,0.75,220.82500000000002,0.4917758572623362,1764,395,1.2,2.0,10.0
0.03,False,0.25,68.6,0.33207810320781034,2381,395,1.2,2.0,10.0
0.03,False,0.5,121.9,0.33207810320781034,2381,395,1.2,2.0,10.0
0.03,False,0.75,215.90000000000003,0.33207810320781034,2381,395,1.2,2.0,10.0
0.03,True,0.25,71.6,0.6679218967921897,4789,395,1.2,2.0,10.0
0.03,True,0.5,126.8,0.6679218967921897,4789,395,1.2,2.0,10.0
0.03,True,0.75,218.00000000000003,0.6679218967921897,4789,395,1.2,2.0,10.0
0.06,False,0.25,61.975,0.20598099496925656,1474,395,1.2,2.0,10.0
0.06,False,0.5,111.44999999999999,0.20598099496925656,1474,395,1.2,2.0,10.0
0.06,False,0.75,195.47500000000002,0.20598099496925656,1474,395,1.2,2.0,10.0
0.06,True,0.25,63.8,0.7940190050307434,5682,395,1.2,2.0,10.0
0.06,True,0.5,111.69999999999997,0.7940190050307434,5682,395,1.2,2.0,10.0
0.06,True,0.75,191.675,0.7940190050307434,5682,395,1.2,2.0,10.0
0.09,False,0.25,58.275000000000006,0.11427024099647982,844,395,1.2,2.0,10.0
0.09,False,0.5,100.75,0.11427024099647982,844,395,1.2,2.0,10.0
0.09,False,0.75,172.325,0.11427024099647982,844,395,1.2,2.0,10.0
0.09,True,0.25,60.3,0.8857297590035201,6542,395,1.2,2.0,10.0
0.09,True,0.5,101.0,0.8857297590035201,6542,395,1.2,2.0,10.0
0.09,True,0.75,167.17499999999998,0.8857297590035201,6542,395,1.2,2.0,10.0
0.12,False,0.25,54.2,0.0665283540802213,481,395,1.2,2.0,10.0
0.12,False,0.5,89.59999999999998,0.0665283540802213,481,395,1.2,2.0,10.0
0.12,False,0.75,146.1,0.0665283540802213,481,395,1.2,2.0,10.0
0.12,True,0.25,54.099999999999994,0.9334716459197787,6749,395,1.2,2.0,10.0
0.12,True,0.5,89.49999999999999,0.9334716459197787,6749,395,1.2,2.0,10.0
0.12,True,0.75,142.2,0.9334716459197787,6749,395,1.2,2.0,10.0
0.15,False,0.25,47.699999999999996,0.03438356164383562,251,395,1.2,2.0,10.0
0.15,False,0.5,74.0,0.03438356164383562,251,395,1.2,2.0,10.0
0.15,False,0.75,118.15,0.03438356164383562,251,395,1.2,2.0,10.0
0.15,True,0.25,48.3,0.9656164383561644,7049,395,1.2,2.0,10.0
0.15,True,0.5,75.2,0.9656164383561644,7049,395,1.2,2.0,10.0
0.15,True,0.75,119.6,0.9656164383561644,7049,395,1.2,2.0,10.0
0.0,False,0.25,72.09999999999998,0.5008333333333334,1803,397,1.2,2.0,10.0
0.0,False,0.5,129.39999999999998,0.5008333333333334,1803,397,1.2,2.0,10.0
0.0,False,0.75,223.05,0.5008333333333334,1803,397,1.2,2.0,10.0
0.0,True,0.25,70.09999999999998,0.49916666666666665,1797,397,1.2,2.0,10.0
0.0,True,0.5,123.9,0.49916666666666665,1797,397,1.2,2.0,10.0
0.0,True,0.75,219.60000000000002,0.49916666666666665,1797,397,1.2,2.0,10.0
0.03,False,0.25,72.2,0.3389972144846797,2434,397,1.2,2.0,10.0
0.03,False,0.5,126.65,0.3389972144846797,2434,397,1.2,2.0,10.0
0.03,False,0.75,217.60000000000002,0.3389972144846797,2434,397,1.2,2.0,10.0
0.03,True,0.25,71.125,0.6610027855153203,4746,397,1.2,2.0,10.0
0.03,True,0.5,124.8,0.6610027855153203,4746,397,1.2,2.0,10.0
0.03,True,0.75,216.32500000000002,0.6610027855153203,4746,397,1.2,2.0,10.0
0.06,False,0.25,64.925,0.2128373654034401,1522,397,1.2,2.0,10.0
0.06,False,0.5,111.19999999999999,0.2128373654034401,1522,397,1.2,2.0,10.0
0.06,False,0.75,190.925,0.2128373654034401,1522,397,1.2,2.0,10.0
0.06,True,0.25,65.8,0.7871626345965599,5629,397,1.2,2.0,10.0
0.06,True,0.5,116.60000000000001,0.7871626345965599,5629,397,1.2,2.0,10.0
0.06,True,0.75,198.79999999999998,0.7871626345965599,5629,397,1.2,2.0,10.0
0.09,False,0.25,58.1,0.12415380449499053,917,397,1.2,2.0,10.0
0.09,False,0.5,100.10000000000001,0.12415380449499053,917,397,1.2,2.0,10.0
0.09,False,0.75,161.8,0.12415380449499053,917,397,1.2,2.0,10.0
0.09,True,0.25,59.800000000000004,0.8758461955050095,6469,397,1.2,2.0,10.0
0.09,True,0.5,102.89999999999999,0.8758461955050095,6469,397,1.2,2.0,10.0
0.09,True,0.75,171.1,0.8758461955050095,6469,397,1.2,2.0,10.0
0.12,False,0.25,55.099999999999994,0.0698478561549101,505,397,1.2,2.0,10.0
0.12,False,0.5,88.79999999999998,0.0698478561549101,505,397,1.2,2.0,10.0
0.12,False,0.75,151.79999999999998,0.0698478561549101,505,397,1.2,2.0,10.0
0.12,True,0.25,53.099999999999994,0.9301521438450899,6725,397,1.2,2.0,10.0
0.12,True,0.5,89.19999999999999,0.9301521438450899,6725,397,1.2,2.0,10.0
0.12,True,0.75,145.0,0.9301521438450899,6725,397,1.2,2.0,10.0
0.15,False,0.25,46.35,0.038082191780821915,278,397,1.2,2.0,10.0
0.15,False,0.5,70.95,0.038082191780821915,278,397,1.2,2.0,10.0
0.15,False,0.75,113.35000000000001,0.038082191780821915,278,397,1.2,2.0,10.0
0.15,True,0.25,50.2,0.961917808219178,7022,397,1.2,2.0,10.0
0.15,True,0.5,78.3,0.961917808219178,7022,397,1.2,2.0,10.0
0.15,True,0.75,122.8,0.961917808219178,7022,397,1.2,2.0,10.0
