acoh,is_correct,quantile,rt,proportion,n,draw,gain,bound,k
0.0,False,0.25,97.0,0.5109383995394358,1775,-1,1.0,2.0,10.0
0.0,False,0.5,175.0,0.5109383995394358,1775,-1,1.0,2.0,10.0
0.0,False,0.75,327.5,0.5109383995394358,1775,-1,1.0,2.0,10.0
0.0,True,0.25,105.0,0.4890616004605642,1699,-1,1.0,2.0,10.0
0.0,True,0.5,176.0,0.4890616004605642,1699,-1,1.0,2.0,10.0
0.0,True,0.75,306.5,0.4890616004605642,1699,-1,1.0,2.0,10.0
0.03,False,0.25,101.0,0.3008352534562212,2089,-1,1.0,2.0,10.0
0.03,False,0.5,185.0,0.3008352534562212,2089,-1,1.0,2.0,10.0
0.03,False,0.75,314.0,0.3008352534562212,2089,-1,1.0,2.0,10.0
0.03,True,0.25,96.0,0.6991647465437788,4855,-1,1.0,2.0,10.0
0.03,True,0.5,174.0,0.6991647465437788,4855,-1,1.0,2.0,10.0
0.03,True,0.75,306.0,0.6991647465437788,4855,-1,1.0,2.0,10.0
0.06,False,0.25,88.0,0.1626848691695108,1144,-1,1.0,2.0,10.0
0.06,False,0.5,157.0,0.1626848691695108,1144,-1,1.0,2.0,10.0
0.06,False,0.75,276.5,0.1626848691695108,1144,-1,1.0,2.0,10.0
0.06,True,0.25,93.0,0.8373151308304891,5888,-1,1.0,2.0,10.0
0.06,True,0.5,165.0,0.8373151308304891,5888,-1,1.0,2.0,10.0
0.06,True,0.75,279.0,0.8373151308304891,5888,-1,1.0,2.0,10.0
0.09,False,0.25,75.0,0.08003804864791413,589,-1,1.0,2.0,10.0
0.09,False,0.5,130.0,0.08003804864791413,589,-1,1.0,2.0,10.0
0.09,False,0.75,222.0,0.08003804864791413,589,-1,1.0,2.0,10.0
0.09,True,0.25,82.0,0.9199619513520859,6770,-1,1.0,2.0,10.0
0.09,True,0.5,140.0,0.9199619513520859,6770,-1,1.0,2.0,10.0
0.09,True,0.75,232.0,0.9199619513520859,6770,-1,1.0,2.0,10.0
0.12,False,0.25,61.5,0.03813089295618414,275,-1,1.0,2.0,10.0
0.12,False,0.5,101.0,0.03813089295618414,275,-1,1.0,2.0,10.0
0.12,False,0.75,160.5,0.03813089295618414,275,-1,1.0,2.0,10.0
0.12,True,0.25,72.0,0.9618691070438159,6937,-1,1.0,2.0,10.0
0.12,True,0.5,119.0,0.9618691070438159,6937,-1,1.0,2.0,10.0
0.12,True,0.75,191.0,0.9618691070438159,6937,-1,1.0,2.0,10.0
0.15,False,0.25,58.75,0.01643835616438356,120,-1,1.0,2.0,10.0
0.15,False,0.5,99.5,0.01643835616438356,120,-1,1.0,2.0,10.0
0.15,False,0.75,141.25,0.01643835616438356,120,-1,1.0,2.0,10.0
0.15,True,0.25,63.0,0.9835616438356164,7180,-1,1.0,2.0,10.0
0.15,True,0.5,97.0,0.9835616438356164,7180,-1,1.0,2.0,10.0
0.15,True,0.75,156.0,0.9835616438356164,7180,-1,1.0,2.0,10.0
0.0,False,0.25,98.69999999999999,0.4950643134908765,1655,1,1.0,2.0,10.0
0.0,False,0.5,176.20000000000002,0.4950643134908765,1655,1,1.0,2.0,10.0
0.0,False,0.75,308.45000000000005,0.4950643134908765,1655,1,1.0,2.0,10.0
0.0,True,0.25,97.25,0.5049356865091236,1688,1,1.0,2.0,10.0
0.0,True,0.5,179.55,0.5049356865091236,1688,1,1.0,2.0,10.0
0.0,True,0.75,317.825,0.5049356865091236,1688,1,1.0,2.0,10.0
0.03,False,0.25,93.92499999999998,0.3114463176574978,2106,1,1.0,2.0,10.0
0.03,False,0.5,168.84999999999997,0.3114463176574978,2106,1,1.0,2.0,10.0
0.03,False,0.75,294.0,0.3114463176574978,2106,1,1.0,2.0,10.0
0.03,True,0.25,93.7,0.6885536823425022,4656,1,1.0,2.0,10.0
0.03,True,0.5,168.65000000000003,0.6885536823425022,4656,1,1.0,2.0,10.0
0.03,True,0.75,297.1,0.6885536823425022,4656,1,1.0,2.0,10.0
0.06,False,0.25,81.69999999999999,0.17439676347348648,1207,1,1.0,2.0,10.0
0.06,False,0.5,145.09999999999997,0.17439676347348648,1207,1,1.0,2.0,10.0
0.06,False,0.75,251.25,0.17439676347348648,1207,1,1.0,2.0,10.0
0.06,True,0.25,87.22500000000001,0.8256032365265135,5714,1,1.0,2.0,10.0
0.06,True,0.5,154.34999999999997,0.8256032365265135,5714,1,1.0,2.0,10.0
0.06,True,0.75,266.2,0.8256032365265135,5714,1,1.0,2.0,10.0
0.09,False,0.25,69.32499999999999,0.09339158929546695,684,1,1.0,2.0,10.0
0.09,False,0.5,119.8,0.09339158929546695,684,1,1.0,2.0,10.0
0.09,False,0.75,207.225,0.09339158929546695,684,1,1.0,2.0,10.0
0.09,True,0.25,76.89999999999999,0.906608410704533,6640,1,1.0,2.0,10.0
0.09,True,0.5,132.4,0.906608410704533,6640,1,1.0,2.0,10.0
0.09,True,0.75,222.22500000000002,0.906608410704533,6640,1,1.0,2.0,10.0
0.12,False,0.25,52.275,0.042210497084143296,304,1,1.0,2.0,10.0
0.12,False,0.5,101.94999999999999,0.042210497084143296,304,1,1.0,2.0,10.0
0.12,False,0.75,171.82500000000002,0.042210497084143296,304,1,1.0,2.0,10.0
0.12,True,0.25,68.10000000000001,0.9577895029158567,6898,1,1.0,2.0,10.0
0.12,True,0.5,112.10000000000002,0.9577895029158567,6898,1,1.0,2.0,10.0
0.12,True,0.75,183.57500000000002,0.9577895029158567,6898,1,1.0,2.0,10.0
0.15,False,0.25,61.0,0.02288298163880515,167,1,1.0,2.0,10.0
0.15,False,0.5,88.3,0.02288298163880515,167,1,1.0,2.0,10.0
0.15,False,0.75,132.5,0.02288298163880515,167,1,1.0,2.0,10.0
0.15,True,0.25,60.800000000000004,0.9771170183611948,7131,1,1.0,2.0,10.0
0.15,True,0.5,95.6,0.9771170183611948,7131,1,1.0,2.0,10.0
0.15,True,0.75,150.15,0.9771170183611948,7131,1,1.0,2.0,10.0
0.0,False,0.25,93.95,0.5165129425766141,1736,4,1.0,2.0,10.0
0.0,False,0.5,171.5,0.5165129425766141,1736,4,1.0,2.0,10.0
0.0,False,0.75,304.475,0.5165129425766141,1736,4,1.0,2.0,10.0
0.0,True,0.25,95.1,0.4834870574233859,1625,4,1.0,2.0,10.0
0.0,True,0.5,178.4,0.4834870574233859,1625,4,1.0,2.0,10.0
0.0,True,0.75,305.00000000000006,0.4834870574233859,1625,4,1.0,2.0,10.0
0.03,False,0.25,101.4,0.31565656565656564,2125,4,1.0,2.0,10.0
0.03,False,0.5,182.19999999999996,0.31565656565656564,2125,4,1.0,2.0,10.0
0.03,False,0.75,315.59999999999997,0.31565656565656564,2125,4,1.0,2.0,10.0
0.03,True,0.25,95.89999999999999,0.6843434343434344,4607,4,1.0,2.0,10.0
0.03,True,0.5,176.09999999999997,0.6843434343434344,4607,4,1.0,2.0,10.0
0.03,True,0.75,298.55000000000007,0.6843434343434344,4607,4,1.0,2.0,10.0
0.06,False,0.25,87.20000000000002,0.17649609713790113,1221,4,1.0,2.0,10.0
0.06,False,0.5,151.6,0.17649609713790113,1221,4,1.0,2.0,10.0
0.06,False,0.75,264.90000000000003,0.17649609713790113,1221,4,1.0,2.0,10.0
0.06,True,0.25,88.00000000000001,0.8235039028620988,5697,4,1.0,2.0,10.0
0.06,True,0.5,156.9,0.8235039028620988,5697,4,1.0,2.0,10.0
0.06,True,0.75,271.90000000000003,0.8235039028620988,5697,4,1.0,2.0,10.0
0.09,False,0.25,70.85,0.08881309686221009,651,4,1.0,2.0,10.0
0.09,False,0.5,125.00000000000003,0.08881309686221009,651,4,1.0,2.0,10.0
0.09,False,0.75,201.80000000000004,0.08881309686221009,651,4,1.0,2.0,10.0
0.09,True,0.25,77.9,0.9111869031377899,6679,4,1.0,2.0,10.0
0.09,True,0.5,133.7,0.9111869031377899,6679,4,1.0,2.0,10.0
0.09,True,0.75,228.7,0.9111869031377899,6679,4,1.0,2.0,10.0
0.12,False,0.25,61.87500000000001,0.04001111419838844,288,4,1.0,2.0,10.0
0.12,False,0.5,101.60000000000001,0.04001111419838844,288,4,1.0,2.0,10.0
0.12,False,0.75,164.29999999999998,0.04001111419838844,288,4,1.0,2.0,10.0
0.12,True,0.25,68.99999999999999,0.9599888858016116,6910,4,1.0,2.0,10.0
0.12,True,0.5,113.99999999999999,0.9599888858016116,6910,4,1.0,2.0,10.0
0.12,True,0.75,186.9,0.9599888858016116,6910,4,1.0,2.0,10.0
0.15,False,0.25,56.95,0.02452390738457323,179,4,1.0,2.0,10.0
0.15,False,0.5,85.20000000000002,0.02452390738457323,179,4,1.0,2.0,10.0
0.15,False,0.75,135.1,0.02452390738457323,179,4,1.0,2.0,10.0
0.15,True,0.25,63.1,0.9754760926154268,7120,4,1.0,2.0,10.0
0.15,True,0.5,96.6,0.9754760926154268,7120,4,1.0,2.0,10.0
0.15,True,0.75,153.99999999999997,0.9754760926154268,7120,4,1.0,2.0,10.0
0.0,False,0.25,91.075,0.5056312981624185,1706,8,1.0,2.0,10.0
0.0,False,0.5,179.29999999999998,0.5056312981624185,1706,8,1.0,2.0,10.0
0.0,False,0.75,329.17500000000007,0.5056312981624185,1706,8,1.0,2.0,10.0
0.0,True,0.25,92.57499999999999,0.4943687018375815,1668,8,1.0,2.0,10.0
0.0,True,0.5,173.00000000000003,0.4943687018375815,1668,8,1.0,2.0,10.0
0.0,True,0.75,309.225,0.4943687018375815,1668,8,1.0,2.0,10.0
0.03,False,0.25,89.825,0.31818854521237233,2150,8,1.0,2.0,10.0
0.03,False,0.5,163.14999999999998,0.31818854521237233,2150,8,1.0,2.0,10.0
0.03,False,0.75,289.90000000000003,0.31818854521237233,2150,8,1.0,2.0,10.0
0.03,True,0.25,93.05000000000001,0.6818114547876276,4607,8,1.0,2.0,10.0
0.03,True,0.5,172.20000000000002,0.6818114547876276,4607,8,1.0,2.0,10.0
0.03,True,0.75,298.20000000000005,0.6818114547876276,4607,8,1.0,2.0,10.0
0.06,False,0.25,83.3,0.17505059265683723,1211,8,1.0,2.0,10.0
0.06,False,0.5,145.3,0.17505059265683723,1211,8,1.0,2.0,10.0
0.06,False,0.75,252.70000000000005,0.17505059265683723,1211,8,1.0,2.0,10.0
0.06,True,0.25,88.19999999999999,0.8249494073431628,5707,8,1.0,2.0,10.0
0.06,True,0.5,156.60000000000002,0.8249494073431628,5707,8,1.0,2.0,10.0
0.06,True,0.75,266.55,0.8249494073431628,5707,8,1.0,2.0,10.0
0.09,False,0.25,75.1,0.09002732240437158,659,8,1.0,2.0,10.0
0.09,False,0.5,124.49999999999999,0.09002732240437158,659,8,1.0,2.0,10.0
0.09,False,0.75,210.10000000000002,0.09002732240437158,659,8,1.0,2.0,10.0
0.09,True,0.25,79.2,0.9099726775956284,6661,8,1.0,2.0,10.0
0.09,True,0.5,132.6,0.9099726775956284,6661,8,1.0,2.0,10.0
0.09,True,0.75,227.39999999999998,0.9099726775956284,6661,8,1.0,2.0,10.0
0.12,False,0.25,63.2,0.04512008885186728,325,8,1.0,2.0,10.0
0.12,False,0.5,105.5,0.04512008885186728,325,8,1.0,2.0,10.0
0.12,False,0.75,176.4,0.04512008885186728,325,8,1.0,2.0,10.0
0.12,True,0.25,68.99999999999999,0.9548799111481328,6878,8,1.0,2.0,10.0
0.12,True,0.5,113.29999999999998,0.9548799111481328,6878,8,1.0,2.0,10.0
0.12,True,0.75,182.9,0.9548799111481328,6878,8,1.0,2.0,10.0
0.15,False,0.25,55.099999999999994,0.02260583641594739,165,8,1.0,2.0,10.0
0.15,False,0.5,91.0,0.02260583641594739,165,8,1.0,2.0,10.0
0.15,False,0.75,143.20000000000002,0.02260583641594739,165,8,1.0,2.0,10.0
0.15,True,0.25,62.000000000000014,0.9773941635840526,7134,8,1.0,2.0,10.0
0.15,True,0.5,97.7,0.9773941635840526,7134,8,1.0,2.0,10.0
0.15,True,0.75,155.575,0.9773941635840526,7134,8,1.0,2.0,10.0
0.0,False,0.25,91.15,0.49611011370436864,1658,26,1.0,2.0,10.0
0.0,False,0.5,178.5,0.49611011370436864,1658,26,1.0,2.0,10.0
0.0,False,0.75,319.175,0.49611011370436864,1658,26,1.0,2.0,10.0
0.0,True,0.25,95.675,0.5038898862956314,1684,26,1.0,2.0,10.0
0.0,True,0.5,176.9,0.5038898862956314,1684,26,1.0,2.0,10.0
0.0,True,0.75,303.975,0.5038898862956314,1684,26,1.0,2.0,10.0
0.03,False,0.25,91.75,0.3178661149697059,2151,26,1.0,2.0,10.0
0.03,False,0.5,178.19999999999996,0.3178661149697059,2151,26,1.0,2.0,10.0
0.03,False,0.75,305.7,0.3178661149697059,2151,26,1.0,2.0,10.0
0.03,True,0.25,95.8,0.682133885030294,4616,26,1.0,2.0,10.0
0.03,True,0.5,173.1,0.682133885030294,4616,26,1.0,2.0,10.0
0.03,True,0.75,303.95,0.682133885030294,4616,26,1.0,2.0,10.0
0.06,False,0.25,87.1,0.17164717771040855,1189,26,1.0,2.0,10.0
0.06,False,0.5,151.4,0.17164717771040855,1189,26,1.0,2.0,10.0
0.06,False,0.75,261.90000000000003,0.17164717771040855,1189,26,1.0,2.0,10.0
0.06,True,0.25,87.0,0.8283528222895915,5738,26,1.0,2.0,10.0
0.06,True,0.5,155.70000000000002,0.8283528222895915,5738,26,1.0,2.0,10.0
0.06,True,0.75,272.6,0.8283528222895915,5738,26,1.0,2.0,10.0
0.09,False,0.25,71.6,0.08598769651401231,629,26,1.0,2.0,10.0
0.09,False,0.5,129.3,0.08598769651401231,629,26,1.0,2.0,10.0
0.09,False,0.75,222.10000000000002,0.08598769651401231,629,26,1.0,2.0,10.0
0.09,True,0.25,78.30000000000001,0.9140123034859877,6686,26,1.0,2.0,10.0
0.09,True,0.5,135.45,0.9140123034859877,6686,26,1.0,2.0,10.0
0.09,True,0.75,227.39999999999998,0.9140123034859877,6686,26,1.0,2.0,10.0
0.12,False,0.25,60.22500000000001,0.04635026366916459,334,26,1.0,2.0,10.0
0.12,False,0.5,104.44999999999999,0.04635026366916459,334,26,1.0,2.0,10.0
0.12,False,0.75,172.22500000000002,0.04635026366916459,334,26,1.0,2.0,10.0
0.12,True,0.25,70.09999999999998,0.9536497363308354,6872,26,1.0,2.0,10.0
0.12,True,0.5,114.79999999999998,0.9536497363308354,6872,26,1.0,2.0,10.0
0.12,True,0.75,189.20000000000002,0.9536497363308354,6872,26,1.0,2.0,10.0
0.15,False,0.25,53.62499999999999,0.02137279079325935,156,26,1.0,2.0,10.0
0.15,False,0.5,96.8,0.02137279079325935,156,26,1.0,2.0,10.0
0.15,False,0.75,129.7,0.02137279079325935,156,26,1.0,2.0,10.0
0.15,True,0.25,61.9,0.9786272092067406,7143,26,1.0,2.0,10.0
0.15,True,0.5,96.0,0.9786272092067406,7143,26,1.0,2.0,10.0
0.15,True,0.75,151.25,0.9786272092067406,7143,26,1.0,2.0,10.0
0.0,False,0.25,96.45,0.5019397194867203,1682,33,1.0,2.0,10.0
0.0,False,0.5,174.3,0.5019397194867203,1682,33,1.0,2.0,10.0
0.0,False,0.75,301.85,0.5019397194867203,1682,33,1.0,2.0,10.0
0.0,True,0.25,96.6,0.4980602805132796,1669,33,1.0,2.0,10.0
0.0,True,0.5,173.40000000000003,0.4980602805132796,1669,33,1.0,2.0,10.0
0.0,True,0.75,297.70000000000005,0.4980602805132796,1669,33,1.0,2.0,10.0
0.03,False,0.25,94.17500000000001,0.31244457582027785,2114,33,1.0,2.0,10.0
0.03,False,0.5,174.3,0.31244457582027785,2114,33,1.0,2.0,10.0
0.03,False,0.75,302.475,0.31244457582027785,2114,33,1.0,2.0,10.0
0.03,True,0.25,92.19999999999999,0.6875554241797222,4652,33,1.0,2.0,10.0
0.03,True,0.5,169.95,0.6875554241797222,4652,33,1.0,2.0,10.0
0.03,True,0.75,296.1,0.6875554241797222,4652,33,1.0,2.0,10.0
0.06,False,0.25,83.17500000000001,0.1662563359884142,1148,33,1.0,2.0,10.0
0.06,False,0.5,155.5,0.1662563359884142,1148,33,1.0,2.0,10.0
0.06,False,0.75,266.40000000000003,0.1662563359884142,1148,33,1.0,2.0,10.0
0.06,True,0.25,85.49999999999999,0.8337436640115858,5757,33,1.0,2.0,10.0
0.06,True,0.5,153.0,0.8337436640115858,5757,33,1.0,2.0,10.0
0.06,True,0.75,266.6,0.8337436640115858,5757,33,1.0,2.0,10.0
0.09,False,0.25,74.05000000000001,0.08457439540920891,619,33,1.0,2.0,10.0
0.09,False,0.5,127.90000000000002,0.08457439540920891,619,33,1.0,2.0,10.0
0.09,False,0.75,208.10000000000005,0.08457439540920891,619,33,1.0,2.0,10.0
0.09,True,0.25,77.69999999999999,0.9154256045907911,6700,33,1.0,2.0,10.0
0.09,True,0.5,131.5,0.9154256045907911,6700,33,1.0,2.0,10.0
0.09,True,0.75,225.05,0.9154256045907911,6700,33,1.0,2.0,10.0
0.12,False,0.25,58.60000000000001,0.040366208905534745,291,33,1.0,2.0,10.0
0.12,False,0.5,93.7,0.040366208905534745,291,33,1.0,2.0,10.0
0.12,False,0.75,160.95,0.040366208905534745,291,33,1.0,2.0,10.0
0.12,True,0.25,69.425,0.9596337910944652,6918,33,1.0,2.0,10.0
0.12,True,0.5,112.54999999999998,0.9596337910944652,6918,33,1.0,2.0,10.0
0.12,True,0.75,182.9,0.9596337910944652,6918,33,1.0,2.0,10.0
0.15,False,0.25,57.60000000000001,0.02205781613919715,161,33,1.0,2.0,10.0
0.15,False,0.5,87.9,0.02205781613919715,161,33,1.0,2.0,10.0
0.15,False,0.75,128.5,0.02205781613919715,161,33,1.0,2.0,10.0
0.15,True,0.25,62.9,0.9779421838608029,7138,33,1.0,2.0,10.0
0.15,True,0.5,96.0,0.9779421838608029,7138,33,1.0,2.0,10.0
0.15,True,0.75,152.79999999999998,0.9779421838608029,7138,33,1.0,2.0,10.0
0.0,False,0.25,95.89999999999999,0.4829850746268657,1618,41,1.0,2.0,10.0
0.0,False,0.5,165.8,0.4829850746268657,1618,41,1.0,2.0,10.0
0.0,False,0.75,299.375,0.4829850746268657,1618,41,1.0,2.0,10.0
0.0,True,0.25,96.0,0.5170149253731343,1732,41,1.0,2.0,10.0
0.0,True,0.5,178.5,0.5170149253731343,1732,41,1.0,2.0,10.0
0.0,True,0.75,318.7,0.5170149253731343,1732,41,1.0,2.0,10.0
0.03,False,0.25,90.20000000000002,0.31887490747594377,2154,41,1.0,2.0,10.0
0.03,False,0.5,166.5,0.31887490747594377,2154,41,1.0,2.0,10.0
0.03,False,0.75,284.90000000000003,0.31887490747594377,2154,41,1.0,2.0,10.0
0.03,True,0.25,93.7,0.6811250925240563,4601,41,1.0,2.0,10.0
0.03,True,0.5,169.7,0.6811250925240563,4601,41,1.0,2.0,10.0
0.03,True,0.75,293.59999999999997,0.6811250925240563,4601,41,1.0,2.0,10.0
0.06,False,0.25,80.80000000000001,0.1727128197716433,1195,41,1.0,2.0,10.0
0.06,False,0.5,152.39999999999998,0.1727128197716433,1195,41,1.0,2.0,10.0
0.06,False,0.75,263.15,0.1727128197716433,1195,41,1.0,2.0,10.0
0.06,True,0.25,86.0,0.8272871802283567,5724,41,1.0,2.0,10.0
0.06,True,0.5,153.1,0.8272871802283567,5724,41,1.0,2.0,10.0
0.06,True,0.75,265.05,0.8272871802283567,5724,41,1.0,2.0,10.0
0.09,False,0.25,64.0,0.0877815699658703,643,41,1.0,2.0,10.0
0.09,False,0.5,117.50000000000001,0.0877815699658703,643,41,1.0,2.0,10.0
0.09,False,0.75,209.40000000000003,0.0877815699658703,643,41,1.0,2.0,10.0
0.09,True,0.25,79.39999999999999,0.9122184300341297,6682,41,1.0,2.0,10.0
0.09,True,0.5,135.4,0.9122184300341297,6682,41,1.0,2.0,10.0
0.09,True,0.75,223.97500000000002,0.9122184300341297,6682,41,1.0,2.0,10.0
0.12,False,0.25,63.525000000000006,0.04243516849258078,306,41,1.0,2.0,10.0
0.12,False,0.5,97.6,0.04243516849258078,306,41,1.0,2.0,10.0
0.12,False,0.75,162.35000000000002,0.04243516849258078,306,41,1.0,2.0,10.0
0.12,True,0.25,66.5,0.9575648315074192,6905,41,1.0,2.0,10.0
0.12,True,0.5,111.5,0.9575648315074192,6905,41,1.0,2.0,10.0
0.12,True,0.75,184.1,0.9575648315074192,6905,41,1.0,2.0,10.0
0.15,False,0.25,52.89999999999999,0.02288298163880515,167,41,1.0,2.0,10.0
0.15,False,0.5,87.7,0.02288298163880515,167,41,1.0,2.0,10.0
0.15,False,0.75,149.74999999999997,0.02288298163880515,167,41,1.0,2.0,10.0
0.15,True,0.25,61.3,0.9771170183611948,7131,41,1.0,2.0,10.0
0.15,True,0.5,97.0,0.9771170183611948,7131,41,1.0,2.0,10.0
0.15,True,0.75,152.60000000000002,0.9771170183611948,7131,41,1.0,2.0,10.0
0.0,False,0.25,96.19999999999999,0.4761478831246273,1597,52,1.0,2.0,10.0
0.0,False,0.5,171.2,0.4761478831246273,1597,52,1.0,2.0,10.0
0.0,False,0.75,312.5,0.4761478831246273,1597,52,1.0,2.0,10.0
0.0,True,0.25,99.30000000000001,0.5238521168753727,1757,52,1.0,2.0,10.0
0.0,True,0.5,183.29999999999998,0.5238521168753727,1757,52,1.0,2.0,10.0
0.0,True,0.75,318.70000000000005,0.5238521168753727,1757,52,1.0,2.0,10.0
0.03,False,0.25,94.44999999999999,0.3117420881396037,2108,52,1.0,2.0,10.0
0.03,False,0.5,166.70000000000002,0.3117420881396037,2108,52,1.0,2.0,10.0
0.03,False,0.75,294.475,0.3117420881396037,2108,52,1.0,2.0,10.0
0.03,True,0.25,92.525,0.6882579118603963,4654,52,1.0,2.0,10.0
0.03,True,0.5,166.85000000000002,0.6882579118603963,4654,52,1.0,2.0,10.0
0.03,True,0.75,289.775,0.6882579118603963,4654,52,1.0,2.0,10.0
0.06,False,0.25,83.55,0.1735930735930736,1203,52,1.0,2.0,10.0
0.06,False,0.5,148.8,0.1735930735930736,1203,52,1.0,2.0,10.0
0.06,False,0.75,264.25000000000006,0.1735930735930736,1203,52,1.0,2.0,10.0
0.06,True,0.25,89.7,0.8264069264069264,5727,52,1.0,2.0,10.0
0.06,True,0.5,158.39999999999998,0.8264069264069264,5727,52,1.0,2.0,10.0
0.06,True,0.75,269.75,0.8264069264069264,5727,52,1.0,2.0,10.0
0.09,False,0.25,73.9,0.09456877729257641,693,52,1.0,2.0,10.0
0.09,False,0.5,130.89999999999998,0.09456877729257641,693,52,1.0,2.0,10.0
0.09,False,0.75,226.80000000000004,0.09456877729257641,693,52,1.0,2.0,10.0
0.09,True,0.25,79.10000000000002,0.9054312227074236,6635,52,1.0,2.0,10.0
0.09,True,0.5,132.30000000000004,0.9054312227074236,6635,52,1.0,2.0,10.0
0.09,True,0.75,225.65000000000003,0.9054312227074236,6635,52,1.0,2.0,10.0
0.12,False,0.25,63.67500000000001,0.04525891989448841,326,52,1.0,2.0,10.0
0.12,False,0.5,105.60000000000001,0.04525891989448841,326,52,1.0,2.0,10.0
0.12,False,0.75,177.45,0.04525891989448841,326,52,1.0,2.0,10.0
0.12,True,0.25,69.70000000000002,0.9547410801055116,6877,52,1.0,2.0,10.0
0.12,True,0.5,112.89999999999998,0.9547410801055116,6877,52,1.0,2.0,10.0
0.12,True,0.75,185.79999999999998,0.9547410801055116,6877,52,1.0,2.0,10.0
0.15,False,0.25,53.449999999999996,0.02781583995615237,203,52,1.0,2.0,10.0
0.15,False,0.5,84.49999999999999,0.02781583995615237,203,52,1.0,2.0,10.0
0.15,False,0.75,138.0,0.02781583995615237,203,52,1.0,2.0,10.0
0.15,True,0.25,61.60000000000001,0.9721841600438477,7095,52,1.0,2.0,10.0
0.15,True,0.5,97.19999999999999,0.9721841600438477,7095,52,1.0,2.0,10.0
0.15,True,0.75,152.50000000000003,0.9721841600438477,7095,52,1.0,2.0,10.0
0.0,False,0.25,97.4,0.4902431702191534,1633,56,1.0,2.0,10.0
0.0,False,0.5,177.9,0.4902431702191534,1633,56,1.0,2.0,10.0
0.0,False,0.75,310.5,0.4902431702191534,1633,56,1.0,2.0,10.0
0.0,True,0.25,98.10000000000001,0.5097568297808466,1698,56,1.0,2.0,10.0
0.0,True,0.5,180.5,0.5097568297808466,1698,56,1.0,2.0,10.0
0.0,True,0.75,306.85,0.5097568297808466,1698,56,1.0,2.0,10.0
0.03,False,0.25,89.9,0.3137603795966785,2116,56,1.0,2.0,10.0
0.03,False,0.5,166.85000000000002,0.3137603795966785,2116,56,1.0,2.0,10.0
0.03,False,0.75,287.3,0.3137603795966785,2116,56,1.0,2.0,10.0
0.03,True,0.25,94.9,0.6862396204033214,4628,56,1.0,2.0,10.0
0.03,True,0.5,174.95000000000002,0.6862396204033214,4628,56,1.0,2.0,10.0
0.03,True,0.75,305.975,0.6862396204033214,4628,56,1.0,2.0,10.0
0.06,False,0.25,81.82499999999999,0.16572993226689725,1150,56,1.0,2.0,10.0
0.06,False,0.5,145.64999999999998,0.16572993226689725,1150,56,1.0,2.0,10.0
0.06,False,0.75,251.125,0.16572993226689725,1150,56,1.0,2.0,10.0
0.06,True,0.25,85.39999999999999,0.8342700677331027,5789,56,1.0,2.0,10.0
0.06,True,0.5,150.79999999999998,0.8342700677331027,5789,56,1.0,2.0,10.0
0.06,True,0.75,262.6000000000001,0.8342700677331027,5789,56,1.0,2.0,10.0
0.09,False,0.25,70.69999999999999,0.09373720835038886,687,56,1.0,2.0,10.0
0.09,False,0.5,129.9,0.09373720835038886,687,56,1.0,2.0,10.0
0.09,False,0.75,213.70000000000005,0.09373720835038886,687,56,1.0,2.0,10.0
0.09,True,0.25,78.70000000000002,0.9062627916496111,6642,56,1.0,2.0,10.0
0.09,True,0.5,133.35,0.9062627916496111,6642,56,1.0,2.0,10.0
0.09,True,0.75,228.00000000000003,0.9062627916496111,6642,56,1.0,2.0,10.0
0.12,False,0.25,60.92500000000001,0.04382801664355063,316,56,1.0,2.0,10.0
0.12,False,0.5,108.94999999999999,0.04382801664355063,316,56,1.0,2.0,10.0
0.12,False,0.75,183.95,0.04382801664355063,316,56,1.0,2.0,10.0
0.12,True,0.25,68.72500000000001,0.9561719833564494,6894,56,1.0,2.0,10.0
0.12,True,0.5,112.60000000000001,0.9561719833564494,6894,56,1.0,2.0,10.0
0.12,True,0.75,184.5,0.9561719833564494,6894,56,1.0,2.0,10.0
0.15,False,0.25,58.5,0.02054794520547945,150,56,1.0,2.0,10.0
0.15,False,0.5,87.19999999999999,0.02054794520547945,150,56,1.0,2.0,10.0
0.15,False,0.75,142.7,0.02054794520547945,150,56,1.0,2.0,10.0
0.15,True,0.25,61.1,0.9794520547945206,7150,56,1.0,2.0,10.0
0.15,True,0.5,95.4,0.9794520547945206,7150,56,1.0,2.0,10.0
0.15,True,0.75,154.27499999999998,0.9794520547945206,7150,56,1.0,2.0,10.0
0.0,False,0.25,94.9,0.5068370986920333,1705,57,1.0,2.0,10.0
0.0,False,0.5,177.1,0.5068370986920333,1705,57,1.0,2.0,10.0
0.0,False,0.75,302.20000000000005,0.5068370986920333,1705,57,1.0,2.0,10.0
0.0,True,0.25,93.30000000000001,0.4931629013079667,1659,57,1.0,2.0,10.0
0.0,True,0.5,183.10000000000002,0.4931629013079667,1659,57,1.0,2.0,10.0
0.0,True,0.75,320.75,0.4931629013079667,1659,57,1.0,2.0,10.0
0.03,False,0.25,90.75,0.3230792093921831,2174,57,1.0,2.0,10.0
0.03,False,0.5,169.2,0.3230792093921831,2174,57,1.0,2.0,10.0
0.03,False,0.75,300.45000000000005,0.3230792093921831,2174,57,1.0,2.0,10.0
0.03,True,0.25,96.69999999999997,0.676920790607817,4555,57,1.0,2.0,10.0
0.03,True,0.5,175.00000000000003,0.676920790607817,4555,57,1.0,2.0,10.0
0.03,True,0.75,308.04999999999995,0.676920790607817,4555,57,1.0,2.0,10.0
0.06,False,0.25,75.64999999999999,0.1752740911713791,1215,57,1.0,2.0,10.0
0.06,False,0.5,141.09999999999997,0.1752740911713791,1215,57,1.0,2.0,10.0
0.06,False,0.75,251.95000000000002,0.1752740911713791,1215,57,1.0,2.0,10.0
0.06,True,0.25,86.9,0.8247259088286208,5717,57,1.0,2.0,10.0
0.06,True,0.5,151.0,0.8247259088286208,5717,57,1.0,2.0,10.0
0.06,True,0.75,259.7,0.8247259088286208,5717,57,1.0,2.0,10.0
0.09,False,0.25,69.2,0.09415140748838481,689,57,1.0,2.0,10.0
0.09,False,0.5,123.50000000000001,0.09415140748838481,689,57,1.0,2.0,10.0
0.09,False,0.75,218.70000000000005,0.09415140748838481,689,57,1.0,2.0,10.0
0.09,True,0.25,77.39999999999999,0.9058485925116152,6629,57,1.0,2.0,10.0
0.09,True,0.5,130.89999999999998,0.9058485925116152,6629,57,1.0,2.0,10.0
0.09,True,0.75,225.3,0.9058485925116152,6629,57,1.0,2.0,10.0
0.12,False,0.25,59.45,0.04360505485349257,314,57,1.0,2.0,10.0
0.12,False,0.5,107.39999999999999,0.04360505485349257,314,57,1.0,2.0,10.0
0.12,False,0.75,174.72500000000002,0.04360505485349257,314,57,1.0,2.0,10.0
0.12,True,0.25,69.2,0.9563949451465075,6887,57,1.0,2.0,10.0
0.12,True,0.5,113.6,0.9563949451465075,6887,57,1.0,2.0,10.0
0.12,True,0.75,184.85000000000002,0.9563949451465075,6887,57,1.0,2.0,10.0
0.15,False,0.25,57.449999999999996,0.020279528637983008,148,57,1.0,2.0,10.0
0.15,False,0.5,83.55,0.020279528637983008,148,57,1.0,2.0,10.0
0.15,False,0.75,138.575,0.020279528637983008,148,57,1.0,2.0,10.0
0.15,True,0.25,62.000000000000014,0.979720471362017,7150,57,1.0,2.0,10.0
0.15,True,0.5,97.6,0.979720471362017,7150,57,1.0,2.0,10.0
0.15,True,0.75,154.15,0.979720471362017,7150,57,1.0,2.0,10.0
0.0,False,0.25,101.82499999999999,0.506268656716418,1696,59,1.0,2.0,10.0
0.0,False,0.5,183.9,0.506268656716418,1696,59,1.0,2.0,10.0
0.0,False,0.75,321.0,0.506268656716418,1696,59,1.0,2.0,10.0
0.0,True,0.25,96.825,0.4937313432835821,1654,59,1.0,2.0,10.0
0.0,True,0.5,181.7,0.4937313432835821,1654,59,1.0,2.0,10.0
0.0,True,0.75,318.85,0.4937313432835821,1654,59,1.0,2.0,10.0
0.03,False,0.25,94.12499999999999,0.31820198136921485,2152,59,1.0,2.0,10.0
0.03,False,0.5,167.99999999999997,0.31820198136921485,2152,59,1.0,2.0,10.0
0.03,False,0.75,297.5,0.31820198136921485,2152,59,1.0,2.0,10.0
0.03,True,0.25,91.7,0.6817980186307852,4611,59,1.0,2.0,10.0
0.03,True,0.5,169.0,0.6817980186307852,4611,59,1.0,2.0,10.0
0.03,True,0.75,289.95000000000005,0.6817980186307852,4611,59,1.0,2.0,10.0
0.06,False,0.25,84.4,0.18115002161694768,1257,59,1.0,2.0,10.0
0.06,False,0.5,154.20000000000002,0.18115002161694768,1257,59,1.0,2.0,10.0
0.06,False,0.75,266.8,0.18115002161694768,1257,59,1.0,2.0,10.0
0.06,True,0.25,87.1,0.8188499783830523,5682,59,1.0,2.0,10.0
0.06,True,0.5,155.5,0.8188499783830523,5682,59,1.0,2.0,10.0
0.06,True,0.75,269.55,0.8188499783830523,5682,59,1.0,2.0,10.0
0.09,False,0.25,67.7,0.08775760884400163,643,59,1.0,2.0,10.0
0.09,False,0.5,117.50000000000001,0.08775760884400163,643,59,1.0,2.0,10.0
0.09,False,0.75,215.45,0.08775760884400163,643,59,1.0,2.0,10.0
0.09,True,0.25,78.30000000000001,0.9122423911559984,6684,59,1.0,2.0,10.0
0.09,True,0.5,133.6,0.9122423911559984,6684,59,1.0,2.0,10.0
0.09,True,0.75,223.60000000000002,0.9122423911559984,6684,59,1.0,2.0,10.0
0.12,False,0.25,57.12500000000001,0.04276589836156623,308,59,1.0,2.0,10.0
0.12,False,0.5,90.0,0.04276589836156623,308,59,1.0,2.0,10.0
0.12,False,0.75,158.35000000000002,0.04276589836156623,308,59,1.0,2.0,10.0
0.12,True,0.25,68.6,0.9572341016384338,6894,59,1.0,2.0,10.0
0.12,True,0.5,112.94999999999999,0.9572341016384338,6894,59,1.0,2.0,10.0
0.12,True,0.75,185.37499999999997,0.9572341016384338,6894,59,1.0,2.0,10.0
0.15,False,0.25,45.0,0.02438690231538567,178,59,1.0,2.0,10.0
0.15,False,0.5,77.55000000000001,0.02438690231538567,178,59,1.0,2.0,10.0
0.15,False,0.75,133.65,0.02438690231538567,178,59,1.0,2.0,10.0
0.15,True,0.25,60.699999999999996,0.9756130976846143,7121,59,1.0,2.0,10.0
0.15,True,0.5,95.0,0.9756130976846143,7121,59,1.0,2.0,10.0
0.15,True,0.75,149.89999999999998,0.9756130976846143,7121,59,1.0,2.0,10.0
0.0,False,0.25,92.19999999999999,0.5049151027703307,1695,61,1.0,2.0,10.0
0.0,False,0.5,173.6,0.5049151027703307,1695,61,1.0,2.0,10.0
0.0,False,0.75,295.95000000000005,0.5049151027703307,1695,61,1.0,2.0,10.0
0.0,True,0.25,97.82499999999999,0.49508489722966936,1662,61,1.0,2.0,10.0
0.0,True,0.5,168.3,0.49508489722966936,1662,61,1.0,2.0,10.0
0.0,True,0.75,289.2,0.49508489722966936,1662,61,1.0,2.0,10.0
0.03,False,0.25,90.80000000000003,0.31594546532305867,2132,61,1.0,2.0,10.0
0.03,False,0.5,167.55,0.31594546532305867,2132,61,1.0,2.0,10.0
0.03,False,0.75,295.5,0.31594546532305867,2132,61,1.0,2.0,10.0
0.03,True,0.25,95.7,0.6840545346769413,4616,61,1.0,2.0,10.0
0.03,True,0.5,172.8,0.6840545346769413,4616,61,1.0,2.0,10.0
0.03,True,0.75,298.5,0.6840545346769413,4616,61,1.0,2.0,10.0
0.06,False,0.25,80.15,0.16907305804215997,1171,61,1.0,2.0,10.0
0.06,False,0.5,146.9,0.16907305804215997,1171,61,1.0,2.0,10.0
0.06,False,0.75,269.8,0.16907305804215997,1171,61,1.0,2.0,10.0
0.06,True,0.25,87.5,0.83092694195784,5755,61,1.0,2.0,10.0
0.06,True,0.5,153.4,0.83092694195784,5755,61,1.0,2.0,10.0
0.06,True,0.75,265.40000000000003,0.83092694195784,5755,61,1.0,2.0,10.0
0.09,False,0.25,67.4,0.08878568501570824,650,61,1.0,2.0,10.0
0.09,False,0.5,116.35,0.08878568501570824,650,61,1.0,2.0,10.0
0.09,False,0.75,207.575,0.08878568501570824,650,61,1.0,2.0,10.0
0.09,True,0.25,77.69999999999999,0.9112143149842917,6671,61,1.0,2.0,10.0
0.09,True,0.5,134.5,0.9112143149842917,6671,61,1.0,2.0,10.0
0.09,True,0.75,225.65000000000003,0.9112143149842917,6671,61,1.0,2.0,10.0
0.12,False,0.25,63.2,0.03789035392088827,273,61,1.0,2.0,10.0
0.12,False,0.5,95.4,0.03789035392088827,273,61,1.0,2.0,10.0
0.12,False,0.75,161.1,0.03789035392088827,273,61,1.0,2.0,10.0
0.12,True,0.25,69.57499999999999,0.9621096460791118,6932,61,1.0,2.0,10.0
0.12,True,0.5,112.65,0.9621096460791118,6932,61,1.0,2.0,10.0
0.12,True,0.75,188.625,0.9621096460791118,6932,61,1.0,2.0,10.0
0.15,False,0.25,56.05,0.021786790901616882,159,61,1.0,2.0,10.0
0.15,False,0.5,81.39999999999999,0.021786790901616882,159,61,1.0,2.0,10.0
0.15,False,0.75,142.70000000000002,0.021786790901616882,159,61,1.0,2.0,10.0
0.15,True,0.25,62.600000000000016,0.9782132090983832,7139,61,1.0,2.0,10.0
0.15,True,0.5,97.8,0.9782132090983832,7139,61,1.0,2.0,10.0
0.15,True,0.75,152.45,0.9782132090983832,7139,61,1.0,2.0,10.0
0.0,False,0.25,90.80000000000003,0.5149253731343284,1725,73,1.0,2.0,10.0
0.0,False,0.5,171.29999999999998,0.5149253731343284,1725,73,1.0,2.0,10.0
0.0,False,0.75,292.2,0.5149253731343284,1725,73,1.0,2.0,10.0
0.0,True,0.25,95.6,0.48507462686567165,1625,73,1.0,2.0,10.0
0.0,True,0.5,180.19999999999996,0.48507462686567165,1625,73,1.0,2.0,10.0
0.0,True,0.75,318.0,0.48507462686567165,1625,73,1.0,2.0,10.0
0.03,False,0.25,87.85000000000001,0.31107806691449813,2092,73,1.0,2.0,10.0
0.03,False,0.5,167.64999999999998,0.31107806691449813,2092,73,1.0,2.0,10.0
0.03,False,0.75,296.125,0.31107806691449813,2092,73,1.0,2.0,10.0
0.03,True,0.25,93.7,0.6889219330855019,4633,73,1.0,2.0,10.0
0.03,True,0.5,169.5,0.6889219330855019,4633,73,1.0,2.0,10.0
0.03,True,0.75,291.2,0.6889219330855019,4633,73,1.0,2.0,10.0
0.06,False,0.25,82.67499999999998,0.17312400979403716,1202,73,1.0,2.0,10.0
0.06,False,0.5,150.35000000000002,0.17312400979403716,1202,73,1.0,2.0,10.0
0.06,False,0.75,267.525,0.17312400979403716,1202,73,1.0,2.0,10.0
0.06,True,0.25,87.39999999999999,0.8268759902059628,5741,73,1.0,2.0,10.0
0.06,True,0.5,155.2,0.8268759902059628,5741,73,1.0,2.0,10.0
0.06,True,0.75,272.1,0.8268759902059628,5741,73,1.0,2.0,10.0
0.09,False,0.25,73.85000000000001,0.09171678512848551,671,73,1.0,2.0,10.0
0.09,False,0.5,133.3,0.09171678512848551,671,73,1.0,2.0,10.0
0.09,False,0.75,236.3,0.09171678512848551,671,73,1.0,2.0,10.0
0.09,True,0.25,77.0,0.9082832148715145,6645,73,1.0,2.0,10.0
0.09,True,0.5,131.39999999999998,0.9082832148715145,6645,73,1.0,2.0,10.0
0.09,True,0.75,222.20000000000002,0.9082832148715145,6645,73,1.0,2.0,10.0
0.12,False,0.25,59.000000000000014,0.04232583957812934,305,73,1.0,2.0,10.0
0.12,False,0.5,101.6,0.04232583957812934,305,73,1.0,2.0,10.0
0.12,False,0.75,173.00000000000003,0.04232583957812934,305,73,1.0,2.0,10.0
0.12,True,0.25,69.9,0.9576741604218707,6901,73,1.0,2.0,10.0
0.12,True,0.5,113.9,0.9576741604218707,6901,73,1.0,2.0,10.0
0.12,True,0.75,186.70000000000005,0.9576741604218707,6901,73,1.0,2.0,10.0
0.15,False,0.25,50.2,0.023979172375993424,175,73,1.0,2.0,10.0
0.15,False,0.5,71.8,0.023979172375993424,175,73,1.0,2.0,10.0
0.15,False,0.75,124.25,0.023979172375993424,175,73,1.0,2.0,10.0
0.15,True,0.25,61.000000000000014,0.9760208276240065,7123,73,1.0,2.0,10.0
0.15,True,0.5,96.19999999999999,0.9760208276240065,7123,73,1.0,2.0,10.0
0.15,True,0.75,152.79999999999998,0.9760208276240065,7123,73,1.0,2.0,10.0
0.0,False,0.25,92.95,0.5063817156426239,1706,79,1.0,2.0,10.0
0.0,False,0.5,174.4,0.5063817156426239,1706,79,1.0,2.0,10.0
0.0,False,0.75,315.20000000000005,0.5063817156426239,1706,79,1.0,2.0,10.0
0.0,True,0.25,96.05000000000001,0.4936182843573761,1663,79,1.0,2.0,10.0
0.0,True,0.5,179.7,0.4936182843573761,1663,79,1.0,2.0,10.0
0.0,True,0.75,304.3,0.4936182843573761,1663,79,1.0,2.0,10.0
0.03,False,0.25,88.225,0.322189349112426,2178,79,1.0,2.0,10.0
0.03,False,0.5,167.75,0.322189349112426,2178,79,1.0,2.0,10.0
0.03,False,0.75,300.375,0.322189349112426,2178,79,1.0,2.0,10.0
0.03,True,0.25,94.6,0.677810650887574,4582,79,1.0,2.0,10.0
0.03,True,0.5,172.95000000000002,0.677810650887574,4582,79,1.0,2.0,10.0
0.03,True,0.75,303.675,0.677810650887574,4582,79,1.0,2.0,10.0
0.06,False,0.25,79.80000000000001,0.17496033463147267,1213,79,1.0,2.0,10.0
0.06,False,0.5,149.89999999999998,0.17496033463147267,1213,79,1.0,2.0,10.0
0.06,False,0.75,271.6,0.17496033463147267,1213,79,1.0,2.0,10.0
0.06,True,0.25,85.35,0.8250396653685274,5720,79,1.0,2.0,10.0
0.06,True,0.5,152.29999999999998,0.8250396653685274,5720,79,1.0,2.0,10.0
0.06,True,0.75,266.025,0.8250396653685274,5720,79,1.0,2.0,10.0
0.09,False,0.25,67.85,0.0860655737704918,630,79,1.0,2.0,10.0
0.09,False,0.5,122.19999999999999,0.0860655737704918,630,79,1.0,2.0,10.0
0.09,False,0.75,208.50000000000003,0.0860655737704918,630,79,1.0,2.0,10.0
0.09,True,0.25,77.82500000000002,0.9139344262295082,6690,79,1.0,2.0,10.0
0.09,True,0.5,133.45,0.9139344262295082,6690,79,1.0,2.0,10.0
0.09,True,0.75,225.35,0.9139344262295082,6690,79,1.0,2.0,10.0
0.12,False,0.25,63.550000000000004,0.0475992228698307,343,79,1.0,2.0,10.0
0.12,False,0.5,102.2,0.0475992228698307,343,79,1.0,2.0,10.0
0.12,False,0.75,162.0,0.0475992228698307,343,79,1.0,2.0,10.0
0.12,True,0.25,68.9,0.9524007771301694,6863,79,1.0,2.0,10.0
0.12,True,0.5,110.79999999999998,0.9524007771301694,6863,79,1.0,2.0,10.0
0.12,True,0.75,183.05,0.9524007771301694,6863,79,1.0,2.0,10.0
0.15,False,0.25,55.900000000000006,0.02137571937517128,156,79,1.0,2.0,10.0
0.15,False,0.5,82.99999999999999,0.02137571937517128,156,79,1.0,2.0,10.0
0.15,False,0.75,133.375,0.02137571937517128,156,79,1.0,2.0,10.0
0.15,True,0.25,62.000000000000014,0.9786242806248288,7142,79,1.0,2.0,10.0
0.15,True,0.5,96.64999999999998,0.9786242806248288,7142,79,1.0,2.0,10.0
0.15,True,0.75,154.10000000000002,0.9786242806248288,7142,79,1.0,2.0,10.0
0.0,False,0.25,96.5,0.4904818560380726,1649,80,1.0,2.0,10.0
0.0,False,0.5,178.9,0.4904818560380726,1649,80,1.0,2.0,10.0
0.0,False,0.75,312.3,0.4904818560380726,1649,80,1.0,2.0,10.0
0.0,True,0.25,95.8,0.5095181439619274,1713,80,1.0,2.0,10.0
0.0,True,0.5,183.10000000000002,0.5095181439619274,1713,80,1.0,2.0,10.0
0.0,True,0.75,306.09999999999997,0.5095181439619274,1713,80,1.0,2.0,10.0
0.03,False,0.25,95.125,0.3174461766889384,2138,80,1.0,2.0,10.0
0.03,False,0.5,177.05,0.3174461766889384,2138,80,1.0,2.0,10.0
0.03,False,0.75,304.725,0.3174461766889384,2138,80,1.0,2.0,10.0
0.03,True,0.25,92.5,0.6825538233110616,4597,80,1.0,2.0,10.0
0.03,True,0.5,168.9,0.6825538233110616,4597,80,1.0,2.0,10.0
0.03,True,0.75,300.20000000000005,0.6825538233110616,4597,80,1.0,2.0,10.0
0.06,False,0.25,85.49999999999999,0.17382530988757566,1206,80,1.0,2.0,10.0
0.06,False,0.5,144.45,0.17382530988757566,1206,80,1.0,2.0,10.0
0.06,False,0.75,255.32500000000002,0.17382530988757566,1206,80,1.0,2.0,10.0
0.06,True,0.25,88.00000000000001,0.8261746901124243,5732,80,1.0,2.0,10.0
0.06,True,0.5,157.1,0.8261746901124243,5732,80,1.0,2.0,10.0
0.06,True,0.75,264.8,0.8261746901124243,5732,80,1.0,2.0,10.0
0.09,False,0.25,70.975,0.08737201365187713,640,80,1.0,2.0,10.0
0.09,False,0.5,125.0,0.08737201365187713,640,80,1.0,2.0,10.0
0.09,False,0.75,213.225,0.08737201365187713,640,80,1.0,2.0,10.0
0.09,True,0.25,78.30000000000001,0.9126279863481229,6685,80,1.0,2.0,10.0
0.09,True,0.5,132.8,0.9126279863481229,6685,80,1.0,2.0,10.0
0.09,True,0.75,220.6,0.9126279863481229,6685,80,1.0,2.0,10.0
0.12,False,0.25,61.625,0.04273029966703663,308,80,1.0,2.0,10.0
0.12,False,0.5,96.19999999999999,0.04273029966703663,308,80,1.0,2.0,10.0
0.12,False,0.75,164.89999999999998,0.04273029966703663,308,80,1.0,2.0,10.0
0.12,True,0.25,69.5,0.9572697003329633,6900,80,1.0,2.0,10.0
0.12,True,0.5,113.9,0.9572697003329633,6900,80,1.0,2.0,10.0
0.12,True,0.75,187.325,0.9572697003329633,6900,80,1.0,2.0,10.0
0.15,False,0.25,55.675000000000004,0.021095890410958905,154,80,1.0,2.0,10.0
0.15,False,0.5,83.6,0.021095890410958905,154,80,1.0,2.0,10.0
0.15,False,0.75,147.675,0.021095890410958905,154,80,1.0,2.0,10.0
0.15,True,0.25,61.3,0.9789041095890411,7146,80,1.0,2.0,10.0
0.15,True,0.5,98.19999999999999,0.9789041095890411,7146,80,1.0,2.0,10.0
0.15,True,0.75,156.27499999999998,0.9789041095890411,7146,80,1.0,2.0,10.0
0.0,False,0.25,97.475,0.49328157659002686,1652,81,1.0,2.0,10.0
0.0,False,0.5,176.9,0.49328157659002686,1652,81,1.0,2.0,10.0
0.0,False,0.75,312.80000000000007,0.49328157659002686,1652,81,1.0,2.0,10.0
0.0,True,0.25,96.0,0.5067184234099731,1697,81,1.0,2.0,10.0
0.0,True,0.5,176.20000000000002,0.5067184234099731,1697,81,1.0,2.0,10.0
0.0,True,0.75,311.90000000000003,0.5067184234099731,1697,81,1.0,2.0,10.0
0.03,False,0.25,88.19999999999999,0.3206344500444708,2163,81,1.0,2.0,10.0
0.03,False,0.5,169.1,0.3206344500444708,2163,81,1.0,2.0,10.0
0.03,False,0.75,309.4,0.3206344500444708,2163,81,1.0,2.0,10.0
0.03,True,0.25,96.6,0.6793655499555292,4583,81,1.0,2.0,10.0
0.03,True,0.5,175.8,0.6793655499555292,4583,81,1.0,2.0,10.0
0.03,True,0.75,302.0,0.6793655499555292,4583,81,1.0,2.0,10.0
0.06,False,0.25,83.20000000000002,0.17143267710878,1193,81,1.0,2.0,10.0
0.06,False,0.5,145.6,0.17143267710878,1193,81,1.0,2.0,10.0
0.06,False,0.75,259.7,0.17143267710878,1193,81,1.0,2.0,10.0
0.06,True,0.25,86.9,0.82856732289122,5766,81,1.0,2.0,10.0
0.06,True,0.5,153.75,0.82856732289122,5766,81,1.0,2.0,10.0
0.06,True,0.75,269.34999999999997,0.82856732289122,5766,81,1.0,2.0,10.0
0.09,False,0.25,73.35,0.09075997813012575,664,81,1.0,2.0,10.0
0.09,False,0.5,126.55000000000001,0.09075997813012575,664,81,1.0,2.0,10.0
0.09,False,0.75,213.07500000000002,0.09075997813012575,664,81,1.0,2.0,10.0
0.09,True,0.25,78.0,0.9092400218698743,6652,81,1.0,2.0,10.0
0.09,True,0.5,133.7,0.9092400218698743,6652,81,1.0,2.0,10.0
0.09,True,0.75,227.3,0.9092400218698743,6652,81,1.0,2.0,10.0
0.12,False,0.25,60.3,0.0517624202053844,373,81,1.0,2.0,10.0
0.12,False,0.5,100.10000000000001,0.0517624202053844,373,81,1.0,2.0,10.0
0.12,False,0.75,162.20000000000002,0.0517624202053844,373,81,1.0,2.0,10.0
0.12,True,0.25,70.89999999999999,0.9482375797946156,6833,81,1.0,2.0,10.0
0.12,True,0.5,116.20000000000002,0.9482375797946156,6833,81,1.0,2.0,10.0
0.12,True,0.75,190.5,0.9482375797946156,6833,81,1.0,2.0,10.0
0.15,False,0.25,50.30000000000001,0.02315068493150685,169,81,1.0,2.0,10.0
0.15,False,0.5,77.80000000000001,0.02315068493150685,169,81,1.0,2.0,10.0
0.15,False,0.75,122.30000000000001,0.02315068493150685,169,81,1.0,2.0,10.0
0.15,True,0.25,61.85,0.9768493150684932,7131,81,1.0,2.0,10.0
0.15,True,0.5,98.19999999999999,0.9768493150684932,7131,81,1.0,2.0,10.0
0.15,True,0.75,153.99999999999997,0.9768493150684932,7131,81,1.0,2.0,10.0
0.0,False,0.25,95.85,0.5034318113995823,1687,97,1.0,2.0,10.0
0.0,False,0.5,178.70000000000002,0.5034318113995823,1687,97,1.0,2.0,10.0
0.0,False,0.75,312.35,0.5034318113995823,1687,97,1.0,2.0,10.0
0.0,True,0.25,95.125,0.4965681886004178,1664,97,1.0,2.0,10.0
0.0,True,0.5,177.9,0.4965681886004178,1664,97,1.0,2.0,10.0
0.0,True,0.75,316.425,0.4965681886004178,1664,97,1.0,2.0,10.0
0.03,False,0.25,90.57499999999999,0.31525925925925924,2128,97,1.0,2.0,10.0
0.03,False,0.5,167.95,0.31525925925925924,2128,97,1.0,2.0,10.0
0.03,False,0.75,293.42499999999995,0.31525925925925924,2128,97,1.0,2.0,10.0
0.03,True,0.25,92.125,0.6847407407407408,4622,97,1.0,2.0,10.0
0.03,True,0.5,169.55,0.6847407407407408,4622,97,1.0,2.0,10.0
0.03,True,0.75,297.675,0.6847407407407408,4622,97,1.0,2.0,10.0
0.06,False,0.25,84.6,0.16623339110340843,1151,97,1.0,2.0,10.0
0.06,False,0.5,156.39999999999998,0.16623339110340843,1151,97,1.0,2.0,10.0
0.06,False,0.75,271.25,0.16623339110340843,1151,97,1.0,2.0,10.0
0.06,True,0.25,87.39999999999999,0.8337666088965916,5773,97,1.0,2.0,10.0
0.06,True,0.5,156.29999999999998,0.8337666088965916,5773,97,1.0,2.0,10.0
0.06,True,0.75,267.4,0.8337666088965916,5773,97,1.0,2.0,10.0
0.09,False,0.25,71.75,0.08725931995083983,639,97,1.0,2.0,10.0
0.09,False,0.5,130.70000000000002,0.08725931995083983,639,97,1.0,2.0,10.0
0.09,False,0.75,206.15000000000003,0.08725931995083983,639,97,1.0,2.0,10.0
0.09,True,0.25,77.675,0.9127406800491602,6684,97,1.0,2.0,10.0
0.09,True,0.5,130.25,0.9127406800491602,6684,97,1.0,2.0,10.0
0.09,True,0.75,227.10000000000002,0.9127406800491602,6684,97,1.0,2.0,10.0
0.12,False,0.25,63.075,0.04274215931168471,308,97,1.0,2.0,10.0
0.12,False,0.5,101.45000000000002,0.04274215931168471,308,97,1.0,2.0,10.0
0.12,False,0.75,179.82500000000002,0.04274215931168471,308,97,1.0,2.0,10.0
0.12,True,0.25,69.3,0.9572578406883153,6898,97,1.0,2.0,10.0
0.12,True,0.5,112.74999999999999,0.9572578406883153,6898,97,1.0,2.0,10.0
0.12,True,0.75,184.075,0.9572578406883153,6898,97,1.0,2.0,10.0
0.15,False,0.25,57.35,0.021232876712328767,155,97,1.0,2.0,10.0
0.15,False,0.5,80.4,0.021232876712328767,155,97,1.0,2.0,10.0
0.15,False,0.75,128.2,0.021232876712328767,155,97,1.0,2.0,10.0
0.15,True,0.25,62.300000000000004,0.9787671232876712,7145,97,1.0,2.0,10.0
0.15,True,0.5,97.8,0.9787671232876712,7145,97,1.0,2.0,10.0
0.15,True,0.75,154.39999999999998,0.9787671232876712,7145,97,1.0,2.0,10.0
0.0,False,0.25,93.07500000000002,0.5058156874440799,1696,98,1.0,2.0,10.0
0.0,False,0.5,173.3,0.5058156874440799,1696,98,1.0,2.0,10.0
0.0,False,0.75,315.3,0.5058156874440799,1696,98,1.0,2.0,10.0
0.0,True,0.25,96.90000000000002,0.49418431255592005,1657,98,1.0,2.0,10.0
0.0,True,0.5,176.5,0.49418431255592005,1657,98,1.0,2.0,10.0
0.0,True,0.75,305.59999999999997,0.49418431255592005,1657,98,1.0,2.0,10.0
0.03,False,0.25,88.59999999999998,0.31083874778499704,2105,98,1.0,2.0,10.0
0.03,False,0.5,161.70000000000002,0.31083874778499704,2105,98,1.0,2.0,10.0
0.03,False,0.75,283.6,0.31083874778499704,2105,98,1.0,2.0,10.0
0.03,True,0.25,90.9,0.6891612522150029,4667,98,1.0,2.0,10.0
0.03,True,0.5,169.7,0.6891612522150029,4667,98,1.0,2.0,10.0
0.03,True,0.75,296.6,0.6891612522150029,4667,98,1.0,2.0,10.0
0.06,False,0.25,80.82499999999999,0.1689042875703768,1170,98,1.0,2.0,10.0
0.06,False,0.5,143.60000000000002,0.1689042875703768,1170,98,1.0,2.0,10.0
0.06,False,0.75,254.35000000000002,0.1689042875703768,1170,98,1.0,2.0,10.0
0.06,True,0.25,86.5,0.8310957124296232,5757,98,1.0,2.0,10.0
0.06,True,0.5,151.5,0.8310957124296232,5757,98,1.0,2.0,10.0
0.06,True,0.75,256.3,0.8310957124296232,5757,98,1.0,2.0,10.0
0.09,False,0.25,75.32500000000002,0.09018857611369227,660,98,1.0,2.0,10.0
0.09,False,0.5,125.15,0.09018857611369227,660,98,1.0,2.0,10.0
0.09,False,0.75,205.77500000000003,0.09018857611369227,660,98,1.0,2.0,10.0
0.09,True,0.25,77.725,0.9098114238863078,6658,98,1.0,2.0,10.0
0.09,True,0.5,131.9,0.9098114238863078,6658,98,1.0,2.0,10.0
0.09,True,0.75,223.50000000000003,0.9098114238863078,6658,98,1.0,2.0,10.0
0.12,False,0.25,65.25000000000001,0.04482997918112422,323,98,1.0,2.0,10.0
0.12,False,0.5,113.9,0.04482997918112422,323,98,1.0,2.0,10.0
0.12,False,0.75,179.99999999999997,0.04482997918112422,323,98,1.0,2.0,10.0
0.12,True,0.25,68.9,0.9551700208188758,6882,98,1.0,2.0,10.0
0.12,True,0.5,113.00000000000001,0.9551700208188758,6882,98,1.0,2.0,10.0
0.12,True,0.75,182.72500000000002,0.9551700208188758,6882,98,1.0,2.0,10.0
0.15,False,0.25,56.6,0.02206083858591395,161,98,1.0,2.0,10.0
0.15,False,0.5,92.9,0.02206083858591395,161,98,1.0,2.0,10.0
0.15,False,0.75,139.79999999999998,0.02206083858591395,161,98,1.0,2.0,10.0
0.15,True,0.25,61.20000000000001,0.9779391614140861,7137,98,1.0,2.0,10.0
0.15,True,0.5,95.89999999999999,0.9779391614140861,7137,98,1.0,2.0,10.0
0.15,True,0.75,153.4,0.9779391614140861,7137,98,1.0,2.0,10.0
0.0,False,0.25,92.22500000000001,0.5007469375560203,1676,99,1.0,2.0,10.0
0.0,False,0.5,181.54999999999998,0.5007469375560203,1676,99,1.0,2.0,10.0
0.0,False,0.75,316.575,0.5007469375560203,1676,99,1.0,2.0,10.0
0.0,True,0.25,92.5,0.49925306244397966,1671,99,1.0,2.0,10.0
0.0,True,0.5,175.00000000000003,0.49925306244397966,1671,99,1.0,2.0,10.0
0.0,True,0.75,315.9,0.49925306244397966,1671,99,1.0,2.0,10.0
0.03,False,0.25,90.72500000000002,0.3096544564733798,2088,99,1.0,2.0,10.0
0.03,False,0.5,164.60000000000002,0.3096544564733798,2088,99,1.0,2.0,10.0
0.03,False,0.75,298.52500000000003,0.3096544564733798,2088,99,1.0,2.0,10.0
0.03,True,0.25,93.49999999999999,0.6903455435266203,4655,99,1.0,2.0,10.0
0.03,True,0.5,174.09999999999997,0.6903455435266203,4655,99,1.0,2.0,10.0
0.03,True,0.75,306.85,0.6903455435266203,4655,99,1.0,2.0,10.0
0.06,False,0.25,80.875,0.1792166498048851,1240,99,1.0,2.0,10.0
0.06,False,0.5,150.00000000000003,0.1792166498048851,1240,99,1.0,2.0,10.0
0.06,False,0.75,257.025,0.1792166498048851,1240,99,1.0,2.0,10.0
0.06,True,0.25,89.05,0.820783350195115,5679,99,1.0,2.0,10.0
0.06,True,0.5,154.79999999999998,0.820783350195115,5679,99,1.0,2.0,10.0
0.06,True,0.75,263.75,0.820783350195115,5679,99,1.0,2.0,10.0
0.09,False,0.25,70.07499999999999,0.09231189403250034,676,99,1.0,2.0,10.0
0.09,False,0.5,120.80000000000001,0.09231189403250034,676,99,1.0,2.0,10.0
0.09,False,0.75,209.17500000000004,0.09231189403250034,676,99,1.0,2.0,10.0
0.09,True,0.25,76.94999999999999,0.9076881059674996,6647,99,1.0,2.0,10.0
0.09,True,0.5,135.6,0.9076881059674996,6647,99,1.0,2.0,10.0
0.09,True,0.75,227.85,0.9076881059674996,6647,99,1.0,2.0,10.0
0.12,False,0.25,58.5,0.04954204829308909,357,99,1.0,2.0,10.0
0.12,False,0.5,94.6,0.04954204829308909,357,99,1.0,2.0,10.0
0.12,False,0.75,159.6,0.04954204829308909,357,99,1.0,2.0,10.0
0.12,True,0.25,69.3,0.9504579517069109,6849,99,1.0,2.0,10.0
0.12,True,0.5,114.60000000000001,0.9504579517069109,6849,99,1.0,2.0,10.0
0.12,True,0.75,186.9,0.9504579517069109,6849,99,1.0,2.0,10.0
0.15,False,0.25,54.625,0.02274595779665662,166,99,1.0,2.0,10.0
0.15,False,0.5,85.75,0.02274595779665662,166,99,1.0,2.0,10.0
0.15,False,0.75,153.9,0.02274595779665662,166,99,1.0,2.0,10.0
0.15,True,0.25,61.20000000000001,0.9772540422033433,7132,99,1.0,2.0,10.0
0.15,True,0.5,96.35,0.9772540422033433,7132,99,1.0,2.0,10.0
0.15,True,0.75,153.79999999999998,0.9772540422033433,7132,99,1.0,2.0,10.0
0.0,False,0.25,96.0,0.5102892931702953,1711,101,1.0,2.0,10.0
0.0,False,0.5,178.0,0.5102892931702953,1711,101,1.0,2.0,10.0
0.0,False,0.75,314.65,0.5102892931702953,1711,101,1.0,2.0,10.0
0.0,True,0.25,98.07499999999999,0.48971070682970474,1642,101,1.0,2.0,10.0
0.0,True,0.5,183.2,0.48971070682970474,1642,101,1.0,2.0,10.0
0.0,True,0.75,314.50000000000006,0.48971070682970474,1642,101,1.0,2.0,10.0
0.03,False,0.25,91.75,0.31426448736998513,2115,101,1.0,2.0,10.0
0.03,False,0.5,169.6,0.31426448736998513,2115,101,1.0,2.0,10.0
0.03,False,0.75,311.75,0.31426448736998513,2115,101,1.0,2.0,10.0
0.03,True,0.25,92.35000000000001,0.6857355126300149,4615,101,1.0,2.0,10.0
0.03,True,0.5,167.2,0.6857355126300149,4615,101,1.0,2.0,10.0
0.03,True,0.75,291.0,0.6857355126300149,4615,101,1.0,2.0,10.0
0.06,False,0.25,79.50000000000001,0.17957594115101688,1245,101,1.0,2.0,10.0
0.06,False,0.5,149.0,0.17957594115101688,1245,101,1.0,2.0,10.0
0.06,False,0.75,259.29999999999995,0.17957594115101688,1245,101,1.0,2.0,10.0
0.06,True,0.25,85.275,0.8204240588489832,5688,101,1.0,2.0,10.0
0.06,True,0.5,153.6,0.8204240588489832,5688,101,1.0,2.0,10.0
0.06,True,0.75,264.40000000000003,0.8204240588489832,5688,101,1.0,2.0,10.0
0.09,False,0.25,72.1,0.09584926269797925,702,101,1.0,2.0,10.0
0.09,False,0.5,130.55,0.09584926269797925,702,101,1.0,2.0,10.0
0.09,False,0.75,219.95,0.09584926269797925,702,101,1.0,2.0,10.0
0.09,True,0.25,76.80000000000001,0.9041507373020208,6622,101,1.0,2.0,10.0
0.09,True,0.5,131.79999999999998,0.9041507373020208,6622,101,1.0,2.0,10.0
0.09,True,0.75,225.8,0.9041507373020208,6622,101,1.0,2.0,10.0
0.12,False,0.25,59.3,0.04570079177663564,329,101,1.0,2.0,10.0
0.12,False,0.5,105.6,0.04570079177663564,329,101,1.0,2.0,10.0
0.12,False,0.75,183.9,0.04570079177663564,329,101,1.0,2.0,10.0
0.12,True,0.25,68.99999999999999,0.9542992082233643,6870,101,1.0,2.0,10.0
0.12,True,0.5,111.00000000000001,0.9542992082233643,6870,101,1.0,2.0,10.0
0.12,True,0.75,183.27499999999998,0.9542992082233643,6870,101,1.0,2.0,10.0
0.15,False,0.25,56.37500000000001,0.020827624006577145,152,101,1.0,2.0,10.0
0.15,False,0.5,80.69999999999999,0.020827624006577145,152,101,1.0,2.0,10.0
0.15,False,0.75,129.8,0.020827624006577145,152,101,1.0,2.0,10.0
0.15,True,0.25,61.800000000000004,0.9791723759934229,7146,101,1.0,2.0,10.0
0.15,True,0.5,96.6,0.9791723759934229,7146,101,1.0,2.0,10.0
0.15,True,0.75,152.2,0.9791723759934229,7146,101,1.0,2.0,10.0
0.0,False,0.25,97.6,0.4974634437481349,1667,113,1.0,2.0,10.0
0.0,False,0.5,173.7,0.4974634437481349,1667,113,1.0,2.0,10.0
0.0,False,0.75,308.75,0.4974634437481349,1667,113,1.0,2.0,10.0
0.0,True,0.25,92.19999999999999,0.5025365562518651,1684,113,1.0,2.0,10.0
0.0,True,0.5,172.3,0.5025365562518651,1684,113,1.0,2.0,10.0
0.0,True,0.75,297.425,0.5025365562518651,1684,113,1.0,2.0,10.0
0.03,False,0.25,90.14999999999999,0.32166172106824925,2168,113,1.0,2.0,10.0
0.03,False,0.5,170.04999999999995,0.32166172106824925,2168,113,1.0,2.0,10.0
0.03,False,0.75,284.1,0.32166172106824925,2168,113,1.0,2.0,10.0
0.03,True,0.25,95.875,0.6783382789317507,4572,113,1.0,2.0,10.0
0.03,True,0.5,173.9,0.6783382789317507,4572,113,1.0,2.0,10.0
0.03,True,0.75,301.1,0.6783382789317507,4572,113,1.0,2.0,10.0
0.06,False,0.25,81.49999999999999,0.16993652625504904,1178,113,1.0,2.0,10.0
0.06,False,0.5,150.15,0.16993652625504904,1178,113,1.0,2.0,10.0
0.06,False,0.75,253.29999999999998,0.16993652625504904,1178,113,1.0,2.0,10.0
0.06,True,0.25,86.4,0.8300634737449509,5754,113,1.0,2.0,10.0
0.06,True,0.5,150.85,0.8300634737449509,5754,113,1.0,2.0,10.0
0.06,True,0.75,264.67500000000007,0.8300634737449509,5754,113,1.0,2.0,10.0
0.09,False,0.25,70.2,0.08864909165414561,649,113,1.0,2.0,10.0
0.09,False,0.5,125.5,0.08864909165414561,649,113,1.0,2.0,10.0
0.09,False,0.75,216.70000000000005,0.08864909165414561,649,113,1.0,2.0,10.0
0.09,True,0.25,76.6,0.9113509083458544,6672,113,1.0,2.0,10.0
0.09,True,0.5,132.85,0.9113509083458544,6672,113,1.0,2.0,10.0
0.09,True,0.75,226.5,0.9113509083458544,6672,113,1.0,2.0,10.0
0.12,False,0.25,60.475,0.04718945176960444,340,113,1.0,2.0,10.0
0.12,False,0.5,95.25,0.04718945176960444,340,113,1.0,2.0,10.0
0.12,False,0.75,163.79999999999998,0.04718945176960444,340,113,1.0,2.0,10.0
0.12,True,0.25,68.3,0.9528105482303956,6865,113,1.0,2.0,10.0
0.12,True,0.5,110.10000000000002,0.9528105482303956,6865,113,1.0,2.0,10.0
0.12,True,0.75,179.29999999999998,0.9528105482303956,6865,113,1.0,2.0,10.0
0.15,False,0.25,55.900000000000006,0.020136986301369862,147,113,1.0,2.0,10.0
0.15,False,0.5,88.9,0.020136986301369862,147,113,1.0,2.0,10.0
0.15,False,0.75,146.6,0.020136986301369862,147,113,1.0,2.0,10.0
0.15,True,0.25,62.1,0.9798630136986302,7153,113,1.0,2.0,10.0
0.15,True,0.5,96.69999999999997,0.9798630136986302,7153,113,1.0,2.0,10.0
0.15,True,0.75,153.79999999999998,0.9798630136986302,7153,113,1.0,2.0,10.0
0.0,False,0.25,94.0,0.5060776756596501,1707,117,1.0,2.0,10.0
0.0,False,0.5,177.2,0.5060776756596501,1707,117,1.0,2.0,10.0
0.0,False,0.75,309.79999999999995,0.5060776756596501,1707,117,1.0,2.0,10.0
0.0,True,0.25,95.8,0.4939223243403498,1666,117,1.0,2.0,10.0
0.0,True,0.5,174.8,0.4939223243403498,1666,117,1.0,2.0,10.0
0.0,True,0.75,308.55,0.4939223243403498,1666,117,1.0,2.0,10.0
0.03,False,0.25,89.05,0.32692592044950464,2211,117,1.0,2.0,10.0
0.03,False,0.5,165.0,0.32692592044950464,2211,117,1.0,2.0,10.0
0.03,False,0.75,288.95000000000005,0.32692592044950464,2211,117,1.0,2.0,10.0
0.03,True,0.25,95.6,0.6730740795504954,4552,117,1.0,2.0,10.0
0.03,True,0.5,175.10000000000002,0.6730740795504954,4552,117,1.0,2.0,10.0
0.03,True,0.75,305.95,0.6730740795504954,4552,117,1.0,2.0,10.0
0.06,False,0.25,82.19999999999997,0.18322263933006064,1269,117,1.0,2.0,10.0
0.06,False,0.5,144.50000000000003,0.18322263933006064,1269,117,1.0,2.0,10.0
0.06,False,0.75,254.70000000000005,0.18322263933006064,1269,117,1.0,2.0,10.0
0.06,True,0.25,87.79999999999998,0.8167773606699393,5657,117,1.0,2.0,10.0
0.06,True,0.5,153.4,0.8167773606699393,5657,117,1.0,2.0,10.0
0.06,True,0.75,265.90000000000003,0.8167773606699393,5657,117,1.0,2.0,10.0
0.09,False,0.25,66.80000000000001,0.09104559104559104,667,117,1.0,2.0,10.0
0.09,False,0.5,116.89999999999998,0.09104559104559104,667,117,1.0,2.0,10.0
0.09,False,0.75,211.40000000000003,0.09104559104559104,667,117,1.0,2.0,10.0
0.09,True,0.25,77.15,0.9089544089544089,6659,117,1.0,2.0,10.0
0.09,True,0.5,132.1,0.9089544089544089,6659,117,1.0,2.0,10.0
0.09,True,0.75,226.9,0.9089544089544089,6659,117,1.0,2.0,10.0
0.12,False,0.25,57.599999999999994,0.046482586374358266,335,117,1.0,2.0,10.0
0.12,False,0.5,103.70000000000002,0.046482586374358266,335,117,1.0,2.0,10.0
0.12,False,0.75,165.14999999999998,0.046482586374358266,335,117,1.0,2.0,10.0
0.12,True,0.25,68.99999999999999,0.9535174136256417,6872,117,1.0,2.0,10.0
0.12,True,0.5,115.64999999999999,0.9535174136256417,6872,117,1.0,2.0,10.0
0.12,True,0.75,187.9,0.9535174136256417,6872,117,1.0,2.0,10.0
0.15,False,0.25,53.400000000000006,0.023708373304097575,173,117,1.0,2.0,10.0
0.15,False,0.5,85.79999999999998,0.023708373304097575,173,117,1.0,2.0,10.0
0.15,False,0.75,150.00000000000003,0.023708373304097575,173,117,1.0,2.0,10.0
0.15,True,0.25,62.20000000000001,0.9762916266959024,7124,117,1.0,2.0,10.0
0.15,True,0.5,96.95000000000002,0.9762916266959024,7124,117,1.0,2.0,10.0
0.15,True,0.75,156.39999999999998,0.9762916266959024,7124,117,1.0,2.0,10.0
0.0,False,0.25,97.44999999999999,0.5074449076831448,1704,118,1.0,2.0,10.0
0.0,False,0.5,179.2,0.5074449076831448,1704,118,1.0,2.0,10.0
0.0,False,0.75,309.05000000000007,0.5074449076831448,1704,118,1.0,2.0,10.0
0.0,True,0.25,98.6,0.4925550923168553,1654,118,1.0,2.0,10.0
0.0,True,0.5,180.95,0.4925550923168553,1654,118,1.0,2.0,10.0
0.0,True,0.75,312.375,0.4925550923168553,1654,118,1.0,2.0,10.0
0.03,False,0.25,93.65,0.3066409151686228,2064,118,1.0,2.0,10.0
0.03,False,0.5,171.05,0.3066409151686228,2064,118,1.0,2.0,10.0
0.03,False,0.75,291.875,0.3066409151686228,2064,118,1.0,2.0,10.0
0.03,True,0.25,92.85000000000002,0.6933590848313772,4667,118,1.0,2.0,10.0
0.03,True,0.5,166.70000000000002,0.6933590848313772,4667,118,1.0,2.0,10.0
0.03,True,0.75,289.0,0.6933590848313772,4667,118,1.0,2.0,10.0
0.06,False,0.25,82.59999999999998,0.1786023678891135,1237,118,1.0,2.0,10.0
0.06,False,0.5,144.50000000000003,0.1786023678891135,1237,118,1.0,2.0,10.0
0.06,False,0.75,253.6,0.1786023678891135,1237,118,1.0,2.0,10.0
0.06,True,0.25,86.5,0.8213976321108866,5689,118,1.0,2.0,10.0
0.06,True,0.5,150.40000000000003,0.8213976321108866,5689,118,1.0,2.0,10.0
0.06,True,0.75,265.1,0.8213976321108866,5689,118,1.0,2.0,10.0
0.09,False,0.25,78.85,0.08386744852038729,615,118,1.0,2.0,10.0
0.09,False,0.5,132.70000000000002,0.08386744852038729,615,118,1.0,2.0,10.0
0.09,False,0.75,212.35000000000002,0.08386744852038729,615,118,1.0,2.0,10.0
0.09,True,0.25,76.30000000000001,0.9161325514796127,6718,118,1.0,2.0,10.0
0.09,True,0.5,132.25,0.9161325514796127,6718,118,1.0,2.0,10.0
0.09,True,0.75,224.20000000000002,0.9161325514796127,6718,118,1.0,2.0,10.0
0.12,False,0.25,66.575,0.04553658197973067,328,118,1.0,2.0,10.0
0.12,False,0.5,107.85,0.04553658197973067,328,118,1.0,2.0,10.0
0.12,False,0.75,169.175,0.04553658197973067,328,118,1.0,2.0,10.0
0.12,True,0.25,70.14999999999999,0.9544634180202693,6875,118,1.0,2.0,10.0
0.12,True,0.5,114.7,0.9544634180202693,6875,118,1.0,2.0,10.0
0.12,True,0.75,186.55,0.9544634180202693,6875,118,1.0,2.0,10.0
0.15,False,0.25,53.125,0.02109878065488423,154,118,1.0,2.0,10.0
0.15,False,0.5,83.65,0.02109878065488423,154,118,1.0,2.0,10.0
0.15,False,0.75,126.97499999999998,0.02109878065488423,154,118,1.0,2.0,10.0
0.15,True,0.25,61.000000000000014,0.9789012193451158,7145,118,1.0,2.0,10.0
0.15,True,0.5,96.10000000000001,0.9789012193451158,7145,118,1.0,2.0,10.0
0.15,True,0.75,150.60000000000002,0.9789012193451158,7145,118,1.0,2.0,10.0
0.0,False,0.25,95.65,0.5041444641799881,1703,120,1.0,2.0,10.0
0.0,False,0.5,176.09999999999997,0.5041444641799881,1703,120,1.0,2.0,10.0
0.0,False,0.75,302.70000000000005,0.5041444641799881,1703,120,1.0,2.0,10.0
0.0,True,0.25,92.45,0.49585553582001185,1675,120,1.0,2.0,10.0
0.0,True,0.5,168.3,0.49585553582001185,1675,120,1.0,2.0,10.0
0.0,True,0.75,294.95000000000005,0.49585553582001185,1675,120,1.0,2.0,10.0
0.03,False,0.25,94.29999999999998,0.31076877499629685,2098,120,1.0,2.0,10.0
0.03,False,0.5,171.05,0.31076877499629685,2098,120,1.0,2.0,10.0
0.03,False,0.75,294.32500000000005,0.31076877499629685,2098,120,1.0,2.0,10.0
0.03,True,0.25,93.10000000000001,0.6892312250037032,4653,120,1.0,2.0,10.0
0.03,True,0.5,169.1,0.6892312250037032,4653,120,1.0,2.0,10.0
0.03,True,0.75,297.5,0.6892312250037032,4653,120,1.0,2.0,10.0
0.06,False,0.25,81.04999999999998,0.18180505415162454,1259,120,1.0,2.0,10.0
0.06,False,0.5,149.7,0.18180505415162454,1259,120,1.0,2.0,10.0
0.06,False,0.75,261.95000000000005,0.18180505415162454,1259,120,1.0,2.0,10.0
0.06,True,0.25,87.9,0.8181949458483755,5666,120,1.0,2.0,10.0
0.06,True,0.5,151.89999999999998,0.8181949458483755,5666,120,1.0,2.0,10.0
0.06,True,0.75,265.07500000000005,0.8181949458483755,5666,120,1.0,2.0,10.0
0.09,False,0.25,70.70000000000002,0.08929546695794648,654,120,1.0,2.0,10.0
0.09,False,0.5,124.25,0.08929546695794648,654,120,1.0,2.0,10.0
0.09,False,0.75,221.525,0.08929546695794648,654,120,1.0,2.0,10.0
0.09,True,0.25,78.30000000000001,0.9107045330420536,6670,120,1.0,2.0,10.0
0.09,True,0.5,134.05,0.9107045330420536,6670,120,1.0,2.0,10.0
0.09,True,0.75,224.9,0.9107045330420536,6670,120,1.0,2.0,10.0
0.12,False,0.25,61.3,0.0442871025961405,319,120,1.0,2.0,10.0
0.12,False,0.5,102.90000000000002,0.0442871025961405,319,120,1.0,2.0,10.0
0.12,False,0.75,168.8,0.0442871025961405,319,120,1.0,2.0,10.0
0.12,True,0.25,69.6,0.9557128974038595,6884,120,1.0,2.0,10.0
0.12,True,0.5,114.2,0.9557128974038595,6884,120,1.0,2.0,10.0
0.12,True,0.75,188.8,0.9557128974038595,6884,120,1.0,2.0,10.0
0.15,False,0.25,50.95,0.02520893273051103,184,120,1.0,2.0,10.0
0.15,False,0.5,87.44999999999999,0.02520893273051103,184,120,1.0,2.0,10.0
0.15,False,0.75,138.92499999999998,0.02520893273051103,184,120,1.0,2.0,10.0
0.15,True,0.25,61.699999999999996,0.9747910672694889,7115,120,1.0,2.0,10.0
0.15,True,0.5,95.7,0.9747910672694889,7115,120,1.0,2.0,10.0
0.15,True,0.75,152.9,0.9747910672694889,7115,120,1.0,2.0,10.0
0.0,False,0.25,91.39999999999999,0.5040190532896696,1693,121,1.0,2.0,10.0
0.0,False,0.5,174.70000000000002,0.5040190532896696,1693,121,1.0,2.0,10.0
0.0,False,0.75,308.8,0.5040190532896696,1693,121,1.0,2.0,10.0
0.0,True,0.25,99.425,0.49598094671033044,1666,121,1.0,2.0,10.0
0.0,True,0.5,179.25,0.49598094671033044,1666,121,1.0,2.0,10.0
0.0,True,0.75,301.825,0.49598094671033044,1666,121,1.0,2.0,10.0
0.03,False,0.25,92.19999999999999,0.3203610535661438,2165,121,1.0,2.0,10.0
0.03,False,0.5,170.60000000000002,0.3203610535661438,2165,121,1.0,2.0,10.0
0.03,False,0.75,303.5,0.3203610535661438,2165,121,1.0,2.0,10.0
0.03,True,0.25,91.7,0.6796389464338561,4593,121,1.0,2.0,10.0
0.03,True,0.5,170.09999999999997,0.6796389464338561,4593,121,1.0,2.0,10.0
0.03,True,0.75,305.1,0.6796389464338561,4593,121,1.0,2.0,10.0
0.06,False,0.25,85.15,0.1665945478147988,1155,121,1.0,2.0,10.0
0.06,False,0.5,148.29999999999998,0.1665945478147988,1155,121,1.0,2.0,10.0
0.06,False,0.75,250.7,0.1665945478147988,1155,121,1.0,2.0,10.0
0.06,True,0.25,88.00000000000001,0.8334054521852012,5778,121,1.0,2.0,10.0
0.06,True,0.5,154.20000000000002,0.8334054521852012,5778,121,1.0,2.0,10.0
0.06,True,0.75,264.05,0.8334054521852012,5778,121,1.0,2.0,10.0
0.09,False,0.25,71.69999999999999,0.08494050061551088,621,121,1.0,2.0,10.0
0.09,False,0.5,132.5,0.08494050061551088,621,121,1.0,2.0,10.0
0.09,False,0.75,221.39999999999998,0.08494050061551088,621,121,1.0,2.0,10.0
0.09,True,0.25,76.42499999999998,0.9150594993844892,6690,121,1.0,2.0,10.0
0.09,True,0.5,132.0,0.9150594993844892,6690,121,1.0,2.0,10.0
0.09,True,0.75,221.25,0.9150594993844892,6690,121,1.0,2.0,10.0
0.12,False,0.25,63.025000000000006,0.04329124462328292,312,121,1.0,2.0,10.0
0.12,False,0.5,105.55,0.04329124462328292,312,121,1.0,2.0,10.0
0.12,False,0.75,186.55,0.04329124462328292,312,121,1.0,2.0,10.0
0.12,True,0.25,68.2,0.9567087553767171,6895,121,1.0,2.0,10.0
0.12,True,0.5,112.10000000000002,0.9567087553767171,6895,121,1.0,2.0,10.0
0.12,True,0.75,183.60000000000002,0.9567087553767171,6895,121,1.0,2.0,10.0
0.15,False,0.25,54.25,0.020273972602739727,148,121,1.0,2.0,10.0
0.15,False,0.5,85.7,0.020273972602739727,148,121,1.0,2.0,10.0
0.15,False,0.75,134.0,0.020273972602739727,148,121,1.0,2.0,10.0
0.15,True,0.25,61.3,0.9797260273972602,7152,121,1.0,2.0,10.0
0.15,True,0.5,96.0,0.9797260273972602,7152,121,1.0,2.0,10.0
0.15,True,0.75,151.89999999999998,0.9797260273972602,7152,121,1.0,2.0,10.0
0.0,False,0.25,96.55,0.4955410225921522,1667,123,1.0,2.0,10.0
0.0,False,0.5,178.3,0.4955410225921522,1667,123,1.0,2.0,10.0
0.0,False,0.75,311.25,0.4955410225921522,1667,123,1.0,2.0,10.0
0.0,True,0.25,94.39999999999999,0.5044589774078478,1697,123,1.0,2.0,10.0
0.0,True,0.5,176.4,0.5044589774078478,1697,123,1.0,2.0,10.0
0.0,True,0.75,305.5,0.5044589774078478,1697,123,1.0,2.0,10.0
0.03,False,0.25,90.44999999999999,0.3189285185733314,2155,123,1.0,2.0,10.0
0.03,False,0.5,166.60000000000002,0.3189285185733314,2155,123,1.0,2.0,10.0
0.03,False,0.75,293.7,0.3189285185733314,2155,123,1.0,2.0,10.0
0.03,True,0.25,97.1,0.6810714814266686,4602,123,1.0,2.0,10.0
0.03,True,0.5,173.5,0.6810714814266686,4602,123,1.0,2.0,10.0
0.03,True,0.75,297.925,0.6810714814266686,4602,123,1.0,2.0,10.0
0.06,False,0.25,78.45,0.18215881250900706,1264,123,1.0,2.0,10.0
0.06,False,0.5,144.45,0.18215881250900706,1264,123,1.0,2.0,10.0
0.06,False,0.75,275.025,0.18215881250900706,1264,123,1.0,2.0,10.0
0.06,True,0.25,86.0,0.817841187490993,5675,123,1.0,2.0,10.0
0.06,True,0.5,151.89999999999998,0.817841187490993,5675,123,1.0,2.0,10.0
0.06,True,0.75,258.4,0.817841187490993,5675,123,1.0,2.0,10.0
0.09,False,0.25,70.14999999999999,0.0873428102788409,639,123,1.0,2.0,10.0
0.09,False,0.5,128.1,0.0873428102788409,639,123,1.0,2.0,10.0
0.09,False,0.75,230.2,0.0873428102788409,639,123,1.0,2.0,10.0
0.09,True,0.25,77.10000000000002,0.9126571897211591,6677,123,1.0,2.0,10.0
0.09,True,0.5,133.3,0.9126571897211591,6677,123,1.0,2.0,10.0
0.09,True,0.75,223.50000000000003,0.9126571897211591,6677,123,1.0,2.0,10.0
0.12,False,0.25,60.60000000000001,0.0445338512763596,321,123,1.0,2.0,10.0
0.12,False,0.5,108.69999999999999,0.0445338512763596,321,123,1.0,2.0,10.0
0.12,False,0.75,190.7,0.0445338512763596,321,123,1.0,2.0,10.0
0.12,True,0.25,68.35,0.9554661487236404,6887,123,1.0,2.0,10.0
0.12,True,0.5,112.10000000000002,0.9554661487236404,6887,123,1.0,2.0,10.0
0.12,True,0.75,182.35000000000002,0.9554661487236404,6887,123,1.0,2.0,10.0
0.15,False,0.25,54.89999999999999,0.02109878065488423,154,123,1.0,2.0,10.0
0.15,False,0.5,81.35,0.02109878065488423,154,123,1.0,2.0,10.0
0.15,False,0.75,120.75,0.02109878065488423,154,123,1.0,2.0,10.0
0.15,True,0.25,61.3,0.9789012193451158,7145,123,1.0,2.0,10.0
0.15,True,0.5,96.6,0.9789012193451158,7145,123,1.0,2.0,10.0
0.15,True,0.75,152.9,0.9789012193451158,7145,123,1.0,2.0,10.0
0.0,False,0.25,95.6,0.48836515513126494,1637,127,1.0,2.0,10.0
0.0,False,0.5,173.2,0.48836515513126494,1637,127,1.0,2.0,10.0
0.0,False,0.75,304.0,0.48836515513126494,1637,127,1.0,2.0,10.0
0.0,True,0.25,98.35,0.5116348448687351,1715,127,1.0,2.0,10.0
0.0,True,0.5,186.70000000000005,0.5116348448687351,1715,127,1.0,2.0,10.0
0.0,True,0.75,324.75,0.5116348448687351,1715,127,1.0,2.0,10.0
0.03,False,0.25,89.25,0.3203437546303156,2162,127,1.0,2.0,10.0
0.03,False,0.5,161.1,0.3203437546303156,2162,127,1.0,2.0,10.0
0.03,False,0.75,276.57500000000005,0.3203437546303156,2162,127,1.0,2.0,10.0
0.03,True,0.25,95.35000000000001,0.6796562453696844,4587,127,1.0,2.0,10.0
0.03,True,0.5,172.3,0.6796562453696844,4587,127,1.0,2.0,10.0
0.03,True,0.75,307.00000000000006,0.6796562453696844,4587,127,1.0,2.0,10.0
0.06,False,0.25,82.625,0.17123090227731336,1188,127,1.0,2.0,10.0
0.06,False,0.5,146.15,0.17123090227731336,1188,127,1.0,2.0,10.0
0.06,False,0.75,259.22499999999997,0.17123090227731336,1188,127,1.0,2.0,10.0
0.06,True,0.25,90.5,0.8287690977226867,5750,127,1.0,2.0,10.0
0.06,True,0.5,157.1,0.8287690977226867,5750,127,1.0,2.0,10.0
0.06,True,0.75,275.4,0.8287690977226867,5750,127,1.0,2.0,10.0
0.09,False,0.25,66.9,0.08729508196721311,639,127,1.0,2.0,10.0
0.09,False,0.5,122.8,0.08729508196721311,639,127,1.0,2.0,10.0
0.09,False,0.75,209.55,0.08729508196721311,639,127,1.0,2.0,10.0
0.09,True,0.25,78.1,0.9127049180327869,6681,127,1.0,2.0,10.0
0.09,True,0.5,134.6,0.9127049180327869,6681,127,1.0,2.0,10.0
0.09,True,0.75,227.3,0.9127049180327869,6681,127,1.0,2.0,10.0
0.12,False,0.25,61.2,0.04913254684247051,354,127,1.0,2.0,10.0
0.12,False,0.5,102.4,0.04913254684247051,354,127,1.0,2.0,10.0
0.12,False,0.75,183.37499999999997,0.04913254684247051,354,127,1.0,2.0,10.0
0.12,True,0.25,68.2,0.9508674531575295,6851,127,1.0,2.0,10.0
0.12,True,0.5,111.6,0.9508674531575295,6851,127,1.0,2.0,10.0
0.12,True,0.75,182.6,0.9508674531575295,6851,127,1.0,2.0,10.0
0.15,False,0.25,59.5,0.023698630136986303,173,127,1.0,2.0,10.0
0.15,False,0.5,93.6,0.023698630136986303,173,127,1.0,2.0,10.0
0.15,False,0.75,148.40000000000003,0.023698630136986303,173,127,1.0,2.0,10.0
0.15,True,0.25,61.699999999999996,0.9763013698630137,7127,127,1.0,2.0,10.0
0.15,True,0.5,96.0,0.9763013698630137,7127,127,1.0,2.0,10.0
0.15,True,0.75,150.95,0.9763013698630137,7127,127,1.0,2.0,10.0
0.0,False,0.25,93.30000000000001,0.5022248590922574,1693,134,1.0,2.0,10.0
0.0,False,0.5,175.9,0.5022248590922574,1693,134,1.0,2.0,10.0
0.0,False,0.75,310.40000000000003,0.5022248590922574,1693,134,1.0,2.0,10.0
0.0,True,0.25,96.0,0.4977751409077425,1678,134,1.0,2.0,10.0
0.0,True,0.5,177.0,0.4977751409077425,1678,134,1.0,2.0,10.0
0.0,True,0.75,301.925,0.4977751409077425,1678,134,1.0,2.0,10.0
0.03,False,0.25,93.12500000000001,0.32138625592417064,2170,134,1.0,2.0,10.0
0.03,False,0.5,166.20000000000002,0.32138625592417064,2170,134,1.0,2.0,10.0
0.03,False,0.75,288.40000000000003,0.32138625592417064,2170,134,1.0,2.0,10.0
0.03,True,0.25,94.29999999999998,0.6786137440758294,4582,134,1.0,2.0,10.0
0.03,True,0.5,169.95,0.6786137440758294,4582,134,1.0,2.0,10.0
0.03,True,0.75,293.07500000000005,0.6786137440758294,4582,134,1.0,2.0,10.0
0.06,False,0.25,78.575,0.17113223854796888,1188,134,1.0,2.0,10.0
0.06,False,0.5,143.0,0.17113223854796888,1188,134,1.0,2.0,10.0
0.06,False,0.75,264.725,0.17113223854796888,1188,134,1.0,2.0,10.0
0.06,True,0.25,85.9,0.8288677614520311,5754,134,1.0,2.0,10.0
0.06,True,0.5,153.5,0.8288677614520311,5754,134,1.0,2.0,10.0
0.06,True,0.75,268.2,0.8288677614520311,5754,134,1.0,2.0,10.0
0.09,False,0.25,69.99999999999999,0.09129366812227074,669,134,1.0,2.0,10.0
0.09,False,0.5,121.6,0.09129366812227074,669,134,1.0,2.0,10.0
0.09,False,0.75,208.3,0.09129366812227074,669,134,1.0,2.0,10.0
0.09,True,0.25,78.89999999999999,0.9087063318777293,6659,134,1.0,2.0,10.0
0.09,True,0.5,131.5,0.9087063318777293,6659,134,1.0,2.0,10.0
0.09,True,0.75,221.90000000000003,0.9087063318777293,6659,134,1.0,2.0,10.0
0.12,False,0.25,58.50000000000001,0.04204829308909242,303,134,1.0,2.0,10.0
0.12,False,0.5,91.9,0.04204829308909242,303,134,1.0,2.0,10.0
0.12,False,0.75,155.15000000000003,0.04204829308909242,303,134,1.0,2.0,10.0
0.12,True,0.25,68.99999999999999,0.9579517069109076,6903,134,1.0,2.0,10.0
0.12,True,0.5,112.2,0.9579517069109076,6903,134,1.0,2.0,10.0
0.12,True,0.75,184.3,0.9579517069109076,6903,134,1.0,2.0,10.0
0.15,False,0.25,56.175,0.02275219298245614,166,134,1.0,2.0,10.0
0.15,False,0.5,81.69999999999999,0.02275219298245614,166,134,1.0,2.0,10.0
0.15,False,0.75,134.85,0.02275219298245614,166,134,1.0,2.0,10.0
0.15,True,0.25,61.825,0.9772478070175439,7130,134,1.0,2.0,10.0
0.15,True,0.5,97.30000000000001,0.9772478070175439,7130,134,1.0,2.0,10.0
0.15,True,0.75,152.79999999999998,0.9772478070175439,7130,134,1.0,2.0,10.0
0.0,False,0.25,96.225,0.5004452359750667,1686,135,1.0,2.0,10.0
0.0,False,0.5,174.45,0.5004452359750667,1686,135,1.0,2.0,10.0
0.0,False,0.75,309.2,0.5004452359750667,1686,135,1.0,2.0,10.0
0.0,True,0.25,96.85,0.4995547640249332,1683,135,1.0,2.0,10.0
0.0,True,0.5,179.39999999999998,0.4995547640249332,1683,135,1.0,2.0,10.0
0.0,True,0.75,311.85,0.4995547640249332,1683,135,1.0,2.0,10.0
0.03,False,0.25,94.05000000000001,0.31997041420118344,2163,135,1.0,2.0,10.0
0.03,False,0.5,168.8,0.31997041420118344,2163,135,1.0,2.0,10.0
0.03,False,0.75,299.35,0.31997041420118344,2163,135,1.0,2.0,10.0
0.03,True,0.25,96.69999999999997,0.6800295857988166,4597,135,1.0,2.0,10.0
0.03,True,0.5,174.0,0.6800295857988166,4597,135,1.0,2.0,10.0
0.03,True,0.75,305.59999999999997,0.6800295857988166,4597,135,1.0,2.0,10.0
0.06,False,0.25,85.3,0.17513716430840312,1213,135,1.0,2.0,10.0
0.06,False,0.5,149.0,0.17513716430840312,1213,135,1.0,2.0,10.0
0.06,False,0.75,261.29999999999995,0.17513716430840312,1213,135,1.0,2.0,10.0
0.06,True,0.25,87.1,0.8248628356915969,5713,135,1.0,2.0,10.0
0.06,True,0.5,151.89999999999998,0.8248628356915969,5713,135,1.0,2.0,10.0
0.06,True,0.75,265.7,0.8248628356915969,5713,135,1.0,2.0,10.0
0.09,False,0.25,72.6,0.09304549801885503,681,135,1.0,2.0,10.0
0.09,False,0.5,117.29999999999998,0.09304549801885503,681,135,1.0,2.0,10.0
0.09,False,0.75,205.1,0.09304549801885503,681,135,1.0,2.0,10.0
0.09,True,0.25,78.89999999999999,0.9069545019811449,6638,135,1.0,2.0,10.0
0.09,True,0.5,134.6,0.9069545019811449,6638,135,1.0,2.0,10.0
0.09,True,0.75,227.57500000000002,0.9069545019811449,6638,135,1.0,2.0,10.0
0.12,False,0.25,61.9,0.04120993478562509,297,135,1.0,2.0,10.0
0.12,False,0.5,100.6,0.04120993478562509,297,135,1.0,2.0,10.0
0.12,False,0.75,170.20000000000002,0.04120993478562509,297,135,1.0,2.0,10.0
0.12,True,0.25,70.89999999999999,0.9587900652143749,6910,135,1.0,2.0,10.0
0.12,True,0.5,115.29999999999998,0.9587900652143749,6910,135,1.0,2.0,10.0
0.12,True,0.75,190.4,0.9587900652143749,6910,135,1.0,2.0,10.0
0.15,False,0.25,53.29999999999999,0.01986301369863014,145,135,1.0,2.0,10.0
0.15,False,0.5,82.19999999999997,0.01986301369863014,145,135,1.0,2.0,10.0
0.15,False,0.75,137.79999999999998,0.01986301369863014,145,135,1.0,2.0,10.0
0.15,True,0.25,62.300000000000004,0.9801369863013699,7155,135,1.0,2.0,10.0
0.15,True,0.5,97.6,0.9801369863013699,7155,135,1.0,2.0,10.0
0.15,True,0.75,153.55,0.9801369863013699,7155,135,1.0,2.0,10.0
0.0,False,0.25,96.29999999999998,0.4940369707811568,1657,152,1.0,2.0,10.0
0.0,False,0.5,174.09999999999997,0.4940369707811568,1657,152,1.0,2.0,10.0
0.0,False,0.75,307.20000000000005,0.4940369707811568,1657,152,1.0,2.0,10.0
0.0,True,0.25,100.2,0.5059630292188432,1697,152,1.0,2.0,10.0
0.0,True,0.5,183.50000000000003,0.5059630292188432,1697,152,1.0,2.0,10.0
0.0,True,0.75,318.0,0.5059630292188432,1697,152,1.0,2.0,10.0
0.03,False,0.25,94.9,0.30900207284572107,2087,152,1.0,2.0,10.0
0.03,False,0.5,166.70000000000002,0.30900207284572107,2087,152,1.0,2.0,10.0
0.03,False,0.75,291.85,0.30900207284572107,2087,152,1.0,2.0,10.0
0.03,True,0.25,93.10000000000001,0.690997927154279,4667,152,1.0,2.0,10.0
0.03,True,0.5,169.2,0.690997927154279,4667,152,1.0,2.0,10.0
0.03,True,0.75,299.6,0.690997927154279,4667,152,1.0,2.0,10.0
0.06,False,0.25,81.14999999999999,0.1811635944700461,1258,152,1.0,2.0,10.0
0.06,False,0.5,147.7,0.1811635944700461,1258,152,1.0,2.0,10.0
0.06,False,0.75,272.15000000000003,0.1811635944700461,1258,152,1.0,2.0,10.0
0.06,True,0.25,87.20000000000002,0.818836405529954,5686,152,1.0,2.0,10.0
0.06,True,0.5,157.0,0.818836405529954,5686,152,1.0,2.0,10.0
0.06,True,0.75,269.875,0.818836405529954,5686,152,1.0,2.0,10.0
0.09,False,0.25,72.175,0.0939762327550881,688,152,1.0,2.0,10.0
0.09,False,0.5,123.70000000000002,0.0939762327550881,688,152,1.0,2.0,10.0
0.09,False,0.75,214.22500000000002,0.0939762327550881,688,152,1.0,2.0,10.0
0.09,True,0.25,77.9,0.9060237672449118,6633,152,1.0,2.0,10.0
0.09,True,0.5,132.99999999999997,0.9060237672449118,6633,152,1.0,2.0,10.0
0.09,True,0.75,224.5,0.9060237672449118,6633,152,1.0,2.0,10.0
0.12,False,0.25,61.80000000000001,0.046640755136035536,336,152,1.0,2.0,10.0
0.12,False,0.5,109.5,0.046640755136035536,336,152,1.0,2.0,10.0
0.12,False,0.75,173.97500000000002,0.046640755136035536,336,152,1.0,2.0,10.0
0.12,True,0.25,71.2,0.9533592448639645,6868,152,1.0,2.0,10.0
0.12,True,0.5,114.39999999999999,0.9533592448639645,6868,152,1.0,2.0,10.0
0.12,True,0.75,187.60000000000002,0.9533592448639645,6868,152,1.0,2.0,10.0
0.15,False,0.25,54.89999999999999,0.023434288063587775,171,152,1.0,2.0,10.0
0.15,False,0.5,81.9,0.023434288063587775,171,152,1.0,2.0,10.0
0.15,False,0.75,125.80000000000001,0.023434288063587775,171,152,1.0,2.0,10.0
0.15,True,0.25,62.5,0.9765657119364122,7126,152,1.0,2.0,10.0
0.15,True,0.5,97.30000000000001,0.9765657119364122,7126,152,1.0,2.0,10.0
0.15,True,0.75,154.975,0.9765657119364122,7126,152,1.0,2.0,10.0
0.0,False,0.25,94.92500000000001,0.5023781212841855,1690,156,1.0,2.0,10.0
0.0,False,0.5,180.55,0.5023781212841855,1690,156,1.0,2.0,10.0
0.0,False,0.75,307.775,0.5023781212841855,1690,156,1.0,2.0,10.0
0.0,True,0.25,100.55,0.4976218787158145,1674,156,1.0,2.0,10.0
0.0,True,0.5,184.45,0.4976218787158145,1674,156,1.0,2.0,10.0
0.0,True,0.75,314.3,0.4976218787158145,1674,156,1.0,2.0,10.0
0.03,False,0.25,92.475,0.31624057928180876,2140,156,1.0,2.0,10.0
0.03,False,0.5,169.20000000000002,0.31624057928180876,2140,156,1.0,2.0,10.0
0.03,False,0.75,291.7,0.31624057928180876,2140,156,1.0,2.0,10.0
0.03,True,0.25,93.85,0.6837594207181912,4627,156,1.0,2.0,10.0
0.03,True,0.5,173.2,0.6837594207181912,4627,156,1.0,2.0,10.0
0.03,True,0.75,298.4,0.6837594207181912,4627,156,1.0,2.0,10.0
0.06,False,0.25,83.8,0.17937219730941703,1240,156,1.0,2.0,10.0
0.06,False,0.5,146.5,0.17937219730941703,1240,156,1.0,2.0,10.0
0.06,False,0.75,249.375,0.17937219730941703,1240,156,1.0,2.0,10.0
0.06,True,0.25,89.30000000000001,0.820627802690583,5673,156,1.0,2.0,10.0
0.06,True,0.5,154.60000000000002,0.820627802690583,5673,156,1.0,2.0,10.0
0.06,True,0.75,274.80000000000007,0.820627802690583,5673,156,1.0,2.0,10.0
0.09,False,0.25,74.39999999999999,0.08653451811346548,633,156,1.0,2.0,10.0
0.09,False,0.5,124.30000000000001,0.08653451811346548,633,156,1.0,2.0,10.0
0.09,False,0.75,216.8,0.08653451811346548,633,156,1.0,2.0,10.0
0.09,True,0.25,77.2,0.9134654818865345,6682,156,1.0,2.0,10.0
0.09,True,0.5,129.39999999999998,0.9134654818865345,6682,156,1.0,2.0,10.0
0.09,True,0.75,223.20000000000002,0.9134654818865345,6682,156,1.0,2.0,10.0
0.12,False,0.25,61.699999999999996,0.04843186233694144,349,156,1.0,2.0,10.0
0.12,False,0.5,97.0,0.04843186233694144,349,156,1.0,2.0,10.0
0.12,False,0.75,160.8,0.04843186233694144,349,156,1.0,2.0,10.0
0.12,True,0.25,68.10000000000001,0.9515681376630586,6857,156,1.0,2.0,10.0
0.12,True,0.5,112.79999999999998,0.9515681376630586,6857,156,1.0,2.0,10.0
0.12,True,0.75,187.70000000000002,0.9515681376630586,6857,156,1.0,2.0,10.0
0.15,False,0.25,59.64999999999999,0.02246883134675983,164,156,1.0,2.0,10.0
0.15,False,0.5,95.19999999999999,0.02246883134675983,164,156,1.0,2.0,10.0
0.15,False,0.75,144.89999999999998,0.02246883134675983,164,156,1.0,2.0,10.0
0.15,True,0.25,61.20000000000001,0.9775311686532402,7135,156,1.0,2.0,10.0
0.15,True,0.5,97.49999999999999,0.9775311686532402,7135,156,1.0,2.0,10.0
0.15,True,0.75,153.2,0.9775311686532402,7135,156,1.0,2.0,10.0
0.0,False,0.25,101.0,0.49208246190618465,1647,158,1.0,2.0,10.0
0.0,False,0.5,181.7,0.49208246190618465,1647,158,1.0,2.0,10.0
0.0,False,0.75,323.0,0.49208246190618465,1647,158,1.0,2.0,10.0
0.0,True,0.25,93.275,0.5079175380938153,1700,158,1.0,2.0,10.0
0.0,True,0.5,178.60000000000002,0.5079175380938153,1700,158,1.0,2.0,10.0
0.0,True,0.75,323.825,0.5079175380938153,1700,158,1.0,2.0,10.0
0.03,False,0.25,91.1,0.3241563055062167,2190,158,1.0,2.0,10.0
0.03,False,0.5,171.1,0.3241563055062167,2190,158,1.0,2.0,10.0
0.03,False,0.75,295.825,0.3241563055062167,2190,158,1.0,2.0,10.0
0.03,True,0.25,94.025,0.6758436944937833,4566,158,1.0,2.0,10.0
0.03,True,0.5,170.25,0.6758436944937833,4566,158,1.0,2.0,10.0
0.03,True,0.75,297.15000000000003,0.6758436944937833,4566,158,1.0,2.0,10.0
0.06,False,0.25,82.0,0.16013260305563562,1111,158,1.0,2.0,10.0
0.06,False,0.5,147.3,0.16013260305563562,1111,158,1.0,2.0,10.0
0.06,False,0.75,269.0,0.16013260305563562,1111,158,1.0,2.0,10.0
0.06,True,0.25,89.5,0.8398673969443644,5827,158,1.0,2.0,10.0
0.06,True,0.5,154.20000000000002,0.8398673969443644,5827,158,1.0,2.0,10.0
0.06,True,0.75,264.30000000000007,0.8398673969443644,5827,158,1.0,2.0,10.0
0.09,False,0.25,68.5,0.08982935153583618,658,158,1.0,2.0,10.0
0.09,False,0.5,116.54999999999998,0.08982935153583618,658,158,1.0,2.0,10.0
0.09,False,0.75,202.80000000000004,0.08982935153583618,658,158,1.0,2.0,10.0
0.09,True,0.25,77.60000000000001,0.9101706484641638,6667,158,1.0,2.0,10.0
0.09,True,0.5,129.9,0.9101706484641638,6667,158,1.0,2.0,10.0
0.09,True,0.75,220.6,0.9101706484641638,6667,158,1.0,2.0,10.0
0.12,False,0.25,61.775,0.04525891989448841,326,158,1.0,2.0,10.0
0.12,False,0.5,103.10000000000002,0.04525891989448841,326,158,1.0,2.0,10.0
0.12,False,0.75,181.625,0.04525891989448841,326,158,1.0,2.0,10.0
0.12,True,0.25,69.99999999999999,0.9547410801055116,6877,158,1.0,2.0,10.0
0.12,True,0.5,113.99999999999999,0.9547410801055116,6877,158,1.0,2.0,10.0
0.12,True,0.75,188.4,0.9547410801055116,6877,158,1.0,2.0,10.0
0.15,False,0.25,51.250000000000014,0.02013974517057131,147,158,1.0,2.0,10.0
0.15,False,0.5,90.1,0.02013974517057131,147,158,1.0,2.0,10.0
0.15,False,0.75,152.35000000000002,0.02013974517057131,147,158,1.0,2.0,10.0
0.15,True,0.25,62.600000000000016,0.9798602548294287,7152,158,1.0,2.0,10.0
0.15,True,0.5,98.8,0.9798602548294287,7152,158,1.0,2.0,10.0
0.15,True,0.75,155.32500000000002,0.9798602548294287,7152,158,1.0,2.0,10.0
0.0,False,0.25,92.00000000000001,0.5047675804529201,1694,163,1.0,2.0,10.0
0.0,False,0.5,175.35000000000002,0.5047675804529201,1694,163,1.0,2.0,10.0
0.0,False,0.75,309.20000000000005,0.5047675804529201,1694,163,1.0,2.0,10.0
0.0,True,0.25,94.825,0.49523241954707986,1662,163,1.0,2.0,10.0
0.0,True,0.5,170.60000000000002,0.49523241954707986,1662,163,1.0,2.0,10.0
0.0,True,0.75,304.5,0.49523241954707986,1662,163,1.0,2.0,10.0
0.03,False,0.25,89.30000000000001,0.30548961424332344,2059,163,1.0,2.0,10.0
0.03,False,0.5,165.2,0.30548961424332344,2059,163,1.0,2.0,10.0
0.03,False,0.75,286.85,0.30548961424332344,2059,163,1.0,2.0,10.0
0.03,True,0.25,93.7,0.6945103857566766,4681,163,1.0,2.0,10.0
0.03,True,0.5,167.9,0.6945103857566766,4681,163,1.0,2.0,10.0
0.03,True,0.75,296.6,0.6945103857566766,4681,163,1.0,2.0,10.0
0.06,False,0.25,83.65,0.17002881844380405,1180,163,1.0,2.0,10.0
0.06,False,0.5,153.5,0.17002881844380405,1180,163,1.0,2.0,10.0
0.06,False,0.75,253.5,0.17002881844380405,1180,163,1.0,2.0,10.0
0.06,True,0.25,87.20000000000002,0.829971181556196,5760,163,1.0,2.0,10.0
0.06,True,0.5,153.5,0.829971181556196,5760,163,1.0,2.0,10.0
0.06,True,0.75,265.15,0.829971181556196,5760,163,1.0,2.0,10.0
0.09,False,0.25,75.69999999999999,0.09256220946130708,677,163,1.0,2.0,10.0
0.09,False,0.5,120.89999999999998,0.09256220946130708,677,163,1.0,2.0,10.0
0.09,False,0.75,204.8,0.09256220946130708,677,163,1.0,2.0,10.0
0.09,True,0.25,76.80000000000001,0.9074377905386929,6637,163,1.0,2.0,10.0
0.09,True,0.5,130.4,0.9074377905386929,6637,163,1.0,2.0,10.0
0.09,True,0.75,218.00000000000003,0.9074377905386929,6637,163,1.0,2.0,10.0
0.12,False,0.25,60.775000000000006,0.04441360166551006,320,163,1.0,2.0,10.0
0.12,False,0.5,105.2,0.04441360166551006,320,163,1.0,2.0,10.0
0.12,False,0.75,175.75,0.04441360166551006,320,163,1.0,2.0,10.0
0.12,True,0.25,67.99999999999999,0.9555863983344899,6885,163,1.0,2.0,10.0
0.12,True,0.5,112.2,0.9555863983344899,6885,163,1.0,2.0,10.0
0.12,True,0.75,185.79999999999998,0.9555863983344899,6885,163,1.0,2.0,10.0
0.15,False,0.25,55.199999999999996,0.02329086176188519,170,163,1.0,2.0,10.0
0.15,False,0.5,83.6,0.02329086176188519,170,163,1.0,2.0,10.0
0.15,False,0.75,128.05,0.02329086176188519,170,163,1.0,2.0,10.0
0.15,True,0.25,62.7,0.9767091382381148,7129,163,1.0,2.0,10.0
0.15,True,0.5,97.0,0.9767091382381148,7129,163,1.0,2.0,10.0
0.15,True,0.75,152.60000000000002,0.9767091382381148,7129,163,1.0,2.0,10.0
0.0,False,0.25,98.35,0.5028248587570622,1691,164,1.0,2.0,10.0
0.0,False,0.5,172.3,0.5028248587570622,1691,164,1.0,2.0,10.0
0.0,False,0.75,309.7,0.5028248587570622,1691,164,1.0,2.0,10.0
0.0,True,0.25,95.475,0.4971751412429379,1672,164,1.0,2.0,10.0
0.0,True,0.5,172.4,0.4971751412429379,1672,164,1.0,2.0,10.0
0.0,True,0.75,297.90000000000003,0.4971751412429379,1672,164,1.0,2.0,10.0
0.03,False,0.25,94.85,0.32120136114809883,2171,164,1.0,2.0,10.0
0.03,False,0.5,167.29999999999998,0.32120136114809883,2171,164,1.0,2.0,10.0
0.03,False,0.75,290.95000000000005,0.32120136114809883,2171,164,1.0,2.0,10.0
0.03,True,0.25,92.975,0.6787986388519012,4588,164,1.0,2.0,10.0
0.03,True,0.5,168.2,0.6787986388519012,4588,164,1.0,2.0,10.0
0.03,True,0.75,292.52500000000003,0.6787986388519012,4588,164,1.0,2.0,10.0
0.06,False,0.25,80.25,0.17896253602305476,1242,164,1.0,2.0,10.0
0.06,False,0.5,151.8,0.17896253602305476,1242,164,1.0,2.0,10.0
0.06,False,0.75,270.65000000000003,0.17896253602305476,1242,164,1.0,2.0,10.0
0.06,True,0.25,85.49999999999999,0.8210374639769452,5698,164,1.0,2.0,10.0
0.06,True,0.5,151.95,0.8210374639769452,5698,164,1.0,2.0,10.0
0.06,True,0.75,267.02500000000003,0.8210374639769452,5698,164,1.0,2.0,10.0
0.09,False,0.25,71.19999999999999,0.09288645690834474,679,164,1.0,2.0,10.0
0.09,False,0.5,122.49999999999999,0.09288645690834474,679,164,1.0,2.0,10.0
0.09,False,0.75,206.9,0.09288645690834474,679,164,1.0,2.0,10.0
0.09,True,0.25,77.65,0.9071135430916553,6631,164,1.0,2.0,10.0
0.09,True,0.5,130.89999999999998,0.9071135430916553,6631,164,1.0,2.0,10.0
0.09,True,0.75,220.95,0.9071135430916553,6631,164,1.0,2.0,10.0
0.12,False,0.25,60.3,0.04509504648258637,325,164,1.0,2.0,10.0
0.12,False,0.5,100.69999999999999,0.04509504648258637,325,164,1.0,2.0,10.0
0.12,False,0.75,177.50000000000003,0.04509504648258637,325,164,1.0,2.0,10.0
0.12,True,0.25,68.10000000000001,0.9549049535174137,6882,164,1.0,2.0,10.0
0.12,True,0.5,112.3,0.9549049535174137,6882,164,1.0,2.0,10.0
0.12,True,0.75,183.10000000000002,0.9549049535174137,6882,164,1.0,2.0,10.0
0.15,False,0.25,51.925,0.024934922592135908,182,164,1.0,2.0,10.0
0.15,False,0.5,77.45,0.024934922592135908,182,164,1.0,2.0,10.0
0.15,False,0.75,116.85,0.024934922592135908,182,164,1.0,2.0,10.0
0.15,True,0.25,61.60000000000001,0.9750650774078641,7117,164,1.0,2.0,10.0
0.15,True,0.5,97.6,0.9750650774078641,7117,164,1.0,2.0,10.0
0.15,True,0.75,153.79999999999998,0.9750650774078641,7117,164,1.0,2.0,10.0
0.0,False,0.25,91.60000000000001,0.49461400359066426,1653,165,1.0,2.0,10.0
0.0,False,0.5,166.8,0.49461400359066426,1653,165,1.0,2.0,10.0
0.0,False,0.75,305.4,0.49461400359066426,1653,165,1.0,2.0,10.0
0.0,True,0.25,99.89999999999999,0.5053859964093357,1689,165,1.0,2.0,10.0
0.0,True,0.5,180.4,0.5053859964093357,1689,165,1.0,2.0,10.0
0.0,True,0.75,315.20000000000005,0.5053859964093357,1689,165,1.0,2.0,10.0
0.03,False,0.25,97.14999999999999,0.30737217598097505,2068,165,1.0,2.0,10.0
0.03,False,0.5,174.8,0.30737217598097505,2068,165,1.0,2.0,10.0
0.03,False,0.75,303.17500000000007,0.30737217598097505,2068,165,1.0,2.0,10.0
0.03,True,0.25,94.19999999999999,0.692627824019025,4660,165,1.0,2.0,10.0
0.03,True,0.5,173.05,0.692627824019025,4660,165,1.0,2.0,10.0
0.03,True,0.75,298.325,0.692627824019025,4660,165,1.0,2.0,10.0
0.06,False,0.25,84.57499999999999,0.17966834895457823,1246,165,1.0,2.0,10.0
0.06,False,0.5,150.35000000000002,0.17966834895457823,1246,165,1.0,2.0,10.0
0.06,False,0.75,261.75,0.17966834895457823,1246,165,1.0,2.0,10.0
0.06,True,0.25,88.9,0.8203316510454218,5689,165,1.0,2.0,10.0
0.06,True,0.5,156.39999999999998,0.8203316510454218,5689,165,1.0,2.0,10.0
0.06,True,0.75,270.1,0.8203316510454218,5689,165,1.0,2.0,10.0
0.09,False,0.25,70.02499999999998,0.0892467248908297,654,165,1.0,2.0,10.0
0.09,False,0.5,129.05,0.0892467248908297,654,165,1.0,2.0,10.0
0.09,False,0.75,213.575,0.0892467248908297,654,165,1.0,2.0,10.0
0.09,True,0.25,78.42499999999998,0.9107532751091703,6674,165,1.0,2.0,10.0
0.09,True,0.5,134.6,0.9107532751091703,6674,165,1.0,2.0,10.0
0.09,True,0.75,226.77500000000003,0.9107532751091703,6674,165,1.0,2.0,10.0
0.12,False,0.25,65.82500000000002,0.04579517069109076,330,165,1.0,2.0,10.0
0.12,False,0.5,102.95000000000002,0.04579517069109076,330,165,1.0,2.0,10.0
0.12,False,0.75,172.87500000000003,0.04579517069109076,330,165,1.0,2.0,10.0
0.12,True,0.25,69.39999999999999,0.9542048293089093,6876,165,1.0,2.0,10.0
0.12,True,0.5,114.39999999999999,0.9542048293089093,6876,165,1.0,2.0,10.0
0.12,True,0.75,187.325,0.9542048293089093,6876,165,1.0,2.0,10.0
0.15,False,0.25,54.099999999999994,0.019315068493150685,141,165,1.0,2.0,10.0
0.15,False,0.5,84.0,0.019315068493150685,141,165,1.0,2.0,10.0
0.15,False,0.75,156.70000000000002,0.019315068493150685,141,165,1.0,2.0,10.0
0.15,True,0.25,61.3,0.9806849315068493,7159,165,1.0,2.0,10.0
0.15,True,0.5,96.5,0.9806849315068493,7159,165,1.0,2.0,10.0
0.15,True,0.75,151.5,0.9806849315068493,7159,165,1.0,2.0,10.0
0.0,False,0.25,94.69999999999997,0.5035608308605342,1697,166,1.0,2.0,10.0
0.0,False,0.5,176.3,0.5035608308605342,1697,166,1.0,2.0,10.0
0.0,False,0.75,313.90000000000003,0.5035608308605342,1697,166,1.0,2.0,10.0
0.0,True,0.25,99.1,0.4964391691394659,1673,166,1.0,2.0,10.0
0.0,True,0.5,177.1,0.4964391691394659,1673,166,1.0,2.0,10.0
0.0,True,0.75,315.3,0.4964391691394659,1673,166,1.0,2.0,10.0
0.03,False,0.25,88.7,0.3207853557720697,2173,166,1.0,2.0,10.0
0.03,False,0.5,161.89999999999998,0.3207853557720697,2173,166,1.0,2.0,10.0
0.03,False,0.75,294.90000000000003,0.3207853557720697,2173,166,1.0,2.0,10.0
0.03,True,0.25,95.89999999999999,0.6792146442279303,4601,166,1.0,2.0,10.0
0.03,True,0.5,174.20000000000002,0.6792146442279303,4601,166,1.0,2.0,10.0
0.03,True,0.75,306.4,0.6792146442279303,4601,166,1.0,2.0,10.0
0.06,False,0.25,83.39999999999999,0.1746831797235023,1213,166,1.0,2.0,10.0
0.06,False,0.5,150.29999999999998,0.1746831797235023,1213,166,1.0,2.0,10.0
0.06,False,0.75,260.70000000000005,0.1746831797235023,1213,166,1.0,2.0,10.0
0.06,True,0.25,85.75,0.8253168202764977,5731,166,1.0,2.0,10.0
0.06,True,0.5,152.9,0.8253168202764977,5731,166,1.0,2.0,10.0
0.06,True,0.75,258.25,0.8253168202764977,5731,166,1.0,2.0,10.0
0.09,False,0.25,72.09999999999998,0.09844347351174222,721,166,1.0,2.0,10.0
0.09,False,0.5,123.60000000000001,0.09844347351174222,721,166,1.0,2.0,10.0
0.09,False,0.75,207.70000000000005,0.09844347351174222,721,166,1.0,2.0,10.0
0.09,True,0.25,77.50000000000001,0.9015565264882578,6603,166,1.0,2.0,10.0
0.09,True,0.5,131.39999999999998,0.9015565264882578,6603,166,1.0,2.0,10.0
0.09,True,0.75,226.8,0.9015565264882578,6603,166,1.0,2.0,10.0
0.12,False,0.25,65.7,0.04900055524708495,353,166,1.0,2.0,10.0
0.12,False,0.5,103.5,0.04900055524708495,353,166,1.0,2.0,10.0
0.12,False,0.75,177.7,0.04900055524708495,353,166,1.0,2.0,10.0
0.12,True,0.25,68.99999999999999,0.9509994447529151,6851,166,1.0,2.0,10.0
0.12,True,0.5,112.10000000000002,0.9509994447529151,6851,166,1.0,2.0,10.0
0.12,True,0.75,185.79999999999998,0.9509994447529151,6851,166,1.0,2.0,10.0
0.15,False,0.25,50.0,0.02315068493150685,169,166,1.0,2.0,10.0
0.15,False,0.5,98.0,0.02315068493150685,169,166,1.0,2.0,10.0
0.15,False,0.75,155.5,0.02315068493150685,169,166,1.0,2.0,10.0
0.15,True,0.25,61.05000000000001,0.9768493150684932,7131,166,1.0,2.0,10.0
0.15,True,0.5,96.6,0.9768493150684932,7131,166,1.0,2.0,10.0
0.15,True,0.75,155.0,0.9768493150684932,7131,166,1.0,2.0,10.0
0.0,False,0.25,100.90000000000002,0.5065632458233891,1698,171,1.0,2.0,10.0
0.0,False,0.5,176.60000000000002,0.5065632458233891,1698,171,1.0,2.0,10.0
0.0,False,0.75,320.975,0.5065632458233891,1698,171,1.0,2.0,10.0
0.0,True,0.25,99.32500000000002,0.493436754176611,1654,171,1.0,2.0,10.0
0.0,True,0.5,184.5,0.493436754176611,1654,171,1.0,2.0,10.0
0.0,True,0.75,320.3,0.493436754176611,1654,171,1.0,2.0,10.0
0.03,False,0.25,93.725,0.32146037399821903,2166,171,1.0,2.0,10.0
0.03,False,0.5,164.8,0.32146037399821903,2166,171,1.0,2.0,10.0
0.03,False,0.75,292.22499999999997,0.32146037399821903,2166,171,1.0,2.0,10.0
0.03,True,0.25,93.475,0.678539626001781,4572,171,1.0,2.0,10.0
0.03,True,0.5,168.55,0.678539626001781,4572,171,1.0,2.0,10.0
0.03,True,0.75,290.92500000000007,0.678539626001781,4572,171,1.0,2.0,10.0
0.06,False,0.25,84.17499999999998,0.17541834968263129,1216,171,1.0,2.0,10.0
0.06,False,0.5,146.75,0.17541834968263129,1216,171,1.0,2.0,10.0
0.06,False,0.75,246.175,0.17541834968263129,1216,171,1.0,2.0,10.0
0.06,True,0.25,87.0,0.8245816503173687,5716,171,1.0,2.0,10.0
0.06,True,0.5,155.79999999999998,0.8245816503173687,5716,171,1.0,2.0,10.0
0.06,True,0.75,266.925,0.8245816503173687,5716,171,1.0,2.0,10.0
0.09,False,0.25,73.39999999999999,0.09297238173366147,680,171,1.0,2.0,10.0
0.09,False,0.5,127.70000000000002,0.09297238173366147,680,171,1.0,2.0,10.0
0.09,False,0.75,216.85000000000002,0.09297238173366147,680,171,1.0,2.0,10.0
0.09,True,0.25,78.72500000000002,0.9070276182663385,6634,171,1.0,2.0,10.0
0.09,True,0.5,136.0,0.9070276182663385,6634,171,1.0,2.0,10.0
0.09,True,0.75,224.70000000000005,0.9070276182663385,6634,171,1.0,2.0,10.0
0.12,False,0.25,65.45000000000002,0.04482997918112422,323,171,1.0,2.0,10.0
0.12,False,0.5,114.79999999999998,0.04482997918112422,323,171,1.0,2.0,10.0
0.12,False,0.75,173.89999999999998,0.04482997918112422,323,171,1.0,2.0,10.0
0.12,True,0.25,70.89999999999999,0.9551700208188758,6882,171,1.0,2.0,10.0
0.12,True,0.5,114.7,0.9551700208188758,6882,171,1.0,2.0,10.0
0.12,True,0.75,186.475,0.9551700208188758,6882,171,1.0,2.0,10.0
0.15,False,0.25,54.55,0.02398245854460737,175,171,1.0,2.0,10.0
0.15,False,0.5,91.60000000000001,0.02398245854460737,175,171,1.0,2.0,10.0
0.15,False,0.75,139.64999999999998,0.02398245854460737,175,171,1.0,2.0,10.0
0.15,True,0.25,61.40000000000001,0.9760175414553927,7122,171,1.0,2.0,10.0
0.15,True,0.5,96.8,0.9760175414553927,7122,171,1.0,2.0,10.0
0.15,True,0.75,152.975,0.9760175414553927,7122,171,1.0,2.0,10.0
0.0,False,0.25,94.5,0.5132716969877722,1721,179,1.0,2.0,10.0
0.0,False,0.5,180.70000000000002,0.5132716969877722,1721,179,1.0,2.0,10.0
0.0,False,0.75,312.8,0.5132716969877722,1721,179,1.0,2.0,10.0
0.0,True,0.25,99.67500000000001,0.48672830301222786,1632,179,1.0,2.0,10.0
0.0,True,0.5,178.14999999999998,0.48672830301222786,1632,179,1.0,2.0,10.0
0.0,True,0.75,313.17500000000007,0.48672830301222786,1632,179,1.0,2.0,10.0
0.03,False,0.25,90.5,0.31603076013013903,2137,179,1.0,2.0,10.0
0.03,False,0.5,163.0,0.31603076013013903,2137,179,1.0,2.0,10.0
0.03,False,0.75,293.1,0.31603076013013903,2137,179,1.0,2.0,10.0
0.03,True,0.25,94.19999999999999,0.683969239869861,4625,179,1.0,2.0,10.0
0.03,True,0.5,169.1,0.683969239869861,4625,179,1.0,2.0,10.0
0.03,True,0.75,299.59999999999997,0.683969239869861,4625,179,1.0,2.0,10.0
0.06,False,0.25,85.1,0.17900345622119815,1243,179,1.0,2.0,10.0
0.06,False,0.5,140.40000000000003,0.17900345622119815,1243,179,1.0,2.0,10.0
0.06,False,0.75,259.25,0.17900345622119815,1243,179,1.0,2.0,10.0
0.06,True,0.25,86.9,0.8209965437788018,5701,179,1.0,2.0,10.0
0.06,True,0.5,150.10000000000002,0.8209965437788018,5701,179,1.0,2.0,10.0
0.06,True,0.75,263.1,0.8209965437788018,5701,179,1.0,2.0,10.0
0.09,False,0.25,74.0,0.08310589519650655,609,179,1.0,2.0,10.0
0.09,False,0.5,134.2,0.08310589519650655,609,179,1.0,2.0,10.0
0.09,False,0.75,241.3,0.08310589519650655,609,179,1.0,2.0,10.0
0.09,True,0.25,79.2,0.9168941048034934,6719,179,1.0,2.0,10.0
0.09,True,0.5,133.79999999999998,0.9168941048034934,6719,179,1.0,2.0,10.0
0.09,True,0.75,228.45,0.9168941048034934,6719,179,1.0,2.0,10.0
0.12,False,0.25,63.05000000000001,0.04135442686650014,298,179,1.0,2.0,10.0
0.12,False,0.5,98.8,0.04135442686650014,298,179,1.0,2.0,10.0
0.12,False,0.75,157.375,0.04135442686650014,298,179,1.0,2.0,10.0
0.12,True,0.25,68.39999999999999,0.9586455731334999,6908,179,1.0,2.0,10.0
0.12,True,0.5,114.75,0.9586455731334999,6908,179,1.0,2.0,10.0
0.12,True,0.75,188.6,0.9586455731334999,6908,179,1.0,2.0,10.0
0.15,False,0.25,56.49999999999999,0.02150979586244691,157,179,1.0,2.0,10.0
0.15,False,0.5,88.19999999999999,0.02150979586244691,157,179,1.0,2.0,10.0
0.15,False,0.75,137.7,0.02150979586244691,157,179,1.0,2.0,10.0
0.15,True,0.25,61.20000000000001,0.978490204137553,7142,179,1.0,2.0,10.0
0.15,True,0.5,95.1,0.978490204137553,7142,179,1.0,2.0,10.0
0.15,True,0.75,152.675,0.978490204137553,7142,179,1.0,2.0,10.0
0.0,False,0.25,99.70000000000002,0.4930038701994641,1656,180,1.0,2.0,10.0
0.0,False,0.5,178.2,0.4930038701994641,1656,180,1.0,2.0,10.0
0.0,False,0.75,311.55,0.4930038701994641,1656,180,1.0,2.0,10.0
0.0,True,0.25,91.1,0.5069961298005359,1703,180,1.0,2.0,10.0
0.0,True,0.5,177.9,0.5069961298005359,1703,180,1.0,2.0,10.0
0.0,True,0.75,305.25,0.5069961298005359,1703,180,1.0,2.0,10.0
0.03,False,0.25,94.0,0.31470194737624496,2117,180,1.0,2.0,10.0
0.03,False,0.5,172.3,0.31470194737624496,2117,180,1.0,2.0,10.0
0.03,False,0.75,310.0,0.31470194737624496,2117,180,1.0,2.0,10.0
0.03,True,0.25,95.32500000000002,0.685298052623755,4610,180,1.0,2.0,10.0
0.03,True,0.5,171.8,0.685298052623755,4610,180,1.0,2.0,10.0
0.03,True,0.75,297.275,0.685298052623755,4610,180,1.0,2.0,10.0
0.06,False,0.25,85.80000000000001,0.18427518427518427,1275,180,1.0,2.0,10.0
0.06,False,0.5,145.20000000000002,0.18427518427518427,1275,180,1.0,2.0,10.0
0.06,False,0.75,247.4,0.18427518427518427,1275,180,1.0,2.0,10.0
0.06,True,0.25,87.0,0.8157248157248157,5644,180,1.0,2.0,10.0
0.06,True,0.5,154.10000000000002,0.8157248157248157,5644,180,1.0,2.0,10.0
0.06,True,0.75,270.5,0.8157248157248157,5644,180,1.0,2.0,10.0
0.09,False,0.25,71.75,0.09041245561322044,662,180,1.0,2.0,10.0
0.09,False,0.5,119.9,0.09041245561322044,662,180,1.0,2.0,10.0
0.09,False,0.75,209.60000000000002,0.09041245561322044,662,180,1.0,2.0,10.0
0.09,True,0.25,79.875,0.9095875443867796,6660,180,1.0,2.0,10.0
0.09,True,0.5,133.64999999999998,0.9095875443867796,6660,180,1.0,2.0,10.0
0.09,True,0.75,227.025,0.9095875443867796,6660,180,1.0,2.0,10.0
0.12,False,0.25,60.45,0.04663428174878557,336,180,1.0,2.0,10.0
0.12,False,0.5,105.1,0.04663428174878557,336,180,1.0,2.0,10.0
0.12,False,0.75,170.47500000000002,0.04663428174878557,336,180,1.0,2.0,10.0
0.12,True,0.25,69.6,0.9533657182512144,6869,180,1.0,2.0,10.0
0.12,True,0.5,113.29999999999998,0.9533657182512144,6869,180,1.0,2.0,10.0
0.12,True,0.75,184.2,0.9533657182512144,6869,180,1.0,2.0,10.0
0.15,False,0.25,50.50000000000001,0.024383561643835615,178,180,1.0,2.0,10.0
0.15,False,0.5,86.65,0.024383561643835615,178,180,1.0,2.0,10.0
0.15,False,0.75,135.725,0.024383561643835615,178,180,1.0,2.0,10.0
0.15,True,0.25,62.5,0.9756164383561644,7122,180,1.0,2.0,10.0
0.15,True,0.5,98.6,0.9756164383561644,7122,180,1.0,2.0,10.0
0.15,True,0.75,154.875,0.9756164383561644,7122,180,1.0,2.0,10.0
0.0,False,0.25,98.42499999999998,0.497171777314677,1670,181,1.0,2.0,10.0
0.0,False,0.5,177.64999999999998,0.497171777314677,1670,181,1.0,2.0,10.0
0.0,False,0.75,323.20000000000005,0.497171777314677,1670,181,1.0,2.0,10.0
0.0,True,0.25,96.0,0.502828222685323,1689,181,1.0,2.0,10.0
0.0,True,0.5,186.2,0.502828222685323,1689,181,1.0,2.0,10.0
0.0,True,0.75,314.6,0.502828222685323,1689,181,1.0,2.0,10.0
0.03,False,0.25,91.30000000000001,0.316435116760272,2141,181,1.0,2.0,10.0
0.03,False,0.5,173.50000000000003,0.316435116760272,2141,181,1.0,2.0,10.0
0.03,False,0.75,307.59999999999997,0.316435116760272,2141,181,1.0,2.0,10.0
0.03,True,0.25,95.0,0.6835648832397281,4625,181,1.0,2.0,10.0
0.03,True,0.5,168.70000000000002,0.6835648832397281,4625,181,1.0,2.0,10.0
0.03,True,0.75,300.70000000000005,0.6835648832397281,4625,181,1.0,2.0,10.0
0.06,False,0.25,82.1,0.17831915813752341,1237,181,1.0,2.0,10.0
0.06,False,0.5,143.89999999999998,0.17831915813752341,1237,181,1.0,2.0,10.0
0.06,False,0.75,262.1,0.17831915813752341,1237,181,1.0,2.0,10.0
0.06,True,0.25,87.97500000000001,0.8216808418624766,5700,181,1.0,2.0,10.0
0.06,True,0.5,153.99999999999997,0.8216808418624766,5700,181,1.0,2.0,10.0
0.06,True,0.75,264.62500000000006,0.8216808418624766,5700,181,1.0,2.0,10.0
0.09,False,0.25,72.54999999999998,0.09110777216227291,667,181,1.0,2.0,10.0
0.09,False,0.5,126.0,0.09110777216227291,667,181,1.0,2.0,10.0
0.09,False,0.75,221.45000000000002,0.09110777216227291,667,181,1.0,2.0,10.0
0.09,True,0.25,76.44999999999999,0.908892227837727,6654,181,1.0,2.0,10.0
0.09,True,0.5,130.5,0.908892227837727,6654,181,1.0,2.0,10.0
0.09,True,0.75,219.90000000000003,0.908892227837727,6654,181,1.0,2.0,10.0
0.12,False,0.25,55.675000000000004,0.043279234290470245,312,181,1.0,2.0,10.0
0.12,False,0.5,98.19999999999999,0.043279234290470245,312,181,1.0,2.0,10.0
0.12,False,0.75,170.50000000000003,0.043279234290470245,312,181,1.0,2.0,10.0
0.12,True,0.25,68.5,0.9567207657095298,6897,181,1.0,2.0,10.0
0.12,True,0.5,111.5,0.9567207657095298,6897,181,1.0,2.0,10.0
0.12,True,0.75,186.0,0.9567207657095298,6897,181,1.0,2.0,10.0
0.15,False,0.25,59.699999999999996,0.02150979586244691,157,181,1.0,2.0,10.0
0.15,False,0.5,96.8,0.02150979586244691,157,181,1.0,2.0,10.0
0.15,False,0.75,149.0,0.02150979586244691,157,181,1.0,2.0,10.0
0.15,True,0.25,61.3,0.978490204137553,7142,181,1.0,2.0,10.0
0.15,True,0.5,96.55,0.978490204137553,7142,181,1.0,2.0,10.0
0.15,True,0.75,153.97499999999997,0.978490204137553,7142,181,1.0,2.0,10.0
0.0,False,0.25,95.8,0.4909090909090909,1647,190,1.0,2.0,10.0
0.0,False,0.5,175.2,0.4909090909090909,1647,190,1.0,2.0,10.0
0.0,False,0.75,308.15,0.4909090909090909,1647,190,1.0,2.0,10.0
0.0,True,0.25,93.65,0.509090909090909,1708,190,1.0,2.0,10.0
0.0,True,0.5,175.2,0.509090909090909,1708,190,1.0,2.0,10.0
0.0,True,0.75,307.95000000000005,0.509090909090909,1708,190,1.0,2.0,10.0
0.03,False,0.25,90.9,0.3157193605683837,2133,190,1.0,2.0,10.0
0.03,False,0.5,168.49999999999997,0.3157193605683837,2133,190,1.0,2.0,10.0
0.03,False,0.75,286.7,0.3157193605683837,2133,190,1.0,2.0,10.0
0.03,True,0.25,93.20000000000002,0.6842806394316163,4623,190,1.0,2.0,10.0
0.03,True,0.5,171.8,0.6842806394316163,4623,190,1.0,2.0,10.0
0.03,True,0.75,294.05,0.6842806394316163,4623,190,1.0,2.0,10.0
0.06,False,0.25,85.57499999999999,0.17960954446854663,1242,190,1.0,2.0,10.0
0.06,False,0.5,150.89999999999998,0.17960954446854663,1242,190,1.0,2.0,10.0
0.06,False,0.75,257.57500000000005,0.17960954446854663,1242,190,1.0,2.0,10.0
0.06,True,0.25,88.1,0.8203904555314534,5673,190,1.0,2.0,10.0
0.06,True,0.5,157.5,0.8203904555314534,5673,190,1.0,2.0,10.0
0.06,True,0.75,270.30000000000007,0.8203904555314534,5673,190,1.0,2.0,10.0
0.09,False,0.25,71.9,0.08643998361327325,633,190,1.0,2.0,10.0
0.09,False,0.5,128.0,0.08643998361327325,633,190,1.0,2.0,10.0
0.09,False,0.75,212.20000000000002,0.08643998361327325,633,190,1.0,2.0,10.0
0.09,True,0.25,78.39999999999999,0.9135600163867268,6690,190,1.0,2.0,10.0
0.09,True,0.5,133.55,0.9135600163867268,6690,190,1.0,2.0,10.0
0.09,True,0.75,225.275,0.9135600163867268,6690,190,1.0,2.0,10.0
0.12,False,0.25,59.9,0.0498126821146108,359,190,1.0,2.0,10.0
0.12,False,0.5,100.69999999999999,0.0498126821146108,359,190,1.0,2.0,10.0
0.12,False,0.75,167.5,0.0498126821146108,359,190,1.0,2.0,10.0
0.12,True,0.25,71.975,0.9501873178853892,6848,190,1.0,2.0,10.0
0.12,True,0.5,117.15,0.9501873178853892,6848,190,1.0,2.0,10.0
0.12,True,0.75,188.3,0.9501873178853892,6848,190,1.0,2.0,10.0
0.15,False,0.25,54.400000000000006,0.02233182627757227,163,190,1.0,2.0,10.0
0.15,False,0.5,85.7,0.02233182627757227,163,190,1.0,2.0,10.0
0.15,False,0.75,140.75,0.02233182627757227,163,190,1.0,2.0,10.0
0.15,True,0.25,62.40000000000001,0.9776681737224278,7136,190,1.0,2.0,10.0
0.15,True,0.5,99.0,0.9776681737224278,7136,190,1.0,2.0,10.0
0.15,True,0.75,156.60000000000002,0.9776681737224278,7136,190,1.0,2.0,10.0
0.0,False,0.25,94.85,0.5040238450074516,1691,204,1.0,2.0,10.0
0.0,False,0.5,170.60000000000002,0.5040238450074516,1691,204,1.0,2.0,10.0
0.0,False,0.75,311.55000000000007,0.5040238450074516,1691,204,1.0,2.0,10.0
0.0,True,0.25,95.325,0.49597615499254843,1664,204,1.0,2.0,10.0
0.0,True,0.5,177.5,0.49597615499254843,1664,204,1.0,2.0,10.0
0.0,True,0.75,314.90000000000003,0.49597615499254843,1664,204,1.0,2.0,10.0
0.03,False,0.25,88.82500000000002,0.315975807641245,2142,204,1.0,2.0,10.0
0.03,False,0.5,163.89999999999998,0.315975807641245,2142,204,1.0,2.0,10.0
0.03,False,0.75,286.7,0.315975807641245,2142,204,1.0,2.0,10.0
0.03,True,0.25,91.30000000000001,0.684024192358755,4637,204,1.0,2.0,10.0
0.03,True,0.5,171.8,0.684024192358755,4637,204,1.0,2.0,10.0
0.03,True,0.75,295.9,0.684024192358755,4637,204,1.0,2.0,10.0
0.06,False,0.25,75.425,0.1754790376026509,1218,204,1.0,2.0,10.0
0.06,False,0.5,141.25,0.1754790376026509,1218,204,1.0,2.0,10.0
0.06,False,0.75,247.50000000000006,0.1754790376026509,1218,204,1.0,2.0,10.0
0.06,True,0.25,86.4,0.8245209623973491,5723,204,1.0,2.0,10.0
0.06,True,0.5,152.50000000000003,0.8245209623973491,5723,204,1.0,2.0,10.0
0.06,True,0.75,263.6,0.8245209623973491,5723,204,1.0,2.0,10.0
0.09,False,0.25,73.10000000000001,0.09351535836177474,685,204,1.0,2.0,10.0
0.09,False,0.5,123.2,0.09351535836177474,685,204,1.0,2.0,10.0
0.09,False,0.75,216.6,0.09351535836177474,685,204,1.0,2.0,10.0
0.09,True,0.25,76.89999999999999,0.9064846416382253,6640,204,1.0,2.0,10.0
0.09,True,0.5,131.79999999999998,0.9064846416382253,6640,204,1.0,2.0,10.0
0.09,True,0.75,224.925,0.9064846416382253,6640,204,1.0,2.0,10.0
0.12,False,0.25,69.39999999999999,0.044021663657825304,317,204,1.0,2.0,10.0
0.12,False,0.5,105.4,0.044021663657825304,317,204,1.0,2.0,10.0
0.12,False,0.75,198.80000000000004,0.044021663657825304,317,204,1.0,2.0,10.0
0.12,True,0.25,68.57499999999999,0.9559783363421747,6884,204,1.0,2.0,10.0
0.12,True,0.5,111.40000000000002,0.9559783363421747,6884,204,1.0,2.0,10.0
0.12,True,0.75,181.825,0.9559783363421747,6884,204,1.0,2.0,10.0
0.15,False,0.25,54.49999999999999,0.02260583641594739,165,204,1.0,2.0,10.0
0.15,False,0.5,91.1,0.02260583641594739,165,204,1.0,2.0,10.0
0.15,False,0.75,143.3,0.02260583641594739,165,204,1.0,2.0,10.0
0.15,True,0.25,61.3,0.9773941635840526,7134,204,1.0,2.0,10.0
0.15,True,0.5,97.30000000000001,0.9773941635840526,7134,204,1.0,2.0,10.0
0.15,True,0.75,152.2,0.9773941635840526,7134,204,1.0,2.0,10.0
0.0,False,0.25,95.125,0.517921146953405,1734,207,1.0,2.0,10.0
0.0,False,0.5,177.0,0.517921146953405,1734,207,1.0,2.0,10.0
0.0,False,0.75,312.175,0.517921146953405,1734,207,1.0,2.0,10.0
0.0,True,0.25,96.25,0.482078853046595,1614,207,1.0,2.0,10.0
0.0,True,0.5,174.60000000000002,0.482078853046595,1614,207,1.0,2.0,10.0
0.0,True,0.75,296.42500000000007,0.482078853046595,1614,207,1.0,2.0,10.0
0.03,False,0.25,89.20000000000002,0.3142561372375037,2125,207,1.0,2.0,10.0
0.03,False,0.5,158.70000000000002,0.3142561372375037,2125,207,1.0,2.0,10.0
0.03,False,0.75,287.2,0.3142561372375037,2125,207,1.0,2.0,10.0
0.03,True,0.25,94.6,0.6857438627624963,4637,207,1.0,2.0,10.0
0.03,True,0.5,172.8,0.6857438627624963,4637,207,1.0,2.0,10.0
0.03,True,0.75,298.8,0.6857438627624963,4637,207,1.0,2.0,10.0
0.06,False,0.25,85.39999999999999,0.1736371502740121,1204,207,1.0,2.0,10.0
0.06,False,0.5,154.95,0.1736371502740121,1204,207,1.0,2.0,10.0
0.06,False,0.75,262.575,0.1736371502740121,1204,207,1.0,2.0,10.0
0.06,True,0.25,87.20000000000002,0.8263628497259878,5730,207,1.0,2.0,10.0
0.06,True,0.5,154.29999999999998,0.8263628497259878,5730,207,1.0,2.0,10.0
0.06,True,0.75,267.0,0.8263628497259878,5730,207,1.0,2.0,10.0
0.09,False,0.25,68.39999999999999,0.0834015834015834,611,207,1.0,2.0,10.0
0.09,False,0.5,124.49999999999999,0.0834015834015834,611,207,1.0,2.0,10.0
0.09,False,0.75,216.05,0.0834015834015834,611,207,1.0,2.0,10.0
0.09,True,0.25,77.45,0.9165984165984166,6715,207,1.0,2.0,10.0
0.09,True,0.5,132.1,0.9165984165984166,6715,207,1.0,2.0,10.0
0.09,True,0.75,225.15000000000003,0.9165984165984166,6715,207,1.0,2.0,10.0
0.12,False,0.25,62.40000000000001,0.045517624202053845,328,207,1.0,2.0,10.0
0.12,False,0.5,105.20000000000002,0.045517624202053845,328,207,1.0,2.0,10.0
0.12,False,0.75,167.875,0.045517624202053845,328,207,1.0,2.0,10.0
0.12,True,0.25,68.8,0.9544823757979461,6878,207,1.0,2.0,10.0
0.12,True,0.5,111.94999999999999,0.9544823757979461,6878,207,1.0,2.0,10.0
0.12,True,0.75,187.0,0.9544823757979461,6878,207,1.0,2.0,10.0
0.15,False,0.25,53.2,0.022063861861038783,161,207,1.0,2.0,10.0
0.15,False,0.5,87.20000000000002,0.022063861861038783,161,207,1.0,2.0,10.0
0.15,False,0.75,138.5,0.022063861861038783,161,207,1.0,2.0,10.0
0.15,True,0.25,60.675,0.9779361381389612,7136,207,1.0,2.0,10.0
0.15,True,0.5,96.4,0.9779361381389612,7136,207,1.0,2.0,10.0
0.15,True,0.75,150.79999999999998,0.9779361381389612,7136,207,1.0,2.0,10.0
0.0,False,0.25,93.94999999999999,0.507733491969066,1707,209,1.0,2.0,10.0
0.0,False,0.5,167.99999999999997,0.507733491969066,1707,209,1.0,2.0,10.0
0.0,False,0.75,290.4,0.507733491969066,1707,209,1.0,2.0,10.0
0.0,True,0.25,94.29999999999998,0.49226650803093397,1655,209,1.0,2.0,10.0
0.0,True,0.5,181.39999999999998,0.49226650803093397,1655,209,1.0,2.0,10.0
0.0,True,0.75,318.5,0.49226650803093397,1655,209,1.0,2.0,10.0
0.03,False,0.25,92.1,0.2988148148148148,2017,209,1.0,2.0,10.0
0.03,False,0.5,170.09999999999997,0.2988148148148148,2017,209,1.0,2.0,10.0
0.03,False,0.75,296.50000000000006,0.2988148148148148,2017,209,1.0,2.0,10.0
0.03,True,0.25,93.20000000000002,0.7011851851851851,4733,209,1.0,2.0,10.0
0.03,True,0.5,172.4,0.7011851851851851,4733,209,1.0,2.0,10.0
0.03,True,0.75,299.8,0.7011851851851851,4733,209,1.0,2.0,10.0
0.06,False,0.25,86.85000000000001,0.17442196531791906,1207,209,1.0,2.0,10.0
0.06,False,0.5,152.2,0.17442196531791906,1207,209,1.0,2.0,10.0
0.06,False,0.75,263.04999999999995,0.17442196531791906,1207,209,1.0,2.0,10.0
0.06,True,0.25,87.1,0.8255780346820809,5713,209,1.0,2.0,10.0
0.06,True,0.5,154.50000000000003,0.8255780346820809,5713,209,1.0,2.0,10.0
0.06,True,0.75,269.90000000000003,0.8255780346820809,5713,209,1.0,2.0,10.0
0.09,False,0.25,72.82499999999999,0.09231189403250034,676,209,1.0,2.0,10.0
0.09,False,0.5,127.2,0.09231189403250034,676,209,1.0,2.0,10.0
0.09,False,0.75,221.10000000000002,0.09231189403250034,676,209,1.0,2.0,10.0
0.09,True,0.25,79.10000000000002,0.9076881059674996,6647,209,1.0,2.0,10.0
0.09,True,0.5,135.6,0.9076881059674996,6647,209,1.0,2.0,10.0
0.09,True,0.75,223.45000000000002,0.9076881059674996,6647,209,1.0,2.0,10.0
0.12,False,0.25,61.800000000000004,0.04789670970428988,345,209,1.0,2.0,10.0
0.12,False,0.5,94.9,0.04789670970428988,345,209,1.0,2.0,10.0
0.12,False,0.75,165.99999999999997,0.04789670970428988,345,209,1.0,2.0,10.0
0.12,True,0.25,69.3,0.9521032902957102,6858,209,1.0,2.0,10.0
0.12,True,0.5,115.30000000000001,0.9521032902957102,6858,209,1.0,2.0,10.0
0.12,True,0.75,188.975,0.9521032902957102,6858,209,1.0,2.0,10.0
0.15,False,0.25,52.89999999999999,0.02124451754385965,155,209,1.0,2.0,10.0
0.15,False,0.5,82.49999999999999,0.02124451754385965,155,209,1.0,2.0,10.0
0.15,False,0.75,152.89999999999998,0.02124451754385965,155,209,1.0,2.0,10.0
0.15,True,0.25,61.60000000000001,0.9787554824561403,7141,209,1.0,2.0,10.0
0.15,True,0.5,97.1,0.9787554824561403,7141,209,1.0,2.0,10.0
0.15,True,0.75,154.50000000000003,0.9787554824561403,7141,209,1.0,2.0,10.0
0.0,False,0.25,97.45,0.4998507908087138,1675,211,1.0,2.0,10.0
0.0,False,0.5,177.0,0.4998507908087138,1675,211,1.0,2.0,10.0
0.0,False,0.75,308.05000000000007,0.4998507908087138,1675,211,1.0,2.0,10.0
0.0,True,0.25,97.07499999999999,0.5001492091912861,1676,211,1.0,2.0,10.0
0.0,True,0.5,182.55,0.5001492091912861,1676,211,1.0,2.0,10.0
0.0,True,0.75,318.675,0.5001492091912861,1676,211,1.0,2.0,10.0
0.03,False,0.25,93.17500000000001,0.3174885236191322,2144,211,1.0,2.0,10.0
0.03,False,0.5,166.25,0.3174885236191322,2144,211,1.0,2.0,10.0
0.03,False,0.75,297.175,0.3174885236191322,2144,211,1.0,2.0,10.0
0.03,True,0.25,94.39999999999999,0.6825114763808677,4609,211,1.0,2.0,10.0
0.03,True,0.5,169.9,0.6825114763808677,4609,211,1.0,2.0,10.0
0.03,True,0.75,291.9,0.6825114763808677,4609,211,1.0,2.0,10.0
0.06,False,0.25,77.3,0.17390050468637347,1206,211,1.0,2.0,10.0
0.06,False,0.5,144.40000000000003,0.17390050468637347,1206,211,1.0,2.0,10.0
0.06,False,0.75,247.07500000000002,0.17390050468637347,1206,211,1.0,2.0,10.0
0.06,True,0.25,85.3,0.8260994953136266,5729,211,1.0,2.0,10.0
0.06,True,0.5,153.6,0.8260994953136266,5729,211,1.0,2.0,10.0
0.06,True,0.75,268.70000000000005,0.8260994953136266,5729,211,1.0,2.0,10.0
0.09,False,0.25,73.50000000000001,0.09234972677595628,676,211,1.0,2.0,10.0
0.09,False,0.5,126.05,0.09234972677595628,676,211,1.0,2.0,10.0
0.09,False,0.75,218.625,0.09234972677595628,676,211,1.0,2.0,10.0
0.09,True,0.25,77.39999999999999,0.9076502732240437,6644,211,1.0,2.0,10.0
0.09,True,0.5,132.30000000000004,0.9076502732240437,6644,211,1.0,2.0,10.0
0.09,True,0.75,222.00000000000003,0.9076502732240437,6644,211,1.0,2.0,10.0
0.12,False,0.25,62.80000000000001,0.04371963913948647,315,211,1.0,2.0,10.0
0.12,False,0.5,98.8,0.04371963913948647,315,211,1.0,2.0,10.0
0.12,False,0.75,175.29999999999998,0.04371963913948647,315,211,1.0,2.0,10.0
0.12,True,0.25,70.49999999999999,0.9562803608605135,6890,211,1.0,2.0,10.0
0.12,True,0.5,114.14999999999999,0.9562803608605135,6890,211,1.0,2.0,10.0
0.12,True,0.75,185.0,0.9562803608605135,6890,211,1.0,2.0,10.0
0.15,False,0.25,62.60000000000001,0.022341008771929825,163,211,1.0,2.0,10.0
0.15,False,0.5,90.59999999999998,0.022341008771929825,163,211,1.0,2.0,10.0
0.15,False,0.75,149.3,0.022341008771929825,163,211,1.0,2.0,10.0
0.15,True,0.25,61.60000000000001,0.9776589912280702,7133,211,1.0,2.0,10.0
0.15,True,0.5,96.8,0.9776589912280702,7133,211,1.0,2.0,10.0
0.15,True,0.75,152.2,0.9776589912280702,7133,211,1.0,2.0,10.0
0.0,False,0.25,98.6,0.5040023717758672,1700,220,1.0,2.0,10.0
0.0,False,0.5,181.50000000000003,0.5040023717758672,1700,220,1.0,2.0,10.0
0.0,False,0.75,306.125,0.5040023717758672,1700,220,1.0,2.0,10.0
0.0,True,0.25,93.8,0.49599762822413285,1673,220,1.0,2.0,10.0
0.0,True,0.5,171.1,0.49599762822413285,1673,220,1.0,2.0,10.0
0.0,True,0.75,305.4,0.49599762822413285,1673,220,1.0,2.0,10.0
0.03,False,0.25,88.92500000000001,0.305711749038177,2066,220,1.0,2.0,10.0
0.03,False,0.5,160.35,0.305711749038177,2066,220,1.0,2.0,10.0
0.03,False,0.75,282.675,0.305711749038177,2066,220,1.0,2.0,10.0
0.03,True,0.25,97.89999999999999,0.694288250961823,4692,220,1.0,2.0,10.0
0.03,True,0.5,174.35000000000002,0.694288250961823,4692,220,1.0,2.0,10.0
0.03,True,0.75,298.425,0.694288250961823,4692,220,1.0,2.0,10.0
0.06,False,0.25,82.19999999999999,0.1619322278298486,1123,220,1.0,2.0,10.0
0.06,False,0.5,143.20000000000002,0.1619322278298486,1123,220,1.0,2.0,10.0
0.06,False,0.75,261.6,0.1619322278298486,1123,220,1.0,2.0,10.0
0.06,True,0.25,87.1,0.8380677721701514,5812,220,1.0,2.0,10.0
0.06,True,0.5,155.05,0.8380677721701514,5812,220,1.0,2.0,10.0
0.06,True,0.75,267.79999999999995,0.8380677721701514,5812,220,1.0,2.0,10.0
0.09,False,0.25,71.15,0.0909463334698894,666,220,1.0,2.0,10.0
0.09,False,0.5,128.89999999999998,0.0909463334698894,666,220,1.0,2.0,10.0
0.09,False,0.75,210.375,0.0909463334698894,666,220,1.0,2.0,10.0
0.09,True,0.25,77.80000000000001,0.9090536665301107,6657,220,1.0,2.0,10.0
0.09,True,0.5,134.70000000000002,0.9090536665301107,6657,220,1.0,2.0,10.0
0.09,True,0.75,227.3,0.9090536665301107,6657,220,1.0,2.0,10.0
0.12,False,0.25,65.07500000000002,0.04276589836156623,308,220,1.0,2.0,10.0
0.12,False,0.5,105.95,0.04276589836156623,308,220,1.0,2.0,10.0
0.12,False,0.75,174.50000000000003,0.04276589836156623,308,220,1.0,2.0,10.0
0.12,True,0.25,68.525,0.9572341016384338,6894,220,1.0,2.0,10.0
0.12,True,0.5,110.3,0.9572341016384338,6894,220,1.0,2.0,10.0
0.12,True,0.75,180.55,0.9572341016384338,6894,220,1.0,2.0,10.0
0.15,False,0.25,49.20000000000001,0.02315385669269763,169,220,1.0,2.0,10.0
0.15,False,0.5,84.4,0.02315385669269763,169,220,1.0,2.0,10.0
0.15,False,0.75,121.69999999999999,0.02315385669269763,169,220,1.0,2.0,10.0
0.15,True,0.25,62.9,0.9768461433073024,7130,220,1.0,2.0,10.0
0.15,True,0.5,96.35,0.9768461433073024,7130,220,1.0,2.0,10.0
0.15,True,0.75,154.175,0.9768461433073024,7130,220,1.0,2.0,10.0
0.0,False,0.25,97.35000000000001,0.5102222222222222,1722,221,1.0,2.0,10.0
0.0,False,0.5,173.10000000000002,0.5102222222222222,1722,221,1.0,2.0,10.0
0.0,False,0.75,298.475,0.5102222222222222,1722,221,1.0,2.0,10.0
0.0,True,0.25,92.6,0.48977777777777776,1653,221,1.0,2.0,10.0
0.0,True,0.5,173.2,0.48977777777777776,1653,221,1.0,2.0,10.0
0.0,True,0.75,315.3,0.48977777777777776,1653,221,1.0,2.0,10.0
0.03,False,0.25,92.275,0.3147132908579049,2124,221,1.0,2.0,10.0
0.03,False,0.5,169.05,0.3147132908579049,2124,221,1.0,2.0,10.0
0.03,False,0.75,292.57500000000005,0.3147132908579049,2124,221,1.0,2.0,10.0
0.03,True,0.25,97.30000000000001,0.6852867091420951,4625,221,1.0,2.0,10.0
0.03,True,0.5,174.60000000000002,0.6852867091420951,4625,221,1.0,2.0,10.0
0.03,True,0.75,300.90000000000003,0.6852867091420951,4625,221,1.0,2.0,10.0
0.06,False,0.25,82.1,0.1751624548736462,1213,221,1.0,2.0,10.0
0.06,False,0.5,157.6,0.1751624548736462,1213,221,1.0,2.0,10.0
0.06,False,0.75,273.0,0.1751624548736462,1213,221,1.0,2.0,10.0
0.06,True,0.25,86.9,0.8248375451263538,5712,221,1.0,2.0,10.0
0.06,True,0.5,153.89999999999998,0.8248375451263538,5712,221,1.0,2.0,10.0
0.06,True,0.75,262.125,0.8248375451263538,5712,221,1.0,2.0,10.0
0.09,False,0.25,67.94999999999999,0.09103316500614167,667,221,1.0,2.0,10.0
0.09,False,0.5,124.49999999999999,0.09103316500614167,667,221,1.0,2.0,10.0
0.09,False,0.75,227.95000000000002,0.09103316500614167,667,221,1.0,2.0,10.0
0.09,True,0.25,77.675,0.9089668349938583,6660,221,1.0,2.0,10.0
0.09,True,0.5,132.89999999999998,0.9089668349938583,6660,221,1.0,2.0,10.0
0.09,True,0.75,222.80000000000004,0.9089668349938583,6660,221,1.0,2.0,10.0
0.12,False,0.25,69.3,0.042874982655751355,309,221,1.0,2.0,10.0
0.12,False,0.5,107.1,0.042874982655751355,309,221,1.0,2.0,10.0
0.12,False,0.75,165.0,0.042874982655751355,309,221,1.0,2.0,10.0
0.12,True,0.25,69.525,0.9571250173442486,6898,221,1.0,2.0,10.0
0.12,True,0.5,111.6,0.9571250173442486,6898,221,1.0,2.0,10.0
0.12,True,0.75,182.325,0.9571250173442486,6898,221,1.0,2.0,10.0
0.15,False,0.25,53.225,0.02520893273051103,184,221,1.0,2.0,10.0
0.15,False,0.5,87.8,0.02520893273051103,184,221,1.0,2.0,10.0
0.15,False,0.75,133.325,0.02520893273051103,184,221,1.0,2.0,10.0
0.15,True,0.25,62.1,0.9747910672694889,7115,221,1.0,2.0,10.0
0.15,True,0.5,96.10000000000001,0.9747910672694889,7115,221,1.0,2.0,10.0
0.15,True,0.75,152.10000000000002,0.9747910672694889,7115,221,1.0,2.0,10.0
0.0,False,0.25,95.1,0.4989561586638831,1673,223,1.0,2.0,10.0
0.0,False,0.5,169.5,0.4989561586638831,1673,223,1.0,2.0,10.0
0.0,False,0.75,306.8,0.4989561586638831,1673,223,1.0,2.0,10.0
0.0,True,0.25,96.75,0.5010438413361169,1680,223,1.0,2.0,10.0
0.0,True,0.5,178.04999999999998,0.5010438413361169,1680,223,1.0,2.0,10.0
0.0,True,0.75,307.15000000000003,0.5010438413361169,1680,223,1.0,2.0,10.0
0.03,False,0.25,90.1,0.30289034564958284,2033,223,1.0,2.0,10.0
0.03,False,0.5,162.8,0.30289034564958284,2033,223,1.0,2.0,10.0
0.03,False,0.75,296.6,0.30289034564958284,2033,223,1.0,2.0,10.0
0.03,True,0.25,94.85,0.6971096543504172,4679,223,1.0,2.0,10.0
0.03,True,0.5,168.49999999999997,0.6971096543504172,4679,223,1.0,2.0,10.0
0.03,True,0.75,291.05,0.6971096543504172,4679,223,1.0,2.0,10.0
0.06,False,0.25,80.99999999999999,0.17356802770163035,1203,223,1.0,2.0,10.0
0.06,False,0.5,141.0,0.17356802770163035,1203,223,1.0,2.0,10.0
0.06,False,0.75,252.4,0.17356802770163035,1203,223,1.0,2.0,10.0
0.06,True,0.25,83.9,0.8264319722983696,5728,223,1.0,2.0,10.0
0.06,True,0.5,150.50000000000003,0.8264319722983696,5728,223,1.0,2.0,10.0
0.06,True,0.75,259.90000000000003,0.8264319722983696,5728,223,1.0,2.0,10.0
0.09,False,0.25,69.2,0.09185205404667668,673,223,1.0,2.0,10.0
0.09,False,0.5,115.99999999999999,0.09185205404667668,673,223,1.0,2.0,10.0
0.09,False,0.75,205.1,0.09185205404667668,673,223,1.0,2.0,10.0
0.09,True,0.25,77.0,0.9081479459533234,6654,223,1.0,2.0,10.0
0.09,True,0.5,130.25,0.9081479459533234,6654,223,1.0,2.0,10.0
0.09,True,0.75,221.8,0.9081479459533234,6654,223,1.0,2.0,10.0
0.12,False,0.25,63.40000000000001,0.043176454255171456,311,223,1.0,2.0,10.0
0.12,False,0.5,107.3,0.043176454255171456,311,223,1.0,2.0,10.0
0.12,False,0.75,161.10000000000002,0.043176454255171456,311,223,1.0,2.0,10.0
0.12,True,0.25,68.99999999999999,0.9568235457448285,6892,223,1.0,2.0,10.0
0.12,True,0.5,110.95000000000002,0.9568235457448285,6892,223,1.0,2.0,10.0
0.12,True,0.75,182.19999999999996,0.9568235457448285,6892,223,1.0,2.0,10.0
0.15,False,0.25,53.875,0.02164680093163447,158,223,1.0,2.0,10.0
0.15,False,0.5,84.85,0.02164680093163447,158,223,1.0,2.0,10.0
0.15,False,0.75,134.7,0.02164680093163447,158,223,1.0,2.0,10.0
0.15,True,0.25,61.60000000000001,0.9783531990683655,7141,223,1.0,2.0,10.0
0.15,True,0.5,96.19999999999999,0.9783531990683655,7141,223,1.0,2.0,10.0
0.15,True,0.75,152.29999999999998,0.9783531990683655,7141,223,1.0,2.0,10.0
0.0,False,0.25,94.025,0.4998517640083012,1686,226,1.0,2.0,10.0
0.0,False,0.5,172.65000000000003,0.4998517640083012,1686,226,1.0,2.0,10.0
0.0,False,0.75,294.275,0.4998517640083012,1686,226,1.0,2.0,10.0
0.0,True,0.25,92.55,0.5001482359916988,1687,226,1.0,2.0,10.0
0.0,True,0.5,177.6,0.5001482359916988,1687,226,1.0,2.0,10.0
0.0,True,0.75,306.4,0.5001482359916988,1687,226,1.0,2.0,10.0
0.03,False,0.25,92.125,0.3114997036158862,2102,226,1.0,2.0,10.0
0.03,False,0.5,168.85000000000002,0.3114997036158862,2102,226,1.0,2.0,10.0
0.03,False,0.75,295.55,0.3114997036158862,2102,226,1.0,2.0,10.0
0.03,True,0.25,93.6,0.6885002963841138,4646,226,1.0,2.0,10.0
0.03,True,0.5,171.6,0.6885002963841138,4646,226,1.0,2.0,10.0
0.03,True,0.75,302.475,0.6885002963841138,4646,226,1.0,2.0,10.0
0.06,False,0.25,83.17500000000001,0.1779441405125252,1236,226,1.0,2.0,10.0
0.06,False,0.5,147.84999999999997,0.1779441405125252,1236,226,1.0,2.0,10.0
0.06,False,0.75,246.425,0.1779441405125252,1236,226,1.0,2.0,10.0
0.06,True,0.25,88.025,0.8220558594874748,5710,226,1.0,2.0,10.0
0.06,True,0.5,155.05,0.8220558594874748,5710,226,1.0,2.0,10.0
0.06,True,0.75,268.0,0.8220558594874748,5710,226,1.0,2.0,10.0
0.09,False,0.25,74.77499999999999,0.08896165916223223,652,226,1.0,2.0,10.0
0.09,False,0.5,124.0,0.08896165916223223,652,226,1.0,2.0,10.0
0.09,False,0.75,215.775,0.08896165916223223,652,226,1.0,2.0,10.0
0.09,True,0.25,78.60000000000001,0.9110383408377678,6677,226,1.0,2.0,10.0
0.09,True,0.5,131.39999999999998,0.9110383408377678,6677,226,1.0,2.0,10.0
0.09,True,0.75,221.8,0.9110383408377678,6677,226,1.0,2.0,10.0
0.12,False,0.25,64.80000000000001,0.04438895824663615,320,226,1.0,2.0,10.0
0.12,False,0.5,105.4,0.04438895824663615,320,226,1.0,2.0,10.0
0.12,False,0.75,171.45,0.04438895824663615,320,226,1.0,2.0,10.0
0.12,True,0.25,68.99999999999999,0.9556110417533639,6889,226,1.0,2.0,10.0
0.12,True,0.5,111.99999999999999,0.9556110417533639,6889,226,1.0,2.0,10.0
0.12,True,0.75,183.79999999999998,0.9556110417533639,6889,226,1.0,2.0,10.0
0.15,False,0.25,52.925,0.02000274010138375,146,226,1.0,2.0,10.0
0.15,False,0.5,86.8,0.02000274010138375,146,226,1.0,2.0,10.0
0.15,False,0.75,145.02499999999998,0.02000274010138375,146,226,1.0,2.0,10.0
0.15,True,0.25,62.20000000000001,0.9799972598986163,7153,226,1.0,2.0,10.0
0.15,True,0.5,97.1,0.9799972598986163,7153,226,1.0,2.0,10.0
0.15,True,0.75,155.2,0.9799972598986163,7153,226,1.0,2.0,10.0
0.0,False,0.25,96.6,0.5026658767772512,1697,231,1.0,2.0,10.0
0.0,False,0.5,169.2,0.5026658767772512,1697,231,1.0,2.0,10.0
0.0,False,0.75,304.6,0.5026658767772512,1697,231,1.0,2.0,10.0
0.0,True,0.25,97.9,0.49733412322274884,1679,231,1.0,2.0,10.0
0.0,True,0.5,185.39999999999998,0.49733412322274884,1679,231,1.0,2.0,10.0
0.0,True,0.75,325.25000000000006,0.49733412322274884,1679,231,1.0,2.0,10.0
0.03,False,0.25,92.1,0.31312981624184943,2113,231,1.0,2.0,10.0
0.03,False,0.5,172.20000000000002,0.31312981624184943,2113,231,1.0,2.0,10.0
0.03,False,0.75,311.3,0.31312981624184943,2113,231,1.0,2.0,10.0
0.03,True,0.25,94.85,0.6868701837581506,4635,231,1.0,2.0,10.0
0.03,True,0.5,171.9,0.6868701837581506,4635,231,1.0,2.0,10.0
0.03,True,0.75,301.3,0.6868701837581506,4635,231,1.0,2.0,10.0
0.06,False,0.25,82.05,0.17956477878656868,1246,231,1.0,2.0,10.0
0.06,False,0.5,148.2,0.17956477878656868,1246,231,1.0,2.0,10.0
0.06,False,0.75,259.35,0.17956477878656868,1246,231,1.0,2.0,10.0
0.06,True,0.25,86.3,0.8204352212134314,5693,231,1.0,2.0,10.0
0.06,True,0.5,150.60000000000002,0.8204352212134314,5693,231,1.0,2.0,10.0
0.06,True,0.75,264.20000000000005,0.8204352212134314,5693,231,1.0,2.0,10.0
0.09,False,0.25,69.5,0.09508867667121419,697,231,1.0,2.0,10.0
0.09,False,0.5,115.99999999999999,0.09508867667121419,697,231,1.0,2.0,10.0
0.09,False,0.75,209.1,0.09508867667121419,697,231,1.0,2.0,10.0
0.09,True,0.25,78.0,0.9049113233287858,6633,231,1.0,2.0,10.0
0.09,True,0.5,131.20000000000002,0.9049113233287858,6633,231,1.0,2.0,10.0
0.09,True,0.75,222.5,0.9049113233287858,6633,231,1.0,2.0,10.0
0.12,False,0.25,58.00000000000001,0.050097141271162916,361,231,1.0,2.0,10.0
0.12,False,0.5,96.19999999999999,0.050097141271162916,361,231,1.0,2.0,10.0
0.12,False,0.75,159.1,0.050097141271162916,361,231,1.0,2.0,10.0
0.12,True,0.25,69.70000000000002,0.9499028587288371,6845,231,1.0,2.0,10.0
0.12,True,0.5,111.6,0.9499028587288371,6845,231,1.0,2.0,10.0
0.12,True,0.75,187.9,0.9499028587288371,6845,231,1.0,2.0,10.0
0.15,False,0.25,53.75,0.021643835616438355,158,231,1.0,2.0,10.0
0.15,False,0.5,80.20000000000002,0.021643835616438355,158,231,1.0,2.0,10.0
0.15,False,0.75,147.02500000000003,0.021643835616438355,158,231,1.0,2.0,10.0
0.15,True,0.25,60.825,0.9783561643835617,7142,231,1.0,2.0,10.0
0.15,True,0.5,96.0,0.9783561643835617,7142,231,1.0,2.0,10.0
0.15,True,0.75,153.2,0.9783561643835617,7142,231,1.0,2.0,10.0
0.0,False,0.25,98.45,0.5058191584601611,1695,234,1.0,2.0,10.0
0.0,False,0.5,171.7,0.5058191584601611,1695,234,1.0,2.0,10.0
0.0,False,0.75,301.35,0.5058191584601611,1695,234,1.0,2.0,10.0
0.0,True,0.25,97.1,0.4941808415398389,1656,234,1.0,2.0,10.0
0.0,True,0.5,177.95,0.4941808415398389,1656,234,1.0,2.0,10.0
0.0,True,0.75,311.6,0.4941808415398389,1656,234,1.0,2.0,10.0
0.03,False,0.25,90.64999999999999,0.31479833926453143,2123,234,1.0,2.0,10.0
0.03,False,0.5,166.9,0.31479833926453143,2123,234,1.0,2.0,10.0
0.03,False,0.75,306.25,0.31479833926453143,2123,234,1.0,2.0,10.0
0.03,True,0.25,92.30000000000001,0.6852016607354685,4621,234,1.0,2.0,10.0
0.03,True,0.5,169.9,0.6852016607354685,4621,234,1.0,2.0,10.0
0.03,True,0.75,293.59999999999997,0.6852016607354685,4621,234,1.0,2.0,10.0
0.06,False,0.25,78.875,0.16601590744757774,1148,234,1.0,2.0,10.0
0.06,False,0.5,150.4,0.16601590744757774,1148,234,1.0,2.0,10.0
0.06,False,0.75,278.425,0.16601590744757774,1148,234,1.0,2.0,10.0
0.06,True,0.25,87.75,0.8339840925524222,5767,234,1.0,2.0,10.0
0.06,True,0.5,155.6,0.8339840925524222,5767,234,1.0,2.0,10.0
0.06,True,0.75,269.5,0.8339840925524222,5767,234,1.0,2.0,10.0
0.09,False,0.25,71.375,0.08758526603001364,642,234,1.0,2.0,10.0
0.09,False,0.5,120.8,0.08758526603001364,642,234,1.0,2.0,10.0
0.09,False,0.75,224.25000000000003,0.08758526603001364,642,234,1.0,2.0,10.0
0.09,True,0.25,79.17500000000001,0.9124147339699864,6688,234,1.0,2.0,10.0
0.09,True,0.5,132.70000000000002,0.9124147339699864,6688,234,1.0,2.0,10.0
0.09,True,0.75,223.10000000000002,0.9124147339699864,6688,234,1.0,2.0,10.0
0.12,False,0.25,61.75,0.0476058292852186,343,234,1.0,2.0,10.0
0.12,False,0.5,94.8,0.0476058292852186,343,234,1.0,2.0,10.0
0.12,False,0.75,149.89999999999998,0.0476058292852186,343,234,1.0,2.0,10.0
0.12,True,0.25,70.49999999999999,0.9523941707147814,6862,234,1.0,2.0,10.0
0.12,True,0.5,114.2,0.9523941707147814,6862,234,1.0,2.0,10.0
0.12,True,0.75,184.675,0.9523941707147814,6862,234,1.0,2.0,10.0
0.15,False,0.25,53.375,0.02274595779665662,166,234,1.0,2.0,10.0
0.15,False,0.5,85.89999999999999,0.02274595779665662,166,234,1.0,2.0,10.0
0.15,False,0.75,135.45,0.02274595779665662,166,234,1.0,2.0,10.0
0.15,True,0.25,61.3,0.9772540422033433,7132,234,1.0,2.0,10.0
0.15,True,0.5,94.69999999999997,0.9772540422033433,7132,234,1.0,2.0,10.0
0.15,True,0.75,153.72500000000002,0.9772540422033433,7132,234,1.0,2.0,10.0
0.0,False,0.25,92.3,0.5090531314930247,1715,235,1.0,2.0,10.0
0.0,False,0.5,170.3,0.5090531314930247,1715,235,1.0,2.0,10.0
0.0,False,0.75,299.65,0.5090531314930247,1715,235,1.0,2.0,10.0
0.0,True,0.25,98.6,0.4909468685069754,1654,235,1.0,2.0,10.0
0.0,True,0.5,178.4,0.4909468685069754,1654,235,1.0,2.0,10.0
0.0,True,0.75,306.875,0.4909468685069754,1654,235,1.0,2.0,10.0
0.03,False,0.25,90.72500000000001,0.3168522642910171,2134,235,1.0,2.0,10.0
0.03,False,0.5,167.84999999999997,0.3168522642910171,2134,235,1.0,2.0,10.0
0.03,False,0.75,295.70000000000005,0.3168522642910171,2134,235,1.0,2.0,10.0
0.03,True,0.25,92.00000000000001,0.6831477357089829,4601,235,1.0,2.0,10.0
0.03,True,0.5,171.9,0.6831477357089829,4601,235,1.0,2.0,10.0
0.03,True,0.75,301.20000000000005,0.6831477357089829,4601,235,1.0,2.0,10.0
0.06,False,0.25,80.49999999999999,0.17319081323125812,1199,235,1.0,2.0,10.0
0.06,False,0.5,146.50000000000003,0.17319081323125812,1199,235,1.0,2.0,10.0
0.06,False,0.75,252.10000000000002,0.17319081323125812,1199,235,1.0,2.0,10.0
0.06,True,0.25,86.5,0.8268091867687418,5724,235,1.0,2.0,10.0
0.06,True,0.5,155.79999999999998,0.8268091867687418,5724,235,1.0,2.0,10.0
0.06,True,0.75,270.37500000000006,0.8268091867687418,5724,235,1.0,2.0,10.0
0.09,False,0.25,73.44999999999999,0.09547190398254228,700,235,1.0,2.0,10.0
0.09,False,0.5,126.14999999999998,0.09547190398254228,700,235,1.0,2.0,10.0
0.09,False,0.75,218.15000000000003,0.09547190398254228,700,235,1.0,2.0,10.0
0.09,True,0.25,79.0,0.9045280960174578,6632,235,1.0,2.0,10.0
0.09,True,0.5,134.6,0.9045280960174578,6632,235,1.0,2.0,10.0
0.09,True,0.75,226.4,0.9045280960174578,6632,235,1.0,2.0,10.0
0.12,False,0.25,58.699999999999996,0.04358084663428175,314,235,1.0,2.0,10.0
0.12,False,0.5,97.8,0.04358084663428175,314,235,1.0,2.0,10.0
0.12,False,0.75,172.05,0.04358084663428175,314,235,1.0,2.0,10.0
0.12,True,0.25,68.8,0.9564191533657183,6891,235,1.0,2.0,10.0
0.12,True,0.5,114.2,0.9564191533657183,6891,235,1.0,2.0,10.0
0.12,True,0.75,186.9,0.9564191533657183,6891,235,1.0,2.0,10.0
0.15,False,0.25,56.425,0.020273972602739727,148,235,1.0,2.0,10.0
0.15,False,0.5,89.19999999999999,0.020273972602739727,148,235,1.0,2.0,10.0
0.15,False,0.75,144.17499999999998,0.020273972602739727,148,235,1.0,2.0,10.0
0.15,True,0.25,61.40000000000001,0.9797260273972602,7152,235,1.0,2.0,10.0
0.15,True,0.5,95.89999999999999,0.9797260273972602,7152,235,1.0,2.0,10.0
0.15,True,0.75,152.10000000000002,0.9797260273972602,7152,235,1.0,2.0,10.0
0.0,False,0.25,94.29999999999998,0.5025260029717682,1691,241,1.0,2.0,10.0
0.0,False,0.5,176.3,0.5025260029717682,1691,241,1.0,2.0,10.0
0.0,False,0.75,314.2,0.5025260029717682,1691,241,1.0,2.0,10.0
0.0,True,0.25,93.42499999999998,0.4974739970282318,1674,241,1.0,2.0,10.0
0.0,True,0.5,175.3,0.4974739970282318,1674,241,1.0,2.0,10.0
0.0,True,0.75,305.25,0.4974739970282318,1674,241,1.0,2.0,10.0
0.03,False,0.25,93.39999999999999,0.31820869051138045,2153,241,1.0,2.0,10.0
0.03,False,0.5,176.9,0.31820869051138045,2153,241,1.0,2.0,10.0
0.03,False,0.75,302.20000000000005,0.31820869051138045,2153,241,1.0,2.0,10.0
0.03,True,0.25,91.60000000000001,0.6817913094886195,4613,241,1.0,2.0,10.0
0.03,True,0.5,169.40000000000003,0.6817913094886195,4613,241,1.0,2.0,10.0
0.03,True,0.75,291.3,0.6817913094886195,4613,241,1.0,2.0,10.0
0.06,False,0.25,82.25,0.1724187725631769,1194,241,1.0,2.0,10.0
0.06,False,0.5,142.75,0.1724187725631769,1194,241,1.0,2.0,10.0
0.06,False,0.75,255.85,0.1724187725631769,1194,241,1.0,2.0,10.0
0.06,True,0.25,87.15,0.827581227436823,5731,241,1.0,2.0,10.0
0.06,True,0.5,153.1,0.827581227436823,5731,241,1.0,2.0,10.0
0.06,True,0.75,264.3,0.827581227436823,5731,241,1.0,2.0,10.0
0.09,False,0.25,71.0,0.08863698443048347,649,241,1.0,2.0,10.0
0.09,False,0.5,125.9,0.08863698443048347,649,241,1.0,2.0,10.0
0.09,False,0.75,224.20000000000002,0.08863698443048347,649,241,1.0,2.0,10.0
0.09,True,0.25,76.70000000000002,0.9113630155695165,6673,241,1.0,2.0,10.0
0.09,True,0.5,131.79999999999998,0.9113630155695165,6673,241,1.0,2.0,10.0
0.09,True,0.75,225.70000000000002,0.9113630155695165,6673,241,1.0,2.0,10.0
0.12,False,0.25,67.5,0.03972222222222222,286,241,1.0,2.0,10.0
0.12,False,0.5,104.60000000000001,0.03972222222222222,286,241,1.0,2.0,10.0
0.12,False,0.75,172.47500000000002,0.03972222222222222,286,241,1.0,2.0,10.0
0.12,True,0.25,68.5,0.9602777777777778,6914,241,1.0,2.0,10.0
0.12,True,0.5,111.9,0.9602777777777778,6914,241,1.0,2.0,10.0
0.12,True,0.75,185.10000000000002,0.9602777777777778,6914,241,1.0,2.0,10.0
0.15,False,0.25,52.49999999999999,0.02205781613919715,161,241,1.0,2.0,10.0
0.15,False,0.5,86.5,0.02205781613919715,161,241,1.0,2.0,10.0
0.15,False,0.75,147.20000000000002,0.02205781613919715,161,241,1.0,2.0,10.0
0.15,True,0.25,62.20000000000001,0.9779421838608029,7138,241,1.0,2.0,10.0
0.15,True,0.5,99.2,0.9779421838608029,7138,241,1.0,2.0,10.0
0.15,True,0.75,155.17499999999998,0.9779421838608029,7138,241,1.0,2.0,10.0
0.0,False,0.25,95.85,0.49910820451843046,1679,242,1.0,2.0,10.0
0.0,False,0.5,173.7,0.49910820451843046,1679,242,1.0,2.0,10.0
0.0,False,0.75,303.9,0.49910820451843046,1679,242,1.0,2.0,10.0
0.0,True,0.25,95.19999999999999,0.5008917954815696,1685,242,1.0,2.0,10.0
0.0,True,0.5,177.1,0.5008917954815696,1685,242,1.0,2.0,10.0
0.0,True,0.75,312.09999999999997,0.5008917954815696,1685,242,1.0,2.0,10.0
0.03,False,0.25,85.55,0.313229859571323,2119,242,1.0,2.0,10.0
0.03,False,0.5,157.5,0.313229859571323,2119,242,1.0,2.0,10.0
0.03,False,0.75,287.35,0.313229859571323,2119,242,1.0,2.0,10.0
0.03,True,0.25,92.225,0.686770140428677,4646,242,1.0,2.0,10.0
0.03,True,0.5,167.1,0.686770140428677,4646,242,1.0,2.0,10.0
0.03,True,0.75,292.0,0.686770140428677,4646,242,1.0,2.0,10.0
0.06,False,0.25,81.69999999999999,0.18268398268398267,1266,242,1.0,2.0,10.0
0.06,False,0.5,143.55,0.18268398268398267,1266,242,1.0,2.0,10.0
0.06,False,0.75,246.07500000000002,0.18268398268398267,1266,242,1.0,2.0,10.0
0.06,True,0.25,86.1,0.8173160173160173,5664,242,1.0,2.0,10.0
0.06,True,0.5,154.15000000000003,0.8173160173160173,5664,242,1.0,2.0,10.0
0.06,True,0.75,265.025,0.8173160173160173,5664,242,1.0,2.0,10.0
0.09,False,0.25,73.39999999999999,0.08795854357016228,645,242,1.0,2.0,10.0
0.09,False,0.5,120.7,0.08795854357016228,645,242,1.0,2.0,10.0
0.09,False,0.75,211.80000000000004,0.08795854357016228,645,242,1.0,2.0,10.0
0.09,True,0.25,78.275,0.9120414564298377,6688,242,1.0,2.0,10.0
0.09,True,0.5,131.79999999999998,0.9120414564298377,6688,242,1.0,2.0,10.0
0.09,True,0.75,227.89999999999998,0.9120414564298377,6688,242,1.0,2.0,10.0
0.12,False,0.25,63.500000000000014,0.048028872848417545,346,242,1.0,2.0,10.0
0.12,False,0.5,104.35,0.048028872848417545,346,242,1.0,2.0,10.0
0.12,False,0.75,173.2,0.048028872848417545,346,242,1.0,2.0,10.0
0.12,True,0.25,70.225,0.9519711271515825,6858,242,1.0,2.0,10.0
0.12,True,0.5,112.74999999999999,0.9519711271515825,6858,242,1.0,2.0,10.0
0.12,True,0.75,189.20000000000002,0.9519711271515825,6858,242,1.0,2.0,10.0
0.15,False,0.25,55.800000000000004,0.02096464784872568,153,242,1.0,2.0,10.0
0.15,False,0.5,85.79999999999998,0.02096464784872568,153,242,1.0,2.0,10.0
0.15,False,0.75,149.20000000000002,0.02096464784872568,153,242,1.0,2.0,10.0
0.15,True,0.25,62.9,0.9790353521512744,7145,242,1.0,2.0,10.0
0.15,True,0.5,98.10000000000001,0.9790353521512744,7145,242,1.0,2.0,10.0
0.15,True,0.75,155.3,0.9790353521512744,7145,242,1.0,2.0,10.0
0.0,False,0.25,90.54999999999998,0.5060776756596501,1707,249,1.0,2.0,10.0
0.0,False,0.5,171.1,0.5060776756596501,1707,249,1.0,2.0,10.0
0.0,False,0.75,298.40000000000003,0.5060776756596501,1707,249,1.0,2.0,10.0
0.0,True,0.25,99.925,0.4939223243403498,1666,249,1.0,2.0,10.0
0.0,True,0.5,175.05,0.4939223243403498,1666,249,1.0,2.0,10.0
0.0,True,0.75,303.425,0.4939223243403498,1666,249,1.0,2.0,10.0
0.03,False,0.25,88.1,0.30487080487080487,2053,249,1.0,2.0,10.0
0.03,False,0.5,162.9,0.30487080487080487,2053,249,1.0,2.0,10.0
0.03,False,0.75,297.1,0.30487080487080487,2053,249,1.0,2.0,10.0
0.03,True,0.25,94.6,0.6951291951291951,4681,249,1.0,2.0,10.0
0.03,True,0.5,173.00000000000003,0.6951291951291951,4681,249,1.0,2.0,10.0
0.03,True,0.75,300.4,0.6951291951291951,4681,249,1.0,2.0,10.0
0.06,False,0.25,82.07499999999999,0.1714699493120927,1184,249,1.0,2.0,10.0
0.06,False,0.5,150.65,0.1714699493120927,1184,249,1.0,2.0,10.0
0.06,False,0.75,250.57500000000005,0.1714699493120927,1184,249,1.0,2.0,10.0
0.06,True,0.25,87.7,0.8285300506879073,5721,249,1.0,2.0,10.0
0.06,True,0.5,154.79999999999998,0.8285300506879073,5721,249,1.0,2.0,10.0
0.06,True,0.75,267.79999999999995,0.8285300506879073,5721,249,1.0,2.0,10.0
0.09,False,0.25,69.82500000000002,0.0943009430094301,690,249,1.0,2.0,10.0
0.09,False,0.5,125.64999999999998,0.0943009430094301,690,249,1.0,2.0,10.0
0.09,False,0.75,220.00000000000003,0.0943009430094301,690,249,1.0,2.0,10.0
0.09,True,0.25,78.39999999999999,0.9056990569905699,6627,249,1.0,2.0,10.0
0.09,True,0.5,133.9,0.9056990569905699,6627,249,1.0,2.0,10.0
0.09,True,0.75,226.4,0.9056990569905699,6627,249,1.0,2.0,10.0
0.12,False,0.25,61.575,0.049986114968064425,360,249,1.0,2.0,10.0
0.12,False,0.5,106.19999999999999,0.049986114968064425,360,249,1.0,2.0,10.0
0.12,False,0.75,169.6,0.049986114968064425,360,249,1.0,2.0,10.0
0.12,True,0.25,69.70000000000002,0.9500138850319356,6842,249,1.0,2.0,10.0
0.12,True,0.5,115.6,0.9500138850319356,6842,249,1.0,2.0,10.0
0.12,True,0.75,188.375,0.9500138850319356,6842,249,1.0,2.0,10.0
0.15,False,0.25,58.125,0.02274595779665662,166,249,1.0,2.0,10.0
0.15,False,0.5,84.4,0.02274595779665662,166,249,1.0,2.0,10.0
0.15,False,0.75,149.725,0.02274595779665662,166,249,1.0,2.0,10.0
0.15,True,0.25,62.80000000000001,0.9772540422033433,7132,249,1.0,2.0,10.0
0.15,True,0.5,97.6,0.9772540422033433,7132,249,1.0,2.0,10.0
0.15,True,0.75,155.125,0.9772540422033433,7132,249,1.0,2.0,10.0
0.0,False,0.25,93.64999999999999,0.4876524843796489,1639,251,1.0,2.0,10.0
0.0,False,0.5,173.29999999999998,0.4876524843796489,1639,251,1.0,2.0,10.0
0.0,False,0.75,294.25,0.4876524843796489,1639,251,1.0,2.0,10.0
0.0,True,0.25,101.64999999999999,0.5123475156203511,1722,251,1.0,2.0,10.0
0.0,True,0.5,184.55,0.5123475156203511,1722,251,1.0,2.0,10.0
0.0,True,0.75,321.725,0.5123475156203511,1722,251,1.0,2.0,10.0
0.03,False,0.25,87.4,0.32502596053997923,2191,251,1.0,2.0,10.0
0.03,False,0.5,162.3,0.32502596053997923,2191,251,1.0,2.0,10.0
0.03,False,0.75,295.6,0.32502596053997923,2191,251,1.0,2.0,10.0
0.03,True,0.25,95.89999999999999,0.6749740394600208,4550,251,1.0,2.0,10.0
0.03,True,0.5,169.95,0.6749740394600208,4550,251,1.0,2.0,10.0
0.03,True,0.75,292.275,0.6749740394600208,4550,251,1.0,2.0,10.0
0.06,False,0.25,81.9,0.16964543095993082,1177,251,1.0,2.0,10.0
0.06,False,0.5,147.60000000000002,0.16964543095993082,1177,251,1.0,2.0,10.0
0.06,False,0.75,272.70000000000005,0.16964543095993082,1177,251,1.0,2.0,10.0
0.06,True,0.25,87.60000000000001,0.8303545690400692,5761,251,1.0,2.0,10.0
0.06,True,0.5,150.50000000000003,0.8303545690400692,5761,251,1.0,2.0,10.0
0.06,True,0.75,263.90000000000003,0.8303545690400692,5761,251,1.0,2.0,10.0
0.09,False,0.25,66.9,0.0858703071672355,629,251,1.0,2.0,10.0
0.09,False,0.5,120.60000000000001,0.0858703071672355,629,251,1.0,2.0,10.0
0.09,False,0.75,207.6,0.0858703071672355,629,251,1.0,2.0,10.0
0.09,True,0.25,77.50000000000001,0.9141296928327645,6696,251,1.0,2.0,10.0
0.09,True,0.5,130.35000000000002,0.9141296928327645,6696,251,1.0,2.0,10.0
0.09,True,0.75,225.025,0.9141296928327645,6696,251,1.0,2.0,10.0
0.12,False,0.25,58.375,0.04803554074691101,346,251,1.0,2.0,10.0
0.12,False,0.5,97.7,0.04803554074691101,346,251,1.0,2.0,10.0
0.12,False,0.75,175.29999999999998,0.04803554074691101,346,251,1.0,2.0,10.0
0.12,True,0.25,67.5,0.951964459253089,6857,251,1.0,2.0,10.0
0.12,True,0.5,110.90000000000002,0.951964459253089,6857,251,1.0,2.0,10.0
0.12,True,0.75,180.0,0.951964459253089,6857,251,1.0,2.0,10.0
0.15,False,0.25,56.599999999999994,0.023013698630136987,168,251,1.0,2.0,10.0
0.15,False,0.5,88.00000000000001,0.023013698630136987,168,251,1.0,2.0,10.0
0.15,False,0.75,140.025,0.023013698630136987,168,251,1.0,2.0,10.0
0.15,True,0.25,62.1,0.976986301369863,7132,251,1.0,2.0,10.0
0.15,True,0.5,97.30000000000001,0.976986301369863,7132,251,1.0,2.0,10.0
0.15,True,0.75,153.3,0.976986301369863,7132,251,1.0,2.0,10.0
0.0,False,0.25,92.9,0.4916317991631799,1645,261,1.0,2.0,10.0
0.0,False,0.5,176.20000000000002,0.4916317991631799,1645,261,1.0,2.0,10.0
0.0,False,0.75,307.59999999999997,0.4916317991631799,1645,261,1.0,2.0,10.0
0.0,True,0.25,96.0,0.5083682008368201,1701,261,1.0,2.0,10.0
0.0,True,0.5,186.5,0.5083682008368201,1701,261,1.0,2.0,10.0
0.0,True,0.75,325.1000000000001,0.5083682008368201,1701,261,1.0,2.0,10.0
0.03,False,0.25,88.00000000000001,0.3166543301258327,2139,261,1.0,2.0,10.0
0.03,False,0.5,167.29999999999998,0.3166543301258327,2139,261,1.0,2.0,10.0
0.03,False,0.75,302.75000000000006,0.3166543301258327,2139,261,1.0,2.0,10.0
0.03,True,0.25,92.80000000000003,0.6833456698741673,4616,261,1.0,2.0,10.0
0.03,True,0.5,167.5,0.6833456698741673,4616,261,1.0,2.0,10.0
0.03,True,0.75,299.125,0.6833456698741673,4616,261,1.0,2.0,10.0
0.06,False,0.25,81.79999999999998,0.1729909104025393,1199,261,1.0,2.0,10.0
0.06,False,0.5,145.79999999999998,0.1729909104025393,1199,261,1.0,2.0,10.0
0.06,False,0.75,253.14999999999998,0.1729909104025393,1199,261,1.0,2.0,10.0
0.06,True,0.25,88.4,0.8270090895974607,5732,261,1.0,2.0,10.0
0.06,True,0.5,158.79999999999998,0.8270090895974607,5732,261,1.0,2.0,10.0
0.06,True,0.75,269.90000000000003,0.8270090895974607,5732,261,1.0,2.0,10.0
0.09,False,0.25,72.70000000000002,0.0957388691614313,701,261,1.0,2.0,10.0
0.09,False,0.5,124.1,0.0957388691614313,701,261,1.0,2.0,10.0
0.09,False,0.75,214.60000000000005,0.0957388691614313,701,261,1.0,2.0,10.0
0.09,True,0.25,76.30000000000001,0.9042611308385687,6621,261,1.0,2.0,10.0
0.09,True,0.5,132.1,0.9042611308385687,6621,261,1.0,2.0,10.0
0.09,True,0.75,221.70000000000002,0.9042611308385687,6621,261,1.0,2.0,10.0
0.12,False,0.25,55.5,0.043158479045240075,311,261,1.0,2.0,10.0
0.12,False,0.5,92.30000000000001,0.043158479045240075,311,261,1.0,2.0,10.0
0.12,False,0.75,170.85000000000002,0.043158479045240075,311,261,1.0,2.0,10.0
0.12,True,0.25,68.6,0.9568415209547599,6895,261,1.0,2.0,10.0
0.12,True,0.5,111.99999999999999,0.9568415209547599,6895,261,1.0,2.0,10.0
0.12,True,0.75,181.10000000000002,0.9568415209547599,6895,261,1.0,2.0,10.0
0.15,False,0.25,56.69999999999999,0.025760482323924364,188,261,1.0,2.0,10.0
0.15,False,0.5,89.9,0.025760482323924364,188,261,1.0,2.0,10.0
0.15,False,0.75,143.725,0.025760482323924364,188,261,1.0,2.0,10.0
0.15,True,0.25,60.800000000000004,0.9742395176760756,7110,261,1.0,2.0,10.0
0.15,True,0.5,94.69999999999997,0.9742395176760756,7110,261,1.0,2.0,10.0
0.15,True,0.75,151.17499999999995,0.9742395176760756,7110,261,1.0,2.0,10.0
0.0,False,0.25,95.19999999999999,0.49269746646795826,1653,262,1.0,2.0,10.0
0.0,False,0.5,177.2,0.49269746646795826,1653,262,1.0,2.0,10.0
0.0,False,0.75,312.3,0.49269746646795826,1653,262,1.0,2.0,10.0
0.0,True,0.25,93.22500000000002,0.5073025335320417,1702,262,1.0,2.0,10.0
0.0,True,0.5,177.39999999999998,0.5073025335320417,1702,262,1.0,2.0,10.0
0.0,True,0.75,307.375,0.5073025335320417,1702,262,1.0,2.0,10.0
0.03,False,0.25,92.375,0.31574279379157427,2136,262,1.0,2.0,10.0
0.03,False,0.5,166.6,0.31574279379157427,2136,262,1.0,2.0,10.0
0.03,False,0.75,290.20000000000005,0.31574279379157427,2136,262,1.0,2.0,10.0
0.03,True,0.25,94.10000000000001,0.6842572062084257,4629,262,1.0,2.0,10.0
0.03,True,0.5,169.2,0.6842572062084257,4629,262,1.0,2.0,10.0
0.03,True,0.75,295.4,0.6842572062084257,4629,262,1.0,2.0,10.0
0.06,False,0.25,85.39999999999999,0.1713956502952614,1190,262,1.0,2.0,10.0
0.06,False,0.5,152.8,0.1713956502952614,1190,262,1.0,2.0,10.0
0.06,False,0.75,265.625,0.1713956502952614,1190,262,1.0,2.0,10.0
0.06,True,0.25,86.19999999999999,0.8286043497047386,5753,262,1.0,2.0,10.0
0.06,True,0.5,154.60000000000002,0.8286043497047386,5753,262,1.0,2.0,10.0
0.06,True,0.75,263.6,0.8286043497047386,5753,262,1.0,2.0,10.0
0.09,False,0.25,68.70000000000002,0.08963165075034106,657,262,1.0,2.0,10.0
0.09,False,0.5,120.89999999999998,0.08963165075034106,657,262,1.0,2.0,10.0
0.09,False,0.75,210.9,0.08963165075034106,657,262,1.0,2.0,10.0
0.09,True,0.25,76.39999999999999,0.9103683492496589,6673,262,1.0,2.0,10.0
0.09,True,0.5,133.9,0.9103683492496589,6673,262,1.0,2.0,10.0
0.09,True,0.75,228.5,0.9103683492496589,6673,262,1.0,2.0,10.0
0.12,False,0.25,64.5,0.047486809219661204,342,262,1.0,2.0,10.0
0.12,False,0.5,103.10000000000001,0.047486809219661204,342,262,1.0,2.0,10.0
0.12,False,0.75,176.125,0.047486809219661204,342,262,1.0,2.0,10.0
0.12,True,0.25,69.99999999999999,0.9525131907803388,6860,262,1.0,2.0,10.0
0.12,True,0.5,112.89999999999998,0.9525131907803388,6860,262,1.0,2.0,10.0
0.12,True,0.75,186.225,0.9525131907803388,6860,262,1.0,2.0,10.0
0.15,False,0.25,50.55000000000001,0.021378648759764286,156,262,1.0,2.0,10.0
0.15,False,0.5,75.85,0.021378648759764286,156,262,1.0,2.0,10.0
0.15,False,0.75,115.02499999999999,0.021378648759764286,156,262,1.0,2.0,10.0
0.15,True,0.25,61.20000000000001,0.9786213512402357,7141,262,1.0,2.0,10.0
0.15,True,0.5,96.4,0.9786213512402357,7141,262,1.0,2.0,10.0
0.15,True,0.75,152.29999999999998,0.9786213512402357,7141,262,1.0,2.0,10.0
0.0,False,0.25,102.70000000000002,0.4910979228486647,1655,273,1.0,2.0,10.0
0.0,False,0.5,184.70000000000002,0.4910979228486647,1655,273,1.0,2.0,10.0
0.0,False,0.75,322.95000000000005,0.4910979228486647,1655,273,1.0,2.0,10.0
0.0,True,0.25,98.8,0.5089020771513353,1715,273,1.0,2.0,10.0
0.0,True,0.5,172.4,0.5089020771513353,1715,273,1.0,2.0,10.0
0.0,True,0.75,302.0,0.5089020771513353,1715,273,1.0,2.0,10.0
0.03,False,0.25,91.20000000000002,0.31210191082802546,2107,273,1.0,2.0,10.0
0.03,False,0.5,161.5,0.31210191082802546,2107,273,1.0,2.0,10.0
0.03,False,0.75,289.70000000000005,0.31210191082802546,2107,273,1.0,2.0,10.0
0.03,True,0.25,95.8,0.6878980891719745,4644,273,1.0,2.0,10.0
0.03,True,0.5,176.29999999999998,0.6878980891719745,4644,273,1.0,2.0,10.0
0.03,True,0.75,305.825,0.6878980891719745,4644,273,1.0,2.0,10.0
0.06,False,0.25,79.9,0.17626728110599077,1224,273,1.0,2.0,10.0
0.06,False,0.5,140.7,0.17626728110599077,1224,273,1.0,2.0,10.0
0.06,False,0.75,243.25,0.17626728110599077,1224,273,1.0,2.0,10.0
0.06,True,0.25,87.5,0.8237327188940092,5720,273,1.0,2.0,10.0
0.06,True,0.5,155.6,0.8237327188940092,5720,273,1.0,2.0,10.0
0.06,True,0.75,270.40000000000003,0.8237327188940092,5720,273,1.0,2.0,10.0
0.09,False,0.25,78.39999999999999,0.09143091430914309,669,273,1.0,2.0,10.0
0.09,False,0.5,131.5,0.09143091430914309,669,273,1.0,2.0,10.0
0.09,False,0.75,227.70000000000002,0.09143091430914309,669,273,1.0,2.0,10.0
0.09,True,0.25,78.80000000000001,0.9085690856908569,6648,273,1.0,2.0,10.0
0.09,True,0.5,133.9,0.9085690856908569,6648,273,1.0,2.0,10.0
0.09,True,0.75,225.3,0.9085690856908569,6648,273,1.0,2.0,10.0
0.12,False,0.25,67.3,0.04094947251526929,295,273,1.0,2.0,10.0
0.12,False,0.5,115.29999999999998,0.04094947251526929,295,273,1.0,2.0,10.0
0.12,False,0.75,192.0,0.04094947251526929,295,273,1.0,2.0,10.0
0.12,True,0.25,68.39999999999999,0.9590505274847307,6909,273,1.0,2.0,10.0
0.12,True,0.5,113.40000000000002,0.9590505274847307,6909,273,1.0,2.0,10.0
0.12,True,0.75,183.79999999999998,0.9590505274847307,6909,273,1.0,2.0,10.0
0.15,False,0.25,52.79999999999999,0.023434288063587775,171,273,1.0,2.0,10.0
0.15,False,0.5,91.30000000000001,0.023434288063587775,171,273,1.0,2.0,10.0
0.15,False,0.75,135.15,0.023434288063587775,171,273,1.0,2.0,10.0
0.15,True,0.25,62.125,0.9765657119364122,7126,273,1.0,2.0,10.0
0.15,True,0.5,96.8,0.9765657119364122,7126,273,1.0,2.0,10.0
0.15,True,0.75,153.0,0.9765657119364122,7126,273,1.0,2.0,10.0
0.0,False,0.25,94.5,0.48045359594151,1610,275,1.0,2.0,10.0
0.0,False,0.5,179.75,0.48045359594151,1610,275,1.0,2.0,10.0
0.0,False,0.75,315.525,0.48045359594151,1610,275,1.0,2.0,10.0
0.0,True,0.25,102.50000000000001,0.51954640405849,1741,275,1.0,2.0,10.0
0.0,True,0.5,182.1,0.51954640405849,1741,275,1.0,2.0,10.0
0.0,True,0.75,309.40000000000003,0.51954640405849,1741,275,1.0,2.0,10.0
0.03,False,0.25,93.0,0.31693907875185734,2133,275,1.0,2.0,10.0
0.03,False,0.5,165.99999999999997,0.31693907875185734,2133,275,1.0,2.0,10.0
0.03,False,0.75,289.7,0.31693907875185734,2133,275,1.0,2.0,10.0
0.03,True,0.25,92.6,0.6830609212481427,4597,275,1.0,2.0,10.0
0.03,True,0.5,171.5,0.6830609212481427,4597,275,1.0,2.0,10.0
0.03,True,0.75,298.1,0.6830609212481427,4597,275,1.0,2.0,10.0
0.06,False,0.25,80.67499999999998,0.16683533323695243,1154,275,1.0,2.0,10.0
0.06,False,0.5,149.10000000000002,0.16683533323695243,1154,275,1.0,2.0,10.0
0.06,False,0.75,262.375,0.16683533323695243,1154,275,1.0,2.0,10.0
0.06,True,0.25,86.7,0.8331646667630476,5763,275,1.0,2.0,10.0
0.06,True,0.5,150.9,0.8331646667630476,5763,275,1.0,2.0,10.0
0.06,True,0.75,259.05,0.8331646667630476,5763,275,1.0,2.0,10.0
0.09,False,0.25,75.25,0.09288348586258707,680,275,1.0,2.0,10.0
0.09,False,0.5,120.49999999999999,0.09288348586258707,680,275,1.0,2.0,10.0
0.09,False,0.75,220.65,0.09288348586258707,680,275,1.0,2.0,10.0
0.09,True,0.25,76.39999999999999,0.9071165141374129,6641,275,1.0,2.0,10.0
0.09,True,0.5,131.39999999999998,0.9071165141374129,6641,275,1.0,2.0,10.0
0.09,True,0.75,222.5,0.9071165141374129,6641,275,1.0,2.0,10.0
0.12,False,0.25,65.80000000000001,0.042615213770127704,307,275,1.0,2.0,10.0
0.12,False,0.5,107.89999999999999,0.042615213770127704,307,275,1.0,2.0,10.0
0.12,False,0.75,179.75,0.042615213770127704,307,275,1.0,2.0,10.0
0.12,True,0.25,69.3,0.9573847862298723,6897,275,1.0,2.0,10.0
0.12,True,0.5,113.19999999999999,0.9573847862298723,6897,275,1.0,2.0,10.0
0.12,True,0.75,185.20000000000002,0.9573847862298723,6897,275,1.0,2.0,10.0
0.15,False,0.25,52.6,0.023705124691696354,173,275,1.0,2.0,10.0
0.15,False,0.5,88.4,0.023705124691696354,173,275,1.0,2.0,10.0
0.15,False,0.75,148.10000000000002,0.023705124691696354,173,275,1.0,2.0,10.0
0.15,True,0.25,62.1,0.9762948753083036,7125,275,1.0,2.0,10.0
0.15,True,0.5,97.19999999999999,0.9762948753083036,7125,275,1.0,2.0,10.0
0.15,True,0.75,155.99999999999997,0.9762948753083036,7125,275,1.0,2.0,10.0
0.0,False,0.25,92.975,0.493134328358209,1652,289,1.0,2.0,10.0
0.0,False,0.5,176.5,0.493134328358209,1652,289,1.0,2.0,10.0
0.0,False,0.75,309.475,0.493134328358209,1652,289,1.0,2.0,10.0
0.0,True,0.25,97.30000000000001,0.5068656716417911,1698,289,1.0,2.0,10.0
0.0,True,0.5,167.14999999999998,0.5068656716417911,1698,289,1.0,2.0,10.0
0.0,True,0.75,306.325,0.5068656716417911,1698,289,1.0,2.0,10.0
0.03,False,0.25,86.7,0.3202836460333875,2168,289,1.0,2.0,10.0
0.03,False,0.5,169.99999999999997,0.3202836460333875,2168,289,1.0,2.0,10.0
0.03,False,0.75,300.3,0.3202836460333875,2168,289,1.0,2.0,10.0
0.03,True,0.25,92.19999999999999,0.6797163539666125,4601,289,1.0,2.0,10.0
0.03,True,0.5,165.1,0.6797163539666125,4601,289,1.0,2.0,10.0
0.03,True,0.75,289.00000000000006,0.6797163539666125,4601,289,1.0,2.0,10.0
0.06,False,0.25,84.19999999999999,0.1745459786682041,1211,289,1.0,2.0,10.0
0.06,False,0.5,153.99999999999997,0.1745459786682041,1211,289,1.0,2.0,10.0
0.06,False,0.75,254.95000000000002,0.1745459786682041,1211,289,1.0,2.0,10.0
0.06,True,0.25,88.80000000000001,0.8254540213317959,5727,289,1.0,2.0,10.0
0.06,True,0.5,157.3,0.8254540213317959,5727,289,1.0,2.0,10.0
0.06,True,0.75,268.95000000000005,0.8254540213317959,5727,289,1.0,2.0,10.0
0.09,False,0.25,71.6,0.09084699453551913,665,289,1.0,2.0,10.0
0.09,False,0.5,124.39999999999999,0.09084699453551913,665,289,1.0,2.0,10.0
0.09,False,0.75,212.70000000000002,0.09084699453551913,665,289,1.0,2.0,10.0
0.09,True,0.25,75.15,0.9091530054644809,6655,289,1.0,2.0,10.0
0.09,True,0.5,128.6,0.9091530054644809,6655,289,1.0,2.0,10.0
0.09,True,0.75,221.0,0.9091530054644809,6655,289,1.0,2.0,10.0
0.12,False,0.25,61.05,0.044975013881177126,324,289,1.0,2.0,10.0
0.12,False,0.5,110.25,0.044975013881177126,324,289,1.0,2.0,10.0
0.12,False,0.75,197.87500000000003,0.044975013881177126,324,289,1.0,2.0,10.0
0.12,True,0.25,69.2,0.9550249861188229,6880,289,1.0,2.0,10.0
0.12,True,0.5,114.75,0.9550249861188229,6880,289,1.0,2.0,10.0
0.12,True,0.75,187.62500000000003,0.9550249861188229,6880,289,1.0,2.0,10.0
0.15,False,0.25,55.39999999999999,0.023013698630136987,168,289,1.0,2.0,10.0
0.15,False,0.5,85.75,0.023013698630136987,168,289,1.0,2.0,10.0
0.15,False,0.75,138.4,0.023013698630136987,168,289,1.0,2.0,10.0
0.15,True,0.25,62.300000000000004,0.976986301369863,7132,289,1.0,2.0,10.0
0.15,True,0.5,97.0,0.976986301369863,7132,289,1.0,2.0,10.0
0.15,True,0.75,152.125,0.976986301369863,7132,289,1.0,2.0,10.0
0.0,False,0.25,95.54999999999998,0.5049386411254115,1687,290,1.0,2.0,10.0
0.0,False,0.5,178.8,0.5049386411254115,1687,290,1.0,2.0,10.0
0.0,False,0.75,311.7,0.5049386411254115,1687,290,1.0,2.0,10.0
0.0,True,0.25,96.92500000000001,0.49506135887458846,1654,290,1.0,2.0,10.0
0.0,True,0.5,176.75,0.49506135887458846,1654,290,1.0,2.0,10.0
0.0,True,0.75,309.875,0.49506135887458846,1654,290,1.0,2.0,10.0
0.03,False,0.25,92.2,0.320373942721472,2159,290,1.0,2.0,10.0
0.03,False,0.5,168.3,0.320373942721472,2159,290,1.0,2.0,10.0
0.03,False,0.75,296.0,0.320373942721472,2159,290,1.0,2.0,10.0
0.03,True,0.25,95.4,0.679626057278528,4580,290,1.0,2.0,10.0
0.03,True,0.5,171.95,0.679626057278528,4580,290,1.0,2.0,10.0
0.03,True,0.75,297.75,0.679626057278528,4580,290,1.0,2.0,10.0
0.06,False,0.25,84.99999999999999,0.1784071305347901,1241,290,1.0,2.0,10.0
0.06,False,0.5,149.3,0.1784071305347901,1241,290,1.0,2.0,10.0
0.06,False,0.75,257.1,0.1784071305347901,1241,290,1.0,2.0,10.0
0.06,True,0.25,85.9,0.8215928694652099,5715,290,1.0,2.0,10.0
0.06,True,0.5,149.7,0.8215928694652099,5715,290,1.0,2.0,10.0
0.06,True,0.75,262.20000000000005,0.8215928694652099,5715,290,1.0,2.0,10.0
0.09,False,0.25,72.0,0.09513425105629003,698,290,1.0,2.0,10.0
0.09,False,0.5,124.5,0.09513425105629003,698,290,1.0,2.0,10.0
0.09,False,0.75,208.25,0.09513425105629003,698,290,1.0,2.0,10.0
0.09,True,0.25,77.3,0.90486574894371,6639,290,1.0,2.0,10.0
0.09,True,0.5,133.6,0.90486574894371,6639,290,1.0,2.0,10.0
0.09,True,0.75,224.15000000000003,0.90486574894371,6639,290,1.0,2.0,10.0
0.12,False,0.25,59.800000000000004,0.04845876145515135,349,290,1.0,2.0,10.0
0.12,False,0.5,94.10000000000001,0.04845876145515135,349,290,1.0,2.0,10.0
0.12,False,0.75,159.99999999999997,0.04845876145515135,349,290,1.0,2.0,10.0
0.12,True,0.25,69.6,0.9515412385448486,6853,290,1.0,2.0,10.0
0.12,True,0.5,113.80000000000001,0.9515412385448486,6853,290,1.0,2.0,10.0
0.12,True,0.75,187.9,0.9515412385448486,6853,290,1.0,2.0,10.0
0.15,False,0.25,59.400000000000006,0.02247191011235955,164,290,1.0,2.0,10.0
0.15,False,0.5,84.9,0.02247191011235955,164,290,1.0,2.0,10.0
0.15,False,0.75,134.825,0.02247191011235955,164,290,1.0,2.0,10.0
0.15,True,0.25,62.300000000000004,0.9775280898876404,7134,290,1.0,2.0,10.0
0.15,True,0.5,98.35,0.9775280898876404,7134,290,1.0,2.0,10.0
0.15,True,0.75,157.70000000000002,0.9775280898876404,7134,290,1.0,2.0,10.0
0.0,False,0.25,98.6,0.48795001487652484,1640,302,1.0,2.0,10.0
0.0,False,0.5,176.35000000000002,0.48795001487652484,1640,302,1.0,2.0,10.0
0.0,False,0.75,306.25,0.48795001487652484,1640,302,1.0,2.0,10.0
0.0,True,0.25,94.10000000000001,0.5120499851234751,1721,302,1.0,2.0,10.0
0.0,True,0.5,182.6,0.5120499851234751,1721,302,1.0,2.0,10.0
0.0,True,0.75,310.09999999999997,0.5120499851234751,1721,302,1.0,2.0,10.0
0.03,False,0.25,91.32499999999999,0.32314281494609365,2188,302,1.0,2.0,10.0
0.03,False,0.5,168.35,0.32314281494609365,2188,302,1.0,2.0,10.0
0.03,False,0.75,291.3,0.32314281494609365,2188,302,1.0,2.0,10.0
0.03,True,0.25,93.6,0.6768571850539064,4583,302,1.0,2.0,10.0
0.03,True,0.5,169.0,0.6768571850539064,4583,302,1.0,2.0,10.0
0.03,True,0.75,296.45000000000005,0.6768571850539064,4583,302,1.0,2.0,10.0
0.06,False,0.25,84.44999999999999,0.17622478386167148,1223,302,1.0,2.0,10.0
0.06,False,0.5,153.6,0.17622478386167148,1223,302,1.0,2.0,10.0
0.06,False,0.75,256.95000000000005,0.17622478386167148,1223,302,1.0,2.0,10.0
0.06,True,0.25,88.00000000000001,0.8237752161383285,5717,302,1.0,2.0,10.0
0.06,True,0.5,154.60000000000002,0.8237752161383285,5717,302,1.0,2.0,10.0
0.06,True,0.75,266.0,0.8237752161383285,5717,302,1.0,2.0,10.0
0.09,False,0.25,70.6,0.09085940702281732,665,302,1.0,2.0,10.0
0.09,False,0.5,115.99999999999999,0.09085940702281732,665,302,1.0,2.0,10.0
0.09,False,0.75,196.80000000000004,0.09085940702281732,665,302,1.0,2.0,10.0
0.09,True,0.25,77.3,0.9091405929771826,6654,302,1.0,2.0,10.0
0.09,True,0.5,132.14999999999998,0.9091405929771826,6654,302,1.0,2.0,10.0
0.09,True,0.75,220.45,0.9091405929771826,6654,302,1.0,2.0,10.0
0.12,False,0.25,65.25,0.04888888888888889,352,302,1.0,2.0,10.0
0.12,False,0.5,102.70000000000002,0.04888888888888889,352,302,1.0,2.0,10.0
0.12,False,0.75,180.74999999999997,0.04888888888888889,352,302,1.0,2.0,10.0
0.12,True,0.25,69.10000000000001,0.9511111111111111,6848,302,1.0,2.0,10.0
0.12,True,0.5,112.35,0.9511111111111111,6848,302,1.0,2.0,10.0
0.12,True,0.75,184.85000000000002,0.9511111111111111,6848,302,1.0,2.0,10.0
0.15,False,0.25,56.800000000000004,0.021515691380019186,157,302,1.0,2.0,10.0
0.15,False,0.5,91.60000000000001,0.021515691380019186,157,302,1.0,2.0,10.0
0.15,False,0.75,137.5,0.021515691380019186,157,302,1.0,2.0,10.0
0.15,True,0.25,62.40000000000001,0.9784843086199808,7140,302,1.0,2.0,10.0
0.15,True,0.5,97.8,0.9784843086199808,7140,302,1.0,2.0,10.0
0.15,True,0.75,155.79999999999998,0.9784843086199808,7140,302,1.0,2.0,10.0
0.0,False,0.25,92.4,0.47744248580818643,1598,304,1.0,2.0,10.0
0.0,False,0.5,165.5,0.47744248580818643,1598,304,1.0,2.0,10.0
0.0,False,0.75,291.79999999999995,0.47744248580818643,1598,304,1.0,2.0,10.0
0.0,True,0.25,93.49999999999999,0.5225575141918135,1749,304,1.0,2.0,10.0
0.0,True,0.5,166.09999999999997,0.5225575141918135,1749,304,1.0,2.0,10.0
0.0,True,0.75,304.5,0.5225575141918135,1749,304,1.0,2.0,10.0
0.03,False,0.25,94.75,0.31073279052553665,2099,304,1.0,2.0,10.0
0.03,False,0.5,178.6,0.31073279052553665,2099,304,1.0,2.0,10.0
0.03,False,0.75,295.8,0.31073279052553665,2099,304,1.0,2.0,10.0
0.03,True,0.25,93.0,0.6892672094744634,4656,304,1.0,2.0,10.0
0.03,True,0.5,167.35000000000002,0.6892672094744634,4656,304,1.0,2.0,10.0
0.03,True,0.75,291.59999999999997,0.6892672094744634,4656,304,1.0,2.0,10.0
0.06,False,0.25,82.6,0.16926857473258167,1171,304,1.0,2.0,10.0
0.06,False,0.5,152.39999999999998,0.16926857473258167,1171,304,1.0,2.0,10.0
0.06,False,0.75,265.3,0.16926857473258167,1171,304,1.0,2.0,10.0
0.06,True,0.25,86.59999999999998,0.8307314252674183,5747,304,1.0,2.0,10.0
0.06,True,0.5,154.70000000000002,0.8307314252674183,5747,304,1.0,2.0,10.0
0.06,True,0.75,266.90000000000003,0.8307314252674183,5747,304,1.0,2.0,10.0
0.09,False,0.25,65.9,0.09290586630286495,681,304,1.0,2.0,10.0
0.09,False,0.5,120.3,0.09290586630286495,681,304,1.0,2.0,10.0
0.09,False,0.75,205.90000000000003,0.09290586630286495,681,304,1.0,2.0,10.0
0.09,True,0.25,78.2,0.9070941336971351,6649,304,1.0,2.0,10.0
0.09,True,0.5,132.6,0.9070941336971351,6649,304,1.0,2.0,10.0
0.09,True,0.75,226.10000000000002,0.9070941336971351,6649,304,1.0,2.0,10.0
0.12,False,0.25,65.45,0.04871616932685635,351,304,1.0,2.0,10.0
0.12,False,0.5,105.70000000000002,0.04871616932685635,351,304,1.0,2.0,10.0
0.12,False,0.75,176.05,0.04871616932685635,351,304,1.0,2.0,10.0
0.12,True,0.25,68.72500000000001,0.9512838306731437,6854,304,1.0,2.0,10.0
0.12,True,0.5,115.10000000000001,0.9512838306731437,6854,304,1.0,2.0,10.0
0.12,True,0.75,188.1,0.9512838306731437,6854,304,1.0,2.0,10.0
0.15,False,0.25,51.45,0.023287671232876714,170,304,1.0,2.0,10.0
0.15,False,0.5,82.44999999999999,0.023287671232876714,170,304,1.0,2.0,10.0
0.15,False,0.75,138.87499999999997,0.023287671232876714,170,304,1.0,2.0,10.0
0.15,True,0.25,62.1,0.9767123287671233,7130,304,1.0,2.0,10.0
0.15,True,0.5,98.4,0.9767123287671233,7130,304,1.0,2.0,10.0
0.15,True,0.75,155.275,0.9767123287671233,7130,304,1.0,2.0,10.0
0.0,False,0.25,97.49999999999999,0.47501487209994053,1597,307,1.0,2.0,10.0
0.0,False,0.5,180.9,0.47501487209994053,1597,307,1.0,2.0,10.0
0.0,False,0.75,313.1,0.47501487209994053,1597,307,1.0,2.0,10.0
0.0,True,0.25,98.0,0.5249851279000595,1765,307,1.0,2.0,10.0
0.0,True,0.5,180.19999999999996,0.5249851279000595,1765,307,1.0,2.0,10.0
0.0,True,0.75,314.90000000000003,0.5249851279000595,1765,307,1.0,2.0,10.0
0.03,False,0.25,90.4,0.3135127099747287,2109,307,1.0,2.0,10.0
0.03,False,0.5,164.70000000000002,0.3135127099747287,2109,307,1.0,2.0,10.0
0.03,False,0.75,282.80000000000007,0.3135127099747287,2109,307,1.0,2.0,10.0
0.03,True,0.25,97.425,0.6864872900252713,4618,307,1.0,2.0,10.0
0.03,True,0.5,171.75,0.6864872900252713,4618,307,1.0,2.0,10.0
0.03,True,0.75,300.35,0.6864872900252713,4618,307,1.0,2.0,10.0
0.06,False,0.25,83.20000000000002,0.17880890430760335,1237,307,1.0,2.0,10.0
0.06,False,0.5,150.79999999999998,0.17880890430760335,1237,307,1.0,2.0,10.0
0.06,False,0.75,261.8,0.17880890430760335,1237,307,1.0,2.0,10.0
0.06,True,0.25,87.5,0.8211910956923967,5681,307,1.0,2.0,10.0
0.06,True,0.5,156.50000000000003,0.8211910956923967,5681,307,1.0,2.0,10.0
0.06,True,0.75,268.1,0.8211910956923967,5681,307,1.0,2.0,10.0
0.09,False,0.25,68.39999999999999,0.09285811825754473,680,307,1.0,2.0,10.0
0.09,False,0.5,115.64999999999998,0.09285811825754473,680,307,1.0,2.0,10.0
0.09,False,0.75,219.20000000000002,0.09285811825754473,680,307,1.0,2.0,10.0
0.09,True,0.25,76.49999999999999,0.9071418817424552,6643,307,1.0,2.0,10.0
0.09,True,0.5,132.89999999999998,0.9071418817424552,6643,307,1.0,2.0,10.0
0.09,True,0.75,222.15000000000003,0.9071418817424552,6643,307,1.0,2.0,10.0
0.12,False,0.25,67.375,0.04693140794223827,338,307,1.0,2.0,10.0
0.12,False,0.5,111.29999999999998,0.04693140794223827,338,307,1.0,2.0,10.0
0.12,False,0.75,170.525,0.04693140794223827,338,307,1.0,2.0,10.0
0.12,True,0.25,69.99999999999999,0.9530685920577617,6864,307,1.0,2.0,10.0
0.12,True,0.5,113.00000000000001,0.9530685920577617,6864,307,1.0,2.0,10.0
0.12,True,0.75,183.625,0.9530685920577617,6864,307,1.0,2.0,10.0
0.15,False,0.25,52.65,0.02507192766132347,183,307,1.0,2.0,10.0
0.15,False,0.5,82.0,0.02507192766132347,183,307,1.0,2.0,10.0
0.15,False,0.75,146.85,0.02507192766132347,183,307,1.0,2.0,10.0
0.15,True,0.25,62.1,0.9749280723386765,7116,307,1.0,2.0,10.0
0.15,True,0.5,96.4,0.9749280723386765,7116,307,1.0,2.0,10.0
0.15,True,0.75,154.29999999999998,0.9749280723386765,7116,307,1.0,2.0,10.0
0.0,False,0.25,96.29999999999998,0.501039501039501,1687,308,1.0,2.0,10.0
0.0,False,0.5,182.19999999999996,0.501039501039501,1687,308,1.0,2.0,10.0
0.0,False,0.75,304.55,0.501039501039501,1687,308,1.0,2.0,10.0
0.0,True,0.25,100.17500000000001,0.498960498960499,1680,308,1.0,2.0,10.0
0.0,True,0.5,186.05,0.498960498960499,1680,308,1.0,2.0,10.0
0.0,True,0.75,316.275,0.498960498960499,1680,308,1.0,2.0,10.0
0.03,False,0.25,91.325,0.31281444214264575,2114,308,1.0,2.0,10.0
0.03,False,0.5,166.14999999999998,0.31281444214264575,2114,308,1.0,2.0,10.0
0.03,False,0.75,290.225,0.31281444214264575,2114,308,1.0,2.0,10.0
0.03,True,0.25,95.675,0.6871855578573542,4644,308,1.0,2.0,10.0
0.03,True,0.5,174.45,0.6871855578573542,4644,308,1.0,2.0,10.0
0.03,True,0.75,303.65,0.6871855578573542,4644,308,1.0,2.0,10.0
0.06,False,0.25,80.975,0.17633410672853828,1216,308,1.0,2.0,10.0
0.06,False,0.5,146.14999999999998,0.17633410672853828,1216,308,1.0,2.0,10.0
0.06,False,0.75,253.075,0.17633410672853828,1216,308,1.0,2.0,10.0
0.06,True,0.25,86.7,0.8236658932714617,5680,308,1.0,2.0,10.0
0.06,True,0.5,154.45,0.8236658932714617,5680,308,1.0,2.0,10.0
0.06,True,0.75,268.55,0.8236658932714617,5680,308,1.0,2.0,10.0
0.09,False,0.25,68.35,0.09088427947598253,666,308,1.0,2.0,10.0
0.09,False,0.5,122.55,0.09088427947598253,666,308,1.0,2.0,10.0
0.09,False,0.75,207.82500000000002,0.09088427947598253,666,308,1.0,2.0,10.0
0.09,True,0.25,77.725,0.9091157205240175,6662,308,1.0,2.0,10.0
0.09,True,0.5,133.75,0.9091157205240175,6662,308,1.0,2.0,10.0
0.09,True,0.75,225.3,0.9091157205240175,6662,308,1.0,2.0,10.0
0.12,False,0.25,67.94999999999999,0.041684035014589414,300,308,1.0,2.0,10.0
0.12,False,0.5,103.6,0.041684035014589414,300,308,1.0,2.0,10.0
0.12,False,0.75,163.27499999999998,0.041684035014589414,300,308,1.0,2.0,10.0
0.12,True,0.25,68.70000000000002,0.9583159649854106,6897,308,1.0,2.0,10.0
0.12,True,0.5,110.60000000000001,0.9583159649854106,6897,308,1.0,2.0,10.0
0.12,True,0.75,180.70000000000002,0.9583159649854106,6897,308,1.0,2.0,10.0
0.15,False,0.25,52.824999999999996,0.02164680093163447,158,308,1.0,2.0,10.0
0.15,False,0.5,88.25,0.02164680093163447,158,308,1.0,2.0,10.0
0.15,False,0.75,136.25000000000003,0.02164680093163447,158,308,1.0,2.0,10.0
0.15,True,0.25,62.20000000000001,0.9783531990683655,7141,308,1.0,2.0,10.0
0.15,True,0.5,96.5,0.9783531990683655,7141,308,1.0,2.0,10.0
0.15,True,0.75,152.10000000000002,0.9783531990683655,7141,308,1.0,2.0,10.0
0.0,False,0.25,95.8,0.48945022288261514,1647,312,1.0,2.0,10.0
0.0,False,0.5,176.9,0.48945022288261514,1647,312,1.0,2.0,10.0
0.0,False,0.75,305.55,0.48945022288261514,1647,312,1.0,2.0,10.0
0.0,True,0.25,89.525,0.5105497771173848,1718,312,1.0,2.0,10.0
0.0,True,0.5,162.40000000000003,0.5105497771173848,1718,312,1.0,2.0,10.0
0.0,True,0.75,297.675,0.5105497771173848,1718,312,1.0,2.0,10.0
0.03,False,0.25,91.025,0.30571555161719094,2070,312,1.0,2.0,10.0
0.03,False,0.5,176.9,0.30571555161719094,2070,312,1.0,2.0,10.0
0.03,False,0.75,307.17500000000007,0.30571555161719094,2070,312,1.0,2.0,10.0
0.03,True,0.25,92.7,0.694284448382809,4701,312,1.0,2.0,10.0
0.03,True,0.5,172.4,0.694284448382809,4701,312,1.0,2.0,10.0
0.03,True,0.75,303.9,0.694284448382809,4701,312,1.0,2.0,10.0
0.06,False,0.25,78.975,0.176878612716763,1224,312,1.0,2.0,10.0
0.06,False,0.5,145.2,0.176878612716763,1224,312,1.0,2.0,10.0
0.06,False,0.75,255.85000000000002,0.176878612716763,1224,312,1.0,2.0,10.0
0.06,True,0.25,88.075,0.823121387283237,5696,312,1.0,2.0,10.0
0.06,True,0.5,156.29999999999998,0.823121387283237,5696,312,1.0,2.0,10.0
0.06,True,0.75,267.925,0.823121387283237,5696,312,1.0,2.0,10.0
0.09,False,0.25,70.32499999999999,0.08793009284543965,644,312,1.0,2.0,10.0
0.09,False,0.5,125.85,0.08793009284543965,644,312,1.0,2.0,10.0
0.09,False,0.75,221.12500000000003,0.08793009284543965,644,312,1.0,2.0,10.0
0.09,True,0.25,78.70000000000002,0.9120699071545604,6680,312,1.0,2.0,10.0
0.09,True,0.5,131.7,0.9120699071545604,6680,312,1.0,2.0,10.0
0.09,True,0.75,219.72500000000002,0.9120699071545604,6680,312,1.0,2.0,10.0
0.12,False,0.25,58.10000000000001,0.04539144919489173,327,312,1.0,2.0,10.0
0.12,False,0.5,93.8,0.04539144919489173,327,312,1.0,2.0,10.0
0.12,False,0.75,171.65,0.04539144919489173,327,312,1.0,2.0,10.0
0.12,True,0.25,69.2,0.9546085508051083,6877,312,1.0,2.0,10.0
0.12,True,0.5,113.40000000000002,0.9546085508051083,6877,312,1.0,2.0,10.0
0.12,True,0.75,185.79999999999998,0.9546085508051083,6877,312,1.0,2.0,10.0
0.15,False,0.25,58.5,0.01890929021649767,138,312,1.0,2.0,10.0
0.15,False,0.5,96.69999999999999,0.01890929021649767,138,312,1.0,2.0,10.0
0.15,False,0.75,138.07500000000002,0.01890929021649767,138,312,1.0,2.0,10.0
0.15,True,0.25,61.9,0.9810907097835023,7160,312,1.0,2.0,10.0
0.15,True,0.5,96.64999999999998,0.9810907097835023,7160,312,1.0,2.0,10.0
0.15,True,0.75,153.525,0.9810907097835023,7160,312,1.0,2.0,10.0
0.0,False,0.25,99.44999999999999,0.5069110576923077,1687,316,1.0,2.0,10.0
0.0,False,0.5,178.9,0.5069110576923077,1687,316,1.0,2.0,10.0
0.0,False,0.75,312.15,0.5069110576923077,1687,316,1.0,2.0,10.0
0.0,True,0.25,97.49999999999999,0.4930889423076923,1641,316,1.0,2.0,10.0
0.0,True,0.5,177.0,0.4930889423076923,1641,316,1.0,2.0,10.0
0.0,True,0.75,312.40000000000003,0.4930889423076923,1641,316,1.0,2.0,10.0
0.03,False,0.25,94.10000000000001,0.3141540291406482,2113,316,1.0,2.0,10.0
0.03,False,0.5,169.99999999999997,0.3141540291406482,2113,316,1.0,2.0,10.0
0.03,False,0.75,287.8,0.3141540291406482,2113,316,1.0,2.0,10.0
0.03,True,0.25,92.4,0.6858459708593517,4613,316,1.0,2.0,10.0
0.03,True,0.5,173.40000000000003,0.6858459708593517,4613,316,1.0,2.0,10.0
0.03,True,0.75,299.8,0.6858459708593517,4613,316,1.0,2.0,10.0
0.06,False,0.25,83.79999999999998,0.1741200230813618,1207,316,1.0,2.0,10.0
0.06,False,0.5,148.40000000000003,0.1741200230813618,1207,316,1.0,2.0,10.0
0.06,False,0.75,271.4,0.1741200230813618,1207,316,1.0,2.0,10.0
0.06,True,0.25,88.5,0.8258799769186382,5725,316,1.0,2.0,10.0
0.06,True,0.5,155.1,0.8258799769186382,5725,316,1.0,2.0,10.0
0.06,True,0.75,265.7,0.8258799769186382,5725,316,1.0,2.0,10.0
0.09,False,0.25,73.4,0.08722996992070002,638,316,1.0,2.0,10.0
0.09,False,0.5,130.05,0.08722996992070002,638,316,1.0,2.0,10.0
0.09,False,0.75,223.15000000000003,0.08722996992070002,638,316,1.0,2.0,10.0
0.09,True,0.25,77.80000000000001,0.9127700300793,6676,316,1.0,2.0,10.0
0.09,True,0.5,131.3,0.9127700300793,6676,316,1.0,2.0,10.0
0.09,True,0.75,219.72500000000002,0.9127700300793,6676,316,1.0,2.0,10.0
0.12,False,0.25,66.70000000000002,0.043713572023313906,315,316,1.0,2.0,10.0
0.12,False,0.5,108.69999999999999,0.043713572023313906,315,316,1.0,2.0,10.0
0.12,False,0.75,172.20000000000002,0.043713572023313906,315,316,1.0,2.0,10.0
0.12,True,0.25,68.39999999999999,0.9562864279766861,6891,316,1.0,2.0,10.0
0.12,True,0.5,113.19999999999999,0.9562864279766861,6891,316,1.0,2.0,10.0
0.12,True,0.75,187.0,0.9562864279766861,6891,316,1.0,2.0,10.0
0.15,False,0.25,54.525,0.02109878065488423,154,316,1.0,2.0,10.0
0.15,False,0.5,92.55,0.02109878065488423,154,316,1.0,2.0,10.0
0.15,False,0.75,130.675,0.02109878065488423,154,316,1.0,2.0,10.0
0.15,True,0.25,62.40000000000001,0.9789012193451158,7145,316,1.0,2.0,10.0
0.15,True,0.5,98.0,0.9789012193451158,7145,316,1.0,2.0,10.0
0.15,True,0.75,153.2,0.9789012193451158,7145,316,1.0,2.0,10.0
0.0,False,0.25,92.55,0.4959641255605381,1659,330,1.0,2.0,10.0
0.0,False,0.5,174.0,0.4959641255605381,1659,330,1.0,2.0,10.0
0.0,False,0.75,306.5,0.4959641255605381,1659,330,1.0,2.0,10.0
0.0,True,0.25,92.97500000000001,0.5040358744394619,1686,330,1.0,2.0,10.0
0.0,True,0.5,167.89999999999998,0.5040358744394619,1686,330,1.0,2.0,10.0
0.0,True,0.75,298.6,0.5040358744394619,1686,330,1.0,2.0,10.0
0.03,False,0.25,96.375,0.3038199585430856,2052,330,1.0,2.0,10.0
0.03,False,0.5,170.85000000000002,0.3038199585430856,2052,330,1.0,2.0,10.0
0.03,False,0.75,292.92500000000007,0.3038199585430856,2052,330,1.0,2.0,10.0
0.03,True,0.25,94.9,0.6961800414569144,4702,330,1.0,2.0,10.0
0.03,True,0.5,169.7,0.6961800414569144,4702,330,1.0,2.0,10.0
0.03,True,0.75,291.1,0.6961800414569144,4702,330,1.0,2.0,10.0
0.06,False,0.25,79.85,0.16367842683632158,1132,330,1.0,2.0,10.0
0.06,False,0.5,149.35000000000002,0.16367842683632158,1132,330,1.0,2.0,10.0
0.06,False,0.75,258.225,0.16367842683632158,1132,330,1.0,2.0,10.0
0.06,True,0.25,88.19999999999999,0.8363215731636784,5784,330,1.0,2.0,10.0
0.06,True,0.5,153.65,0.8363215731636784,5784,330,1.0,2.0,10.0
0.06,True,0.75,267.22499999999997,0.8363215731636784,5784,330,1.0,2.0,10.0
0.09,False,0.25,74.75,0.095517901065865,699,330,1.0,2.0,10.0
0.09,False,0.5,128.1,0.095517901065865,699,330,1.0,2.0,10.0
0.09,False,0.75,228.55,0.095517901065865,699,330,1.0,2.0,10.0
0.09,True,0.25,78.70000000000002,0.904482098934135,6619,330,1.0,2.0,10.0
0.09,True,0.5,134.0,0.904482098934135,6619,330,1.0,2.0,10.0
0.09,True,0.75,229.20000000000002,0.904482098934135,6619,330,1.0,2.0,10.0
0.12,False,0.25,58.550000000000004,0.0420599666851749,303,330,1.0,2.0,10.0
0.12,False,0.5,99.6,0.0420599666851749,303,330,1.0,2.0,10.0
0.12,False,0.75,163.79999999999998,0.0420599666851749,303,330,1.0,2.0,10.0
0.12,True,0.25,70.39999999999999,0.9579400333148251,6901,330,1.0,2.0,10.0
0.12,True,0.5,113.9,0.9579400333148251,6901,330,1.0,2.0,10.0
0.12,True,0.75,189.0,0.9579400333148251,6901,330,1.0,2.0,10.0
0.15,False,0.25,55.2,0.022054794520547944,161,330,1.0,2.0,10.0
0.15,False,0.5,88.1,0.022054794520547944,161,330,1.0,2.0,10.0
0.15,False,0.75,135.6,0.022054794520547944,161,330,1.0,2.0,10.0
0.15,True,0.25,62.80000000000001,0.9779452054794521,7139,330,1.0,2.0,10.0
0.15,True,0.5,96.5,0.9779452054794521,7139,330,1.0,2.0,10.0
0.15,True,0.75,151.14999999999998,0.9779452054794521,7139,330,1.0,2.0,10.0
0.0,False,0.25,90.32500000000002,0.5046062407132244,1698,335,1.0,2.0,10.0
0.0,False,0.5,172.65,0.5046062407132244,1698,335,1.0,2.0,10.0
0.0,False,0.75,307.95,0.5046062407132244,1698,335,1.0,2.0,10.0
0.0,True,0.25,98.25,0.49539375928677565,1667,335,1.0,2.0,10.0
0.0,True,0.5,180.1,0.49539375928677565,1667,335,1.0,2.0,10.0
0.0,True,0.75,313.15000000000003,0.49539375928677565,1667,335,1.0,2.0,10.0
0.03,False,0.25,93.57499999999999,0.30860183269287617,2088,335,1.0,2.0,10.0
0.03,False,0.5,167.14999999999998,0.30860183269287617,2088,335,1.0,2.0,10.0
0.03,False,0.75,307.32500000000005,0.30860183269287617,2088,335,1.0,2.0,10.0
0.03,True,0.25,93.0,0.6913981673071239,4678,335,1.0,2.0,10.0
0.03,True,0.5,170.85000000000002,0.6913981673071239,4678,335,1.0,2.0,10.0
0.03,True,0.75,291.59999999999997,0.6913981673071239,4678,335,1.0,2.0,10.0
0.06,False,0.25,81.32499999999999,0.17829232995658467,1232,335,1.0,2.0,10.0
0.06,False,0.5,147.0,0.17829232995658467,1232,335,1.0,2.0,10.0
0.06,False,0.75,257.55,0.17829232995658467,1232,335,1.0,2.0,10.0
0.06,True,0.25,84.72500000000001,0.8217076700434154,5678,335,1.0,2.0,10.0
0.06,True,0.5,153.95,0.8217076700434154,5678,335,1.0,2.0,10.0
0.06,True,0.75,267.275,0.8217076700434154,5678,335,1.0,2.0,10.0
0.09,False,0.25,70.8,0.09232237828992226,677,335,1.0,2.0,10.0
0.09,False,0.5,120.39999999999999,0.09232237828992226,677,335,1.0,2.0,10.0
0.09,False,0.75,206.50000000000006,0.09232237828992226,677,335,1.0,2.0,10.0
0.09,True,0.25,78.49999999999999,0.9076776217100777,6656,335,1.0,2.0,10.0
0.09,True,0.5,132.30000000000004,0.9076776217100777,6656,335,1.0,2.0,10.0
0.09,True,0.75,222.5,0.9076776217100777,6656,335,1.0,2.0,10.0
0.12,False,0.25,66.125,0.042181212709865405,304,335,1.0,2.0,10.0
0.12,False,0.5,102.15,0.042181212709865405,304,335,1.0,2.0,10.0
0.12,False,0.75,167.02500000000003,0.042181212709865405,304,335,1.0,2.0,10.0
0.12,True,0.25,69.3,0.9578187872901346,6903,335,1.0,2.0,10.0
0.12,True,0.5,112.10000000000002,0.9578187872901346,6903,335,1.0,2.0,10.0
0.12,True,0.75,185.05,0.9578187872901346,6903,335,1.0,2.0,10.0
0.15,False,0.25,57.7,0.02164680093163447,158,335,1.0,2.0,10.0
0.15,False,0.5,89.5,0.02164680093163447,158,335,1.0,2.0,10.0
0.15,False,0.75,144.525,0.02164680093163447,158,335,1.0,2.0,10.0
0.15,True,0.25,62.40000000000001,0.9783531990683655,7141,335,1.0,2.0,10.0
0.15,True,0.5,97.8,0.9783531990683655,7141,335,1.0,2.0,10.0
0.15,True,0.75,156.60000000000002,0.9783531990683655,7141,335,1.0,2.0,10.0
0.0,False,0.25,93.6,0.4875,1638,345,1.0,2.0,10.0
0.0,False,0.5,168.20000000000002,0.4875,1638,345,1.0,2.0,10.0
0.0,False,0.75,318.77500000000003,0.4875,1638,345,1.0,2.0,10.0
0.0,True,0.25,99.64999999999999,0.5125,1722,345,1.0,2.0,10.0
0.0,True,0.5,178.45,0.5125,1722,345,1.0,2.0,10.0
0.0,True,0.75,309.87500000000006,0.5125,1722,345,1.0,2.0,10.0
0.03,False,0.25,89.20000000000002,0.3155476508077664,2129,345,1.0,2.0,10.0
0.03,False,0.5,168.4,0.3155476508077664,2129,345,1.0,2.0,10.0
0.03,False,0.75,298.1,0.3155476508077664,2129,345,1.0,2.0,10.0
0.03,True,0.25,95.52499999999999,0.6844523491922336,4618,345,1.0,2.0,10.0
0.03,True,0.5,174.2,0.6844523491922336,4618,345,1.0,2.0,10.0
0.03,True,0.75,303.4,0.6844523491922336,4618,345,1.0,2.0,10.0
0.06,False,0.25,81.60000000000001,0.17717328727691423,1231,345,1.0,2.0,10.0
0.06,False,0.5,151.0,0.17717328727691423,1231,345,1.0,2.0,10.0
0.06,False,0.75,259.5,0.17717328727691423,1231,345,1.0,2.0,10.0
0.06,True,0.25,86.0,0.8228267127230858,5717,345,1.0,2.0,10.0
0.06,True,0.5,153.5,0.8228267127230858,5717,345,1.0,2.0,10.0
0.06,True,0.75,266.8,0.8228267127230858,5717,345,1.0,2.0,10.0
0.09,False,0.25,67.125,0.08887065901011758,650,345,1.0,2.0,10.0
0.09,False,0.5,120.69999999999999,0.08887065901011758,650,345,1.0,2.0,10.0
0.09,False,0.75,204.175,0.08887065901011758,650,345,1.0,2.0,10.0
0.09,True,0.25,78.2,0.9111293409898824,6664,345,1.0,2.0,10.0
0.09,True,0.5,134.0,0.9111293409898824,6664,345,1.0,2.0,10.0
0.09,True,0.75,225.42499999999998,0.9111293409898824,6664,345,1.0,2.0,10.0
0.12,False,0.25,58.4,0.04582060538739239,330,345,1.0,2.0,10.0
0.12,False,0.5,93.20000000000002,0.04582060538739239,330,345,1.0,2.0,10.0
0.12,False,0.75,148.775,0.04582060538739239,330,345,1.0,2.0,10.0
0.12,True,0.25,67.99999999999999,0.9541793946126076,6872,345,1.0,2.0,10.0
0.12,True,0.5,109.80000000000001,0.9541793946126076,6872,345,1.0,2.0,10.0
0.12,True,0.75,180.125,0.9541793946126076,6872,345,1.0,2.0,10.0
0.15,False,0.25,61.5,0.025345937799698588,185,345,1.0,2.0,10.0
0.15,False,0.5,89.30000000000001,0.025345937799698588,185,345,1.0,2.0,10.0
0.15,False,0.75,141.79999999999998,0.025345937799698588,185,345,1.0,2.0,10.0
0.15,True,0.25,61.9,0.9746540622003014,7114,345,1.0,2.0,10.0
0.15,True,0.5,96.29999999999998,0.9746540622003014,7114,345,1.0,2.0,10.0
0.15,True,0.75,151.475,0.9746540622003014,7114,345,1.0,2.0,10.0
0.0,False,0.25,93.6,0.5047704233750745,1693,356,1.0,2.0,10.0
0.0,False,0.5,173.00000000000003,0.5047704233750745,1693,356,1.0,2.0,10.0
0.0,False,0.75,321.5,0.5047704233750745,1693,356,1.0,2.0,10.0
0.0,True,0.25,96.19999999999999,0.49522957662492545,1661,356,1.0,2.0,10.0
0.0,True,0.5,175.9,0.49522957662492545,1661,356,1.0,2.0,10.0
0.0,True,0.75,298.70000000000005,0.49522957662492545,1661,356,1.0,2.0,10.0
0.03,False,0.25,90.5,0.31190898345153667,2111,356,1.0,2.0,10.0
0.03,False,0.5,168.8,0.31190898345153667,2111,356,1.0,2.0,10.0
0.03,False,0.75,295.6,0.31190898345153667,2111,356,1.0,2.0,10.0
0.03,True,0.25,92.4,0.6880910165484634,4657,356,1.0,2.0,10.0
0.03,True,0.5,171.8,0.6880910165484634,4657,356,1.0,2.0,10.0
0.03,True,0.75,301.1,0.6880910165484634,4657,356,1.0,2.0,10.0
0.06,False,0.25,83.35,0.1745917040034687,1208,356,1.0,2.0,10.0
0.06,False,0.5,147.7,0.1745917040034687,1208,356,1.0,2.0,10.0
0.06,False,0.75,259.05,0.1745917040034687,1208,356,1.0,2.0,10.0
0.06,True,0.25,87.1,0.8254082959965313,5711,356,1.0,2.0,10.0
0.06,True,0.5,153.79999999999998,0.8254082959965313,5711,356,1.0,2.0,10.0
0.06,True,0.75,269.7,0.8254082959965313,5711,356,1.0,2.0,10.0
0.09,False,0.25,63.5,0.08687943262411348,637,356,1.0,2.0,10.0
0.09,False,0.5,110.3,0.08687943262411348,637,356,1.0,2.0,10.0
0.09,False,0.75,217.79999999999998,0.08687943262411348,637,356,1.0,2.0,10.0
0.09,True,0.25,77.05000000000001,0.9131205673758865,6695,356,1.0,2.0,10.0
0.09,True,0.5,133.7,0.9131205673758865,6695,356,1.0,2.0,10.0
0.09,True,0.75,225.0,0.9131205673758865,6695,356,1.0,2.0,10.0
0.12,False,0.25,66.55000000000001,0.040527411519777935,292,356,1.0,2.0,10.0
0.12,False,0.5,105.95,0.040527411519777935,292,356,1.0,2.0,10.0
0.12,False,0.75,172.925,0.040527411519777935,292,356,1.0,2.0,10.0
0.12,True,0.25,68.8,0.9594725884802221,6913,356,1.0,2.0,10.0
0.12,True,0.5,112.69999999999999,0.9594725884802221,6913,356,1.0,2.0,10.0
0.12,True,0.75,182.5,0.9594725884802221,6913,356,1.0,2.0,10.0
0.15,False,0.25,50.6,0.02096177558569667,153,356,1.0,2.0,10.0
0.15,False,0.5,85.39999999999999,0.02096177558569667,153,356,1.0,2.0,10.0
0.15,False,0.75,125.3,0.02096177558569667,153,356,1.0,2.0,10.0
0.15,True,0.25,61.3,0.9790382244143033,7146,356,1.0,2.0,10.0
0.15,True,0.5,97.0,0.9790382244143033,7146,356,1.0,2.0,10.0
0.15,True,0.75,152.27499999999998,0.9790382244143033,7146,356,1.0,2.0,10.0
0.0,False,0.25,96.35,0.4982068141063957,1667,358,1.0,2.0,10.0
0.0,False,0.5,180.4,0.4982068141063957,1667,358,1.0,2.0,10.0
0.0,False,0.75,312.55000000000007,0.4982068141063957,1667,358,1.0,2.0,10.0
0.0,True,0.25,100.65,0.5017931858936043,1679,358,1.0,2.0,10.0
0.0,True,0.5,178.19999999999996,0.5017931858936043,1679,358,1.0,2.0,10.0
0.0,True,0.75,309.6,0.5017931858936043,1679,358,1.0,2.0,10.0
0.03,False,0.25,86.775,0.3172250222353988,2140,358,1.0,2.0,10.0
0.03,False,0.5,168.49999999999997,0.3172250222353988,2140,358,1.0,2.0,10.0
0.03,False,0.75,289.75,0.3172250222353988,2140,358,1.0,2.0,10.0
0.03,True,0.25,93.8,0.6827749777646013,4606,358,1.0,2.0,10.0
0.03,True,0.5,173.1,0.6827749777646013,4606,358,1.0,2.0,10.0
0.03,True,0.75,302.20000000000005,0.6827749777646013,4606,358,1.0,2.0,10.0
0.06,False,0.25,83.05000000000001,0.17248845265588914,1195,358,1.0,2.0,10.0
0.06,False,0.5,148.40000000000003,0.17248845265588914,1195,358,1.0,2.0,10.0
0.06,False,0.75,264.7,0.17248845265588914,1195,358,1.0,2.0,10.0
0.06,True,0.25,86.1,0.8275115473441108,5733,358,1.0,2.0,10.0
0.06,True,0.5,155.0,0.8275115473441108,5733,358,1.0,2.0,10.0
0.06,True,0.75,265.29999999999995,0.8275115473441108,5733,358,1.0,2.0,10.0
0.09,False,0.25,74.55,0.08736008736008737,640,358,1.0,2.0,10.0
0.09,False,0.5,128.55,0.08736008736008737,640,358,1.0,2.0,10.0
0.09,False,0.75,222.02499999999998,0.08736008736008737,640,358,1.0,2.0,10.0
0.09,True,0.25,78.30000000000001,0.9126399126399126,6686,358,1.0,2.0,10.0
0.09,True,0.5,134.1,0.9126399126399126,6686,358,1.0,2.0,10.0
0.09,True,0.75,225.775,0.9126399126399126,6686,358,1.0,2.0,10.0
0.12,False,0.25,63.000000000000014,0.04008877791649327,289,358,1.0,2.0,10.0
0.12,False,0.5,109.5,0.04008877791649327,289,358,1.0,2.0,10.0
0.12,False,0.75,189.29999999999998,0.04008877791649327,289,358,1.0,2.0,10.0
0.12,True,0.25,69.9,0.9599112220835068,6920,358,1.0,2.0,10.0
0.12,True,0.5,114.7,0.9599112220835068,6920,358,1.0,2.0,10.0
0.12,True,0.75,188.77500000000003,0.9599112220835068,6920,358,1.0,2.0,10.0
0.15,False,0.25,53.10000000000001,0.021238695533022746,155,358,1.0,2.0,10.0
0.15,False,0.5,82.99999999999999,0.021238695533022746,155,358,1.0,2.0,10.0
0.15,False,0.75,131.5,0.021238695533022746,155,358,1.0,2.0,10.0
0.15,True,0.25,61.60000000000001,0.9787613044669773,7143,358,1.0,2.0,10.0
0.15,True,0.5,97.30000000000001,0.9787613044669773,7143,358,1.0,2.0,10.0
0.15,True,0.75,153.95,0.9787613044669773,7143,358,1.0,2.0,10.0
0.0,False,0.25,97.32499999999999,0.4922434367541766,1650,362,1.0,2.0,10.0
0.0,False,0.5,178.14999999999998,0.4922434367541766,1650,362,1.0,2.0,10.0
0.0,False,0.75,299.3,0.4922434367541766,1650,362,1.0,2.0,10.0
0.0,True,0.25,91.975,0.5077565632458234,1702,362,1.0,2.0,10.0
0.0,True,0.5,182.65,0.5077565632458234,1702,362,1.0,2.0,10.0
0.0,True,0.75,313.55,0.5077565632458234,1702,362,1.0,2.0,10.0
0.03,False,0.25,93.94999999999999,0.3095484826054774,2091,362,1.0,2.0,10.0
0.03,False,0.5,169.1,0.3095484826054774,2091,362,1.0,2.0,10.0
0.03,False,0.75,308.35,0.3095484826054774,2091,362,1.0,2.0,10.0
0.03,True,0.25,95.4,0.6904515173945226,4664,362,1.0,2.0,10.0
0.03,True,0.5,172.55,0.6904515173945226,4664,362,1.0,2.0,10.0
0.03,True,0.75,302.20000000000005,0.6904515173945226,4664,362,1.0,2.0,10.0
0.06,False,0.25,82.9,0.17429602888086643,1207,362,1.0,2.0,10.0
0.06,False,0.5,146.9,0.17429602888086643,1207,362,1.0,2.0,10.0
0.06,False,0.75,261.5,0.17429602888086643,1207,362,1.0,2.0,10.0
0.06,True,0.25,86.72500000000001,0.8257039711191336,5718,362,1.0,2.0,10.0
0.06,True,0.5,151.19999999999996,0.8257039711191336,5718,362,1.0,2.0,10.0
0.06,True,0.75,268.05,0.8257039711191336,5718,362,1.0,2.0,10.0
0.09,False,0.25,69.775,0.08840381991814461,648,362,1.0,2.0,10.0
0.09,False,0.5,118.85,0.08840381991814461,648,362,1.0,2.0,10.0
0.09,False,0.75,210.55,0.08840381991814461,648,362,1.0,2.0,10.0
0.09,True,0.25,79.3,0.9115961800818554,6682,362,1.0,2.0,10.0
0.09,True,0.5,134.55,0.9115961800818554,6682,362,1.0,2.0,10.0
0.09,True,0.75,226.10000000000002,0.9115961800818554,6682,362,1.0,2.0,10.0
0.12,False,0.25,62.55000000000001,0.04482375797946156,323,362,1.0,2.0,10.0
0.12,False,0.5,100.69999999999999,0.04482375797946156,323,362,1.0,2.0,10.0
0.12,False,0.75,170.7,0.04482375797946156,323,362,1.0,2.0,10.0
0.12,True,0.25,69.85,0.9551762420205384,6883,362,1.0,2.0,10.0
0.12,True,0.5,113.9,0.9551762420205384,6883,362,1.0,2.0,10.0
0.12,True,0.75,188.05,0.9551762420205384,6883,362,1.0,2.0,10.0
0.15,False,0.25,60.000000000000014,0.02205781613919715,161,362,1.0,2.0,10.0
0.15,False,0.5,89.60000000000001,0.02205781613919715,161,362,1.0,2.0,10.0
0.15,False,0.75,137.20000000000002,0.02205781613919715,161,362,1.0,2.0,10.0
0.15,True,0.25,62.80000000000001,0.9779421838608029,7138,362,1.0,2.0,10.0
0.15,True,0.5,98.6,0.9779421838608029,7138,362,1.0,2.0,10.0
0.15,True,0.75,154.79999999999998,0.9779421838608029,7138,362,1.0,2.0,10.0
0.0,False,0.25,93.15,0.494058229352347,1663,367,1.0,2.0,10.0
0.0,False,0.5,178.5,0.494058229352347,1663,367,1.0,2.0,10.0
0.0,False,0.75,309.79999999999995,0.494058229352347,1663,367,1.0,2.0,10.0
0.0,True,0.25,92.65,0.505941770647653,1703,367,1.0,2.0,10.0
0.0,True,0.5,169.99999999999997,0.505941770647653,1703,367,1.0,2.0,10.0
0.0,True,0.75,307.25,0.505941770647653,1703,367,1.0,2.0,10.0
0.03,False,0.25,88.1,0.3261351871024996,2205,367,1.0,2.0,10.0
0.03,False,0.5,173.9,0.3261351871024996,2205,367,1.0,2.0,10.0
0.03,False,0.75,301.5,0.3261351871024996,2205,367,1.0,2.0,10.0
0.03,True,0.25,92.1,0.6738648128975003,4556,367,1.0,2.0,10.0
0.03,True,0.5,169.0,0.6738648128975003,4556,367,1.0,2.0,10.0
0.03,True,0.75,290.025,0.6738648128975003,4556,367,1.0,2.0,10.0
0.06,False,0.25,84.39999999999999,0.17369405669880558,1207,367,1.0,2.0,10.0
0.06,False,0.5,155.70000000000002,0.17369405669880558,1207,367,1.0,2.0,10.0
0.06,False,0.75,275.90000000000003,0.17369405669880558,1207,367,1.0,2.0,10.0
0.06,True,0.25,86.025,0.8263059433011944,5742,367,1.0,2.0,10.0
0.06,True,0.5,155.4,0.8263059433011944,5742,367,1.0,2.0,10.0
0.06,True,0.75,266.77500000000003,0.8263059433011944,5742,367,1.0,2.0,10.0
0.09,False,0.25,72.04999999999998,0.09282296650717703,679,367,1.0,2.0,10.0
0.09,False,0.5,124.8,0.09282296650717703,679,367,1.0,2.0,10.0
0.09,False,0.75,208.00000000000003,0.09282296650717703,679,367,1.0,2.0,10.0
0.09,True,0.25,77.39999999999999,0.907177033492823,6636,367,1.0,2.0,10.0
0.09,True,0.5,133.6,0.907177033492823,6636,367,1.0,2.0,10.0
0.09,True,0.75,223.075,0.907177033492823,6636,367,1.0,2.0,10.0
0.12,False,0.25,60.1,0.04398501456916886,317,367,1.0,2.0,10.0
0.12,False,0.5,106.39999999999998,0.04398501456916886,317,367,1.0,2.0,10.0
0.12,False,0.75,166.70000000000002,0.04398501456916886,317,367,1.0,2.0,10.0
0.12,True,0.25,68.32499999999999,0.9560149854308312,6890,367,1.0,2.0,10.0
0.12,True,0.5,113.00000000000001,0.9560149854308312,6890,367,1.0,2.0,10.0
0.12,True,0.75,186.0,0.9560149854308312,6890,367,1.0,2.0,10.0
0.15,False,0.25,55.6,0.022334886270211015,163,367,1.0,2.0,10.0
0.15,False,0.5,86.9,0.022334886270211015,163,367,1.0,2.0,10.0
0.15,False,0.75,137.54999999999998,0.022334886270211015,163,367,1.0,2.0,10.0
0.15,True,0.25,62.000000000000014,0.977665113729789,7135,367,1.0,2.0,10.0
0.15,True,0.5,97.89999999999999,0.977665113729789,7135,367,1.0,2.0,10.0
0.15,True,0.75,156.10000000000002,0.977665113729789,7135,367,1.0,2.0,10.0
0.0,False,0.25,89.22500000000002,0.513142174432497,1718,368,1.0,2.0,10.0
0.0,False,0.5,170.35,0.513142174432497,1718,368,1.0,2.0,10.0
0.0,False,0.75,311.675,0.513142174432497,1718,368,1.0,2.0,10.0
0.0,True,0.25,93.20000000000002,0.486857825567503,1630,368,1.0,2.0,10.0
0.0,True,0.5,171.25,0.486857825567503,1630,368,1.0,2.0,10.0
0.0,True,0.75,299.54999999999995,0.486857825567503,1630,368,1.0,2.0,10.0
0.03,False,0.25,97.75,0.3178455164249778,2148,368,1.0,2.0,10.0
0.03,False,0.5,178.75,0.3178455164249778,2148,368,1.0,2.0,10.0
0.03,False,0.75,301.975,0.3178455164249778,2148,368,1.0,2.0,10.0
0.03,True,0.25,91.025,0.6821544835750222,4610,368,1.0,2.0,10.0
0.03,True,0.5,166.5,0.6821544835750222,4610,368,1.0,2.0,10.0
0.03,True,0.75,291.875,0.6821544835750222,4610,368,1.0,2.0,10.0
0.06,False,0.25,79.10000000000002,0.1703757225433526,1179,368,1.0,2.0,10.0
0.06,False,0.5,144.1,0.1703757225433526,1179,368,1.0,2.0,10.0
0.06,False,0.75,262.90000000000003,0.1703757225433526,1179,368,1.0,2.0,10.0
0.06,True,0.25,87.3,0.8296242774566474,5741,368,1.0,2.0,10.0
0.06,True,0.5,154.79999999999998,0.8296242774566474,5741,368,1.0,2.0,10.0
0.06,True,0.75,264.1,0.8296242774566474,5741,368,1.0,2.0,10.0
0.09,False,0.25,69.3,0.0948476151428181,694,368,1.0,2.0,10.0
0.09,False,0.5,113.40000000000002,0.0948476151428181,694,368,1.0,2.0,10.0
0.09,False,0.75,198.4,0.0948476151428181,694,368,1.0,2.0,10.0
0.09,True,0.25,78.30000000000001,0.9051523848571819,6623,368,1.0,2.0,10.0
0.09,True,0.5,134.4,0.9051523848571819,6623,368,1.0,2.0,10.0
0.09,True,0.75,228.3,0.9051523848571819,6623,368,1.0,2.0,10.0
0.12,False,0.25,53.8,0.04847222222222222,349,368,1.0,2.0,10.0
0.12,False,0.5,92.00000000000001,0.04847222222222222,349,368,1.0,2.0,10.0
0.12,False,0.75,164.70000000000002,0.04847222222222222,349,368,1.0,2.0,10.0
0.12,True,0.25,68.70000000000002,0.9515277777777778,6851,368,1.0,2.0,10.0
0.12,True,0.5,113.10000000000001,0.9515277777777778,6851,368,1.0,2.0,10.0
0.12,True,0.75,185.10000000000002,0.9515277777777778,6851,368,1.0,2.0,10.0
0.15,False,0.25,58.45,0.023975887107822988,175,368,1.0,2.0,10.0
0.15,False,0.5,86.5,0.023975887107822988,175,368,1.0,2.0,10.0
0.15,False,0.75,134.85000000000002,0.023975887107822988,175,368,1.0,2.0,10.0
0.15,True,0.25,61.699999999999996,0.976024112892177,7124,368,1.0,2.0,10.0
0.15,True,0.5,97.6,0.976024112892177,7124,368,1.0,2.0,10.0
0.15,True,0.75,154.52500000000003,0.976024112892177,7124,368,1.0,2.0,10.0
0.0,False,0.25,91.0,0.49270181709859995,1654,371,1.0,2.0,10.0
0.0,False,0.5,164.1,0.49270181709859995,1654,371,1.0,2.0,10.0
0.0,False,0.75,296.52500000000003,0.49270181709859995,1654,371,1.0,2.0,10.0
0.0,True,0.25,91.95000000000002,0.5072981829014,1703,371,1.0,2.0,10.0
0.0,True,0.5,178.19999999999996,0.5072981829014,1703,371,1.0,2.0,10.0
0.0,True,0.75,301.15000000000003,0.5072981829014,1703,371,1.0,2.0,10.0
0.03,False,0.25,90.0,0.3052678307191477,2063,371,1.0,2.0,10.0
0.03,False,0.5,168.8,0.3052678307191477,2063,371,1.0,2.0,10.0
0.03,False,0.75,303.3,0.3052678307191477,2063,371,1.0,2.0,10.0
0.03,True,0.25,89.5,0.6947321692808524,4695,371,1.0,2.0,10.0
0.03,True,0.5,166.09999999999997,0.6947321692808524,4695,371,1.0,2.0,10.0
0.03,True,0.75,294.90000000000003,0.6947321692808524,4695,371,1.0,2.0,10.0
0.06,False,0.25,79.77499999999999,0.1745527986151183,1210,371,1.0,2.0,10.0
0.06,False,0.5,145.5,0.1745527986151183,1210,371,1.0,2.0,10.0
0.06,False,0.75,251.325,0.1745527986151183,1210,371,1.0,2.0,10.0
0.06,True,0.25,86.80000000000001,0.8254472013848817,5722,371,1.0,2.0,10.0
0.06,True,0.5,150.40000000000003,0.8254472013848817,5722,371,1.0,2.0,10.0
0.06,True,0.75,263.02500000000003,0.8254472013848817,5722,371,1.0,2.0,10.0
0.09,False,0.25,68.67500000000001,0.0846878841688294,620,371,1.0,2.0,10.0
0.09,False,0.5,118.29999999999998,0.0846878841688294,620,371,1.0,2.0,10.0
0.09,False,0.75,217.90000000000003,0.0846878841688294,620,371,1.0,2.0,10.0
0.09,True,0.25,77.80000000000001,0.9153121158311706,6701,371,1.0,2.0,10.0
0.09,True,0.5,132.6,0.9153121158311706,6701,371,1.0,2.0,10.0
0.09,True,0.75,222.9,0.9153121158311706,6701,371,1.0,2.0,10.0
0.12,False,0.25,61.975,0.04390108363434287,316,371,1.0,2.0,10.0
0.12,False,0.5,104.64999999999999,0.04390108363434287,316,371,1.0,2.0,10.0
0.12,False,0.75,165.375,0.04390108363434287,316,371,1.0,2.0,10.0
0.12,True,0.25,69.5,0.9560989163656571,6882,371,1.0,2.0,10.0
0.12,True,0.5,113.40000000000002,0.9560989163656571,6882,371,1.0,2.0,10.0
0.12,True,0.75,181.0,0.9560989163656571,6882,371,1.0,2.0,10.0
0.15,False,0.25,53.574999999999996,0.02493150684931507,182,371,1.0,2.0,10.0
0.15,False,0.5,78.9,0.02493150684931507,182,371,1.0,2.0,10.0
0.15,False,0.75,126.8,0.02493150684931507,182,371,1.0,2.0,10.0
0.15,True,0.25,61.60000000000001,0.9750684931506849,7118,371,1.0,2.0,10.0
0.15,True,0.5,97.1,0.9750684931506849,7118,371,1.0,2.0,10.0
0.15,True,0.75,152.2,0.9750684931506849,7118,371,1.0,2.0,10.0
0.0,False,0.25,97.82499999999999,0.5028332836266031,1686,380,1.0,2.0,10.0
0.0,False,0.5,179.15,0.5028332836266031,1686,380,1.0,2.0,10.0
0.0,False,0.75,298.475,0.5028332836266031,1686,380,1.0,2.0,10.0
0.0,True,0.25,93.25000000000001,0.49716671637339693,1667,380,1.0,2.0,10.0
0.0,True,0.5,175.29999999999998,0.49716671637339693,1667,380,1.0,2.0,10.0
0.0,True,0.75,311.15,0.49716671637339693,1667,380,1.0,2.0,10.0
0.03,False,0.25,90.59999999999998,0.31975620633268914,2151,380,1.0,2.0,10.0
0.03,False,0.5,168.49999999999997,0.31975620633268914,2151,380,1.0,2.0,10.0
0.03,False,0.75,294.2,0.31975620633268914,2151,380,1.0,2.0,10.0
0.03,True,0.25,91.30000000000001,0.6802437936673108,4576,380,1.0,2.0,10.0
0.03,True,0.5,164.45,0.6802437936673108,4576,380,1.0,2.0,10.0
0.03,True,0.75,291.225,0.6802437936673108,4576,380,1.0,2.0,10.0
0.06,False,0.25,84.59999999999998,0.18078199394026837,1253,380,1.0,2.0,10.0
0.06,False,0.5,148.00000000000003,0.18078199394026837,1253,380,1.0,2.0,10.0
0.06,False,0.75,254.4,0.18078199394026837,1253,380,1.0,2.0,10.0
0.06,True,0.25,85.82499999999999,0.8192180060597316,5678,380,1.0,2.0,10.0
0.06,True,0.5,151.29999999999998,0.8192180060597316,5678,380,1.0,2.0,10.0
0.06,True,0.75,261.3,0.8192180060597316,5678,380,1.0,2.0,10.0
0.09,False,0.25,75.0,0.09007779445885082,660,380,1.0,2.0,10.0
0.09,False,0.5,126.1,0.09007779445885082,660,380,1.0,2.0,10.0
0.09,False,0.75,213.40000000000003,0.09007779445885082,660,380,1.0,2.0,10.0
0.09,True,0.25,77.45,0.9099222055411492,6667,380,1.0,2.0,10.0
0.09,True,0.5,130.4,0.9099222055411492,6667,380,1.0,2.0,10.0
0.09,True,0.75,221.75,0.9099222055411492,6667,380,1.0,2.0,10.0
0.12,False,0.25,62.9,0.042470506592643995,306,380,1.0,2.0,10.0
0.12,False,0.5,106.6,0.042470506592643995,306,380,1.0,2.0,10.0
0.12,False,0.75,174.02499999999998,0.042470506592643995,306,380,1.0,2.0,10.0
0.12,True,0.25,69.70000000000002,0.957529493407356,6899,380,1.0,2.0,10.0
0.12,True,0.5,111.6,0.957529493407356,6899,380,1.0,2.0,10.0
0.12,True,0.75,184.05,0.957529493407356,6899,380,1.0,2.0,10.0
0.15,False,0.25,59.5,0.022334886270211015,163,380,1.0,2.0,10.0
0.15,False,0.5,90.5,0.022334886270211015,163,380,1.0,2.0,10.0
0.15,False,0.75,132.60000000000002,0.022334886270211015,163,380,1.0,2.0,10.0
0.15,True,0.25,61.05000000000001,0.977665113729789,7135,380,1.0,2.0,10.0
0.15,True,0.5,96.6,0.977665113729789,7135,380,1.0,2.0,10.0
0.15,True,0.75,152.7,0.977665113729789,7135,380,1.0,2.0,10.0
0.0,False,0.25,98.19999999999999,0.49612634088200236,1665,394,1.0,2.0,10.0
0.0,False,0.5,173.8,0.49612634088200236,1665,394,1.0,2.0,10.0
0.0,False,0.75,308.09999999999997,0.49612634088200236,1665,394,1.0,2.0,10.0
0.0,True,0.25,93.54999999999998,0.5038736591179976,1691,394,1.0,2.0,10.0
0.0,True,0.5,171.0,0.5038736591179976,1691,394,1.0,2.0,10.0
0.0,True,0.75,303.20000000000005,0.5038736591179976,1691,394,1.0,2.0,10.0
0.03,False,0.25,89.20000000000002,0.32149726290871433,2173,394,1.0,2.0,10.0
0.03,False,0.5,164.49999999999997,0.32149726290871433,2173,394,1.0,2.0,10.0
0.03,False,0.75,279.8,0.32149726290871433,2173,394,1.0,2.0,10.0
0.03,True,0.25,93.52499999999999,0.6785027370912857,4586,394,1.0,2.0,10.0
0.03,True,0.5,171.85000000000002,0.6785027370912857,4586,394,1.0,2.0,10.0
0.03,True,0.75,305.475,0.6785027370912857,4586,394,1.0,2.0,10.0
0.06,False,0.25,86.5,0.17305475504322768,1201,394,1.0,2.0,10.0
0.06,False,0.5,151.6,0.17305475504322768,1201,394,1.0,2.0,10.0
0.06,False,0.75,269.4,0.17305475504322768,1201,394,1.0,2.0,10.0
0.06,True,0.25,86.69999999999999,0.8269452449567724,5739,394,1.0,2.0,10.0
0.06,True,0.5,152.29999999999998,0.8269452449567724,5739,394,1.0,2.0,10.0
0.06,True,0.75,260.45000000000005,0.8269452449567724,5739,394,1.0,2.0,10.0
0.09,False,0.25,68.1,0.09418509418509419,690,394,1.0,2.0,10.0
0.09,False,0.5,122.05000000000001,0.09418509418509419,690,394,1.0,2.0,10.0
0.09,False,0.75,212.425,0.09418509418509419,690,394,1.0,2.0,10.0
0.09,True,0.25,77.39999999999999,0.9058149058149059,6636,394,1.0,2.0,10.0
0.09,True,0.5,133.10000000000002,0.9058149058149059,6636,394,1.0,2.0,10.0
0.09,True,0.75,222.425,0.9058149058149059,6636,394,1.0,2.0,10.0
0.12,False,0.25,62.7,0.04733481399222654,341,394,1.0,2.0,10.0
0.12,False,0.5,97.0,0.04733481399222654,341,394,1.0,2.0,10.0
0.12,False,0.75,165.8,0.04733481399222654,341,394,1.0,2.0,10.0
0.12,True,0.25,69.3,0.9526651860077735,6863,394,1.0,2.0,10.0
0.12,True,0.5,110.90000000000002,0.9526651860077735,6863,394,1.0,2.0,10.0
0.12,True,0.75,184.6,0.9526651860077735,6863,394,1.0,2.0,10.0
0.15,False,0.25,59.20000000000001,0.02288611758256818,167,394,1.0,2.0,10.0
0.15,False,0.5,92.1,0.02288611758256818,167,394,1.0,2.0,10.0
0.15,False,0.75,145.85,0.02288611758256818,167,394,1.0,2.0,10.0
0.15,True,0.25,61.699999999999996,0.9771138824174318,7130,394,1.0,2.0,10.0
0.15,True,0.5,97.05,0.9771138824174318,7130,394,1.0,2.0,10.0
0.15,True,0.75,154.45000000000002,0.9771138824174318,7130,394,1.0,2.0,10.0
0.0,False,0.25,97.89999999999999,0.5001485001485001,1684,395,1.0,2.0,10.0
0.0,False,0.5,179.0,0.5001485001485001,1684,395,1.0,2.0,10.0
0.0,False,0.75,314.27500000000003,0.5001485001485001,1684,395,1.0,2.0,10.0
0.0,True,0.25,94.8,0.49985149985149985,1683,395,1.0,2.0,10.0
0.0,True,0.5,178.8,0.49985149985149985,1683,395,1.0,2.0,10.0
0.0,True,0.75,307.3,0.49985149985149985,1683,395,1.0,2.0,10.0
0.03,False,0.25,91.8,0.31419716646989376,2129,395,1.0,2.0,10.0
0.03,False,0.5,167.40000000000003,0.31419716646989376,2129,395,1.0,2.0,10.0
0.03,False,0.75,292.8,0.31419716646989376,2129,395,1.0,2.0,10.0
0.03,True,0.25,94.35,0.6858028335301063,4647,395,1.0,2.0,10.0
0.03,True,0.5,171.0,0.6858028335301063,4647,395,1.0,2.0,10.0
0.03,True,0.75,295.4,0.6858028335301063,4647,395,1.0,2.0,10.0
0.06,False,0.25,78.89999999999999,0.17737530544775046,1234,395,1.0,2.0,10.0
0.06,False,0.5,145.15,0.17737530544775046,1234,395,1.0,2.0,10.0
0.06,False,0.75,256.875,0.17737530544775046,1234,395,1.0,2.0,10.0
0.06,True,0.25,86.6,0.8226246945522495,5723,395,1.0,2.0,10.0
0.06,True,0.5,154.9,0.8226246945522495,5723,395,1.0,2.0,10.0
0.06,True,0.75,261.7,0.8226246945522495,5723,395,1.0,2.0,10.0
0.09,False,0.25,76.6,0.09330601092896175,683,395,1.0,2.0,10.0
0.09,False,0.5,131.6,0.09330601092896175,683,395,1.0,2.0,10.0
0.09,False,0.75,215.95000000000002,0.09330601092896175,683,395,1.0,2.0,10.0
0.09,True,0.25,77.3,0.9066939890710383,6637,395,1.0,2.0,10.0
0.09,True,0.5,131.9,0.9066939890710383,6637,395,1.0,2.0,10.0
0.09,True,0.75,223.20000000000002,0.9066939890710383,6637,395,1.0,2.0,10.0
0.12,False,0.25,61.800000000000004,0.043466185252048324,313,395,1.0,2.0,10.0
0.12,False,0.5,98.10000000000001,0.043466185252048324,313,395,1.0,2.0,10.0
0.12,False,0.75,171.1,0.043466185252048324,313,395,1.0,2.0,10.0
0.12,True,0.25,70.09999999999998,0.9565338147479516,6888,395,1.0,2.0,10.0
0.12,True,0.5,113.29999999999998,0.9565338147479516,6888,395,1.0,2.0,10.0
0.12,True,0.75,186.0,0.9565338147479516,6888,395,1.0,2.0,10.0
0.15,False,0.25,56.52499999999999,0.019452054794520546,142,395,1.0,2.0,10.0
0.15,False,0.5,94.1,0.019452054794520546,142,395,1.0,2.0,10.0
0.15,False,0.75,146.875,0.019452054794520546,142,395,1.0,2.0,10.0
0.15,True,0.25,61.42500000000001,0.9805479452054795,7158,395,1.0,2.0,10.0
0.15,True,0.5,96.10000000000001,0.9805479452054795,7158,395,1.0,2.0,10.0
0.15,True,0.75,153.79999999999998,0.9805479452054795,7158,395,1.0,2.0,10.0
0.0,False,0.25,99.79999999999998,0.49064449064449067,1652,397,1.0,2.0,10.0
0.0,False,0.5,178.85000000000002,0.49064449064449067,1652,397,1.0,2.0,10.0
0.0,False,0.75,321.975,0.49064449064449067,1652,397,1.0,2.0,10.0
0.0,True,0.25,94.0,0.5093555093555093,1715,397,1.0,2.0,10.0
0.0,True,0.5,181.2,0.5093555093555093,1715,397,1.0,2.0,10.0
0.0,True,0.75,316.4,0.5093555093555093,1715,397,1.0,2.0,10.0
0.03,False,0.25,87.14999999999999,0.3103957471943296,2102,397,1.0,2.0,10.0
0.03,False,0.5,168.8,0.3103957471943296,2102,397,1.0,2.0,10.0
0.03,False,0.75,297.17500000000007,0.3103957471943296,2102,397,1.0,2.0,10.0
0.03,True,0.25,93.10000000000001,0.6896042528056704,4670,397,1.0,2.0,10.0
0.03,True,0.5,171.14999999999998,0.6896042528056704,4670,397,1.0,2.0,10.0
0.03,True,0.75,299.57500000000005,0.6896042528056704,4670,397,1.0,2.0,10.0
0.06,False,0.25,80.0,0.18464640645254213,1282,397,1.0,2.0,10.0
0.06,False,0.5,143.1,0.18464640645254213,1282,397,1.0,2.0,10.0
0.06,False,0.75,246.625,0.18464640645254213,1282,397,1.0,2.0,10.0
0.06,True,0.25,85.7,0.8153535935474578,5661,397,1.0,2.0,10.0
0.06,True,0.5,148.50000000000003,0.8153535935474578,5661,397,1.0,2.0,10.0
0.06,True,0.75,261.0,0.8153535935474578,5661,397,1.0,2.0,10.0
0.09,False,0.25,71.69999999999999,0.0960776274429411,703,397,1.0,2.0,10.0
0.09,False,0.5,127.39999999999999,0.0960776274429411,703,397,1.0,2.0,10.0
0.09,False,0.75,217.75,0.0960776274429411,703,397,1.0,2.0,10.0
0.09,True,0.25,77.80000000000001,0.9039223725570589,6614,397,1.0,2.0,10.0
0.09,True,0.5,130.65,0.9039223725570589,6614,397,1.0,2.0,10.0
0.09,True,0.75,224.70000000000005,0.9039223725570589,6614,397,1.0,2.0,10.0
0.12,False,0.25,60.1,0.04804221049708415,346,397,1.0,2.0,10.0
0.12,False,0.5,101.1,0.04804221049708415,346,397,1.0,2.0,10.0
0.12,False,0.75,170.325,0.04804221049708415,346,397,1.0,2.0,10.0
0.12,True,0.25,69.39999999999999,0.9519577895029159,6856,397,1.0,2.0,10.0
0.12,True,0.5,113.55,0.9519577895029159,6856,397,1.0,2.0,10.0
0.12,True,0.75,182.95000000000002,0.9519577895029159,6856,397,1.0,2.0,10.0
0.15,False,0.25,49.650000000000006,0.023440712816997944,171,397,1.0,2.0,10.0
0.15,False,0.5,86.5,0.023440712816997944,171,397,1.0,2.0,10.0
0.15,False,0.75,136.2,0.023440712816997944,171,397,1.0,2.0,10.0
0.15,True,0.25,61.699999999999996,0.9765592871830021,7124,397,1.0,2.0,10.0
0.15,True,0.5,95.65,0.9765592871830021,7124,397,1.0,2.0,10.0
0.15,True,0.75,152.10000000000002,0.9765592871830021,7124,397,1.0,2.0,10.0
