acoh,is_correct,quantile,rt,proportion,n,draw,gain,bound,k
0.0,False,0.25,98.0,0.5154980439362022,1713,-1,0.8,1.5,10.0
0.0,False,0.5,194.0,0.5154980439362022,1713,-1,0.8,1.5,10.0
0.0,False,0.75,356.0,0.5154980439362022,1713,-1,0.8,1.5,10.0
0.0,True,0.25,103.0,0.48450195606379776,1610,-1,0.8,1.5,10.0
0.0,True,0.5,191.0,0.48450195606379776,1610,-1,0.8,1.5,10.0
0.0,True,0.75,352.0,0.48450195606379776,1610,-1,0.8,1.5,10.0
0.03,False,0.25,103.0,0.3042375410325276,2039,-1,0.8,1.5,10.0
0.03,False,0.5,200.0,0.3042375410325276,2039,-1,0.8,1.5,10.0
0.03,False,0.75,343.5,0.3042375410325276,2039,-1,0.8,1.5,10.0
0.03,True,0.25,98.0,0.6957624589674724,4663,-1,0.8,1.5,10.0
0.03,True,0.5,190.0,0.6957624589674724,4663,-1,0.8,1.5,10.0
0.03,True,0.75,335.0,0.6957624589674724,4663,-1,0.8,1.5,10.0
0.06,False,0.25,86.0,0.16142649199417758,1109,-1,0.8,1.5,10.0
0.06,False,0.5,167.0,0.16142649199417758,1109,-1,0.8,1.5,10.0
0.06,False,0.75,318.0,0.16142649199417758,1109,-1,0.8,1.5,10.0
0.06,True,0.25,93.0,0.8385735080058224,5761,-1,0.8,1.5,10.0
0.06,True,0.5,178.0,0.8385735080058224,5761,-1,0.8,1.5,10.0
0.06,True,0.75,318.0,0.8385735080058224,5761,-1,0.8,1.5,10.0
0.09,False,0.25,76.0,0.07850955589165406,571,-1,0.8,1.5,10.0
0.09,False,0.5,143.0,0.07850955589165406,571,-1,0.8,1.5,10.0
0.09,False,0.75,240.0,0.07850955589165406,571,-1,0.8,1.5,10.0
0.09,True,0.25,82.0,0.9214904441083459,6702,-1,0.8,1.5,10.0
0.09,True,0.5,150.0,0.9214904441083459,6702,-1,0.8,1.5,10.0
0.09,True,0.75,263.0,0.9214904441083459,6702,-1,0.8,1.5,10.0
0.12,False,0.25,58.0,0.03748084157726069,269,-1,0.8,1.5,10.0
0.12,False,0.5,96.0,0.03748084157726069,269,-1,0.8,1.5,10.0
0.12,False,0.75,200.0,0.03748084157726069,269,-1,0.8,1.5,10.0
0.12,True,0.25,71.0,0.9625191584227393,6908,-1,0.8,1.5,10.0
0.12,True,0.5,126.0,0.9625191584227393,6908,-1,0.8,1.5,10.0
0.12,True,0.75,217.0,0.9625191584227393,6908,-1,0.8,1.5,10.0
0.15,False,0.25,43.5,0.014530500342700479,106,-1,0.8,1.5,10.0
0.15,False,0.5,81.5,0.014530500342700479,106,-1,0.8,1.5,10.0
0.15,False,0.75,134.0,0.014530500342700479,106,-1,0.8,1.5,10.0
0.15,True,0.25,61.0,0.9854694996572996,7189,-1,0.8,1.5,10.0
0.15,True,0.5,102.0,0.9854694996572996,7189,-1,0.8,1.5,10.0
0.15,True,0.75,172.0,0.9854694996572996,7189,-1,0.8,1.5,10.0
0.0,False,0.25,97.82499999999999,0.5017399557102182,1586,1,0.8,1.5,10.0
0.0,False,0.5,184.45,0.5017399557102182,1586,1,0.8,1.5,10.0
0.0,False,0.75,324.80000000000007,0.5017399557102182,1586,1,0.8,1.5,10.0
0.0,True,0.25,94.85,0.4982600442897817,1575,1,0.8,1.5,10.0
0.0,True,0.5,185.79999999999998,0.4982600442897817,1575,1,0.8,1.5,10.0
0.0,True,0.75,337.05000000000007,0.4982600442897817,1575,1,0.8,1.5,10.0
0.03,False,0.25,94.9,0.3134606427573358,2019,1,0.8,1.5,10.0
0.03,False,0.5,182.0,0.3134606427573358,2019,1,0.8,1.5,10.0
0.03,False,0.75,318.25,0.3134606427573358,2019,1,0.8,1.5,10.0
0.03,True,0.25,96.42500000000001,0.6865393572426641,4422,1,0.8,1.5,10.0
0.03,True,0.5,181.7,0.6865393572426641,4422,1,0.8,1.5,10.0
0.03,True,0.75,320.3,0.6865393572426641,4422,1,0.8,1.5,10.0
0.06,False,0.25,82.875,0.18157343703260545,1214,1,0.8,1.5,10.0
0.06,False,0.5,153.65,0.18157343703260545,1214,1,0.8,1.5,10.0
0.06,False,0.75,274.20000000000005,0.18157343703260545,1214,1,0.8,1.5,10.0
0.06,True,0.25,88.17499999999998,0.8184265629673946,5472,1,0.8,1.5,10.0
0.06,True,0.5,165.55,0.8184265629673946,5472,1,0.8,1.5,10.0
0.06,True,0.75,286.27500000000003,0.8184265629673946,5472,1,0.8,1.5,10.0
0.09,False,0.25,69.39999999999999,0.08499722684414864,613,1,0.8,1.5,10.0
0.09,False,0.5,130.5,0.08499722684414864,613,1,0.8,1.5,10.0
0.09,False,0.75,223.10000000000002,0.08499722684414864,613,1,0.8,1.5,10.0
0.09,True,0.25,79.9,0.9150027731558513,6599,1,0.8,1.5,10.0
0.09,True,0.5,142.29999999999998,0.9150027731558513,6599,1,0.8,1.5,10.0
0.09,True,0.75,244.30000000000004,0.9150027731558513,6599,1,0.8,1.5,10.0
0.12,False,0.25,65.45,0.047805423539278726,342,1,0.8,1.5,10.0
0.12,False,0.5,107.1,0.047805423539278726,342,1,0.8,1.5,10.0
0.12,False,0.75,194.92499999999998,0.047805423539278726,342,1,0.8,1.5,10.0
0.12,True,0.25,69.2,0.9521945764607213,6812,1,0.8,1.5,10.0
0.12,True,0.5,116.79999999999998,0.9521945764607213,6812,1,0.8,1.5,10.0
0.12,True,0.75,204.425,0.9521945764607213,6812,1,0.8,1.5,10.0
0.15,False,0.25,55.825,0.024955436720142603,182,1,0.8,1.5,10.0
0.15,False,0.5,92.74999999999999,0.024955436720142603,182,1,0.8,1.5,10.0
0.15,False,0.75,147.475,0.024955436720142603,182,1,0.8,1.5,10.0
0.15,True,0.25,61.9,0.9750445632798574,7111,1,0.8,1.5,10.0
0.15,True,0.5,101.19999999999999,0.9750445632798574,7111,1,0.8,1.5,10.0
0.15,True,0.75,165.9,0.9750445632798574,7111,1,0.8,1.5,10.0
0.0,False,0.25,101.99999999999999,0.4939911448450348,1562,4,0.8,1.5,10.0
0.0,False,0.5,191.05,0.4939911448450348,1562,4,0.8,1.5,10.0
0.0,False,0.75,341.475,0.4939911448450348,1562,4,0.8,1.5,10.0
0.0,True,0.25,96.075,0.5060088551549652,1600,4,0.8,1.5,10.0
0.0,True,0.5,187.5,0.5060088551549652,1600,4,0.8,1.5,10.0
0.0,True,0.75,328.225,0.5060088551549652,1600,4,0.8,1.5,10.0
0.03,False,0.25,93.15,0.32980379943942695,2118,4,0.8,1.5,10.0
0.03,False,0.5,173.75,0.32980379943942695,2118,4,0.8,1.5,10.0
0.03,False,0.75,309.85,0.32980379943942695,2118,4,0.8,1.5,10.0
0.03,True,0.25,93.49999999999999,0.670196200560573,4304,4,0.8,1.5,10.0
0.03,True,0.5,179.05,0.670196200560573,4304,4,0.8,1.5,10.0
0.03,True,0.75,316.85,0.670196200560573,4304,4,0.8,1.5,10.0
0.06,False,0.25,84.99999999999999,0.181031911720847,1214,4,0.8,1.5,10.0
0.06,False,0.5,155.95,0.181031911720847,1214,4,0.8,1.5,10.0
0.06,False,0.75,273.65000000000003,0.181031911720847,1214,4,0.8,1.5,10.0
0.06,True,0.25,87.9,0.818968088279153,5492,4,0.8,1.5,10.0
0.06,True,0.5,164.8,0.818968088279153,5492,4,0.8,1.5,10.0
0.06,True,0.75,285.05000000000007,0.818968088279153,5492,4,0.8,1.5,10.0
0.09,False,0.25,69.625,0.0964290676670835,694,4,0.8,1.5,10.0
0.09,False,0.5,123.69999999999999,0.0964290676670835,694,4,0.8,1.5,10.0
0.09,False,0.75,239.27500000000003,0.0964290676670835,694,4,0.8,1.5,10.0
0.09,True,0.25,81.3,0.9035709323329165,6503,4,0.8,1.5,10.0
0.09,True,0.5,143.09999999999997,0.9035709323329165,6503,4,0.8,1.5,10.0
0.09,True,0.75,240.30000000000004,0.9035709323329165,6503,4,0.8,1.5,10.0
0.12,False,0.25,64.5,0.046177455357142856,331,4,0.8,1.5,10.0
0.12,False,0.5,115.00000000000001,0.046177455357142856,331,4,0.8,1.5,10.0
0.12,False,0.75,197.0,0.046177455357142856,331,4,0.8,1.5,10.0
0.12,True,0.25,72.0,0.9538225446428571,6837,4,0.8,1.5,10.0
0.12,True,0.5,121.79999999999998,0.9538225446428571,6837,4,0.8,1.5,10.0
0.12,True,0.75,206.20000000000002,0.9538225446428571,6837,4,0.8,1.5,10.0
0.15,False,0.25,59.699999999999996,0.02373113854595336,173,4,0.8,1.5,10.0
0.15,False,0.5,96.8,0.02373113854595336,173,4,0.8,1.5,10.0
0.15,False,0.75,165.4,0.02373113854595336,173,4,0.8,1.5,10.0
0.15,True,0.25,63.59999999999999,0.9762688614540467,7117,4,0.8,1.5,10.0
0.15,True,0.5,105.1,0.9762688614540467,7117,4,0.8,1.5,10.0
0.15,True,0.75,170.49999999999997,0.9762688614540467,7117,4,0.8,1.5,10.0
0.0,False,0.25,94.74999999999999,0.49238095238095236,1551,8,0.8,1.5,10.0
0.0,False,0.5,192.6,0.49238095238095236,1551,8,0.8,1.5,10.0
0.0,False,0.75,341.15000000000003,0.49238095238095236,1551,8,0.8,1.5,10.0
0.0,True,0.25,94.39999999999999,0.5076190476190476,1599,8,0.8,1.5,10.0
0.0,True,0.5,185.79999999999998,0.5076190476190476,1599,8,0.8,1.5,10.0
0.0,True,0.75,324.15000000000003,0.5076190476190476,1599,8,0.8,1.5,10.0
0.03,False,0.25,95.35000000000001,0.31361867704280155,2015,8,0.8,1.5,10.0
0.03,False,0.5,185.60000000000002,0.31361867704280155,2015,8,0.8,1.5,10.0
0.03,False,0.75,322.85,0.31361867704280155,2015,8,0.8,1.5,10.0
0.03,True,0.25,96.29999999999998,0.6863813229571984,4410,8,0.8,1.5,10.0
0.03,True,0.5,181.50000000000003,0.6863813229571984,4410,8,0.8,1.5,10.0
0.03,True,0.75,324.45000000000005,0.6863813229571984,4410,8,0.8,1.5,10.0
0.06,False,0.25,87.25000000000001,0.18203485773871592,1222,8,0.8,1.5,10.0
0.06,False,0.5,160.14999999999998,0.18203485773871592,1222,8,0.8,1.5,10.0
0.06,False,0.75,279.0,0.18203485773871592,1222,8,0.8,1.5,10.0
0.06,True,0.25,89.09999999999998,0.817965142261284,5491,8,0.8,1.5,10.0
0.06,True,0.5,164.89999999999998,0.817965142261284,5491,8,0.8,1.5,10.0
0.06,True,0.75,286.6500000000001,0.817965142261284,5491,8,0.8,1.5,10.0
0.09,False,0.25,75.0,0.09095958894597972,655,8,0.8,1.5,10.0
0.09,False,0.5,135.49999999999997,0.09095958894597972,655,8,0.8,1.5,10.0
0.09,False,0.75,236.15000000000003,0.09095958894597972,655,8,0.8,1.5,10.0
0.09,True,0.25,79.60000000000001,0.9090404110540202,6546,8,0.8,1.5,10.0
0.09,True,0.5,142.35000000000002,0.9090404110540202,6546,8,0.8,1.5,10.0
0.09,True,0.75,244.27500000000003,0.9090404110540202,6546,8,0.8,1.5,10.0
0.12,False,0.25,63.399999999999984,0.0451819829870311,324,8,0.8,1.5,10.0
0.12,False,0.5,125.05,0.0451819829870311,324,8,0.8,1.5,10.0
0.12,False,0.75,199.125,0.0451819829870311,324,8,0.8,1.5,10.0
0.12,True,0.25,69.75,0.9548180170129689,6847,8,0.8,1.5,10.0
0.12,True,0.5,117.2,0.9548180170129689,6847,8,0.8,1.5,10.0
0.12,True,0.75,197.05,0.9548180170129689,6847,8,0.8,1.5,10.0
0.15,False,0.25,51.6,0.02522967228849582,184,8,0.8,1.5,10.0
0.15,False,0.5,88.49999999999997,0.02522967228849582,184,8,0.8,1.5,10.0
0.15,False,0.75,159.825,0.02522967228849582,184,8,0.8,1.5,10.0
0.15,True,0.25,62.7,0.9747703277115042,7109,8,0.8,1.5,10.0
0.15,True,0.5,103.4,0.9747703277115042,7109,8,0.8,1.5,10.0
0.15,True,0.75,170.9,0.9747703277115042,7109,8,0.8,1.5,10.0
0.0,False,0.25,93.07499999999999,0.5034526051475204,1604,26,0.8,1.5,10.0
0.0,False,0.5,180.0,0.5034526051475204,1604,26,0.8,1.5,10.0
0.0,False,0.75,317.52500000000003,0.5034526051475204,1604,26,0.8,1.5,10.0
0.0,True,0.25,107.02500000000002,0.4965473948524796,1582,26,0.8,1.5,10.0
0.0,True,0.5,201.30000000000004,0.4965473948524796,1582,26,0.8,1.5,10.0
0.0,True,0.75,339.57500000000005,0.4965473948524796,1582,26,0.8,1.5,10.0
0.03,False,0.25,93.675,0.3217821782178218,2080,26,0.8,1.5,10.0
0.03,False,0.5,177.75,0.3217821782178218,2080,26,0.8,1.5,10.0
0.03,False,0.75,318.0,0.3217821782178218,2080,26,0.8,1.5,10.0
0.03,True,0.25,93.30000000000001,0.6782178217821783,4384,26,0.8,1.5,10.0
0.03,True,0.5,179.2,0.6782178217821783,4384,26,0.8,1.5,10.0
0.03,True,0.75,318.82500000000005,0.6782178217821783,4384,26,0.8,1.5,10.0
0.06,False,0.25,84.80000000000001,0.181371819669692,1219,26,0.8,1.5,10.0
0.06,False,0.5,154.10000000000002,0.181371819669692,1219,26,0.8,1.5,10.0
0.06,False,0.75,270.70000000000005,0.181371819669692,1219,26,0.8,1.5,10.0
0.06,True,0.25,88.29999999999997,0.818628180330308,5502,26,0.8,1.5,10.0
0.06,True,0.5,161.64999999999998,0.818628180330308,5502,26,0.8,1.5,10.0
0.06,True,0.75,281.85,0.818628180330308,5502,26,0.8,1.5,10.0
0.09,False,0.25,76.44999999999999,0.09496043315285298,684,26,0.8,1.5,10.0
0.09,False,0.5,134.95,0.09496043315285298,684,26,0.8,1.5,10.0
0.09,False,0.75,238.02500000000003,0.09496043315285298,684,26,0.8,1.5,10.0
0.09,True,0.25,78.39999999999999,0.905039566847147,6519,26,0.8,1.5,10.0
0.09,True,0.5,139.3,0.905039566847147,6519,26,0.8,1.5,10.0
0.09,True,0.75,245.85000000000002,0.905039566847147,6519,26,0.8,1.5,10.0
0.12,False,0.25,61.975,0.04607651493996091,330,26,0.8,1.5,10.0
0.12,False,0.5,103.44999999999999,0.04607651493996091,330,26,0.8,1.5,10.0
0.12,False,0.75,176.975,0.04607651493996091,330,26,0.8,1.5,10.0
0.12,True,0.25,69.70000000000002,0.9539234850600391,6832,26,0.8,1.5,10.0
0.12,True,0.5,118.55,0.9539234850600391,6832,26,0.8,1.5,10.0
0.12,True,0.75,198.79999999999998,0.9539234850600391,6832,26,0.8,1.5,10.0
0.15,False,0.25,50.69999999999999,0.025363312311488896,185,26,0.8,1.5,10.0
0.15,False,0.5,93.0,0.025363312311488896,185,26,0.8,1.5,10.0
0.15,False,0.75,144.1,0.025363312311488896,185,26,0.8,1.5,10.0
0.15,True,0.25,61.40000000000001,0.9746366876885111,7109,26,0.8,1.5,10.0
0.15,True,0.5,98.90000000000002,0.9746366876885111,7109,26,0.8,1.5,10.0
0.15,True,0.75,161.89999999999998,0.9746366876885111,7109,26,0.8,1.5,10.0
0.0,False,0.25,96.475,0.48538754764930114,1528,33,0.8,1.5,10.0
0.0,False,0.5,190.04999999999998,0.48538754764930114,1528,33,0.8,1.5,10.0
0.0,False,0.75,338.90000000000003,0.48538754764930114,1528,33,0.8,1.5,10.0
0.0,True,0.25,94.95,0.5146124523506989,1620,33,0.8,1.5,10.0
0.0,True,0.5,183.14999999999998,0.5146124523506989,1620,33,0.8,1.5,10.0
0.0,True,0.75,339.425,0.5146124523506989,1620,33,0.8,1.5,10.0
0.03,False,0.25,95.1,0.31942289792119144,2059,33,0.8,1.5,10.0
0.03,False,0.5,177.0,0.31942289792119144,2059,33,0.8,1.5,10.0
0.03,False,0.75,329.55,0.31942289792119144,2059,33,0.8,1.5,10.0
0.03,True,0.25,101.0,0.6805771020788086,4387,33,0.8,1.5,10.0
0.03,True,0.5,185.89999999999998,0.6805771020788086,4387,33,0.8,1.5,10.0
0.03,True,0.75,330.85,0.6805771020788086,4387,33,0.8,1.5,10.0
0.06,False,0.25,81.04999999999998,0.18040388930441287,1206,33,0.8,1.5,10.0
0.06,False,0.5,149.1,0.18040388930441287,1206,33,0.8,1.5,10.0
0.06,False,0.75,271.425,0.18040388930441287,1206,33,0.8,1.5,10.0
0.06,True,0.25,90.54999999999998,0.8195961106955871,5479,33,0.8,1.5,10.0
0.06,True,0.5,165.0,0.8195961106955871,5479,33,0.8,1.5,10.0
0.06,True,0.75,293.1,0.8195961106955871,5479,33,0.8,1.5,10.0
0.09,False,0.25,73.95,0.09855835874688107,711,33,0.8,1.5,10.0
0.09,False,0.5,126.1,0.09855835874688107,711,33,0.8,1.5,10.0
0.09,False,0.75,244.60000000000002,0.09855835874688107,711,33,0.8,1.5,10.0
0.09,True,0.25,80.9,0.901441641253119,6503,33,0.8,1.5,10.0
0.09,True,0.5,142.1,0.901441641253119,6503,33,0.8,1.5,10.0
0.09,True,0.75,244.25000000000003,0.901441641253119,6503,33,0.8,1.5,10.0
0.12,False,0.25,62.7,0.04888268156424581,350,33,0.8,1.5,10.0
0.12,False,0.5,111.79999999999998,0.04888268156424581,350,33,0.8,1.5,10.0
0.12,False,0.75,188.375,0.04888268156424581,350,33,0.8,1.5,10.0
0.12,True,0.25,70.82499999999999,0.9511173184357542,6810,33,0.8,1.5,10.0
0.12,True,0.5,119.95,0.9511173184357542,6810,33,0.8,1.5,10.0
0.12,True,0.75,204.20000000000002,0.9511173184357542,6810,33,0.8,1.5,10.0
0.15,False,0.25,54.00000000000001,0.024825126868742286,181,33,0.8,1.5,10.0
0.15,False,0.5,92.69999999999997,0.024825126868742286,181,33,0.8,1.5,10.0
0.15,False,0.75,137.79999999999998,0.024825126868742286,181,33,0.8,1.5,10.0
0.15,True,0.25,62.1,0.9751748731312577,7110,33,0.8,1.5,10.0
0.15,True,0.5,101.24999999999999,0.9751748731312577,7110,33,0.8,1.5,10.0
0.15,True,0.75,164.47499999999997,0.9751748731312577,7110,33,0.8,1.5,10.0
0.0,False,0.25,97.30000000000001,0.49446727790072714,1564,41,0.8,1.5,10.0
0.0,False,0.5,179.9,0.49446727790072714,1564,41,0.8,1.5,10.0
0.0,False,0.75,322.85,0.49446727790072714,1564,41,0.8,1.5,10.0
0.0,True,0.25,94.5,0.5055327220992728,1599,41,0.8,1.5,10.0
0.0,True,0.5,184.8,0.5055327220992728,1599,41,0.8,1.5,10.0
0.0,True,0.75,325.1500000000001,0.5055327220992728,1599,41,0.8,1.5,10.0
0.03,False,0.25,96.15,0.31889702445863843,2047,41,0.8,1.5,10.0
0.03,False,0.5,176.59999999999997,0.31889702445863843,2047,41,0.8,1.5,10.0
0.03,False,0.75,308.15000000000003,0.31889702445863843,2047,41,0.8,1.5,10.0
0.03,True,0.25,95.49999999999999,0.6811029755413616,4372,41,0.8,1.5,10.0
0.03,True,0.5,177.14999999999998,0.6811029755413616,4372,41,0.8,1.5,10.0
0.03,True,0.75,315.57500000000005,0.6811029755413616,4372,41,0.8,1.5,10.0
0.06,False,0.25,87.45,0.18629646215853113,1248,41,0.8,1.5,10.0
0.06,False,0.5,157.14999999999998,0.18629646215853113,1248,41,0.8,1.5,10.0
0.06,False,0.75,265.975,0.18629646215853113,1248,41,0.8,1.5,10.0
0.06,True,0.25,87.15,0.8137035378414689,5451,41,0.8,1.5,10.0
0.06,True,0.5,162.49999999999997,0.8137035378414689,5451,41,0.8,1.5,10.0
0.06,True,0.75,277.90000000000003,0.8137035378414689,5451,41,0.8,1.5,10.0
0.09,False,0.25,68.55000000000001,0.09017869511012605,651,41,0.8,1.5,10.0
0.09,False,0.5,125.3,0.09017869511012605,651,41,0.8,1.5,10.0
0.09,False,0.75,226.90000000000003,0.09017869511012605,651,41,0.8,1.5,10.0
0.09,True,0.25,79.575,0.9098213048898739,6568,41,0.8,1.5,10.0
0.09,True,0.5,140.9,0.9098213048898739,6568,41,0.8,1.5,10.0
0.09,True,0.75,240.80000000000004,0.9098213048898739,6568,41,0.8,1.5,10.0
0.12,False,0.25,66.25,0.04439480664526037,318,41,0.8,1.5,10.0
0.12,False,0.5,113.85000000000001,0.04439480664526037,318,41,0.8,1.5,10.0
0.12,False,0.75,195.52500000000003,0.04439480664526037,318,41,0.8,1.5,10.0
0.12,True,0.25,69.8,0.9556051933547396,6845,41,0.8,1.5,10.0
0.12,True,0.5,119.10000000000001,0.9556051933547396,6845,41,0.8,1.5,10.0
0.12,True,0.75,204.4,0.9556051933547396,6845,41,0.8,1.5,10.0
0.15,False,0.25,55.6,0.022621332602138743,165,41,0.8,1.5,10.0
0.15,False,0.5,99.8,0.022621332602138743,165,41,0.8,1.5,10.0
0.15,False,0.75,156.60000000000002,0.022621332602138743,165,41,0.8,1.5,10.0
0.15,True,0.25,62.9,0.9773786673978613,7129,41,0.8,1.5,10.0
0.15,True,0.5,102.89999999999999,0.9773786673978613,7129,41,0.8,1.5,10.0
0.15,True,0.75,166.60000000000002,0.9773786673978613,7129,41,0.8,1.5,10.0
0.0,False,0.25,100.05,0.4925515055467512,1554,52,0.8,1.5,10.0
0.0,False,0.5,184.9,0.4925515055467512,1554,52,0.8,1.5,10.0
0.0,False,0.75,319.40000000000003,0.4925515055467512,1554,52,0.8,1.5,10.0
0.0,True,0.25,100.6,0.5074484944532488,1601,52,0.8,1.5,10.0
0.0,True,0.5,187.49999999999997,0.5074484944532488,1601,52,0.8,1.5,10.0
0.0,True,0.75,331.40000000000003,0.5074484944532488,1601,52,0.8,1.5,10.0
0.03,False,0.25,93.75,0.31951560316721006,2058,52,0.8,1.5,10.0
0.03,False,0.5,184.2,0.31951560316721006,2058,52,0.8,1.5,10.0
0.03,False,0.75,319.20000000000005,0.31951560316721006,2058,52,0.8,1.5,10.0
0.03,True,0.25,96.95000000000002,0.6804843968327899,4383,52,0.8,1.5,10.0
0.03,True,0.5,180.4,0.6804843968327899,4383,52,0.8,1.5,10.0
0.03,True,0.75,325.05000000000007,0.6804843968327899,4383,52,0.8,1.5,10.0
0.06,False,0.25,85.60000000000001,0.18604651162790697,1248,52,0.8,1.5,10.0
0.06,False,0.5,164.84999999999997,0.18604651162790697,1248,52,0.8,1.5,10.0
0.06,False,0.75,285.8500000000001,0.18604651162790697,1248,52,0.8,1.5,10.0
0.06,True,0.25,89.0,0.813953488372093,5460,52,0.8,1.5,10.0
0.06,True,0.5,164.70000000000002,0.813953488372093,5460,52,0.8,1.5,10.0
0.06,True,0.75,285.725,0.813953488372093,5460,52,0.8,1.5,10.0
0.09,False,0.25,73.5,0.09811268387454898,707,52,0.8,1.5,10.0
0.09,False,0.5,136.29999999999998,0.09811268387454898,707,52,0.8,1.5,10.0
0.09,False,0.75,239.60000000000002,0.09811268387454898,707,52,0.8,1.5,10.0
0.09,True,0.25,78.80000000000001,0.901887316125451,6499,52,0.8,1.5,10.0
0.09,True,0.5,138.8,0.901887316125451,6499,52,0.8,1.5,10.0
0.09,True,0.75,239.55000000000004,0.901887316125451,6499,52,0.8,1.5,10.0
0.12,False,0.25,59.275000000000006,0.05108164689462666,366,52,0.8,1.5,10.0
0.12,False,0.5,105.0,0.05108164689462666,366,52,0.8,1.5,10.0
0.12,False,0.75,177.45,0.05108164689462666,366,52,0.8,1.5,10.0
0.12,True,0.25,69.9,0.9489183531053733,6799,52,0.8,1.5,10.0
0.12,True,0.5,119.00000000000003,0.9489183531053733,6799,52,0.8,1.5,10.0
0.12,True,0.75,201.35000000000002,0.9489183531053733,6799,52,0.8,1.5,10.0
0.15,False,0.25,55.45,0.023590728295158413,172,52,0.8,1.5,10.0
0.15,False,0.5,92.85,0.023590728295158413,172,52,0.8,1.5,10.0
0.15,False,0.75,150.02499999999998,0.023590728295158413,172,52,0.8,1.5,10.0
0.15,True,0.25,62.20000000000001,0.9764092717048416,7119,52,0.8,1.5,10.0
0.15,True,0.5,103.29999999999998,0.9764092717048416,7119,52,0.8,1.5,10.0
0.15,True,0.75,165.1,0.9764092717048416,7119,52,0.8,1.5,10.0
0.0,False,0.25,99.2,0.49116719242902207,1557,56,0.8,1.5,10.0
0.0,False,0.5,182.9,0.49116719242902207,1557,56,0.8,1.5,10.0
0.0,False,0.75,336.6000000000001,0.49116719242902207,1557,56,0.8,1.5,10.0
0.0,True,0.25,98.6,0.5088328075709779,1613,56,0.8,1.5,10.0
0.0,True,0.5,183.0,0.5088328075709779,1613,56,0.8,1.5,10.0
0.0,True,0.75,321.70000000000005,0.5088328075709779,1613,56,0.8,1.5,10.0
0.03,False,0.25,91.39999999999999,0.32062256809338524,2060,56,0.8,1.5,10.0
0.03,False,0.5,167.85000000000002,0.32062256809338524,2060,56,0.8,1.5,10.0
0.03,False,0.75,304.92500000000007,0.32062256809338524,2060,56,0.8,1.5,10.0
0.03,True,0.25,95.8,0.6793774319066148,4365,56,0.8,1.5,10.0
0.03,True,0.5,179.0,0.6793774319066148,4365,56,0.8,1.5,10.0
0.03,True,0.75,314.6,0.6793774319066148,4365,56,0.8,1.5,10.0
0.06,False,0.25,84.25,0.17941834451901567,1203,56,0.8,1.5,10.0
0.06,False,0.5,161.89999999999998,0.17941834451901567,1203,56,0.8,1.5,10.0
0.06,False,0.75,287.20000000000005,0.17941834451901567,1203,56,0.8,1.5,10.0
0.06,True,0.25,85.1,0.8205816554809844,5502,56,0.8,1.5,10.0
0.06,True,0.5,158.34999999999997,0.8205816554809844,5502,56,0.8,1.5,10.0
0.06,True,0.75,281.2,0.8205816554809844,5502,56,0.8,1.5,10.0
0.09,False,0.25,72.69999999999999,0.09418782077958109,679,56,0.8,1.5,10.0
0.09,False,0.5,128.70000000000002,0.09418782077958109,679,56,0.8,1.5,10.0
0.09,False,0.75,220.45000000000005,0.09418782077958109,679,56,0.8,1.5,10.0
0.09,True,0.25,80.52499999999998,0.9058121792204189,6530,56,0.8,1.5,10.0
0.09,True,0.5,141.0,0.9058121792204189,6530,56,0.8,1.5,10.0
0.09,True,0.75,242.60000000000002,0.9058121792204189,6530,56,0.8,1.5,10.0
0.12,False,0.25,62.74999999999999,0.050816696914700546,364,56,0.8,1.5,10.0
0.12,False,0.5,104.79999999999998,0.050816696914700546,364,56,0.8,1.5,10.0
0.12,False,0.75,182.65,0.050816696914700546,364,56,0.8,1.5,10.0
0.12,True,0.25,69.25,0.9491833030852994,6799,56,0.8,1.5,10.0
0.12,True,0.5,119.00000000000003,0.9491833030852994,6799,56,0.8,1.5,10.0
0.12,True,0.75,201.55,0.9491833030852994,6799,56,0.8,1.5,10.0
0.15,False,0.25,58.349999999999994,0.023447141094199916,171,56,0.8,1.5,10.0
0.15,False,0.5,93.39999999999999,0.023447141094199916,171,56,0.8,1.5,10.0
0.15,False,0.75,155.4,0.023447141094199916,171,56,0.8,1.5,10.0
0.15,True,0.25,61.3,0.9765528589058001,7122,56,0.8,1.5,10.0
0.15,True,0.5,99.2,0.9765528589058001,7122,56,0.8,1.5,10.0
0.15,True,0.75,162.975,0.9765528589058001,7122,56,0.8,1.5,10.0
0.0,False,0.25,100.8,0.5091772151898735,1609,57,0.8,1.5,10.0
0.0,False,0.5,188.6,0.5091772151898735,1609,57,0.8,1.5,10.0
0.0,False,0.75,336.1,0.5091772151898735,1609,57,0.8,1.5,10.0
0.0,True,0.25,94.55,0.4908227848101266,1551,57,0.8,1.5,10.0
0.0,True,0.5,180.8,0.4908227848101266,1551,57,0.8,1.5,10.0
0.0,True,0.75,314.9,0.4908227848101266,1551,57,0.8,1.5,10.0
0.03,False,0.25,96.225,0.32977901406274146,2134,57,0.8,1.5,10.0
0.03,False,0.5,181.2,0.32977901406274146,2134,57,0.8,1.5,10.0
0.03,False,0.75,327.27500000000003,0.32977901406274146,2134,57,0.8,1.5,10.0
0.03,True,0.25,95.49999999999999,0.6702209859372585,4337,57,0.8,1.5,10.0
0.03,True,0.5,180.70000000000002,0.6702209859372585,4337,57,0.8,1.5,10.0
0.03,True,0.75,310.70000000000005,0.6702209859372585,4337,57,0.8,1.5,10.0
0.06,False,0.25,81.49999999999999,0.1759797347638206,1181,57,0.8,1.5,10.0
0.06,False,0.5,160.3,0.1759797347638206,1181,57,0.8,1.5,10.0
0.06,False,0.75,292.70000000000005,0.1759797347638206,1181,57,0.8,1.5,10.0
0.06,True,0.25,86.025,0.8240202652361794,5530,57,0.8,1.5,10.0
0.06,True,0.5,157.5,0.8240202652361794,5530,57,0.8,1.5,10.0
0.06,True,0.75,282.50000000000006,0.8240202652361794,5530,57,0.8,1.5,10.0
0.09,False,0.25,73.30000000000001,0.09809907034827252,707,57,0.8,1.5,10.0
0.09,False,0.5,130.70000000000002,0.09809907034827252,707,57,0.8,1.5,10.0
0.09,False,0.75,232.90000000000003,0.09809907034827252,707,57,0.8,1.5,10.0
0.09,True,0.25,79.2,0.9019009296517275,6500,57,0.8,1.5,10.0
0.09,True,0.5,142.35000000000002,0.9019009296517275,6500,57,0.8,1.5,10.0
0.09,True,0.75,243.50000000000006,0.9019009296517275,6500,57,0.8,1.5,10.0
0.12,False,0.25,61.75,0.050013970382788486,358,57,0.8,1.5,10.0
0.12,False,0.5,99.94999999999999,0.050013970382788486,358,57,0.8,1.5,10.0
0.12,False,0.75,168.575,0.050013970382788486,358,57,0.8,1.5,10.0
0.12,True,0.25,69.57499999999999,0.9499860296172115,6800,57,0.8,1.5,10.0
0.12,True,0.5,118.79999999999998,0.9499860296172115,6800,57,0.8,1.5,10.0
0.12,True,0.75,204.8,0.9499860296172115,6800,57,0.8,1.5,10.0
0.15,False,0.25,47.824999999999996,0.025774609267891418,188,57,0.8,1.5,10.0
0.15,False,0.5,78.39999999999999,0.025774609267891418,188,57,0.8,1.5,10.0
0.15,False,0.75,132.55,0.025774609267891418,188,57,0.8,1.5,10.0
0.15,True,0.25,62.999999999999986,0.9742253907321086,7106,57,0.8,1.5,10.0
0.15,True,0.5,103.4,0.9742253907321086,7106,57,0.8,1.5,10.0
0.15,True,0.75,167.17499999999998,0.9742253907321086,7106,57,0.8,1.5,10.0
0.0,False,0.25,96.57499999999999,0.5047558655675333,1592,59,0.8,1.5,10.0
0.0,False,0.5,186.05,0.5047558655675333,1592,59,0.8,1.5,10.0
0.0,False,0.75,338.37500000000006,0.5047558655675333,1592,59,0.8,1.5,10.0
0.0,True,0.25,98.125,0.49524413443246673,1562,59,0.8,1.5,10.0
0.0,True,0.5,190.2,0.49524413443246673,1562,59,0.8,1.5,10.0
0.0,True,0.75,336.85,0.49524413443246673,1562,59,0.8,1.5,10.0
0.03,False,0.25,93.99999999999997,0.3247863247863248,2090,59,0.8,1.5,10.0
0.03,False,0.5,179.0,0.3247863247863248,2090,59,0.8,1.5,10.0
0.03,False,0.75,315.07500000000005,0.3247863247863248,2090,59,0.8,1.5,10.0
0.03,True,0.25,96.5,0.6752136752136753,4345,59,0.8,1.5,10.0
0.03,True,0.5,180.4,0.6752136752136753,4345,59,0.8,1.5,10.0
0.03,True,0.75,316.3,0.6752136752136753,4345,59,0.8,1.5,10.0
0.06,False,0.25,84.3,0.17885331347728964,1201,59,0.8,1.5,10.0
0.06,False,0.5,154.39999999999998,0.17885331347728964,1201,59,0.8,1.5,10.0
0.06,False,0.75,275.3,0.17885331347728964,1201,59,0.8,1.5,10.0
0.06,True,0.25,89.09999999999998,0.8211466865227104,5514,59,0.8,1.5,10.0
0.06,True,0.5,162.09999999999997,0.8211466865227104,5514,59,0.8,1.5,10.0
0.06,True,0.75,285.175,0.8211466865227104,5514,59,0.8,1.5,10.0
0.09,False,0.25,72.80000000000001,0.09350721420643729,674,59,0.8,1.5,10.0
0.09,False,0.5,132.1,0.09350721420643729,674,59,0.8,1.5,10.0
0.09,False,0.75,230.20000000000005,0.09350721420643729,674,59,0.8,1.5,10.0
0.09,True,0.25,80.12499999999999,0.9064927857935627,6534,59,0.8,1.5,10.0
0.09,True,0.5,143.3,0.9064927857935627,6534,59,0.8,1.5,10.0
0.09,True,0.75,247.77500000000003,0.9064927857935627,6534,59,0.8,1.5,10.0
0.12,False,0.25,63.70000000000001,0.04372119011035061,313,59,0.8,1.5,10.0
0.12,False,0.5,115.2,0.04372119011035061,313,59,0.8,1.5,10.0
0.12,False,0.75,198.79999999999998,0.04372119011035061,313,59,0.8,1.5,10.0
0.12,True,0.25,70.6,0.9562788098896494,6846,59,0.8,1.5,10.0
0.12,True,0.5,120.75,0.9562788098896494,6846,59,0.8,1.5,10.0
0.12,True,0.75,205.45000000000005,0.9562788098896494,6846,59,0.8,1.5,10.0
0.15,False,0.25,53.14999999999999,0.022496570644718793,164,59,0.8,1.5,10.0
0.15,False,0.5,93.8,0.022496570644718793,164,59,0.8,1.5,10.0
0.15,False,0.75,149.4,0.022496570644718793,164,59,0.8,1.5,10.0
0.15,True,0.25,62.8,0.9775034293552812,7126,59,0.8,1.5,10.0
0.15,True,0.5,101.8,0.9775034293552812,7126,59,0.8,1.5,10.0
0.15,True,0.75,168.49999999999997,0.9775034293552812,7126,59,0.8,1.5,10.0
0.0,False,0.25,93.7,0.48183254344391785,1525,61,0.8,1.5,10.0
0.0,False,0.5,175.50000000000003,0.48183254344391785,1525,61,0.8,1.5,10.0
0.0,False,0.75,310.50000000000006,0.48183254344391785,1525,61,0.8,1.5,10.0
0.0,True,0.25,98.97500000000001,0.5181674565560821,1640,61,0.8,1.5,10.0
0.0,True,0.5,185.10000000000002,0.5181674565560821,1640,61,0.8,1.5,10.0
0.0,True,0.75,323.6,0.5181674565560821,1640,61,0.8,1.5,10.0
0.03,False,0.25,90.54999999999998,0.319280843149411,2060,61,0.8,1.5,10.0
0.03,False,0.5,172.2,0.319280843149411,2060,61,0.8,1.5,10.0
0.03,False,0.75,311.975,0.319280843149411,2060,61,0.8,1.5,10.0
0.03,True,0.25,94.29999999999998,0.6807191568505889,4392,61,0.8,1.5,10.0
0.03,True,0.5,180.6,0.6807191568505889,4392,61,0.8,1.5,10.0
0.03,True,0.75,316.32500000000005,0.6807191568505889,4392,61,0.8,1.5,10.0
0.06,False,0.25,82.49999999999999,0.18387909319899245,1241,61,0.8,1.5,10.0
0.06,False,0.5,152.7,0.18387909319899245,1241,61,0.8,1.5,10.0
0.06,False,0.75,287.00000000000006,0.18387909319899245,1241,61,0.8,1.5,10.0
0.06,True,0.25,88.39999999999999,0.8161209068010076,5508,61,0.8,1.5,10.0
0.06,True,0.5,162.09999999999997,0.8161209068010076,5508,61,0.8,1.5,10.0
0.06,True,0.75,282.87500000000006,0.8161209068010076,5508,61,0.8,1.5,10.0
0.09,False,0.25,72.25,0.10437196391394865,752,61,0.8,1.5,10.0
0.09,False,0.5,137.7,0.10437196391394865,752,61,0.8,1.5,10.0
0.09,False,0.75,242.77500000000003,0.10437196391394865,752,61,0.8,1.5,10.0
0.09,True,0.25,78.80000000000001,0.8956280360860513,6453,61,0.8,1.5,10.0
0.09,True,0.5,140.9,0.8956280360860513,6453,61,0.8,1.5,10.0
0.09,True,0.75,242.40000000000003,0.8956280360860513,6453,61,0.8,1.5,10.0
0.12,False,0.25,68.70000000000002,0.04593688913711254,329,61,0.8,1.5,10.0
0.12,False,0.5,117.80000000000001,0.04593688913711254,329,61,0.8,1.5,10.0
0.12,False,0.75,201.30000000000004,0.04593688913711254,329,61,0.8,1.5,10.0
0.12,True,0.25,68.39999999999999,0.9540631108628874,6833,61,0.8,1.5,10.0
0.12,True,0.5,120.09999999999998,0.9540631108628874,6833,61,0.8,1.5,10.0
0.12,True,0.75,203.2,0.9540631108628874,6833,61,0.8,1.5,10.0
0.15,False,0.25,57.975,0.02578167855183763,188,61,0.8,1.5,10.0
0.15,False,0.5,87.80000000000001,0.02578167855183763,188,61,0.8,1.5,10.0
0.15,False,0.75,154.67499999999998,0.02578167855183763,188,61,0.8,1.5,10.0
0.15,True,0.25,63.199999999999996,0.9742183214481623,7104,61,0.8,1.5,10.0
0.15,True,0.5,103.24999999999999,0.9742183214481623,7104,61,0.8,1.5,10.0
0.15,True,0.75,167.125,0.9742183214481623,7104,61,0.8,1.5,10.0
0.0,False,0.25,95.1,0.5076287349014622,1597,73,0.8,1.5,10.0
0.0,False,0.5,182.3,0.5076287349014622,1597,73,0.8,1.5,10.0
0.0,False,0.75,311.70000000000005,0.5076287349014622,1597,73,0.8,1.5,10.0
0.0,True,0.25,101.19999999999999,0.49237126509853785,1549,73,0.8,1.5,10.0
0.0,True,0.5,193.70000000000002,0.49237126509853785,1549,73,0.8,1.5,10.0
0.0,True,0.75,336.80000000000007,0.49237126509853785,1549,73,0.8,1.5,10.0
0.03,False,0.25,93.35000000000001,0.3224502487562189,2074,73,0.8,1.5,10.0
0.03,False,0.5,171.2,0.3224502487562189,2074,73,0.8,1.5,10.0
0.03,False,0.75,311.55,0.3224502487562189,2074,73,0.8,1.5,10.0
0.03,True,0.25,93.39999999999999,0.6775497512437811,4358,73,0.8,1.5,10.0
0.03,True,0.5,180.1,0.6775497512437811,4358,73,0.8,1.5,10.0
0.03,True,0.75,320.9000000000001,0.6775497512437811,4358,73,0.8,1.5,10.0
0.06,False,0.25,84.49999999999999,0.1855223880597015,1243,73,0.8,1.5,10.0
0.06,False,0.5,159.2,0.1855223880597015,1243,73,0.8,1.5,10.0
0.06,False,0.75,277.35,0.1855223880597015,1243,73,0.8,1.5,10.0
0.06,True,0.25,93.0,0.8144776119402986,5457,73,0.8,1.5,10.0
0.06,True,0.5,167.40000000000003,0.8144776119402986,5457,73,0.8,1.5,10.0
0.06,True,0.75,285.00000000000006,0.8144776119402986,5457,73,0.8,1.5,10.0
0.09,False,0.25,66.5,0.09533046972426217,688,73,0.8,1.5,10.0
0.09,False,0.5,125.74999999999999,0.09533046972426217,688,73,0.8,1.5,10.0
0.09,False,0.75,245.50000000000003,0.09533046972426217,688,73,0.8,1.5,10.0
0.09,True,0.25,82.4,0.9046695302757378,6529,73,0.8,1.5,10.0
0.09,True,0.5,141.20000000000002,0.9046695302757378,6529,73,0.8,1.5,10.0
0.09,True,0.75,244.90000000000003,0.9046695302757378,6529,73,0.8,1.5,10.0
0.12,False,0.25,61.60000000000001,0.048790717181602127,349,73,0.8,1.5,10.0
0.12,False,0.5,113.40000000000002,0.048790717181602127,349,73,0.8,1.5,10.0
0.12,False,0.75,185.60000000000002,0.048790717181602127,349,73,0.8,1.5,10.0
0.12,True,0.25,71.29999999999998,0.9512092828183979,6804,73,0.8,1.5,10.0
0.12,True,0.5,122.49999999999999,0.9512092828183979,6804,73,0.8,1.5,10.0
0.12,True,0.75,201.72500000000005,0.9512092828183979,6804,73,0.8,1.5,10.0
0.15,False,0.25,52.375,0.023868312757201648,174,73,0.8,1.5,10.0
0.15,False,0.5,92.85,0.023868312757201648,174,73,0.8,1.5,10.0
0.15,False,0.75,148.625,0.023868312757201648,174,73,0.8,1.5,10.0
0.15,True,0.25,62.1,0.9761316872427983,7116,73,0.8,1.5,10.0
0.15,True,0.5,101.99999999999999,0.9761316872427983,7116,73,0.8,1.5,10.0
0.15,True,0.75,165.9,0.9761316872427983,7116,73,0.8,1.5,10.0
0.0,False,0.25,105.125,0.5083675402589201,1610,79,0.8,1.5,10.0
0.0,False,0.5,199.55,0.5083675402589201,1610,79,0.8,1.5,10.0
0.0,False,0.75,329.85,0.5083675402589201,1610,79,0.8,1.5,10.0
0.0,True,0.25,98.8,0.4916324597410799,1557,79,0.8,1.5,10.0
0.0,True,0.5,194.2,0.4916324597410799,1557,79,0.8,1.5,10.0
0.0,True,0.75,345.8,0.4916324597410799,1557,79,0.8,1.5,10.0
0.03,False,0.25,94.975,0.3290982336535482,2124,79,0.8,1.5,10.0
0.03,False,0.5,177.75,0.3290982336535482,2124,79,0.8,1.5,10.0
0.03,False,0.75,313.32500000000005,0.3290982336535482,2124,79,0.8,1.5,10.0
0.03,True,0.25,96.5,0.6709017663464518,4330,79,0.8,1.5,10.0
0.03,True,0.5,178.75,0.6709017663464518,4330,79,0.8,1.5,10.0
0.03,True,0.75,309.17500000000007,0.6709017663464518,4330,79,0.8,1.5,10.0
0.06,False,0.25,84.72500000000001,0.18803163706909418,1260,79,0.8,1.5,10.0
0.06,False,0.5,155.0,0.18803163706909418,1260,79,0.8,1.5,10.0
0.06,False,0.75,274.57500000000005,0.18803163706909418,1260,79,0.8,1.5,10.0
0.06,True,0.25,88.79999999999998,0.8119683629309058,5441,79,0.8,1.5,10.0
0.06,True,0.5,163.7,0.8119683629309058,5441,79,0.8,1.5,10.0
0.06,True,0.75,281.7,0.8119683629309058,5441,79,0.8,1.5,10.0
0.09,False,0.25,68.1,0.09602556976097833,691,79,0.8,1.5,10.0
0.09,False,0.5,126.5,0.09602556976097833,691,79,0.8,1.5,10.0
0.09,False,0.75,228.90000000000003,0.09602556976097833,691,79,0.8,1.5,10.0
0.09,True,0.25,80.0,0.9039744302390217,6505,79,0.8,1.5,10.0
0.09,True,0.5,139.49999999999997,0.9039744302390217,6505,79,0.8,1.5,10.0
0.09,True,0.75,239.20000000000002,0.9039744302390217,6505,79,0.8,1.5,10.0
0.12,False,0.25,61.60000000000001,0.04818435754189944,345,79,0.8,1.5,10.0
0.12,False,0.5,99.8,0.04818435754189944,345,79,0.8,1.5,10.0
0.12,False,0.75,175.7,0.04818435754189944,345,79,0.8,1.5,10.0
0.12,True,0.25,71.50000000000001,0.9518156424581006,6815,79,0.8,1.5,10.0
0.12,True,0.5,122.09999999999998,0.9518156424581006,6815,79,0.8,1.5,10.0
0.12,True,0.75,206.20000000000002,0.9518156424581006,6815,79,0.8,1.5,10.0
0.15,False,0.25,61.1,0.028116856398299275,205,79,0.8,1.5,10.0
0.15,False,0.5,98.10000000000001,0.028116856398299275,205,79,0.8,1.5,10.0
0.15,False,0.75,160.70000000000002,0.028116856398299275,205,79,0.8,1.5,10.0
0.15,True,0.25,63.1,0.9718831436017007,7086,79,0.8,1.5,10.0
0.15,True,0.5,102.74999999999997,0.9718831436017007,7086,79,0.8,1.5,10.0
0.15,True,0.75,166.8,0.9718831436017007,7086,79,0.8,1.5,10.0
0.0,False,0.25,100.30000000000001,0.5058674278464954,1595,80,0.8,1.5,10.0
0.0,False,0.5,196.4,0.5058674278464954,1595,80,0.8,1.5,10.0
0.0,False,0.75,334.40000000000003,0.5058674278464954,1595,80,0.8,1.5,10.0
0.0,True,0.25,96.45,0.4941325721535046,1558,80,0.8,1.5,10.0
0.0,True,0.5,193.15,0.4941325721535046,1558,80,0.8,1.5,10.0
0.0,True,0.75,338.25000000000006,0.4941325721535046,1558,80,0.8,1.5,10.0
0.03,False,0.25,92.9,0.32409282043295434,2081,80,0.8,1.5,10.0
0.03,False,0.5,174.70000000000002,0.32409282043295434,2081,80,0.8,1.5,10.0
0.03,False,0.75,318.40000000000003,0.32409282043295434,2081,80,0.8,1.5,10.0
0.03,True,0.25,97.89999999999999,0.6759071795670456,4340,80,0.8,1.5,10.0
0.03,True,0.5,182.5,0.6759071795670456,4340,80,0.8,1.5,10.0
0.03,True,0.75,323.1000000000001,0.6759071795670456,4340,80,0.8,1.5,10.0
0.06,False,0.25,88.57499999999999,0.1699404761904762,1142,80,0.8,1.5,10.0
0.06,False,0.5,157.10000000000002,0.1699404761904762,1142,80,0.8,1.5,10.0
0.06,False,0.75,271.07500000000005,0.1699404761904762,1142,80,0.8,1.5,10.0
0.06,True,0.25,92.025,0.8300595238095239,5578,80,0.8,1.5,10.0
0.06,True,0.5,163.2,0.8300595238095239,5578,80,0.8,1.5,10.0
0.06,True,0.75,288.00000000000006,0.8300595238095239,5578,80,0.8,1.5,10.0
0.09,False,0.25,74.55,0.09297807382736609,670,80,0.8,1.5,10.0
0.09,False,0.5,138.3,0.09297807382736609,670,80,0.8,1.5,10.0
0.09,False,0.75,234.25000000000006,0.09297807382736609,670,80,0.8,1.5,10.0
0.09,True,0.25,78.57499999999999,0.9070219261726339,6536,80,0.8,1.5,10.0
0.09,True,0.5,139.54999999999998,0.9070219261726339,6536,80,0.8,1.5,10.0
0.09,True,0.75,243.60000000000005,0.9070219261726339,6536,80,0.8,1.5,10.0
0.12,False,0.25,64.975,0.0505374842942901,362,80,0.8,1.5,10.0
0.12,False,0.5,111.75,0.0505374842942901,362,80,0.8,1.5,10.0
0.12,False,0.75,213.425,0.0505374842942901,362,80,0.8,1.5,10.0
0.12,True,0.25,70.49999999999999,0.9494625157057099,6801,80,0.8,1.5,10.0
0.12,True,0.5,120.39999999999999,0.9494625157057099,6801,80,0.8,1.5,10.0
0.12,True,0.75,201.70000000000005,0.9494625157057099,6801,80,0.8,1.5,10.0
0.15,False,0.25,54.89999999999999,0.02454408336761278,179,80,0.8,1.5,10.0
0.15,False,0.5,99.70000000000002,0.02454408336761278,179,80,0.8,1.5,10.0
0.15,False,0.75,179.39999999999998,0.02454408336761278,179,80,0.8,1.5,10.0
0.15,True,0.25,61.525000000000006,0.9754559166323872,7114,80,0.8,1.5,10.0
0.15,True,0.5,101.89999999999999,0.9754559166323872,7114,80,0.8,1.5,10.0
0.15,True,0.75,168.57500000000002,0.9754559166323872,7114,80,0.8,1.5,10.0
0.0,False,0.25,96.12499999999999,0.5129500947567909,1624,81,0.8,1.5,10.0
0.0,False,0.5,182.90000000000003,0.5129500947567909,1624,81,0.8,1.5,10.0
0.0,False,0.75,328.05,0.5129500947567909,1624,81,0.8,1.5,10.0
0.0,True,0.25,101.35,0.48704990524320907,1542,81,0.8,1.5,10.0
0.0,True,0.5,189.25,0.48704990524320907,1542,81,0.8,1.5,10.0
0.0,True,0.75,331.5,0.48704990524320907,1542,81,0.8,1.5,10.0
0.03,False,0.25,93.35,0.3158956845700093,2035,81,0.8,1.5,10.0
0.03,False,0.5,172.8,0.3158956845700093,2035,81,0.8,1.5,10.0
0.03,False,0.75,308.8500000000001,0.3158956845700093,2035,81,0.8,1.5,10.0
0.03,True,0.25,96.0,0.6841043154299907,4407,81,0.8,1.5,10.0
0.03,True,0.5,179.10000000000002,0.6841043154299907,4407,81,0.8,1.5,10.0
0.03,True,0.75,312.85,0.6841043154299907,4407,81,0.8,1.5,10.0
0.06,False,0.25,81.8,0.17988077496274218,1207,81,0.8,1.5,10.0
0.06,False,0.5,150.50000000000003,0.17988077496274218,1207,81,0.8,1.5,10.0
0.06,False,0.75,287.35,0.17988077496274218,1207,81,0.8,1.5,10.0
0.06,True,0.25,89.04999999999998,0.8201192250372579,5503,81,0.8,1.5,10.0
0.06,True,0.5,161.8,0.8201192250372579,5503,81,0.8,1.5,10.0
0.06,True,0.75,282.45000000000005,0.8201192250372579,5503,81,0.8,1.5,10.0
0.09,False,0.25,68.99999999999999,0.09408825978351373,678,81,0.8,1.5,10.0
0.09,False,0.5,127.5,0.09408825978351373,678,81,0.8,1.5,10.0
0.09,False,0.75,220.52500000000003,0.09408825978351373,678,81,0.8,1.5,10.0
0.09,True,0.25,80.4,0.9059117402164862,6528,81,0.8,1.5,10.0
0.09,True,0.5,142.2,0.9059117402164862,6528,81,0.8,1.5,10.0
0.09,True,0.75,243.8,0.9059117402164862,6528,81,0.8,1.5,10.0
0.12,False,0.25,60.35000000000001,0.053499092051962564,383,81,0.8,1.5,10.0
0.12,False,0.5,108.49999999999997,0.053499092051962564,383,81,0.8,1.5,10.0
0.12,False,0.75,183.60000000000002,0.053499092051962564,383,81,0.8,1.5,10.0
0.12,True,0.25,69.57499999999999,0.9465009079480374,6776,81,0.8,1.5,10.0
0.12,True,0.5,118.49999999999999,0.9465009079480374,6776,81,0.8,1.5,10.0
0.12,True,0.75,198.525,0.9465009079480374,6776,81,0.8,1.5,10.0
0.15,False,0.25,51.949999999999996,0.02344392651494379,171,81,0.8,1.5,10.0
0.15,False,0.5,86.19999999999999,0.02344392651494379,171,81,0.8,1.5,10.0
0.15,False,0.75,156.0,0.02344392651494379,171,81,0.8,1.5,10.0
0.15,True,0.25,62.35000000000001,0.9765560734850562,7123,81,0.8,1.5,10.0
0.15,True,0.5,101.69999999999999,0.9765560734850562,7123,81,0.8,1.5,10.0
0.15,True,0.75,166.25,0.9765560734850562,7123,81,0.8,1.5,10.0
0.0,False,0.25,94.69999999999997,0.5119949494949495,1622,97,0.8,1.5,10.0
0.0,False,0.5,190.0,0.5119949494949495,1622,97,0.8,1.5,10.0
0.0,False,0.75,326.27500000000003,0.5119949494949495,1622,97,0.8,1.5,10.0
0.0,True,0.25,97.975,0.4880050505050505,1546,97,0.8,1.5,10.0
0.0,True,0.5,177.85,0.4880050505050505,1546,97,0.8,1.5,10.0
0.0,True,0.75,329.1,0.4880050505050505,1546,97,0.8,1.5,10.0
0.03,False,0.25,97.07499999999999,0.3181818181818182,2044,97,0.8,1.5,10.0
0.03,False,0.5,174.45,0.3181818181818182,2044,97,0.8,1.5,10.0
0.03,False,0.75,308.32500000000005,0.3181818181818182,2044,97,0.8,1.5,10.0
0.03,True,0.25,97.7,0.6818181818181818,4380,97,0.8,1.5,10.0
0.03,True,0.5,183.0,0.6818181818181818,4380,97,0.8,1.5,10.0
0.03,True,0.75,316.92500000000007,0.6818181818181818,4380,97,0.8,1.5,10.0
0.06,False,0.25,84.57499999999999,0.1744047619047619,1172,97,0.8,1.5,10.0
0.06,False,0.5,158.39999999999998,0.1744047619047619,1172,97,0.8,1.5,10.0
0.06,False,0.75,283.35,0.1744047619047619,1172,97,0.8,1.5,10.0
0.06,True,0.25,87.97500000000001,0.825595238095238,5548,97,0.8,1.5,10.0
0.06,True,0.5,162.95,0.825595238095238,5548,97,0.8,1.5,10.0
0.06,True,0.75,284.5250000000001,0.825595238095238,5548,97,0.8,1.5,10.0
0.09,False,0.25,73.225,0.09130012487859027,658,97,0.8,1.5,10.0
0.09,False,0.5,128.0,0.09130012487859027,658,97,0.8,1.5,10.0
0.09,False,0.75,230.45000000000005,0.09130012487859027,658,97,0.8,1.5,10.0
0.09,True,0.25,80.3,0.9086998751214097,6549,97,0.8,1.5,10.0
0.09,True,0.5,139.89999999999998,0.9086998751214097,6549,97,0.8,1.5,10.0
0.09,True,0.75,239.90000000000006,0.9086998751214097,6549,97,0.8,1.5,10.0
0.12,False,0.25,56.775000000000006,0.044655316773653364,320,97,0.8,1.5,10.0
0.12,False,0.5,95.45,0.044655316773653364,320,97,0.8,1.5,10.0
0.12,False,0.75,164.425,0.044655316773653364,320,97,0.8,1.5,10.0
0.12,True,0.25,69.8,0.9553446832263467,6846,97,0.8,1.5,10.0
0.12,True,0.5,120.49999999999999,0.9553446832263467,6846,97,0.8,1.5,10.0
0.12,True,0.75,201.5,0.9553446832263467,6846,97,0.8,1.5,10.0
0.15,False,0.25,53.19999999999999,0.02688983399643298,196,97,0.8,1.5,10.0
0.15,False,0.5,91.19999999999999,0.02688983399643298,196,97,0.8,1.5,10.0
0.15,False,0.75,183.0,0.02688983399643298,196,97,0.8,1.5,10.0
0.15,True,0.25,61.1,0.973110166003567,7093,97,0.8,1.5,10.0
0.15,True,0.5,101.4,0.973110166003567,7093,97,0.8,1.5,10.0
0.15,True,0.75,164.20000000000002,0.973110166003567,7093,97,0.8,1.5,10.0
0.0,False,0.25,100.44999999999999,0.5093324897184436,1610,98,0.8,1.5,10.0
0.0,False,0.5,188.49999999999997,0.5093324897184436,1610,98,0.8,1.5,10.0
0.0,False,0.75,328.675,0.5093324897184436,1610,98,0.8,1.5,10.0
0.0,True,0.25,95.9,0.4906675102815565,1551,98,0.8,1.5,10.0
0.0,True,0.5,183.9,0.4906675102815565,1551,98,0.8,1.5,10.0
0.0,True,0.75,322.8,0.4906675102815565,1551,98,0.8,1.5,10.0
0.03,False,0.25,97.30000000000001,0.3082298136645963,1985,98,0.8,1.5,10.0
0.03,False,0.5,179.79999999999998,0.3082298136645963,1985,98,0.8,1.5,10.0
0.03,False,0.75,317.59999999999997,0.3082298136645963,1985,98,0.8,1.5,10.0
0.03,True,0.25,97.75,0.6917701863354038,4455,98,0.8,1.5,10.0
0.03,True,0.5,178.6,0.6917701863354038,4455,98,0.8,1.5,10.0
0.03,True,0.75,314.90000000000003,0.6917701863354038,4455,98,0.8,1.5,10.0
0.06,False,0.25,84.79999999999998,0.18083048072629856,1215,98,0.8,1.5,10.0
0.06,False,0.5,167.0,0.18083048072629856,1215,98,0.8,1.5,10.0
0.06,False,0.75,279.55,0.18083048072629856,1215,98,0.8,1.5,10.0
0.06,True,0.25,88.1,0.8191695192737014,5504,98,0.8,1.5,10.0
0.06,True,0.5,161.89999999999998,0.8191695192737014,5504,98,0.8,1.5,10.0
0.06,True,0.75,282.42500000000007,0.8191695192737014,5504,98,0.8,1.5,10.0
0.09,False,0.25,74.05000000000001,0.09266462906362878,667,98,0.8,1.5,10.0
0.09,False,0.5,130.2,0.09266462906362878,667,98,0.8,1.5,10.0
0.09,False,0.75,222.95000000000002,0.09266462906362878,667,98,0.8,1.5,10.0
0.09,True,0.25,80.35,0.9073353709363712,6531,98,0.8,1.5,10.0
0.09,True,0.5,141.20000000000002,0.9073353709363712,6531,98,0.8,1.5,10.0
0.09,True,0.75,246.55,0.9073353709363712,6531,98,0.8,1.5,10.0
0.12,False,0.25,65.85,0.04792510828559452,343,98,0.8,1.5,10.0
0.12,False,0.5,105.99999999999999,0.04792510828559452,343,98,0.8,1.5,10.0
0.12,False,0.75,193.6,0.04792510828559452,343,98,0.8,1.5,10.0
0.12,True,0.25,69.5,0.9520748917144055,6814,98,0.8,1.5,10.0
0.12,True,0.5,117.10000000000001,0.9520748917144055,6814,98,0.8,1.5,10.0
0.12,True,0.75,199.49999999999997,0.9520748917144055,6814,98,0.8,1.5,10.0
0.15,False,0.25,53.324999999999996,0.024417009602194787,178,98,0.8,1.5,10.0
0.15,False,0.5,85.20000000000002,0.024417009602194787,178,98,0.8,1.5,10.0
0.15,False,0.75,143.92499999999998,0.024417009602194787,178,98,0.8,1.5,10.0
0.15,True,0.25,62.9,0.9755829903978052,7112,98,0.8,1.5,10.0
0.15,True,0.5,104.2,0.9755829903978052,7112,98,0.8,1.5,10.0
0.15,True,0.75,169.99999999999997,0.9755829903978052,7112,98,0.8,1.5,10.0
0.0,False,0.25,98.15,0.5084046939422772,1603,99,0.8,1.5,10.0
0.0,False,0.5,187.1,0.5084046939422772,1603,99,0.8,1.5,10.0
0.0,False,0.75,325.25,0.5084046939422772,1603,99,0.8,1.5,10.0
0.0,True,0.25,99.82499999999999,0.4915953060577228,1550,99,0.8,1.5,10.0
0.0,True,0.5,192.55,0.4915953060577228,1550,99,0.8,1.5,10.0
0.0,True,0.75,336.80000000000007,0.4915953060577228,1550,99,0.8,1.5,10.0
0.03,False,0.25,91.44999999999999,0.31559348332040343,2034,99,0.8,1.5,10.0
0.03,False,0.5,182.15,0.31559348332040343,2034,99,0.8,1.5,10.0
0.03,False,0.75,322.70000000000005,0.31559348332040343,2034,99,0.8,1.5,10.0
0.03,True,0.25,95.30000000000001,0.6844065166795966,4411,99,0.8,1.5,10.0
0.03,True,0.5,176.9,0.6844065166795966,4411,99,0.8,1.5,10.0
0.03,True,0.75,315.75,0.6844065166795966,4411,99,0.8,1.5,10.0
0.06,False,0.25,81.2,0.18508575689783743,1241,99,0.8,1.5,10.0
0.06,False,0.5,159.89999999999998,0.18508575689783743,1241,99,0.8,1.5,10.0
0.06,False,0.75,278.1,0.18508575689783743,1241,99,0.8,1.5,10.0
0.06,True,0.25,90.8,0.8149142431021625,5464,99,0.8,1.5,10.0
0.06,True,0.5,163.89999999999998,0.8149142431021625,5464,99,0.8,1.5,10.0
0.06,True,0.75,287.3,0.8149142431021625,5464,99,0.8,1.5,10.0
0.09,False,0.25,68.5,0.1030513176144244,743,99,0.8,1.5,10.0
0.09,False,0.5,127.5,0.1030513176144244,743,99,0.8,1.5,10.0
0.09,False,0.75,229.8,0.1030513176144244,743,99,0.8,1.5,10.0
0.09,True,0.25,80.44999999999999,0.8969486823855756,6467,99,0.8,1.5,10.0
0.09,True,0.5,143.3,0.8969486823855756,6467,99,0.8,1.5,10.0
0.09,True,0.75,248.60000000000002,0.8969486823855756,6467,99,0.8,1.5,10.0
0.12,False,0.25,57.50000000000001,0.044134078212290505,316,99,0.8,1.5,10.0
0.12,False,0.5,101.0,0.044134078212290505,316,99,0.8,1.5,10.0
0.12,False,0.75,197.79999999999995,0.044134078212290505,316,99,0.8,1.5,10.0
0.12,True,0.25,70.09999999999998,0.9558659217877095,6844,99,0.8,1.5,10.0
0.12,True,0.5,120.15,0.9558659217877095,6844,99,0.8,1.5,10.0
0.12,True,0.75,203.82500000000005,0.9558659217877095,6844,99,0.8,1.5,10.0
0.15,False,0.25,51.949999999999996,0.02564102564102564,187,99,0.8,1.5,10.0
0.15,False,0.5,83.7,0.02564102564102564,187,99,0.8,1.5,10.0
0.15,False,0.75,142.65,0.02564102564102564,187,99,0.8,1.5,10.0
0.15,True,0.25,62.20000000000001,0.9743589743589743,7106,99,0.8,1.5,10.0
0.15,True,0.5,102.95,0.9743589743589743,7106,99,0.8,1.5,10.0
0.15,True,0.75,165.6,0.9743589743589743,7106,99,0.8,1.5,10.0
0.0,False,0.25,100.25,0.5188560653676932,1651,101,0.8,1.5,10.0
0.0,False,0.5,192.2,0.5188560653676932,1651,101,0.8,1.5,10.0
0.0,False,0.75,328.6500000000001,0.5188560653676932,1651,101,0.8,1.5,10.0
0.0,True,0.25,97.65,0.4811439346323067,1531,101,0.8,1.5,10.0
0.0,True,0.5,184.4,0.4811439346323067,1531,101,0.8,1.5,10.0
0.0,True,0.75,334.20000000000005,0.4811439346323067,1531,101,0.8,1.5,10.0
0.03,False,0.25,93.625,0.3220787303563093,2070,101,0.8,1.5,10.0
0.03,False,0.5,177.14999999999998,0.3220787303563093,2070,101,0.8,1.5,10.0
0.03,False,0.75,314.125,0.3220787303563093,2070,101,0.8,1.5,10.0
0.03,True,0.25,96.6,0.6779212696436907,4357,101,0.8,1.5,10.0
0.03,True,0.5,180.4,0.6779212696436907,4357,101,0.8,1.5,10.0
0.03,True,0.75,317.00000000000006,0.6779212696436907,4357,101,0.8,1.5,10.0
0.06,False,0.25,81.54999999999998,0.18276684555754324,1226,101,0.8,1.5,10.0
0.06,False,0.5,150.05,0.18276684555754324,1226,101,0.8,1.5,10.0
0.06,False,0.75,275.95000000000005,0.18276684555754324,1226,101,0.8,1.5,10.0
0.06,True,0.25,91.725,0.8172331544424568,5482,101,0.8,1.5,10.0
0.06,True,0.5,161.6,0.8172331544424568,5482,101,0.8,1.5,10.0
0.06,True,0.75,291.75,0.8172331544424568,5482,101,0.8,1.5,10.0
0.09,False,0.25,73.725,0.09366314619232907,674,101,0.8,1.5,10.0
0.09,False,0.5,138.5,0.09366314619232907,674,101,0.8,1.5,10.0
0.09,False,0.75,260.1,0.09366314619232907,674,101,0.8,1.5,10.0
0.09,True,0.25,79.69999999999999,0.9063368538076709,6522,101,0.8,1.5,10.0
0.09,True,0.5,141.09999999999997,0.9063368538076709,6522,101,0.8,1.5,10.0
0.09,True,0.75,247.87500000000006,0.9063368538076709,6522,101,0.8,1.5,10.0
0.12,False,0.25,62.724999999999994,0.048610141081156584,348,101,0.8,1.5,10.0
0.12,False,0.5,108.94999999999999,0.048610141081156584,348,101,0.8,1.5,10.0
0.12,False,0.75,187.79999999999998,0.048610141081156584,348,101,0.8,1.5,10.0
0.12,True,0.25,69.5,0.9513898589188434,6811,101,0.8,1.5,10.0
0.12,True,0.5,117.6,0.9513898589188434,6811,101,0.8,1.5,10.0
0.12,True,0.75,200.10000000000002,0.9513898589188434,6811,101,0.8,1.5,10.0
0.15,False,0.25,63.999999999999986,0.026474622770919068,193,101,0.8,1.5,10.0
0.15,False,0.5,103.29999999999998,0.026474622770919068,193,101,0.8,1.5,10.0
0.15,False,0.75,171.79999999999998,0.026474622770919068,193,101,0.8,1.5,10.0
0.15,True,0.25,62.600000000000016,0.973525377229081,7097,101,0.8,1.5,10.0
0.15,True,0.5,103.4,0.973525377229081,7097,101,0.8,1.5,10.0
0.15,True,0.75,169.40000000000003,0.973525377229081,7097,101,0.8,1.5,10.0
0.0,False,0.25,97.225,0.5143578415904071,1630,113,0.8,1.5,10.0
0.0,False,0.5,186.3,0.5143578415904071,1630,113,0.8,1.5,10.0
0.0,False,0.75,333.9750000000001,0.5143578415904071,1630,113,0.8,1.5,10.0
0.0,True,0.25,98.15,0.4856421584095929,1539,113,0.8,1.5,10.0
0.0,True,0.5,191.49999999999997,0.4856421584095929,1539,113,0.8,1.5,10.0
0.0,True,0.75,325.45000000000005,0.4856421584095929,1539,113,0.8,1.5,10.0
0.03,False,0.25,94.14999999999999,0.3128977184541363,2016,113,0.8,1.5,10.0
0.03,False,0.5,178.65,0.3128977184541363,2016,113,0.8,1.5,10.0
0.03,False,0.75,321.725,0.3128977184541363,2016,113,0.8,1.5,10.0
0.03,True,0.25,99.0,0.6871022815458637,4427,113,0.8,1.5,10.0
0.03,True,0.5,184.2,0.6871022815458637,4427,113,0.8,1.5,10.0
0.03,True,0.75,323.00000000000006,0.6871022815458637,4427,113,0.8,1.5,10.0
0.06,False,0.25,84.75,0.17153502235469448,1151,113,0.8,1.5,10.0
0.06,False,0.5,159.29999999999998,0.17153502235469448,1151,113,0.8,1.5,10.0
0.06,False,0.75,294.5,0.17153502235469448,1151,113,0.8,1.5,10.0
0.06,True,0.25,88.79999999999998,0.8284649776453055,5559,113,0.8,1.5,10.0
0.06,True,0.5,162.20000000000002,0.8284649776453055,5559,113,0.8,1.5,10.0
0.06,True,0.75,284.1,0.8284649776453055,5559,113,0.8,1.5,10.0
0.09,False,0.25,75.59999999999998,0.09685028444567781,698,113,0.8,1.5,10.0
0.09,False,0.5,127.5,0.09685028444567781,698,113,0.8,1.5,10.0
0.09,False,0.75,221.05,0.09685028444567781,698,113,0.8,1.5,10.0
0.09,True,0.25,78.3,0.9031497155543222,6509,113,0.8,1.5,10.0
0.09,True,0.5,141.5,0.9031497155543222,6509,113,0.8,1.5,10.0
0.09,True,0.75,243.90000000000006,0.9031497155543222,6509,113,0.8,1.5,10.0
0.12,False,0.25,63.15,0.05013266303588884,359,113,0.8,1.5,10.0
0.12,False,0.5,114.39999999999999,0.05013266303588884,359,113,0.8,1.5,10.0
0.12,False,0.75,201.45000000000002,0.05013266303588884,359,113,0.8,1.5,10.0
0.12,True,0.25,70.09999999999998,0.9498673369641112,6802,113,0.8,1.5,10.0
0.12,True,0.5,117.00000000000001,0.9498673369641112,6802,113,0.8,1.5,10.0
0.12,True,0.75,197.47499999999997,0.9498673369641112,6802,113,0.8,1.5,10.0
0.15,False,0.25,48.800000000000004,0.021667580910586945,158,113,0.8,1.5,10.0
0.15,False,0.5,84.75,0.021667580910586945,158,113,0.8,1.5,10.0
0.15,False,0.75,138.57500000000002,0.021667580910586945,158,113,0.8,1.5,10.0
0.15,True,0.25,61.1,0.978332419089413,7134,113,0.8,1.5,10.0
0.15,True,0.5,102.34999999999998,0.978332419089413,7134,113,0.8,1.5,10.0
0.15,True,0.75,166.57500000000002,0.978332419089413,7134,113,0.8,1.5,10.0
0.0,False,0.25,103.75,0.5182849936948297,1644,117,0.8,1.5,10.0
0.0,False,0.5,194.95,0.5182849936948297,1644,117,0.8,1.5,10.0
0.0,False,0.75,329.82500000000005,0.5182849936948297,1644,117,0.8,1.5,10.0
0.0,True,0.25,102.87499999999999,0.4817150063051702,1528,117,0.8,1.5,10.0
0.0,True,0.5,187.54999999999998,0.4817150063051702,1528,117,0.8,1.5,10.0
0.0,True,0.75,330.90000000000003,0.4817150063051702,1528,117,0.8,1.5,10.0
0.03,False,0.25,90.49999999999997,0.32275626069373153,2075,117,0.8,1.5,10.0
0.03,False,0.5,172.0,0.32275626069373153,2075,117,0.8,1.5,10.0
0.03,False,0.75,317.8,0.32275626069373153,2075,117,0.8,1.5,10.0
0.03,True,0.25,101.92499999999998,0.6772437393062685,4354,117,0.8,1.5,10.0
0.03,True,0.5,185.15,0.6772437393062685,4354,117,0.8,1.5,10.0
0.03,True,0.75,326.77500000000003,0.6772437393062685,4354,117,0.8,1.5,10.0
0.06,False,0.25,89.84999999999998,0.1843125559200716,1236,117,0.8,1.5,10.0
0.06,False,0.5,170.2,0.1843125559200716,1236,117,0.8,1.5,10.0
0.06,False,0.75,306.0,0.1843125559200716,1236,117,0.8,1.5,10.0
0.06,True,0.25,90.59999999999998,0.8156874440799284,5470,117,0.8,1.5,10.0
0.06,True,0.5,169.45,0.8156874440799284,5470,117,0.8,1.5,10.0
0.06,True,0.75,292.27500000000003,0.8156874440799284,5470,117,0.8,1.5,10.0
0.09,False,0.25,72.82499999999999,0.09296517274871653,670,117,0.8,1.5,10.0
0.09,False,0.5,129.35,0.09296517274871653,670,117,0.8,1.5,10.0
0.09,False,0.75,231.97500000000005,0.09296517274871653,670,117,0.8,1.5,10.0
0.09,True,0.25,78.49999999999999,0.9070348272512835,6537,117,0.8,1.5,10.0
0.09,True,0.5,137.89999999999998,0.9070348272512835,6537,117,0.8,1.5,10.0
0.09,True,0.75,239.70000000000002,0.9070348272512835,6537,117,0.8,1.5,10.0
0.12,False,0.25,58.20000000000001,0.04745289602233078,340,117,0.8,1.5,10.0
0.12,False,0.5,97.4,0.04745289602233078,340,117,0.8,1.5,10.0
0.12,False,0.75,167.97500000000002,0.04745289602233078,340,117,0.8,1.5,10.0
0.12,True,0.25,69.99999999999999,0.9525471039776692,6825,117,0.8,1.5,10.0
0.12,True,0.5,120.39999999999999,0.9525471039776692,6825,117,0.8,1.5,10.0
0.12,True,0.75,204.4,0.9525471039776692,6825,117,0.8,1.5,10.0
0.15,False,0.25,49.5,0.02345357289809354,171,117,0.8,1.5,10.0
0.15,False,0.5,86.7,0.02345357289809354,171,117,0.8,1.5,10.0
0.15,False,0.75,130.0,0.02345357289809354,171,117,0.8,1.5,10.0
0.15,True,0.25,62.7,0.9765464271019064,7120,117,0.8,1.5,10.0
0.15,True,0.5,104.69999999999999,0.9765464271019064,7120,117,0.8,1.5,10.0
0.15,True,0.75,170.4,0.9765464271019064,7120,117,0.8,1.5,10.0
0.0,False,0.25,104.22499999999998,0.4936868686868687,1564,118,0.8,1.5,10.0
0.0,False,0.5,195.0,0.4936868686868687,1564,118,0.8,1.5,10.0
0.0,False,0.75,331.825,0.4936868686868687,1564,118,0.8,1.5,10.0
0.0,True,0.25,103.69999999999999,0.5063131313131313,1604,118,0.8,1.5,10.0
0.0,True,0.5,197.14999999999998,0.5063131313131313,1604,118,0.8,1.5,10.0
0.0,True,0.75,335.675,0.5063131313131313,1604,118,0.8,1.5,10.0
0.03,False,0.25,93.775,0.3151025481665631,2028,118,0.8,1.5,10.0
0.03,False,0.5,178.55,0.3151025481665631,2028,118,0.8,1.5,10.0
0.03,False,0.75,309.425,0.3151025481665631,2028,118,0.8,1.5,10.0
0.03,True,0.25,93.6,0.6848974518334369,4408,118,0.8,1.5,10.0
0.03,True,0.5,176.85000000000002,0.6848974518334369,4408,118,0.8,1.5,10.0
0.03,True,0.75,309.525,0.6848974518334369,4408,118,0.8,1.5,10.0
0.06,False,0.25,83.79999999999998,0.17952920143027415,1205,118,0.8,1.5,10.0
0.06,False,0.5,154.39999999999998,0.17952920143027415,1205,118,0.8,1.5,10.0
0.06,False,0.75,281.7,0.17952920143027415,1205,118,0.8,1.5,10.0
0.06,True,0.25,90.54999999999998,0.8204707985697258,5507,118,0.8,1.5,10.0
0.06,True,0.5,170.8,0.8204707985697258,5507,118,0.8,1.5,10.0
0.06,True,0.75,289.45000000000005,0.8204707985697258,5507,118,0.8,1.5,10.0
0.09,False,0.25,68.70000000000002,0.09549549549549549,689,118,0.8,1.5,10.0
0.09,False,0.5,134.0,0.09549549549549549,689,118,0.8,1.5,10.0
0.09,False,0.75,236.10000000000002,0.09549549549549549,689,118,0.8,1.5,10.0
0.09,True,0.25,81.1,0.9045045045045045,6526,118,0.8,1.5,10.0
0.09,True,0.5,142.85000000000002,0.9045045045045045,6526,118,0.8,1.5,10.0
0.09,True,0.75,242.07500000000005,0.9045045045045045,6526,118,0.8,1.5,10.0
0.12,False,0.25,61.099999999999994,0.0455370861852214,326,118,0.8,1.5,10.0
0.12,False,0.5,102.0,0.0455370861852214,326,118,0.8,1.5,10.0
0.12,False,0.75,174.475,0.0455370861852214,326,118,0.8,1.5,10.0
0.12,True,0.25,71.2,0.9544629138147785,6833,118,0.8,1.5,10.0
0.12,True,0.5,120.09999999999998,0.9544629138147785,6833,118,0.8,1.5,10.0
0.12,True,0.75,201.30000000000004,0.9544629138147785,6833,118,0.8,1.5,10.0
0.15,False,0.25,52.77499999999999,0.023587493143170598,172,118,0.8,1.5,10.0
0.15,False,0.5,88.44999999999999,0.023587493143170598,172,118,0.8,1.5,10.0
0.15,False,0.75,155.45,0.023587493143170598,172,118,0.8,1.5,10.0
0.15,True,0.25,61.9,0.9764125068568295,7120,118,0.8,1.5,10.0
0.15,True,0.5,101.19999999999999,0.9764125068568295,7120,118,0.8,1.5,10.0
0.15,True,0.75,164.825,0.9764125068568295,7120,118,0.8,1.5,10.0
0.0,False,0.25,101.875,0.5134027120782088,1628,120,0.8,1.5,10.0
0.0,False,0.5,194.25,0.5134027120782088,1628,120,0.8,1.5,10.0
0.0,False,0.75,335.32500000000005,0.5134027120782088,1628,120,0.8,1.5,10.0
0.0,True,0.25,93.54999999999998,0.48659728792179124,1543,120,0.8,1.5,10.0
0.0,True,0.5,188.8,0.48659728792179124,1543,120,0.8,1.5,10.0
0.0,True,0.75,335.45000000000005,0.48659728792179124,1543,120,0.8,1.5,10.0
0.03,False,0.25,90.44999999999999,0.31116648497118826,1998,120,0.8,1.5,10.0
0.03,False,0.5,170.70000000000002,0.31116648497118826,1998,120,0.8,1.5,10.0
0.03,False,0.75,313.5,0.31116648497118826,1998,120,0.8,1.5,10.0
0.03,True,0.25,96.10000000000001,0.6888335150288117,4423,120,0.8,1.5,10.0
0.03,True,0.5,182.6,0.6888335150288117,4423,120,0.8,1.5,10.0
0.03,True,0.75,326.3,0.6888335150288117,4423,120,0.8,1.5,10.0
0.06,False,0.25,88.00000000000001,0.1765404602821084,1189,120,0.8,1.5,10.0
0.06,False,0.5,165.4,0.1765404602821084,1189,120,0.8,1.5,10.0
0.06,False,0.75,285.80000000000007,0.1765404602821084,1189,120,0.8,1.5,10.0
0.06,True,0.25,91.35000000000001,0.8234595397178917,5546,120,0.8,1.5,10.0
0.06,True,0.5,168.55,0.8234595397178917,5546,120,0.8,1.5,10.0
0.06,True,0.75,290.35,0.8234595397178917,5546,120,0.8,1.5,10.0
0.09,False,0.25,76.04999999999998,0.1003330557868443,723,120,0.8,1.5,10.0
0.09,False,0.5,130.99999999999997,0.1003330557868443,723,120,0.8,1.5,10.0
0.09,False,0.75,232.75000000000003,0.1003330557868443,723,120,0.8,1.5,10.0
0.09,True,0.25,80.24999999999999,0.8996669442131557,6483,120,0.8,1.5,10.0
0.09,True,0.5,141.5,0.8996669442131557,6483,120,0.8,1.5,10.0
0.09,True,0.75,246.20000000000005,0.8996669442131557,6483,120,0.8,1.5,10.0
0.12,False,0.25,66.85,0.04400670578373848,315,120,0.8,1.5,10.0
0.12,False,0.5,108.39999999999998,0.04400670578373848,315,120,0.8,1.5,10.0
0.12,False,0.75,184.64999999999998,0.04400670578373848,315,120,0.8,1.5,10.0
0.12,True,0.25,71.0,0.9559932942162616,6843,120,0.8,1.5,10.0
0.12,True,0.5,121.69999999999999,0.9559932942162616,6843,120,0.8,1.5,10.0
0.12,True,0.75,205.40000000000003,0.9559932942162616,6843,120,0.8,1.5,10.0
0.15,False,0.25,53.45,0.022898669957493487,167,120,0.8,1.5,10.0
0.15,False,0.5,87.0,0.022898669957493487,167,120,0.8,1.5,10.0
0.15,False,0.75,136.7,0.022898669957493487,167,120,0.8,1.5,10.0
0.15,True,0.25,62.40000000000001,0.9771013300425065,7126,120,0.8,1.5,10.0
0.15,True,0.5,101.89999999999999,0.9771013300425065,7126,120,0.8,1.5,10.0
0.15,True,0.75,165.2,0.9771013300425065,7126,120,0.8,1.5,10.0
0.0,False,0.25,96.97500000000001,0.5026839280075781,1592,121,0.8,1.5,10.0
0.0,False,0.5,186.39999999999998,0.5026839280075781,1592,121,0.8,1.5,10.0
0.0,False,0.75,326.20000000000005,0.5026839280075781,1592,121,0.8,1.5,10.0
0.0,True,0.25,99.05000000000001,0.49731607199242184,1575,121,0.8,1.5,10.0
0.0,True,0.5,185.39999999999998,0.49731607199242184,1575,121,0.8,1.5,10.0
0.0,True,0.75,318.05000000000007,0.49731607199242184,1575,121,0.8,1.5,10.0
0.03,False,0.25,93.92499999999998,0.3231223759912922,2078,121,0.8,1.5,10.0
0.03,False,0.5,169.79999999999998,0.3231223759912922,2078,121,0.8,1.5,10.0
0.03,False,0.75,306.6,0.3231223759912922,2078,121,0.8,1.5,10.0
0.03,True,0.25,93.89999999999998,0.6768776240087078,4353,121,0.8,1.5,10.0
0.03,True,0.5,177.50000000000003,0.6768776240087078,4353,121,0.8,1.5,10.0
0.03,True,0.75,317.3,0.6768776240087078,4353,121,0.8,1.5,10.0
0.06,False,0.25,78.69999999999999,0.1724702380952381,1159,121,0.8,1.5,10.0
0.06,False,0.5,153.2,0.1724702380952381,1159,121,0.8,1.5,10.0
0.06,False,0.75,281.5,0.1724702380952381,1159,121,0.8,1.5,10.0
0.06,True,0.25,89.7,0.8275297619047619,5561,121,0.8,1.5,10.0
0.06,True,0.5,163.0,0.8275297619047619,5561,121,0.8,1.5,10.0
0.06,True,0.75,285.1,0.8275297619047619,5561,121,0.8,1.5,10.0
0.09,False,0.25,69.99999999999999,0.09557497572478846,689,121,0.8,1.5,10.0
0.09,False,0.5,127.2,0.09557497572478846,689,121,0.8,1.5,10.0
0.09,False,0.75,226.70000000000005,0.09557497572478846,689,121,0.8,1.5,10.0
0.09,True,0.25,78.99999999999999,0.9044250242752115,6520,121,0.8,1.5,10.0
0.09,True,0.5,140.5,0.9044250242752115,6520,121,0.8,1.5,10.0
0.09,True,0.75,243.35000000000002,0.9044250242752115,6520,121,0.8,1.5,10.0
0.12,False,0.25,64.675,0.046888082612336034,336,121,0.8,1.5,10.0
0.12,False,0.5,108.69999999999999,0.046888082612336034,336,121,0.8,1.5,10.0
0.12,False,0.75,179.10000000000002,0.046888082612336034,336,121,0.8,1.5,10.0
0.12,True,0.25,70.3,0.953111917387664,6830,121,0.8,1.5,10.0
0.12,True,0.5,120.20000000000002,0.953111917387664,6830,121,0.8,1.5,10.0
0.12,True,0.75,202.175,0.953111917387664,6830,121,0.8,1.5,10.0
0.15,False,0.25,49.325,0.021121931147990672,154,121,0.8,1.5,10.0
0.15,False,0.5,80.75,0.021121931147990672,154,121,0.8,1.5,10.0
0.15,False,0.75,151.2,0.021121931147990672,154,121,0.8,1.5,10.0
0.15,True,0.25,63.199999999999996,0.9788780688520093,7137,121,0.8,1.5,10.0
0.15,True,0.5,101.69999999999999,0.9788780688520093,7137,121,0.8,1.5,10.0
0.15,True,0.75,165.99999999999997,0.9788780688520093,7137,121,0.8,1.5,10.0
0.0,False,0.25,97.85,0.493666877770741,1559,123,0.8,1.5,10.0
0.0,False,0.5,180.70000000000002,0.493666877770741,1559,123,0.8,1.5,10.0
0.0,False,0.75,314.40000000000003,0.493666877770741,1559,123,0.8,1.5,10.0
0.0,True,0.25,96.8,0.506333122229259,1599,123,0.8,1.5,10.0
0.0,True,0.5,191.70000000000002,0.506333122229259,1599,123,0.8,1.5,10.0
0.0,True,0.75,340.65000000000003,0.506333122229259,1599,123,0.8,1.5,10.0
0.03,False,0.25,91.52499999999998,0.31352363125877397,2010,123,0.8,1.5,10.0
0.03,False,0.5,171.14999999999998,0.31352363125877397,2010,123,0.8,1.5,10.0
0.03,False,0.75,314.225,0.31352363125877397,2010,123,0.8,1.5,10.0
0.03,True,0.25,95.19999999999999,0.686476368741226,4401,123,0.8,1.5,10.0
0.03,True,0.5,177.6,0.686476368741226,4401,123,0.8,1.5,10.0
0.03,True,0.75,314.1,0.686476368741226,4401,123,0.8,1.5,10.0
0.06,False,0.25,84.9,0.17678651350141728,1185,123,0.8,1.5,10.0
0.06,False,0.5,164.89999999999998,0.17678651350141728,1185,123,0.8,1.5,10.0
0.06,False,0.75,279.40000000000003,0.17678651350141728,1185,123,0.8,1.5,10.0
0.06,True,0.25,88.29999999999997,0.8232134864985827,5518,123,0.8,1.5,10.0
0.06,True,0.5,160.14999999999998,0.8232134864985827,5518,123,0.8,1.5,10.0
0.06,True,0.75,286.37500000000006,0.8232134864985827,5518,123,0.8,1.5,10.0
0.09,False,0.25,71.39999999999999,0.09361172566371681,677,123,0.8,1.5,10.0
0.09,False,0.5,126.6,0.09361172566371681,677,123,0.8,1.5,10.0
0.09,False,0.75,227.50000000000003,0.09361172566371681,677,123,0.8,1.5,10.0
0.09,True,0.25,79.65,0.9063882743362832,6555,123,0.8,1.5,10.0
0.09,True,0.5,140.6,0.9063882743362832,6555,123,0.8,1.5,10.0
0.09,True,0.75,237.50000000000006,0.9063882743362832,6555,123,0.8,1.5,10.0
0.12,False,0.25,62.37500000000001,0.043848624493785786,314,123,0.8,1.5,10.0
0.12,False,0.5,101.29999999999998,0.043848624493785786,314,123,0.8,1.5,10.0
0.12,False,0.75,174.60000000000002,0.043848624493785786,314,123,0.8,1.5,10.0
0.12,True,0.25,68.70000000000002,0.9561513755062142,6847,123,0.8,1.5,10.0
0.12,True,0.5,116.39999999999999,0.9561513755062142,6847,123,0.8,1.5,10.0
0.12,True,0.75,197.70000000000002,0.9561513755062142,6847,123,0.8,1.5,10.0
0.15,False,0.25,53.724999999999994,0.020850480109739368,152,123,0.8,1.5,10.0
0.15,False,0.5,84.9,0.020850480109739368,152,123,0.8,1.5,10.0
0.15,False,0.75,164.625,0.020850480109739368,152,123,0.8,1.5,10.0
0.15,True,0.25,61.5,0.9791495198902607,7138,123,0.8,1.5,10.0
0.15,True,0.5,101.69999999999999,0.9791495198902607,7138,123,0.8,1.5,10.0
0.15,True,0.75,163.17499999999998,0.9791495198902607,7138,123,0.8,1.5,10.0
0.0,False,0.25,101.29999999999998,0.4965560425798372,1586,127,0.8,1.5,10.0
0.0,False,0.5,189.39999999999998,0.4965560425798372,1586,127,0.8,1.5,10.0
0.0,False,0.75,327.475,0.4965560425798372,1586,127,0.8,1.5,10.0
0.0,True,0.25,101.89999999999999,0.5034439574201628,1608,127,0.8,1.5,10.0
0.0,True,0.5,188.75,0.5034439574201628,1608,127,0.8,1.5,10.0
0.0,True,0.75,325.225,0.5034439574201628,1608,127,0.8,1.5,10.0
0.03,False,0.25,84.25,0.32554880896777205,2091,127,0.8,1.5,10.0
0.03,False,0.5,166.4,0.32554880896777205,2091,127,0.8,1.5,10.0
0.03,False,0.75,306.80000000000007,0.32554880896777205,2091,127,0.8,1.5,10.0
0.03,True,0.25,96.57499999999999,0.674451191032228,4332,127,0.8,1.5,10.0
0.03,True,0.5,182.4,0.674451191032228,4332,127,0.8,1.5,10.0
0.03,True,0.75,307.27500000000003,0.674451191032228,4332,127,0.8,1.5,10.0
0.06,False,0.25,80.8,0.1830755502676978,1231,127,0.8,1.5,10.0
0.06,False,0.5,145.09999999999997,0.1830755502676978,1231,127,0.8,1.5,10.0
0.06,False,0.75,269.70000000000005,0.1830755502676978,1231,127,0.8,1.5,10.0
0.06,True,0.25,88.5,0.8169244497323022,5493,127,0.8,1.5,10.0
0.06,True,0.5,166.8,0.8169244497323022,5493,127,0.8,1.5,10.0
0.06,True,0.75,285.2,0.8169244497323022,5493,127,0.8,1.5,10.0
0.09,False,0.25,74.94999999999999,0.09130012487859027,658,127,0.8,1.5,10.0
0.09,False,0.5,132.45,0.09130012487859027,658,127,0.8,1.5,10.0
0.09,False,0.75,229.425,0.09130012487859027,658,127,0.8,1.5,10.0
0.09,True,0.25,79.49999999999999,0.9086998751214097,6549,127,0.8,1.5,10.0
0.09,True,0.5,140.5,0.9086998751214097,6549,127,0.8,1.5,10.0
0.09,True,0.75,241.60000000000002,0.9086998751214097,6549,127,0.8,1.5,10.0
0.12,False,0.25,63.89999999999999,0.05020979020979021,359,127,0.8,1.5,10.0
0.12,False,0.5,102.5,0.05020979020979021,359,127,0.8,1.5,10.0
0.12,False,0.75,178.35000000000002,0.05020979020979021,359,127,0.8,1.5,10.0
0.12,True,0.25,69.6,0.9497902097902098,6791,127,0.8,1.5,10.0
0.12,True,0.5,121.3,0.9497902097902098,6791,127,0.8,1.5,10.0
0.12,True,0.75,201.25,0.9497902097902098,6791,127,0.8,1.5,10.0
0.15,False,0.25,63.675,0.024687971471677412,180,127,0.8,1.5,10.0
0.15,False,0.5,100.0,0.024687971471677412,180,127,0.8,1.5,10.0
0.15,False,0.75,170.75,0.024687971471677412,180,127,0.8,1.5,10.0
0.15,True,0.25,61.699999999999996,0.9753120285283225,7111,127,0.8,1.5,10.0
0.15,True,0.5,102.2,0.9753120285283225,7111,127,0.8,1.5,10.0
0.15,True,0.75,166.49999999999997,0.9753120285283225,7111,127,0.8,1.5,10.0
0.0,False,0.25,99.8,0.5294488188976378,1681,134,0.8,1.5,10.0
0.0,False,0.5,182.5,0.5294488188976378,1681,134,0.8,1.5,10.0
0.0,False,0.75,328.1,0.5294488188976378,1681,134,0.8,1.5,10.0
0.0,True,0.25,100.10000000000001,0.4705511811023622,1494,134,0.8,1.5,10.0
0.0,True,0.5,192.65,0.4705511811023622,1494,134,0.8,1.5,10.0
0.0,True,0.75,332.9750000000001,0.4705511811023622,1494,134,0.8,1.5,10.0
0.03,False,0.25,90.72499999999998,0.32372986369268897,2090,134,0.8,1.5,10.0
0.03,False,0.5,174.75,0.32372986369268897,2090,134,0.8,1.5,10.0
0.03,False,0.75,307.475,0.32372986369268897,2090,134,0.8,1.5,10.0
0.03,True,0.25,96.8,0.676270136307311,4366,134,0.8,1.5,10.0
0.03,True,0.5,181.95,0.676270136307311,4366,134,0.8,1.5,10.0
0.03,True,0.75,319.40000000000003,0.676270136307311,4366,134,0.8,1.5,10.0
0.06,False,0.25,79.85,0.18074977685212734,1215,134,0.8,1.5,10.0
0.06,False,0.5,148.60000000000002,0.18074977685212734,1215,134,0.8,1.5,10.0
0.06,False,0.75,278.25,0.18074977685212734,1215,134,0.8,1.5,10.0
0.06,True,0.25,85.1,0.8192502231478727,5507,134,0.8,1.5,10.0
0.06,True,0.5,163.0,0.8192502231478727,5507,134,0.8,1.5,10.0
0.06,True,0.75,287.4,0.8192502231478727,5507,134,0.8,1.5,10.0
0.09,False,0.25,67.3,0.09794957051814907,707,134,0.8,1.5,10.0
0.09,False,0.5,126.6,0.09794957051814907,707,134,0.8,1.5,10.0
0.09,False,0.75,222.10000000000002,0.09794957051814907,707,134,0.8,1.5,10.0
0.09,True,0.25,76.80000000000001,0.9020504294818509,6511,134,0.8,1.5,10.0
0.09,True,0.5,136.9,0.9020504294818509,6511,134,0.8,1.5,10.0
0.09,True,0.75,238.55000000000004,0.9020504294818509,6511,134,0.8,1.5,10.0
0.12,False,0.25,60.375,0.04974151180662289,356,134,0.8,1.5,10.0
0.12,False,0.5,102.99999999999999,0.04974151180662289,356,134,0.8,1.5,10.0
0.12,False,0.75,185.15,0.04974151180662289,356,134,0.8,1.5,10.0
0.12,True,0.25,72.2,0.9502584881933771,6801,134,0.8,1.5,10.0
0.12,True,0.5,120.3,0.9502584881933771,6801,134,0.8,1.5,10.0
0.12,True,0.75,201.90000000000003,0.9502584881933771,6801,134,0.8,1.5,10.0
0.15,False,0.25,49.025,0.027153044432254525,198,134,0.8,1.5,10.0
0.15,False,0.5,75.94999999999999,0.027153044432254525,198,134,0.8,1.5,10.0
0.15,False,0.75,131.925,0.027153044432254525,198,134,0.8,1.5,10.0
0.15,True,0.25,62.325,0.9728469555677455,7094,134,0.8,1.5,10.0
0.15,True,0.5,101.59999999999998,0.9728469555677455,7094,134,0.8,1.5,10.0
0.15,True,0.75,166.60000000000002,0.9728469555677455,7094,134,0.8,1.5,10.0
0.0,False,0.25,100.29999999999998,0.4995224450811843,1569,135,0.8,1.5,10.0
0.0,False,0.5,182.1,0.4995224450811843,1569,135,0.8,1.5,10.0
0.0,False,0.75,324.50000000000006,0.4995224450811843,1569,135,0.8,1.5,10.0
0.0,True,0.25,92.825,0.5004775549188156,1572,135,0.8,1.5,10.0
0.0,True,0.5,182.10000000000002,0.5004775549188156,1572,135,0.8,1.5,10.0
0.0,True,0.75,325.07500000000005,0.5004775549188156,1572,135,0.8,1.5,10.0
0.03,False,0.25,91.39999999999998,0.317016317016317,2040,135,0.8,1.5,10.0
0.03,False,0.5,168.10000000000002,0.317016317016317,2040,135,0.8,1.5,10.0
0.03,False,0.75,302.82500000000005,0.317016317016317,2040,135,0.8,1.5,10.0
0.03,True,0.25,96.69999999999997,0.682983682983683,4395,135,0.8,1.5,10.0
0.03,True,0.5,181.39999999999998,0.682983682983683,4395,135,0.8,1.5,10.0
0.03,True,0.75,321.8,0.682983682983683,4395,135,0.8,1.5,10.0
0.06,False,0.25,89.89999999999998,0.18291772435418843,1225,135,0.8,1.5,10.0
0.06,False,0.5,154.50000000000003,0.18291772435418843,1225,135,0.8,1.5,10.0
0.06,False,0.75,288.50000000000006,0.18291772435418843,1225,135,0.8,1.5,10.0
0.06,True,0.25,90.0,0.8170822756458116,5472,135,0.8,1.5,10.0
0.06,True,0.5,162.95,0.8170822756458116,5472,135,0.8,1.5,10.0
0.06,True,0.75,286.52500000000003,0.8170822756458116,5472,135,0.8,1.5,10.0
0.09,False,0.25,71.95,0.09898793844447526,714,135,0.8,1.5,10.0
0.09,False,0.5,128.4,0.09898793844447526,714,135,0.8,1.5,10.0
0.09,False,0.75,226.97500000000002,0.09898793844447526,714,135,0.8,1.5,10.0
0.09,True,0.25,80.1,0.9010120615555247,6499,135,0.8,1.5,10.0
0.09,True,0.5,142.7,0.9010120615555247,6499,135,0.8,1.5,10.0
0.09,True,0.75,242.85000000000002,0.9010120615555247,6499,135,0.8,1.5,10.0
0.12,False,0.25,60.925000000000004,0.04861693210393965,348,135,0.8,1.5,10.0
0.12,False,0.5,111.5,0.04861693210393965,348,135,0.8,1.5,10.0
0.12,False,0.75,190.05,0.04861693210393965,348,135,0.8,1.5,10.0
0.12,True,0.25,71.29999999999998,0.9513830678960603,6810,135,0.8,1.5,10.0
0.12,True,0.5,121.3,0.9513830678960603,6810,135,0.8,1.5,10.0
0.12,True,0.75,205.00000000000003,0.9513830678960603,6810,135,0.8,1.5,10.0
0.15,False,0.25,47.625,0.02551090385406666,186,135,0.8,1.5,10.0
0.15,False,0.5,86.25,0.02551090385406666,186,135,0.8,1.5,10.0
0.15,False,0.75,136.425,0.02551090385406666,186,135,0.8,1.5,10.0
0.15,True,0.25,61.60000000000001,0.9744890961459334,7105,135,0.8,1.5,10.0
0.15,True,0.5,101.59999999999998,0.9744890961459334,7105,135,0.8,1.5,10.0
0.15,True,0.75,166.49999999999997,0.9744890961459334,7105,135,0.8,1.5,10.0
0.0,False,0.25,94.39999999999999,0.5006309148264985,1587,152,0.8,1.5,10.0
0.0,False,0.5,181.79999999999998,0.5006309148264985,1587,152,0.8,1.5,10.0
0.0,False,0.75,313.25,0.5006309148264985,1587,152,0.8,1.5,10.0
0.0,True,0.25,98.9,0.4993690851735016,1583,152,0.8,1.5,10.0
0.0,True,0.5,186.7,0.4993690851735016,1583,152,0.8,1.5,10.0
0.0,True,0.75,333.45000000000005,0.4993690851735016,1583,152,0.8,1.5,10.0
0.03,False,0.25,86.7,0.31704280155642023,2037,152,0.8,1.5,10.0
0.03,False,0.5,175.0,0.31704280155642023,2037,152,0.8,1.5,10.0
0.03,False,0.75,312.20000000000005,0.31704280155642023,2037,152,0.8,1.5,10.0
0.03,True,0.25,95.675,0.6829571984435797,4388,152,0.8,1.5,10.0
0.03,True,0.5,182.10000000000002,0.6829571984435797,4388,152,0.8,1.5,10.0
0.03,True,0.75,318.025,0.6829571984435797,4388,152,0.8,1.5,10.0
0.06,False,0.25,82.49999999999999,0.18889550461446858,1269,152,0.8,1.5,10.0
0.06,False,0.5,157.5,0.18889550461446858,1269,152,0.8,1.5,10.0
0.06,False,0.75,282.0,0.18889550461446858,1269,152,0.8,1.5,10.0
0.06,True,0.25,89.89999999999998,0.8111044953855314,5449,152,0.8,1.5,10.0
0.06,True,0.5,161.89999999999998,0.8111044953855314,5449,152,0.8,1.5,10.0
0.06,True,0.75,280.0,0.8111044953855314,5449,152,0.8,1.5,10.0
0.09,False,0.25,77.94999999999999,0.09826509368494102,708,152,0.8,1.5,10.0
0.09,False,0.5,134.14999999999998,0.09826509368494102,708,152,0.8,1.5,10.0
0.09,False,0.75,223.47500000000002,0.09826509368494102,708,152,0.8,1.5,10.0
0.09,True,0.25,79.49999999999999,0.901734906315059,6497,152,0.8,1.5,10.0
0.09,True,0.5,141.79999999999998,0.901734906315059,6497,152,0.8,1.5,10.0
0.09,True,0.75,241.4,0.901734906315059,6497,152,0.8,1.5,10.0
0.12,False,0.25,66.85,0.05010467550593161,359,152,0.8,1.5,10.0
0.12,False,0.5,118.09999999999998,0.05010467550593161,359,152,0.8,1.5,10.0
0.12,False,0.75,200.14999999999998,0.05010467550593161,359,152,0.8,1.5,10.0
0.12,True,0.25,70.39999999999999,0.9498953244940684,6806,152,0.8,1.5,10.0
0.12,True,0.5,120.0,0.9498953244940684,6806,152,0.8,1.5,10.0
0.12,True,0.75,200.10000000000002,0.9498953244940684,6806,152,0.8,1.5,10.0
0.15,False,0.25,53.349999999999994,0.021262002743484224,155,152,0.8,1.5,10.0
0.15,False,0.5,83.60000000000001,0.021262002743484224,155,152,0.8,1.5,10.0
0.15,False,0.75,144.25,0.021262002743484224,155,152,0.8,1.5,10.0
0.15,True,0.25,62.5,0.9787379972565158,7135,152,0.8,1.5,10.0
0.15,True,0.5,102.29999999999998,0.9787379972565158,7135,152,0.8,1.5,10.0
0.15,True,0.75,166.9,0.9787379972565158,7135,152,0.8,1.5,10.0
0.0,False,0.25,90.9,0.5052198671306548,1597,156,0.8,1.5,10.0
0.0,False,0.5,181.29999999999998,0.5052198671306548,1597,156,0.8,1.5,10.0
0.0,False,0.75,325.40000000000003,0.5052198671306548,1597,156,0.8,1.5,10.0
0.0,True,0.25,91.32499999999999,0.49478013286934514,1564,156,0.8,1.5,10.0
0.0,True,0.5,176.85000000000002,0.49478013286934514,1564,156,0.8,1.5,10.0
0.0,True,0.75,305.175,0.49478013286934514,1564,156,0.8,1.5,10.0
0.03,False,0.25,94.27499999999998,0.3213728549141966,2060,156,0.8,1.5,10.0
0.03,False,0.5,180.65,0.3213728549141966,2060,156,0.8,1.5,10.0
0.03,False,0.75,311.45000000000005,0.3213728549141966,2060,156,0.8,1.5,10.0
0.03,True,0.25,98.92500000000001,0.6786271450858035,4350,156,0.8,1.5,10.0
0.03,True,0.5,184.6,0.6786271450858035,4350,156,0.8,1.5,10.0
0.03,True,0.75,318.55000000000007,0.6786271450858035,4350,156,0.8,1.5,10.0
0.06,False,0.25,80.3,0.18374925727866903,1237,156,0.8,1.5,10.0
0.06,False,0.5,149.7,0.18374925727866903,1237,156,0.8,1.5,10.0
0.06,False,0.75,275.40000000000003,0.18374925727866903,1237,156,0.8,1.5,10.0
0.06,True,0.25,89.54999999999998,0.8162507427213309,5495,156,0.8,1.5,10.0
0.06,True,0.5,167.29999999999998,0.8162507427213309,5495,156,0.8,1.5,10.0
0.06,True,0.75,288.75000000000006,0.8162507427213309,5495,156,0.8,1.5,10.0
0.09,False,0.25,77.1,0.09588471664126369,692,156,0.8,1.5,10.0
0.09,False,0.5,148.89999999999998,0.09588471664126369,692,156,0.8,1.5,10.0
0.09,False,0.75,253.15,0.09588471664126369,692,156,0.8,1.5,10.0
0.09,True,0.25,80.99999999999999,0.9041152833587364,6525,156,0.8,1.5,10.0
0.09,True,0.5,143.79999999999998,0.9041152833587364,6525,156,0.8,1.5,10.0
0.09,True,0.75,246.10000000000005,0.9041152833587364,6525,156,0.8,1.5,10.0
0.12,False,0.25,63.39999999999999,0.05235236632695798,375,156,0.8,1.5,10.0
0.12,False,0.5,112.89999999999998,0.05235236632695798,375,156,0.8,1.5,10.0
0.12,False,0.75,197.5,0.05235236632695798,375,156,0.8,1.5,10.0
0.12,True,0.25,69.8,0.9476476336730421,6788,156,0.8,1.5,10.0
0.12,True,0.5,118.84999999999998,0.9476476336730421,6788,156,0.8,1.5,10.0
0.12,True,0.75,197.4,0.9476476336730421,6788,156,0.8,1.5,10.0
0.15,False,0.25,47.849999999999994,0.02400548696844993,175,156,0.8,1.5,10.0
0.15,False,0.5,82.1,0.02400548696844993,175,156,0.8,1.5,10.0
0.15,False,0.75,153.2,0.02400548696844993,175,156,0.8,1.5,10.0
0.15,True,0.25,61.800000000000004,0.97599451303155,7115,156,0.8,1.5,10.0
0.15,True,0.5,102.2,0.97599451303155,7115,156,0.8,1.5,10.0
0.15,True,0.75,165.8,0.97599451303155,7115,156,0.8,1.5,10.0
0.0,False,0.25,97.6,0.4973228346456693,1579,158,0.8,1.5,10.0
0.0,False,0.5,192.29999999999998,0.4973228346456693,1579,158,0.8,1.5,10.0
0.0,False,0.75,329.0,0.4973228346456693,1579,158,0.8,1.5,10.0
0.0,True,0.25,102.475,0.5026771653543307,1596,158,0.8,1.5,10.0
0.0,True,0.5,187.25,0.5026771653543307,1596,158,0.8,1.5,10.0
0.0,True,0.75,329.40000000000003,0.5026771653543307,1596,158,0.8,1.5,10.0
0.03,False,0.25,92.5,0.3179271708683473,2043,158,0.8,1.5,10.0
0.03,False,0.5,175.50000000000003,0.3179271708683473,2043,158,0.8,1.5,10.0
0.03,False,0.75,306.95000000000005,0.3179271708683473,2043,158,0.8,1.5,10.0
0.03,True,0.25,97.75,0.6820728291316527,4383,158,0.8,1.5,10.0
0.03,True,0.5,182.0,0.6820728291316527,4383,158,0.8,1.5,10.0
0.03,True,0.75,320.95000000000005,0.6820728291316527,4383,158,0.8,1.5,10.0
0.06,False,0.25,84.80000000000001,0.1717983043284248,1155,158,0.8,1.5,10.0
0.06,False,0.5,161.7,0.1717983043284248,1155,158,0.8,1.5,10.0
0.06,False,0.75,278.9,0.1717983043284248,1155,158,0.8,1.5,10.0
0.06,True,0.25,86.80000000000001,0.8282016956715752,5568,158,0.8,1.5,10.0
0.06,True,0.5,159.6,0.8282016956715752,5568,158,0.8,1.5,10.0
0.06,True,0.75,284.55000000000007,0.8282016956715752,5568,158,0.8,1.5,10.0
0.09,False,0.25,72.85,0.0915150673517567,659,158,0.8,1.5,10.0
0.09,False,0.5,130.1,0.0915150673517567,659,158,0.8,1.5,10.0
0.09,False,0.75,240.45000000000005,0.0915150673517567,659,158,0.8,1.5,10.0
0.09,True,0.25,78.3,0.9084849326482433,6542,158,0.8,1.5,10.0
0.09,True,0.5,141.5,0.9084849326482433,6542,158,0.8,1.5,10.0
0.09,True,0.75,239.97500000000005,0.9084849326482433,6542,158,0.8,1.5,10.0
0.12,False,0.25,60.92500000000001,0.05252130185780137,376,158,0.8,1.5,10.0
0.12,False,0.5,98.05000000000001,0.05252130185780137,376,158,0.8,1.5,10.0
0.12,False,0.75,182.39999999999998,0.05252130185780137,376,158,0.8,1.5,10.0
0.12,True,0.25,71.0,0.9474786981421986,6783,158,0.8,1.5,10.0
0.12,True,0.5,118.89999999999998,0.9474786981421986,6783,158,0.8,1.5,10.0
0.12,True,0.75,201.80000000000004,0.9474786981421986,6783,158,0.8,1.5,10.0
0.15,False,0.25,50.8,0.025370268787712563,185,158,0.8,1.5,10.0
0.15,False,0.5,84.1,0.025370268787712563,185,158,0.8,1.5,10.0
0.15,False,0.75,143.09999999999997,0.025370268787712563,185,158,0.8,1.5,10.0
0.15,True,0.25,62.40000000000001,0.9746297312122875,7107,158,0.8,1.5,10.0
0.15,True,0.5,101.4,0.9746297312122875,7107,158,0.8,1.5,10.0
0.15,True,0.75,167.9,0.9746297312122875,7107,158,0.8,1.5,10.0
0.0,False,0.25,100.2,0.4811768427712749,1521,163,0.8,1.5,10.0
0.0,False,0.5,193.3,0.4811768427712749,1521,163,0.8,1.5,10.0
0.0,False,0.75,336.6000000000001,0.4811768427712749,1521,163,0.8,1.5,10.0
0.0,True,0.25,102.64999999999999,0.5188231572287251,1640,163,0.8,1.5,10.0
0.0,True,0.5,183.8,0.5188231572287251,1640,163,0.8,1.5,10.0
0.0,True,0.75,315.725,0.5188231572287251,1640,163,0.8,1.5,10.0
0.03,False,0.25,96.8,0.3178859268443893,2051,163,0.8,1.5,10.0
0.03,False,0.5,174.0,0.3178859268443893,2051,163,0.8,1.5,10.0
0.03,False,0.75,307.70000000000005,0.3178859268443893,2051,163,0.8,1.5,10.0
0.03,True,0.25,96.8,0.6821140731556107,4401,163,0.8,1.5,10.0
0.03,True,0.5,184.4,0.6821140731556107,4401,163,0.8,1.5,10.0
0.03,True,0.75,316.0,0.6821140731556107,4401,163,0.8,1.5,10.0
0.06,False,0.25,86.85000000000001,0.1753759118654161,1178,163,0.8,1.5,10.0
0.06,False,0.5,156.09999999999997,0.1753759118654161,1178,163,0.8,1.5,10.0
0.06,False,0.75,275.77500000000003,0.1753759118654161,1178,163,0.8,1.5,10.0
0.06,True,0.25,90.1,0.8246240881345839,5539,163,0.8,1.5,10.0
0.06,True,0.5,164.3,0.8246240881345839,5539,163,0.8,1.5,10.0
0.06,True,0.75,286.25000000000006,0.8246240881345839,5539,163,0.8,1.5,10.0
0.09,False,0.25,76.39999999999999,0.10008305647840532,723,163,0.8,1.5,10.0
0.09,False,0.5,134.6,0.10008305647840532,723,163,0.8,1.5,10.0
0.09,False,0.75,233.30000000000004,0.10008305647840532,723,163,0.8,1.5,10.0
0.09,True,0.25,81.60000000000001,0.8999169435215947,6501,163,0.8,1.5,10.0
0.09,True,0.5,143.5,0.8999169435215947,6501,163,0.8,1.5,10.0
0.09,True,0.75,246.50000000000003,0.8999169435215947,6501,163,0.8,1.5,10.0
0.12,False,0.25,55.699999999999996,0.05099189717798268,365,163,0.8,1.5,10.0
0.12,False,0.5,104.5,0.05099189717798268,365,163,0.8,1.5,10.0
0.12,False,0.75,187.20000000000002,0.05099189717798268,365,163,0.8,1.5,10.0
0.12,True,0.25,70.39999999999999,0.9490081028220173,6793,163,0.8,1.5,10.0
0.12,True,0.5,122.7,0.9490081028220173,6793,163,0.8,1.5,10.0
0.12,True,0.75,207.1,0.9490081028220173,6793,163,0.8,1.5,10.0
0.15,False,0.25,52.19999999999999,0.027972027972027972,204,163,0.8,1.5,10.0
0.15,False,0.5,85.85,0.027972027972027972,204,163,0.8,1.5,10.0
0.15,False,0.75,148.2,0.027972027972027972,204,163,0.8,1.5,10.0
0.15,True,0.25,62.9,0.972027972027972,7089,163,0.8,1.5,10.0
0.15,True,0.5,101.99999999999999,0.972027972027972,7089,163,0.8,1.5,10.0
0.15,True,0.75,169.9,0.972027972027972,7089,163,0.8,1.5,10.0
0.0,False,0.25,99.6,0.4971590909090909,1575,164,0.8,1.5,10.0
0.0,False,0.5,190.5,0.4971590909090909,1575,164,0.8,1.5,10.0
0.0,False,0.75,331.95000000000005,0.4971590909090909,1575,164,0.8,1.5,10.0
0.0,True,0.25,94.10000000000001,0.5028409090909091,1593,164,0.8,1.5,10.0
0.0,True,0.5,175.1,0.5028409090909091,1593,164,0.8,1.5,10.0
0.0,True,0.75,313.59999999999997,0.5028409090909091,1593,164,0.8,1.5,10.0
0.03,False,0.25,86.64999999999999,0.31962123564110523,2059,164,0.8,1.5,10.0
0.03,False,0.5,171.0,0.31962123564110523,2059,164,0.8,1.5,10.0
0.03,False,0.75,302.25,0.31962123564110523,2059,164,0.8,1.5,10.0
0.03,True,0.25,97.6,0.6803787643588948,4383,164,0.8,1.5,10.0
0.03,True,0.5,184.1,0.6803787643588948,4383,164,0.8,1.5,10.0
0.03,True,0.75,322.20000000000005,0.6803787643588948,4383,164,0.8,1.5,10.0
0.06,False,0.25,84.475,0.19126819126819128,1288,164,0.8,1.5,10.0
0.06,False,0.5,152.89999999999998,0.19126819126819128,1288,164,0.8,1.5,10.0
0.06,False,0.75,268.475,0.19126819126819128,1288,164,0.8,1.5,10.0
0.06,True,0.25,89.325,0.8087318087318087,5446,164,0.8,1.5,10.0
0.06,True,0.5,161.1,0.8087318087318087,5446,164,0.8,1.5,10.0
0.06,True,0.75,289.05,0.8087318087318087,5446,164,0.8,1.5,10.0
0.09,False,0.25,74.0,0.09773705400527558,704,164,0.8,1.5,10.0
0.09,False,0.5,132.4,0.09773705400527558,704,164,0.8,1.5,10.0
0.09,False,0.75,230.42500000000004,0.09773705400527558,704,164,0.8,1.5,10.0
0.09,True,0.25,77.69999999999999,0.9022629459947245,6499,164,0.8,1.5,10.0
0.09,True,0.5,141.09999999999997,0.9022629459947245,6499,164,0.8,1.5,10.0
0.09,True,0.75,245.20000000000005,0.9022629459947245,6499,164,0.8,1.5,10.0
0.12,False,0.25,67.97500000000001,0.04832402234636871,346,164,0.8,1.5,10.0
0.12,False,0.5,114.85000000000001,0.04832402234636871,346,164,0.8,1.5,10.0
0.12,False,0.75,195.675,0.04832402234636871,346,164,0.8,1.5,10.0
0.12,True,0.25,70.39999999999999,0.9516759776536313,6814,164,0.8,1.5,10.0
0.12,True,0.5,119.95,0.9516759776536313,6814,164,0.8,1.5,10.0
0.12,True,0.75,199.49999999999997,0.9516759776536313,6814,164,0.8,1.5,10.0
0.15,False,0.25,54.8,0.02399232245681382,175,164,0.8,1.5,10.0
0.15,False,0.5,91.89999999999998,0.02399232245681382,175,164,0.8,1.5,10.0
0.15,False,0.75,147.54999999999998,0.02399232245681382,175,164,0.8,1.5,10.0
0.15,True,0.25,62.600000000000016,0.9760076775431862,7119,164,0.8,1.5,10.0
0.15,True,0.5,102.2,0.9760076775431862,7119,164,0.8,1.5,10.0
0.15,True,0.75,166.25,0.9760076775431862,7119,164,0.8,1.5,10.0
0.0,False,0.25,95.7,0.4939873417721519,1561,165,0.8,1.5,10.0
0.0,False,0.5,184.6,0.4939873417721519,1561,165,0.8,1.5,10.0
0.0,False,0.75,323.1000000000001,0.4939873417721519,1561,165,0.8,1.5,10.0
0.0,True,0.25,95.54999999999998,0.5060126582278481,1599,165,0.8,1.5,10.0
0.0,True,0.5,179.60000000000002,0.5060126582278481,1599,165,0.8,1.5,10.0
0.0,True,0.75,318.55000000000007,0.5060126582278481,1599,165,0.8,1.5,10.0
0.03,False,0.25,95.1,0.32190179267342167,2065,165,0.8,1.5,10.0
0.03,False,0.5,176.3,0.32190179267342167,2065,165,0.8,1.5,10.0
0.03,False,0.75,318.40000000000003,0.32190179267342167,2065,165,0.8,1.5,10.0
0.03,True,0.25,98.69999999999999,0.6780982073265783,4350,165,0.8,1.5,10.0
0.03,True,0.5,182.8,0.6780982073265783,4350,165,0.8,1.5,10.0
0.03,True,0.75,316.70000000000005,0.6780982073265783,4350,165,0.8,1.5,10.0
0.06,False,0.25,81.275,0.1801103324884449,1208,165,0.8,1.5,10.0
0.06,False,0.5,145.84999999999997,0.1801103324884449,1208,165,0.8,1.5,10.0
0.06,False,0.75,277.57500000000005,0.1801103324884449,1208,165,0.8,1.5,10.0
0.06,True,0.25,89.75,0.8198896675115551,5499,165,0.8,1.5,10.0
0.06,True,0.5,166.9,0.8198896675115551,5499,165,0.8,1.5,10.0
0.06,True,0.75,289.50000000000006,0.8198896675115551,5499,165,0.8,1.5,10.0
0.09,False,0.25,72.0,0.09080810885865037,654,165,0.8,1.5,10.0
0.09,False,0.5,135.59999999999997,0.09080810885865037,654,165,0.8,1.5,10.0
0.09,False,0.75,240.87500000000003,0.09080810885865037,654,165,0.8,1.5,10.0
0.09,True,0.25,79.875,0.9091918911413496,6548,165,0.8,1.5,10.0
0.09,True,0.5,142.7,0.9091918911413496,6548,165,0.8,1.5,10.0
0.09,True,0.75,244.30000000000004,0.9091918911413496,6548,165,0.8,1.5,10.0
0.12,False,0.25,60.25000000000001,0.04721989382509081,338,165,0.8,1.5,10.0
0.12,False,0.5,105.55000000000001,0.04721989382509081,338,165,0.8,1.5,10.0
0.12,False,0.75,182.125,0.04721989382509081,338,165,0.8,1.5,10.0
0.12,True,0.25,70.70000000000002,0.9527801061749092,6820,165,0.8,1.5,10.0
0.12,True,0.5,118.0,0.9527801061749092,6820,165,0.8,1.5,10.0
0.12,True,0.75,200.90000000000003,0.9527801061749092,6820,165,0.8,1.5,10.0
0.15,False,0.25,52.099999999999994,0.024825126868742286,181,165,0.8,1.5,10.0
0.15,False,0.5,85.49999999999999,0.024825126868742286,181,165,0.8,1.5,10.0
0.15,False,0.75,165.2,0.024825126868742286,181,165,0.8,1.5,10.0
0.15,True,0.25,62.40000000000001,0.9751748731312577,7110,165,0.8,1.5,10.0
0.15,True,0.5,102.74999999999997,0.9751748731312577,7110,165,0.8,1.5,10.0
0.15,True,0.75,167.8,0.9751748731312577,7110,165,0.8,1.5,10.0
0.0,False,0.25,99.30000000000001,0.4979371628054586,1569,166,0.8,1.5,10.0
0.0,False,0.5,188.9,0.4979371628054586,1569,166,0.8,1.5,10.0
0.0,False,0.75,330.90000000000003,0.4979371628054586,1569,166,0.8,1.5,10.0
0.0,True,0.25,93.6,0.5020628371945414,1582,166,0.8,1.5,10.0
0.0,True,0.5,180.34999999999997,0.5020628371945414,1582,166,0.8,1.5,10.0
0.0,True,0.75,312.15000000000003,0.5020628371945414,1582,166,0.8,1.5,10.0
0.03,False,0.25,89.27499999999999,0.309156137888005,1982,166,0.8,1.5,10.0
0.03,False,0.5,165.65,0.309156137888005,1982,166,0.8,1.5,10.0
0.03,False,0.75,313.475,0.309156137888005,1982,166,0.8,1.5,10.0
0.03,True,0.25,98.4,0.690843862111995,4429,166,0.8,1.5,10.0
0.03,True,0.5,181.7,0.690843862111995,4429,166,0.8,1.5,10.0
0.03,True,0.75,321.1000000000001,0.690843862111995,4429,166,0.8,1.5,10.0
0.06,False,0.25,84.4,0.1874440799284223,1257,166,0.8,1.5,10.0
0.06,False,0.5,154.70000000000002,0.1874440799284223,1257,166,0.8,1.5,10.0
0.06,False,0.75,283.6,0.1874440799284223,1257,166,0.8,1.5,10.0
0.06,True,0.25,88.00000000000001,0.8125559200715777,5449,166,0.8,1.5,10.0
0.06,True,0.5,161.6,0.8125559200715777,5449,166,0.8,1.5,10.0
0.06,True,0.75,284.6000000000001,0.8125559200715777,5449,166,0.8,1.5,10.0
0.09,False,0.25,70.8,0.09606321042417522,693,166,0.8,1.5,10.0
0.09,False,0.5,133.6,0.09606321042417522,693,166,0.8,1.5,10.0
0.09,False,0.75,242.60000000000002,0.09606321042417522,693,166,0.8,1.5,10.0
0.09,True,0.25,80.80000000000001,0.9039367895758248,6521,166,0.8,1.5,10.0
0.09,True,0.5,144.2,0.9039367895758248,6521,166,0.8,1.5,10.0
0.09,True,0.75,248.3,0.9039367895758248,6521,166,0.8,1.5,10.0
0.12,False,0.25,59.575,0.05419751361922056,388,166,0.8,1.5,10.0
0.12,False,0.5,107.05,0.05419751361922056,388,166,0.8,1.5,10.0
0.12,False,0.75,195.67499999999998,0.05419751361922056,388,166,0.8,1.5,10.0
0.12,True,0.25,71.2,0.9458024863807795,6771,166,0.8,1.5,10.0
0.12,True,0.5,121.3,0.9458024863807795,6771,166,0.8,1.5,10.0
0.12,True,0.75,202.95000000000002,0.9458024863807795,6771,166,0.8,1.5,10.0
0.15,False,0.25,53.949999999999996,0.026745302427650528,195,166,0.8,1.5,10.0
0.15,False,0.5,80.9,0.026745302427650528,195,166,0.8,1.5,10.0
0.15,False,0.75,132.85,0.026745302427650528,195,166,0.8,1.5,10.0
0.15,True,0.25,61.40000000000001,0.9732546975723495,7096,166,0.8,1.5,10.0
0.15,True,0.5,101.89999999999999,0.9732546975723495,7096,166,0.8,1.5,10.0
0.15,True,0.75,165.625,0.9732546975723495,7096,166,0.8,1.5,10.0
0.0,False,0.25,90.52499999999999,0.5095821551994973,1622,171,0.8,1.5,10.0
0.0,False,0.5,183.10000000000002,0.5095821551994973,1622,171,0.8,1.5,10.0
0.0,False,0.75,323.925,0.5095821551994973,1622,171,0.8,1.5,10.0
0.0,True,0.25,97.4,0.49041784480050266,1561,171,0.8,1.5,10.0
0.0,True,0.5,185.1,0.49041784480050266,1561,171,0.8,1.5,10.0
0.0,True,0.75,328.20000000000005,0.49041784480050266,1561,171,0.8,1.5,10.0
0.03,False,0.25,93.625,0.3230912476722533,2082,171,0.8,1.5,10.0
0.03,False,0.5,177.55,0.3230912476722533,2082,171,0.8,1.5,10.0
0.03,False,0.75,314.9000000000001,0.3230912476722533,2082,171,0.8,1.5,10.0
0.03,True,0.25,96.69999999999997,0.6769087523277467,4362,171,0.8,1.5,10.0
0.03,True,0.5,180.85000000000002,0.6769087523277467,4362,171,0.8,1.5,10.0
0.03,True,0.75,317.375,0.6769087523277467,4362,171,0.8,1.5,10.0
0.06,False,0.25,84.59999999999998,0.17467183770883055,1171,171,0.8,1.5,10.0
0.06,False,0.5,151.99999999999997,0.17467183770883055,1171,171,0.8,1.5,10.0
0.06,False,0.75,266.40000000000003,0.17467183770883055,1171,171,0.8,1.5,10.0
0.06,True,0.25,91.19999999999999,0.8253281622911695,5533,171,0.8,1.5,10.0
0.06,True,0.5,163.6,0.8253281622911695,5533,171,0.8,1.5,10.0
0.06,True,0.75,281.3,0.8253281622911695,5533,171,0.8,1.5,10.0
0.09,False,0.25,66.7,0.10206342611826617,737,171,0.8,1.5,10.0
0.09,False,0.5,117.00000000000001,0.10206342611826617,737,171,0.8,1.5,10.0
0.09,False,0.75,206.10000000000002,0.10206342611826617,737,171,0.8,1.5,10.0
0.09,True,0.25,80.07499999999999,0.8979365738817339,6484,171,0.8,1.5,10.0
0.09,True,0.5,140.95,0.8979365738817339,6484,171,0.8,1.5,10.0
0.09,True,0.75,242.60000000000002,0.8979365738817339,6484,171,0.8,1.5,10.0
0.12,False,0.25,65.575,0.046947044851194636,336,171,0.8,1.5,10.0
0.12,False,0.5,115.5,0.046947044851194636,336,171,0.8,1.5,10.0
0.12,False,0.75,178.27499999999998,0.046947044851194636,336,171,0.8,1.5,10.0
0.12,True,0.25,71.2,0.9530529551488054,6821,171,0.8,1.5,10.0
0.12,True,0.5,120.49999999999999,0.9530529551488054,6821,171,0.8,1.5,10.0
0.12,True,0.75,203.40000000000003,0.9530529551488054,6821,171,0.8,1.5,10.0
0.15,False,0.25,53.1,0.021950884895047332,160,171,0.8,1.5,10.0
0.15,False,0.5,85.80000000000001,0.021950884895047332,160,171,0.8,1.5,10.0
0.15,False,0.75,141.40000000000003,0.021950884895047332,160,171,0.8,1.5,10.0
0.15,True,0.25,61.699999999999996,0.9780491151049526,7129,171,0.8,1.5,10.0
0.15,True,0.5,99.49999999999999,0.9780491151049526,7129,171,0.8,1.5,10.0
0.15,True,0.75,164.70000000000002,0.9780491151049526,7129,171,0.8,1.5,10.0
0.0,False,0.25,100.67499999999998,0.4907436460621274,1564,179,0.8,1.5,10.0
0.0,False,0.5,180.34999999999997,0.4907436460621274,1564,179,0.8,1.5,10.0
0.0,False,0.75,335.35,0.4907436460621274,1564,179,0.8,1.5,10.0
0.0,True,0.25,90.05,0.5092563539378726,1623,179,0.8,1.5,10.0
0.0,True,0.5,178.1,0.5092563539378726,1623,179,0.8,1.5,10.0
0.0,True,0.75,329.55000000000007,0.5092563539378726,1623,179,0.8,1.5,10.0
0.03,False,0.25,95.1,0.3150812064965197,2037,179,0.8,1.5,10.0
0.03,False,0.5,181.60000000000002,0.3150812064965197,2037,179,0.8,1.5,10.0
0.03,False,0.75,325.6,0.3150812064965197,2037,179,0.8,1.5,10.0
0.03,True,0.25,96.77499999999999,0.6849187935034803,4428,179,0.8,1.5,10.0
0.03,True,0.5,184.34999999999997,0.6849187935034803,4428,179,0.8,1.5,10.0
0.03,True,0.75,317.59999999999997,0.6849187935034803,4428,179,0.8,1.5,10.0
0.06,False,0.25,79.39999999999999,0.18165601308161142,1222,179,0.8,1.5,10.0
0.06,False,0.5,151.45,0.18165601308161142,1222,179,0.8,1.5,10.0
0.06,False,0.75,268.8,0.18165601308161142,1222,179,0.8,1.5,10.0
0.06,True,0.25,87.9,0.8183439869183886,5505,179,0.8,1.5,10.0
0.06,True,0.5,163.0,0.8183439869183886,5505,179,0.8,1.5,10.0
0.06,True,0.75,285.7,0.8183439869183886,5505,179,0.8,1.5,10.0
0.09,False,0.25,70.425,0.09466962798445308,682,179,0.8,1.5,10.0
0.09,False,0.5,128.95,0.09466962798445308,682,179,0.8,1.5,10.0
0.09,False,0.75,233.35000000000002,0.09466962798445308,682,179,0.8,1.5,10.0
0.09,True,0.25,79.3,0.9053303720155469,6522,179,0.8,1.5,10.0
0.09,True,0.5,144.9,0.9053303720155469,6522,179,0.8,1.5,10.0
0.09,True,0.75,248.20000000000005,0.9053303720155469,6522,179,0.8,1.5,10.0
0.12,False,0.25,64.94999999999999,0.04175977653631285,299,179,0.8,1.5,10.0
0.12,False,0.5,114.3,0.04175977653631285,299,179,0.8,1.5,10.0
0.12,False,0.75,200.5,0.04175977653631285,299,179,0.8,1.5,10.0
0.12,True,0.25,69.99999999999999,0.9582402234636872,6861,179,0.8,1.5,10.0
0.12,True,0.5,119.6,0.9582402234636872,6861,179,0.8,1.5,10.0
0.12,True,0.75,197.59999999999997,0.9582402234636872,6861,179,0.8,1.5,10.0
0.15,False,0.25,61.9,0.025099437662872034,183,179,0.8,1.5,10.0
0.15,False,0.5,101.0,0.025099437662872034,183,179,0.8,1.5,10.0
0.15,False,0.75,166.60000000000002,0.025099437662872034,183,179,0.8,1.5,10.0
0.15,True,0.25,61.1,0.974900562337128,7108,179,0.8,1.5,10.0
0.15,True,0.5,100.8,0.974900562337128,7108,179,0.8,1.5,10.0
0.15,True,0.75,163.0,0.974900562337128,7108,179,0.8,1.5,10.0
0.0,False,0.25,95.675,0.5031446540880503,1600,180,0.8,1.5,10.0
0.0,False,0.5,181.3,0.5031446540880503,1600,180,0.8,1.5,10.0
0.0,False,0.75,320.62500000000006,0.5031446540880503,1600,180,0.8,1.5,10.0
0.0,True,0.25,100.475,0.4968553459119497,1580,180,0.8,1.5,10.0
0.0,True,0.5,193.0,0.4968553459119497,1580,180,0.8,1.5,10.0
0.0,True,0.75,339.35,0.4968553459119497,1580,180,0.8,1.5,10.0
0.03,False,0.25,97.54999999999998,0.32794780177101135,2111,180,0.8,1.5,10.0
0.03,False,0.5,183.60000000000002,0.32794780177101135,2111,180,0.8,1.5,10.0
0.03,False,0.75,324.30000000000007,0.32794780177101135,2111,180,0.8,1.5,10.0
0.03,True,0.25,93.39999999999999,0.6720521982289887,4326,180,0.8,1.5,10.0
0.03,True,0.5,172.7,0.6720521982289887,4326,180,0.8,1.5,10.0
0.03,True,0.75,316.57500000000005,0.6720521982289887,4326,180,0.8,1.5,10.0
0.06,False,0.25,78.39999999999999,0.18394748620020887,1233,180,0.8,1.5,10.0
0.06,False,0.5,154.10000000000002,0.18394748620020887,1233,180,0.8,1.5,10.0
0.06,False,0.75,279.7,0.18394748620020887,1233,180,0.8,1.5,10.0
0.06,True,0.25,93.49999999999999,0.8160525137997912,5470,180,0.8,1.5,10.0
0.06,True,0.5,172.9,0.8160525137997912,5470,180,0.8,1.5,10.0
0.06,True,0.75,294.5,0.8160525137997912,5470,180,0.8,1.5,10.0
0.09,False,0.25,75.5,0.09300388672959467,670,180,0.8,1.5,10.0
0.09,False,0.5,129.05,0.09300388672959467,670,180,0.8,1.5,10.0
0.09,False,0.75,236.95000000000002,0.09300388672959467,670,180,0.8,1.5,10.0
0.09,True,0.25,82.22499999999998,0.9069961132704053,6534,180,0.8,1.5,10.0
0.09,True,0.5,142.40000000000003,0.9069961132704053,6534,180,0.8,1.5,10.0
0.09,True,0.75,248.27500000000003,0.9069961132704053,6534,180,0.8,1.5,10.0
0.12,False,0.25,62.5,0.04202736665735828,301,180,0.8,1.5,10.0
0.12,False,0.5,106.50000000000001,0.04202736665735828,301,180,0.8,1.5,10.0
0.12,False,0.75,184.29999999999995,0.04202736665735828,301,180,0.8,1.5,10.0
0.12,True,0.25,70.2,0.9579726333426417,6861,180,0.8,1.5,10.0
0.12,True,0.5,121.39999999999998,0.9579726333426417,6861,180,0.8,1.5,10.0
0.12,True,0.75,205.00000000000003,0.9579726333426417,6861,180,0.8,1.5,10.0
0.15,False,0.25,51.45,0.02715676861884515,198,180,0.8,1.5,10.0
0.15,False,0.5,93.54999999999998,0.02715676861884515,198,180,0.8,1.5,10.0
0.15,False,0.75,149.67499999999998,0.02715676861884515,198,180,0.8,1.5,10.0
0.15,True,0.25,62.9,0.9728432313811548,7093,180,0.8,1.5,10.0
0.15,True,0.5,103.69999999999999,0.9728432313811548,7093,180,0.8,1.5,10.0
0.15,True,0.75,170.49999999999997,0.9728432313811548,7093,180,0.8,1.5,10.0
0.0,False,0.25,101.24999999999999,0.48814416693012963,1544,181,0.8,1.5,10.0
0.0,False,0.5,188.3,0.48814416693012963,1544,181,0.8,1.5,10.0
0.0,False,0.75,324.42500000000007,0.48814416693012963,1544,181,0.8,1.5,10.0
0.0,True,0.25,95.89999999999999,0.5118558330698704,1619,181,0.8,1.5,10.0
0.0,True,0.5,187.39999999999998,0.5118558330698704,1619,181,0.8,1.5,10.0
0.0,True,0.75,327.75,0.5118558330698704,1619,181,0.8,1.5,10.0
0.03,False,0.25,91.64999999999998,0.3276906351918,2110,181,0.8,1.5,10.0
0.03,False,0.5,175.45,0.3276906351918,2110,181,0.8,1.5,10.0
0.03,False,0.75,317.625,0.3276906351918,2110,181,0.8,1.5,10.0
0.03,True,0.25,97.4,0.6723093648082,4329,181,0.8,1.5,10.0
0.03,True,0.5,182.1,0.6723093648082,4329,181,0.8,1.5,10.0
0.03,True,0.75,321.20000000000005,0.6723093648082,4329,181,0.8,1.5,10.0
0.06,False,0.25,79.3,0.1828452504831277,1230,181,0.8,1.5,10.0
0.06,False,0.5,145.4,0.1828452504831277,1230,181,0.8,1.5,10.0
0.06,False,0.75,271.225,0.1828452504831277,1230,181,0.8,1.5,10.0
0.06,True,0.25,87.20000000000002,0.8171547495168723,5497,181,0.8,1.5,10.0
0.06,True,0.5,162.70000000000002,0.8171547495168723,5497,181,0.8,1.5,10.0
0.06,True,0.75,283.00000000000006,0.8171547495168723,5497,181,0.8,1.5,10.0
0.09,False,0.25,71.9,0.09626336991248785,693,181,0.8,1.5,10.0
0.09,False,0.5,125.5,0.09626336991248785,693,181,0.8,1.5,10.0
0.09,False,0.75,232.20000000000005,0.09626336991248785,693,181,0.8,1.5,10.0
0.09,True,0.25,79.3,0.9037366300875121,6506,181,0.8,1.5,10.0
0.09,True,0.5,140.40000000000003,0.9037366300875121,6506,181,0.8,1.5,10.0
0.09,True,0.75,242.40000000000003,0.9037366300875121,6506,181,0.8,1.5,10.0
0.12,False,0.25,66.05,0.04233025984911987,303,181,0.8,1.5,10.0
0.12,False,0.5,111.80000000000001,0.04233025984911987,303,181,0.8,1.5,10.0
0.12,False,0.75,179.45,0.04233025984911987,303,181,0.8,1.5,10.0
0.12,True,0.25,70.35,0.9576697401508801,6855,181,0.8,1.5,10.0
0.12,True,0.5,121.39999999999998,0.9576697401508801,6855,181,0.8,1.5,10.0
0.12,True,0.75,204.00000000000003,0.9576697401508801,6855,181,0.8,1.5,10.0
0.15,False,0.25,53.400000000000006,0.025517903690492522,186,181,0.8,1.5,10.0
0.15,False,0.5,83.69999999999999,0.025517903690492522,186,181,0.8,1.5,10.0
0.15,False,0.75,136.04999999999998,0.025517903690492522,186,181,0.8,1.5,10.0
0.15,True,0.25,61.9,0.9744820963095074,7103,181,0.8,1.5,10.0
0.15,True,0.5,101.5,0.9744820963095074,7103,181,0.8,1.5,10.0
0.15,True,0.75,167.05,0.9744820963095074,7103,181,0.8,1.5,10.0
0.0,False,0.25,99.25,0.5036403925292814,1591,190,0.8,1.5,10.0
0.0,False,0.5,192.1,0.5036403925292814,1591,190,0.8,1.5,10.0
0.0,False,0.75,335.05000000000007,0.5036403925292814,1591,190,0.8,1.5,10.0
0.0,True,0.25,96.57499999999999,0.49635960747071856,1568,190,0.8,1.5,10.0
0.0,True,0.5,181.5,0.49635960747071856,1568,190,0.8,1.5,10.0
0.0,True,0.75,321.07500000000005,0.49635960747071856,1568,190,0.8,1.5,10.0
0.03,False,0.25,92.94999999999999,0.31756127831213155,2047,190,0.8,1.5,10.0
0.03,False,0.5,174.4,0.31756127831213155,2047,190,0.8,1.5,10.0
0.03,False,0.75,306.6,0.31756127831213155,2047,190,0.8,1.5,10.0
0.03,True,0.25,92.9,0.6824387216878685,4399,190,0.8,1.5,10.0
0.03,True,0.5,175.1,0.6824387216878685,4399,190,0.8,1.5,10.0
0.03,True,0.75,306.9000000000001,0.6824387216878685,4399,190,0.8,1.5,10.0
0.06,False,0.25,78.27499999999999,0.18642048838594402,1252,190,0.8,1.5,10.0
0.06,False,0.5,146.95,0.18642048838594402,1252,190,0.8,1.5,10.0
0.06,False,0.75,265.0,0.18642048838594402,1252,190,0.8,1.5,10.0
0.06,True,0.25,89.8,0.813579511614056,5464,190,0.8,1.5,10.0
0.06,True,0.5,163.5,0.813579511614056,5464,190,0.8,1.5,10.0
0.06,True,0.75,285.40000000000003,0.813579511614056,5464,190,0.8,1.5,10.0
0.09,False,0.25,75.225,0.09360288008861811,676,190,0.8,1.5,10.0
0.09,False,0.5,132.75,0.09360288008861811,676,190,0.8,1.5,10.0
0.09,False,0.75,239.32500000000002,0.09360288008861811,676,190,0.8,1.5,10.0
0.09,True,0.25,78.39999999999999,0.9063971199113819,6546,190,0.8,1.5,10.0
0.09,True,0.5,139.89999999999998,0.9063971199113819,6546,190,0.8,1.5,10.0
0.09,True,0.75,239.175,0.9063971199113819,6546,190,0.8,1.5,10.0
0.12,False,0.25,58.74999999999999,0.048869030996928235,350,190,0.8,1.5,10.0
0.12,False,0.5,104.75,0.048869030996928235,350,190,0.8,1.5,10.0
0.12,False,0.75,188.975,0.048869030996928235,350,190,0.8,1.5,10.0
0.12,True,0.25,70.89999999999999,0.9511309690030718,6812,190,0.8,1.5,10.0
0.12,True,0.5,120.30000000000001,0.9511309690030718,6812,190,0.8,1.5,10.0
0.12,True,0.75,205.42500000000004,0.9511309690030718,6812,190,0.8,1.5,10.0
0.15,False,0.25,47.974999999999994,0.020024687971471677,146,190,0.8,1.5,10.0
0.15,False,0.5,87.99999999999999,0.020024687971471677,146,190,0.8,1.5,10.0
0.15,False,0.75,142.625,0.020024687971471677,146,190,0.8,1.5,10.0
0.15,True,0.25,61.60000000000001,0.9799753120285283,7145,190,0.8,1.5,10.0
0.15,True,0.5,101.89999999999999,0.9799753120285283,7145,190,0.8,1.5,10.0
0.15,True,0.75,167.9,0.9799753120285283,7145,190,0.8,1.5,10.0
0.0,False,0.25,96.8,0.5036450079239303,1589,204,0.8,1.5,10.0
0.0,False,0.5,179.39999999999998,0.5036450079239303,1589,204,0.8,1.5,10.0
0.0,False,0.75,318.0,0.5036450079239303,1589,204,0.8,1.5,10.0
0.0,True,0.25,99.85,0.49635499207606976,1566,204,0.8,1.5,10.0
0.0,True,0.5,188.34999999999997,0.49635499207606976,1566,204,0.8,1.5,10.0
0.0,True,0.75,326.1,0.49635499207606976,1566,204,0.8,1.5,10.0
0.03,False,0.25,92.29999999999998,0.31279105867742935,2015,204,0.8,1.5,10.0
0.03,False,0.5,175.2,0.31279105867742935,2015,204,0.8,1.5,10.0
0.03,False,0.75,313.3,0.31279105867742935,2015,204,0.8,1.5,10.0
0.03,True,0.25,99.65,0.6872089413225706,4427,204,0.8,1.5,10.0
0.03,True,0.5,183.7,0.6872089413225706,4427,204,0.8,1.5,10.0
0.03,True,0.75,319.15000000000003,0.6872089413225706,4427,204,0.8,1.5,10.0
0.06,False,0.25,81.225,0.18,1206,204,0.8,1.5,10.0
0.06,False,0.5,150.85,0.18,1206,204,0.8,1.5,10.0
0.06,False,0.75,270.87500000000006,0.18,1206,204,0.8,1.5,10.0
0.06,True,0.25,86.42500000000001,0.82,5494,204,0.8,1.5,10.0
0.06,True,0.5,155.5,0.82,5494,204,0.8,1.5,10.0
0.06,True,0.75,280.40000000000003,0.82,5494,204,0.8,1.5,10.0
0.09,False,0.25,68.6,0.09673837612768911,697,204,0.8,1.5,10.0
0.09,False,0.5,131.20000000000002,0.09673837612768911,697,204,0.8,1.5,10.0
0.09,False,0.75,223.20000000000002,0.09673837612768911,697,204,0.8,1.5,10.0
0.09,True,0.25,82.0,0.9032616238723109,6508,204,0.8,1.5,10.0
0.09,True,0.5,143.89999999999998,0.9032616238723109,6508,204,0.8,1.5,10.0
0.09,True,0.75,245.65000000000003,0.9032616238723109,6508,204,0.8,1.5,10.0
0.12,False,0.25,56.875,0.051095909535110985,366,204,0.8,1.5,10.0
0.12,False,0.5,97.45,0.051095909535110985,366,204,0.8,1.5,10.0
0.12,False,0.75,183.975,0.051095909535110985,366,204,0.8,1.5,10.0
0.12,True,0.25,69.3,0.948904090464889,6797,204,0.8,1.5,10.0
0.12,True,0.5,117.40000000000002,0.948904090464889,6797,204,0.8,1.5,10.0
0.12,True,0.75,197.70000000000002,0.948904090464889,6797,204,0.8,1.5,10.0
0.15,False,0.25,55.324999999999996,0.021396241942120423,156,204,0.8,1.5,10.0
0.15,False,0.5,86.9,0.021396241942120423,156,204,0.8,1.5,10.0
0.15,False,0.75,143.625,0.021396241942120423,156,204,0.8,1.5,10.0
0.15,True,0.25,61.650000000000006,0.9786037580578796,7135,204,0.8,1.5,10.0
0.15,True,0.5,100.29999999999998,0.9786037580578796,7135,204,0.8,1.5,10.0
0.15,True,0.75,164.20000000000002,0.9786037580578796,7135,204,0.8,1.5,10.0
0.0,False,0.25,94.19999999999999,0.4974826935179358,1581,207,0.8,1.5,10.0
0.0,False,0.5,185.70000000000002,0.4974826935179358,1581,207,0.8,1.5,10.0
0.0,False,0.75,329.7,0.4974826935179358,1581,207,0.8,1.5,10.0
0.0,True,0.25,96.0,0.5025173064820642,1597,207,0.8,1.5,10.0
0.0,True,0.5,185.20000000000002,0.5025173064820642,1597,207,0.8,1.5,10.0
0.0,True,0.75,335.20000000000005,0.5025173064820642,1597,207,0.8,1.5,10.0
0.03,False,0.25,90.44999999999999,0.3144722524483134,2023,207,0.8,1.5,10.0
0.03,False,0.5,181.29999999999998,0.3144722524483134,2023,207,0.8,1.5,10.0
0.03,False,0.75,319.3,0.3144722524483134,2023,207,0.8,1.5,10.0
0.03,True,0.25,94.19999999999999,0.6855277475516867,4410,207,0.8,1.5,10.0
0.03,True,0.5,175.50000000000003,0.6855277475516867,4410,207,0.8,1.5,10.0
0.03,True,0.75,314.8,0.6855277475516867,4410,207,0.8,1.5,10.0
0.06,False,0.25,82.99999999999999,0.18097931239767823,1216,207,0.8,1.5,10.0
0.06,False,0.5,153.8,0.18097931239767823,1216,207,0.8,1.5,10.0
0.06,False,0.75,275.15000000000003,0.18097931239767823,1216,207,0.8,1.5,10.0
0.06,True,0.25,88.19999999999999,0.8190206876023218,5503,207,0.8,1.5,10.0
0.06,True,0.5,164.89999999999998,0.8190206876023218,5503,207,0.8,1.5,10.0
0.06,True,0.75,284.95000000000005,0.8190206876023218,5503,207,0.8,1.5,10.0
0.09,False,0.25,72.25,0.09815610702897547,708,207,0.8,1.5,10.0
0.09,False,0.5,135.15,0.09815610702897547,708,207,0.8,1.5,10.0
0.09,False,0.75,233.82500000000007,0.09815610702897547,708,207,0.8,1.5,10.0
0.09,True,0.25,77.79999999999998,0.9018438929710245,6505,207,0.8,1.5,10.0
0.09,True,0.5,140.29999999999998,0.9018438929710245,6505,207,0.8,1.5,10.0
0.09,True,0.75,243.00000000000003,0.9018438929710245,6505,207,0.8,1.5,10.0
0.12,False,0.25,57.87499999999999,0.041887740854509914,300,207,0.8,1.5,10.0
0.12,False,0.5,101.94999999999999,0.041887740854509914,300,207,0.8,1.5,10.0
0.12,False,0.75,183.575,0.041887740854509914,300,207,0.8,1.5,10.0
0.12,True,0.25,69.3,0.9581122591454901,6862,207,0.8,1.5,10.0
0.12,True,0.5,120.49999999999999,0.9581122591454901,6862,207,0.8,1.5,10.0
0.12,True,0.75,202.82500000000005,0.9581122591454901,6862,207,0.8,1.5,10.0
0.15,False,0.25,50.77499999999999,0.026319396847155587,192,207,0.8,1.5,10.0
0.15,False,0.5,78.99999999999999,0.026319396847155587,192,207,0.8,1.5,10.0
0.15,False,0.75,128.70000000000002,0.026319396847155587,192,207,0.8,1.5,10.0
0.15,True,0.25,62.35000000000001,0.9736806031528444,7103,207,0.8,1.5,10.0
0.15,True,0.5,101.29999999999998,0.9736806031528444,7103,207,0.8,1.5,10.0
0.15,True,0.75,166.65000000000003,0.9736806031528444,7103,207,0.8,1.5,10.0
0.0,False,0.25,98.1,0.47821969696969696,1515,209,0.8,1.5,10.0
0.0,False,0.5,185.39999999999998,0.47821969696969696,1515,209,0.8,1.5,10.0
0.0,False,0.75,321.25,0.47821969696969696,1515,209,0.8,1.5,10.0
0.0,True,0.25,94.8,0.521780303030303,1653,209,0.8,1.5,10.0
0.0,True,0.5,181.29999999999998,0.521780303030303,1653,209,0.8,1.5,10.0
0.0,True,0.75,317.40000000000003,0.521780303030303,1653,209,0.8,1.5,10.0
0.03,False,0.25,91.0,0.3121207406254862,2006,209,0.8,1.5,10.0
0.03,False,0.5,175.89999999999998,0.3121207406254862,2006,209,0.8,1.5,10.0
0.03,False,0.75,309.225,0.3121207406254862,2006,209,0.8,1.5,10.0
0.03,True,0.25,94.5,0.6878792593745138,4421,209,0.8,1.5,10.0
0.03,True,0.5,180.1,0.6878792593745138,4421,209,0.8,1.5,10.0
0.03,True,0.75,314.50000000000006,0.6878792593745138,4421,209,0.8,1.5,10.0
0.06,False,0.25,81.19999999999999,0.18104604380867234,1215,209,0.8,1.5,10.0
0.06,False,0.5,153.79999999999998,0.18104604380867234,1215,209,0.8,1.5,10.0
0.06,False,0.75,274.35,0.18104604380867234,1215,209,0.8,1.5,10.0
0.06,True,0.25,88.17499999999998,0.8189539561913277,5496,209,0.8,1.5,10.0
0.06,True,0.5,163.45,0.8189539561913277,5496,209,0.8,1.5,10.0
0.06,True,0.75,284.5250000000001,0.8189539561913277,5496,209,0.8,1.5,10.0
0.09,False,0.25,70.775,0.09842902822188239,708,209,0.8,1.5,10.0
0.09,False,0.5,132.25,0.09842902822188239,708,209,0.8,1.5,10.0
0.09,False,0.75,227.52500000000003,0.09842902822188239,708,209,0.8,1.5,10.0
0.09,True,0.25,80.9,0.9015709717781176,6485,209,0.8,1.5,10.0
0.09,True,0.5,143.0,0.9015709717781176,6485,209,0.8,1.5,10.0
0.09,True,0.75,245.8,0.9015709717781176,6485,209,0.8,1.5,10.0
0.12,False,0.25,69.17500000000001,0.05309487215313679,380,209,0.8,1.5,10.0
0.12,False,0.5,121.44999999999999,0.05309487215313679,380,209,0.8,1.5,10.0
0.12,False,0.75,204.37500000000003,0.05309487215313679,380,209,0.8,1.5,10.0
0.12,True,0.25,70.8,0.9469051278468632,6777,209,0.8,1.5,10.0
0.12,True,0.5,121.9,0.9469051278468632,6777,209,0.8,1.5,10.0
0.12,True,0.75,204.60000000000002,0.9469051278468632,6777,209,0.8,1.5,10.0
0.15,False,0.25,53.25,0.021253256547374193,155,209,0.8,1.5,10.0
0.15,False,0.5,88.29999999999997,0.021253256547374193,155,209,0.8,1.5,10.0
0.15,False,0.75,150.05,0.021253256547374193,155,209,0.8,1.5,10.0
0.15,True,0.25,61.9,0.9787467434526258,7138,209,0.8,1.5,10.0
0.15,True,0.5,99.6,0.9787467434526258,7138,209,0.8,1.5,10.0
0.15,True,0.75,164.60000000000002,0.9787467434526258,7138,209,0.8,1.5,10.0
0.0,False,0.25,96.8,0.5009481668773704,1585,211,0.8,1.5,10.0
0.0,False,0.5,182.9,0.5009481668773704,1585,211,0.8,1.5,10.0
0.0,False,0.75,324.0,0.5009481668773704,1585,211,0.8,1.5,10.0
0.0,True,0.25,99.1,0.4990518331226296,1579,211,0.8,1.5,10.0
0.0,True,0.5,184.9,0.4990518331226296,1579,211,0.8,1.5,10.0
0.0,True,0.75,336.45000000000005,0.4990518331226296,1579,211,0.8,1.5,10.0
0.03,False,0.25,97.375,0.32052483598875353,2052,211,0.8,1.5,10.0
0.03,False,0.5,181.70000000000002,0.32052483598875353,2052,211,0.8,1.5,10.0
0.03,False,0.75,336.30000000000007,0.32052483598875353,2052,211,0.8,1.5,10.0
0.03,True,0.25,94.425,0.6794751640112465,4350,211,0.8,1.5,10.0
0.03,True,0.5,182.14999999999998,0.6794751640112465,4350,211,0.8,1.5,10.0
0.03,True,0.75,320.9750000000001,0.6794751640112465,4350,211,0.8,1.5,10.0
0.06,False,0.25,78.92499999999998,0.17917099985143367,1206,211,0.8,1.5,10.0
0.06,False,0.5,156.15000000000003,0.17917099985143367,1206,211,0.8,1.5,10.0
0.06,False,0.75,277.875,0.17917099985143367,1206,211,0.8,1.5,10.0
0.06,True,0.25,89.49999999999999,0.8208290001485663,5525,211,0.8,1.5,10.0
0.06,True,0.5,166.60000000000002,0.8208290001485663,5525,211,0.8,1.5,10.0
0.06,True,0.75,285.3,0.8208290001485663,5525,211,0.8,1.5,10.0
0.09,False,0.25,73.85000000000001,0.09837882776777054,710,211,0.8,1.5,10.0
0.09,False,0.5,131.85,0.09837882776777054,710,211,0.8,1.5,10.0
0.09,False,0.75,226.85000000000002,0.09837882776777054,710,211,0.8,1.5,10.0
0.09,True,0.25,79.9,0.9016211722322295,6507,211,0.8,1.5,10.0
0.09,True,0.5,140.5,0.9016211722322295,6507,211,0.8,1.5,10.0
0.09,True,0.75,242.00000000000006,0.9016211722322295,6507,211,0.8,1.5,10.0
0.12,False,0.25,60.75000000000001,0.047213297946640594,338,211,0.8,1.5,10.0
0.12,False,0.5,105.6,0.047213297946640594,338,211,0.8,1.5,10.0
0.12,False,0.75,186.925,0.047213297946640594,338,211,0.8,1.5,10.0
0.12,True,0.25,70.70000000000002,0.9527867020533594,6821,211,0.8,1.5,10.0
0.12,True,0.5,120.20000000000002,0.9527867020533594,6821,211,0.8,1.5,10.0
0.12,True,0.75,206.70000000000002,0.9527867020533594,6821,211,0.8,1.5,10.0
0.15,False,0.25,52.14999999999999,0.02563751028242391,187,211,0.8,1.5,10.0
0.15,False,0.5,82.9,0.02563751028242391,187,211,0.8,1.5,10.0
0.15,False,0.75,134.14999999999998,0.02563751028242391,187,211,0.8,1.5,10.0
0.15,True,0.25,62.40000000000001,0.9743624897175761,7107,211,0.8,1.5,10.0
0.15,True,0.5,100.8,0.9743624897175761,7107,211,0.8,1.5,10.0
0.15,True,0.75,167.1,0.9743624897175761,7107,211,0.8,1.5,10.0
0.0,False,0.25,99.89999999999999,0.4863508001255099,1550,220,0.8,1.5,10.0
0.0,False,0.5,184.95,0.4863508001255099,1550,220,0.8,1.5,10.0
0.0,False,0.75,321.175,0.4863508001255099,1550,220,0.8,1.5,10.0
0.0,True,0.25,96.29999999999998,0.5136491998744901,1637,220,0.8,1.5,10.0
0.0,True,0.5,175.50000000000003,0.5136491998744901,1637,220,0.8,1.5,10.0
0.0,True,0.75,326.5,0.5136491998744901,1637,220,0.8,1.5,10.0
0.03,False,0.25,91.7,0.3045638000620925,1962,220,0.8,1.5,10.0
0.03,False,0.5,175.25,0.3045638000620925,1962,220,0.8,1.5,10.0
0.03,False,0.75,313.52500000000003,0.3045638000620925,1962,220,0.8,1.5,10.0
0.03,True,0.25,94.69999999999997,0.6954361999379075,4480,220,0.8,1.5,10.0
0.03,True,0.5,179.29999999999998,0.6954361999379075,4480,220,0.8,1.5,10.0
0.03,True,0.75,317.125,0.6954361999379075,4480,220,0.8,1.5,10.0
0.06,False,0.25,88.95,0.1796781883194279,1206,220,0.8,1.5,10.0
0.06,False,0.5,171.7,0.1796781883194279,1206,220,0.8,1.5,10.0
0.06,False,0.75,308.15000000000003,0.1796781883194279,1206,220,0.8,1.5,10.0
0.06,True,0.25,88.79999999999998,0.820321811680572,5506,220,0.8,1.5,10.0
0.06,True,0.5,163.89999999999998,0.820321811680572,5506,220,0.8,1.5,10.0
0.06,True,0.75,282.67500000000007,0.820321811680572,5506,220,0.8,1.5,10.0
0.09,False,0.25,70.25,0.093000693000693,671,220,0.8,1.5,10.0
0.09,False,0.5,117.9,0.093000693000693,671,220,0.8,1.5,10.0
0.09,False,0.75,228.65000000000003,0.093000693000693,671,220,0.8,1.5,10.0
0.09,True,0.25,78.80000000000001,0.906999306999307,6544,220,0.8,1.5,10.0
0.09,True,0.5,140.75,0.906999306999307,6544,220,0.8,1.5,10.0
0.09,True,0.75,243.72500000000002,0.906999306999307,6544,220,0.8,1.5,10.0
0.12,False,0.25,59.1,0.04816417702080134,345,220,0.8,1.5,10.0
0.12,False,0.5,95.8,0.04816417702080134,345,220,0.8,1.5,10.0
0.12,False,0.75,175.79999999999998,0.04816417702080134,345,220,0.8,1.5,10.0
0.12,True,0.25,70.925,0.9518358229791987,6818,220,0.8,1.5,10.0
0.12,True,0.5,120.39999999999999,0.9518358229791987,6818,220,0.8,1.5,10.0
0.12,True,0.75,197.675,0.9518358229791987,6818,220,0.8,1.5,10.0
0.15,False,0.25,51.69999999999999,0.02564102564102564,187,220,0.8,1.5,10.0
0.15,False,0.5,82.4,0.02564102564102564,187,220,0.8,1.5,10.0
0.15,False,0.75,162.95,0.02564102564102564,187,220,0.8,1.5,10.0
0.15,True,0.25,62.5,0.9743589743589743,7106,220,0.8,1.5,10.0
0.15,True,0.5,101.14999999999999,0.9743589743589743,7106,220,0.8,1.5,10.0
0.15,True,0.75,167.5,0.9743589743589743,7106,220,0.8,1.5,10.0
0.0,False,0.25,92.07499999999999,0.5034876347495244,1588,221,0.8,1.5,10.0
0.0,False,0.5,183.1,0.5034876347495244,1588,221,0.8,1.5,10.0
0.0,False,0.75,333.27500000000003,0.5034876347495244,1588,221,0.8,1.5,10.0
0.0,True,0.25,97.35000000000001,0.4965123652504756,1566,221,0.8,1.5,10.0
0.0,True,0.5,186.65,0.4965123652504756,1566,221,0.8,1.5,10.0
0.0,True,0.75,317.85,0.4965123652504756,1566,221,0.8,1.5,10.0
0.03,False,0.25,89.09999999999998,0.3166304685076016,2041,221,0.8,1.5,10.0
0.03,False,0.5,173.0,0.3166304685076016,2041,221,0.8,1.5,10.0
0.03,False,0.75,322.6000000000001,0.3166304685076016,2041,221,0.8,1.5,10.0
0.03,True,0.25,95.19999999999999,0.6833695314923984,4405,221,0.8,1.5,10.0
0.03,True,0.5,177.50000000000003,0.6833695314923984,4405,221,0.8,1.5,10.0
0.03,True,0.75,325.1000000000001,0.6833695314923984,4405,221,0.8,1.5,10.0
0.06,False,0.25,87.39999999999999,0.19312090530077428,1297,221,0.8,1.5,10.0
0.06,False,0.5,162.89999999999998,0.19312090530077428,1297,221,0.8,1.5,10.0
0.06,False,0.75,285.7,0.19312090530077428,1297,221,0.8,1.5,10.0
0.06,True,0.25,85.39999999999999,0.8068790946992257,5419,221,0.8,1.5,10.0
0.06,True,0.5,161.7,0.8068790946992257,5419,221,0.8,1.5,10.0
0.06,True,0.75,283.1,0.8068790946992257,5419,221,0.8,1.5,10.0
0.09,False,0.25,68.99999999999999,0.08609455150422847,621,221,0.8,1.5,10.0
0.09,False,0.5,129.6,0.08609455150422847,621,221,0.8,1.5,10.0
0.09,False,0.75,228.70000000000005,0.08609455150422847,621,221,0.8,1.5,10.0
0.09,True,0.25,79.3,0.9139054484957715,6592,221,0.8,1.5,10.0
0.09,True,0.5,140.9,0.9139054484957715,6592,221,0.8,1.5,10.0
0.09,True,0.75,247.70000000000005,0.9139054484957715,6592,221,0.8,1.5,10.0
0.12,False,0.25,60.000000000000014,0.04680732150342322,335,221,0.8,1.5,10.0
0.12,False,0.5,106.69999999999999,0.04680732150342322,335,221,0.8,1.5,10.0
0.12,False,0.75,192.2,0.04680732150342322,335,221,0.8,1.5,10.0
0.12,True,0.25,71.2,0.9531926784965767,6822,221,0.8,1.5,10.0
0.12,True,0.5,121.69999999999999,0.9531926784965767,6822,221,0.8,1.5,10.0
0.12,True,0.75,202.47500000000002,0.9531926784965767,6822,221,0.8,1.5,10.0
0.15,False,0.25,48.275000000000006,0.02441366067754766,178,221,0.8,1.5,10.0
0.15,False,0.5,83.94999999999999,0.02441366067754766,178,221,0.8,1.5,10.0
0.15,False,0.75,143.825,0.02441366067754766,178,221,0.8,1.5,10.0
0.15,True,0.25,62.1,0.9755863393224523,7113,221,0.8,1.5,10.0
0.15,True,0.5,100.5,0.9755863393224523,7113,221,0.8,1.5,10.0
0.15,True,0.75,166.9,0.9755863393224523,7113,221,0.8,1.5,10.0
0.0,False,0.25,95.675,0.48742138364779874,1550,223,0.8,1.5,10.0
0.0,False,0.5,189.25,0.48742138364779874,1550,223,0.8,1.5,10.0
0.0,False,0.75,328.82500000000005,0.48742138364779874,1550,223,0.8,1.5,10.0
0.0,True,0.25,97.125,0.5125786163522013,1630,223,0.8,1.5,10.0
0.0,True,0.5,184.0,0.5125786163522013,1630,223,0.8,1.5,10.0
0.0,True,0.75,333.70000000000005,0.5125786163522013,1630,223,0.8,1.5,10.0
0.03,False,0.25,93.54999999999998,0.3104944969772128,2003,223,0.8,1.5,10.0
0.03,False,0.5,181.0,0.3104944969772128,2003,223,0.8,1.5,10.0
0.03,False,0.75,306.85,0.3104944969772128,2003,223,0.8,1.5,10.0
0.03,True,0.25,94.67499999999998,0.6895055030227871,4448,223,0.8,1.5,10.0
0.03,True,0.5,178.95000000000002,0.6895055030227871,4448,223,0.8,1.5,10.0
0.03,True,0.75,320.0,0.6895055030227871,4448,223,0.8,1.5,10.0
0.06,False,0.25,81.3,0.1783373063170441,1197,223,0.8,1.5,10.0
0.06,False,0.5,148.7,0.1783373063170441,1197,223,0.8,1.5,10.0
0.06,False,0.75,270.1000000000001,0.1783373063170441,1197,223,0.8,1.5,10.0
0.06,True,0.25,88.64999999999998,0.8216626936829559,5515,223,0.8,1.5,10.0
0.06,True,0.5,159.7,0.8216626936829559,5515,223,0.8,1.5,10.0
0.06,True,0.75,286.30000000000007,0.8216626936829559,5515,223,0.8,1.5,10.0
0.09,False,0.25,73.10000000000001,0.09595679867072833,693,223,0.8,1.5,10.0
0.09,False,0.5,130.0,0.09595679867072833,693,223,0.8,1.5,10.0
0.09,False,0.75,241.70000000000002,0.09595679867072833,693,223,0.8,1.5,10.0
0.09,True,0.25,79.49999999999999,0.9040432013292716,6529,223,0.8,1.5,10.0
0.09,True,0.5,139.89999999999998,0.9040432013292716,6529,223,0.8,1.5,10.0
0.09,True,0.75,240.70000000000005,0.9040432013292716,6529,223,0.8,1.5,10.0
0.12,False,0.25,64.5,0.04736621489450887,339,223,0.8,1.5,10.0
0.12,False,0.5,109.99999999999999,0.04736621489450887,339,223,0.8,1.5,10.0
0.12,False,0.75,184.3,0.04736621489450887,339,223,0.8,1.5,10.0
0.12,True,0.25,70.2,0.9526337851054911,6818,223,0.8,1.5,10.0
0.12,True,0.5,119.80000000000001,0.9526337851054911,6818,223,0.8,1.5,10.0
0.12,True,0.75,196.7,0.9526337851054911,6818,223,0.8,1.5,10.0
0.15,False,0.25,57.24999999999999,0.024139349883417913,176,223,0.8,1.5,10.0
0.15,False,0.5,94.74999999999999,0.024139349883417913,176,223,0.8,1.5,10.0
0.15,False,0.75,152.37499999999997,0.024139349883417913,176,223,0.8,1.5,10.0
0.15,True,0.25,62.35000000000001,0.9758606501165821,7115,223,0.8,1.5,10.0
0.15,True,0.5,102.29999999999998,0.9758606501165821,7115,223,0.8,1.5,10.0
0.15,True,0.75,161.75,0.9758606501165821,7115,223,0.8,1.5,10.0
0.0,False,0.25,90.29999999999998,0.5095480585614258,1601,226,0.8,1.5,10.0
0.0,False,0.5,173.39999999999998,0.5095480585614258,1601,226,0.8,1.5,10.0
0.0,False,0.75,307.20000000000005,0.5095480585614258,1601,226,0.8,1.5,10.0
0.0,True,0.25,97.49999999999999,0.4904519414385742,1541,226,0.8,1.5,10.0
0.0,True,0.5,185.89999999999998,0.4904519414385742,1541,226,0.8,1.5,10.0
0.0,True,0.75,319.3,0.4904519414385742,1541,226,0.8,1.5,10.0
0.03,False,0.25,100.10000000000001,0.320769350085311,2068,226,0.8,1.5,10.0
0.03,False,0.5,183.75,0.320769350085311,2068,226,0.8,1.5,10.0
0.03,False,0.75,319.52500000000003,0.320769350085311,2068,226,0.8,1.5,10.0
0.03,True,0.25,97.94999999999999,0.679230649914689,4379,226,0.8,1.5,10.0
0.03,True,0.5,180.8,0.679230649914689,4379,226,0.8,1.5,10.0
0.03,True,0.75,319.70000000000005,0.679230649914689,4379,226,0.8,1.5,10.0
0.06,False,0.25,84.99999999999999,0.18065666320011886,1216,226,0.8,1.5,10.0
0.06,False,0.5,157.6,0.18065666320011886,1216,226,0.8,1.5,10.0
0.06,False,0.75,270.07500000000005,0.18065666320011886,1216,226,0.8,1.5,10.0
0.06,True,0.25,89.39999999999999,0.8193433367998811,5515,226,0.8,1.5,10.0
0.06,True,0.5,164.89999999999998,0.8193433367998811,5515,226,0.8,1.5,10.0
0.06,True,0.75,288.70000000000005,0.8193433367998811,5515,226,0.8,1.5,10.0
0.09,False,0.25,73.94999999999999,0.09093433291684021,655,226,0.8,1.5,10.0
0.09,False,0.5,133.49999999999997,0.09093433291684021,655,226,0.8,1.5,10.0
0.09,False,0.75,226.95000000000005,0.09093433291684021,655,226,0.8,1.5,10.0
0.09,True,0.25,80.3,0.9090656670831598,6548,226,0.8,1.5,10.0
0.09,True,0.5,141.64999999999998,0.9090656670831598,6548,226,0.8,1.5,10.0
0.09,True,0.75,244.02500000000006,0.9090656670831598,6548,226,0.8,1.5,10.0
0.12,False,0.25,62.999999999999986,0.045372050816696916,325,226,0.8,1.5,10.0
0.12,False,0.5,110.2,0.045372050816696916,325,226,0.8,1.5,10.0
0.12,False,0.75,195.20000000000002,0.045372050816696916,325,226,0.8,1.5,10.0
0.12,True,0.25,71.2,0.9546279491833031,6838,226,0.8,1.5,10.0
0.12,True,0.5,119.29999999999998,0.9546279491833031,6838,226,0.8,1.5,10.0
0.12,True,0.75,199.4,0.9546279491833031,6838,226,0.8,1.5,10.0
0.15,False,0.25,56.225,0.022487316604963663,164,226,0.8,1.5,10.0
0.15,False,0.5,90.5,0.022487316604963663,164,226,0.8,1.5,10.0
0.15,False,0.75,163.14999999999998,0.022487316604963663,164,226,0.8,1.5,10.0
0.15,True,0.25,62.8,0.9775126833950364,7129,226,0.8,1.5,10.0
0.15,True,0.5,102.39999999999998,0.9775126833950364,7129,226,0.8,1.5,10.0
0.15,True,0.75,169.7,0.9775126833950364,7129,226,0.8,1.5,10.0
0.0,False,0.25,96.8,0.5094517958412098,1617,231,0.8,1.5,10.0
0.0,False,0.5,178.1,0.5094517958412098,1617,231,0.8,1.5,10.0
0.0,False,0.75,325.8,0.5094517958412098,1617,231,0.8,1.5,10.0
0.0,True,0.25,102.6,0.4905482041587902,1557,231,0.8,1.5,10.0
0.0,True,0.5,196.0,0.4905482041587902,1557,231,0.8,1.5,10.0
0.0,True,0.75,333.1000000000001,0.4905482041587902,1557,231,0.8,1.5,10.0
0.03,False,0.25,92.24999999999999,0.3238390092879257,2092,231,0.8,1.5,10.0
0.03,False,0.5,174.7,0.3238390092879257,2092,231,0.8,1.5,10.0
0.03,False,0.75,308.625,0.3238390092879257,2092,231,0.8,1.5,10.0
0.03,True,0.25,95.6,0.6761609907120743,4368,231,0.8,1.5,10.0
0.03,True,0.5,175.34999999999997,0.6761609907120743,4368,231,0.8,1.5,10.0
0.03,True,0.75,312.92500000000007,0.6761609907120743,4368,231,0.8,1.5,10.0
0.06,False,0.25,85.49999999999999,0.1836734693877551,1233,231,0.8,1.5,10.0
0.06,False,0.5,156.39999999999998,0.1836734693877551,1233,231,0.8,1.5,10.0
0.06,False,0.75,280.20000000000005,0.1836734693877551,1233,231,0.8,1.5,10.0
0.06,True,0.25,91.09999999999998,0.8163265306122449,5480,231,0.8,1.5,10.0
0.06,True,0.5,164.49999999999997,0.8163265306122449,5480,231,0.8,1.5,10.0
0.06,True,0.75,294.40000000000003,0.8163265306122449,5480,231,0.8,1.5,10.0
0.09,False,0.25,71.925,0.09121153313002495,658,231,0.8,1.5,10.0
0.09,False,0.5,135.39999999999998,0.09121153313002495,658,231,0.8,1.5,10.0
0.09,False,0.75,231.47500000000005,0.09121153313002495,658,231,0.8,1.5,10.0
0.09,True,0.25,79.49999999999999,0.908788466869975,6556,231,0.8,1.5,10.0
0.09,True,0.5,142.9,0.908788466869975,6556,231,0.8,1.5,10.0
0.09,True,0.75,243.82500000000002,0.908788466869975,6556,231,0.8,1.5,10.0
0.12,False,0.25,62.75,0.050335570469798654,360,231,0.8,1.5,10.0
0.12,False,0.5,110.44999999999999,0.050335570469798654,360,231,0.8,1.5,10.0
0.12,False,0.75,189.67499999999998,0.050335570469798654,360,231,0.8,1.5,10.0
0.12,True,0.25,70.475,0.9496644295302014,6792,231,0.8,1.5,10.0
0.12,True,0.5,123.39999999999998,0.9496644295302014,6792,231,0.8,1.5,10.0
0.12,True,0.75,205.50000000000003,0.9496644295302014,6792,231,0.8,1.5,10.0
0.15,False,0.25,52.07499999999999,0.026330224904004388,192,231,0.8,1.5,10.0
0.15,False,0.5,92.55,0.026330224904004388,192,231,0.8,1.5,10.0
0.15,False,0.75,145.875,0.026330224904004388,192,231,0.8,1.5,10.0
0.15,True,0.25,62.600000000000016,0.9736697750959956,7100,231,0.8,1.5,10.0
0.15,True,0.5,100.0,0.9736697750959956,7100,231,0.8,1.5,10.0
0.15,True,0.75,163.825,0.9736697750959956,7100,231,0.8,1.5,10.0
0.0,False,0.25,96.90000000000002,0.5033259423503326,1589,234,0.8,1.5,10.0
0.0,False,0.5,185.89999999999998,0.5033259423503326,1589,234,0.8,1.5,10.0
0.0,False,0.75,335.5,0.5033259423503326,1589,234,0.8,1.5,10.0
0.0,True,0.25,98.5,0.49667405764966743,1568,234,0.8,1.5,10.0
0.0,True,0.5,191.7,0.49667405764966743,1568,234,0.8,1.5,10.0
0.0,True,0.75,330.77500000000003,0.49667405764966743,1568,234,0.8,1.5,10.0
0.03,False,0.25,94.55,0.32006220839813376,2058,234,0.8,1.5,10.0
0.03,False,0.5,175.55,0.32006220839813376,2058,234,0.8,1.5,10.0
0.03,False,0.75,313.925,0.32006220839813376,2058,234,0.8,1.5,10.0
0.03,True,0.25,95.25,0.6799377916018663,4372,234,0.8,1.5,10.0
0.03,True,0.5,179.34999999999997,0.6799377916018663,4372,234,0.8,1.5,10.0
0.03,True,0.75,315.32500000000005,0.6799377916018663,4372,234,0.8,1.5,10.0
0.06,False,0.25,84.1,0.17488855869242198,1177,234,0.8,1.5,10.0
0.06,False,0.5,148.50000000000003,0.17488855869242198,1177,234,0.8,1.5,10.0
0.06,False,0.75,269.1,0.17488855869242198,1177,234,0.8,1.5,10.0
0.06,True,0.25,86.4,0.825111441307578,5553,234,0.8,1.5,10.0
0.06,True,0.5,160.89999999999998,0.825111441307578,5553,234,0.8,1.5,10.0
0.06,True,0.75,282.6000000000001,0.825111441307578,5553,234,0.8,1.5,10.0
0.09,False,0.25,73.69999999999999,0.0966129927817879,696,234,0.8,1.5,10.0
0.09,False,0.5,129.14999999999998,0.0966129927817879,696,234,0.8,1.5,10.0
0.09,False,0.75,227.15000000000003,0.0966129927817879,696,234,0.8,1.5,10.0
0.09,True,0.25,80.3,0.9033870072182121,6508,234,0.8,1.5,10.0
0.09,True,0.5,142.29999999999998,0.9033870072182121,6508,234,0.8,1.5,10.0
0.09,True,0.75,240.90000000000003,0.9033870072182121,6508,234,0.8,1.5,10.0
0.12,False,0.25,61.325,0.049427534208321695,354,234,0.8,1.5,10.0
0.12,False,0.5,96.75,0.049427534208321695,354,234,0.8,1.5,10.0
0.12,False,0.75,176.175,0.049427534208321695,354,234,0.8,1.5,10.0
0.12,True,0.25,69.2,0.9505724657916783,6808,234,0.8,1.5,10.0
0.12,True,0.5,119.80000000000001,0.9505724657916783,6808,234,0.8,1.5,10.0
0.12,True,0.75,203.15,0.9505724657916783,6808,234,0.8,1.5,10.0
0.15,False,0.25,53.45,0.024417009602194787,178,234,0.8,1.5,10.0
0.15,False,0.5,85.29999999999998,0.024417009602194787,178,234,0.8,1.5,10.0
0.15,False,0.75,146.2,0.024417009602194787,178,234,0.8,1.5,10.0
0.15,True,0.25,62.40000000000001,0.9755829903978052,7112,234,0.8,1.5,10.0
0.15,True,0.5,103.69999999999999,0.9755829903978052,7112,234,0.8,1.5,10.0
0.15,True,0.75,168.70000000000002,0.9755829903978052,7112,234,0.8,1.5,10.0
0.0,False,0.25,98.4,0.4959068010075567,1575,235,0.8,1.5,10.0
0.0,False,0.5,181.29999999999998,0.4959068010075567,1575,235,0.8,1.5,10.0
0.0,False,0.75,327.35,0.4959068010075567,1575,235,0.8,1.5,10.0
0.0,True,0.25,100.4,0.5040931989924433,1601,235,0.8,1.5,10.0
0.0,True,0.5,195.49999999999997,0.5040931989924433,1601,235,0.8,1.5,10.0
0.0,True,0.75,328.3,0.5040931989924433,1601,235,0.8,1.5,10.0
0.03,False,0.25,94.15,0.3291472868217054,2123,235,0.8,1.5,10.0
0.03,False,0.5,175.6,0.3291472868217054,2123,235,0.8,1.5,10.0
0.03,False,0.75,312.6,0.3291472868217054,2123,235,0.8,1.5,10.0
0.03,True,0.25,97.30000000000001,0.6708527131782945,4327,235,0.8,1.5,10.0
0.03,True,0.5,179.29999999999998,0.6708527131782945,4327,235,0.8,1.5,10.0
0.03,True,0.75,314.25,0.6708527131782945,4327,235,0.8,1.5,10.0
0.06,False,0.25,81.25,0.1858420268256334,1247,235,0.8,1.5,10.0
0.06,False,0.5,151.3,0.1858420268256334,1247,235,0.8,1.5,10.0
0.06,False,0.75,268.70000000000005,0.1858420268256334,1247,235,0.8,1.5,10.0
0.06,True,0.25,87.5,0.8141579731743667,5463,235,0.8,1.5,10.0
0.06,True,0.5,160.60000000000002,0.8141579731743667,5463,235,0.8,1.5,10.0
0.06,True,0.75,286.75000000000006,0.8141579731743667,5463,235,0.8,1.5,10.0
0.09,False,0.25,69.325,0.0961351987809946,694,235,0.8,1.5,10.0
0.09,False,0.5,130.7,0.0961351987809946,694,235,0.8,1.5,10.0
0.09,False,0.75,232.77500000000003,0.0961351987809946,694,235,0.8,1.5,10.0
0.09,True,0.25,79.3,0.9038648012190054,6525,235,0.8,1.5,10.0
0.09,True,0.5,139.20000000000002,0.9038648012190054,6525,235,0.8,1.5,10.0
0.09,True,0.75,243.00000000000003,0.9038648012190054,6525,235,0.8,1.5,10.0
0.12,False,0.25,59.10000000000001,0.04628076062639821,331,235,0.8,1.5,10.0
0.12,False,0.5,105.30000000000003,0.04628076062639821,331,235,0.8,1.5,10.0
0.12,False,0.75,178.25,0.04628076062639821,331,235,0.8,1.5,10.0
0.12,True,0.25,70.70000000000002,0.9537192393736018,6821,235,0.8,1.5,10.0
0.12,True,0.5,119.6,0.9537192393736018,6821,235,0.8,1.5,10.0
0.12,True,0.75,202.0,0.9537192393736018,6821,235,0.8,1.5,10.0
0.15,False,0.25,55.75,0.025651577503429356,187,235,0.8,1.5,10.0
0.15,False,0.5,92.69999999999997,0.025651577503429356,187,235,0.8,1.5,10.0
0.15,False,0.75,142.55,0.025651577503429356,187,235,0.8,1.5,10.0
0.15,True,0.25,61.9,0.9743484224965706,7103,235,0.8,1.5,10.0
0.15,True,0.5,99.6,0.9743484224965706,7103,235,0.8,1.5,10.0
0.15,True,0.75,161.35,0.9743484224965706,7103,235,0.8,1.5,10.0
0.0,False,0.25,100.95,0.490840176879343,1554,241,0.8,1.5,10.0
0.0,False,0.5,188.8,0.490840176879343,1554,241,0.8,1.5,10.0
0.0,False,0.75,342.00000000000006,0.490840176879343,1554,241,0.8,1.5,10.0
0.0,True,0.25,100.67499999999998,0.509159823120657,1612,241,0.8,1.5,10.0
0.0,True,0.5,183.29999999999998,0.509159823120657,1612,241,0.8,1.5,10.0
0.0,True,0.75,312.725,0.509159823120657,1612,241,0.8,1.5,10.0
0.03,False,0.25,96.225,0.3189172370877411,2050,241,0.8,1.5,10.0
0.03,False,0.5,180.65,0.3189172370877411,2050,241,0.8,1.5,10.0
0.03,False,0.75,327.32500000000005,0.3189172370877411,2050,241,0.8,1.5,10.0
0.03,True,0.25,94.32499999999999,0.6810827629122589,4378,241,0.8,1.5,10.0
0.03,True,0.5,185.20000000000002,0.6810827629122589,4378,241,0.8,1.5,10.0
0.03,True,0.75,319.62500000000006,0.6810827629122589,4378,241,0.8,1.5,10.0
0.06,False,0.25,82.19999999999997,0.17368029739776952,1168,241,0.8,1.5,10.0
0.06,False,0.5,158.2,0.17368029739776952,1168,241,0.8,1.5,10.0
0.06,False,0.75,272.15000000000003,0.17368029739776952,1168,241,0.8,1.5,10.0
0.06,True,0.25,89.8,0.8263197026022305,5557,241,0.8,1.5,10.0
0.06,True,0.5,161.29999999999998,0.8263197026022305,5557,241,0.8,1.5,10.0
0.06,True,0.75,281.80000000000007,0.8263197026022305,5557,241,0.8,1.5,10.0
0.09,False,0.25,73.05000000000001,0.09216013344453712,663,241,0.8,1.5,10.0
0.09,False,0.5,132.0,0.09216013344453712,663,241,0.8,1.5,10.0
0.09,False,0.75,231.65000000000003,0.09216013344453712,663,241,0.8,1.5,10.0
0.09,True,0.25,79.49999999999999,0.9078398665554629,6531,241,0.8,1.5,10.0
0.09,True,0.5,139.89999999999998,0.9078398665554629,6531,241,0.8,1.5,10.0
0.09,True,0.75,242.20000000000002,0.9078398665554629,6531,241,0.8,1.5,10.0
0.12,False,0.25,63.999999999999986,0.04986033519553073,357,241,0.8,1.5,10.0
0.12,False,0.5,115.00000000000001,0.04986033519553073,357,241,0.8,1.5,10.0
0.12,False,0.75,216.10000000000005,0.04986033519553073,357,241,0.8,1.5,10.0
0.12,True,0.25,72.25,0.9501396648044693,6803,241,0.8,1.5,10.0
0.12,True,0.5,123.10000000000001,0.9501396648044693,6803,241,0.8,1.5,10.0
0.12,True,0.75,207.15000000000003,0.9501396648044693,6803,241,0.8,1.5,10.0
0.15,False,0.25,57.325,0.02276467361492046,166,241,0.8,1.5,10.0
0.15,False,0.5,91.44999999999999,0.02276467361492046,166,241,0.8,1.5,10.0
0.15,False,0.75,147.54999999999998,0.02276467361492046,166,241,0.8,1.5,10.0
0.15,True,0.25,63.199999999999996,0.9772353263850796,7126,241,0.8,1.5,10.0
0.15,True,0.5,103.24999999999999,0.9772353263850796,7126,241,0.8,1.5,10.0
0.15,True,0.75,165.1,0.9772353263850796,7126,241,0.8,1.5,10.0
0.0,False,0.25,105.00000000000001,0.4820463933905307,1517,242,0.8,1.5,10.0
0.0,False,0.5,193.70000000000002,0.4820463933905307,1517,242,0.8,1.5,10.0
0.0,False,0.75,332.70000000000005,0.4820463933905307,1517,242,0.8,1.5,10.0
0.0,True,0.25,93.0,0.5179536066094693,1630,242,0.8,1.5,10.0
0.0,True,0.5,177.29999999999998,0.5179536066094693,1630,242,0.8,1.5,10.0
0.0,True,0.75,317.57500000000005,0.5179536066094693,1630,242,0.8,1.5,10.0
0.03,False,0.25,93.39999999999999,0.31477449455676515,2024,242,0.8,1.5,10.0
0.03,False,0.5,177.89999999999998,0.31477449455676515,2024,242,0.8,1.5,10.0
0.03,False,0.75,304.70000000000005,0.31477449455676515,2024,242,0.8,1.5,10.0
0.03,True,0.25,95.425,0.6852255054432348,4406,242,0.8,1.5,10.0
0.03,True,0.5,178.45,0.6852255054432348,4406,242,0.8,1.5,10.0
0.03,True,0.75,303.9,0.6852255054432348,4406,242,0.8,1.5,10.0
0.06,False,0.25,79.975,0.17560540781458922,1182,242,0.8,1.5,10.0
0.06,False,0.5,156.79999999999998,0.17560540781458922,1182,242,0.8,1.5,10.0
0.06,False,0.75,270.975,0.17560540781458922,1182,242,0.8,1.5,10.0
0.06,True,0.25,90.1,0.8243945921854108,5549,242,0.8,1.5,10.0
0.06,True,0.5,165.4,0.8243945921854108,5549,242,0.8,1.5,10.0
0.06,True,0.75,287.1,0.8243945921854108,5549,242,0.8,1.5,10.0
0.09,False,0.25,75.69999999999999,0.09513888888888888,685,242,0.8,1.5,10.0
0.09,False,0.5,142.1,0.09513888888888888,685,242,0.8,1.5,10.0
0.09,False,0.75,267.1,0.09513888888888888,685,242,0.8,1.5,10.0
0.09,True,0.25,79.49999999999999,0.9048611111111111,6515,242,0.8,1.5,10.0
0.09,True,0.5,142.00000000000003,0.9048611111111111,6515,242,0.8,1.5,10.0
0.09,True,0.75,241.45000000000005,0.9048611111111111,6515,242,0.8,1.5,10.0
0.12,False,0.25,56.75,0.047938504542278125,343,242,0.8,1.5,10.0
0.12,False,0.5,101.0,0.047938504542278125,343,242,0.8,1.5,10.0
0.12,False,0.75,171.35000000000002,0.047938504542278125,343,242,0.8,1.5,10.0
0.12,True,0.25,71.29999999999998,0.9520614954577219,6812,242,0.8,1.5,10.0
0.12,True,0.5,121.64999999999999,0.9520614954577219,6812,242,0.8,1.5,10.0
0.12,True,0.75,204.35000000000002,0.9520614954577219,6812,242,0.8,1.5,10.0
0.15,False,0.25,54.775000000000006,0.026323005209761448,192,242,0.8,1.5,10.0
0.15,False,0.5,89.84999999999998,0.026323005209761448,192,242,0.8,1.5,10.0
0.15,False,0.75,155.8,0.026323005209761448,192,242,0.8,1.5,10.0
0.15,True,0.25,62.999999999999986,0.9736769947902385,7102,242,0.8,1.5,10.0
0.15,True,0.5,103.8,0.9736769947902385,7102,242,0.8,1.5,10.0
0.15,True,0.75,171.075,0.9736769947902385,7102,242,0.8,1.5,10.0
0.0,False,0.25,96.4,0.4878433849068519,1545,249,0.8,1.5,10.0
0.0,False,0.5,186.29999999999995,0.4878433849068519,1545,249,0.8,1.5,10.0
0.0,False,0.75,328.40000000000003,0.4878433849068519,1545,249,0.8,1.5,10.0
0.0,True,0.25,100.4,0.5121566150931481,1622,249,0.8,1.5,10.0
0.0,True,0.5,185.25,0.5121566150931481,1622,249,0.8,1.5,10.0
0.0,True,0.75,318.475,0.5121566150931481,1622,249,0.8,1.5,10.0
0.03,False,0.25,95.375,0.3092207389009624,1992,249,0.8,1.5,10.0
0.03,False,0.5,188.7,0.3092207389009624,1992,249,0.8,1.5,10.0
0.03,False,0.75,329.6,0.3092207389009624,1992,249,0.8,1.5,10.0
0.03,True,0.25,97.4,0.6907792610990375,4450,249,0.8,1.5,10.0
0.03,True,0.5,177.29999999999998,0.6907792610990375,4450,249,0.8,1.5,10.0
0.03,True,0.75,320.57500000000005,0.6907792610990375,4450,249,0.8,1.5,10.0
0.06,False,0.25,88.375,0.1786511835640911,1200,249,0.8,1.5,10.0
0.06,False,0.5,153.6,0.1786511835640911,1200,249,0.8,1.5,10.0
0.06,False,0.75,275.1,0.1786511835640911,1200,249,0.8,1.5,10.0
0.06,True,0.25,89.49999999999999,0.8213488164359088,5517,249,0.8,1.5,10.0
0.06,True,0.5,161.89999999999998,0.8213488164359088,5517,249,0.8,1.5,10.0
0.06,True,0.75,286.6,0.8213488164359088,5517,249,0.8,1.5,10.0
0.09,False,0.25,70.82499999999999,0.09869335557408952,710,249,0.8,1.5,10.0
0.09,False,0.5,130.2,0.09869335557408952,710,249,0.8,1.5,10.0
0.09,False,0.75,236.05000000000004,0.09869335557408952,710,249,0.8,1.5,10.0
0.09,True,0.25,84.0,0.9013066444259105,6484,249,0.8,1.5,10.0
0.09,True,0.5,148.9,0.9013066444259105,6484,249,0.8,1.5,10.0
0.09,True,0.75,254.20000000000005,0.9013066444259105,6484,249,0.8,1.5,10.0
0.12,False,0.25,61.10000000000001,0.05305039787798409,380,249,0.8,1.5,10.0
0.12,False,0.5,104.6,0.05305039787798409,380,249,0.8,1.5,10.0
0.12,False,0.75,186.92499999999998,0.05305039787798409,380,249,0.8,1.5,10.0
0.12,True,0.25,70.6,0.946949602122016,6783,249,0.8,1.5,10.0
0.12,True,0.5,121.50000000000001,0.946949602122016,6783,249,0.8,1.5,10.0
0.12,True,0.75,201.95000000000002,0.946949602122016,6783,249,0.8,1.5,10.0
0.15,False,0.25,54.55,0.022898669957493487,167,249,0.8,1.5,10.0
0.15,False,0.5,90.5,0.022898669957493487,167,249,0.8,1.5,10.0
0.15,False,0.75,184.55,0.022898669957493487,167,249,0.8,1.5,10.0
0.15,True,0.25,63.1,0.9771013300425065,7126,249,0.8,1.5,10.0
0.15,True,0.5,102.69999999999999,0.9771013300425065,7126,249,0.8,1.5,10.0
0.15,True,0.75,166.875,0.9771013300425065,7126,249,0.8,1.5,10.0
0.0,False,0.25,98.44999999999999,0.5048422368009997,1616,251,0.8,1.5,10.0
0.0,False,0.5,187.79999999999998,0.5048422368009997,1616,251,0.8,1.5,10.0
0.0,False,0.75,321.92500000000007,0.5048422368009997,1616,251,0.8,1.5,10.0
0.0,True,0.25,100.4,0.4951577631990003,1585,251,0.8,1.5,10.0
0.0,True,0.5,183.0,0.4951577631990003,1585,251,0.8,1.5,10.0
0.0,True,0.75,321.00000000000006,0.4951577631990003,1585,251,0.8,1.5,10.0
0.03,False,0.25,95.35000000000001,0.3178294573643411,2050,251,0.8,1.5,10.0
0.03,False,0.5,181.79999999999998,0.3178294573643411,2050,251,0.8,1.5,10.0
0.03,False,0.75,311.67500000000007,0.3178294573643411,2050,251,0.8,1.5,10.0
0.03,True,0.25,95.19999999999999,0.6821705426356589,4400,251,0.8,1.5,10.0
0.03,True,0.5,180.9,0.6821705426356589,4400,251,0.8,1.5,10.0
0.03,True,0.75,321.32500000000005,0.6821705426356589,4400,251,0.8,1.5,10.0
0.06,False,0.25,84.875,0.17921146953405018,1200,251,0.8,1.5,10.0
0.06,False,0.5,152.4,0.17921146953405018,1200,251,0.8,1.5,10.0
0.06,False,0.75,280.425,0.17921146953405018,1200,251,0.8,1.5,10.0
0.06,True,0.25,89.17499999999998,0.8207885304659498,5496,251,0.8,1.5,10.0
0.06,True,0.5,159.55,0.8207885304659498,5496,251,0.8,1.5,10.0
0.06,True,0.75,284.3500000000001,0.8207885304659498,5496,251,0.8,1.5,10.0
0.09,False,0.25,70.3,0.08953359244863965,645,251,0.8,1.5,10.0
0.09,False,0.5,130.4,0.08953359244863965,645,251,0.8,1.5,10.0
0.09,False,0.75,239.70000000000002,0.08953359244863965,645,251,0.8,1.5,10.0
0.09,True,0.25,80.75,0.9104664075513603,6559,251,0.8,1.5,10.0
0.09,True,0.5,145.0,0.9104664075513603,6559,251,0.8,1.5,10.0
0.09,True,0.75,245.3,0.9104664075513603,6559,251,0.8,1.5,10.0
0.12,False,0.25,67.2,0.04805811679240011,344,251,0.8,1.5,10.0
0.12,False,0.5,111.35,0.04805811679240011,344,251,0.8,1.5,10.0
0.12,False,0.75,191.70000000000002,0.04805811679240011,344,251,0.8,1.5,10.0
0.12,True,0.25,70.225,0.9519418832075999,6814,251,0.8,1.5,10.0
0.12,True,0.5,118.7,0.9519418832075999,6814,251,0.8,1.5,10.0
0.12,True,0.75,201.77500000000003,0.9519418832075999,6814,251,0.8,1.5,10.0
0.15,False,0.25,49.849999999999994,0.026882457824715402,196,251,0.8,1.5,10.0
0.15,False,0.5,88.6,0.026882457824715402,196,251,0.8,1.5,10.0
0.15,False,0.75,150.04999999999998,0.026882457824715402,196,251,0.8,1.5,10.0
0.15,True,0.25,62.40000000000001,0.9731175421752846,7095,251,0.8,1.5,10.0
0.15,True,0.5,101.69999999999999,0.9731175421752846,7095,251,0.8,1.5,10.0
0.15,True,0.75,169.14999999999998,0.9731175421752846,7095,251,0.8,1.5,10.0
0.0,False,0.25,100.6,0.5,1598,261,0.8,1.5,10.0
0.0,False,0.5,183.29999999999998,0.5,1598,261,0.8,1.5,10.0
0.0,False,0.75,318.05000000000007,0.5,1598,261,0.8,1.5,10.0
0.0,True,0.25,98.625,0.5,1598,261,0.8,1.5,10.0
0.0,True,0.5,185.45,0.5,1598,261,0.8,1.5,10.0
0.0,True,0.75,330.27500000000003,0.5,1598,261,0.8,1.5,10.0
0.03,False,0.25,94.5,0.3290452572845629,2123,261,0.8,1.5,10.0
0.03,False,0.5,177.29999999999998,0.3290452572845629,2123,261,0.8,1.5,10.0
0.03,False,0.75,321.85,0.3290452572845629,2123,261,0.8,1.5,10.0
0.03,True,0.25,95.49999999999999,0.6709547427154371,4329,261,0.8,1.5,10.0
0.03,True,0.5,180.19999999999996,0.6709547427154371,4329,261,0.8,1.5,10.0
0.03,True,0.75,314.6,0.6709547427154371,4329,261,0.8,1.5,10.0
0.06,False,0.25,82.17499999999998,0.18778784727380776,1264,261,0.8,1.5,10.0
0.06,False,0.5,152.25,0.18778784727380776,1264,261,0.8,1.5,10.0
0.06,False,0.75,268.675,0.18778784727380776,1264,261,0.8,1.5,10.0
0.06,True,0.25,87.39999999999999,0.8122121527261923,5467,261,0.8,1.5,10.0
0.06,True,0.5,158.50000000000003,0.8122121527261923,5467,261,0.8,1.5,10.0
0.06,True,0.75,279.95000000000005,0.8122121527261923,5467,261,0.8,1.5,10.0
0.09,False,0.25,73.80000000000001,0.09384530080399224,677,261,0.8,1.5,10.0
0.09,False,0.5,136.7,0.09384530080399224,677,261,0.8,1.5,10.0
0.09,False,0.75,226.80000000000004,0.09384530080399224,677,261,0.8,1.5,10.0
0.09,True,0.25,80.80000000000001,0.9061546991960078,6537,261,0.8,1.5,10.0
0.09,True,0.5,144.50000000000003,0.9061546991960078,6537,261,0.8,1.5,10.0
0.09,True,0.75,246.80000000000004,0.9061546991960078,6537,261,0.8,1.5,10.0
0.12,False,0.25,60.85000000000001,0.044634112214915346,319,261,0.8,1.5,10.0
0.12,False,0.5,113.40000000000002,0.044634112214915346,319,261,0.8,1.5,10.0
0.12,False,0.75,184.7,0.044634112214915346,319,261,0.8,1.5,10.0
0.12,True,0.25,69.70000000000002,0.9553658877850847,6828,261,0.8,1.5,10.0
0.12,True,0.5,120.59999999999997,0.9553658877850847,6828,261,0.8,1.5,10.0
0.12,True,0.75,204.70000000000002,0.9553658877850847,6828,261,0.8,1.5,10.0
0.15,False,0.25,51.6,0.025774609267891418,188,261,0.8,1.5,10.0
0.15,False,0.5,80.69999999999999,0.025774609267891418,188,261,0.8,1.5,10.0
0.15,False,0.75,148.775,0.025774609267891418,188,261,0.8,1.5,10.0
0.15,True,0.25,62.7,0.9742253907321086,7106,261,0.8,1.5,10.0
0.15,True,0.5,103.4,0.9742253907321086,7106,261,0.8,1.5,10.0
0.15,True,0.75,166.60000000000002,0.9742253907321086,7106,261,0.8,1.5,10.0
0.0,False,0.25,97.94999999999999,0.5075853350189633,1606,262,0.8,1.5,10.0
0.0,False,0.5,185.54999999999998,0.5075853350189633,1606,262,0.8,1.5,10.0
0.0,False,0.75,325.075,0.5075853350189633,1606,262,0.8,1.5,10.0
0.0,True,0.25,94.32499999999999,0.49241466498103664,1558,262,0.8,1.5,10.0
0.0,True,0.5,180.65,0.49241466498103664,1558,262,0.8,1.5,10.0
0.0,True,0.75,316.725,0.49241466498103664,1558,262,0.8,1.5,10.0
0.03,False,0.25,90.19999999999999,0.3191884776211863,2061,262,0.8,1.5,10.0
0.03,False,0.5,174.9,0.3191884776211863,2061,262,0.8,1.5,10.0
0.03,False,0.75,309.6,0.3191884776211863,2061,262,0.8,1.5,10.0
0.03,True,0.25,96.375,0.6808115223788137,4396,262,0.8,1.5,10.0
0.03,True,0.5,182.95,0.6808115223788137,4396,262,0.8,1.5,10.0
0.03,True,0.75,315.82500000000005,0.6808115223788137,4396,262,0.8,1.5,10.0
0.06,False,0.25,88.29999999999997,0.18148038049940546,1221,262,0.8,1.5,10.0
0.06,False,0.5,162.8,0.18148038049940546,1221,262,0.8,1.5,10.0
0.06,False,0.75,285.6,0.18148038049940546,1221,262,0.8,1.5,10.0
0.06,True,0.25,90.29999999999998,0.8185196195005945,5507,262,0.8,1.5,10.0
0.06,True,0.5,163.29999999999998,0.8185196195005945,5507,262,0.8,1.5,10.0
0.06,True,0.75,283.5,0.8185196195005945,5507,262,0.8,1.5,10.0
0.09,False,0.25,73.075,0.09494725152692948,684,262,0.8,1.5,10.0
0.09,False,0.5,130.7,0.09494725152692948,684,262,0.8,1.5,10.0
0.09,False,0.75,228.525,0.09494725152692948,684,262,0.8,1.5,10.0
0.09,True,0.25,80.27499999999999,0.9050527484730705,6520,262,0.8,1.5,10.0
0.09,True,0.5,145.45,0.9050527484730705,6520,262,0.8,1.5,10.0
0.09,True,0.75,244.80000000000004,0.9050527484730705,6520,262,0.8,1.5,10.0
0.12,False,0.25,63.1,0.04821802935010482,345,262,0.8,1.5,10.0
0.12,False,0.5,102.69999999999999,0.04821802935010482,345,262,0.8,1.5,10.0
0.12,False,0.75,188.4,0.04821802935010482,345,262,0.8,1.5,10.0
0.12,True,0.25,71.10000000000001,0.9517819706498952,6810,262,0.8,1.5,10.0
0.12,True,0.5,121.69999999999999,0.9517819706498952,6810,262,0.8,1.5,10.0
0.12,True,0.75,202.675,0.9517819706498952,6810,262,0.8,1.5,10.0
0.15,False,0.25,53.25,0.02509255450431921,183,262,0.8,1.5,10.0
0.15,False,0.5,92.0,0.02509255450431921,183,262,0.8,1.5,10.0
0.15,False,0.75,144.0,0.02509255450431921,183,262,0.8,1.5,10.0
0.15,True,0.25,62.1,0.9749074454956808,7110,262,0.8,1.5,10.0
0.15,True,0.5,99.8,0.9749074454956808,7110,262,0.8,1.5,10.0
0.15,True,0.75,163.45,0.9749074454956808,7110,262,0.8,1.5,10.0
0.0,False,0.25,96.8,0.5080517840227344,1609,273,0.8,1.5,10.0
0.0,False,0.5,184.6,0.5080517840227344,1609,273,0.8,1.5,10.0
0.0,False,0.75,332.70000000000005,0.5080517840227344,1609,273,0.8,1.5,10.0
0.0,True,0.25,97.19999999999999,0.49194821597726557,1558,273,0.8,1.5,10.0
0.0,True,0.5,186.1,0.49194821597726557,1558,273,0.8,1.5,10.0
0.0,True,0.75,318.82500000000005,0.49194821597726557,1558,273,0.8,1.5,10.0
0.03,False,0.25,91.275,0.31649308254313696,2036,273,0.8,1.5,10.0
0.03,False,0.5,182.5,0.31649308254313696,2036,273,0.8,1.5,10.0
0.03,False,0.75,322.42500000000007,0.31649308254313696,2036,273,0.8,1.5,10.0
0.03,True,0.25,98.69999999999999,0.6835069174568631,4397,273,0.8,1.5,10.0
0.03,True,0.5,182.8,0.6835069174568631,4397,273,0.8,1.5,10.0
0.03,True,0.75,321.90000000000003,0.6835069174568631,4397,273,0.8,1.5,10.0
0.06,False,0.25,78.54999999999998,0.180134428678118,1206,273,0.8,1.5,10.0
0.06,False,0.5,149.64999999999998,0.180134428678118,1206,273,0.8,1.5,10.0
0.06,False,0.75,282.475,0.180134428678118,1206,273,0.8,1.5,10.0
0.06,True,0.25,89.7,0.819865571321882,5489,273,0.8,1.5,10.0
0.06,True,0.5,162.20000000000002,0.819865571321882,5489,273,0.8,1.5,10.0
0.06,True,0.75,281.6,0.819865571321882,5489,273,0.8,1.5,10.0
0.09,False,0.25,77.15,0.09472954230235783,683,273,0.8,1.5,10.0
0.09,False,0.5,143.0,0.09472954230235783,683,273,0.8,1.5,10.0
0.09,False,0.75,252.70000000000005,0.09472954230235783,683,273,0.8,1.5,10.0
0.09,True,0.25,80.44999999999999,0.9052704576976421,6527,273,0.8,1.5,10.0
0.09,True,0.5,141.7,0.9052704576976421,6527,273,0.8,1.5,10.0
0.09,True,0.75,244.30000000000004,0.9052704576976421,6527,273,0.8,1.5,10.0
0.12,False,0.25,60.3,0.04594330400782014,329,273,0.8,1.5,10.0
0.12,False,0.5,110.3,0.04594330400782014,329,273,0.8,1.5,10.0
0.12,False,0.75,174.9,0.04594330400782014,329,273,0.8,1.5,10.0
0.12,True,0.25,70.3,0.9540566959921799,6832,273,0.8,1.5,10.0
0.12,True,0.5,120.09999999999998,0.9540566959921799,6832,273,0.8,1.5,10.0
0.12,True,0.75,202.90000000000003,0.9540566959921799,6832,273,0.8,1.5,10.0
0.15,False,0.25,52.724999999999994,0.02385849444672974,174,273,0.8,1.5,10.0
0.15,False,0.5,85.5,0.02385849444672974,174,273,0.8,1.5,10.0
0.15,False,0.75,151.92499999999998,0.02385849444672974,174,273,0.8,1.5,10.0
0.15,True,0.25,62.5,0.9761415055532703,7119,273,0.8,1.5,10.0
0.15,True,0.5,100.6,0.9761415055532703,7119,273,0.8,1.5,10.0
0.15,True,0.75,164.60000000000002,0.9761415055532703,7119,273,0.8,1.5,10.0
0.0,False,0.25,101.19999999999999,0.4897830870795347,1558,275,0.8,1.5,10.0
0.0,False,0.5,200.05,0.4897830870795347,1558,275,0.8,1.5,10.0
0.0,False,0.75,337.2750000000001,0.4897830870795347,1558,275,0.8,1.5,10.0
0.0,True,0.25,99.05,0.5102169129204652,1623,275,0.8,1.5,10.0
0.0,True,0.5,195.70000000000002,0.5102169129204652,1623,275,0.8,1.5,10.0
0.0,True,0.75,332.05000000000007,0.5102169129204652,1623,275,0.8,1.5,10.0
0.03,False,0.25,97.45,0.3212338370462689,2062,275,0.8,1.5,10.0
0.03,False,0.5,180.6,0.3212338370462689,2062,275,0.8,1.5,10.0
0.03,False,0.75,317.375,0.3212338370462689,2062,275,0.8,1.5,10.0
0.03,True,0.25,101.5,0.6787661629537312,4357,275,0.8,1.5,10.0
0.03,True,0.5,187.70000000000002,0.6787661629537312,4357,275,0.8,1.5,10.0
0.03,True,0.75,323.5,0.6787661629537312,4357,275,0.8,1.5,10.0
0.06,False,0.25,86.04999999999998,0.17384821827940958,1166,275,0.8,1.5,10.0
0.06,False,0.5,147.89999999999998,0.17384821827940958,1166,275,0.8,1.5,10.0
0.06,False,0.75,272.6,0.17384821827940958,1166,275,0.8,1.5,10.0
0.06,True,0.25,88.1,0.8261517817205905,5541,275,0.8,1.5,10.0
0.06,True,0.5,163.2,0.8261517817205905,5541,275,0.8,1.5,10.0
0.06,True,0.75,291.4,0.8261517817205905,5541,275,0.8,1.5,10.0
0.09,False,0.25,69.17500000000001,0.09095951192457016,656,275,0.8,1.5,10.0
0.09,False,0.5,128.55,0.09095951192457016,656,275,0.8,1.5,10.0
0.09,False,0.75,227.80000000000007,0.09095951192457016,656,275,0.8,1.5,10.0
0.09,True,0.25,81.3,0.9090404880754298,6556,275,0.8,1.5,10.0
0.09,True,0.5,144.7,0.9090404880754298,6556,275,0.8,1.5,10.0
0.09,True,0.75,245.4,0.9090404880754298,6556,275,0.8,1.5,10.0
0.12,False,0.25,58.325,0.05024424284717376,360,275,0.8,1.5,10.0
0.12,False,0.5,109.64999999999998,0.05024424284717376,360,275,0.8,1.5,10.0
0.12,False,0.75,171.42499999999998,0.05024424284717376,360,275,0.8,1.5,10.0
0.12,True,0.25,70.49999999999999,0.9497557571528262,6805,275,0.8,1.5,10.0
0.12,True,0.5,121.39999999999998,0.9497557571528262,6805,275,0.8,1.5,10.0
0.12,True,0.75,205.40000000000003,0.9497557571528262,6805,275,0.8,1.5,10.0
0.15,False,0.25,50.2,0.021524540718398683,157,275,0.8,1.5,10.0
0.15,False,0.5,76.39999999999999,0.021524540718398683,157,275,0.8,1.5,10.0
0.15,False,0.75,130.70000000000002,0.021524540718398683,157,275,0.8,1.5,10.0
0.15,True,0.25,62.40000000000001,0.9784754592816013,7137,275,0.8,1.5,10.0
0.15,True,0.5,102.79999999999997,0.9784754592816013,7137,275,0.8,1.5,10.0
0.15,True,0.75,168.20000000000002,0.9784754592816013,7137,275,0.8,1.5,10.0
0.0,False,0.25,99.07499999999999,0.5033196332595637,1592,289,0.8,1.5,10.0
0.0,False,0.5,194.25,0.5033196332595637,1592,289,0.8,1.5,10.0
0.0,False,0.75,344.15,0.5033196332595637,1592,289,0.8,1.5,10.0
0.0,True,0.25,97.3,0.4966803667404363,1571,289,0.8,1.5,10.0
0.0,True,0.5,182.5,0.4966803667404363,1571,289,0.8,1.5,10.0
0.0,True,0.75,326.90000000000003,0.4966803667404363,1571,289,0.8,1.5,10.0
0.03,False,0.25,95.80000000000001,0.3299256505576208,2130,289,0.8,1.5,10.0
0.03,False,0.5,175.65,0.3299256505576208,2130,289,0.8,1.5,10.0
0.03,False,0.75,314.02500000000003,0.3299256505576208,2130,289,0.8,1.5,10.0
0.03,True,0.25,95.49999999999999,0.6700743494423792,4326,289,0.8,1.5,10.0
0.03,True,0.5,180.4,0.6700743494423792,4326,289,0.8,1.5,10.0
0.03,True,0.75,315.25,0.6700743494423792,4326,289,0.8,1.5,10.0
0.06,False,0.25,83.20000000000002,0.18404999256063087,1237,289,0.8,1.5,10.0
0.06,False,0.5,154.60000000000002,0.18404999256063087,1237,289,0.8,1.5,10.0
0.06,False,0.75,274.30000000000007,0.18404999256063087,1237,289,0.8,1.5,10.0
0.06,True,0.25,89.39999999999999,0.8159500074393692,5484,289,0.8,1.5,10.0
0.06,True,0.5,161.75,0.8159500074393692,5484,289,0.8,1.5,10.0
0.06,True,0.75,277.5,0.8159500074393692,5484,289,0.8,1.5,10.0
0.09,False,0.25,70.27499999999999,0.09703354588300526,700,289,0.8,1.5,10.0
0.09,False,0.5,130.99999999999997,0.09703354588300526,700,289,0.8,1.5,10.0
0.09,False,0.75,220.25000000000006,0.09703354588300526,700,289,0.8,1.5,10.0
0.09,True,0.25,78.39999999999999,0.9029664541169947,6514,289,0.8,1.5,10.0
0.09,True,0.5,141.45,0.9029664541169947,6514,289,0.8,1.5,10.0
0.09,True,0.75,245.15000000000003,0.9029664541169947,6514,289,0.8,1.5,10.0
0.12,False,0.25,61.000000000000014,0.04979774027060957,357,289,0.8,1.5,10.0
0.12,False,0.5,111.6,0.04979774027060957,357,289,0.8,1.5,10.0
0.12,False,0.75,197.3,0.04979774027060957,357,289,0.8,1.5,10.0
0.12,True,0.25,69.8,0.9502022597293904,6812,289,0.8,1.5,10.0
0.12,True,0.5,121.6,0.9502022597293904,6812,289,0.8,1.5,10.0
0.12,True,0.75,205.52500000000003,0.9502022597293904,6812,289,0.8,1.5,10.0
0.15,False,0.25,60.699999999999996,0.02810914575620458,205,289,0.8,1.5,10.0
0.15,False,0.5,99.89999999999999,0.02810914575620458,205,289,0.8,1.5,10.0
0.15,False,0.75,166.4,0.02810914575620458,205,289,0.8,1.5,10.0
0.15,True,0.25,62.999999999999986,0.9718908542437954,7088,289,0.8,1.5,10.0
0.15,True,0.5,102.69999999999999,0.9718908542437954,7088,289,0.8,1.5,10.0
0.15,True,0.75,165.9,0.9718908542437954,7088,289,0.8,1.5,10.0
0.0,False,0.25,105.5,0.5028662420382166,1579,290,0.8,1.5,10.0
0.0,False,0.5,185.49999999999997,0.5028662420382166,1579,290,0.8,1.5,10.0
0.0,False,0.75,330.0,0.5028662420382166,1579,290,0.8,1.5,10.0
0.0,True,0.25,95.0,0.49713375796178344,1561,290,0.8,1.5,10.0
0.0,True,0.5,182.9,0.49713375796178344,1561,290,0.8,1.5,10.0
0.0,True,0.75,327.40000000000003,0.49713375796178344,1561,290,0.8,1.5,10.0
0.03,False,0.25,89.7,0.3229765418673295,2079,290,0.8,1.5,10.0
0.03,False,0.5,176.70000000000002,0.3229765418673295,2079,290,0.8,1.5,10.0
0.03,False,0.75,315.20000000000005,0.3229765418673295,2079,290,0.8,1.5,10.0
0.03,True,0.25,95.7,0.6770234581326705,4358,290,0.8,1.5,10.0
0.03,True,0.5,179.79999999999998,0.6770234581326705,4358,290,0.8,1.5,10.0
0.03,True,0.75,316.32500000000005,0.6770234581326705,4358,290,0.8,1.5,10.0
0.06,False,0.25,82.65,0.17173524150268335,1152,290,0.8,1.5,10.0
0.06,False,0.5,157.14999999999998,0.17173524150268335,1152,290,0.8,1.5,10.0
0.06,False,0.75,277.025,0.17173524150268335,1152,290,0.8,1.5,10.0
0.06,True,0.25,88.59999999999998,0.8282647584973166,5556,290,0.8,1.5,10.0
0.06,True,0.5,163.99999999999997,0.8282647584973166,5556,290,0.8,1.5,10.0
0.06,True,0.75,284.15000000000003,0.8282647584973166,5556,290,0.8,1.5,10.0
0.09,False,0.25,71.67499999999998,0.09100998890122086,656,290,0.8,1.5,10.0
0.09,False,0.5,119.24999999999999,0.09100998890122086,656,290,0.8,1.5,10.0
0.09,False,0.75,210.25000000000003,0.09100998890122086,656,290,0.8,1.5,10.0
0.09,True,0.25,80.99999999999999,0.9089900110987791,6552,290,0.8,1.5,10.0
0.09,True,0.5,144.9,0.9089900110987791,6552,290,0.8,1.5,10.0
0.09,True,0.75,252.22500000000002,0.9089900110987791,6552,290,0.8,1.5,10.0
0.12,False,0.25,67.2,0.05154351166364017,369,290,0.8,1.5,10.0
0.12,False,0.5,119.00000000000003,0.05154351166364017,369,290,0.8,1.5,10.0
0.12,False,0.75,199.8,0.05154351166364017,369,290,0.8,1.5,10.0
0.12,True,0.25,71.50000000000001,0.9484564883363599,6790,290,0.8,1.5,10.0
0.12,True,0.5,120.8,0.9484564883363599,6790,290,0.8,1.5,10.0
0.12,True,0.75,203.40000000000003,0.9484564883363599,6790,290,0.8,1.5,10.0
0.15,False,0.25,58.699999999999996,0.027556896078969016,201,290,0.8,1.5,10.0
0.15,False,0.5,91.39999999999999,0.027556896078969016,201,290,0.8,1.5,10.0
0.15,False,0.75,149.89999999999998,0.027556896078969016,201,290,0.8,1.5,10.0
0.15,True,0.25,62.40000000000001,0.972443103921031,7093,290,0.8,1.5,10.0
0.15,True,0.5,101.69999999999999,0.972443103921031,7093,290,0.8,1.5,10.0
0.15,True,0.75,168.09999999999997,0.972443103921031,7093,290,0.8,1.5,10.0
0.0,False,0.25,97.85,0.48680904522613067,1550,302,0.8,1.5,10.0
0.0,False,0.5,188.4,0.48680904522613067,1550,302,0.8,1.5,10.0
0.0,False,0.75,328.77500000000003,0.48680904522613067,1550,302,0.8,1.5,10.0
0.0,True,0.25,95.30000000000001,0.5131909547738693,1634,302,0.8,1.5,10.0
0.0,True,0.5,182.19999999999996,0.5131909547738693,1634,302,0.8,1.5,10.0
0.0,True,0.75,314.07500000000005,0.5131909547738693,1634,302,0.8,1.5,10.0
0.03,False,0.25,92.62499999999999,0.32317262830482113,2078,302,0.8,1.5,10.0
0.03,False,0.5,176.85000000000002,0.32317262830482113,2078,302,0.8,1.5,10.0
0.03,False,0.75,314.52500000000003,0.32317262830482113,2078,302,0.8,1.5,10.0
0.03,True,0.25,96.77499999999999,0.6768273716951788,4352,302,0.8,1.5,10.0
0.03,True,0.5,180.14999999999998,0.6768273716951788,4352,302,0.8,1.5,10.0
0.03,True,0.75,311.525,0.6768273716951788,4352,302,0.8,1.5,10.0
0.06,False,0.25,79.69999999999999,0.18037174721189592,1213,302,0.8,1.5,10.0
0.06,False,0.5,150.60000000000002,0.18037174721189592,1213,302,0.8,1.5,10.0
0.06,False,0.75,266.20000000000005,0.18037174721189592,1213,302,0.8,1.5,10.0
0.06,True,0.25,89.30000000000001,0.8196282527881041,5512,302,0.8,1.5,10.0
0.06,True,0.5,165.7,0.8196282527881041,5512,302,0.8,1.5,10.0
0.06,True,0.75,291.4,0.8196282527881041,5512,302,0.8,1.5,10.0
0.09,False,0.25,74.6,0.09421395865131123,679,302,0.8,1.5,10.0
0.09,False,0.5,136.6,0.09421395865131123,679,302,0.8,1.5,10.0
0.09,False,0.75,241.55,0.09421395865131123,679,302,0.8,1.5,10.0
0.09,True,0.25,78.375,0.9057860413486888,6528,302,0.8,1.5,10.0
0.09,True,0.5,143.55,0.9057860413486888,6528,302,0.8,1.5,10.0
0.09,True,0.75,245.22500000000002,0.9057860413486888,6528,302,0.8,1.5,10.0
0.12,False,0.25,63.09999999999999,0.04720011171624075,338,302,0.8,1.5,10.0
0.12,False,0.5,111.19999999999999,0.04720011171624075,338,302,0.8,1.5,10.0
0.12,False,0.75,188.575,0.04720011171624075,338,302,0.8,1.5,10.0
0.12,True,0.25,71.29999999999998,0.9527998882837593,6823,302,0.8,1.5,10.0
0.12,True,0.5,121.3,0.9527998882837593,6823,302,0.8,1.5,10.0
0.12,True,0.75,201.90000000000003,0.9527998882837593,6823,302,0.8,1.5,10.0
0.15,False,0.25,56.275,0.022767795912769166,166,302,0.8,1.5,10.0
0.15,False,0.5,85.44999999999999,0.022767795912769166,166,302,0.8,1.5,10.0
0.15,False,0.75,140.45,0.022767795912769166,166,302,0.8,1.5,10.0
0.15,True,0.25,62.000000000000014,0.9772322040872309,7125,302,0.8,1.5,10.0
0.15,True,0.5,101.5,0.9772322040872309,7125,302,0.8,1.5,10.0
0.15,True,0.75,163.6,0.9772322040872309,7125,302,0.8,1.5,10.0
0.0,False,0.25,99.30000000000001,0.5048880479344056,1601,304,0.8,1.5,10.0
0.0,False,0.5,182.9,0.5048880479344056,1601,304,0.8,1.5,10.0
0.0,False,0.75,328.20000000000005,0.5048880479344056,1601,304,0.8,1.5,10.0
0.0,True,0.25,95.925,0.49511195206559444,1570,304,0.8,1.5,10.0
0.0,True,0.5,183.79999999999995,0.49511195206559444,1570,304,0.8,1.5,10.0
0.0,True,0.75,329.82500000000005,0.49511195206559444,1570,304,0.8,1.5,10.0
0.03,False,0.25,94.5,0.3177164132795532,2048,304,0.8,1.5,10.0
0.03,False,0.5,175.85,0.3177164132795532,2048,304,0.8,1.5,10.0
0.03,False,0.75,320.40000000000003,0.3177164132795532,2048,304,0.8,1.5,10.0
0.03,True,0.25,96.0,0.6822835867204468,4398,304,0.8,1.5,10.0
0.03,True,0.5,180.55,0.6822835867204468,4398,304,0.8,1.5,10.0
0.03,True,0.75,323.175,0.6822835867204468,4398,304,0.8,1.5,10.0
0.06,False,0.25,82.275,0.18076235854675402,1214,304,0.8,1.5,10.0
0.06,False,0.5,158.34999999999997,0.18076235854675402,1214,304,0.8,1.5,10.0
0.06,False,0.75,280.55,0.18076235854675402,1214,304,0.8,1.5,10.0
0.06,True,0.25,88.125,0.819237641453246,5502,304,0.8,1.5,10.0
0.06,True,0.5,161.6,0.819237641453246,5502,304,0.8,1.5,10.0
0.06,True,0.75,286.7250000000001,0.819237641453246,5502,304,0.8,1.5,10.0
0.09,False,0.25,73.19999999999999,0.08950660180681029,644,304,0.8,1.5,10.0
0.09,False,0.5,128.6,0.08950660180681029,644,304,0.8,1.5,10.0
0.09,False,0.75,225.67500000000004,0.08950660180681029,644,304,0.8,1.5,10.0
0.09,True,0.25,80.05,0.9104933981931898,6551,304,0.8,1.5,10.0
0.09,True,0.5,143.89999999999998,0.9104933981931898,6551,304,0.8,1.5,10.0
0.09,True,0.75,251.1,0.9104933981931898,6551,304,0.8,1.5,10.0
0.12,False,0.25,67.07499999999999,0.04610870476456616,330,304,0.8,1.5,10.0
0.12,False,0.5,115.60000000000002,0.04610870476456616,330,304,0.8,1.5,10.0
0.12,False,0.75,188.975,0.04610870476456616,330,304,0.8,1.5,10.0
0.12,True,0.25,71.50000000000001,0.9538912952354338,6827,304,0.8,1.5,10.0
0.12,True,0.5,122.30000000000001,0.9538912952354338,6827,304,0.8,1.5,10.0
0.12,True,0.75,201.20000000000002,0.9538912952354338,6827,304,0.8,1.5,10.0
0.15,False,0.25,51.64999999999999,0.027282698108034,199,304,0.8,1.5,10.0
0.15,False,0.5,85.49999999999999,0.027282698108034,199,304,0.8,1.5,10.0
0.15,False,0.75,154.2,0.027282698108034,199,304,0.8,1.5,10.0
0.15,True,0.25,62.05000000000001,0.972717301891966,7095,304,0.8,1.5,10.0
0.15,True,0.5,100.5,0.972717301891966,7095,304,0.8,1.5,10.0
0.15,True,0.75,164.49999999999997,0.972717301891966,7095,304,0.8,1.5,10.0
0.0,False,0.25,97.8,0.5031367628607277,1604,307,0.8,1.5,10.0
0.0,False,0.5,182.25,0.5031367628607277,1604,307,0.8,1.5,10.0
0.0,False,0.75,315.0,0.5031367628607277,1604,307,0.8,1.5,10.0
0.0,True,0.25,100.425,0.4968632371392723,1584,307,0.8,1.5,10.0
0.0,True,0.5,186.05,0.4968632371392723,1584,307,0.8,1.5,10.0
0.0,True,0.75,338.25,0.4968632371392723,1584,307,0.8,1.5,10.0
0.03,False,0.25,92.05,0.3213343677269201,2071,307,0.8,1.5,10.0
0.03,False,0.5,177.29999999999998,0.3213343677269201,2071,307,0.8,1.5,10.0
0.03,False,0.75,320.5,0.3213343677269201,2071,307,0.8,1.5,10.0
0.03,True,0.25,94.225,0.6786656322730799,4374,307,0.8,1.5,10.0
0.03,True,0.5,176.14999999999998,0.6786656322730799,4374,307,0.8,1.5,10.0
0.03,True,0.75,306.35,0.6786656322730799,4374,307,0.8,1.5,10.0
0.06,False,0.25,80.80000000000001,0.18619558735837805,1249,307,0.8,1.5,10.0
0.06,False,0.5,150.7,0.18619558735837805,1249,307,0.8,1.5,10.0
0.06,False,0.75,278.40000000000003,0.18619558735837805,1249,307,0.8,1.5,10.0
0.06,True,0.25,89.49999999999999,0.813804412641622,5459,307,0.8,1.5,10.0
0.06,True,0.5,163.6,0.813804412641622,5459,307,0.8,1.5,10.0
0.06,True,0.75,291.45000000000005,0.813804412641622,5459,307,0.8,1.5,10.0
0.09,False,0.25,73.025,0.09844703272323904,710,307,0.8,1.5,10.0
0.09,False,0.5,136.84999999999997,0.09844703272323904,710,307,0.8,1.5,10.0
0.09,False,0.75,232.60000000000005,0.09844703272323904,710,307,0.8,1.5,10.0
0.09,True,0.25,79.49999999999999,0.9015529672767609,6502,307,0.8,1.5,10.0
0.09,True,0.5,141.35000000000002,0.9015529672767609,6502,307,0.8,1.5,10.0
0.09,True,0.75,241.70000000000002,0.9015529672767609,6502,307,0.8,1.5,10.0
0.12,False,0.25,65.19999999999999,0.04778538493782311,342,307,0.8,1.5,10.0
0.12,False,0.5,114.89999999999998,0.04778538493782311,342,307,0.8,1.5,10.0
0.12,False,0.75,198.77499999999998,0.04778538493782311,342,307,0.8,1.5,10.0
0.12,True,0.25,71.39999999999999,0.9522146150621769,6815,307,0.8,1.5,10.0
0.12,True,0.5,121.2,0.9522146150621769,6815,307,0.8,1.5,10.0
0.12,True,0.75,202.3,0.9522146150621769,6815,307,0.8,1.5,10.0
0.15,False,0.25,57.89999999999999,0.025633995887594244,187,307,0.8,1.5,10.0
0.15,False,0.5,96.10000000000001,0.025633995887594244,187,307,0.8,1.5,10.0
0.15,False,0.75,163.2,0.025633995887594244,187,307,0.8,1.5,10.0
0.15,True,0.25,62.8,0.9743660041124057,7108,307,0.8,1.5,10.0
0.15,True,0.5,101.99999999999999,0.9743660041124057,7108,307,0.8,1.5,10.0
0.15,True,0.75,169.1,0.9743660041124057,7108,307,0.8,1.5,10.0
0.0,False,0.25,101.64999999999998,0.4855254877281309,1543,308,0.8,1.5,10.0
0.0,False,0.5,190.7,0.4855254877281309,1543,308,0.8,1.5,10.0
0.0,False,0.75,323.85,0.4855254877281309,1543,308,0.8,1.5,10.0
0.0,True,0.25,93.44999999999999,0.5144745122718691,1635,308,0.8,1.5,10.0
0.0,True,0.5,184.0,0.5144745122718691,1635,308,0.8,1.5,10.0
0.0,True,0.75,326.55000000000007,0.5144745122718691,1635,308,0.8,1.5,10.0
0.03,False,0.25,92.0,0.3169823036324123,2042,308,0.8,1.5,10.0
0.03,False,0.5,174.79999999999998,0.3169823036324123,2042,308,0.8,1.5,10.0
0.03,False,0.75,305.35,0.3169823036324123,2042,308,0.8,1.5,10.0
0.03,True,0.25,98.375,0.6830176963675877,4400,308,0.8,1.5,10.0
0.03,True,0.5,185.39999999999998,0.6830176963675877,4400,308,0.8,1.5,10.0
0.03,True,0.75,316.125,0.6830176963675877,4400,308,0.8,1.5,10.0
0.06,False,0.25,81.225,0.1867343890050792,1250,308,0.8,1.5,10.0
0.06,False,0.5,158.89999999999998,0.1867343890050792,1250,308,0.8,1.5,10.0
0.06,False,0.75,282.975,0.1867343890050792,1250,308,0.8,1.5,10.0
0.06,True,0.25,87.475,0.8132656109949208,5444,308,0.8,1.5,10.0
0.06,True,0.5,165.7,0.8132656109949208,5444,308,0.8,1.5,10.0
0.06,True,0.75,287.225,0.8132656109949208,5444,308,0.8,1.5,10.0
0.09,False,0.25,73.6,0.09861495844875347,712,308,0.8,1.5,10.0
0.09,False,0.5,128.85,0.09861495844875347,712,308,0.8,1.5,10.0
0.09,False,0.75,232.50000000000003,0.09861495844875347,712,308,0.8,1.5,10.0
0.09,True,0.25,79.39999999999999,0.9013850415512465,6508,308,0.8,1.5,10.0
0.09,True,0.5,140.14999999999998,0.9013850415512465,6508,308,0.8,1.5,10.0
0.09,True,0.75,237.875,0.9013850415512465,6508,308,0.8,1.5,10.0
0.12,False,0.25,65.6,0.0413119330076762,296,308,0.8,1.5,10.0
0.12,False,0.5,112.79999999999998,0.0413119330076762,296,308,0.8,1.5,10.0
0.12,False,0.75,205.62500000000006,0.0413119330076762,296,308,0.8,1.5,10.0
0.12,True,0.25,70.70000000000002,0.9586880669923238,6869,308,0.8,1.5,10.0
0.12,True,0.5,118.7,0.9586880669923238,6869,308,0.8,1.5,10.0
0.12,True,0.75,201.2,0.9586880669923238,6869,308,0.8,1.5,10.0
0.15,False,0.25,56.025,0.025236593059936908,184,308,0.8,1.5,10.0
0.15,False,0.5,89.29999999999998,0.025236593059936908,184,308,0.8,1.5,10.0
0.15,False,0.75,137.55,0.025236593059936908,184,308,0.8,1.5,10.0
0.15,True,0.25,65.39999999999999,0.9747634069400631,7107,308,0.8,1.5,10.0
0.15,True,0.5,104.89999999999999,0.9747634069400631,7107,308,0.8,1.5,10.0
0.15,True,0.75,171.29999999999998,0.9747634069400631,7107,308,0.8,1.5,10.0
0.0,False,0.25,100.775,0.5080772885650935,1604,312,0.8,1.5,10.0
0.0,False,0.5,186.6,0.5080772885650935,1604,312,0.8,1.5,10.0
0.0,False,0.75,336.125,0.5080772885650935,1604,312,0.8,1.5,10.0
0.0,True,0.25,94.5,0.49192271143490657,1553,312,0.8,1.5,10.0
0.0,True,0.5,177.1,0.49192271143490657,1553,312,0.8,1.5,10.0
0.0,True,0.75,327.1000000000001,0.49192271143490657,1553,312,0.8,1.5,10.0
0.03,False,0.25,87.775,0.31914232442510876,2054,312,0.8,1.5,10.0
0.03,False,0.5,168.49999999999997,0.31914232442510876,2054,312,0.8,1.5,10.0
0.03,False,0.75,302.475,0.31914232442510876,2054,312,0.8,1.5,10.0
0.03,True,0.25,92.025,0.6808576755748912,4382,312,0.8,1.5,10.0
0.03,True,0.5,178.14999999999998,0.6808576755748912,4382,312,0.8,1.5,10.0
0.03,True,0.75,310.27500000000003,0.6808576755748912,4382,312,0.8,1.5,10.0
0.06,False,0.25,79.625,0.1775324481575414,1190,312,0.8,1.5,10.0
0.06,False,0.5,146.29999999999998,0.1775324481575414,1190,312,0.8,1.5,10.0
0.06,False,0.75,269.62500000000006,0.1775324481575414,1190,312,0.8,1.5,10.0
0.06,True,0.25,91.49999999999999,0.8224675518424586,5513,312,0.8,1.5,10.0
0.06,True,0.5,167.5,0.8224675518424586,5513,312,0.8,1.5,10.0
0.06,True,0.75,284.50000000000006,0.8224675518424586,5513,312,0.8,1.5,10.0
0.09,False,0.25,68.99999999999999,0.0950201137467055,685,312,0.8,1.5,10.0
0.09,False,0.5,124.0,0.0950201137467055,685,312,0.8,1.5,10.0
0.09,False,0.75,225.50000000000003,0.0950201137467055,685,312,0.8,1.5,10.0
0.09,True,0.25,78.49999999999999,0.9049798862532945,6524,312,0.8,1.5,10.0
0.09,True,0.5,140.6,0.9049798862532945,6524,312,0.8,1.5,10.0
0.09,True,0.75,243.90000000000006,0.9049798862532945,6524,312,0.8,1.5,10.0
0.12,False,0.25,65.35,0.050034940600978337,358,312,0.8,1.5,10.0
0.12,False,0.5,114.19999999999999,0.050034940600978337,358,312,0.8,1.5,10.0
0.12,False,0.75,193.70000000000002,0.050034940600978337,358,312,0.8,1.5,10.0
0.12,True,0.25,71.0,0.9499650593990216,6797,312,0.8,1.5,10.0
0.12,True,0.5,121.10000000000001,0.9499650593990216,6797,312,0.8,1.5,10.0
0.12,True,0.75,204.50000000000006,0.9499650593990216,6797,312,0.8,1.5,10.0
0.15,False,0.25,59.375,0.023603677782352134,172,312,0.8,1.5,10.0
0.15,False,0.5,94.25,0.023603677782352134,172,312,0.8,1.5,10.0
0.15,False,0.75,164.075,0.023603677782352134,172,312,0.8,1.5,10.0
0.15,True,0.25,63.1,0.9763963222176478,7115,312,0.8,1.5,10.0
0.15,True,0.5,102.29999999999998,0.9763963222176478,7115,312,0.8,1.5,10.0
0.15,True,0.75,166.25,0.9763963222176478,7115,312,0.8,1.5,10.0
0.0,False,0.25,96.29999999999998,0.4998431126451208,1593,316,0.8,1.5,10.0
0.0,False,0.5,176.09999999999997,0.4998431126451208,1593,316,0.8,1.5,10.0
0.0,False,0.75,321.90000000000003,0.4998431126451208,1593,316,0.8,1.5,10.0
0.0,True,0.25,94.74999999999999,0.5001568873548792,1594,316,0.8,1.5,10.0
0.0,True,0.5,184.0,0.5001568873548792,1594,316,0.8,1.5,10.0
0.0,True,0.75,327.125,0.5001568873548792,1594,316,0.8,1.5,10.0
0.03,False,0.25,91.89999999999998,0.32852265673494724,2117,316,0.8,1.5,10.0
0.03,False,0.5,177.79999999999998,0.32852265673494724,2117,316,0.8,1.5,10.0
0.03,False,0.75,307.3,0.32852265673494724,2117,316,0.8,1.5,10.0
0.03,True,0.25,97.4,0.6714773432650528,4327,316,0.8,1.5,10.0
0.03,True,0.5,179.0,0.6714773432650528,4327,316,0.8,1.5,10.0
0.03,True,0.75,320.6,0.6714773432650528,4327,316,0.8,1.5,10.0
0.06,False,0.25,84.0,0.18183169788878978,1223,316,0.8,1.5,10.0
0.06,False,0.5,157.0,0.18183169788878978,1223,316,0.8,1.5,10.0
0.06,False,0.75,284.0,0.18183169788878978,1223,316,0.8,1.5,10.0
0.06,True,0.25,88.1,0.8181683021112103,5503,316,0.8,1.5,10.0
0.06,True,0.5,161.0,0.8181683021112103,5503,316,0.8,1.5,10.0
0.06,True,0.75,282.70000000000005,0.8181683021112103,5503,316,0.8,1.5,10.0
0.09,False,0.25,73.44999999999999,0.09464335276158757,682,316,0.8,1.5,10.0
0.09,False,0.5,128.14999999999998,0.09464335276158757,682,316,0.8,1.5,10.0
0.09,False,0.75,233.8,0.09464335276158757,682,316,0.8,1.5,10.0
0.09,True,0.25,78.3,0.9053566472384125,6524,316,0.8,1.5,10.0
0.09,True,0.5,138.99999999999997,0.9053566472384125,6524,316,0.8,1.5,10.0
0.09,True,0.75,242.65000000000003,0.9053566472384125,6524,316,0.8,1.5,10.0
0.12,False,0.25,67.5,0.05137512215552143,368,316,0.8,1.5,10.0
0.12,False,0.5,117.75,0.05137512215552143,368,316,0.8,1.5,10.0
0.12,False,0.75,201.12500000000003,0.05137512215552143,368,316,0.8,1.5,10.0
0.12,True,0.25,69.3,0.9486248778444786,6795,316,0.8,1.5,10.0
0.12,True,0.5,118.89999999999998,0.9486248778444786,6795,316,0.8,1.5,10.0
0.12,True,0.75,199.85000000000002,0.9486248778444786,6795,316,0.8,1.5,10.0
0.15,False,0.25,53.75,0.023861766319253977,174,316,0.8,1.5,10.0
0.15,False,0.5,87.15,0.023861766319253977,174,316,0.8,1.5,10.0
0.15,False,0.75,166.54999999999998,0.023861766319253977,174,316,0.8,1.5,10.0
0.15,True,0.25,62.1,0.976138233680746,7118,316,0.8,1.5,10.0
0.15,True,0.5,101.19999999999999,0.976138233680746,7118,316,0.8,1.5,10.0
0.15,True,0.75,162.47499999999997,0.976138233680746,7118,316,0.8,1.5,10.0
0.0,False,0.25,96.325,0.4916059550205892,1552,330,0.8,1.5,10.0
0.0,False,0.5,185.29999999999998,0.4916059550205892,1552,330,0.8,1.5,10.0
0.0,False,0.75,334.125,0.4916059550205892,1552,330,0.8,1.5,10.0
0.0,True,0.25,102.29999999999998,0.5083940449794109,1605,330,0.8,1.5,10.0
0.0,True,0.5,193.8,0.5083940449794109,1605,330,0.8,1.5,10.0
0.0,True,0.75,337.40000000000003,0.5083940449794109,1605,330,0.8,1.5,10.0
0.03,False,0.25,94.0,0.3055426176059618,1968,330,0.8,1.5,10.0
0.03,False,0.5,178.3,0.3055426176059618,1968,330,0.8,1.5,10.0
0.03,False,0.75,309.375,0.3055426176059618,1968,330,0.8,1.5,10.0
0.03,True,0.25,95.4,0.6944573823940382,4473,330,0.8,1.5,10.0
0.03,True,0.5,179.79999999999998,0.6944573823940382,4473,330,0.8,1.5,10.0
0.03,True,0.75,315.40000000000003,0.6944573823940382,4473,330,0.8,1.5,10.0
0.06,False,0.25,81.49999999999999,0.17623438429506247,1185,330,0.8,1.5,10.0
0.06,False,0.5,159.5,0.17623438429506247,1185,330,0.8,1.5,10.0
0.06,False,0.75,289.8,0.17623438429506247,1185,330,0.8,1.5,10.0
0.06,True,0.25,87.39999999999999,0.8237656157049376,5539,330,0.8,1.5,10.0
0.06,True,0.5,161.6,0.8237656157049376,5539,330,0.8,1.5,10.0
0.06,True,0.75,285.95000000000005,0.8237656157049376,5539,330,0.8,1.5,10.0
0.09,False,0.25,76.52499999999998,0.10101290412099348,728,330,0.8,1.5,10.0
0.09,False,0.5,136.89999999999998,0.10101290412099348,728,330,0.8,1.5,10.0
0.09,False,0.75,239.05,0.10101290412099348,728,330,0.8,1.5,10.0
0.09,True,0.25,81.79999999999998,0.8989870958790065,6479,330,0.8,1.5,10.0
0.09,True,0.5,146.6,0.8989870958790065,6479,330,0.8,1.5,10.0
0.09,True,0.75,248.35000000000002,0.8989870958790065,6479,330,0.8,1.5,10.0
0.12,False,0.25,62.85000000000001,0.04795190829022788,343,330,0.8,1.5,10.0
0.12,False,0.5,108.3,0.04795190829022788,343,330,0.8,1.5,10.0
0.12,False,0.75,197.3,0.04795190829022788,343,330,0.8,1.5,10.0
0.12,True,0.25,69.99999999999999,0.9520480917097721,6810,330,0.8,1.5,10.0
0.12,True,0.5,117.85000000000001,0.9520480917097721,6810,330,0.8,1.5,10.0
0.12,True,0.75,202.375,0.9520480917097721,6810,330,0.8,1.5,10.0
0.15,False,0.25,55.00000000000001,0.02345357289809354,171,330,0.8,1.5,10.0
0.15,False,0.5,90.39999999999999,0.02345357289809354,171,330,0.8,1.5,10.0
0.15,False,0.75,151.55,0.02345357289809354,171,330,0.8,1.5,10.0
0.15,True,0.25,61.3,0.9765464271019064,7120,330,0.8,1.5,10.0
0.15,True,0.5,99.6,0.9765464271019064,7120,330,0.8,1.5,10.0
0.15,True,0.75,167.2,0.9765464271019064,7120,330,0.8,1.5,10.0
0.0,False,0.25,98.8,0.5114140773620799,1613,335,0.8,1.5,10.0
0.0,False,0.5,184.6,0.5114140773620799,1613,335,0.8,1.5,10.0
0.0,False,0.75,332.1,0.5114140773620799,1613,335,0.8,1.5,10.0
0.0,True,0.25,98.0,0.4885859226379201,1541,335,0.8,1.5,10.0
0.0,True,0.5,190.1,0.4885859226379201,1541,335,0.8,1.5,10.0
0.0,True,0.75,324.8,0.4885859226379201,1541,335,0.8,1.5,10.0
0.03,False,0.25,95.35000000000001,0.3180261519302615,2043,335,0.8,1.5,10.0
0.03,False,0.5,183.29999999999998,0.3180261519302615,2043,335,0.8,1.5,10.0
0.03,False,0.75,316.75,0.3180261519302615,2043,335,0.8,1.5,10.0
0.03,True,0.25,94.69999999999997,0.6819738480697385,4381,335,0.8,1.5,10.0
0.03,True,0.5,173.0,0.6819738480697385,4381,335,0.8,1.5,10.0
0.03,True,0.75,314.0,0.6819738480697385,4381,335,0.8,1.5,10.0
0.06,False,0.25,83.65,0.18088432335864224,1215,335,0.8,1.5,10.0
0.06,False,0.5,163.29999999999998,0.18088432335864224,1215,335,0.8,1.5,10.0
0.06,False,0.75,278.15000000000003,0.18088432335864224,1215,335,0.8,1.5,10.0
0.06,True,0.25,92.92500000000001,0.8191156766413578,5502,335,0.8,1.5,10.0
0.06,True,0.5,169.7,0.8191156766413578,5502,335,0.8,1.5,10.0
0.06,True,0.75,290.67500000000007,0.8191156766413578,5502,335,0.8,1.5,10.0
0.09,False,0.25,71.10000000000001,0.09854469854469855,711,335,0.8,1.5,10.0
0.09,False,0.5,125.69999999999997,0.09854469854469855,711,335,0.8,1.5,10.0
0.09,False,0.75,236.25000000000003,0.09854469854469855,711,335,0.8,1.5,10.0
0.09,True,0.25,80.1,0.9014553014553015,6504,335,0.8,1.5,10.0
0.09,True,0.5,140.0,0.9014553014553015,6504,335,0.8,1.5,10.0
0.09,True,0.75,244.50000000000003,0.9014553014553015,6504,335,0.8,1.5,10.0
0.12,False,0.25,63.97499999999999,0.04860335195530726,348,335,0.8,1.5,10.0
0.12,False,0.5,106.15,0.04860335195530726,348,335,0.8,1.5,10.0
0.12,False,0.75,193.29999999999998,0.04860335195530726,348,335,0.8,1.5,10.0
0.12,True,0.25,70.07499999999999,0.9513966480446927,6812,335,0.8,1.5,10.0
0.12,True,0.5,119.9,0.9513966480446927,6812,335,0.8,1.5,10.0
0.12,True,0.75,199.8,0.9513966480446927,6812,335,0.8,1.5,10.0
0.15,False,0.25,53.175,0.02331321996708722,170,335,0.8,1.5,10.0
0.15,False,0.5,84.45,0.02331321996708722,170,335,0.8,1.5,10.0
0.15,False,0.75,149.425,0.02331321996708722,170,335,0.8,1.5,10.0
0.15,True,0.25,62.824999999999996,0.9766867800329128,7122,335,0.8,1.5,10.0
0.15,True,0.5,103.19999999999999,0.9766867800329128,7122,335,0.8,1.5,10.0
0.15,True,0.75,166.3,0.9766867800329128,7122,335,0.8,1.5,10.0
0.0,False,0.25,104.5,0.502687322162504,1590,345,0.8,1.5,10.0
0.0,False,0.5,194.2,0.502687322162504,1590,345,0.8,1.5,10.0
0.0,False,0.75,327.075,0.502687322162504,1590,345,0.8,1.5,10.0
0.0,True,0.25,102.89999999999999,0.49731267783749605,1573,345,0.8,1.5,10.0
0.0,True,0.5,182.5,0.49731267783749605,1573,345,0.8,1.5,10.0
0.0,True,0.75,326.6000000000001,0.49731267783749605,1573,345,0.8,1.5,10.0
0.03,False,0.25,95.1,0.3182101652634861,2041,345,0.8,1.5,10.0
0.03,False,0.5,185.89999999999998,0.3182101652634861,2041,345,0.8,1.5,10.0
0.03,False,0.75,327.90000000000003,0.3182101652634861,2041,345,0.8,1.5,10.0
0.03,True,0.25,94.8,0.6817898347365139,4373,345,0.8,1.5,10.0
0.03,True,0.5,179.29999999999998,0.6817898347365139,4373,345,0.8,1.5,10.0
0.03,True,0.75,321.1000000000001,0.6817898347365139,4373,345,0.8,1.5,10.0
0.06,False,0.25,83.44999999999999,0.1751454572579442,1174,345,0.8,1.5,10.0
0.06,False,0.5,155.95000000000002,0.1751454572579442,1174,345,0.8,1.5,10.0
0.06,False,0.75,294.55,0.1751454572579442,1174,345,0.8,1.5,10.0
0.06,True,0.25,90.29999999999998,0.8248545427420558,5529,345,0.8,1.5,10.0
0.06,True,0.5,167.7,0.8248545427420558,5529,345,0.8,1.5,10.0
0.06,True,0.75,295.20000000000005,0.8248545427420558,5529,345,0.8,1.5,10.0
0.09,False,0.25,78.92499999999998,0.0966129927817879,696,345,0.8,1.5,10.0
0.09,False,0.5,135.8,0.0966129927817879,696,345,0.8,1.5,10.0
0.09,False,0.75,232.05000000000004,0.0966129927817879,696,345,0.8,1.5,10.0
0.09,True,0.25,80.49999999999999,0.9033870072182121,6508,345,0.8,1.5,10.0
0.09,True,0.5,141.95,0.9033870072182121,6508,345,0.8,1.5,10.0
0.09,True,0.75,236.65,0.9033870072182121,6508,345,0.8,1.5,10.0
0.12,False,0.25,61.50000000000001,0.046414091989375086,332,345,0.8,1.5,10.0
0.12,False,0.5,110.25,0.046414091989375086,332,345,0.8,1.5,10.0
0.12,False,0.75,209.65000000000003,0.046414091989375086,332,345,0.8,1.5,10.0
0.12,True,0.25,70.70000000000002,0.9535859080106249,6821,345,0.8,1.5,10.0
0.12,True,0.5,121.39999999999998,0.9535859080106249,6821,345,0.8,1.5,10.0
0.12,True,0.75,202.10000000000002,0.9535859080106249,6821,345,0.8,1.5,10.0
0.15,False,0.25,55.55,0.02454408336761278,179,345,0.8,1.5,10.0
0.15,False,0.5,88.59999999999998,0.02454408336761278,179,345,0.8,1.5,10.0
0.15,False,0.75,147.39999999999998,0.02454408336761278,179,345,0.8,1.5,10.0
0.15,True,0.25,63.70000000000001,0.9754559166323872,7114,345,0.8,1.5,10.0
0.15,True,0.5,102.74999999999997,0.9754559166323872,7114,345,0.8,1.5,10.0
0.15,True,0.75,165.99999999999997,0.9754559166323872,7114,345,0.8,1.5,10.0
0.0,False,0.25,94.9,0.5062774639045825,1613,356,0.8,1.5,10.0
0.0,False,0.5,186.9,0.5062774639045825,1613,356,0.8,1.5,10.0
0.0,False,0.75,337.00000000000006,0.5062774639045825,1613,356,0.8,1.5,10.0
0.0,True,0.25,97.6,0.49372253609541744,1573,356,0.8,1.5,10.0
0.0,True,0.5,186.9,0.49372253609541744,1573,356,0.8,1.5,10.0
0.0,True,0.75,334.80000000000007,0.49372253609541744,1573,356,0.8,1.5,10.0
0.03,False,0.25,94.6,0.3202299564947172,2061,356,0.8,1.5,10.0
0.03,False,0.5,179.10000000000002,0.3202299564947172,2061,356,0.8,1.5,10.0
0.03,False,0.75,319.00000000000006,0.3202299564947172,2061,356,0.8,1.5,10.0
0.03,True,0.25,95.0,0.6797700435052828,4375,356,0.8,1.5,10.0
0.03,True,0.5,180.9,0.6797700435052828,4375,356,0.8,1.5,10.0
0.03,True,0.75,318.25,0.6797700435052828,4375,356,0.8,1.5,10.0
0.06,False,0.25,78.69999999999999,0.18608462455303934,1249,356,0.8,1.5,10.0
0.06,False,0.5,147.79999999999998,0.18608462455303934,1249,356,0.8,1.5,10.0
0.06,False,0.75,286.50000000000006,0.18608462455303934,1249,356,0.8,1.5,10.0
0.06,True,0.25,88.69999999999997,0.8139153754469607,5463,356,0.8,1.5,10.0
0.06,True,0.5,161.1,0.8139153754469607,5463,356,0.8,1.5,10.0
0.06,True,0.75,283.6,0.8139153754469607,5463,356,0.8,1.5,10.0
0.09,False,0.25,71.0,0.08546059933407325,616,356,0.8,1.5,10.0
0.09,False,0.5,130.35,0.08546059933407325,616,356,0.8,1.5,10.0
0.09,False,0.75,225.60000000000002,0.08546059933407325,616,356,0.8,1.5,10.0
0.09,True,0.25,78.3,0.9145394006659268,6592,356,0.8,1.5,10.0
0.09,True,0.5,138.2,0.9145394006659268,6592,356,0.8,1.5,10.0
0.09,True,0.75,239.70000000000002,0.9145394006659268,6592,356,0.8,1.5,10.0
0.12,False,0.25,57.49999999999999,0.04818435754189944,345,356,0.8,1.5,10.0
0.12,False,0.5,102.1,0.04818435754189944,345,356,0.8,1.5,10.0
0.12,False,0.75,183.10000000000002,0.04818435754189944,345,356,0.8,1.5,10.0
0.12,True,0.25,69.5,0.9518156424581006,6815,356,0.8,1.5,10.0
0.12,True,0.5,118.3,0.9518156424581006,6815,356,0.8,1.5,10.0
0.12,True,0.75,200.05,0.9518156424581006,6815,356,0.8,1.5,10.0
0.15,False,0.25,54.400000000000006,0.024818318935965995,181,356,0.8,1.5,10.0
0.15,False,0.5,82.49999999999999,0.024818318935965995,181,356,0.8,1.5,10.0
0.15,False,0.75,124.7,0.024818318935965995,181,356,0.8,1.5,10.0
0.15,True,0.25,62.000000000000014,0.975181681064034,7112,356,0.8,1.5,10.0
0.15,True,0.5,102.39999999999998,0.975181681064034,7112,356,0.8,1.5,10.0
0.15,True,0.75,164.3,0.975181681064034,7112,356,0.8,1.5,10.0
0.0,False,0.25,98.45,0.49825894270338716,1574,358,0.8,1.5,10.0
0.0,False,0.5,189.64999999999998,0.49825894270338716,1574,358,0.8,1.5,10.0
0.0,False,0.75,334.30000000000007,0.49825894270338716,1574,358,0.8,1.5,10.0
0.0,True,0.25,96.4,0.5017410572966129,1585,358,0.8,1.5,10.0
0.0,True,0.5,188.29999999999995,0.5017410572966129,1585,358,0.8,1.5,10.0
0.0,True,0.75,327.7,0.5017410572966129,1585,358,0.8,1.5,10.0
0.03,False,0.25,92.1,0.31476279650436956,2017,358,0.8,1.5,10.0
0.03,False,0.5,174.0,0.31476279650436956,2017,358,0.8,1.5,10.0
0.03,False,0.75,306.50000000000006,0.31476279650436956,2017,358,0.8,1.5,10.0
0.03,True,0.25,97.4,0.6852372034956304,4391,358,0.8,1.5,10.0
0.03,True,0.5,183.7,0.6852372034956304,4391,358,0.8,1.5,10.0
0.03,True,0.75,324.25,0.6852372034956304,4391,358,0.8,1.5,10.0
0.06,False,0.25,85.10000000000002,0.18777943368107303,1260,358,0.8,1.5,10.0
0.06,False,0.5,156.20000000000002,0.18777943368107303,1260,358,0.8,1.5,10.0
0.06,False,0.75,277.3,0.18777943368107303,1260,358,0.8,1.5,10.0
0.06,True,0.25,90.35,0.812220566318927,5450,358,0.8,1.5,10.0
0.06,True,0.5,164.55,0.812220566318927,5450,358,0.8,1.5,10.0
0.06,True,0.75,288.7750000000001,0.812220566318927,5450,358,0.8,1.5,10.0
0.09,False,0.25,71.20000000000002,0.09944598337950139,718,358,0.8,1.5,10.0
0.09,False,0.5,126.69999999999999,0.09944598337950139,718,358,0.8,1.5,10.0
0.09,False,0.75,227.97500000000002,0.09944598337950139,718,358,0.8,1.5,10.0
0.09,True,0.25,79.32499999999999,0.9005540166204986,6502,358,0.8,1.5,10.0
0.09,True,0.5,141.7,0.9005540166204986,6502,358,0.8,1.5,10.0
0.09,True,0.75,240.77500000000003,0.9005540166204986,6502,358,0.8,1.5,10.0
0.12,False,0.25,62.35,0.048862208571827444,350,358,0.8,1.5,10.0
0.12,False,0.5,111.5,0.048862208571827444,350,358,0.8,1.5,10.0
0.12,False,0.75,191.375,0.048862208571827444,350,358,0.8,1.5,10.0
0.12,True,0.25,69.8,0.9511377914281726,6813,358,0.8,1.5,10.0
0.12,True,0.5,118.0,0.9511377914281726,6813,358,0.8,1.5,10.0
0.12,True,0.75,199.9,0.9511377914281726,6813,358,0.8,1.5,10.0
0.15,False,0.25,50.099999999999994,0.02454408336761278,179,358,0.8,1.5,10.0
0.15,False,0.5,95.19999999999999,0.02454408336761278,179,358,0.8,1.5,10.0
0.15,False,0.75,153.1,0.02454408336761278,179,358,0.8,1.5,10.0
0.15,True,0.25,63.1,0.9754559166323872,7114,358,0.8,1.5,10.0
0.15,True,0.5,101.59999999999998,0.9754559166323872,7114,358,0.8,1.5,10.0
0.15,True,0.75,164.57500000000002,0.9754559166323872,7114,358,0.8,1.5,10.0
0.0,False,0.25,97.65,0.5178402273444901,1640,362,0.8,1.5,10.0
0.0,False,0.5,194.14999999999998,0.5178402273444901,1640,362,0.8,1.5,10.0
0.0,False,0.75,340.45000000000005,0.5178402273444901,1640,362,0.8,1.5,10.0
0.0,True,0.25,97.7,0.48215977265550997,1527,362,0.8,1.5,10.0
0.0,True,0.5,185.79999999999998,0.48215977265550997,1527,362,0.8,1.5,10.0
0.0,True,0.75,325.85,0.48215977265550997,1527,362,0.8,1.5,10.0
0.03,False,0.25,90.9,0.31699346405228757,2037,362,0.8,1.5,10.0
0.03,False,0.5,177.50000000000003,0.31699346405228757,2037,362,0.8,1.5,10.0
0.03,False,0.75,326.3,0.31699346405228757,2037,362,0.8,1.5,10.0
0.03,True,0.25,94.8,0.6830065359477124,4389,362,0.8,1.5,10.0
0.03,True,0.5,181.50000000000003,0.6830065359477124,4389,362,0.8,1.5,10.0
0.03,True,0.75,320.0,0.6830065359477124,4389,362,0.8,1.5,10.0
0.06,False,0.25,86.95,0.18116805721096543,1216,362,0.8,1.5,10.0
0.06,False,0.5,159.2,0.18116805721096543,1216,362,0.8,1.5,10.0
0.06,False,0.75,284.77500000000003,0.18116805721096543,1216,362,0.8,1.5,10.0
0.06,True,0.25,89.89999999999998,0.8188319427890346,5496,362,0.8,1.5,10.0
0.06,True,0.5,165.2,0.8188319427890346,5496,362,0.8,1.5,10.0
0.06,True,0.75,291.55000000000007,0.8188319427890346,5496,362,0.8,1.5,10.0
0.09,False,0.25,71.17499999999998,0.10364417347928502,748,362,0.8,1.5,10.0
0.09,False,0.5,131.05,0.10364417347928502,748,362,0.8,1.5,10.0
0.09,False,0.75,229.85000000000002,0.10364417347928502,748,362,0.8,1.5,10.0
0.09,True,0.25,79.9,0.896355826520715,6469,362,0.8,1.5,10.0
0.09,True,0.5,138.40000000000003,0.896355826520715,6469,362,0.8,1.5,10.0
0.09,True,0.75,238.70000000000005,0.896355826520715,6469,362,0.8,1.5,10.0
0.12,False,0.25,65.19999999999999,0.05101327742837177,365,362,0.8,1.5,10.0
0.12,False,0.5,107.4,0.05101327742837177,365,362,0.8,1.5,10.0
0.12,False,0.75,187.79999999999998,0.05101327742837177,365,362,0.8,1.5,10.0
0.12,True,0.25,70.2,0.9489867225716282,6790,362,0.8,1.5,10.0
0.12,True,0.5,122.09999999999998,0.9489867225716282,6790,362,0.8,1.5,10.0
0.12,True,0.75,205.60000000000005,0.9489867225716282,6790,362,0.8,1.5,10.0
0.15,False,0.25,53.775,0.020024687971471677,146,362,0.8,1.5,10.0
0.15,False,0.5,84.94999999999999,0.020024687971471677,146,362,0.8,1.5,10.0
0.15,False,0.75,145.425,0.020024687971471677,146,362,0.8,1.5,10.0
0.15,True,0.25,61.800000000000004,0.9799753120285283,7145,362,0.8,1.5,10.0
0.15,True,0.5,99.8,0.9799753120285283,7145,362,0.8,1.5,10.0
0.15,True,0.75,164.39999999999998,0.9799753120285283,7145,362,0.8,1.5,10.0
0.0,False,0.25,99.05,0.5099400441779741,1616,367,0.8,1.5,10.0
0.0,False,0.5,190.45,0.5099400441779741,1616,367,0.8,1.5,10.0
0.0,False,0.75,328.45000000000005,0.5099400441779741,1616,367,0.8,1.5,10.0
0.0,True,0.25,99.30000000000001,0.4900599558220259,1553,367,0.8,1.5,10.0
0.0,True,0.5,189.49999999999997,0.4900599558220259,1553,367,0.8,1.5,10.0
0.0,True,0.75,316.1,0.4900599558220259,1553,367,0.8,1.5,10.0
0.03,False,0.25,96.875,0.3210837745250701,2062,367,0.8,1.5,10.0
0.03,False,0.5,176.34999999999997,0.3210837745250701,2062,367,0.8,1.5,10.0
0.03,False,0.75,306.37500000000006,0.3210837745250701,2062,367,0.8,1.5,10.0
0.03,True,0.25,94.69999999999997,0.6789162254749299,4360,367,0.8,1.5,10.0
0.03,True,0.5,180.09999999999997,0.6789162254749299,4360,367,0.8,1.5,10.0
0.03,True,0.75,322.725,0.6789162254749299,4360,367,0.8,1.5,10.0
0.06,False,0.25,85.1,0.1760321955582054,1181,367,0.8,1.5,10.0
0.06,False,0.5,149.79999999999998,0.1760321955582054,1181,367,0.8,1.5,10.0
0.06,False,0.75,266.90000000000003,0.1760321955582054,1181,367,0.8,1.5,10.0
0.06,True,0.25,89.89999999999998,0.8239678044417946,5528,367,0.8,1.5,10.0
0.06,True,0.5,165.99999999999997,0.8239678044417946,5528,367,0.8,1.5,10.0
0.06,True,0.75,282.125,0.8239678044417946,5528,367,0.8,1.5,10.0
0.09,False,0.25,70.89999999999999,0.09815098011956068,706,367,0.8,1.5,10.0
0.09,False,0.5,132.1,0.09815098011956068,706,367,0.8,1.5,10.0
0.09,False,0.75,233.60000000000005,0.09815098011956068,706,367,0.8,1.5,10.0
0.09,True,0.25,80.4,0.9018490198804393,6487,367,0.8,1.5,10.0
0.09,True,0.5,140.6,0.9018490198804393,6487,367,0.8,1.5,10.0
0.09,True,0.75,242.75000000000006,0.9018490198804393,6487,367,0.8,1.5,10.0
0.12,False,0.25,62.55000000000001,0.0490086567997766,351,367,0.8,1.5,10.0
0.12,False,0.5,111.6,0.0490086567997766,351,367,0.8,1.5,10.0
0.12,False,0.75,186.95,0.0490086567997766,351,367,0.8,1.5,10.0
0.12,True,0.25,69.9,0.9509913432002234,6811,367,0.8,1.5,10.0
0.12,True,0.5,120.39999999999999,0.9509913432002234,6811,367,0.8,1.5,10.0
0.12,True,0.75,203.45000000000002,0.9509913432002234,6811,367,0.8,1.5,10.0
0.15,False,0.25,48.3,0.02646736149204608,193,367,0.8,1.5,10.0
0.15,False,0.5,77.39999999999998,0.02646736149204608,193,367,0.8,1.5,10.0
0.15,False,0.75,149.79999999999998,0.02646736149204608,193,367,0.8,1.5,10.0
0.15,True,0.25,62.7,0.9735326385079539,7099,367,0.8,1.5,10.0
0.15,True,0.5,102.1,0.9735326385079539,7099,367,0.8,1.5,10.0
0.15,True,0.75,164.85,0.9735326385079539,7099,367,0.8,1.5,10.0
0.0,False,0.25,97.2,0.5015762925598991,1591,368,0.8,1.5,10.0
0.0,False,0.5,183.2,0.5015762925598991,1591,368,0.8,1.5,10.0
0.0,False,0.75,321.1500000000001,0.5015762925598991,1591,368,0.8,1.5,10.0
0.0,True,0.25,96.90000000000002,0.4984237074401009,1581,368,0.8,1.5,10.0
0.0,True,0.5,188.9,0.4984237074401009,1581,368,0.8,1.5,10.0
0.0,True,0.75,332.1,0.4984237074401009,1581,368,0.8,1.5,10.0
0.03,False,0.25,93.625,0.32517048977061375,2098,368,0.8,1.5,10.0
0.03,False,0.5,168.7,0.32517048977061375,2098,368,0.8,1.5,10.0
0.03,False,0.75,304.5,0.32517048977061375,2098,368,0.8,1.5,10.0
0.03,True,0.25,96.19999999999999,0.6748295102293862,4354,368,0.8,1.5,10.0
0.03,True,0.5,182.45,0.6748295102293862,4354,368,0.8,1.5,10.0
0.03,True,0.75,324.375,0.6748295102293862,4354,368,0.8,1.5,10.0
0.06,False,0.25,86.225,0.17633065715135296,1186,368,0.8,1.5,10.0
0.06,False,0.5,157.5,0.17633065715135296,1186,368,0.8,1.5,10.0
0.06,False,0.75,280.4,0.17633065715135296,1186,368,0.8,1.5,10.0
0.06,True,0.25,90.27499999999998,0.823669342848647,5540,368,0.8,1.5,10.0
0.06,True,0.5,164.09999999999997,0.823669342848647,5540,368,0.8,1.5,10.0
0.06,True,0.75,293.625,0.823669342848647,5540,368,0.8,1.5,10.0
0.09,False,0.25,74.35,0.09591129591129591,692,368,0.8,1.5,10.0
0.09,False,0.5,140.45,0.09591129591129591,692,368,0.8,1.5,10.0
0.09,False,0.75,241.22500000000002,0.09591129591129591,692,368,0.8,1.5,10.0
0.09,True,0.25,80.54999999999998,0.9040887040887041,6523,368,0.8,1.5,10.0
0.09,True,0.5,143.0,0.9040887040887041,6523,368,0.8,1.5,10.0
0.09,True,0.75,243.55000000000007,0.9040887040887041,6523,368,0.8,1.5,10.0
0.12,False,0.25,55.99999999999999,0.046761585706309325,335,368,0.8,1.5,10.0
0.12,False,0.5,99.1,0.046761585706309325,335,368,0.8,1.5,10.0
0.12,False,0.75,189.8,0.046761585706309325,335,368,0.8,1.5,10.0
0.12,True,0.25,68.8,0.9532384142936907,6829,368,0.8,1.5,10.0
0.12,True,0.5,119.80000000000001,0.9532384142936907,6829,368,0.8,1.5,10.0
0.12,True,0.75,198.29999999999998,0.9532384142936907,6829,368,0.8,1.5,10.0
0.15,False,0.25,56.3,0.02454071839868385,179,368,0.8,1.5,10.0
0.15,False,0.5,95.1,0.02454071839868385,179,368,0.8,1.5,10.0
0.15,False,0.75,172.39999999999998,0.02454071839868385,179,368,0.8,1.5,10.0
0.15,True,0.25,62.40000000000001,0.9754592816013161,7115,368,0.8,1.5,10.0
0.15,True,0.5,102.89999999999999,0.9754592816013161,7115,368,0.8,1.5,10.0
0.15,True,0.75,167.2,0.9754592816013161,7115,368,0.8,1.5,10.0
0.0,False,0.25,98.80000000000001,0.4848389134554643,1535,371,0.8,1.5,10.0
0.0,False,0.5,185.89999999999998,0.4848389134554643,1535,371,0.8,1.5,10.0
0.0,False,0.75,321.1500000000001,0.4848389134554643,1535,371,0.8,1.5,10.0
0.0,True,0.25,94.5,0.5151610865445357,1631,371,0.8,1.5,10.0
0.0,True,0.5,184.29999999999995,0.5151610865445357,1631,371,0.8,1.5,10.0
0.0,True,0.75,318.80000000000007,0.5151610865445357,1631,371,0.8,1.5,10.0
0.03,False,0.25,92.64999999999998,0.3183085501858736,2055,371,0.8,1.5,10.0
0.03,False,0.5,172.70000000000002,0.3183085501858736,2055,371,0.8,1.5,10.0
0.03,False,0.75,306.80000000000007,0.3183085501858736,2055,371,0.8,1.5,10.0
0.03,True,0.25,91.7,0.6816914498141264,4401,371,0.8,1.5,10.0
0.03,True,0.5,176.4,0.6816914498141264,4401,371,0.8,1.5,10.0
0.03,True,0.75,309.40000000000003,0.6816914498141264,4401,371,0.8,1.5,10.0
0.06,False,0.25,83.05,0.18176409341067976,1222,371,0.8,1.5,10.0
0.06,False,0.5,156.2,0.18176409341067976,1222,371,0.8,1.5,10.0
0.06,False,0.75,274.975,0.18176409341067976,1222,371,0.8,1.5,10.0
0.06,True,0.25,86.7,0.8182359065893202,5501,371,0.8,1.5,10.0
0.06,True,0.5,161.1,0.8182359065893202,5501,371,0.8,1.5,10.0
0.06,True,0.75,282.20000000000005,0.8182359065893202,5501,371,0.8,1.5,10.0
0.09,False,0.25,72.09999999999998,0.0916909418782078,661,371,0.8,1.5,10.0
0.09,False,0.5,134.2,0.0916909418782078,661,371,0.8,1.5,10.0
0.09,False,0.75,249.10000000000002,0.0916909418782078,661,371,0.8,1.5,10.0
0.09,True,0.25,78.80000000000001,0.9083090581217922,6548,371,0.8,1.5,10.0
0.09,True,0.5,138.40000000000003,0.9083090581217922,6548,371,0.8,1.5,10.0
0.09,True,0.75,239.20000000000002,0.9083090581217922,6548,371,0.8,1.5,10.0
0.12,False,0.25,60.55000000000001,0.05023022185014651,360,371,0.8,1.5,10.0
0.12,False,0.5,108.84999999999997,0.05023022185014651,360,371,0.8,1.5,10.0
0.12,False,0.75,205.92500000000004,0.05023022185014651,360,371,0.8,1.5,10.0
0.12,True,0.25,70.8,0.9497697781498535,6807,371,0.8,1.5,10.0
0.12,True,0.5,120.3,0.9497697781498535,6807,371,0.8,1.5,10.0
0.12,True,0.75,200.50000000000003,0.9497697781498535,6807,371,0.8,1.5,10.0
0.15,False,0.25,50.749999999999986,0.025503907856849032,186,371,0.8,1.5,10.0
0.15,False,0.5,91.64999999999999,0.025503907856849032,186,371,0.8,1.5,10.0
0.15,False,0.75,156.35000000000002,0.025503907856849032,186,371,0.8,1.5,10.0
0.15,True,0.25,61.800000000000004,0.9744960921431509,7107,371,0.8,1.5,10.0
0.15,True,0.5,101.0,0.9744960921431509,7107,371,0.8,1.5,10.0
0.15,True,0.75,165.6,0.9744960921431509,7107,371,0.8,1.5,10.0
0.0,False,0.25,97.625,0.510571158094036,1618,380,0.8,1.5,10.0
0.0,False,0.5,181.25,0.510571158094036,1618,380,0.8,1.5,10.0
0.0,False,0.75,317.575,0.510571158094036,1618,380,0.8,1.5,10.0
0.0,True,0.25,98.24999999999999,0.48942884190596403,1551,380,0.8,1.5,10.0
0.0,True,0.5,188.8,0.48942884190596403,1551,380,0.8,1.5,10.0
0.0,True,0.75,320.70000000000005,0.48942884190596403,1551,380,0.8,1.5,10.0
0.03,False,0.25,94.10000000000001,0.32757547463429815,2105,380,0.8,1.5,10.0
0.03,False,0.5,177.9,0.32757547463429815,2105,380,0.8,1.5,10.0
0.03,False,0.75,314.8,0.32757547463429815,2105,380,0.8,1.5,10.0
0.03,True,0.25,93.89999999999998,0.6724245253657019,4321,380,0.8,1.5,10.0
0.03,True,0.5,181.29999999999998,0.6724245253657019,4321,380,0.8,1.5,10.0
0.03,True,0.75,320.3,0.6724245253657019,4321,380,0.8,1.5,10.0
0.06,False,0.25,81.92500000000001,0.17886904761904762,1202,380,0.8,1.5,10.0
0.06,False,0.5,157.35,0.17886904761904762,1202,380,0.8,1.5,10.0
0.06,False,0.75,262.6,0.17886904761904762,1202,380,0.8,1.5,10.0
0.06,True,0.25,90.825,0.8211309523809524,5518,380,0.8,1.5,10.0
0.06,True,0.5,166.49999999999997,0.8211309523809524,5518,380,0.8,1.5,10.0
0.06,True,0.75,292.25000000000006,0.8211309523809524,5518,380,0.8,1.5,10.0
0.09,False,0.25,69.825,0.09262340543538547,668,380,0.8,1.5,10.0
0.09,False,0.5,131.15000000000003,0.09262340543538547,668,380,0.8,1.5,10.0
0.09,False,0.75,221.60000000000005,0.09262340543538547,668,380,0.8,1.5,10.0
0.09,True,0.25,80.49999999999999,0.9073765945646145,6544,380,0.8,1.5,10.0
0.09,True,0.5,142.64999999999998,0.9073765945646145,6544,380,0.8,1.5,10.0
0.09,True,0.75,241.52500000000003,0.9073765945646145,6544,380,0.8,1.5,10.0
0.12,False,0.25,64.725,0.046888082612336034,336,380,0.8,1.5,10.0
0.12,False,0.5,113.69999999999999,0.046888082612336034,336,380,0.8,1.5,10.0
0.12,False,0.75,203.02500000000003,0.046888082612336034,336,380,0.8,1.5,10.0
0.12,True,0.25,69.70000000000002,0.953111917387664,6830,380,0.8,1.5,10.0
0.12,True,0.5,120.3,0.953111917387664,6830,380,0.8,1.5,10.0
0.12,True,0.75,201.97500000000002,0.953111917387664,6830,380,0.8,1.5,10.0
0.15,False,0.25,50.275,0.025496915695681972,186,380,0.8,1.5,10.0
0.15,False,0.5,79.95,0.025496915695681972,186,380,0.8,1.5,10.0
0.15,False,0.75,138.92499999999998,0.025496915695681972,186,380,0.8,1.5,10.0
0.15,True,0.25,63.8,0.974503084304318,7109,380,0.8,1.5,10.0
0.15,True,0.5,105.5,0.974503084304318,7109,380,0.8,1.5,10.0
0.15,True,0.75,168.4,0.974503084304318,7109,380,0.8,1.5,10.0
0.0,False,0.25,98.95000000000002,0.4971590909090909,1575,394,0.8,1.5,10.0
0.0,False,0.5,183.60000000000002,0.4971590909090909,1575,394,0.8,1.5,10.0
0.0,False,0.75,317.5,0.4971590909090909,1575,394,0.8,1.5,10.0
0.0,True,0.25,88.79999999999998,0.5028409090909091,1593,394,0.8,1.5,10.0
0.0,True,0.5,176.0,0.5028409090909091,1593,394,0.8,1.5,10.0
0.0,True,0.75,312.3,0.5028409090909091,1593,394,0.8,1.5,10.0
0.03,False,0.25,93.39999999999999,0.314112527199254,2021,394,0.8,1.5,10.0
0.03,False,0.5,177.0,0.314112527199254,2021,394,0.8,1.5,10.0
0.03,False,0.75,325.00000000000006,0.314112527199254,2021,394,0.8,1.5,10.0
0.03,True,0.25,99.4,0.685887472800746,4413,394,0.8,1.5,10.0
0.03,True,0.5,185.29999999999998,0.685887472800746,4413,394,0.8,1.5,10.0
0.03,True,0.75,325.7,0.685887472800746,4413,394,0.8,1.5,10.0
0.06,False,0.25,84.65,0.18068350668647845,1216,394,0.8,1.5,10.0
0.06,False,0.5,156.75,0.18068350668647845,1216,394,0.8,1.5,10.0
0.06,False,0.75,287.75,0.18068350668647845,1216,394,0.8,1.5,10.0
0.06,True,0.25,91.49999999999999,0.8193164933135215,5514,394,0.8,1.5,10.0
0.06,True,0.5,164.45,0.8193164933135215,5514,394,0.8,1.5,10.0
0.06,True,0.75,292.25000000000006,0.8193164933135215,5514,394,0.8,1.5,10.0
0.09,False,0.25,74.27499999999999,0.09353316680543991,674,394,0.8,1.5,10.0
0.09,False,0.5,136.7,0.09353316680543991,674,394,0.8,1.5,10.0
0.09,False,0.75,239.0,0.09353316680543991,674,394,0.8,1.5,10.0
0.09,True,0.25,80.69999999999999,0.9064668331945601,6532,394,0.8,1.5,10.0
0.09,True,0.5,143.09999999999997,0.9064668331945601,6532,394,0.8,1.5,10.0
0.09,True,0.75,244.35000000000002,0.9064668331945601,6532,394,0.8,1.5,10.0
0.12,False,0.25,60.074999999999996,0.04892367906066536,350,394,0.8,1.5,10.0
0.12,False,0.5,110.9,0.04892367906066536,350,394,0.8,1.5,10.0
0.12,False,0.75,187.45,0.04892367906066536,350,394,0.8,1.5,10.0
0.12,True,0.25,70.275,0.9510763209393346,6804,394,0.8,1.5,10.0
0.12,True,0.5,122.54999999999998,0.9510763209393346,6804,394,0.8,1.5,10.0
0.12,True,0.75,204.3,0.9510763209393346,6804,394,0.8,1.5,10.0
0.15,False,0.25,52.449999999999996,0.021807708133315045,159,394,0.8,1.5,10.0
0.15,False,0.5,84.7,0.021807708133315045,159,394,0.8,1.5,10.0
0.15,False,0.75,146.55,0.021807708133315045,159,394,0.8,1.5,10.0
0.15,True,0.25,62.5,0.978192291866685,7132,394,0.8,1.5,10.0
0.15,True,0.5,103.4,0.978192291866685,7132,394,0.8,1.5,10.0
0.15,True,0.75,168.49999999999997,0.978192291866685,7132,394,0.8,1.5,10.0
0.0,False,0.25,101.52499999999999,0.5004757373929591,1578,395,0.8,1.5,10.0
0.0,False,0.5,186.34999999999997,0.5004757373929591,1578,395,0.8,1.5,10.0
0.0,False,0.75,329.6,0.5004757373929591,1578,395,0.8,1.5,10.0
0.0,True,0.25,98.64999999999999,0.4995242626070409,1575,395,0.8,1.5,10.0
0.0,True,0.5,188.8,0.4995242626070409,1575,395,0.8,1.5,10.0
0.0,True,0.75,329.15000000000003,0.4995242626070409,1575,395,0.8,1.5,10.0
0.03,False,0.25,92.82499999999997,0.3113046182553258,2002,395,0.8,1.5,10.0
0.03,False,0.5,175.85,0.3113046182553258,2002,395,0.8,1.5,10.0
0.03,False,0.75,309.82500000000005,0.3113046182553258,2002,395,0.8,1.5,10.0
0.03,True,0.25,94.8,0.6886953817446743,4429,395,0.8,1.5,10.0
0.03,True,0.5,178.4,0.6886953817446743,4429,395,0.8,1.5,10.0
0.03,True,0.75,319.3,0.6886953817446743,4429,395,0.8,1.5,10.0
0.06,False,0.25,84.49999999999999,0.17768163508876622,1191,395,0.8,1.5,10.0
0.06,False,0.5,155.6,0.17768163508876622,1191,395,0.8,1.5,10.0
0.06,False,0.75,270.35,0.17768163508876622,1191,395,0.8,1.5,10.0
0.06,True,0.25,87.7,0.8223183649112338,5512,395,0.8,1.5,10.0
0.06,True,0.5,160.89999999999998,0.8223183649112338,5512,395,0.8,1.5,10.0
0.06,True,0.75,281.05,0.8223183649112338,5512,395,0.8,1.5,10.0
0.09,False,0.25,73.69999999999999,0.09629012088370154,693,395,0.8,1.5,10.0
0.09,False,0.5,130.6,0.09629012088370154,693,395,0.8,1.5,10.0
0.09,False,0.75,241.50000000000006,0.09629012088370154,693,395,0.8,1.5,10.0
0.09,True,0.25,81.475,0.9037098791162984,6504,395,0.8,1.5,10.0
0.09,True,0.5,142.8,0.9037098791162984,6504,395,0.8,1.5,10.0
0.09,True,0.75,242.90000000000003,0.9037098791162984,6504,395,0.8,1.5,10.0
0.12,False,0.25,68.35,0.050719575241022774,363,395,0.8,1.5,10.0
0.12,False,0.5,103.5,0.050719575241022774,363,395,0.8,1.5,10.0
0.12,False,0.75,185.55,0.050719575241022774,363,395,0.8,1.5,10.0
0.12,True,0.25,71.10000000000001,0.9492804247589772,6794,395,0.8,1.5,10.0
0.12,True,0.5,120.09999999999998,0.9492804247589772,6794,395,0.8,1.5,10.0
0.12,True,0.75,202.175,0.9492804247589772,6794,395,0.8,1.5,10.0
0.15,False,0.25,55.10000000000001,0.02167055273625017,158,395,0.8,1.5,10.0
0.15,False,0.5,89.69999999999999,0.02167055273625017,158,395,0.8,1.5,10.0
0.15,False,0.75,152.175,0.02167055273625017,158,395,0.8,1.5,10.0
0.15,True,0.25,61.699999999999996,0.9783294472637498,7133,395,0.8,1.5,10.0
0.15,True,0.5,101.29999999999998,0.9783294472637498,7133,395,0.8,1.5,10.0
0.15,True,0.75,166.4,0.9783294472637498,7133,395,0.8,1.5,10.0
0.0,False,0.25,91.92499999999998,0.5053763440860215,1598,397,0.8,1.5,10.0
0.0,False,0.5,176.45,0.5053763440860215,1598,397,0.8,1.5,10.0
0.0,False,0.75,305.175,0.5053763440860215,1598,397,0.8,1.5,10.0
0.0,True,0.25,93.14999999999999,0.4946236559139785,1564,397,0.8,1.5,10.0
0.0,True,0.5,182.65,0.4946236559139785,1564,397,0.8,1.5,10.0
0.0,True,0.75,323.65000000000003,0.4946236559139785,1564,397,0.8,1.5,10.0
0.03,False,0.25,94.32499999999999,0.3149922720247295,2038,397,0.8,1.5,10.0
0.03,False,0.5,174.4,0.3149922720247295,2038,397,0.8,1.5,10.0
0.03,False,0.75,321.05000000000007,0.3149922720247295,2038,397,0.8,1.5,10.0
0.03,True,0.25,96.75,0.6850077279752704,4432,397,0.8,1.5,10.0
0.03,True,0.5,177.64999999999998,0.6850077279752704,4432,397,0.8,1.5,10.0
0.03,True,0.75,312.80000000000007,0.6850077279752704,4432,397,0.8,1.5,10.0
0.06,False,0.25,82.3,0.17899584076054664,1205,397,0.8,1.5,10.0
0.06,False,0.5,151.99999999999997,0.17899584076054664,1205,397,0.8,1.5,10.0
0.06,False,0.75,282.20000000000005,0.17899584076054664,1205,397,0.8,1.5,10.0
0.06,True,0.25,89.30000000000001,0.8210041592394534,5527,397,0.8,1.5,10.0
0.06,True,0.5,166.4,0.8210041592394534,5527,397,0.8,1.5,10.0
0.06,True,0.75,289.5,0.8210041592394534,5527,397,0.8,1.5,10.0
0.09,False,0.25,73.82500000000002,0.10379186271796291,750,397,0.8,1.5,10.0
0.09,False,0.5,135.24999999999997,0.10379186271796291,750,397,0.8,1.5,10.0
0.09,False,0.75,238.85000000000002,0.10379186271796291,750,397,0.8,1.5,10.0
0.09,True,0.25,79.79999999999998,0.8962081372820371,6476,397,0.8,1.5,10.0
0.09,True,0.5,141.95,0.8962081372820371,6476,397,0.8,1.5,10.0
0.09,True,0.75,245.00000000000003,0.8962081372820371,6476,397,0.8,1.5,10.0
0.12,False,0.25,60.400000000000006,0.051733780760626395,370,397,0.8,1.5,10.0
0.12,False,0.5,104.95000000000002,0.051733780760626395,370,397,0.8,1.5,10.0
0.12,False,0.75,206.90000000000003,0.051733780760626395,370,397,0.8,1.5,10.0
0.12,True,0.25,69.6,0.9482662192393736,6782,397,0.8,1.5,10.0
0.12,True,0.5,119.75,0.9482662192393736,6782,397,0.8,1.5,10.0
0.12,True,0.75,198.29999999999998,0.9482662192393736,6782,397,0.8,1.5,10.0
0.15,False,0.25,51.099999999999994,0.0230484291397997,168,397,0.8,1.5,10.0
0.15,False,0.5,88.69999999999999,0.0230484291397997,168,397,0.8,1.5,10.0
0.15,False,0.75,143.55,0.0230484291397997,168,397,0.8,1.5,10.0
0.15,True,0.25,62.300000000000004,0.9769515708602003,7121,397,0.8,1.5,10.0
0.15,True,0.5,100.2,0.9769515708602003,7121,397,0.8,1.5,10.0
0.15,True,0.75,166.20000000000002,0.9769515708602003,7121,397,0.8,1.5,10.0
