acoh,is_correct,quantile,rt,proportion,n,draw,gain,bound,k
0.0,False,0.25,130.0,0.501318391562294,1521,-1,1.0,2.5,10.0
0.0,False,0.5,227.0,0.501318391562294,1521,-1,1.0,2.5,10.0
0.0,False,0.75,395.0,0.501318391562294,1521,-1,1.0,2.5,10.0
0.0,True,0.25,140.0,0.498681608437706,1513,-1,1.0,2.5,10.0
0.0,True,0.5,236.0,0.498681608437706,1513,-1,1.0,2.5,10.0
0.0,True,0.75,401.0,0.498681608437706,1513,-1,1.0,2.5,10.0
0.03,False,0.25,136.0,0.27289077828646174,1669,-1,1.0,2.5,10.0
0.03,False,0.5,232.0,0.27289077828646174,1669,-1,1.0,2.5,10.0
0.03,False,0.75,380.0,0.27289077828646174,1669,-1,1.0,2.5,10.0
0.03,True,0.25,130.0,0.7271092217135383,4447,-1,1.0,2.5,10.0
0.03,True,0.5,222.0,0.7271092217135383,4447,-1,1.0,2.5,10.0
0.03,True,0.75,370.5,0.7271092217135383,4447,-1,1.0,2.5,10.0
0.06,False,0.25,118.0,0.1308484092326887,839,-1,1.0,2.5,10.0
0.06,False,0.5,201.0,0.1308484092326887,839,-1,1.0,2.5,10.0
0.06,False,0.75,347.5,0.1308484092326887,839,-1,1.0,2.5,10.0
0.06,True,0.25,121.0,0.8691515907673113,5573,-1,1.0,2.5,10.0
0.06,True,0.5,211.0,0.8691515907673113,5573,-1,1.0,2.5,10.0
0.06,True,0.75,346.0,0.8691515907673113,5573,-1,1.0,2.5,10.0
0.09,False,0.25,101.5,0.053702077846063796,367,-1,1.0,2.5,10.0
0.09,False,0.5,165.0,0.053702077846063796,367,-1,1.0,2.5,10.0
0.09,False,0.75,257.5,0.053702077846063796,367,-1,1.0,2.5,10.0
0.09,True,0.25,109.0,0.9462979221539362,6467,-1,1.0,2.5,10.0
0.09,True,0.5,177.0,0.9462979221539362,6467,-1,1.0,2.5,10.0
0.09,True,0.75,289.0,0.9462979221539362,6467,-1,1.0,2.5,10.0
0.12,False,0.25,77.75,0.021286031042128603,144,-1,1.0,2.5,10.0
0.12,False,0.5,126.5,0.021286031042128603,144,-1,1.0,2.5,10.0
0.12,False,0.75,215.0,0.021286031042128603,144,-1,1.0,2.5,10.0
0.12,True,0.25,93.0,0.9787139689578714,6621,-1,1.0,2.5,10.0
0.12,True,0.5,149.0,0.9787139689578714,6621,-1,1.0,2.5,10.0
0.12,True,0.75,236.0,0.9787139689578714,6621,-1,1.0,2.5,10.0
0.15,False,0.25,81.5,0.009094909784362623,62,-1,1.0,2.5,10.0
0.15,False,0.5,129.5,0.009094909784362623,62,-1,1.0,2.5,10.0
0.15,False,0.75,193.5,0.009094909784362623,62,-1,1.0,2.5,10.0
0.15,True,0.25,81.0,0.9909050902156373,6755,-1,1.0,2.5,10.0
0.15,True,0.5,121.0,0.9909050902156373,6755,-1,1.0,2.5,10.0
0.15,True,0.75,189.0,0.9909050902156373,6755,-1,1.0,2.5,10.0
0.0,False,0.25,124.2,0.5007209805335257,1389,1,1.0,2.5,10.0
0.0,False,0.5,219.00000000000003,0.5007209805335257,1389,1,1.0,2.5,10.0
0.0,False,0.75,366.6,0.5007209805335257,1389,1,1.0,2.5,10.0
0.0,True,0.25,121.0,0.4992790194664744,1385,1,1.0,2.5,10.0
0.0,True,0.5,219.90000000000003,0.4992790194664744,1385,1,1.0,2.5,10.0
0.0,True,0.75,373.09999999999997,0.4992790194664744,1385,1,1.0,2.5,10.0
0.03,False,0.25,121.725,0.28777231201686576,1638,1,1.0,2.5,10.0
0.03,False,0.5,217.35000000000002,0.28777231201686576,1638,1,1.0,2.5,10.0
0.03,False,0.75,360.1,0.28777231201686576,1638,1,1.0,2.5,10.0
0.03,True,0.25,125.89999999999998,0.7122276879831342,4054,1,1.0,2.5,10.0
0.03,True,0.5,221.80000000000004,0.7122276879831342,4054,1,1.0,2.5,10.0
0.03,True,0.75,364.3,0.7122276879831342,4054,1,1.0,2.5,10.0
0.06,False,0.25,105.25,0.15132957292506044,939,1,1.0,2.5,10.0
0.06,False,0.5,191.60000000000002,0.15132957292506044,939,1,1.0,2.5,10.0
0.06,False,0.75,327.35,0.15132957292506044,939,1,1.0,2.5,10.0
0.06,True,0.25,115.32499999999999,0.8486704270749396,5266,1,1.0,2.5,10.0
0.06,True,0.5,199.05,0.8486704270749396,5266,1,1.0,2.5,10.0
0.06,True,0.75,330.375,0.8486704270749396,5266,1,1.0,2.5,10.0
0.09,False,0.25,87.44999999999999,0.061490591198696105,415,1,1.0,2.5,10.0
0.09,False,0.5,149.2,0.061490591198696105,415,1,1.0,2.5,10.0
0.09,False,0.75,245.45000000000005,0.061490591198696105,415,1,1.0,2.5,10.0
0.09,True,0.25,99.69999999999999,0.9385094088013038,6334,1,1.0,2.5,10.0
0.09,True,0.5,163.3,0.9385094088013038,6334,1,1.0,2.5,10.0
0.09,True,0.75,268.6000000000001,0.9385094088013038,6334,1,1.0,2.5,10.0
0.12,False,0.25,74.35,0.03498369404091314,236,1,1.0,2.5,10.0
0.12,False,0.5,132.2,0.03498369404091314,236,1,1.0,2.5,10.0
0.12,False,0.75,211.45000000000005,0.03498369404091314,236,1,1.0,2.5,10.0
0.12,True,0.25,88.225,0.9650163059590868,6510,1,1.0,2.5,10.0
0.12,True,0.5,138.64999999999998,0.9650163059590868,6510,1,1.0,2.5,10.0
0.12,True,0.75,226.30000000000004,0.9650163059590868,6510,1,1.0,2.5,10.0
0.15,False,0.25,74.6,0.012177230046948357,83,1,1.0,2.5,10.0
0.15,False,0.5,98.8,0.012177230046948357,83,1,1.0,2.5,10.0
0.15,False,0.75,169.6,0.012177230046948357,83,1,1.0,2.5,10.0
0.15,True,0.25,80.1,0.9878227699530516,6733,1,1.0,2.5,10.0
0.15,True,0.5,120.09999999999998,0.9878227699530516,6733,1,1.0,2.5,10.0
0.15,True,0.75,184.0,0.9878227699530516,6733,1,1.0,2.5,10.0
0.0,False,0.25,125.8,0.5,1389,4,1.0,2.5,10.0
0.0,False,0.5,226.90000000000003,0.5,1389,4,1.0,2.5,10.0
0.0,False,0.75,371.70000000000005,0.5,1389,4,1.0,2.5,10.0
0.0,True,0.25,129.2,0.5,1389,4,1.0,2.5,10.0
0.0,True,0.5,225.60000000000002,0.5,1389,4,1.0,2.5,10.0
0.0,True,0.75,384.0,0.5,1389,4,1.0,2.5,10.0
0.03,False,0.25,125.0,0.30767894371091037,1771,4,1.0,2.5,10.0
0.03,False,0.5,216.00000000000006,0.30767894371091037,1771,4,1.0,2.5,10.0
0.03,False,0.75,362.45000000000005,0.30767894371091037,1771,4,1.0,2.5,10.0
0.03,True,0.25,120.6,0.6923210562890897,3985,4,1.0,2.5,10.0
0.03,True,0.5,213.70000000000005,0.6923210562890897,3985,4,1.0,2.5,10.0
0.03,True,0.75,358.80000000000007,0.6923210562890897,3985,4,1.0,2.5,10.0
0.06,False,0.25,103.69999999999999,0.14528668610301262,897,4,1.0,2.5,10.0
0.06,False,0.5,180.19999999999996,0.14528668610301262,897,4,1.0,2.5,10.0
0.06,False,0.75,323.20000000000005,0.14528668610301262,897,4,1.0,2.5,10.0
0.06,True,0.25,112.6,0.8547133138969873,5277,4,1.0,2.5,10.0
0.06,True,0.5,195.1,0.8547133138969873,5277,4,1.0,2.5,10.0
0.06,True,0.75,333.1000000000001,0.8547133138969873,5277,4,1.0,2.5,10.0
0.09,False,0.25,92.825,0.0674090571640683,454,4,1.0,2.5,10.0
0.09,False,0.5,143.25,0.0674090571640683,454,4,1.0,2.5,10.0
0.09,False,0.75,260.4000000000001,0.0674090571640683,454,4,1.0,2.5,10.0
0.09,True,0.25,100.1,0.9325909428359317,6281,4,1.0,2.5,10.0
0.09,True,0.5,166.8,0.9325909428359317,6281,4,1.0,2.5,10.0
0.09,True,0.75,273.1,0.9325909428359317,6281,4,1.0,2.5,10.0
0.12,False,0.25,87.4,0.030721282279608193,207,4,1.0,2.5,10.0
0.12,False,0.5,132.3,0.030721282279608193,207,4,1.0,2.5,10.0
0.12,False,0.75,229.65000000000003,0.030721282279608193,207,4,1.0,2.5,10.0
0.12,True,0.25,89.39999999999999,0.9692787177203918,6531,4,1.0,2.5,10.0
0.12,True,0.5,140.7,0.9692787177203918,6531,4,1.0,2.5,10.0
0.12,True,0.75,228.40000000000003,0.9692787177203918,6531,4,1.0,2.5,10.0
0.15,False,0.25,74.94999999999999,0.014533176746917205,99,4,1.0,2.5,10.0
0.15,False,0.5,107.1,0.014533176746917205,99,4,1.0,2.5,10.0
0.15,False,0.75,138.35,0.014533176746917205,99,4,1.0,2.5,10.0
0.15,True,0.25,80.60000000000001,0.9854668232530828,6713,4,1.0,2.5,10.0
0.15,True,0.5,122.39999999999999,0.9854668232530828,6713,4,1.0,2.5,10.0
0.15,True,0.75,188.9,0.9854668232530828,6713,4,1.0,2.5,10.0
0.0,False,0.25,128.52499999999998,0.5046594982078854,1408,8,1.0,2.5,10.0
0.0,False,0.5,234.85000000000002,0.5046594982078854,1408,8,1.0,2.5,10.0
0.0,False,0.75,376.25,0.5046594982078854,1408,8,1.0,2.5,10.0
0.0,True,0.25,124.075,0.4953405017921147,1382,8,1.0,2.5,10.0
0.0,True,0.5,219.90000000000003,0.4953405017921147,1382,8,1.0,2.5,10.0
0.0,True,0.75,369.37500000000006,0.4953405017921147,1382,8,1.0,2.5,10.0
0.03,False,0.25,119.6,0.3006774361646691,1731,8,1.0,2.5,10.0
0.03,False,0.5,217.60000000000008,0.3006774361646691,1731,8,1.0,2.5,10.0
0.03,False,0.75,355.65000000000003,0.3006774361646691,1731,8,1.0,2.5,10.0
0.03,True,0.25,123.42499999999998,0.6993225638353309,4026,8,1.0,2.5,10.0
0.03,True,0.5,215.05,0.6993225638353309,4026,8,1.0,2.5,10.0
0.03,True,0.75,368.80000000000007,0.6993225638353309,4026,8,1.0,2.5,10.0
0.06,False,0.25,112.67499999999998,0.14987080103359174,928,8,1.0,2.5,10.0
0.06,False,0.5,189.59999999999997,0.14987080103359174,928,8,1.0,2.5,10.0
0.06,False,0.75,333.07500000000005,0.14987080103359174,928,8,1.0,2.5,10.0
0.06,True,0.25,113.875,0.8501291989664083,5264,8,1.0,2.5,10.0
0.06,True,0.5,194.5,0.8501291989664083,5264,8,1.0,2.5,10.0
0.06,True,0.75,325.20000000000005,0.8501291989664083,5264,8,1.0,2.5,10.0
0.09,False,0.25,94.8,0.06945681211041853,468,8,1.0,2.5,10.0
0.09,False,0.5,162.64999999999998,0.06945681211041853,468,8,1.0,2.5,10.0
0.09,False,0.75,254.85000000000005,0.06945681211041853,468,8,1.0,2.5,10.0
0.09,True,0.25,99.1,0.9305431878895815,6270,8,1.0,2.5,10.0
0.09,True,0.5,162.6,0.9305431878895815,6270,8,1.0,2.5,10.0
0.09,True,0.75,266.975,0.9305431878895815,6270,8,1.0,2.5,10.0
0.12,False,0.25,79.67500000000001,0.027905595962594627,188,8,1.0,2.5,10.0
0.12,False,0.5,121.54999999999998,0.027905595962594627,188,8,1.0,2.5,10.0
0.12,False,0.75,201.35000000000002,0.027905595962594627,188,8,1.0,2.5,10.0
0.12,True,0.25,86.9,0.9720944040374053,6549,8,1.0,2.5,10.0
0.12,True,0.5,137.79999999999998,0.9720944040374053,6549,8,1.0,2.5,10.0
0.12,True,0.75,220.90000000000003,0.9720944040374053,6549,8,1.0,2.5,10.0
0.15,False,0.25,63.1,0.014235397710595833,97,8,1.0,2.5,10.0
0.15,False,0.5,99.1,0.014235397710595833,97,8,1.0,2.5,10.0
0.15,False,0.75,158.5,0.014235397710595833,97,8,1.0,2.5,10.0
0.15,True,0.25,80.3,0.9857646022894042,6717,8,1.0,2.5,10.0
0.15,True,0.5,120.89999999999998,0.9857646022894042,6717,8,1.0,2.5,10.0
0.15,True,0.75,185.29999999999998,0.9857646022894042,6717,8,1.0,2.5,10.0
0.0,False,0.25,129.14999999999998,0.5021536252692032,1399,26,1.0,2.5,10.0
0.0,False,0.5,224.30000000000004,0.5021536252692032,1399,26,1.0,2.5,10.0
0.0,False,0.75,380.75,0.5021536252692032,1399,26,1.0,2.5,10.0
0.0,True,0.25,122.54999999999998,0.49784637473079685,1387,26,1.0,2.5,10.0
0.0,True,0.5,223.30000000000007,0.49784637473079685,1387,26,1.0,2.5,10.0
0.0,True,0.75,375.95000000000005,0.49784637473079685,1387,26,1.0,2.5,10.0
0.03,False,0.25,119.49999999999999,0.2984210526315789,1701,26,1.0,2.5,10.0
0.03,False,0.5,219.80000000000004,0.2984210526315789,1701,26,1.0,2.5,10.0
0.03,False,0.75,360.90000000000003,0.2984210526315789,1701,26,1.0,2.5,10.0
0.03,True,0.25,123.75,0.7015789473684211,3999,26,1.0,2.5,10.0
0.03,True,0.5,217.80000000000004,0.7015789473684211,3999,26,1.0,2.5,10.0
0.03,True,0.75,358.20000000000005,0.7015789473684211,3999,26,1.0,2.5,10.0
0.06,False,0.25,109.27499999999999,0.14792037546528564,914,26,1.0,2.5,10.0
0.06,False,0.5,192.15,0.14792037546528564,914,26,1.0,2.5,10.0
0.06,False,0.75,337.87500000000006,0.14792037546528564,914,26,1.0,2.5,10.0
0.06,True,0.25,111.3,0.8520796245347143,5265,26,1.0,2.5,10.0
0.06,True,0.5,193.8,0.8520796245347143,5265,26,1.0,2.5,10.0
0.06,True,0.75,325.3,0.8520796245347143,5265,26,1.0,2.5,10.0
0.09,False,0.25,95.95,0.069236471460341,467,26,1.0,2.5,10.0
0.09,False,0.5,157.70000000000002,0.069236471460341,467,26,1.0,2.5,10.0
0.09,False,0.75,259.20000000000005,0.069236471460341,467,26,1.0,2.5,10.0
0.09,True,0.25,102.00000000000001,0.930763528539659,6278,26,1.0,2.5,10.0
0.09,True,0.5,168.8,0.930763528539659,6278,26,1.0,2.5,10.0
0.09,True,0.75,275.1,0.930763528539659,6278,26,1.0,2.5,10.0
0.12,False,0.25,87.49999999999999,0.029024137420405747,196,26,1.0,2.5,10.0
0.12,False,0.5,136.8,0.029024137420405747,196,26,1.0,2.5,10.0
0.12,False,0.75,226.20000000000007,0.029024137420405747,196,26,1.0,2.5,10.0
0.12,True,0.25,87.7,0.9709758625795942,6557,26,1.0,2.5,10.0
0.12,True,0.5,139.7,0.9709758625795942,6557,26,1.0,2.5,10.0
0.12,True,0.75,222.20000000000005,0.9709758625795942,6557,26,1.0,2.5,10.0
0.15,False,0.25,74.47499999999998,0.013495672583247763,92,26,1.0,2.5,10.0
0.15,False,0.5,104.9,0.013495672583247763,92,26,1.0,2.5,10.0
0.15,False,0.75,174.525,0.013495672583247763,92,26,1.0,2.5,10.0
0.15,True,0.25,78.39999999999999,0.9865043274167522,6725,26,1.0,2.5,10.0
0.15,True,0.5,119.49999999999999,0.9865043274167522,6725,26,1.0,2.5,10.0
0.15,True,0.75,183.2,0.9865043274167522,6725,26,1.0,2.5,10.0
0.0,False,0.25,120.74999999999999,0.5037620924399857,1406,33,1.0,2.5,10.0
0.0,False,0.5,212.25,0.5037620924399857,1406,33,1.0,2.5,10.0
0.0,False,0.75,370.8,0.5037620924399857,1406,33,1.0,2.5,10.0
0.0,True,0.25,124.3,0.49623790756001435,1385,33,1.0,2.5,10.0
0.0,True,0.5,225.80000000000007,0.49623790756001435,1385,33,1.0,2.5,10.0
0.0,True,0.75,381.70000000000005,0.49623790756001435,1385,33,1.0,2.5,10.0
0.03,False,0.25,122.35,0.29663554694380834,1684,33,1.0,2.5,10.0
0.03,False,0.5,210.3,0.29663554694380834,1684,33,1.0,2.5,10.0
0.03,False,0.75,371.27500000000003,0.29663554694380834,1684,33,1.0,2.5,10.0
0.03,True,0.25,128.20000000000002,0.7033644530561917,3993,33,1.0,2.5,10.0
0.03,True,0.5,221.40000000000003,0.7033644530561917,3993,33,1.0,2.5,10.0
0.03,True,0.75,371.5,0.7033644530561917,3993,33,1.0,2.5,10.0
0.06,False,0.25,114.6,0.15101974749109745,933,33,1.0,2.5,10.0
0.06,False,0.5,196.6,0.15101974749109745,933,33,1.0,2.5,10.0
0.06,False,0.75,332.20000000000005,0.15101974749109745,933,33,1.0,2.5,10.0
0.06,True,0.25,113.39999999999999,0.8489802525089025,5245,33,1.0,2.5,10.0
0.06,True,0.5,195.3,0.8489802525089025,5245,33,1.0,2.5,10.0
0.06,True,0.75,323.6,0.8489802525089025,5245,33,1.0,2.5,10.0
0.09,False,0.25,96.05000000000001,0.06992280285035629,471,33,1.0,2.5,10.0
0.09,False,0.5,161.39999999999998,0.06992280285035629,471,33,1.0,2.5,10.0
0.09,False,0.75,263.45000000000005,0.06992280285035629,471,33,1.0,2.5,10.0
0.09,True,0.25,100.4,0.9300771971496437,6265,33,1.0,2.5,10.0
0.09,True,0.5,165.9,0.9300771971496437,6265,33,1.0,2.5,10.0
0.09,True,0.75,278.0,0.9300771971496437,6265,33,1.0,2.5,10.0
0.12,False,0.25,81.30000000000001,0.03544416431855257,239,33,1.0,2.5,10.0
0.12,False,0.5,122.09999999999998,0.03544416431855257,239,33,1.0,2.5,10.0
0.12,False,0.75,202.5,0.03544416431855257,239,33,1.0,2.5,10.0
0.12,True,0.25,89.30000000000001,0.9645558356814474,6504,33,1.0,2.5,10.0
0.12,True,0.5,141.84999999999997,0.9645558356814474,6504,33,1.0,2.5,10.0
0.12,True,0.75,223.10000000000002,0.9645558356814474,6504,33,1.0,2.5,10.0
0.15,False,0.25,66.5,0.015705269338030237,107,33,1.0,2.5,10.0
0.15,False,0.5,101.0,0.015705269338030237,107,33,1.0,2.5,10.0
0.15,False,0.75,139.5,0.015705269338030237,107,33,1.0,2.5,10.0
0.15,True,0.25,79.0,0.9842947306619698,6706,33,1.0,2.5,10.0
0.15,True,0.5,120.44999999999999,0.9842947306619698,6706,33,1.0,2.5,10.0
0.15,True,0.75,185.875,0.9842947306619698,6706,33,1.0,2.5,10.0
0.0,False,0.25,126.275,0.5082912761355444,1410,41,1.0,2.5,10.0
0.0,False,0.5,224.20000000000005,0.5082912761355444,1410,41,1.0,2.5,10.0
0.0,False,0.75,371.70000000000005,0.5082912761355444,1410,41,1.0,2.5,10.0
0.0,True,0.25,126.85,0.49170872386445563,1364,41,1.0,2.5,10.0
0.0,True,0.5,219.25000000000003,0.49170872386445563,1364,41,1.0,2.5,10.0
0.0,True,0.75,366.32500000000005,0.49170872386445563,1364,41,1.0,2.5,10.0
0.03,False,0.25,122.89999999999998,0.2918492550394391,1665,41,1.0,2.5,10.0
0.03,False,0.5,216.60000000000005,0.2918492550394391,1665,41,1.0,2.5,10.0
0.03,False,0.75,353.6,0.2918492550394391,1665,41,1.0,2.5,10.0
0.03,True,0.25,122.2,0.708150744960561,4040,41,1.0,2.5,10.0
0.03,True,0.5,218.60000000000005,0.708150744960561,4040,41,1.0,2.5,10.0
0.03,True,0.75,367.2250000000001,0.708150744960561,4040,41,1.0,2.5,10.0
0.06,False,0.25,109.35,0.15221267628464905,939,41,1.0,2.5,10.0
0.06,False,0.5,181.7,0.15221267628464905,939,41,1.0,2.5,10.0
0.06,False,0.75,310.20000000000005,0.15221267628464905,939,41,1.0,2.5,10.0
0.06,True,0.25,110.925,0.8477873237153509,5230,41,1.0,2.5,10.0
0.06,True,0.5,192.4,0.8477873237153509,5230,41,1.0,2.5,10.0
0.06,True,0.75,323.52500000000003,0.8477873237153509,5230,41,1.0,2.5,10.0
0.09,False,0.25,89.5,0.06872598285545374,465,41,1.0,2.5,10.0
0.09,False,0.5,151.29999999999998,0.06872598285545374,465,41,1.0,2.5,10.0
0.09,False,0.75,255.60000000000005,0.06872598285545374,465,41,1.0,2.5,10.0
0.09,True,0.25,100.69999999999999,0.9312740171445463,6301,41,1.0,2.5,10.0
0.09,True,0.5,164.3,0.9312740171445463,6301,41,1.0,2.5,10.0
0.09,True,0.75,267.5,0.9312740171445463,6301,41,1.0,2.5,10.0
0.12,False,0.25,83.9,0.02921115065243179,197,41,1.0,2.5,10.0
0.12,False,0.5,129.39999999999998,0.02921115065243179,197,41,1.0,2.5,10.0
0.12,False,0.75,203.80000000000004,0.02921115065243179,197,41,1.0,2.5,10.0
0.12,True,0.25,89.8,0.9707888493475683,6547,41,1.0,2.5,10.0
0.12,True,0.5,139.6,0.9707888493475683,6547,41,1.0,2.5,10.0
0.12,True,0.75,224.55000000000007,0.9707888493475683,6547,41,1.0,2.5,10.0
0.15,False,0.25,75.0,0.014231220657276996,97,41,1.0,2.5,10.0
0.15,False,0.5,101.4,0.014231220657276996,97,41,1.0,2.5,10.0
0.15,False,0.75,132.7,0.014231220657276996,97,41,1.0,2.5,10.0
0.15,True,0.25,79.2,0.985768779342723,6719,41,1.0,2.5,10.0
0.15,True,0.5,120.2,0.985768779342723,6719,41,1.0,2.5,10.0
0.15,True,0.75,185.39999999999998,0.985768779342723,6719,41,1.0,2.5,10.0
0.0,False,0.25,122.69999999999999,0.4940796555435953,1377,52,1.0,2.5,10.0
0.0,False,0.5,207.40000000000003,0.4940796555435953,1377,52,1.0,2.5,10.0
0.0,False,0.75,374.5,0.4940796555435953,1377,52,1.0,2.5,10.0
0.0,True,0.25,122.32499999999999,0.5059203444564048,1410,52,1.0,2.5,10.0
0.0,True,0.5,216.90000000000003,0.5059203444564048,1410,52,1.0,2.5,10.0
0.0,True,0.75,376.74999999999994,0.5059203444564048,1410,52,1.0,2.5,10.0
0.03,False,0.25,121.69999999999999,0.29152838427947597,1669,52,1.0,2.5,10.0
0.03,False,0.5,212.90000000000003,0.29152838427947597,1669,52,1.0,2.5,10.0
0.03,False,0.75,348.6,0.29152838427947597,1669,52,1.0,2.5,10.0
0.03,True,0.25,124.575,0.708471615720524,4056,52,1.0,2.5,10.0
0.03,True,0.5,221.50000000000003,0.708471615720524,4056,52,1.0,2.5,10.0
0.03,True,0.75,377.42500000000007,0.708471615720524,4056,52,1.0,2.5,10.0
0.06,False,0.25,105.89999999999999,0.15502996922080026,957,52,1.0,2.5,10.0
0.06,False,0.5,187.79999999999998,0.15502996922080026,957,52,1.0,2.5,10.0
0.06,False,0.75,302.7000000000001,0.15502996922080026,957,52,1.0,2.5,10.0
0.06,True,0.25,114.975,0.8449700307791997,5216,52,1.0,2.5,10.0
0.06,True,0.5,194.80000000000004,0.8449700307791997,5216,52,1.0,2.5,10.0
0.06,True,0.75,328.8,0.8449700307791997,5216,52,1.0,2.5,10.0
0.09,False,0.25,98.225,0.07399702823179792,498,52,1.0,2.5,10.0
0.09,False,0.5,154.85,0.07399702823179792,498,52,1.0,2.5,10.0
0.09,False,0.75,270.25000000000006,0.07399702823179792,498,52,1.0,2.5,10.0
0.09,True,0.25,99.29999999999998,0.9260029717682021,6232,52,1.0,2.5,10.0
0.09,True,0.5,163.89999999999998,0.9260029717682021,6232,52,1.0,2.5,10.0
0.09,True,0.75,273.30000000000007,0.9260029717682021,6232,52,1.0,2.5,10.0
0.12,False,0.25,85.7,0.029768957345971563,201,52,1.0,2.5,10.0
0.12,False,0.5,129.99999999999997,0.029768957345971563,201,52,1.0,2.5,10.0
0.12,False,0.75,211.70000000000005,0.029768957345971563,201,52,1.0,2.5,10.0
0.12,True,0.25,90.19999999999999,0.9702310426540285,6551,52,1.0,2.5,10.0
0.12,True,0.5,141.6,0.9702310426540285,6551,52,1.0,2.5,10.0
0.12,True,0.75,222.70000000000005,0.9702310426540285,6551,52,1.0,2.5,10.0
0.15,False,0.25,76.12499999999999,0.015553925165077037,106,52,1.0,2.5,10.0
0.15,False,0.5,113.5,0.015553925165077037,106,52,1.0,2.5,10.0
0.15,False,0.75,179.15,0.015553925165077037,106,52,1.0,2.5,10.0
0.15,True,0.25,78.89999999999999,0.984446074834923,6709,52,1.0,2.5,10.0
0.15,True,0.5,121.3,0.984446074834923,6709,52,1.0,2.5,10.0
0.15,True,0.75,184.5,0.984446074834923,6709,52,1.0,2.5,10.0
0.0,False,0.25,121.39999999999999,0.49261261261261263,1367,56,1.0,2.5,10.0
0.0,False,0.5,222.4,0.49261261261261263,1367,56,1.0,2.5,10.0
0.0,False,0.75,381.70000000000005,0.49261261261261263,1367,56,1.0,2.5,10.0
0.0,True,0.25,127.225,0.5073873873873874,1408,56,1.0,2.5,10.0
0.0,True,0.5,221.55000000000007,0.5073873873873874,1408,56,1.0,2.5,10.0
0.0,True,0.75,386.675,0.5073873873873874,1408,56,1.0,2.5,10.0
0.03,False,0.25,122.37499999999999,0.2908199018920813,1660,56,1.0,2.5,10.0
0.03,False,0.5,218.90000000000003,0.2908199018920813,1660,56,1.0,2.5,10.0
0.03,False,0.75,373.925,0.2908199018920813,1660,56,1.0,2.5,10.0
0.03,True,0.25,122.64999999999999,0.7091800981079187,4048,56,1.0,2.5,10.0
0.03,True,0.5,221.00000000000003,0.7091800981079187,4048,56,1.0,2.5,10.0
0.03,True,0.75,366.725,0.7091800981079187,4048,56,1.0,2.5,10.0
0.06,False,0.25,112.39999999999999,0.15187217559715946,941,56,1.0,2.5,10.0
0.06,False,0.5,187.0,0.15187217559715946,941,56,1.0,2.5,10.0
0.06,False,0.75,310.80000000000007,0.15187217559715946,941,56,1.0,2.5,10.0
0.06,True,0.25,111.64999999999999,0.8481278244028405,5255,56,1.0,2.5,10.0
0.06,True,0.5,192.2,0.8481278244028405,5255,56,1.0,2.5,10.0
0.06,True,0.75,325.90000000000003,0.8481278244028405,5255,56,1.0,2.5,10.0
0.09,False,0.25,88.7,0.06754750593824228,455,56,1.0,2.5,10.0
0.09,False,0.5,149.5,0.06754750593824228,455,56,1.0,2.5,10.0
0.09,False,0.75,223.35000000000005,0.06754750593824228,455,56,1.0,2.5,10.0
0.09,True,0.25,98.49999999999999,0.9324524940617577,6281,56,1.0,2.5,10.0
0.09,True,0.5,166.7,0.9324524940617577,6281,56,1.0,2.5,10.0
0.09,True,0.75,269.6,0.9324524940617577,6281,56,1.0,2.5,10.0
0.12,False,0.25,77.975,0.029071492138831208,196,56,1.0,2.5,10.0
0.12,False,0.5,114.9,0.029071492138831208,196,56,1.0,2.5,10.0
0.12,False,0.75,183.625,0.029071492138831208,196,56,1.0,2.5,10.0
0.12,True,0.25,88.79999999999998,0.9709285078611688,6546,56,1.0,2.5,10.0
0.12,True,0.5,138.79999999999998,0.9709285078611688,6546,56,1.0,2.5,10.0
0.12,True,0.75,221.55,0.9709285078611688,6546,56,1.0,2.5,10.0
0.15,False,0.25,74.04999999999998,0.014522517236320961,99,56,1.0,2.5,10.0
0.15,False,0.5,110.6,0.014522517236320961,99,56,1.0,2.5,10.0
0.15,False,0.75,157.20000000000002,0.014522517236320961,99,56,1.0,2.5,10.0
0.15,True,0.25,78.2,0.9854774827636791,6718,56,1.0,2.5,10.0
0.15,True,0.5,118.35,0.9854774827636791,6718,56,1.0,2.5,10.0
0.15,True,0.75,183.37499999999997,0.9854774827636791,6718,56,1.0,2.5,10.0
0.0,False,0.25,123.8,0.5,1397,57,1.0,2.5,10.0
0.0,False,0.5,228.80000000000004,0.5,1397,57,1.0,2.5,10.0
0.0,False,0.75,380.79999999999995,0.5,1397,57,1.0,2.5,10.0
0.0,True,0.25,123.2,0.5,1397,57,1.0,2.5,10.0
0.0,True,0.5,221.00000000000003,0.5,1397,57,1.0,2.5,10.0
0.0,True,0.75,368.3,0.5,1397,57,1.0,2.5,10.0
0.03,False,0.25,120.49999999999999,0.3022446493822864,1737,57,1.0,2.5,10.0
0.03,False,0.5,208.8,0.3022446493822864,1737,57,1.0,2.5,10.0
0.03,False,0.75,357.00000000000006,0.3022446493822864,1737,57,1.0,2.5,10.0
0.03,True,0.25,120.8,0.6977553506177135,4010,57,1.0,2.5,10.0
0.03,True,0.5,213.90000000000003,0.6977553506177135,4010,57,1.0,2.5,10.0
0.03,True,0.75,373.04999999999995,0.6977553506177135,4010,57,1.0,2.5,10.0
0.06,False,0.25,113.29999999999998,0.15242419328684936,940,57,1.0,2.5,10.0
0.06,False,0.5,198.2,0.15242419328684936,940,57,1.0,2.5,10.0
0.06,False,0.75,322.62500000000006,0.15242419328684936,940,57,1.0,2.5,10.0
0.06,True,0.25,109.10000000000001,0.8475758067131507,5227,57,1.0,2.5,10.0
0.06,True,0.5,185.20000000000002,0.8475758067131507,5227,57,1.0,2.5,10.0
0.06,True,0.75,319.65000000000003,0.8475758067131507,5227,57,1.0,2.5,10.0
0.09,False,0.25,105.2,0.0681582456660246,460,57,1.0,2.5,10.0
0.09,False,0.5,156.3,0.0681582456660246,460,57,1.0,2.5,10.0
0.09,False,0.75,247.80000000000004,0.0681582456660246,460,57,1.0,2.5,10.0
0.09,True,0.25,98.6,0.9318417543339754,6289,57,1.0,2.5,10.0
0.09,True,0.5,164.2,0.9318417543339754,6289,57,1.0,2.5,10.0
0.09,True,0.75,274.20000000000005,0.9318417543339754,6289,57,1.0,2.5,10.0
0.12,False,0.25,85.475,0.03238265002970885,218,57,1.0,2.5,10.0
0.12,False,0.5,128.75,0.03238265002970885,218,57,1.0,2.5,10.0
0.12,False,0.75,244.92500000000004,0.03238265002970885,218,57,1.0,2.5,10.0
0.12,True,0.25,87.7,0.9676173499702911,6514,57,1.0,2.5,10.0
0.12,True,0.5,140.2,0.9676173499702911,6514,57,1.0,2.5,10.0
0.12,True,0.75,225.10000000000002,0.9676173499702911,6514,57,1.0,2.5,10.0
0.15,False,0.25,72.75,0.013208100968594072,90,57,1.0,2.5,10.0
0.15,False,0.5,106.69999999999999,0.013208100968594072,90,57,1.0,2.5,10.0
0.15,False,0.75,146.2,0.013208100968594072,90,57,1.0,2.5,10.0
0.15,True,0.25,78.3,0.986791899031406,6724,57,1.0,2.5,10.0
0.15,True,0.5,117.84999999999998,0.986791899031406,6724,57,1.0,2.5,10.0
0.15,True,0.75,181.025,0.986791899031406,6724,57,1.0,2.5,10.0
0.0,False,0.25,128.79999999999998,0.4947935368043088,1378,59,1.0,2.5,10.0
0.0,False,0.5,231.55000000000004,0.4947935368043088,1378,59,1.0,2.5,10.0
0.0,False,0.75,385.875,0.4947935368043088,1378,59,1.0,2.5,10.0
0.0,True,0.25,121.25,0.5052064631956912,1407,59,1.0,2.5,10.0
0.0,True,0.5,224.10000000000005,0.5052064631956912,1407,59,1.0,2.5,10.0
0.0,True,0.75,379.85,0.5052064631956912,1407,59,1.0,2.5,10.0
0.03,False,0.25,119.79999999999998,0.30404217926186294,1730,59,1.0,2.5,10.0
0.03,False,0.5,216.15000000000003,0.30404217926186294,1730,59,1.0,2.5,10.0
0.03,False,0.75,366.20000000000005,0.30404217926186294,1730,59,1.0,2.5,10.0
0.03,True,0.25,120.09999999999998,0.6959578207381371,3960,59,1.0,2.5,10.0
0.03,True,0.5,216.50000000000006,0.6959578207381371,3960,59,1.0,2.5,10.0
0.03,True,0.75,361.675,0.6959578207381371,3960,59,1.0,2.5,10.0
0.06,False,0.25,109.6,0.14835164835164835,918,59,1.0,2.5,10.0
0.06,False,0.5,190.55,0.14835164835164835,918,59,1.0,2.5,10.0
0.06,False,0.75,313.95000000000005,0.14835164835164835,918,59,1.0,2.5,10.0
0.06,True,0.25,115.6,0.8516483516483516,5270,59,1.0,2.5,10.0
0.06,True,0.5,196.7,0.8516483516483516,5270,59,1.0,2.5,10.0
0.06,True,0.75,323.65000000000003,0.8516483516483516,5270,59,1.0,2.5,10.0
0.09,False,0.25,88.1,0.06746737841043891,455,59,1.0,2.5,10.0
0.09,False,0.5,156.6,0.06746737841043891,455,59,1.0,2.5,10.0
0.09,False,0.75,249.60000000000002,0.06746737841043891,455,59,1.0,2.5,10.0
0.09,True,0.25,100.2,0.9325326215895611,6289,59,1.0,2.5,10.0
0.09,True,0.5,166.9,0.9325326215895611,6289,59,1.0,2.5,10.0
0.09,True,0.75,277.80000000000007,0.9325326215895611,6289,59,1.0,2.5,10.0
0.12,False,0.25,84.79999999999998,0.03128706998813761,211,59,1.0,2.5,10.0
0.12,False,0.5,146.5,0.03128706998813761,211,59,1.0,2.5,10.0
0.12,False,0.75,233.65000000000003,0.03128706998813761,211,59,1.0,2.5,10.0
0.12,True,0.25,90.1,0.9687129300118624,6533,59,1.0,2.5,10.0
0.12,True,0.5,142.29999999999998,0.9687129300118624,6533,59,1.0,2.5,10.0
0.12,True,0.75,228.50000000000006,0.9687129300118624,6533,59,1.0,2.5,10.0
0.15,False,0.25,67.3,0.013059427732942039,89,59,1.0,2.5,10.0
0.15,False,0.5,101.1,0.013059427732942039,89,59,1.0,2.5,10.0
0.15,False,0.75,149.0,0.013059427732942039,89,59,1.0,2.5,10.0
0.15,True,0.25,78.825,0.986940572267058,6726,59,1.0,2.5,10.0
0.15,True,0.5,119.14999999999999,0.986940572267058,6726,59,1.0,2.5,10.0
0.15,True,0.75,186.275,0.986940572267058,6726,59,1.0,2.5,10.0
0.0,False,0.25,126.125,0.49395017793594304,1388,61,1.0,2.5,10.0
0.0,False,0.5,222.70000000000005,0.49395017793594304,1388,61,1.0,2.5,10.0
0.0,False,0.75,377.875,0.49395017793594304,1388,61,1.0,2.5,10.0
0.0,True,0.25,123.375,0.5060498220640569,1422,61,1.0,2.5,10.0
0.0,True,0.5,219.85000000000005,0.5060498220640569,1422,61,1.0,2.5,10.0
0.0,True,0.75,373.6,0.5060498220640569,1422,61,1.0,2.5,10.0
0.03,False,0.25,119.04999999999998,0.2958860759493671,1683,61,1.0,2.5,10.0
0.03,False,0.5,213.20000000000005,0.2958860759493671,1683,61,1.0,2.5,10.0
0.03,False,0.75,378.3,0.2958860759493671,1683,61,1.0,2.5,10.0
0.03,True,0.25,123.49999999999999,0.7041139240506329,4005,61,1.0,2.5,10.0
0.03,True,0.5,216.20000000000002,0.7041139240506329,4005,61,1.0,2.5,10.0
0.03,True,0.75,362.80000000000007,0.7041139240506329,4005,61,1.0,2.5,10.0
0.06,False,0.25,109.89999999999999,0.14419505893751008,893,61,1.0,2.5,10.0
0.06,False,0.5,187.39999999999998,0.14419505893751008,893,61,1.0,2.5,10.0
0.06,False,0.75,308.20000000000005,0.14419505893751008,893,61,1.0,2.5,10.0
0.06,True,0.25,110.875,0.8558049410624899,5300,61,1.0,2.5,10.0
0.06,True,0.5,193.10000000000002,0.8558049410624899,5300,61,1.0,2.5,10.0
0.06,True,0.75,320.82500000000005,0.8558049410624899,5300,61,1.0,2.5,10.0
0.09,False,0.25,94.95,0.0722230461219042,487,61,1.0,2.5,10.0
0.09,False,0.5,157.99999999999997,0.0722230461219042,487,61,1.0,2.5,10.0
0.09,False,0.75,258.05000000000007,0.0722230461219042,487,61,1.0,2.5,10.0
0.09,True,0.25,100.69999999999999,0.9277769538780958,6256,61,1.0,2.5,10.0
0.09,True,0.5,167.35,0.9277769538780958,6256,61,1.0,2.5,10.0
0.09,True,0.75,274.1000000000001,0.9277769538780958,6256,61,1.0,2.5,10.0
0.12,False,0.25,82.70000000000002,0.031861292234736216,215,61,1.0,2.5,10.0
0.12,False,0.5,131.1,0.031861292234736216,215,61,1.0,2.5,10.0
0.12,False,0.75,222.00000000000003,0.031861292234736216,215,61,1.0,2.5,10.0
0.12,True,0.25,88.5,0.9681387077652638,6533,61,1.0,2.5,10.0
0.12,True,0.5,141.09999999999997,0.9681387077652638,6533,61,1.0,2.5,10.0
0.12,True,0.75,226.60000000000005,0.9681387077652638,6533,61,1.0,2.5,10.0
0.15,False,0.25,69.10000000000001,0.01438004402054292,98,61,1.0,2.5,10.0
0.15,False,0.5,107.94999999999999,0.01438004402054292,98,61,1.0,2.5,10.0
0.15,False,0.75,204.35000000000002,0.01438004402054292,98,61,1.0,2.5,10.0
0.15,True,0.25,78.80000000000001,0.9856199559794571,6717,61,1.0,2.5,10.0
0.15,True,0.5,121.6,0.9856199559794571,6717,61,1.0,2.5,10.0
0.15,True,0.75,185.60000000000002,0.9856199559794571,6717,61,1.0,2.5,10.0
0.0,False,0.25,121.6,0.5298932384341637,1489,73,1.0,2.5,10.0
0.0,False,0.5,210.70000000000002,0.5298932384341637,1489,73,1.0,2.5,10.0
0.0,False,0.75,383.6000000000001,0.5298932384341637,1489,73,1.0,2.5,10.0
0.0,True,0.25,121.6,0.4701067615658363,1321,73,1.0,2.5,10.0
0.0,True,0.5,217.60000000000008,0.4701067615658363,1321,73,1.0,2.5,10.0
0.0,True,0.75,370.4000000000001,0.4701067615658363,1321,73,1.0,2.5,10.0
0.03,False,0.25,115.69999999999999,0.29726872246696034,1687,73,1.0,2.5,10.0
0.03,False,0.5,202.3,0.29726872246696034,1687,73,1.0,2.5,10.0
0.03,False,0.75,343.90000000000003,0.29726872246696034,1687,73,1.0,2.5,10.0
0.03,True,0.25,120.67499999999998,0.7027312775330397,3988,73,1.0,2.5,10.0
0.03,True,0.5,215.30000000000004,0.7027312775330397,3988,73,1.0,2.5,10.0
0.03,True,0.75,359.3500000000001,0.7027312775330397,3988,73,1.0,2.5,10.0
0.06,False,0.25,109.79999999999998,0.15510534846029173,957,73,1.0,2.5,10.0
0.06,False,0.5,189.60000000000002,0.15510534846029173,957,73,1.0,2.5,10.0
0.06,False,0.75,329.6,0.15510534846029173,957,73,1.0,2.5,10.0
0.06,True,0.25,115.49999999999997,0.8448946515397082,5213,73,1.0,2.5,10.0
0.06,True,0.5,195.60000000000002,0.8448946515397082,5213,73,1.0,2.5,10.0
0.06,True,0.75,322.1000000000001,0.8448946515397082,5213,73,1.0,2.5,10.0
0.09,False,0.25,97.52499999999999,0.07017024426350851,474,73,1.0,2.5,10.0
0.09,False,0.5,158.8,0.07017024426350851,474,73,1.0,2.5,10.0
0.09,False,0.75,268.25000000000006,0.07017024426350851,474,73,1.0,2.5,10.0
0.09,True,0.25,99.8,0.9298297557364915,6281,73,1.0,2.5,10.0
0.09,True,0.5,162.8,0.9298297557364915,6281,73,1.0,2.5,10.0
0.09,True,0.75,270.50000000000006,0.9298297557364915,6281,73,1.0,2.5,10.0
0.12,False,0.25,85.34999999999998,0.033214709371293,224,73,1.0,2.5,10.0
0.12,False,0.5,133.2,0.033214709371293,224,73,1.0,2.5,10.0
0.12,False,0.75,196.875,0.033214709371293,224,73,1.0,2.5,10.0
0.12,True,0.25,88.5,0.966785290628707,6520,73,1.0,2.5,10.0
0.12,True,0.5,139.7,0.966785290628707,6520,73,1.0,2.5,10.0
0.12,True,0.75,217.90000000000003,0.966785290628707,6520,73,1.0,2.5,10.0
0.15,False,0.25,63.5,0.013939838591342627,95,73,1.0,2.5,10.0
0.15,False,0.5,98.19999999999999,0.013939838591342627,95,73,1.0,2.5,10.0
0.15,False,0.75,165.35,0.013939838591342627,95,73,1.0,2.5,10.0
0.15,True,0.25,78.875,0.9860601614086574,6720,73,1.0,2.5,10.0
0.15,True,0.5,120.2,0.9860601614086574,6720,73,1.0,2.5,10.0
0.15,True,0.75,183.79999999999998,0.9860601614086574,6720,73,1.0,2.5,10.0
0.0,False,0.25,122.19999999999999,0.49375223134594787,1383,79,1.0,2.5,10.0
0.0,False,0.5,216.10000000000005,0.49375223134594787,1383,79,1.0,2.5,10.0
0.0,False,0.75,370.75,0.49375223134594787,1383,79,1.0,2.5,10.0
0.0,True,0.25,126.55,0.5062477686540521,1418,79,1.0,2.5,10.0
0.0,True,0.5,220.60000000000002,0.5062477686540521,1418,79,1.0,2.5,10.0
0.0,True,0.75,372.575,0.5062477686540521,1418,79,1.0,2.5,10.0
0.03,False,0.25,117.325,0.30156222573284186,1718,79,1.0,2.5,10.0
0.03,False,0.5,217.15000000000003,0.30156222573284186,1718,79,1.0,2.5,10.0
0.03,False,0.75,367.67500000000007,0.30156222573284186,1718,79,1.0,2.5,10.0
0.03,True,0.25,121.64999999999999,0.6984377742671581,3979,79,1.0,2.5,10.0
0.03,True,0.5,213.60000000000008,0.6984377742671581,3979,79,1.0,2.5,10.0
0.03,True,0.75,360.00000000000006,0.6984377742671581,3979,79,1.0,2.5,10.0
0.06,False,0.25,108.10000000000001,0.15229001456546368,941,79,1.0,2.5,10.0
0.06,False,0.5,188.6,0.15229001456546368,941,79,1.0,2.5,10.0
0.06,False,0.75,325.00000000000006,0.15229001456546368,941,79,1.0,2.5,10.0
0.06,True,0.25,112.99999999999999,0.8477099854345364,5238,79,1.0,2.5,10.0
0.06,True,0.5,190.25,0.8477099854345364,5238,79,1.0,2.5,10.0
0.06,True,0.75,325.3,0.8477099854345364,5238,79,1.0,2.5,10.0
0.09,False,0.25,96.025,0.06376983538484354,430,79,1.0,2.5,10.0
0.09,False,0.5,158.75,0.06376983538484354,430,79,1.0,2.5,10.0
0.09,False,0.75,264.6,0.06376983538484354,430,79,1.0,2.5,10.0
0.09,True,0.25,99.2,0.9362301646151565,6313,79,1.0,2.5,10.0
0.09,True,0.5,165.8,0.9362301646151565,6313,79,1.0,2.5,10.0
0.09,True,0.75,274.30000000000007,0.9362301646151565,6313,79,1.0,2.5,10.0
0.12,False,0.25,74.89999999999999,0.030689399555226093,207,79,1.0,2.5,10.0
0.12,False,0.5,121.6,0.030689399555226093,207,79,1.0,2.5,10.0
0.12,False,0.75,213.20000000000005,0.030689399555226093,207,79,1.0,2.5,10.0
0.12,True,0.25,88.9,0.9693106004447739,6538,79,1.0,2.5,10.0
0.12,True,0.5,139.4,0.9693106004447739,6538,79,1.0,2.5,10.0
0.12,True,0.75,220.07500000000005,0.9693106004447739,6538,79,1.0,2.5,10.0
0.15,False,0.25,67.0,0.013354857646022894,91,79,1.0,2.5,10.0
0.15,False,0.5,99.1,0.013354857646022894,91,79,1.0,2.5,10.0
0.15,False,0.75,146.6,0.013354857646022894,91,79,1.0,2.5,10.0
0.15,True,0.25,77.75,0.9866451423539772,6723,79,1.0,2.5,10.0
0.15,True,0.5,118.29999999999998,0.9866451423539772,6723,79,1.0,2.5,10.0
0.15,True,0.75,184.2,0.9866451423539772,6723,79,1.0,2.5,10.0
0.0,False,0.25,119.2,0.49446230796713114,1384,80,1.0,2.5,10.0
0.0,False,0.5,217.10000000000002,0.49446230796713114,1384,80,1.0,2.5,10.0
0.0,False,0.75,373.6,0.49446230796713114,1384,80,1.0,2.5,10.0
0.0,True,0.25,120.0,0.5055376920328689,1415,80,1.0,2.5,10.0
0.0,True,0.5,222.80000000000004,0.5055376920328689,1415,80,1.0,2.5,10.0
0.0,True,0.75,358.30000000000007,0.5055376920328689,1415,80,1.0,2.5,10.0
0.03,False,0.25,120.14999999999999,0.3063361843253622,1755,80,1.0,2.5,10.0
0.03,False,0.5,206.00000000000003,0.3063361843253622,1755,80,1.0,2.5,10.0
0.03,False,0.75,341.40000000000003,0.3063361843253622,1755,80,1.0,2.5,10.0
0.03,True,0.25,125.62499999999999,0.6936638156746379,3974,80,1.0,2.5,10.0
0.03,True,0.5,218.95000000000005,0.6936638156746379,3974,80,1.0,2.5,10.0
0.03,True,0.75,360.15000000000003,0.6936638156746379,3974,80,1.0,2.5,10.0
0.06,False,0.25,98.1,0.14315721441266763,886,80,1.0,2.5,10.0
0.06,False,0.5,168.3,0.14315721441266763,886,80,1.0,2.5,10.0
0.06,False,0.75,294.67500000000007,0.14315721441266763,886,80,1.0,2.5,10.0
0.06,True,0.25,109.55,0.8568427855873324,5303,80,1.0,2.5,10.0
0.06,True,0.5,192.7,0.8568427855873324,5303,80,1.0,2.5,10.0
0.06,True,0.75,326.3,0.8568427855873324,5303,80,1.0,2.5,10.0
0.09,False,0.25,88.54999999999998,0.0727299659309732,491,80,1.0,2.5,10.0
0.09,False,0.5,152.29999999999998,0.0727299659309732,491,80,1.0,2.5,10.0
0.09,False,0.75,256.50000000000006,0.0727299659309732,491,80,1.0,2.5,10.0
0.09,True,0.25,98.475,0.9272700340690269,6260,80,1.0,2.5,10.0
0.09,True,0.5,165.2,0.9272700340690269,6260,80,1.0,2.5,10.0
0.09,True,0.75,266.75000000000006,0.9272700340690269,6260,80,1.0,2.5,10.0
0.12,False,0.25,82.4,0.031607063362516695,213,80,1.0,2.5,10.0
0.12,False,0.5,124.69999999999999,0.031607063362516695,213,80,1.0,2.5,10.0
0.12,False,0.75,187.0,0.031607063362516695,213,80,1.0,2.5,10.0
0.12,True,0.25,88.39999999999999,0.9683929366374833,6526,80,1.0,2.5,10.0
0.12,True,0.5,140.04999999999998,0.9683929366374833,6526,80,1.0,2.5,10.0
0.12,True,0.75,221.50000000000003,0.9683929366374833,6526,80,1.0,2.5,10.0
0.15,False,0.25,65.425,0.015273902188280217,104,80,1.0,2.5,10.0
0.15,False,0.5,101.35,0.015273902188280217,104,80,1.0,2.5,10.0
0.15,False,0.75,157.25,0.015273902188280217,104,80,1.0,2.5,10.0
0.15,True,0.25,78.39999999999999,0.9847260978117198,6705,80,1.0,2.5,10.0
0.15,True,0.5,119.6,0.9847260978117198,6705,80,1.0,2.5,10.0
0.15,True,0.75,183.2,0.9847260978117198,6705,80,1.0,2.5,10.0
0.0,False,0.25,124.375,0.49693914296002883,1380,81,1.0,2.5,10.0
0.0,False,0.5,218.20000000000005,0.49693914296002883,1380,81,1.0,2.5,10.0
0.0,False,0.75,362.75000000000006,0.49693914296002883,1380,81,1.0,2.5,10.0
0.0,True,0.25,125.6,0.5030608570399712,1397,81,1.0,2.5,10.0
0.0,True,0.5,222.50000000000006,0.5030608570399712,1397,81,1.0,2.5,10.0
0.0,True,0.75,375.90000000000003,0.5030608570399712,1397,81,1.0,2.5,10.0
0.03,False,0.25,116.94999999999999,0.2905429071803853,1659,81,1.0,2.5,10.0
0.03,False,0.5,211.10000000000002,0.2905429071803853,1659,81,1.0,2.5,10.0
0.03,False,0.75,350.6,0.2905429071803853,1659,81,1.0,2.5,10.0
0.03,True,0.25,122.04999999999998,0.7094570928196147,4051,81,1.0,2.5,10.0
0.03,True,0.5,211.70000000000005,0.7094570928196147,4051,81,1.0,2.5,10.0
0.03,True,0.75,369.2000000000001,0.7094570928196147,4051,81,1.0,2.5,10.0
0.06,False,0.25,111.82499999999999,0.1579967689822294,978,81,1.0,2.5,10.0
0.06,False,0.5,186.0,0.1579967689822294,978,81,1.0,2.5,10.0
0.06,False,0.75,310.7750000000001,0.1579967689822294,978,81,1.0,2.5,10.0
0.06,True,0.25,113.10000000000001,0.8420032310177706,5212,81,1.0,2.5,10.0
0.06,True,0.5,189.75,0.8420032310177706,5212,81,1.0,2.5,10.0
0.06,True,0.75,315.3,0.8420032310177706,5212,81,1.0,2.5,10.0
0.09,False,0.25,94.9,0.07462244595795084,504,81,1.0,2.5,10.0
0.09,False,0.5,154.64999999999998,0.07462244595795084,504,81,1.0,2.5,10.0
0.09,False,0.75,275.82500000000005,0.07462244595795084,504,81,1.0,2.5,10.0
0.09,True,0.25,102.2,0.9253775540420491,6250,81,1.0,2.5,10.0
0.09,True,0.5,168.14999999999998,0.9253775540420491,6250,81,1.0,2.5,10.0
0.09,True,0.75,275.975,0.9253775540420491,6250,81,1.0,2.5,10.0
0.12,False,0.25,82.4,0.03323442136498516,224,81,1.0,2.5,10.0
0.12,False,0.5,125.54999999999998,0.03323442136498516,224,81,1.0,2.5,10.0
0.12,False,0.75,208.40000000000003,0.03323442136498516,224,81,1.0,2.5,10.0
0.12,True,0.25,88.1,0.9667655786350149,6516,81,1.0,2.5,10.0
0.12,True,0.5,141.35,0.9667655786350149,6516,81,1.0,2.5,10.0
0.12,True,0.75,228.80000000000004,0.9667655786350149,6516,81,1.0,2.5,10.0
0.15,False,0.25,74.475,0.01760821716801174,120,81,1.0,2.5,10.0
0.15,False,0.5,109.35,0.01760821716801174,120,81,1.0,2.5,10.0
0.15,False,0.75,187.55,0.01760821716801174,120,81,1.0,2.5,10.0
0.15,True,0.25,78.94999999999999,0.9823917828319882,6695,81,1.0,2.5,10.0
0.15,True,0.5,119.79999999999998,0.9823917828319882,6695,81,1.0,2.5,10.0
0.15,True,0.75,183.60000000000002,0.9823917828319882,6695,81,1.0,2.5,10.0
0.0,False,0.25,128.075,0.4949784791965567,1380,97,1.0,2.5,10.0
0.0,False,0.5,228.20000000000005,0.4949784791965567,1380,97,1.0,2.5,10.0
0.0,False,0.75,365.7250000000001,0.4949784791965567,1380,97,1.0,2.5,10.0
0.0,True,0.25,131.6,0.5050215208034433,1408,97,1.0,2.5,10.0
0.0,True,0.5,229.40000000000003,0.5050215208034433,1408,97,1.0,2.5,10.0
0.0,True,0.75,391.225,0.5050215208034433,1408,97,1.0,2.5,10.0
0.03,False,0.25,108.57499999999999,0.28896274269721883,1652,97,1.0,2.5,10.0
0.03,False,0.5,197.89999999999998,0.28896274269721883,1652,97,1.0,2.5,10.0
0.03,False,0.75,339.925,0.28896274269721883,1652,97,1.0,2.5,10.0
0.03,True,0.25,120.8,0.7110372573027812,4065,97,1.0,2.5,10.0
0.03,True,0.5,217.10000000000002,0.7110372573027812,4065,97,1.0,2.5,10.0
0.03,True,0.75,368.6,0.7110372573027812,4065,97,1.0,2.5,10.0
0.06,False,0.25,109.225,0.14237178450088983,880,97,1.0,2.5,10.0
0.06,False,0.5,186.15,0.14237178450088983,880,97,1.0,2.5,10.0
0.06,False,0.75,313.82500000000005,0.14237178450088983,880,97,1.0,2.5,10.0
0.06,True,0.25,111.10000000000001,0.8576282154991102,5301,97,1.0,2.5,10.0
0.06,True,0.5,198.1,0.8576282154991102,5301,97,1.0,2.5,10.0
0.06,True,0.75,329.6,0.8576282154991102,5301,97,1.0,2.5,10.0
0.09,False,0.25,99.975,0.06434395848776872,434,97,1.0,2.5,10.0
0.09,False,0.5,163.55,0.06434395848776872,434,97,1.0,2.5,10.0
0.09,False,0.75,269.35,0.06434395848776872,434,97,1.0,2.5,10.0
0.09,True,0.25,98.94999999999999,0.9356560415122313,6311,97,1.0,2.5,10.0
0.09,True,0.5,166.5,0.9356560415122313,6311,97,1.0,2.5,10.0
0.09,True,0.75,271.95000000000005,0.9356560415122313,6311,97,1.0,2.5,10.0
0.12,False,0.25,79.1,0.030532088335556543,206,97,1.0,2.5,10.0
0.12,False,0.5,121.55,0.030532088335556543,206,97,1.0,2.5,10.0
0.12,False,0.75,215.05000000000004,0.030532088335556543,206,97,1.0,2.5,10.0
0.12,True,0.25,87.3,0.9694679116644435,6541,97,1.0,2.5,10.0
0.12,True,0.5,139.7,0.9694679116644435,6541,97,1.0,2.5,10.0
0.12,True,0.75,217.40000000000003,0.9694679116644435,6541,97,1.0,2.5,10.0
0.15,False,0.25,63.99999999999999,0.013358778625954198,91,97,1.0,2.5,10.0
0.15,False,0.5,110.10000000000001,0.013358778625954198,91,97,1.0,2.5,10.0
0.15,False,0.75,201.7,0.013358778625954198,91,97,1.0,2.5,10.0
0.15,True,0.25,78.89999999999999,0.9866412213740458,6721,97,1.0,2.5,10.0
0.15,True,0.5,118.79999999999998,0.9866412213740458,6721,97,1.0,2.5,10.0
0.15,True,0.75,185.10000000000002,0.9866412213740458,6721,97,1.0,2.5,10.0
0.0,False,0.25,124.89999999999998,0.5210355987055016,1449,98,1.0,2.5,10.0
0.0,False,0.5,234.5,0.5210355987055016,1449,98,1.0,2.5,10.0
0.0,False,0.75,392.6,0.5210355987055016,1449,98,1.0,2.5,10.0
0.0,True,0.25,128.6,0.47896440129449835,1332,98,1.0,2.5,10.0
0.0,True,0.5,233.55000000000004,0.47896440129449835,1332,98,1.0,2.5,10.0
0.0,True,0.75,385.75,0.47896440129449835,1332,98,1.0,2.5,10.0
0.03,False,0.25,116.39999999999999,0.28852516106564513,1657,98,1.0,2.5,10.0
0.03,False,0.5,207.40000000000003,0.28852516106564513,1657,98,1.0,2.5,10.0
0.03,False,0.75,363.6,0.28852516106564513,1657,98,1.0,2.5,10.0
0.03,True,0.25,122.2,0.7114748389343548,4086,98,1.0,2.5,10.0
0.03,True,0.5,217.85000000000002,0.7114748389343548,4086,98,1.0,2.5,10.0
0.03,True,0.75,362.87500000000006,0.7114748389343548,4086,98,1.0,2.5,10.0
0.06,False,0.25,103.175,0.14417625141746315,890,98,1.0,2.5,10.0
0.06,False,0.5,184.0,0.14417625141746315,890,98,1.0,2.5,10.0
0.06,False,0.75,297.90000000000003,0.14417625141746315,890,98,1.0,2.5,10.0
0.06,True,0.25,111.55,0.8558237485825368,5283,98,1.0,2.5,10.0
0.06,True,0.5,193.1,0.8558237485825368,5283,98,1.0,2.5,10.0
0.06,True,0.75,326.0,0.8558237485825368,5283,98,1.0,2.5,10.0
0.09,False,0.25,90.65,0.06761565836298933,456,98,1.0,2.5,10.0
0.09,False,0.5,145.5,0.06761565836298933,456,98,1.0,2.5,10.0
0.09,False,0.75,264.87500000000006,0.06761565836298933,456,98,1.0,2.5,10.0
0.09,True,0.25,100.1,0.9323843416370107,6288,98,1.0,2.5,10.0
0.09,True,0.5,166.75,0.9323843416370107,6288,98,1.0,2.5,10.0
0.09,True,0.75,273.85,0.9323843416370107,6288,98,1.0,2.5,10.0
0.12,False,0.25,77.0,0.03275529865125241,221,98,1.0,2.5,10.0
0.12,False,0.5,130.7,0.03275529865125241,221,98,1.0,2.5,10.0
0.12,False,0.75,197.1,0.03275529865125241,221,98,1.0,2.5,10.0
0.12,True,0.25,88.425,0.9672447013487476,6526,98,1.0,2.5,10.0
0.12,True,0.5,138.5,0.9672447013487476,6526,98,1.0,2.5,10.0
0.12,True,0.75,219.40000000000003,0.9672447013487476,6526,98,1.0,2.5,10.0
0.15,False,0.25,69.15,0.012182592103331866,83,98,1.0,2.5,10.0
0.15,False,0.5,95.19999999999999,0.012182592103331866,83,98,1.0,2.5,10.0
0.15,False,0.75,138.05,0.012182592103331866,83,98,1.0,2.5,10.0
0.15,True,0.25,80.325,0.9878174078966682,6730,98,1.0,2.5,10.0
0.15,True,0.5,122.25,0.9878174078966682,6730,98,1.0,2.5,10.0
0.15,True,0.75,186.475,0.9878174078966682,6730,98,1.0,2.5,10.0
0.0,False,0.25,123.2,0.49461206896551724,1377,99,1.0,2.5,10.0
0.0,False,0.5,216.70000000000005,0.49461206896551724,1377,99,1.0,2.5,10.0
0.0,False,0.75,377.59999999999997,0.49461206896551724,1377,99,1.0,2.5,10.0
0.0,True,0.25,125.64999999999998,0.5053879310344828,1407,99,1.0,2.5,10.0
0.0,True,0.5,225.10000000000002,0.5053879310344828,1407,99,1.0,2.5,10.0
0.0,True,0.75,379.15000000000003,0.5053879310344828,1407,99,1.0,2.5,10.0
0.03,False,0.25,124.125,0.2926488562947442,1676,99,1.0,2.5,10.0
0.03,False,0.5,219.0,0.2926488562947442,1676,99,1.0,2.5,10.0
0.03,False,0.75,380.9,0.2926488562947442,1676,99,1.0,2.5,10.0
0.03,True,0.25,123.54999999999998,0.7073511437052558,4051,99,1.0,2.5,10.0
0.03,True,0.5,218.4,0.7073511437052558,4051,99,1.0,2.5,10.0
0.03,True,0.75,366.9000000000001,0.7073511437052558,4051,99,1.0,2.5,10.0
0.06,False,0.25,103.2,0.1536597188560349,951,99,1.0,2.5,10.0
0.06,False,0.5,186.4,0.1536597188560349,951,99,1.0,2.5,10.0
0.06,False,0.75,321.6000000000001,0.1536597188560349,951,99,1.0,2.5,10.0
0.06,True,0.25,114.82499999999999,0.8463402811439651,5238,99,1.0,2.5,10.0
0.06,True,0.5,193.75,0.8463402811439651,5238,99,1.0,2.5,10.0
0.06,True,0.75,328.05000000000007,0.8463402811439651,5238,99,1.0,2.5,10.0
0.09,False,0.25,88.89999999999998,0.074090571640683,499,99,1.0,2.5,10.0
0.09,False,0.5,151.5,0.074090571640683,499,99,1.0,2.5,10.0
0.09,False,0.75,250.0,0.074090571640683,499,99,1.0,2.5,10.0
0.09,True,0.25,101.69999999999999,0.925909428359317,6236,99,1.0,2.5,10.0
0.09,True,0.5,167.4,0.925909428359317,6236,99,1.0,2.5,10.0
0.09,True,0.75,273.5,0.925909428359317,6236,99,1.0,2.5,10.0
0.12,False,0.25,76.0,0.03221496437054632,217,99,1.0,2.5,10.0
0.12,False,0.5,115.69999999999999,0.03221496437054632,217,99,1.0,2.5,10.0
0.12,False,0.75,208.90000000000003,0.03221496437054632,217,99,1.0,2.5,10.0
0.12,True,0.25,88.7,0.9677850356294537,6519,99,1.0,2.5,10.0
0.12,True,0.5,140.2,0.9677850356294537,6519,99,1.0,2.5,10.0
0.12,True,0.75,223.80000000000007,0.9677850356294537,6519,99,1.0,2.5,10.0
0.15,False,0.25,71.35,0.015849721162312886,108,99,1.0,2.5,10.0
0.15,False,0.5,109.55,0.015849721162312886,108,99,1.0,2.5,10.0
0.15,False,0.75,168.0,0.015849721162312886,108,99,1.0,2.5,10.0
0.15,True,0.25,79.1,0.9841502788376871,6706,99,1.0,2.5,10.0
0.15,True,0.5,118.79999999999998,0.9841502788376871,6706,99,1.0,2.5,10.0
0.15,True,0.75,183.29999999999998,0.9841502788376871,6706,99,1.0,2.5,10.0
0.0,False,0.25,120.39999999999999,0.5082260371959942,1421,101,1.0,2.5,10.0
0.0,False,0.5,214.90000000000003,0.5082260371959942,1421,101,1.0,2.5,10.0
0.0,False,0.75,375.4000000000001,0.5082260371959942,1421,101,1.0,2.5,10.0
0.0,True,0.25,127.74999999999999,0.4917739628040057,1375,101,1.0,2.5,10.0
0.0,True,0.5,225.90000000000003,0.4917739628040057,1375,101,1.0,2.5,10.0
0.0,True,0.75,370.1,0.4917739628040057,1375,101,1.0,2.5,10.0
0.03,False,0.25,114.2,0.3057491289198606,1755,101,1.0,2.5,10.0
0.03,False,0.5,207.2,0.3057491289198606,1755,101,1.0,2.5,10.0
0.03,False,0.75,359.55000000000007,0.3057491289198606,1755,101,1.0,2.5,10.0
0.03,True,0.25,118.29999999999998,0.6942508710801394,3985,101,1.0,2.5,10.0
0.03,True,0.5,209.50000000000003,0.6942508710801394,3985,101,1.0,2.5,10.0
0.03,True,0.75,358.20000000000005,0.6942508710801394,3985,101,1.0,2.5,10.0
0.06,False,0.25,103.5,0.15490227749959617,959,101,1.0,2.5,10.0
0.06,False,0.5,183.10000000000002,0.15490227749959617,959,101,1.0,2.5,10.0
0.06,False,0.75,304.90000000000003,0.15490227749959617,959,101,1.0,2.5,10.0
0.06,True,0.25,110.39999999999998,0.8450977225004038,5232,101,1.0,2.5,10.0
0.06,True,0.5,191.39999999999998,0.8450977225004038,5232,101,1.0,2.5,10.0
0.06,True,0.75,322.02500000000003,0.8450977225004038,5232,101,1.0,2.5,10.0
0.09,False,0.25,96.52499999999999,0.07525925925925926,508,101,1.0,2.5,10.0
0.09,False,0.5,166.7,0.07525925925925926,508,101,1.0,2.5,10.0
0.09,False,0.75,262.4000000000001,0.07525925925925926,508,101,1.0,2.5,10.0
0.09,True,0.25,97.8,0.9247407407407408,6242,101,1.0,2.5,10.0
0.09,True,0.5,165.85000000000002,0.9247407407407408,6242,101,1.0,2.5,10.0
0.09,True,0.75,275.0,0.9247407407407408,6242,101,1.0,2.5,10.0
0.12,False,0.25,81.8,0.029642804209278197,200,101,1.0,2.5,10.0
0.12,False,0.5,132.75,0.029642804209278197,200,101,1.0,2.5,10.0
0.12,False,0.75,202.10000000000002,0.029642804209278197,200,101,1.0,2.5,10.0
0.12,True,0.25,87.1,0.9703571957907218,6547,101,1.0,2.5,10.0
0.12,True,0.5,139.2,0.9703571957907218,6547,101,1.0,2.5,10.0
0.12,True,0.75,219.95000000000005,0.9703571957907218,6547,101,1.0,2.5,10.0
0.15,False,0.25,69.575,0.013211978860833822,90,101,1.0,2.5,10.0
0.15,False,0.5,103.05,0.013211978860833822,90,101,1.0,2.5,10.0
0.15,False,0.75,179.95000000000002,0.013211978860833822,90,101,1.0,2.5,10.0
0.15,True,0.25,79.1,0.9867880211391662,6722,101,1.0,2.5,10.0
0.15,True,0.5,119.89999999999998,0.9867880211391662,6722,101,1.0,2.5,10.0
0.15,True,0.75,185.10000000000002,0.9867880211391662,6722,101,1.0,2.5,10.0
0.0,False,0.25,125.075,0.5084501977705861,1414,113,1.0,2.5,10.0
0.0,False,0.5,224.10000000000005,0.5084501977705861,1414,113,1.0,2.5,10.0
0.0,False,0.75,378.975,0.5084501977705861,1414,113,1.0,2.5,10.0
0.0,True,0.25,123.4,0.49154980222941386,1367,113,1.0,2.5,10.0
0.0,True,0.5,225.90000000000003,0.49154980222941386,1367,113,1.0,2.5,10.0
0.0,True,0.75,367.85,0.49154980222941386,1367,113,1.0,2.5,10.0
0.03,False,0.25,116.69999999999999,0.29343832020997374,1677,113,1.0,2.5,10.0
0.03,False,0.5,203.40000000000003,0.29343832020997374,1677,113,1.0,2.5,10.0
0.03,False,0.75,370.1,0.29343832020997374,1677,113,1.0,2.5,10.0
0.03,True,0.25,127.025,0.7065616797900263,4038,113,1.0,2.5,10.0
0.03,True,0.5,217.45000000000005,0.7065616797900263,4038,113,1.0,2.5,10.0
0.03,True,0.75,365.1250000000001,0.7065616797900263,4038,113,1.0,2.5,10.0
0.06,False,0.25,100.54999999999998,0.14770523594053006,914,113,1.0,2.5,10.0
0.06,False,0.5,185.64999999999998,0.14770523594053006,914,113,1.0,2.5,10.0
0.06,False,0.75,323.75,0.14770523594053006,914,113,1.0,2.5,10.0
0.06,True,0.25,110.42499999999998,0.8522947640594699,5274,113,1.0,2.5,10.0
0.06,True,0.5,191.65000000000003,0.8522947640594699,5274,113,1.0,2.5,10.0
0.06,True,0.75,326.375,0.8522947640594699,5274,113,1.0,2.5,10.0
0.09,False,0.25,94.5,0.0691749370463635,467,113,1.0,2.5,10.0
0.09,False,0.5,151.60000000000002,0.0691749370463635,467,113,1.0,2.5,10.0
0.09,False,0.75,251.15,0.0691749370463635,467,113,1.0,2.5,10.0
0.09,True,0.25,100.2,0.9308250629536365,6284,113,1.0,2.5,10.0
0.09,True,0.5,164.5,0.9308250629536365,6284,113,1.0,2.5,10.0
0.09,True,0.75,276.42500000000007,0.9308250629536365,6284,113,1.0,2.5,10.0
0.12,False,0.25,85.75,0.030109759715218037,203,113,1.0,2.5,10.0
0.12,False,0.5,129.3,0.030109759715218037,203,113,1.0,2.5,10.0
0.12,False,0.75,215.15000000000003,0.030109759715218037,203,113,1.0,2.5,10.0
0.12,True,0.25,87.64999999999999,0.969890240284782,6539,113,1.0,2.5,10.0
0.12,True,0.5,137.3,0.969890240284782,6539,113,1.0,2.5,10.0
0.12,True,0.75,218.85000000000002,0.969890240284782,6539,113,1.0,2.5,10.0
0.15,False,0.25,74.07499999999999,0.014969181097739948,102,113,1.0,2.5,10.0
0.15,False,0.5,106.15,0.014969181097739948,102,113,1.0,2.5,10.0
0.15,False,0.75,164.125,0.014969181097739948,102,113,1.0,2.5,10.0
0.15,True,0.25,79.275,0.9850308189022601,6712,113,1.0,2.5,10.0
0.15,True,0.5,120.6,0.9850308189022601,6712,113,1.0,2.5,10.0
0.15,True,0.75,185.50000000000003,0.9850308189022601,6712,113,1.0,2.5,10.0
0.0,False,0.25,130.95,0.49641062455132806,1383,117,1.0,2.5,10.0
0.0,False,0.5,229.40000000000003,0.49641062455132806,1383,117,1.0,2.5,10.0
0.0,False,0.75,381.55000000000007,0.49641062455132806,1383,117,1.0,2.5,10.0
0.0,True,0.25,119.35,0.5035893754486719,1403,117,1.0,2.5,10.0
0.0,True,0.5,211.10000000000002,0.5035893754486719,1403,117,1.0,2.5,10.0
0.0,True,0.75,357.95000000000005,0.5035893754486719,1403,117,1.0,2.5,10.0
0.03,False,0.25,120.79999999999998,0.30092998771714335,1715,117,1.0,2.5,10.0
0.03,False,0.5,210.70000000000002,0.30092998771714335,1715,117,1.0,2.5,10.0
0.03,False,0.75,346.30000000000007,0.30092998771714335,1715,117,1.0,2.5,10.0
0.03,True,0.25,124.2,0.6990700122828566,3984,117,1.0,2.5,10.0
0.03,True,0.5,215.20000000000005,0.6990700122828566,3984,117,1.0,2.5,10.0
0.03,True,0.75,365.00000000000006,0.6990700122828566,3984,117,1.0,2.5,10.0
0.06,False,0.25,107.4,0.15016181229773462,928,117,1.0,2.5,10.0
0.06,False,0.5,188.8,0.15016181229773462,928,117,1.0,2.5,10.0
0.06,False,0.75,322.92500000000007,0.15016181229773462,928,117,1.0,2.5,10.0
0.06,True,0.25,111.9,0.8498381877022654,5252,117,1.0,2.5,10.0
0.06,True,0.5,197.15,0.8498381877022654,5252,117,1.0,2.5,10.0
0.06,True,0.75,333.5,0.8498381877022654,5252,117,1.0,2.5,10.0
0.09,False,0.25,90.57499999999999,0.07034728406055209,474,117,1.0,2.5,10.0
0.09,False,0.5,147.8,0.07034728406055209,474,117,1.0,2.5,10.0
0.09,False,0.75,234.95000000000005,0.07034728406055209,474,117,1.0,2.5,10.0
0.09,True,0.25,98.8,0.9296527159394479,6264,117,1.0,2.5,10.0
0.09,True,0.5,164.65,0.9296527159394479,6264,117,1.0,2.5,10.0
0.09,True,0.75,270.95000000000005,0.9296527159394479,6264,117,1.0,2.5,10.0
0.12,False,0.25,81.0,0.030424458296230337,205,117,1.0,2.5,10.0
0.12,False,0.5,118.6,0.030424458296230337,205,117,1.0,2.5,10.0
0.12,False,0.75,214.3,0.030424458296230337,205,117,1.0,2.5,10.0
0.12,True,0.25,88.79999999999998,0.9695755417037697,6533,117,1.0,2.5,10.0
0.12,True,0.5,141.4,0.9695755417037697,6533,117,1.0,2.5,10.0
0.12,True,0.75,225.90000000000003,0.9695755417037697,6533,117,1.0,2.5,10.0
0.15,False,0.25,74.09999999999998,0.014233308877476156,97,117,1.0,2.5,10.0
0.15,False,0.5,101.8,0.014233308877476156,97,117,1.0,2.5,10.0
0.15,False,0.75,165.39999999999998,0.014233308877476156,97,117,1.0,2.5,10.0
0.15,True,0.25,78.1,0.9857666911225238,6718,117,1.0,2.5,10.0
0.15,True,0.5,121.44999999999999,0.9857666911225238,6718,117,1.0,2.5,10.0
0.15,True,0.75,183.37499999999997,0.9857666911225238,6718,117,1.0,2.5,10.0
0.0,False,0.25,129.39999999999998,0.49554367201426025,1390,118,1.0,2.5,10.0
0.0,False,0.5,222.45000000000005,0.49554367201426025,1390,118,1.0,2.5,10.0
0.0,False,0.75,378.52500000000003,0.49554367201426025,1390,118,1.0,2.5,10.0
0.0,True,0.25,121.24999999999999,0.5044563279857398,1415,118,1.0,2.5,10.0
0.0,True,0.5,213.20000000000005,0.5044563279857398,1415,118,1.0,2.5,10.0
0.0,True,0.75,361.70000000000005,0.5044563279857398,1415,118,1.0,2.5,10.0
0.03,False,0.25,123.44999999999999,0.2904636920384952,1660,118,1.0,2.5,10.0
0.03,False,0.5,212.85000000000002,0.2904636920384952,1660,118,1.0,2.5,10.0
0.03,False,0.75,372.125,0.2904636920384952,1660,118,1.0,2.5,10.0
0.03,True,0.25,122.1,0.7095363079615048,4055,118,1.0,2.5,10.0
0.03,True,0.5,213.50000000000003,0.7095363079615048,4055,118,1.0,2.5,10.0
0.03,True,0.75,358.90000000000003,0.7095363079615048,4055,118,1.0,2.5,10.0
0.06,False,0.25,106.89999999999999,0.15159359326969746,937,118,1.0,2.5,10.0
0.06,False,0.5,189.79999999999998,0.15159359326969746,937,118,1.0,2.5,10.0
0.06,False,0.75,315.90000000000003,0.15159359326969746,937,118,1.0,2.5,10.0
0.06,True,0.25,113.475,0.8484064067303025,5244,118,1.0,2.5,10.0
0.06,True,0.5,195.45,0.8484064067303025,5244,118,1.0,2.5,10.0
0.06,True,0.75,318.05000000000007,0.8484064067303025,5244,118,1.0,2.5,10.0
0.09,False,0.25,91.39999999999999,0.0677137353682027,457,118,1.0,2.5,10.0
0.09,False,0.5,143.5,0.0677137353682027,457,118,1.0,2.5,10.0
0.09,False,0.75,248.60000000000002,0.0677137353682027,457,118,1.0,2.5,10.0
0.09,True,0.25,100.0,0.9322862646317973,6292,118,1.0,2.5,10.0
0.09,True,0.5,163.25,0.9322862646317973,6292,118,1.0,2.5,10.0
0.09,True,0.75,263.62500000000006,0.9322862646317973,6292,118,1.0,2.5,10.0
0.12,False,0.25,74.39999999999999,0.03366454100548717,227,118,1.0,2.5,10.0
0.12,False,0.5,115.99999999999999,0.03366454100548717,227,118,1.0,2.5,10.0
0.12,False,0.75,192.0,0.03366454100548717,227,118,1.0,2.5,10.0
0.12,True,0.25,88.59999999999998,0.9663354589945128,6516,118,1.0,2.5,10.0
0.12,True,0.5,138.75,0.9663354589945128,6516,118,1.0,2.5,10.0
0.12,True,0.75,217.40000000000003,0.9663354589945128,6516,118,1.0,2.5,10.0
0.15,False,0.25,77.94999999999999,0.01321779997062711,90,118,1.0,2.5,10.0
0.15,False,0.5,121.0,0.01321779997062711,90,118,1.0,2.5,10.0
0.15,False,0.75,192.3,0.01321779997062711,90,118,1.0,2.5,10.0
0.15,True,0.25,77.39999999999999,0.9867822000293729,6719,118,1.0,2.5,10.0
0.15,True,0.5,117.69999999999999,0.9867822000293729,6719,118,1.0,2.5,10.0
0.15,True,0.75,181.79999999999998,0.9867822000293729,6719,118,1.0,2.5,10.0
0.0,False,0.25,126.575,0.4878223495702006,1362,120,1.0,2.5,10.0
0.0,False,0.5,228.20000000000005,0.4878223495702006,1362,120,1.0,2.5,10.0
0.0,False,0.75,373.59999999999997,0.4878223495702006,1362,120,1.0,2.5,10.0
0.0,True,0.25,118.44999999999999,0.5121776504297995,1430,120,1.0,2.5,10.0
0.0,True,0.5,210.40000000000003,0.5121776504297995,1430,120,1.0,2.5,10.0
0.0,True,0.75,369.05,0.5121776504297995,1430,120,1.0,2.5,10.0
0.03,False,0.25,118.89999999999998,0.29706966134409546,1693,120,1.0,2.5,10.0
0.03,False,0.5,208.8,0.29706966134409546,1693,120,1.0,2.5,10.0
0.03,False,0.75,364.00000000000006,0.29706966134409546,1693,120,1.0,2.5,10.0
0.03,True,0.25,119.92499999999998,0.7029303386559046,4006,120,1.0,2.5,10.0
0.03,True,0.5,211.55,0.7029303386559046,4006,120,1.0,2.5,10.0
0.03,True,0.75,354.2,0.7029303386559046,4006,120,1.0,2.5,10.0
0.06,False,0.25,105.475,0.14862681744749595,920,120,1.0,2.5,10.0
0.06,False,0.5,186.75,0.14862681744749595,920,120,1.0,2.5,10.0
0.06,False,0.75,327.80000000000007,0.14862681744749595,920,120,1.0,2.5,10.0
0.06,True,0.25,110.625,0.851373182552504,5270,120,1.0,2.5,10.0
0.06,True,0.5,193.1,0.851373182552504,5270,120,1.0,2.5,10.0
0.06,True,0.75,318.9000000000001,0.851373182552504,5270,120,1.0,2.5,10.0
0.09,False,0.25,88.69999999999999,0.07852706299911269,531,120,1.0,2.5,10.0
0.09,False,0.5,152.79999999999998,0.07852706299911269,531,120,1.0,2.5,10.0
0.09,False,0.75,250.65000000000003,0.07852706299911269,531,120,1.0,2.5,10.0
0.09,True,0.25,99.49999999999999,0.9214729370008873,6231,120,1.0,2.5,10.0
0.09,True,0.5,167.4,0.9214729370008873,6231,120,1.0,2.5,10.0
0.09,True,0.75,274.30000000000007,0.9214729370008873,6231,120,1.0,2.5,10.0
0.12,False,0.25,80.25,0.03013210627875909,203,120,1.0,2.5,10.0
0.12,False,0.5,107.1,0.03013210627875909,203,120,1.0,2.5,10.0
0.12,False,0.75,178.5,0.03013210627875909,203,120,1.0,2.5,10.0
0.12,True,0.25,89.1,0.9698678937212409,6534,120,1.0,2.5,10.0
0.12,True,0.5,141.7,0.9698678937212409,6534,120,1.0,2.5,10.0
0.12,True,0.75,227.67500000000007,0.9698678937212409,6534,120,1.0,2.5,10.0
0.15,False,0.25,65.39999999999999,0.015409451130026416,105,120,1.0,2.5,10.0
0.15,False,0.5,109.89999999999999,0.015409451130026416,105,120,1.0,2.5,10.0
0.15,False,0.75,169.09999999999997,0.015409451130026416,105,120,1.0,2.5,10.0
0.15,True,0.25,77.3,0.9845905488699735,6709,120,1.0,2.5,10.0
0.15,True,0.5,117.0,0.9845905488699735,6709,120,1.0,2.5,10.0
0.15,True,0.75,182.9,0.9845905488699735,6709,120,1.0,2.5,10.0
0.0,False,0.25,122.94999999999999,0.4826723829939264,1351,121,1.0,2.5,10.0
0.0,False,0.5,223.60000000000002,0.4826723829939264,1351,121,1.0,2.5,10.0
0.0,False,0.75,376.25,0.4826723829939264,1351,121,1.0,2.5,10.0
0.0,True,0.25,117.87499999999997,0.5173276170060735,1448,121,1.0,2.5,10.0
0.0,True,0.5,209.3,0.5173276170060735,1448,121,1.0,2.5,10.0
0.0,True,0.75,373.82500000000005,0.5173276170060735,1448,121,1.0,2.5,10.0
0.03,False,0.25,115.1,0.2973919131804656,1699,121,1.0,2.5,10.0
0.03,False,0.5,205.6,0.2973919131804656,1699,121,1.0,2.5,10.0
0.03,False,0.75,351.1,0.2973919131804656,1699,121,1.0,2.5,10.0
0.03,True,0.25,121.625,0.7026080868195343,4014,121,1.0,2.5,10.0
0.03,True,0.5,216.60000000000005,0.7026080868195343,4014,121,1.0,2.5,10.0
0.03,True,0.75,374.15,0.7026080868195343,4014,121,1.0,2.5,10.0
0.06,False,0.25,104.74999999999999,0.14045850823377462,870,121,1.0,2.5,10.0
0.06,False,0.5,180.5,0.14045850823377462,870,121,1.0,2.5,10.0
0.06,False,0.75,315.625,0.14045850823377462,870,121,1.0,2.5,10.0
0.06,True,0.25,111.39999999999999,0.8595414917662254,5324,121,1.0,2.5,10.0
0.06,True,0.5,190.55,0.8595414917662254,5324,121,1.0,2.5,10.0
0.06,True,0.75,314.725,0.8595414917662254,5324,121,1.0,2.5,10.0
0.09,False,0.25,97.64999999999998,0.06865361803084223,463,121,1.0,2.5,10.0
0.09,False,0.5,154.89999999999998,0.06865361803084223,463,121,1.0,2.5,10.0
0.09,False,0.75,262.55,0.06865361803084223,463,121,1.0,2.5,10.0
0.09,True,0.25,100.1,0.9313463819691578,6281,121,1.0,2.5,10.0
0.09,True,0.5,162.5,0.9313463819691578,6281,121,1.0,2.5,10.0
0.09,True,0.75,269.1,0.9313463819691578,6281,121,1.0,2.5,10.0
0.12,False,0.25,84.85000000000001,0.029651593773165306,200,121,1.0,2.5,10.0
0.12,False,0.5,141.6,0.029651593773165306,200,121,1.0,2.5,10.0
0.12,False,0.75,214.87500000000003,0.029651593773165306,200,121,1.0,2.5,10.0
0.12,True,0.25,88.59999999999998,0.9703484062268347,6545,121,1.0,2.5,10.0
0.12,True,0.5,140.5,0.9703484062268347,6545,121,1.0,2.5,10.0
0.12,True,0.75,225.90000000000003,0.9703484062268347,6545,121,1.0,2.5,10.0
0.15,False,0.25,67.6,0.014820249449743214,101,121,1.0,2.5,10.0
0.15,False,0.5,118.0,0.014820249449743214,101,121,1.0,2.5,10.0
0.15,False,0.75,170.49999999999997,0.014820249449743214,101,121,1.0,2.5,10.0
0.15,True,0.25,78.49999999999999,0.9851797505502567,6714,121,1.0,2.5,10.0
0.15,True,0.5,119.6,0.9851797505502567,6714,121,1.0,2.5,10.0
0.15,True,0.75,184.4,0.9851797505502567,6714,121,1.0,2.5,10.0
0.0,False,0.25,130.825,0.4960573476702509,1384,123,1.0,2.5,10.0
0.0,False,0.5,221.60000000000005,0.4960573476702509,1384,123,1.0,2.5,10.0
0.0,False,0.75,373.875,0.4960573476702509,1384,123,1.0,2.5,10.0
0.0,True,0.25,124.8,0.5039426523297491,1406,123,1.0,2.5,10.0
0.0,True,0.5,214.10000000000002,0.5039426523297491,1406,123,1.0,2.5,10.0
0.0,True,0.75,355.05000000000007,0.5039426523297491,1406,123,1.0,2.5,10.0
0.03,False,0.25,114.10000000000001,0.2976314872866597,1709,123,1.0,2.5,10.0
0.03,False,0.5,207.6,0.2976314872866597,1709,123,1.0,2.5,10.0
0.03,False,0.75,356.90000000000003,0.2976314872866597,1709,123,1.0,2.5,10.0
0.03,True,0.25,118.2,0.7023685127133403,4033,123,1.0,2.5,10.0
0.03,True,0.5,210.20000000000002,0.7023685127133403,4033,123,1.0,2.5,10.0
0.03,True,0.75,362.50000000000006,0.7023685127133403,4033,123,1.0,2.5,10.0
0.06,False,0.25,107.275,0.15466580561834034,958,123,1.0,2.5,10.0
0.06,False,0.5,191.60000000000002,0.15466580561834034,958,123,1.0,2.5,10.0
0.06,False,0.75,313.05,0.15466580561834034,958,123,1.0,2.5,10.0
0.06,True,0.25,109.79999999999998,0.8453341943816597,5236,123,1.0,2.5,10.0
0.06,True,0.5,189.65000000000003,0.8453341943816597,5236,123,1.0,2.5,10.0
0.06,True,0.75,325.8,0.8453341943816597,5236,123,1.0,2.5,10.0
0.09,False,0.25,90.69999999999999,0.07068607068607069,476,123,1.0,2.5,10.0
0.09,False,0.5,154.14999999999998,0.07068607068607069,476,123,1.0,2.5,10.0
0.09,False,0.75,250.22500000000002,0.07068607068607069,476,123,1.0,2.5,10.0
0.09,True,0.25,97.62499999999999,0.9293139293139293,6258,123,1.0,2.5,10.0
0.09,True,0.5,162.99999999999997,0.9293139293139293,6258,123,1.0,2.5,10.0
0.09,True,0.75,264.75,0.9293139293139293,6258,123,1.0,2.5,10.0
0.12,False,0.25,74.05,0.03232982352068812,218,123,1.0,2.5,10.0
0.12,False,0.5,122.64999999999998,0.03232982352068812,218,123,1.0,2.5,10.0
0.12,False,0.75,216.15000000000006,0.03232982352068812,218,123,1.0,2.5,10.0
0.12,True,0.25,87.7,0.9676701764793119,6525,123,1.0,2.5,10.0
0.12,True,0.5,138.1,0.9676701764793119,6525,123,1.0,2.5,10.0
0.12,True,0.75,222.50000000000006,0.9676701764793119,6525,123,1.0,2.5,10.0
0.15,False,0.25,72.35,0.0146756677428823,100,123,1.0,2.5,10.0
0.15,False,0.5,117.29999999999998,0.0146756677428823,100,123,1.0,2.5,10.0
0.15,False,0.75,171.40000000000003,0.0146756677428823,100,123,1.0,2.5,10.0
0.15,True,0.25,77.3,0.9853243322571177,6714,123,1.0,2.5,10.0
0.15,True,0.5,119.6,0.9853243322571177,6714,123,1.0,2.5,10.0
0.15,True,0.75,183.60000000000002,0.9853243322571177,6714,123,1.0,2.5,10.0
0.0,False,0.25,118.725,0.5053763440860215,1410,127,1.0,2.5,10.0
0.0,False,0.5,203.30000000000004,0.5053763440860215,1410,127,1.0,2.5,10.0
0.0,False,0.75,362.55,0.5053763440860215,1410,127,1.0,2.5,10.0
0.0,True,0.25,123.82499999999999,0.4946236559139785,1380,127,1.0,2.5,10.0
0.0,True,0.5,225.55,0.4946236559139785,1380,127,1.0,2.5,10.0
0.0,True,0.75,389.175,0.4946236559139785,1380,127,1.0,2.5,10.0
0.03,False,0.25,111.35,0.2896078776156146,1647,127,1.0,2.5,10.0
0.03,False,0.5,201.40000000000003,0.2896078776156146,1647,127,1.0,2.5,10.0
0.03,False,0.75,358.25000000000006,0.2896078776156146,1647,127,1.0,2.5,10.0
0.03,True,0.25,125.2,0.7103921223843854,4040,127,1.0,2.5,10.0
0.03,True,0.5,214.05000000000007,0.7103921223843854,4040,127,1.0,2.5,10.0
0.03,True,0.75,365.2250000000001,0.7103921223843854,4040,127,1.0,2.5,10.0
0.06,False,0.25,99.8,0.15696734561914,971,127,1.0,2.5,10.0
0.06,False,0.5,183.60000000000002,0.15696734561914,971,127,1.0,2.5,10.0
0.06,False,0.75,317.4,0.15696734561914,971,127,1.0,2.5,10.0
0.06,True,0.25,112.89999999999998,0.8430326543808601,5215,127,1.0,2.5,10.0
0.06,True,0.5,193.70000000000002,0.8430326543808601,5215,127,1.0,2.5,10.0
0.06,True,0.75,318.3,0.8430326543808601,5215,127,1.0,2.5,10.0
0.09,False,0.25,95.575,0.06633106307373408,448,127,1.0,2.5,10.0
0.09,False,0.5,158.25,0.06633106307373408,448,127,1.0,2.5,10.0
0.09,False,0.75,270.20000000000005,0.06633106307373408,448,127,1.0,2.5,10.0
0.09,True,0.25,100.125,0.933668936926266,6306,127,1.0,2.5,10.0
0.09,True,0.5,164.70000000000002,0.933668936926266,6306,127,1.0,2.5,10.0
0.09,True,0.75,270.30000000000007,0.933668936926266,6306,127,1.0,2.5,10.0
0.12,False,0.25,86.64999999999998,0.03175074183976261,214,127,1.0,2.5,10.0
0.12,False,0.5,134.8,0.03175074183976261,214,127,1.0,2.5,10.0
0.12,False,0.75,230.60000000000005,0.03175074183976261,214,127,1.0,2.5,10.0
0.12,True,0.25,87.0,0.9682492581602374,6526,127,1.0,2.5,10.0
0.12,True,0.5,139.79999999999998,0.9682492581602374,6526,127,1.0,2.5,10.0
0.12,True,0.75,223.00000000000003,0.9682492581602374,6526,127,1.0,2.5,10.0
0.15,False,0.25,64.14999999999999,0.015705269338030237,107,127,1.0,2.5,10.0
0.15,False,0.5,99.4,0.015705269338030237,107,127,1.0,2.5,10.0
0.15,False,0.75,171.15,0.015705269338030237,107,127,1.0,2.5,10.0
0.15,True,0.25,77.825,0.9842947306619698,6706,127,1.0,2.5,10.0
0.15,True,0.5,119.49999999999999,0.9842947306619698,6706,127,1.0,2.5,10.0
0.15,True,0.75,185.47500000000002,0.9842947306619698,6706,127,1.0,2.5,10.0
0.0,False,0.25,121.0,0.5069967707212056,1413,134,1.0,2.5,10.0
0.0,False,0.5,230.90000000000003,0.5069967707212056,1413,134,1.0,2.5,10.0
0.0,False,0.75,380.90000000000003,0.5069967707212056,1413,134,1.0,2.5,10.0
0.0,True,0.25,128.325,0.4930032292787944,1374,134,1.0,2.5,10.0
0.0,True,0.5,233.85000000000002,0.4930032292787944,1374,134,1.0,2.5,10.0
0.0,True,0.75,388.75000000000006,0.4930032292787944,1374,134,1.0,2.5,10.0
0.03,False,0.25,114.825,0.2925642807505212,1684,134,1.0,2.5,10.0
0.03,False,0.5,210.40000000000003,0.2925642807505212,1684,134,1.0,2.5,10.0
0.03,False,0.75,362.475,0.2925642807505212,1684,134,1.0,2.5,10.0
0.03,True,0.25,120.975,0.7074357192494788,4072,134,1.0,2.5,10.0
0.03,True,0.5,216.80000000000004,0.7074357192494788,4072,134,1.0,2.5,10.0
0.03,True,0.75,361.85,0.7074357192494788,4072,134,1.0,2.5,10.0
0.06,False,0.25,100.52499999999999,0.14979822437449555,928,134,1.0,2.5,10.0
0.06,False,0.5,175.89999999999998,0.14979822437449555,928,134,1.0,2.5,10.0
0.06,False,0.75,307.125,0.14979822437449555,928,134,1.0,2.5,10.0
0.06,True,0.25,114.10000000000001,0.8502017756255045,5267,134,1.0,2.5,10.0
0.06,True,0.5,196.7,0.8502017756255045,5267,134,1.0,2.5,10.0
0.06,True,0.75,327.95000000000005,0.8502017756255045,5267,134,1.0,2.5,10.0
0.09,False,0.25,89.49999999999999,0.07575085071756177,512,134,1.0,2.5,10.0
0.09,False,0.5,154.39999999999998,0.07575085071756177,512,134,1.0,2.5,10.0
0.09,False,0.75,257.125,0.07575085071756177,512,134,1.0,2.5,10.0
0.09,True,0.25,97.89999999999999,0.9242491492824382,6247,134,1.0,2.5,10.0
0.09,True,0.5,161.70000000000002,0.9242491492824382,6247,134,1.0,2.5,10.0
0.09,True,0.75,267.95000000000005,0.9242491492824382,6247,134,1.0,2.5,10.0
0.12,False,0.25,76.825,0.03175074183976261,214,134,1.0,2.5,10.0
0.12,False,0.5,145.45,0.03175074183976261,214,134,1.0,2.5,10.0
0.12,False,0.75,233.25000000000003,0.03175074183976261,214,134,1.0,2.5,10.0
0.12,True,0.25,89.025,0.9682492581602374,6526,134,1.0,2.5,10.0
0.12,True,0.5,139.1,0.9682492581602374,6526,134,1.0,2.5,10.0
0.12,True,0.75,220.67500000000004,0.9682492581602374,6526,134,1.0,2.5,10.0
0.15,False,0.25,70.6,0.01600352371164293,109,134,1.0,2.5,10.0
0.15,False,0.5,108.60000000000001,0.01600352371164293,109,134,1.0,2.5,10.0
0.15,False,0.75,172.3,0.01600352371164293,109,134,1.0,2.5,10.0
0.15,True,0.25,77.0,0.9839964762883571,6702,134,1.0,2.5,10.0
0.15,True,0.5,118.69999999999999,0.9839964762883571,6702,134,1.0,2.5,10.0
0.15,True,0.75,183.07500000000002,0.9839964762883571,6702,134,1.0,2.5,10.0
0.0,False,0.25,130.575,0.5028735632183908,1400,135,1.0,2.5,10.0
0.0,False,0.5,226.25000000000003,0.5028735632183908,1400,135,1.0,2.5,10.0
0.0,False,0.75,377.55000000000007,0.5028735632183908,1400,135,1.0,2.5,10.0
0.0,True,0.25,126.77499999999999,0.49712643678160917,1384,135,1.0,2.5,10.0
0.0,True,0.5,227.30000000000007,0.49712643678160917,1384,135,1.0,2.5,10.0
0.0,True,0.75,374.275,0.49712643678160917,1384,135,1.0,2.5,10.0
0.03,False,0.25,120.2,0.2912502191828862,1661,135,1.0,2.5,10.0
0.03,False,0.5,213.90000000000003,0.2912502191828862,1661,135,1.0,2.5,10.0
0.03,False,0.75,366.50000000000006,0.2912502191828862,1661,135,1.0,2.5,10.0
0.03,True,0.25,122.42499999999998,0.7087497808171138,4042,135,1.0,2.5,10.0
0.03,True,0.5,221.25000000000003,0.7087497808171138,4042,135,1.0,2.5,10.0
0.03,True,0.75,360.95000000000005,0.7087497808171138,4042,135,1.0,2.5,10.0
0.06,False,0.25,104.075,0.15029277813923228,924,135,1.0,2.5,10.0
0.06,False,0.5,183.25,0.15029277813923228,924,135,1.0,2.5,10.0
0.06,False,0.75,311.0250000000001,0.15029277813923228,924,135,1.0,2.5,10.0
0.06,True,0.25,111.79999999999998,0.8497072218607677,5224,135,1.0,2.5,10.0
0.06,True,0.5,194.14999999999998,0.8497072218607677,5224,135,1.0,2.5,10.0
0.06,True,0.75,324.875,0.8497072218607677,5224,135,1.0,2.5,10.0
0.09,False,0.25,88.59999999999998,0.06608256608256609,445,135,1.0,2.5,10.0
0.09,False,0.5,148.29999999999998,0.06608256608256609,445,135,1.0,2.5,10.0
0.09,False,0.75,244.80000000000004,0.06608256608256609,445,135,1.0,2.5,10.0
0.09,True,0.25,101.89999999999999,0.9339174339174339,6289,135,1.0,2.5,10.0
0.09,True,0.5,167.7,0.9339174339174339,6289,135,1.0,2.5,10.0
0.09,True,0.75,272.50000000000006,0.9339174339174339,6289,135,1.0,2.5,10.0
0.12,False,0.25,80.30000000000001,0.032492581602373886,219,135,1.0,2.5,10.0
0.12,False,0.5,139.9,0.032492581602373886,219,135,1.0,2.5,10.0
0.12,False,0.75,233.05,0.032492581602373886,219,135,1.0,2.5,10.0
0.12,True,0.25,88.3,0.9675074183976261,6521,135,1.0,2.5,10.0
0.12,True,0.5,141.79999999999998,0.9675074183976261,6521,135,1.0,2.5,10.0
0.12,True,0.75,223.90000000000003,0.9675074183976261,6521,135,1.0,2.5,10.0
0.15,False,0.25,68.95,0.010418195157740279,71,135,1.0,2.5,10.0
0.15,False,0.5,117.29999999999998,0.010418195157740279,71,135,1.0,2.5,10.0
0.15,False,0.75,189.1,0.010418195157740279,71,135,1.0,2.5,10.0
0.15,True,0.25,78.875,0.9895818048422598,6744,135,1.0,2.5,10.0
0.15,True,0.5,120.85,0.9895818048422598,6744,135,1.0,2.5,10.0
0.15,True,0.75,185.12500000000003,0.9895818048422598,6744,135,1.0,2.5,10.0
0.0,False,0.25,121.32499999999999,0.4894151417294582,1364,152,1.0,2.5,10.0
0.0,False,0.5,223.10000000000002,0.4894151417294582,1364,152,1.0,2.5,10.0
0.0,False,0.75,367.37500000000006,0.4894151417294582,1364,152,1.0,2.5,10.0
0.0,True,0.25,121.35,0.5105848582705418,1423,152,1.0,2.5,10.0
0.0,True,0.5,214.20000000000002,0.5105848582705418,1423,152,1.0,2.5,10.0
0.0,True,0.75,369.85,0.5105848582705418,1423,152,1.0,2.5,10.0
0.03,False,0.25,124.92499999999998,0.30273471520641004,1738,152,1.0,2.5,10.0
0.03,False,0.5,221.85000000000005,0.30273471520641004,1738,152,1.0,2.5,10.0
0.03,False,0.75,364.1,0.30273471520641004,1738,152,1.0,2.5,10.0
0.03,True,0.25,121.85,0.69726528479359,4003,152,1.0,2.5,10.0
0.03,True,0.5,216.60000000000005,0.69726528479359,4003,152,1.0,2.5,10.0
0.03,True,0.75,358.50000000000006,0.69726528479359,4003,152,1.0,2.5,10.0
0.06,False,0.25,112.19999999999999,0.1526902569074164,945,152,1.0,2.5,10.0
0.06,False,0.5,186.70000000000005,0.1526902569074164,945,152,1.0,2.5,10.0
0.06,False,0.75,327.40000000000003,0.1526902569074164,945,152,1.0,2.5,10.0
0.06,True,0.25,108.17500000000001,0.8473097430925837,5244,152,1.0,2.5,10.0
0.06,True,0.5,193.60000000000002,0.8473097430925837,5244,152,1.0,2.5,10.0
0.06,True,0.75,331.725,0.8473097430925837,5244,152,1.0,2.5,10.0
0.09,False,0.25,88.425,0.07233916394900682,488,152,1.0,2.5,10.0
0.09,False,0.5,149.2,0.07233916394900682,488,152,1.0,2.5,10.0
0.09,False,0.75,252.77500000000003,0.07233916394900682,488,152,1.0,2.5,10.0
0.09,True,0.25,100.8,0.9276608360509931,6258,152,1.0,2.5,10.0
0.09,True,0.5,166.45,0.9276608360509931,6258,152,1.0,2.5,10.0
0.09,True,0.75,270.0,0.9276608360509931,6258,152,1.0,2.5,10.0
0.12,False,0.25,86.25,0.03425266903914591,231,152,1.0,2.5,10.0
0.12,False,0.5,136.4,0.03425266903914591,231,152,1.0,2.5,10.0
0.12,False,0.75,200.0,0.03425266903914591,231,152,1.0,2.5,10.0
0.12,True,0.25,88.39999999999999,0.9657473309608541,6513,152,1.0,2.5,10.0
0.12,True,0.5,140.6,0.9657473309608541,6513,152,1.0,2.5,10.0
0.12,True,0.75,221.60000000000002,0.9657473309608541,6513,152,1.0,2.5,10.0
0.15,False,0.25,69.2,0.013656387665198238,93,152,1.0,2.5,10.0
0.15,False,0.5,113.69999999999999,0.013656387665198238,93,152,1.0,2.5,10.0
0.15,False,0.75,191.10000000000002,0.013656387665198238,93,152,1.0,2.5,10.0
0.15,True,0.25,79.1,0.9863436123348017,6717,152,1.0,2.5,10.0
0.15,True,0.5,119.49999999999999,0.9863436123348017,6717,152,1.0,2.5,10.0
0.15,True,0.75,184.2,0.9863436123348017,6717,152,1.0,2.5,10.0
0.0,False,0.25,121.725,0.5041233416995339,1406,156,1.0,2.5,10.0
0.0,False,0.5,227.15000000000003,0.5041233416995339,1406,156,1.0,2.5,10.0
0.0,False,0.75,378.29999999999995,0.5041233416995339,1406,156,1.0,2.5,10.0
0.0,True,0.25,121.15,0.4958766583004661,1383,156,1.0,2.5,10.0
0.0,True,0.5,221.90000000000003,0.4958766583004661,1383,156,1.0,2.5,10.0
0.0,True,0.75,378.05,0.4958766583004661,1383,156,1.0,2.5,10.0
0.03,False,0.25,119.6,0.29994709927702345,1701,156,1.0,2.5,10.0
0.03,False,0.5,210.00000000000003,0.29994709927702345,1701,156,1.0,2.5,10.0
0.03,False,0.75,364.1,0.29994709927702345,1701,156,1.0,2.5,10.0
0.03,True,0.25,120.32499999999999,0.7000529007229765,3970,156,1.0,2.5,10.0
0.03,True,0.5,211.80000000000004,0.7000529007229765,3970,156,1.0,2.5,10.0
0.03,True,0.75,362.7750000000001,0.7000529007229765,3970,156,1.0,2.5,10.0
0.06,False,0.25,109.19999999999999,0.1522407377447015,941,156,1.0,2.5,10.0
0.06,False,0.5,194.7,0.1522407377447015,941,156,1.0,2.5,10.0
0.06,False,0.75,329.90000000000003,0.1522407377447015,941,156,1.0,2.5,10.0
0.06,True,0.25,112.3,0.8477592622552985,5240,156,1.0,2.5,10.0
0.06,True,0.5,190.0,0.8477592622552985,5240,156,1.0,2.5,10.0
0.06,True,0.75,321.5,0.8477592622552985,5240,156,1.0,2.5,10.0
0.09,False,0.25,94.25,0.06865361803084223,463,156,1.0,2.5,10.0
0.09,False,0.5,163.1,0.06865361803084223,463,156,1.0,2.5,10.0
0.09,False,0.75,282.4,0.06865361803084223,463,156,1.0,2.5,10.0
0.09,True,0.25,102.00000000000001,0.9313463819691578,6281,156,1.0,2.5,10.0
0.09,True,0.5,168.8,0.9313463819691578,6281,156,1.0,2.5,10.0
0.09,True,0.75,275.40000000000003,0.9313463819691578,6281,156,1.0,2.5,10.0
0.12,False,0.25,81.325,0.03229151236853799,218,156,1.0,2.5,10.0
0.12,False,0.5,132.1,0.03229151236853799,218,156,1.0,2.5,10.0
0.12,False,0.75,217.52500000000006,0.03229151236853799,218,156,1.0,2.5,10.0
0.12,True,0.25,88.3,0.967708487631462,6533,156,1.0,2.5,10.0
0.12,True,0.5,139.99999999999997,0.967708487631462,6533,156,1.0,2.5,10.0
0.12,True,0.75,222.80000000000004,0.967708487631462,6533,156,1.0,2.5,10.0
0.15,False,0.25,67.85,0.01702127659574468,116,156,1.0,2.5,10.0
0.15,False,0.5,94.1,0.01702127659574468,116,156,1.0,2.5,10.0
0.15,False,0.75,150.8,0.01702127659574468,116,156,1.0,2.5,10.0
0.15,True,0.25,79.55,0.9829787234042553,6699,156,1.0,2.5,10.0
0.15,True,0.5,121.09999999999998,0.9829787234042553,6699,156,1.0,2.5,10.0
0.15,True,0.75,186.95,0.9829787234042553,6699,156,1.0,2.5,10.0
0.0,False,0.25,126.95,0.500531726338178,1412,158,1.0,2.5,10.0
0.0,False,0.5,226.15000000000003,0.500531726338178,1412,158,1.0,2.5,10.0
0.0,False,0.75,378.225,0.500531726338178,1412,158,1.0,2.5,10.0
0.0,True,0.25,122.39999999999999,0.49946827366182206,1409,158,1.0,2.5,10.0
0.0,True,0.5,212.8,0.49946827366182206,1409,158,1.0,2.5,10.0
0.0,True,0.75,363.8,0.49946827366182206,1409,158,1.0,2.5,10.0
0.03,False,0.25,116.39999999999999,0.28867235079171744,1659,158,1.0,2.5,10.0
0.03,False,0.5,204.90000000000003,0.28867235079171744,1659,158,1.0,2.5,10.0
0.03,False,0.75,339.75,0.28867235079171744,1659,158,1.0,2.5,10.0
0.03,True,0.25,122.6,0.7113276492082826,4088,158,1.0,2.5,10.0
0.03,True,0.5,224.85000000000002,0.7113276492082826,4088,158,1.0,2.5,10.0
0.03,True,0.75,376.40000000000003,0.7113276492082826,4088,158,1.0,2.5,10.0
0.06,False,0.25,104.1,0.14760981912144702,914,158,1.0,2.5,10.0
0.06,False,0.5,188.60000000000002,0.14760981912144702,914,158,1.0,2.5,10.0
0.06,False,0.75,315.75000000000006,0.14760981912144702,914,158,1.0,2.5,10.0
0.06,True,0.25,108.725,0.852390180878553,5278,158,1.0,2.5,10.0
0.06,True,0.5,191.50000000000003,0.852390180878553,5278,158,1.0,2.5,10.0
0.06,True,0.75,326.07500000000005,0.852390180878553,5278,158,1.0,2.5,10.0
0.09,False,0.25,91.1,0.07389235801367826,497,158,1.0,2.5,10.0
0.09,False,0.5,154.29999999999998,0.07389235801367826,497,158,1.0,2.5,10.0
0.09,False,0.75,259.6000000000001,0.07389235801367826,497,158,1.0,2.5,10.0
0.09,True,0.25,99.4,0.9261076419863218,6229,158,1.0,2.5,10.0
0.09,True,0.5,161.8,0.9261076419863218,6229,158,1.0,2.5,10.0
0.09,True,0.75,267.90000000000003,0.9261076419863218,6229,158,1.0,2.5,10.0
0.12,False,0.25,88.64999999999998,0.032296296296296295,218,158,1.0,2.5,10.0
0.12,False,0.5,126.94999999999999,0.032296296296296295,218,158,1.0,2.5,10.0
0.12,False,0.75,207.00000000000003,0.032296296296296295,218,158,1.0,2.5,10.0
0.12,True,0.25,87.475,0.9677037037037037,6532,158,1.0,2.5,10.0
0.12,True,0.5,139.79999999999998,0.9677037037037037,6532,158,1.0,2.5,10.0
0.12,True,0.75,223.70000000000007,0.9677037037037037,6532,158,1.0,2.5,10.0
0.15,False,0.25,66.625,0.017312206572769953,118,158,1.0,2.5,10.0
0.15,False,0.5,100.35,0.017312206572769953,118,158,1.0,2.5,10.0
0.15,False,0.75,162.99999999999997,0.017312206572769953,118,158,1.0,2.5,10.0
0.15,True,0.25,78.80000000000001,0.98268779342723,6698,158,1.0,2.5,10.0
0.15,True,0.5,119.89999999999998,0.98268779342723,6698,158,1.0,2.5,10.0
0.15,True,0.75,185.125,0.98268779342723,6698,158,1.0,2.5,10.0
0.0,False,0.25,127.0,0.49927272727272726,1373,163,1.0,2.5,10.0
0.0,False,0.5,224.4,0.49927272727272726,1373,163,1.0,2.5,10.0
0.0,False,0.75,379.5,0.49927272727272726,1373,163,1.0,2.5,10.0
0.0,True,0.25,126.1,0.5007272727272727,1377,163,1.0,2.5,10.0
0.0,True,0.5,225.40000000000003,0.5007272727272727,1377,163,1.0,2.5,10.0
0.0,True,0.75,378.4,0.5007272727272727,1377,163,1.0,2.5,10.0
0.03,False,0.25,121.975,0.29515649589089,1688,163,1.0,2.5,10.0
0.03,False,0.5,213.80000000000004,0.29515649589089,1688,163,1.0,2.5,10.0
0.03,False,0.75,354.4000000000001,0.29515649589089,1688,163,1.0,2.5,10.0
0.03,True,0.25,123.05,0.70484350410911,4031,163,1.0,2.5,10.0
0.03,True,0.5,218.90000000000003,0.70484350410911,4031,163,1.0,2.5,10.0
0.03,True,0.75,360.75000000000006,0.70484350410911,4031,163,1.0,2.5,10.0
0.06,False,0.25,106.89999999999999,0.15410737386804657,953,163,1.0,2.5,10.0
0.06,False,0.5,185.70000000000002,0.15410737386804657,953,163,1.0,2.5,10.0
0.06,False,0.75,300.30000000000007,0.15410737386804657,953,163,1.0,2.5,10.0
0.06,True,0.25,111.25,0.8458926261319534,5231,163,1.0,2.5,10.0
0.06,True,0.5,192.80000000000004,0.8458926261319534,5231,163,1.0,2.5,10.0
0.06,True,0.75,318.1,0.8458926261319534,5231,163,1.0,2.5,10.0
0.09,False,0.25,95.39999999999999,0.07045387125482053,475,163,1.0,2.5,10.0
0.09,False,0.5,158.99999999999997,0.07045387125482053,475,163,1.0,2.5,10.0
0.09,False,0.75,249.65000000000003,0.07045387125482053,475,163,1.0,2.5,10.0
0.09,True,0.25,99.75,0.9295461287451795,6267,163,1.0,2.5,10.0
0.09,True,0.5,165.3,0.9295461287451795,6267,163,1.0,2.5,10.0
0.09,True,0.75,276.6000000000001,0.9295461287451795,6267,163,1.0,2.5,10.0
0.12,False,0.25,73.6,0.03217197924388436,217,163,1.0,2.5,10.0
0.12,False,0.5,117.0,0.03217197924388436,217,163,1.0,2.5,10.0
0.12,False,0.75,187.79999999999998,0.03217197924388436,217,163,1.0,2.5,10.0
0.12,True,0.25,88.79999999999998,0.9678280207561156,6528,163,1.0,2.5,10.0
0.12,True,0.5,140.64999999999998,0.9678280207561156,6528,163,1.0,2.5,10.0
0.12,True,0.75,225.10000000000002,0.9678280207561156,6528,163,1.0,2.5,10.0
0.15,False,0.25,66.0,0.01173881144534116,80,163,1.0,2.5,10.0
0.15,False,0.5,97.54999999999998,0.01173881144534116,80,163,1.0,2.5,10.0
0.15,False,0.75,151.27499999999998,0.01173881144534116,80,163,1.0,2.5,10.0
0.15,True,0.25,79.9,0.9882611885546588,6735,163,1.0,2.5,10.0
0.15,True,0.5,120.8,0.9882611885546588,6735,163,1.0,2.5,10.0
0.15,True,0.75,185.29999999999998,0.9882611885546588,6735,163,1.0,2.5,10.0
0.0,False,0.25,124.69999999999999,0.5019593872461703,1409,164,1.0,2.5,10.0
0.0,False,0.5,227.10000000000002,0.5019593872461703,1409,164,1.0,2.5,10.0
0.0,False,0.75,376.40000000000003,0.5019593872461703,1409,164,1.0,2.5,10.0
0.0,True,0.25,124.92499999999998,0.4980406127538297,1398,164,1.0,2.5,10.0
0.0,True,0.5,214.00000000000006,0.4980406127538297,1398,164,1.0,2.5,10.0
0.0,True,0.75,362.65000000000003,0.4980406127538297,1398,164,1.0,2.5,10.0
0.03,False,0.25,117.2,0.2972309849281458,1696,164,1.0,2.5,10.0
0.03,False,0.5,207.14999999999998,0.2972309849281458,1696,164,1.0,2.5,10.0
0.03,False,0.75,358.25,0.2972309849281458,1696,164,1.0,2.5,10.0
0.03,True,0.25,121.52499999999999,0.7027690150718542,4010,164,1.0,2.5,10.0
0.03,True,0.5,212.25,0.7027690150718542,4010,164,1.0,2.5,10.0
0.03,True,0.75,357.27500000000003,0.7027690150718542,4010,164,1.0,2.5,10.0
0.06,False,0.25,103.9,0.16260293880187307,1007,164,1.0,2.5,10.0
0.06,False,0.5,176.0,0.16260293880187307,1007,164,1.0,2.5,10.0
0.06,False,0.75,329.35,0.16260293880187307,1007,164,1.0,2.5,10.0
0.06,True,0.25,110.925,0.837397061198127,5186,164,1.0,2.5,10.0
0.06,True,0.5,193.95,0.837397061198127,5186,164,1.0,2.5,10.0
0.06,True,0.75,325.65000000000003,0.837397061198127,5186,164,1.0,2.5,10.0
0.09,False,0.25,93.95,0.07268951194184839,490,164,1.0,2.5,10.0
0.09,False,0.5,148.2,0.07268951194184839,490,164,1.0,2.5,10.0
0.09,False,0.75,253.77500000000003,0.07268951194184839,490,164,1.0,2.5,10.0
0.09,True,0.25,98.64999999999999,0.9273104880581516,6251,164,1.0,2.5,10.0
0.09,True,0.5,164.6,0.9273104880581516,6251,164,1.0,2.5,10.0
0.09,True,0.75,270.6000000000001,0.9273104880581516,6251,164,1.0,2.5,10.0
0.12,False,0.25,82.65,0.03126852400711322,211,164,1.0,2.5,10.0
0.12,False,0.5,120.6,0.03126852400711322,211,164,1.0,2.5,10.0
0.12,False,0.75,194.25,0.03126852400711322,211,164,1.0,2.5,10.0
0.12,True,0.25,87.9,0.9687314759928868,6537,164,1.0,2.5,10.0
0.12,True,0.5,140.7,0.9687314759928868,6537,164,1.0,2.5,10.0
0.12,True,0.75,226.30000000000004,0.9687314759928868,6537,164,1.0,2.5,10.0
0.15,False,0.25,79.02499999999999,0.01673763030392013,114,164,1.0,2.5,10.0
0.15,False,0.5,107.5,0.01673763030392013,114,164,1.0,2.5,10.0
0.15,False,0.75,156.67499999999998,0.01673763030392013,114,164,1.0,2.5,10.0
0.15,True,0.25,79.49999999999999,0.9832623696960798,6697,164,1.0,2.5,10.0
0.15,True,0.5,120.39999999999999,0.9832623696960798,6697,164,1.0,2.5,10.0
0.15,True,0.75,185.10000000000002,0.9832623696960798,6697,164,1.0,2.5,10.0
0.0,False,0.25,122.07499999999999,0.5008970218873341,1396,165,1.0,2.5,10.0
0.0,False,0.5,224.45000000000005,0.5008970218873341,1396,165,1.0,2.5,10.0
0.0,False,0.75,371.8,0.5008970218873341,1396,165,1.0,2.5,10.0
0.0,True,0.25,128.7,0.49910297811266596,1391,165,1.0,2.5,10.0
0.0,True,0.5,226.50000000000006,0.49910297811266596,1391,165,1.0,2.5,10.0
0.0,True,0.75,368.80000000000007,0.49910297811266596,1391,165,1.0,2.5,10.0
0.03,False,0.25,118.6,0.29952623267239864,1707,165,1.0,2.5,10.0
0.03,False,0.5,213.70000000000005,0.29952623267239864,1707,165,1.0,2.5,10.0
0.03,False,0.75,365.0000000000001,0.29952623267239864,1707,165,1.0,2.5,10.0
0.03,True,0.25,123.39999999999999,0.7004737673276014,3992,165,1.0,2.5,10.0
0.03,True,0.5,220.85000000000002,0.7004737673276014,3992,165,1.0,2.5,10.0
0.03,True,0.75,360.6,0.7004737673276014,3992,165,1.0,2.5,10.0
0.06,False,0.25,114.225,0.1407035175879397,868,165,1.0,2.5,10.0
0.06,False,0.5,191.45,0.1407035175879397,868,165,1.0,2.5,10.0
0.06,False,0.75,311.925,0.1407035175879397,868,165,1.0,2.5,10.0
0.06,True,0.25,113.99999999999999,0.8592964824120602,5301,165,1.0,2.5,10.0
0.06,True,0.5,198.5,0.8592964824120602,5301,165,1.0,2.5,10.0
0.06,True,0.75,333.40000000000003,0.8592964824120602,5301,165,1.0,2.5,10.0
0.09,False,0.25,93.35,0.06994665085951393,472,165,1.0,2.5,10.0
0.09,False,0.5,158.7,0.06994665085951393,472,165,1.0,2.5,10.0
0.09,False,0.75,273.52500000000003,0.06994665085951393,472,165,1.0,2.5,10.0
0.09,True,0.25,101.29999999999998,0.9300533491404861,6276,165,1.0,2.5,10.0
0.09,True,0.5,168.4,0.9300533491404861,6276,165,1.0,2.5,10.0
0.09,True,0.75,271.82500000000005,0.9300533491404861,6276,165,1.0,2.5,10.0
0.12,False,0.25,76.89999999999999,0.028062360801781736,189,165,1.0,2.5,10.0
0.12,False,0.5,119.2,0.028062360801781736,189,165,1.0,2.5,10.0
0.12,False,0.75,214.50000000000006,0.028062360801781736,189,165,1.0,2.5,10.0
0.12,True,0.25,89.825,0.9719376391982183,6546,165,1.0,2.5,10.0
0.12,True,0.5,141.55,0.9719376391982183,6546,165,1.0,2.5,10.0
0.12,True,0.75,227.40000000000003,0.9719376391982183,6546,165,1.0,2.5,10.0
0.15,False,0.25,69.39999999999999,0.014235397710595833,97,165,1.0,2.5,10.0
0.15,False,0.5,114.99999999999999,0.014235397710595833,97,165,1.0,2.5,10.0
0.15,False,0.75,180.6,0.014235397710595833,97,165,1.0,2.5,10.0
0.15,True,0.25,79.0,0.9857646022894042,6717,165,1.0,2.5,10.0
0.15,True,0.5,120.89999999999998,0.9857646022894042,6717,165,1.0,2.5,10.0
0.15,True,0.75,184.3,0.9857646022894042,6717,165,1.0,2.5,10.0
0.0,False,0.25,120.69999999999999,0.5077033321390183,1417,166,1.0,2.5,10.0
0.0,False,0.5,215.00000000000003,0.5077033321390183,1417,166,1.0,2.5,10.0
0.0,False,0.75,375.6,0.5077033321390183,1417,166,1.0,2.5,10.0
0.0,True,0.25,132.325,0.49229666786098175,1374,166,1.0,2.5,10.0
0.0,True,0.5,235.50000000000006,0.49229666786098175,1374,166,1.0,2.5,10.0
0.0,True,0.75,383.67500000000007,0.49229666786098175,1374,166,1.0,2.5,10.0
0.03,False,0.25,119.87499999999999,0.28566445762120685,1638,166,1.0,2.5,10.0
0.03,False,0.5,213.45000000000005,0.28566445762120685,1638,166,1.0,2.5,10.0
0.03,False,0.75,354.05,0.28566445762120685,1638,166,1.0,2.5,10.0
0.03,True,0.25,122.67499999999998,0.7143355423787932,4096,166,1.0,2.5,10.0
0.03,True,0.5,213.55000000000004,0.7143355423787932,4096,166,1.0,2.5,10.0
0.03,True,0.75,349.07500000000005,0.7143355423787932,4096,166,1.0,2.5,10.0
0.06,False,0.25,105.3,0.1507627393703343,929,166,1.0,2.5,10.0
0.06,False,0.5,191.0,0.1507627393703343,929,166,1.0,2.5,10.0
0.06,False,0.75,324.40000000000003,0.1507627393703343,929,166,1.0,2.5,10.0
0.06,True,0.25,112.6,0.8492372606296656,5233,166,1.0,2.5,10.0
0.06,True,0.5,193.3,0.8492372606296656,5233,166,1.0,2.5,10.0
0.06,True,0.75,331.8,0.8492372606296656,5233,166,1.0,2.5,10.0
0.09,False,0.25,99.49999999999999,0.0689604033812843,465,166,1.0,2.5,10.0
0.09,False,0.5,163.1,0.0689604033812843,465,166,1.0,2.5,10.0
0.09,False,0.75,254.60000000000005,0.0689604033812843,465,166,1.0,2.5,10.0
0.09,True,0.25,100.925,0.9310395966187157,6278,166,1.0,2.5,10.0
0.09,True,0.5,167.04999999999995,0.9310395966187157,6278,166,1.0,2.5,10.0
0.09,True,0.75,274.55000000000007,0.9310395966187157,6278,166,1.0,2.5,10.0
0.12,False,0.25,76.65,0.03322456244437852,224,166,1.0,2.5,10.0
0.12,False,0.5,111.9,0.03322456244437852,224,166,1.0,2.5,10.0
0.12,False,0.75,187.85000000000002,0.03322456244437852,224,166,1.0,2.5,10.0
0.12,True,0.25,90.39999999999999,0.9667754375556215,6518,166,1.0,2.5,10.0
0.12,True,0.5,143.2,0.9667754375556215,6518,166,1.0,2.5,10.0
0.12,True,0.75,227.40000000000003,0.9667754375556215,6518,166,1.0,2.5,10.0
0.15,False,0.25,74.80000000000001,0.012474317581449956,85,166,1.0,2.5,10.0
0.15,False,0.5,108.60000000000001,0.012474317581449956,85,166,1.0,2.5,10.0
0.15,False,0.75,171.0,0.012474317581449956,85,166,1.0,2.5,10.0
0.15,True,0.25,77.80000000000001,0.9875256824185501,6729,166,1.0,2.5,10.0
0.15,True,0.5,117.49999999999999,0.9875256824185501,6729,166,1.0,2.5,10.0
0.15,True,0.75,182.9,0.9875256824185501,6729,166,1.0,2.5,10.0
0.0,False,0.25,130.14999999999998,0.5073555794761392,1414,171,1.0,2.5,10.0
0.0,False,0.5,229.00000000000006,0.5073555794761392,1414,171,1.0,2.5,10.0
0.0,False,0.75,404.67500000000007,0.5073555794761392,1414,171,1.0,2.5,10.0
0.0,True,0.25,130.39999999999998,0.49264442052386076,1373,171,1.0,2.5,10.0
0.0,True,0.5,223.60000000000002,0.49264442052386076,1373,171,1.0,2.5,10.0
0.0,True,0.75,378.9000000000001,0.49264442052386076,1373,171,1.0,2.5,10.0
0.03,False,0.25,124.85,0.29586518415566365,1703,171,1.0,2.5,10.0
0.03,False,0.5,213.90000000000003,0.29586518415566365,1703,171,1.0,2.5,10.0
0.03,False,0.75,370.9,0.29586518415566365,1703,171,1.0,2.5,10.0
0.03,True,0.25,122.39999999999999,0.7041348158443363,4053,171,1.0,2.5,10.0
0.03,True,0.5,220.60000000000005,0.7041348158443363,4053,171,1.0,2.5,10.0
0.03,True,0.75,365.30000000000007,0.7041348158443363,4053,171,1.0,2.5,10.0
0.06,False,0.25,108.00000000000001,0.1433668504703211,884,171,1.0,2.5,10.0
0.06,False,0.5,184.55,0.1433668504703211,884,171,1.0,2.5,10.0
0.06,False,0.75,307.70000000000005,0.1433668504703211,884,171,1.0,2.5,10.0
0.06,True,0.25,113.925,0.8566331495296788,5282,171,1.0,2.5,10.0
0.06,True,0.5,196.70000000000002,0.8566331495296788,5282,171,1.0,2.5,10.0
0.06,True,0.75,322.95000000000005,0.8566331495296788,5282,171,1.0,2.5,10.0
0.09,False,0.25,96.05000000000001,0.06750555144337528,456,171,1.0,2.5,10.0
0.09,False,0.5,166.14999999999998,0.06750555144337528,456,171,1.0,2.5,10.0
0.09,False,0.75,273.15000000000003,0.06750555144337528,456,171,1.0,2.5,10.0
0.09,True,0.25,101.29999999999998,0.9324944485566248,6299,171,1.0,2.5,10.0
0.09,True,0.5,166.1,0.9324944485566248,6299,171,1.0,2.5,10.0
0.09,True,0.75,272.20000000000005,0.9324944485566248,6299,171,1.0,2.5,10.0
0.12,False,0.25,79.67499999999998,0.03352618305889334,226,171,1.0,2.5,10.0
0.12,False,0.5,129.85,0.03352618305889334,226,171,1.0,2.5,10.0
0.12,False,0.75,194.55000000000004,0.03352618305889334,226,171,1.0,2.5,10.0
0.12,True,0.25,89.7,0.9664738169411067,6515,171,1.0,2.5,10.0
0.12,True,0.5,140.1,0.9664738169411067,6515,171,1.0,2.5,10.0
0.12,True,0.75,225.70000000000007,0.9664738169411067,6515,171,1.0,2.5,10.0
0.15,False,0.25,68.675,0.012916483193894025,88,171,1.0,2.5,10.0
0.15,False,0.5,105.45,0.012916483193894025,88,171,1.0,2.5,10.0
0.15,False,0.75,176.57500000000002,0.012916483193894025,88,171,1.0,2.5,10.0
0.15,True,0.25,78.80000000000001,0.987083516806106,6725,171,1.0,2.5,10.0
0.15,True,0.5,119.89999999999998,0.987083516806106,6725,171,1.0,2.5,10.0
0.15,True,0.75,182.5,0.987083516806106,6725,171,1.0,2.5,10.0
0.0,False,0.25,122.2,0.5072979708081168,1425,179,1.0,2.5,10.0
0.0,False,0.5,220.3,0.5072979708081168,1425,179,1.0,2.5,10.0
0.0,False,0.75,377.30000000000007,0.5072979708081168,1425,179,1.0,2.5,10.0
0.0,True,0.25,119.74999999999999,0.4927020291918832,1384,179,1.0,2.5,10.0
0.0,True,0.5,214.5,0.4927020291918832,1384,179,1.0,2.5,10.0
0.0,True,0.75,368.40000000000003,0.4927020291918832,1384,179,1.0,2.5,10.0
0.03,False,0.25,116.54999999999998,0.2861145158466118,1634,179,1.0,2.5,10.0
0.03,False,0.5,210.70000000000005,0.2861145158466118,1634,179,1.0,2.5,10.0
0.03,False,0.75,353.45,0.2861145158466118,1634,179,1.0,2.5,10.0
0.03,True,0.25,122.6,0.7138854841533882,4077,179,1.0,2.5,10.0
0.03,True,0.5,214.70000000000002,0.7138854841533882,4077,179,1.0,2.5,10.0
0.03,True,0.75,363.6,0.7138854841533882,4077,179,1.0,2.5,10.0
0.06,False,0.25,100.54999999999998,0.15408196192320103,955,179,1.0,2.5,10.0
0.06,False,0.5,179.00000000000003,0.15408196192320103,955,179,1.0,2.5,10.0
0.06,False,0.75,312.90000000000003,0.15408196192320103,955,179,1.0,2.5,10.0
0.06,True,0.25,111.6,0.845918038076799,5243,179,1.0,2.5,10.0
0.06,True,0.5,189.50000000000003,0.845918038076799,5243,179,1.0,2.5,10.0
0.06,True,0.75,316.0,0.845918038076799,5243,179,1.0,2.5,10.0
0.09,False,0.25,84.99999999999999,0.06764357608052102,457,179,1.0,2.5,10.0
0.09,False,0.5,138.3,0.06764357608052102,457,179,1.0,2.5,10.0
0.09,False,0.75,237.10000000000002,0.06764357608052102,457,179,1.0,2.5,10.0
0.09,True,0.25,99.69999999999999,0.9323564239194789,6299,179,1.0,2.5,10.0
0.09,True,0.5,165.1,0.9323564239194789,6299,179,1.0,2.5,10.0
0.09,True,0.75,273.40000000000003,0.9323564239194789,6299,179,1.0,2.5,10.0
0.12,False,0.25,80.775,0.02786836643937148,188,179,1.0,2.5,10.0
0.12,False,0.5,135.04999999999998,0.02786836643937148,188,179,1.0,2.5,10.0
0.12,False,0.75,213.10000000000005,0.02786836643937148,188,179,1.0,2.5,10.0
0.12,True,0.25,86.79999999999998,0.9721316335606285,6558,179,1.0,2.5,10.0
0.12,True,0.5,136.55,0.9721316335606285,6558,179,1.0,2.5,10.0
0.12,True,0.75,215.20000000000005,0.9721316335606285,6558,179,1.0,2.5,10.0
0.15,False,0.25,78.9,0.016287600880410858,111,179,1.0,2.5,10.0
0.15,False,0.5,104.80000000000001,0.016287600880410858,111,179,1.0,2.5,10.0
0.15,False,0.75,190.2,0.016287600880410858,111,179,1.0,2.5,10.0
0.15,True,0.25,77.69999999999999,0.9837123991195892,6704,179,1.0,2.5,10.0
0.15,True,0.5,118.39999999999999,0.9837123991195892,6704,179,1.0,2.5,10.0
0.15,True,0.75,181.625,0.9837123991195892,6704,179,1.0,2.5,10.0
0.0,False,0.25,123.8,0.4953670705630791,1390,180,1.0,2.5,10.0
0.0,False,0.5,219.05,0.4953670705630791,1390,180,1.0,2.5,10.0
0.0,False,0.75,371.3500000000001,0.4953670705630791,1390,180,1.0,2.5,10.0
0.0,True,0.25,124.275,0.5046329294369208,1416,180,1.0,2.5,10.0
0.0,True,0.5,231.80000000000007,0.5046329294369208,1416,180,1.0,2.5,10.0
0.0,True,0.75,372.77500000000003,0.5046329294369208,1416,180,1.0,2.5,10.0
0.03,False,0.25,123.94999999999999,0.3090719136339892,1775,180,1.0,2.5,10.0
0.03,False,0.5,218.00000000000003,0.3090719136339892,1775,180,1.0,2.5,10.0
0.03,False,0.75,356.85,0.3090719136339892,1775,180,1.0,2.5,10.0
0.03,True,0.25,117.79999999999998,0.6909280863660108,3968,180,1.0,2.5,10.0
0.03,True,0.5,213.00000000000003,0.6909280863660108,3968,180,1.0,2.5,10.0
0.03,True,0.75,360.32500000000005,0.6909280863660108,3968,180,1.0,2.5,10.0
0.06,False,0.25,103.29999999999998,0.15604786545924967,965,180,1.0,2.5,10.0
0.06,False,0.5,179.7,0.15604786545924967,965,180,1.0,2.5,10.0
0.06,False,0.75,307.00000000000006,0.15604786545924967,965,180,1.0,2.5,10.0
0.06,True,0.25,114.85,0.8439521345407504,5219,180,1.0,2.5,10.0
0.06,True,0.5,193.39999999999998,0.8439521345407504,5219,180,1.0,2.5,10.0
0.06,True,0.75,323.20000000000005,0.8439521345407504,5219,180,1.0,2.5,10.0
0.09,False,0.25,95.64999999999999,0.07336996881033715,494,180,1.0,2.5,10.0
0.09,False,0.5,154.29999999999998,0.07336996881033715,494,180,1.0,2.5,10.0
0.09,False,0.75,254.55,0.07336996881033715,494,180,1.0,2.5,10.0
0.09,True,0.25,100.29999999999998,0.9266300311896628,6239,180,1.0,2.5,10.0
0.09,True,0.5,164.2,0.9266300311896628,6239,180,1.0,2.5,10.0
0.09,True,0.75,270.95000000000005,0.9266300311896628,6239,180,1.0,2.5,10.0
0.12,False,0.25,76.0,0.031607063362516695,213,180,1.0,2.5,10.0
0.12,False,0.5,136.5,0.031607063362516695,213,180,1.0,2.5,10.0
0.12,False,0.75,218.3,0.031607063362516695,213,180,1.0,2.5,10.0
0.12,True,0.25,87.79999999999998,0.9683929366374833,6526,180,1.0,2.5,10.0
0.12,True,0.5,137.2,0.9683929366374833,6526,180,1.0,2.5,10.0
0.12,True,0.75,220.97500000000002,0.9683929366374833,6526,180,1.0,2.5,10.0
0.15,False,0.25,69.32499999999999,0.014969181097739948,102,180,1.0,2.5,10.0
0.15,False,0.5,112.2,0.014969181097739948,102,180,1.0,2.5,10.0
0.15,False,0.75,158.87499999999997,0.014969181097739948,102,180,1.0,2.5,10.0
0.15,True,0.25,80.9,0.9850308189022601,6712,180,1.0,2.5,10.0
0.15,True,0.5,121.54999999999998,0.9850308189022601,6712,180,1.0,2.5,10.0
0.15,True,0.75,187.60000000000002,0.9850308189022601,6712,180,1.0,2.5,10.0
0.0,False,0.25,123.44999999999999,0.504889532777979,1394,181,1.0,2.5,10.0
0.0,False,0.5,220.90000000000003,0.504889532777979,1394,181,1.0,2.5,10.0
0.0,False,0.75,372.0,0.504889532777979,1394,181,1.0,2.5,10.0
0.0,True,0.25,130.1,0.495110467222021,1367,181,1.0,2.5,10.0
0.0,True,0.5,227.60000000000002,0.495110467222021,1367,181,1.0,2.5,10.0
0.0,True,0.75,372.15000000000003,0.495110467222021,1367,181,1.0,2.5,10.0
0.03,False,0.25,120.85,0.2947976878612717,1683,181,1.0,2.5,10.0
0.03,False,0.5,209.40000000000003,0.2947976878612717,1683,181,1.0,2.5,10.0
0.03,False,0.75,345.45000000000005,0.2947976878612717,1683,181,1.0,2.5,10.0
0.03,True,0.25,125.5,0.7052023121387283,4026,181,1.0,2.5,10.0
0.03,True,0.5,222.65000000000003,0.7052023121387283,4026,181,1.0,2.5,10.0
0.03,True,0.75,365.57500000000005,0.7052023121387283,4026,181,1.0,2.5,10.0
0.06,False,0.25,103.04999999999998,0.15117219078415522,935,181,1.0,2.5,10.0
0.06,False,0.5,175.1,0.15117219078415522,935,181,1.0,2.5,10.0
0.06,False,0.75,307.55000000000007,0.15117219078415522,935,181,1.0,2.5,10.0
0.06,True,0.25,115.10000000000001,0.8488278092158448,5250,181,1.0,2.5,10.0
0.06,True,0.5,191.3,0.8488278092158448,5250,181,1.0,2.5,10.0
0.06,True,0.75,324.9750000000001,0.8488278092158448,5250,181,1.0,2.5,10.0
0.09,False,0.25,93.05000000000001,0.07298620382732532,492,181,1.0,2.5,10.0
0.09,False,0.5,155.45,0.07298620382732532,492,181,1.0,2.5,10.0
0.09,False,0.75,271.3,0.07298620382732532,492,181,1.0,2.5,10.0
0.09,True,0.25,99.1,0.9270137961726747,6249,181,1.0,2.5,10.0
0.09,True,0.5,163.8,0.9270137961726747,6249,181,1.0,2.5,10.0
0.09,True,0.75,271.90000000000003,0.9270137961726747,6249,181,1.0,2.5,10.0
0.12,False,0.25,81.60000000000001,0.02966918854769322,200,181,1.0,2.5,10.0
0.12,False,0.5,125.14999999999999,0.02966918854769322,200,181,1.0,2.5,10.0
0.12,False,0.75,209.70000000000005,0.02966918854769322,200,181,1.0,2.5,10.0
0.12,True,0.25,87.79999999999998,0.9703308114523068,6541,181,1.0,2.5,10.0
0.12,True,0.5,137.5,0.9703308114523068,6541,181,1.0,2.5,10.0
0.12,True,0.75,221.10000000000002,0.9703308114523068,6541,181,1.0,2.5,10.0
0.15,False,0.25,71.67499999999998,0.01732491557774189,118,181,1.0,2.5,10.0
0.15,False,0.5,98.9,0.01732491557774189,118,181,1.0,2.5,10.0
0.15,False,0.75,146.075,0.01732491557774189,118,181,1.0,2.5,10.0
0.15,True,0.25,77.39999999999999,0.9826750844222581,6693,181,1.0,2.5,10.0
0.15,True,0.5,118.6,0.9826750844222581,6693,181,1.0,2.5,10.0
0.15,True,0.75,183.60000000000002,0.9826750844222581,6693,181,1.0,2.5,10.0
0.0,False,0.25,120.8,0.5044851094366702,1406,190,1.0,2.5,10.0
0.0,False,0.5,216.80000000000004,0.5044851094366702,1406,190,1.0,2.5,10.0
0.0,False,0.75,376.92500000000007,0.5044851094366702,1406,190,1.0,2.5,10.0
0.0,True,0.25,123.60000000000001,0.49551489056332976,1381,190,1.0,2.5,10.0
0.0,True,0.5,225.20000000000002,0.49551489056332976,1381,190,1.0,2.5,10.0
0.0,True,0.75,377.8,0.49551489056332976,1381,190,1.0,2.5,10.0
0.03,False,0.25,115.35,0.29891684136967156,1711,190,1.0,2.5,10.0
0.03,False,0.5,211.2,0.29891684136967156,1711,190,1.0,2.5,10.0
0.03,False,0.75,346.5,0.29891684136967156,1711,190,1.0,2.5,10.0
0.03,True,0.25,126.0,0.7010831586303284,4013,190,1.0,2.5,10.0
0.03,True,0.5,214.40000000000006,0.7010831586303284,4013,190,1.0,2.5,10.0
0.03,True,0.75,364.70000000000005,0.7010831586303284,4013,190,1.0,2.5,10.0
0.06,False,0.25,104.025,0.1478359539633652,912,190,1.0,2.5,10.0
0.06,False,0.5,182.3,0.1478359539633652,912,190,1.0,2.5,10.0
0.06,False,0.75,301.62500000000006,0.1478359539633652,912,190,1.0,2.5,10.0
0.06,True,0.25,116.79999999999998,0.8521640460366348,5257,190,1.0,2.5,10.0
0.06,True,0.5,199.20000000000002,0.8521640460366348,5257,190,1.0,2.5,10.0
0.06,True,0.75,331.6,0.8521640460366348,5257,190,1.0,2.5,10.0
0.09,False,0.25,84.54999999999998,0.06889383815887157,464,190,1.0,2.5,10.0
0.09,False,0.5,139.89999999999998,0.06889383815887157,464,190,1.0,2.5,10.0
0.09,False,0.75,268.32500000000005,0.06889383815887157,464,190,1.0,2.5,10.0
0.09,True,0.25,99.29999999999998,0.9311061618411285,6271,190,1.0,2.5,10.0
0.09,True,0.5,166.6,0.9311061618411285,6271,190,1.0,2.5,10.0
0.09,True,0.75,273.1,0.9311061618411285,6271,190,1.0,2.5,10.0
0.12,False,0.25,72.29999999999998,0.03367952522255193,227,190,1.0,2.5,10.0
0.12,False,0.5,127.3,0.03367952522255193,227,190,1.0,2.5,10.0
0.12,False,0.75,218.80000000000004,0.03367952522255193,227,190,1.0,2.5,10.0
0.12,True,0.25,89.59999999999998,0.9663204747774481,6513,190,1.0,2.5,10.0
0.12,True,0.5,141.0,0.9663204747774481,6513,190,1.0,2.5,10.0
0.12,True,0.75,227.00000000000003,0.9663204747774481,6513,190,1.0,2.5,10.0
0.15,False,0.25,73.09999999999998,0.013644366197183098,93,190,1.0,2.5,10.0
0.15,False,0.5,104.29999999999998,0.013644366197183098,93,190,1.0,2.5,10.0
0.15,False,0.75,164.99999999999997,0.013644366197183098,93,190,1.0,2.5,10.0
0.15,True,0.25,78.39999999999999,0.9863556338028169,6723,190,1.0,2.5,10.0
0.15,True,0.5,120.0,0.9863556338028169,6723,190,1.0,2.5,10.0
0.15,True,0.75,184.4,0.9863556338028169,6723,190,1.0,2.5,10.0
0.0,False,0.25,125.77499999999999,0.49313087490961677,1364,204,1.0,2.5,10.0
0.0,False,0.5,223.20000000000005,0.49313087490961677,1364,204,1.0,2.5,10.0
0.0,False,0.75,366.65000000000003,0.49313087490961677,1364,204,1.0,2.5,10.0
0.0,True,0.25,129.6,0.5068691250903832,1402,204,1.0,2.5,10.0
0.0,True,0.5,225.00000000000006,0.5068691250903832,1402,204,1.0,2.5,10.0
0.0,True,0.75,374.57500000000005,0.5068691250903832,1402,204,1.0,2.5,10.0
0.03,False,0.25,116.6,0.2795227232847868,1593,204,1.0,2.5,10.0
0.03,False,0.5,202.00000000000003,0.2795227232847868,1593,204,1.0,2.5,10.0
0.03,False,0.75,339.40000000000003,0.2795227232847868,1593,204,1.0,2.5,10.0
0.03,True,0.25,123.225,0.7204772767152132,4106,204,1.0,2.5,10.0
0.03,True,0.5,218.85000000000002,0.7204772767152132,4106,204,1.0,2.5,10.0
0.03,True,0.75,365.9,0.7204772767152132,4106,204,1.0,2.5,10.0
0.06,False,0.25,107.125,0.15352226720647774,948,204,1.0,2.5,10.0
0.06,False,0.5,193.7,0.15352226720647774,948,204,1.0,2.5,10.0
0.06,False,0.75,323.55,0.15352226720647774,948,204,1.0,2.5,10.0
0.06,True,0.25,113.85,0.8464777327935222,5227,204,1.0,2.5,10.0
0.06,True,0.5,192.6,0.8464777327935222,5227,204,1.0,2.5,10.0
0.06,True,0.75,324.8,0.8464777327935222,5227,204,1.0,2.5,10.0
0.09,False,0.25,93.10000000000001,0.0727782698553292,493,204,1.0,2.5,10.0
0.09,False,0.5,154.39999999999998,0.0727782698553292,493,204,1.0,2.5,10.0
0.09,False,0.75,274.90000000000003,0.0727782698553292,493,204,1.0,2.5,10.0
0.09,True,0.25,102.29999999999998,0.9272217301446708,6281,204,1.0,2.5,10.0
0.09,True,0.5,168.29999999999998,0.9272217301446708,6281,204,1.0,2.5,10.0
0.09,True,0.75,277.5,0.9272217301446708,6281,204,1.0,2.5,10.0
0.12,False,0.25,91.1,0.029795434331455678,201,204,1.0,2.5,10.0
0.12,False,0.5,138.7,0.029795434331455678,201,204,1.0,2.5,10.0
0.12,False,0.75,224.00000000000003,0.029795434331455678,201,204,1.0,2.5,10.0
0.12,True,0.25,87.39999999999999,0.9702045656685443,6545,204,1.0,2.5,10.0
0.12,True,0.5,137.99999999999997,0.9702045656685443,6545,204,1.0,2.5,10.0
0.12,True,0.75,220.90000000000003,0.9702045656685443,6545,204,1.0,2.5,10.0
0.15,False,0.25,68.0,0.015120375807398709,103,204,1.0,2.5,10.0
0.15,False,0.5,102.2,0.015120375807398709,103,204,1.0,2.5,10.0
0.15,False,0.75,178.7,0.015120375807398709,103,204,1.0,2.5,10.0
0.15,True,0.25,78.60000000000001,0.9848796241926013,6709,204,1.0,2.5,10.0
0.15,True,0.5,119.39999999999999,0.9848796241926013,6709,204,1.0,2.5,10.0
0.15,True,0.75,183.7,0.9848796241926013,6709,204,1.0,2.5,10.0
0.0,False,0.25,122.82499999999999,0.49786628733997157,1400,207,1.0,2.5,10.0
0.0,False,0.5,227.95000000000002,0.49786628733997157,1400,207,1.0,2.5,10.0
0.0,False,0.75,370.55,0.49786628733997157,1400,207,1.0,2.5,10.0
0.0,True,0.25,117.37499999999999,0.5021337126600285,1412,207,1.0,2.5,10.0
0.0,True,0.5,204.60000000000002,0.5021337126600285,1412,207,1.0,2.5,10.0
0.0,True,0.75,374.25,0.5021337126600285,1412,207,1.0,2.5,10.0
0.03,False,0.25,122.39999999999999,0.29285839620986137,1669,207,1.0,2.5,10.0
0.03,False,0.5,215.80000000000004,0.29285839620986137,1669,207,1.0,2.5,10.0
0.03,False,0.75,361.8,0.29285839620986137,1669,207,1.0,2.5,10.0
0.03,True,0.25,118.2,0.7071416037901386,4030,207,1.0,2.5,10.0
0.03,True,0.5,213.70000000000005,0.7071416037901386,4030,207,1.0,2.5,10.0
0.03,True,0.75,356.90000000000003,0.7071416037901386,4030,207,1.0,2.5,10.0
0.06,False,0.25,109.14999999999999,0.1478429471643238,915,207,1.0,2.5,10.0
0.06,False,0.5,191.39999999999998,0.1478429471643238,915,207,1.0,2.5,10.0
0.06,False,0.75,319.55000000000007,0.1478429471643238,915,207,1.0,2.5,10.0
0.06,True,0.25,111.69999999999999,0.8521570528356762,5274,207,1.0,2.5,10.0
0.06,True,0.5,192.1,0.8521570528356762,5274,207,1.0,2.5,10.0
0.06,True,0.75,325.45,0.8521570528356762,5274,207,1.0,2.5,10.0
0.09,False,0.25,100.64999999999999,0.06801007556675064,459,207,1.0,2.5,10.0
0.09,False,0.5,155.79999999999998,0.06801007556675064,459,207,1.0,2.5,10.0
0.09,False,0.75,244.90000000000003,0.06801007556675064,459,207,1.0,2.5,10.0
0.09,True,0.25,101.125,0.9319899244332494,6290,207,1.0,2.5,10.0
0.09,True,0.5,168.75,0.9319899244332494,6290,207,1.0,2.5,10.0
0.09,True,0.75,276.7750000000001,0.9319899244332494,6290,207,1.0,2.5,10.0
0.12,False,0.25,83.69999999999999,0.029520842604954755,199,207,1.0,2.5,10.0
0.12,False,0.5,130.7,0.029520842604954755,199,207,1.0,2.5,10.0
0.12,False,0.75,197.15,0.029520842604954755,199,207,1.0,2.5,10.0
0.12,True,0.25,86.39999999999999,0.9704791573950452,6542,207,1.0,2.5,10.0
0.12,True,0.5,139.6,0.9704791573950452,6542,207,1.0,2.5,10.0
0.12,True,0.75,223.07500000000002,0.9704791573950452,6542,207,1.0,2.5,10.0
0.15,False,0.25,71.39999999999998,0.012769704975781594,87,207,1.0,2.5,10.0
0.15,False,0.5,114.2,0.012769704975781594,87,207,1.0,2.5,10.0
0.15,False,0.75,200.7,0.012769704975781594,87,207,1.0,2.5,10.0
0.15,True,0.25,78.89999999999999,0.9872302950242184,6726,207,1.0,2.5,10.0
0.15,True,0.5,119.29999999999998,0.9872302950242184,6726,207,1.0,2.5,10.0
0.15,True,0.75,182.17499999999995,0.9872302950242184,6726,207,1.0,2.5,10.0
0.0,False,0.25,115.84999999999998,0.4935576234788833,1379,209,1.0,2.5,10.0
0.0,False,0.5,212.70000000000002,0.4935576234788833,1379,209,1.0,2.5,10.0
0.0,False,0.75,366.85,0.4935576234788833,1379,209,1.0,2.5,10.0
0.0,True,0.25,123.94999999999999,0.5064423765211167,1415,209,1.0,2.5,10.0
0.0,True,0.5,218.3,0.5064423765211167,1415,209,1.0,2.5,10.0
0.0,True,0.75,355.65000000000003,0.5064423765211167,1415,209,1.0,2.5,10.0
0.03,False,0.25,118.87499999999997,0.29519013717659315,1700,209,1.0,2.5,10.0
0.03,False,0.5,216.35000000000005,0.29519013717659315,1700,209,1.0,2.5,10.0
0.03,False,0.75,359.80000000000007,0.29519013717659315,1700,209,1.0,2.5,10.0
0.03,True,0.25,121.3,0.7048098628234069,4059,209,1.0,2.5,10.0
0.03,True,0.5,211.30000000000004,0.7048098628234069,4059,209,1.0,2.5,10.0
0.03,True,0.75,359.05000000000007,0.7048098628234069,4059,209,1.0,2.5,10.0
0.06,False,0.25,102.82499999999999,0.15324927255092144,948,209,1.0,2.5,10.0
0.06,False,0.5,174.39999999999998,0.15324927255092144,948,209,1.0,2.5,10.0
0.06,False,0.75,299.52500000000003,0.15324927255092144,948,209,1.0,2.5,10.0
0.06,True,0.25,111.625,0.8467507274490785,5238,209,1.0,2.5,10.0
0.06,True,0.5,190.1,0.8467507274490785,5238,209,1.0,2.5,10.0
0.06,True,0.75,323.00000000000006,0.8467507274490785,5238,209,1.0,2.5,10.0
0.09,False,0.25,94.10000000000001,0.06930840011872959,467,209,1.0,2.5,10.0
0.09,False,0.5,165.9,0.06930840011872959,467,209,1.0,2.5,10.0
0.09,False,0.75,289.30000000000007,0.06930840011872959,467,209,1.0,2.5,10.0
0.09,True,0.25,101.6,0.9306915998812704,6271,209,1.0,2.5,10.0
0.09,True,0.5,166.4,0.9306915998812704,6271,209,1.0,2.5,10.0
0.09,True,0.75,274.05000000000007,0.9306915998812704,6271,209,1.0,2.5,10.0
0.12,False,0.25,78.02499999999999,0.03771903771903772,254,209,1.0,2.5,10.0
0.12,False,0.5,128.95,0.03771903771903772,254,209,1.0,2.5,10.0
0.12,False,0.75,217.45000000000007,0.03771903771903772,254,209,1.0,2.5,10.0
0.12,True,0.25,90.30000000000001,0.9622809622809623,6480,209,1.0,2.5,10.0
0.12,True,0.5,143.84999999999997,0.9622809622809623,6480,209,1.0,2.5,10.0
0.12,True,0.75,226.02500000000003,0.9622809622809623,6480,209,1.0,2.5,10.0
0.15,False,0.25,69.2,0.015409451130026416,105,209,1.0,2.5,10.0
0.15,False,0.5,105.89999999999999,0.015409451130026416,105,209,1.0,2.5,10.0
0.15,False,0.75,165.9,0.015409451130026416,105,209,1.0,2.5,10.0
0.15,True,0.25,77.1,0.9845905488699735,6709,209,1.0,2.5,10.0
0.15,True,0.5,117.49999999999999,0.9845905488699735,6709,209,1.0,2.5,10.0
0.15,True,0.75,180.6,0.9845905488699735,6709,209,1.0,2.5,10.0
0.0,False,0.25,124.77499999999999,0.4942938659058488,1386,211,1.0,2.5,10.0
0.0,False,0.5,210.95000000000005,0.4942938659058488,1386,211,1.0,2.5,10.0
0.0,False,0.75,361.725,0.4942938659058488,1386,211,1.0,2.5,10.0
0.0,True,0.25,129.125,0.5057061340941512,1418,211,1.0,2.5,10.0
0.0,True,0.5,221.40000000000003,0.5057061340941512,1418,211,1.0,2.5,10.0
0.0,True,0.75,372.525,0.5057061340941512,1418,211,1.0,2.5,10.0
0.03,False,0.25,113.99999999999999,0.30877989177866993,1769,211,1.0,2.5,10.0
0.03,False,0.5,206.4,0.30877989177866993,1769,211,1.0,2.5,10.0
0.03,False,0.75,354.1,0.30877989177866993,1769,211,1.0,2.5,10.0
0.03,True,0.25,123.975,0.6912201082213301,3960,211,1.0,2.5,10.0
0.03,True,0.5,215.75000000000006,0.6912201082213301,3960,211,1.0,2.5,10.0
0.03,True,0.75,364.35,0.6912201082213301,3960,211,1.0,2.5,10.0
0.06,False,0.25,104.9,0.14301911240686752,883,211,1.0,2.5,10.0
0.06,False,0.5,186.6,0.14301911240686752,883,211,1.0,2.5,10.0
0.06,False,0.75,321.0,0.14301911240686752,883,211,1.0,2.5,10.0
0.06,True,0.25,112.69999999999999,0.8569808875931325,5291,211,1.0,2.5,10.0
0.06,True,0.5,192.7,0.8569808875931325,5291,211,1.0,2.5,10.0
0.06,True,0.75,326.35,0.8569808875931325,5291,211,1.0,2.5,10.0
0.09,False,0.25,85.95,0.06745737583395107,455,211,1.0,2.5,10.0
0.09,False,0.5,163.89999999999998,0.06745737583395107,455,211,1.0,2.5,10.0
0.09,False,0.75,284.15000000000003,0.06745737583395107,455,211,1.0,2.5,10.0
0.09,True,0.25,99.6,0.9325426241660489,6290,211,1.0,2.5,10.0
0.09,True,0.5,165.3,0.9325426241660489,6290,211,1.0,2.5,10.0
0.09,True,0.75,271.30000000000007,0.9325426241660489,6290,211,1.0,2.5,10.0
0.12,False,0.25,78.45,0.033056626148828934,223,211,1.0,2.5,10.0
0.12,False,0.5,116.39999999999999,0.033056626148828934,223,211,1.0,2.5,10.0
0.12,False,0.75,194.2,0.033056626148828934,223,211,1.0,2.5,10.0
0.12,True,0.25,89.85,0.966943373851171,6523,211,1.0,2.5,10.0
0.12,True,0.5,141.5,0.966943373851171,6523,211,1.0,2.5,10.0
0.12,True,0.75,227.25000000000006,0.966943373851171,6523,211,1.0,2.5,10.0
0.15,False,0.25,70.69999999999999,0.014239577216676453,97,211,1.0,2.5,10.0
0.15,False,0.5,111.10000000000001,0.014239577216676453,97,211,1.0,2.5,10.0
0.15,False,0.75,146.5,0.014239577216676453,97,211,1.0,2.5,10.0
0.15,True,0.25,79.3,0.9857604227833235,6715,211,1.0,2.5,10.0
0.15,True,0.5,119.79999999999998,0.9857604227833235,6715,211,1.0,2.5,10.0
0.15,True,0.75,181.4,0.9857604227833235,6715,211,1.0,2.5,10.0
0.0,False,0.25,124.25,0.5077589317935763,1407,220,1.0,2.5,10.0
0.0,False,0.5,216.10000000000005,0.5077589317935763,1407,220,1.0,2.5,10.0
0.0,False,0.75,362.75000000000006,0.5077589317935763,1407,220,1.0,2.5,10.0
0.0,True,0.25,122.6,0.49224106820642366,1364,220,1.0,2.5,10.0
0.0,True,0.5,216.25,0.49224106820642366,1364,220,1.0,2.5,10.0
0.0,True,0.75,375.2,0.49224106820642366,1364,220,1.0,2.5,10.0
0.03,False,0.25,116.89999999999999,0.2762402088772846,1587,220,1.0,2.5,10.0
0.03,False,0.5,213.50000000000003,0.2762402088772846,1587,220,1.0,2.5,10.0
0.03,False,0.75,369.0,0.2762402088772846,1587,220,1.0,2.5,10.0
0.03,True,0.25,119.69999999999999,0.7237597911227154,4158,220,1.0,2.5,10.0
0.03,True,0.5,215.80000000000004,0.7237597911227154,4158,220,1.0,2.5,10.0
0.03,True,0.75,359.57500000000005,0.7237597911227154,4158,220,1.0,2.5,10.0
0.06,False,0.25,112.5,0.1508460918614021,936,220,1.0,2.5,10.0
0.06,False,0.5,185.1,0.1508460918614021,936,220,1.0,2.5,10.0
0.06,False,0.75,305.32500000000005,0.1508460918614021,936,220,1.0,2.5,10.0
0.06,True,0.25,111.10000000000001,0.8491539081385979,5269,220,1.0,2.5,10.0
0.06,True,0.5,190.6,0.8491539081385979,5269,220,1.0,2.5,10.0
0.06,True,0.75,324.70000000000005,0.8491539081385979,5269,220,1.0,2.5,10.0
0.09,False,0.25,93.725,0.07191476768274638,486,220,1.0,2.5,10.0
0.09,False,0.5,164.45,0.07191476768274638,486,220,1.0,2.5,10.0
0.09,False,0.75,267.75,0.07191476768274638,486,220,1.0,2.5,10.0
0.09,True,0.25,99.6,0.9280852323172536,6272,220,1.0,2.5,10.0
0.09,True,0.5,165.25,0.9280852323172536,6272,220,1.0,2.5,10.0
0.09,True,0.75,272.6000000000001,0.9280852323172536,6272,220,1.0,2.5,10.0
0.12,False,0.25,76.89999999999999,0.029228486646884273,197,220,1.0,2.5,10.0
0.12,False,0.5,120.39999999999999,0.029228486646884273,197,220,1.0,2.5,10.0
0.12,False,0.75,206.60000000000002,0.029228486646884273,197,220,1.0,2.5,10.0
0.12,True,0.25,87.14999999999999,0.9707715133531157,6543,220,1.0,2.5,10.0
0.12,True,0.5,136.79999999999998,0.9707715133531157,6543,220,1.0,2.5,10.0
0.12,True,0.75,215.15000000000003,0.9707715133531157,6543,220,1.0,2.5,10.0
0.15,False,0.25,74.77499999999999,0.013791079812206572,94,220,1.0,2.5,10.0
0.15,False,0.5,108.10000000000001,0.013791079812206572,94,220,1.0,2.5,10.0
0.15,False,0.75,165.3,0.013791079812206572,94,220,1.0,2.5,10.0
0.15,True,0.25,79.80000000000001,0.9862089201877934,6722,220,1.0,2.5,10.0
0.15,True,0.5,119.79999999999998,0.9862089201877934,6722,220,1.0,2.5,10.0
0.15,True,0.75,184.6,0.9862089201877934,6722,220,1.0,2.5,10.0
0.0,False,0.25,128.6,0.519203413940256,1460,221,1.0,2.5,10.0
0.0,False,0.5,227.25000000000006,0.519203413940256,1460,221,1.0,2.5,10.0
0.0,False,0.75,377.25,0.519203413940256,1460,221,1.0,2.5,10.0
0.0,True,0.25,123.02499999999999,0.48079658605974396,1352,221,1.0,2.5,10.0
0.0,True,0.5,221.05,0.48079658605974396,1352,221,1.0,2.5,10.0
0.0,True,0.75,373.15,0.48079658605974396,1352,221,1.0,2.5,10.0
0.03,False,0.25,119.89999999999998,0.2967261389225706,1713,221,1.0,2.5,10.0
0.03,False,0.5,209.70000000000005,0.2967261389225706,1713,221,1.0,2.5,10.0
0.03,False,0.75,352.40000000000003,0.2967261389225706,1713,221,1.0,2.5,10.0
0.03,True,0.25,125.25,0.7032738610774294,4060,221,1.0,2.5,10.0
0.03,True,0.5,223.65000000000003,0.7032738610774294,4060,221,1.0,2.5,10.0
0.03,True,0.75,365.725,0.7032738610774294,4060,221,1.0,2.5,10.0
0.06,False,0.25,111.69999999999999,0.1587892521851732,981,221,1.0,2.5,10.0
0.06,False,0.5,192.9,0.1587892521851732,981,221,1.0,2.5,10.0
0.06,False,0.75,326.70000000000005,0.1587892521851732,981,221,1.0,2.5,10.0
0.06,True,0.25,113.79999999999998,0.8412107478148269,5197,221,1.0,2.5,10.0
0.06,True,0.5,195.8,0.8412107478148269,5197,221,1.0,2.5,10.0
0.06,True,0.75,328.6000000000001,0.8412107478148269,5197,221,1.0,2.5,10.0
0.09,False,0.25,95.80000000000001,0.07208543458914268,486,221,1.0,2.5,10.0
0.09,False,0.5,151.64999999999998,0.07208543458914268,486,221,1.0,2.5,10.0
0.09,False,0.75,265.67500000000007,0.07208543458914268,486,221,1.0,2.5,10.0
0.09,True,0.25,99.6,0.9279145654108573,6256,221,1.0,2.5,10.0
0.09,True,0.5,165.3,0.9279145654108573,6256,221,1.0,2.5,10.0
0.09,True,0.75,272.1,0.9279145654108573,6256,221,1.0,2.5,10.0
0.12,False,0.25,76.0,0.028727972752850585,194,221,1.0,2.5,10.0
0.12,False,0.5,114.64999999999999,0.028727972752850585,194,221,1.0,2.5,10.0
0.12,False,0.75,190.70000000000002,0.028727972752850585,194,221,1.0,2.5,10.0
0.12,True,0.25,89.05,0.9712720272471494,6559,221,1.0,2.5,10.0
0.12,True,0.5,140.3,0.9712720272471494,6559,221,1.0,2.5,10.0
0.12,True,0.75,225.00000000000003,0.9712720272471494,6559,221,1.0,2.5,10.0
0.15,False,0.25,61.425,0.016434336023477623,112,221,1.0,2.5,10.0
0.15,False,0.5,91.35,0.016434336023477623,112,221,1.0,2.5,10.0
0.15,False,0.75,156.77499999999998,0.016434336023477623,112,221,1.0,2.5,10.0
0.15,True,0.25,78.39999999999999,0.9835656639765223,6703,221,1.0,2.5,10.0
0.15,True,0.5,119.0,0.9835656639765223,6703,221,1.0,2.5,10.0
0.15,True,0.75,183.10000000000002,0.9835656639765223,6703,221,1.0,2.5,10.0
0.0,False,0.25,120.375,0.4864091559370529,1360,223,1.0,2.5,10.0
0.0,False,0.5,219.60000000000005,0.4864091559370529,1360,223,1.0,2.5,10.0
0.0,False,0.75,380.975,0.4864091559370529,1360,223,1.0,2.5,10.0
0.0,True,0.25,125.725,0.5135908440629471,1436,223,1.0,2.5,10.0
0.0,True,0.5,219.25000000000003,0.5135908440629471,1436,223,1.0,2.5,10.0
0.0,True,0.75,374.375,0.5135908440629471,1436,223,1.0,2.5,10.0
0.03,False,0.25,118.69999999999999,0.2935540069686411,1685,223,1.0,2.5,10.0
0.03,False,0.5,210.70000000000002,0.2935540069686411,1685,223,1.0,2.5,10.0
0.03,False,0.75,360.6,0.2935540069686411,1685,223,1.0,2.5,10.0
0.03,True,0.25,120.1,0.7064459930313589,4055,223,1.0,2.5,10.0
0.03,True,0.5,211.80000000000004,0.7064459930313589,4055,223,1.0,2.5,10.0
0.03,True,0.75,355.20000000000005,0.7064459930313589,4055,223,1.0,2.5,10.0
0.06,False,0.25,101.52499999999999,0.1432027092404451,888,223,1.0,2.5,10.0
0.06,False,0.5,181.29999999999998,0.1432027092404451,888,223,1.0,2.5,10.0
0.06,False,0.75,300.35,0.1432027092404451,888,223,1.0,2.5,10.0
0.06,True,0.25,109.5,0.8567972907595549,5313,223,1.0,2.5,10.0
0.06,True,0.5,188.8,0.8567972907595549,5313,223,1.0,2.5,10.0
0.06,True,0.75,326.3,0.8567972907595549,5313,223,1.0,2.5,10.0
0.09,False,0.25,94.0,0.06543026706231454,441,223,1.0,2.5,10.0
0.09,False,0.5,147.60000000000002,0.06543026706231454,441,223,1.0,2.5,10.0
0.09,False,0.75,251.90000000000006,0.06543026706231454,441,223,1.0,2.5,10.0
0.09,True,0.25,98.94999999999999,0.9345697329376854,6299,223,1.0,2.5,10.0
0.09,True,0.5,165.5,0.9345697329376854,6299,223,1.0,2.5,10.0
0.09,True,0.75,274.75000000000006,0.9345697329376854,6299,223,1.0,2.5,10.0
0.12,False,0.25,72.95,0.03023566029346376,204,223,1.0,2.5,10.0
0.12,False,0.5,125.6,0.03023566029346376,204,223,1.0,2.5,10.0
0.12,False,0.75,212.27500000000003,0.03023566029346376,204,223,1.0,2.5,10.0
0.12,True,0.25,86.39999999999999,0.9697643397065362,6543,223,1.0,2.5,10.0
0.12,True,0.5,137.1,0.9697643397065362,6543,223,1.0,2.5,10.0
0.12,True,0.75,218.70000000000005,0.9697643397065362,6543,223,1.0,2.5,10.0
0.15,False,0.25,74.25,0.013801203934811334,94,223,1.0,2.5,10.0
0.15,False,0.5,108.5,0.013801203934811334,94,223,1.0,2.5,10.0
0.15,False,0.75,171.125,0.013801203934811334,94,223,1.0,2.5,10.0
0.15,True,0.25,78.89999999999999,0.9861987960651887,6717,223,1.0,2.5,10.0
0.15,True,0.5,121.2,0.9861987960651887,6717,223,1.0,2.5,10.0
0.15,True,0.75,183.2,0.9861987960651887,6717,223,1.0,2.5,10.0
0.0,False,0.25,127.82499999999999,0.4973319103521878,1398,226,1.0,2.5,10.0
0.0,False,0.5,231.35000000000002,0.4973319103521878,1398,226,1.0,2.5,10.0
0.0,False,0.75,390.25,0.4973319103521878,1398,226,1.0,2.5,10.0
0.0,True,0.25,126.5,0.5026680896478122,1413,226,1.0,2.5,10.0
0.0,True,0.5,224.00000000000003,0.5026680896478122,1413,226,1.0,2.5,10.0
0.0,True,0.75,376.0,0.5026680896478122,1413,226,1.0,2.5,10.0
0.03,False,0.25,125.54999999999998,0.29350104821802936,1680,226,1.0,2.5,10.0
0.03,False,0.5,212.60000000000005,0.29350104821802936,1680,226,1.0,2.5,10.0
0.03,False,0.75,366.05000000000007,0.29350104821802936,1680,226,1.0,2.5,10.0
0.03,True,0.25,124.975,0.7064989517819706,4044,226,1.0,2.5,10.0
0.03,True,0.5,218.50000000000006,0.7064989517819706,4044,226,1.0,2.5,10.0
0.03,True,0.75,367.75,0.7064989517819706,4044,226,1.0,2.5,10.0
0.06,False,0.25,102.8,0.1482619240097009,917,226,1.0,2.5,10.0
0.06,False,0.5,171.29999999999998,0.1482619240097009,917,226,1.0,2.5,10.0
0.06,False,0.75,285.90000000000003,0.1482619240097009,917,226,1.0,2.5,10.0
0.06,True,0.25,111.39999999999999,0.8517380759902992,5268,226,1.0,2.5,10.0
0.06,True,0.5,193.95,0.8517380759902992,5268,226,1.0,2.5,10.0
0.06,True,0.75,320.20000000000005,0.8517380759902992,5268,226,1.0,2.5,10.0
0.09,False,0.25,93.6,0.06925125776857058,468,226,1.0,2.5,10.0
0.09,False,0.5,157.84999999999997,0.06925125776857058,468,226,1.0,2.5,10.0
0.09,False,0.75,253.15000000000003,0.06925125776857058,468,226,1.0,2.5,10.0
0.09,True,0.25,101.25,0.9307487422314294,6290,226,1.0,2.5,10.0
0.09,True,0.5,168.29999999999998,0.9307487422314294,6290,226,1.0,2.5,10.0
0.09,True,0.75,269.70000000000005,0.9307487422314294,6290,226,1.0,2.5,10.0
0.12,False,0.25,70.57499999999999,0.030244625648628613,204,226,1.0,2.5,10.0
0.12,False,0.5,110.25,0.030244625648628613,204,226,1.0,2.5,10.0
0.12,False,0.75,174.275,0.030244625648628613,204,226,1.0,2.5,10.0
0.12,True,0.25,89.19999999999999,0.9697553743513714,6541,226,1.0,2.5,10.0
0.12,True,0.5,137.79999999999998,0.9697553743513714,6541,226,1.0,2.5,10.0
0.12,True,0.75,222.20000000000005,0.9697553743513714,6541,226,1.0,2.5,10.0
0.15,False,0.25,72.1,0.015698356807511738,107,226,1.0,2.5,10.0
0.15,False,0.5,108.00000000000001,0.015698356807511738,107,226,1.0,2.5,10.0
0.15,False,0.75,183.2,0.015698356807511738,107,226,1.0,2.5,10.0
0.15,True,0.25,79.39999999999999,0.9843016431924883,6709,226,1.0,2.5,10.0
0.15,True,0.5,120.69999999999999,0.9843016431924883,6709,226,1.0,2.5,10.0
0.15,True,0.75,186.1,0.9843016431924883,6709,226,1.0,2.5,10.0
0.0,False,0.25,126.225,0.49477853799063737,1374,231,1.0,2.5,10.0
0.0,False,0.5,221.85000000000005,0.49477853799063737,1374,231,1.0,2.5,10.0
0.0,False,0.75,367.175,0.49477853799063737,1374,231,1.0,2.5,10.0
0.0,True,0.25,128.15,0.5052214620093626,1403,231,1.0,2.5,10.0
0.0,True,0.5,224.00000000000003,0.5052214620093626,1403,231,1.0,2.5,10.0
0.0,True,0.75,368.0,0.5052214620093626,1403,231,1.0,2.5,10.0
0.03,False,0.25,122.02499999999999,0.2988345799269438,1718,231,1.0,2.5,10.0
0.03,False,0.5,215.75000000000003,0.2988345799269438,1718,231,1.0,2.5,10.0
0.03,False,0.75,369.8,0.2988345799269438,1718,231,1.0,2.5,10.0
0.03,True,0.25,120.89999999999998,0.7011654200730562,4031,231,1.0,2.5,10.0
0.03,True,0.5,211.00000000000003,0.7011654200730562,4031,231,1.0,2.5,10.0
0.03,True,0.75,364.30000000000007,0.7011654200730562,4031,231,1.0,2.5,10.0
0.06,False,0.25,106.375,0.15153957762373046,940,231,1.0,2.5,10.0
0.06,False,0.5,172.55,0.15153957762373046,940,231,1.0,2.5,10.0
0.06,False,0.75,308.20000000000005,0.15153957762373046,940,231,1.0,2.5,10.0
0.06,True,0.25,112.4,0.8484604223762695,5263,231,1.0,2.5,10.0
0.06,True,0.5,196.2,0.8484604223762695,5263,231,1.0,2.5,10.0
0.06,True,0.75,330.6,0.8484604223762695,5263,231,1.0,2.5,10.0
0.09,False,0.25,88.39999999999999,0.06760355029585799,457,231,1.0,2.5,10.0
0.09,False,0.5,143.4,0.06760355029585799,457,231,1.0,2.5,10.0
0.09,False,0.75,244.00000000000006,0.06760355029585799,457,231,1.0,2.5,10.0
0.09,True,0.25,99.25,0.932396449704142,6303,231,1.0,2.5,10.0
0.09,True,0.5,166.99999999999997,0.932396449704142,6303,231,1.0,2.5,10.0
0.09,True,0.75,272.40000000000003,0.932396449704142,6303,231,1.0,2.5,10.0
0.12,False,0.25,83.54999999999998,0.034104389086595494,230,231,1.0,2.5,10.0
0.12,False,0.5,128.64999999999998,0.034104389086595494,230,231,1.0,2.5,10.0
0.12,False,0.75,209.25000000000003,0.034104389086595494,230,231,1.0,2.5,10.0
0.12,True,0.25,90.30000000000001,0.9658956109134045,6514,231,1.0,2.5,10.0
0.12,True,0.5,144.09999999999997,0.9658956109134045,6514,231,1.0,2.5,10.0
0.12,True,0.75,225.40000000000003,0.9658956109134045,6514,231,1.0,2.5,10.0
0.15,False,0.25,71.0,0.014528911065453478,99,231,1.0,2.5,10.0
0.15,False,0.5,105.2,0.014528911065453478,99,231,1.0,2.5,10.0
0.15,False,0.75,170.45,0.014528911065453478,99,231,1.0,2.5,10.0
0.15,True,0.25,77.44999999999999,0.9854710889345465,6715,231,1.0,2.5,10.0
0.15,True,0.5,119.49999999999999,0.9854710889345465,6715,231,1.0,2.5,10.0
0.15,True,0.75,180.55,0.9854710889345465,6715,231,1.0,2.5,10.0
0.0,False,0.25,120.2,0.503019538188277,1416,234,1.0,2.5,10.0
0.0,False,0.5,216.40000000000003,0.503019538188277,1416,234,1.0,2.5,10.0
0.0,False,0.75,370.1,0.503019538188277,1416,234,1.0,2.5,10.0
0.0,True,0.25,123.79999999999998,0.4969804618117229,1399,234,1.0,2.5,10.0
0.0,True,0.5,212.70000000000002,0.4969804618117229,1399,234,1.0,2.5,10.0
0.0,True,0.75,364.05,0.4969804618117229,1399,234,1.0,2.5,10.0
0.03,False,0.25,112.9,0.2942524682651622,1669,234,1.0,2.5,10.0
0.03,False,0.5,206.8,0.2942524682651622,1669,234,1.0,2.5,10.0
0.03,False,0.75,346.30000000000007,0.2942524682651622,1669,234,1.0,2.5,10.0
0.03,True,0.25,123.69999999999999,0.7057475317348378,4003,234,1.0,2.5,10.0
0.03,True,0.5,216.20000000000002,0.7057475317348378,4003,234,1.0,2.5,10.0
0.03,True,0.75,369.70000000000005,0.7057475317348378,4003,234,1.0,2.5,10.0
0.06,False,0.25,103.75,0.14447134786117838,895,234,1.0,2.5,10.0
0.06,False,0.5,177.9,0.14447134786117838,895,234,1.0,2.5,10.0
0.06,False,0.75,322.70000000000005,0.14447134786117838,895,234,1.0,2.5,10.0
0.06,True,0.25,110.9,0.8555286521388217,5300,234,1.0,2.5,10.0
0.06,True,0.5,193.3,0.8555286521388217,5300,234,1.0,2.5,10.0
0.06,True,0.75,320.6000000000001,0.8555286521388217,5300,234,1.0,2.5,10.0
0.09,False,0.25,92.85000000000001,0.06717194233912914,452,234,1.0,2.5,10.0
0.09,False,0.5,148.85000000000002,0.06717194233912914,452,234,1.0,2.5,10.0
0.09,False,0.75,266.75000000000006,0.06717194233912914,452,234,1.0,2.5,10.0
0.09,True,0.25,100.1,0.9328280576608708,6277,234,1.0,2.5,10.0
0.09,True,0.5,165.39999999999998,0.9328280576608708,6277,234,1.0,2.5,10.0
0.09,True,0.75,270.30000000000007,0.9328280576608708,6277,234,1.0,2.5,10.0
0.12,False,0.25,85.675,0.03502523003858712,236,234,1.0,2.5,10.0
0.12,False,0.5,121.5,0.03502523003858712,236,234,1.0,2.5,10.0
0.12,False,0.75,204.30000000000004,0.03502523003858712,236,234,1.0,2.5,10.0
0.12,True,0.25,88.025,0.9649747699614128,6502,234,1.0,2.5,10.0
0.12,True,0.5,140.2,0.9649747699614128,6502,234,1.0,2.5,10.0
0.12,True,0.75,222.50000000000006,0.9649747699614128,6502,234,1.0,2.5,10.0
0.15,False,0.25,70.225,0.013501614323451717,92,234,1.0,2.5,10.0
0.15,False,0.5,109.75,0.013501614323451717,92,234,1.0,2.5,10.0
0.15,False,0.75,179.7,0.013501614323451717,92,234,1.0,2.5,10.0
0.15,True,0.25,79.025,0.9864983856765482,6722,234,1.0,2.5,10.0
0.15,True,0.5,120.3,0.9864983856765482,6722,234,1.0,2.5,10.0
0.15,True,0.75,186.475,0.9864983856765482,6722,234,1.0,2.5,10.0
0.0,False,0.25,132.79999999999998,0.4804630969609262,1328,235,1.0,2.5,10.0
0.0,False,0.5,237.50000000000006,0.4804630969609262,1328,235,1.0,2.5,10.0
0.0,False,0.75,386.45,0.4804630969609262,1328,235,1.0,2.5,10.0
0.0,True,0.25,129.475,0.5195369030390738,1436,235,1.0,2.5,10.0
0.0,True,0.5,217.15000000000003,0.5195369030390738,1436,235,1.0,2.5,10.0
0.0,True,0.75,377.8,0.5195369030390738,1436,235,1.0,2.5,10.0
0.03,False,0.25,114.675,0.30063069376313944,1716,235,1.0,2.5,10.0
0.03,False,0.5,204.40000000000003,0.30063069376313944,1716,235,1.0,2.5,10.0
0.03,False,0.75,340.27500000000003,0.30063069376313944,1716,235,1.0,2.5,10.0
0.03,True,0.25,121.87499999999999,0.6993693062368606,3992,235,1.0,2.5,10.0
0.03,True,0.5,215.75000000000006,0.6993693062368606,3992,235,1.0,2.5,10.0
0.03,True,0.75,358.725,0.6993693062368606,3992,235,1.0,2.5,10.0
0.06,False,0.25,107.2,0.15160349854227406,936,235,1.0,2.5,10.0
0.06,False,0.5,187.60000000000002,0.15160349854227406,936,235,1.0,2.5,10.0
0.06,False,0.75,317.00000000000006,0.15160349854227406,936,235,1.0,2.5,10.0
0.06,True,0.25,113.64999999999999,0.8483965014577259,5238,235,1.0,2.5,10.0
0.06,True,0.5,194.4,0.8483965014577259,5238,235,1.0,2.5,10.0
0.06,True,0.75,325.27500000000003,0.8483965014577259,5238,235,1.0,2.5,10.0
0.09,False,0.25,87.82499999999999,0.0696090047393365,470,235,1.0,2.5,10.0
0.09,False,0.5,153.60000000000002,0.0696090047393365,470,235,1.0,2.5,10.0
0.09,False,0.75,264.07500000000005,0.0696090047393365,470,235,1.0,2.5,10.0
0.09,True,0.25,100.6,0.9303909952606635,6282,235,1.0,2.5,10.0
0.09,True,0.5,164.95,0.9303909952606635,6282,235,1.0,2.5,10.0
0.09,True,0.75,276.20000000000005,0.9303909952606635,6282,235,1.0,2.5,10.0
0.12,False,0.25,81.69999999999999,0.02921115065243179,197,235,1.0,2.5,10.0
0.12,False,0.5,132.39999999999998,0.02921115065243179,197,235,1.0,2.5,10.0
0.12,False,0.75,235.90000000000006,0.02921115065243179,197,235,1.0,2.5,10.0
0.12,True,0.25,87.7,0.9707888493475683,6547,235,1.0,2.5,10.0
0.12,True,0.5,139.5,0.9707888493475683,6547,235,1.0,2.5,10.0
0.12,True,0.75,222.35000000000002,0.9707888493475683,6547,235,1.0,2.5,10.0
0.15,False,0.25,69.64999999999999,0.016879495082929692,115,235,1.0,2.5,10.0
0.15,False,0.5,110.5,0.016879495082929692,115,235,1.0,2.5,10.0
0.15,False,0.75,167.2,0.016879495082929692,115,235,1.0,2.5,10.0
0.15,True,0.25,77.89999999999999,0.9831205049170703,6698,235,1.0,2.5,10.0
0.15,True,0.5,118.29999999999998,0.9831205049170703,6698,235,1.0,2.5,10.0
0.15,True,0.75,182.1,0.9831205049170703,6698,235,1.0,2.5,10.0
0.0,False,0.25,129.475,0.5062388591800356,1420,241,1.0,2.5,10.0
0.0,False,0.5,220.00000000000006,0.5062388591800356,1420,241,1.0,2.5,10.0
0.0,False,0.75,371.90000000000003,0.5062388591800356,1420,241,1.0,2.5,10.0
0.0,True,0.25,119.09999999999998,0.49376114081996436,1385,241,1.0,2.5,10.0
0.0,True,0.5,218.50000000000006,0.49376114081996436,1385,241,1.0,2.5,10.0
0.0,True,0.75,371.3,0.49376114081996436,1385,241,1.0,2.5,10.0
0.03,False,0.25,117.39999999999999,0.2935410467355155,1677,241,1.0,2.5,10.0
0.03,False,0.5,202.50000000000003,0.2935410467355155,1677,241,1.0,2.5,10.0
0.03,False,0.75,346.80000000000007,0.2935410467355155,1677,241,1.0,2.5,10.0
0.03,True,0.25,121.84999999999998,0.7064589532644845,4036,241,1.0,2.5,10.0
0.03,True,0.5,216.95000000000005,0.7064589532644845,4036,241,1.0,2.5,10.0
0.03,True,0.75,364.80000000000007,0.7064589532644845,4036,241,1.0,2.5,10.0
0.06,False,0.25,111.10000000000001,0.14433322570229254,894,241,1.0,2.5,10.0
0.06,False,0.5,182.60000000000002,0.14433322570229254,894,241,1.0,2.5,10.0
0.06,False,0.75,308.95000000000005,0.14433322570229254,894,241,1.0,2.5,10.0
0.06,True,0.25,111.79999999999998,0.8556667742977074,5300,241,1.0,2.5,10.0
0.06,True,0.5,192.6,0.8556667742977074,5300,241,1.0,2.5,10.0
0.06,True,0.75,324.82500000000005,0.8556667742977074,5300,241,1.0,2.5,10.0
0.09,False,0.25,91.0,0.07179866765358993,485,241,1.0,2.5,10.0
0.09,False,0.5,158.5,0.07179866765358993,485,241,1.0,2.5,10.0
0.09,False,0.75,271.80000000000007,0.07179866765358993,485,241,1.0,2.5,10.0
0.09,True,0.25,99.225,0.9282013323464101,6270,241,1.0,2.5,10.0
0.09,True,0.5,165.70000000000002,0.9282013323464101,6270,241,1.0,2.5,10.0
0.09,True,0.75,273.90000000000003,0.9282013323464101,6270,241,1.0,2.5,10.0
0.12,False,0.25,84.15,0.030712166172106824,207,241,1.0,2.5,10.0
0.12,False,0.5,123.0,0.030712166172106824,207,241,1.0,2.5,10.0
0.12,False,0.75,192.85,0.030712166172106824,207,241,1.0,2.5,10.0
0.12,True,0.25,88.79999999999998,0.9692878338278932,6533,241,1.0,2.5,10.0
0.12,True,0.5,140.7,0.9692878338278932,6533,241,1.0,2.5,10.0
0.12,True,0.75,223.40000000000003,0.9692878338278932,6533,241,1.0,2.5,10.0
0.15,False,0.25,66.925,0.013211978860833822,90,241,1.0,2.5,10.0
0.15,False,0.5,93.1,0.013211978860833822,90,241,1.0,2.5,10.0
0.15,False,0.75,157.075,0.013211978860833822,90,241,1.0,2.5,10.0
0.15,True,0.25,79.49999999999999,0.9867880211391662,6722,241,1.0,2.5,10.0
0.15,True,0.5,120.89999999999998,0.9867880211391662,6722,241,1.0,2.5,10.0
0.15,True,0.75,184.975,0.9867880211391662,6722,241,1.0,2.5,10.0
0.0,False,0.25,124.79999999999998,0.49801801801801804,1382,242,1.0,2.5,10.0
0.0,False,0.5,225.95000000000005,0.49801801801801804,1382,242,1.0,2.5,10.0
0.0,False,0.75,379.275,0.49801801801801804,1382,242,1.0,2.5,10.0
0.0,True,0.25,127.5,0.501981981981982,1393,242,1.0,2.5,10.0
0.0,True,0.5,226.4,0.501981981981982,1393,242,1.0,2.5,10.0
0.0,True,0.75,383.5,0.501981981981982,1393,242,1.0,2.5,10.0
0.03,False,0.25,116.14999999999998,0.2899947432977046,1655,242,1.0,2.5,10.0
0.03,False,0.5,203.80000000000004,0.2899947432977046,1655,242,1.0,2.5,10.0
0.03,False,0.75,349.65000000000003,0.2899947432977046,1655,242,1.0,2.5,10.0
0.03,True,0.25,119.475,0.7100052567022954,4052,242,1.0,2.5,10.0
0.03,True,0.5,210.95000000000005,0.7100052567022954,4052,242,1.0,2.5,10.0
0.03,True,0.75,358.65000000000003,0.7100052567022954,4052,242,1.0,2.5,10.0
0.06,False,0.25,103.64999999999999,0.14218699450016176,879,242,1.0,2.5,10.0
0.06,False,0.5,176.60000000000002,0.14218699450016176,879,242,1.0,2.5,10.0
0.06,False,0.75,296.85,0.14218699450016176,879,242,1.0,2.5,10.0
0.06,True,0.25,112.89999999999998,0.8578130054998382,5303,242,1.0,2.5,10.0
0.06,True,0.5,192.6,0.8578130054998382,5303,242,1.0,2.5,10.0
0.06,True,0.75,327.25,0.8578130054998382,5303,242,1.0,2.5,10.0
0.09,False,0.25,97.8,0.07265973254086182,489,242,1.0,2.5,10.0
0.09,False,0.5,155.29999999999998,0.07265973254086182,489,242,1.0,2.5,10.0
0.09,False,0.75,260.70000000000005,0.07265973254086182,489,242,1.0,2.5,10.0
0.09,True,0.25,100.4,0.9273402674591382,6241,242,1.0,2.5,10.0
0.09,True,0.5,165.39999999999998,0.9273402674591382,6241,242,1.0,2.5,10.0
0.09,True,0.75,275.90000000000003,0.9273402674591382,6241,242,1.0,2.5,10.0
0.12,False,0.25,78.19999999999999,0.03488717339667458,235,242,1.0,2.5,10.0
0.12,False,0.5,131.89999999999998,0.03488717339667458,235,242,1.0,2.5,10.0
0.12,False,0.75,225.70000000000005,0.03488717339667458,235,242,1.0,2.5,10.0
0.12,True,0.25,90.1,0.9651128266033254,6501,242,1.0,2.5,10.0
0.12,True,0.5,142.09999999999997,0.9651128266033254,6501,242,1.0,2.5,10.0
0.12,True,0.75,224.80000000000004,0.9651128266033254,6501,242,1.0,2.5,10.0
0.15,False,0.25,69.9,0.017168011738811446,117,242,1.0,2.5,10.0
0.15,False,0.5,95.5,0.017168011738811446,117,242,1.0,2.5,10.0
0.15,False,0.75,136.2,0.017168011738811446,117,242,1.0,2.5,10.0
0.15,True,0.25,80.125,0.9828319882611886,6698,242,1.0,2.5,10.0
0.15,True,0.5,120.39999999999999,0.9828319882611886,6698,242,1.0,2.5,10.0
0.15,True,0.75,187.9,0.9828319882611886,6698,242,1.0,2.5,10.0
0.0,False,0.25,127.1,0.5021459227467812,1404,249,1.0,2.5,10.0
0.0,False,0.5,232.15000000000003,0.5021459227467812,1404,249,1.0,2.5,10.0
0.0,False,0.75,385.02500000000003,0.5021459227467812,1404,249,1.0,2.5,10.0
0.0,True,0.25,123.55000000000001,0.4978540772532189,1392,249,1.0,2.5,10.0
0.0,True,0.5,226.25000000000003,0.4978540772532189,1392,249,1.0,2.5,10.0
0.0,True,0.75,379.45000000000005,0.4978540772532189,1392,249,1.0,2.5,10.0
0.03,False,0.25,120.02499999999999,0.2848654316672492,1630,249,1.0,2.5,10.0
0.03,False,0.5,215.85000000000002,0.2848654316672492,1630,249,1.0,2.5,10.0
0.03,False,0.75,364.35,0.2848654316672492,1630,249,1.0,2.5,10.0
0.03,True,0.25,118.44999999999999,0.7151345683327508,4092,249,1.0,2.5,10.0
0.03,True,0.5,212.90000000000003,0.7151345683327508,4092,249,1.0,2.5,10.0
0.03,True,0.75,358.8500000000001,0.7151345683327508,4092,249,1.0,2.5,10.0
0.06,False,0.25,108.025,0.15208266063932838,942,249,1.0,2.5,10.0
0.06,False,0.5,179.05,0.15208266063932838,942,249,1.0,2.5,10.0
0.06,False,0.75,323.15000000000003,0.15208266063932838,942,249,1.0,2.5,10.0
0.06,True,0.25,110.975,0.8479173393606716,5252,249,1.0,2.5,10.0
0.06,True,0.5,190.75000000000003,0.8479173393606716,5252,249,1.0,2.5,10.0
0.06,True,0.75,318.52500000000003,0.8479173393606716,5252,249,1.0,2.5,10.0
0.09,False,0.25,89.04999999999998,0.07274346793349169,490,249,1.0,2.5,10.0
0.09,False,0.5,140.79999999999998,0.07274346793349169,490,249,1.0,2.5,10.0
0.09,False,0.75,258.375,0.07274346793349169,490,249,1.0,2.5,10.0
0.09,True,0.25,101.6,0.9272565320665083,6246,249,1.0,2.5,10.0
0.09,True,0.5,168.9,0.9272565320665083,6246,249,1.0,2.5,10.0
0.09,True,0.75,279.57500000000005,0.9272565320665083,6246,249,1.0,2.5,10.0
0.12,False,0.25,79.2,0.03279418311322155,221,249,1.0,2.5,10.0
0.12,False,0.5,116.6,0.03279418311322155,221,249,1.0,2.5,10.0
0.12,False,0.75,176.9,0.03279418311322155,221,249,1.0,2.5,10.0
0.12,True,0.25,86.425,0.9672058168867784,6518,249,1.0,2.5,10.0
0.12,True,0.5,138.75,0.9672058168867784,6518,249,1.0,2.5,10.0
0.12,True,0.75,222.97500000000002,0.9672058168867784,6518,249,1.0,2.5,10.0
0.15,False,0.25,71.15,0.015553925165077037,106,249,1.0,2.5,10.0
0.15,False,0.5,92.85,0.015553925165077037,106,249,1.0,2.5,10.0
0.15,False,0.75,148.525,0.015553925165077037,106,249,1.0,2.5,10.0
0.15,True,0.25,78.69999999999999,0.984446074834923,6709,249,1.0,2.5,10.0
0.15,True,0.5,117.39999999999999,0.984446074834923,6709,249,1.0,2.5,10.0
0.15,True,0.75,182.3,0.984446074834923,6709,249,1.0,2.5,10.0
0.0,False,0.25,129.2,0.5037459864430966,1412,251,1.0,2.5,10.0
0.0,False,0.5,235.70000000000002,0.5037459864430966,1412,251,1.0,2.5,10.0
0.0,False,0.75,380.62500000000006,0.5037459864430966,1412,251,1.0,2.5,10.0
0.0,True,0.25,128.0,0.4962540135569033,1391,251,1.0,2.5,10.0
0.0,True,0.5,221.90000000000003,0.4962540135569033,1391,251,1.0,2.5,10.0
0.0,True,0.75,379.90000000000003,0.4962540135569033,1391,251,1.0,2.5,10.0
0.03,False,0.25,119.6,0.2999824469018782,1709,251,1.0,2.5,10.0
0.03,False,0.5,207.80000000000004,0.2999824469018782,1709,251,1.0,2.5,10.0
0.03,False,0.75,372.50000000000006,0.2999824469018782,1709,251,1.0,2.5,10.0
0.03,True,0.25,116.69999999999999,0.7000175530981219,3988,251,1.0,2.5,10.0
0.03,True,0.5,212.8,0.7000175530981219,3988,251,1.0,2.5,10.0
0.03,True,0.75,354.55000000000007,0.7000175530981219,3988,251,1.0,2.5,10.0
0.06,False,0.25,110.52499999999998,0.14862681744749595,920,251,1.0,2.5,10.0
0.06,False,0.5,192.60000000000002,0.14862681744749595,920,251,1.0,2.5,10.0
0.06,False,0.75,324.35,0.14862681744749595,920,251,1.0,2.5,10.0
0.06,True,0.25,109.99999999999999,0.851373182552504,5270,251,1.0,2.5,10.0
0.06,True,0.5,190.2,0.851373182552504,5270,251,1.0,2.5,10.0
0.06,True,0.75,324.05000000000007,0.851373182552504,5270,251,1.0,2.5,10.0
0.09,False,0.25,86.175,0.06753554502369669,456,251,1.0,2.5,10.0
0.09,False,0.5,149.14999999999998,0.06753554502369669,456,251,1.0,2.5,10.0
0.09,False,0.75,267.1,0.06753554502369669,456,251,1.0,2.5,10.0
0.09,True,0.25,99.27499999999999,0.9324644549763034,6296,251,1.0,2.5,10.0
0.09,True,0.5,165.35,0.9324644549763034,6296,251,1.0,2.5,10.0
0.09,True,0.75,272.725,0.9324644549763034,6296,251,1.0,2.5,10.0
0.12,False,0.25,75.175,0.031449339860554815,212,251,1.0,2.5,10.0
0.12,False,0.5,132.79999999999998,0.031449339860554815,212,251,1.0,2.5,10.0
0.12,False,0.75,231.75000000000003,0.031449339860554815,212,251,1.0,2.5,10.0
0.12,True,0.25,87.5,0.9685506601394452,6529,251,1.0,2.5,10.0
0.12,True,0.5,139.79999999999998,0.9685506601394452,6529,251,1.0,2.5,10.0
0.12,True,0.75,222.70000000000005,0.9685506601394452,6529,251,1.0,2.5,10.0
0.15,False,0.25,76.94999999999999,0.017458920187793426,119,251,1.0,2.5,10.0
0.15,False,0.5,108.2,0.017458920187793426,119,251,1.0,2.5,10.0
0.15,False,0.75,176.8,0.017458920187793426,119,251,1.0,2.5,10.0
0.15,True,0.25,79.1,0.9825410798122066,6697,251,1.0,2.5,10.0
0.15,True,0.5,120.8,0.9825410798122066,6697,251,1.0,2.5,10.0
0.15,True,0.75,184.3,0.9825410798122066,6697,251,1.0,2.5,10.0
0.0,False,0.25,122.225,0.5010799136069114,1392,261,1.0,2.5,10.0
0.0,False,0.5,233.05,0.5010799136069114,1392,261,1.0,2.5,10.0
0.0,False,0.75,380.55000000000007,0.5010799136069114,1392,261,1.0,2.5,10.0
0.0,True,0.25,119.625,0.49892008639308855,1386,261,1.0,2.5,10.0
0.0,True,0.5,214.90000000000003,0.49892008639308855,1386,261,1.0,2.5,10.0
0.0,True,0.75,381.55,0.49892008639308855,1386,261,1.0,2.5,10.0
0.03,False,0.25,119.49999999999999,0.3003323421374847,1717,261,1.0,2.5,10.0
0.03,False,0.5,212.70000000000002,0.3003323421374847,1717,261,1.0,2.5,10.0
0.03,False,0.75,349.50000000000006,0.3003323421374847,1717,261,1.0,2.5,10.0
0.03,True,0.25,123.15,0.6996676578625153,4000,261,1.0,2.5,10.0
0.03,True,0.5,215.85000000000002,0.6996676578625153,4000,261,1.0,2.5,10.0
0.03,True,0.75,365.07500000000005,0.6996676578625153,4000,261,1.0,2.5,10.0
0.06,False,0.25,103.1,0.14966650398568407,920,261,1.0,2.5,10.0
0.06,False,0.5,179.6,0.14966650398568407,920,261,1.0,2.5,10.0
0.06,False,0.75,302.32500000000005,0.14966650398568407,920,261,1.0,2.5,10.0
0.06,True,0.25,111.85,0.850333496014316,5227,261,1.0,2.5,10.0
0.06,True,0.5,192.9,0.850333496014316,5227,261,1.0,2.5,10.0
0.06,True,0.75,323.90000000000003,0.850333496014316,5227,261,1.0,2.5,10.0
0.09,False,0.25,100.85,0.06738904556924447,454,261,1.0,2.5,10.0
0.09,False,0.5,159.85,0.06738904556924447,454,261,1.0,2.5,10.0
0.09,False,0.75,254.82500000000002,0.06738904556924447,454,261,1.0,2.5,10.0
0.09,True,0.25,98.89999999999999,0.9326109544307555,6283,261,1.0,2.5,10.0
0.09,True,0.5,165.5,0.9326109544307555,6283,261,1.0,2.5,10.0
0.09,True,0.75,277.95000000000005,0.9326109544307555,6283,261,1.0,2.5,10.0
0.12,False,0.25,75.39999999999998,0.0312963512310887,211,261,1.0,2.5,10.0
0.12,False,0.5,129.39999999999998,0.0312963512310887,211,261,1.0,2.5,10.0
0.12,False,0.75,215.75000000000006,0.0312963512310887,211,261,1.0,2.5,10.0
0.12,True,0.25,90.39999999999999,0.9687036487689114,6531,261,1.0,2.5,10.0
0.12,True,0.5,141.7,0.9687036487689114,6531,261,1.0,2.5,10.0
0.12,True,0.75,226.80000000000004,0.9687036487689114,6531,261,1.0,2.5,10.0
0.15,False,0.25,72.14999999999999,0.012769704975781594,87,261,1.0,2.5,10.0
0.15,False,0.5,104.4,0.012769704975781594,87,261,1.0,2.5,10.0
0.15,False,0.75,151.05,0.012769704975781594,87,261,1.0,2.5,10.0
0.15,True,0.25,77.60000000000001,0.9872302950242184,6726,261,1.0,2.5,10.0
0.15,True,0.5,120.8,0.9872302950242184,6726,261,1.0,2.5,10.0
0.15,True,0.75,184.75,0.9872302950242184,6726,261,1.0,2.5,10.0
0.0,False,0.25,116.2,0.5087531261164702,1424,262,1.0,2.5,10.0
0.0,False,0.5,213.20000000000005,0.5087531261164702,1424,262,1.0,2.5,10.0
0.0,False,0.75,362.25000000000006,0.5087531261164702,1424,262,1.0,2.5,10.0
0.0,True,0.25,126.1,0.49124687388352983,1375,262,1.0,2.5,10.0
0.0,True,0.5,221.80000000000004,0.49124687388352983,1375,262,1.0,2.5,10.0
0.0,True,0.75,365.70000000000005,0.49124687388352983,1375,262,1.0,2.5,10.0
0.03,False,0.25,121.04999999999998,0.2864864864864865,1643,262,1.0,2.5,10.0
0.03,False,0.5,217.00000000000003,0.2864864864864865,1643,262,1.0,2.5,10.0
0.03,False,0.75,363.50000000000006,0.2864864864864865,1643,262,1.0,2.5,10.0
0.03,True,0.25,120.39999999999999,0.7135135135135136,4092,262,1.0,2.5,10.0
0.03,True,0.5,215.80000000000004,0.7135135135135136,4092,262,1.0,2.5,10.0
0.03,True,0.75,364.52500000000003,0.7135135135135136,4092,262,1.0,2.5,10.0
0.06,False,0.25,111.39999999999999,0.1491497975708502,921,262,1.0,2.5,10.0
0.06,False,0.5,192.80000000000004,0.1491497975708502,921,262,1.0,2.5,10.0
0.06,False,0.75,315.5,0.1491497975708502,921,262,1.0,2.5,10.0
0.06,True,0.25,115.39999999999999,0.8508502024291498,5254,262,1.0,2.5,10.0
0.06,True,0.5,193.25,0.8508502024291498,5254,262,1.0,2.5,10.0
0.06,True,0.75,322.8250000000001,0.8508502024291498,5254,262,1.0,2.5,10.0
0.09,False,0.25,94.25,0.0733264064123497,494,262,1.0,2.5,10.0
0.09,False,0.5,156.09999999999997,0.0733264064123497,494,262,1.0,2.5,10.0
0.09,False,0.75,251.52500000000003,0.0733264064123497,494,262,1.0,2.5,10.0
0.09,True,0.25,100.2,0.9266735935876503,6243,262,1.0,2.5,10.0
0.09,True,0.5,165.1,0.9266735935876503,6243,262,1.0,2.5,10.0
0.09,True,0.75,270.35,0.9266735935876503,6243,262,1.0,2.5,10.0
0.12,False,0.25,86.52499999999999,0.02937685459940653,198,262,1.0,2.5,10.0
0.12,False,0.5,125.15,0.02937685459940653,198,262,1.0,2.5,10.0
0.12,False,0.75,196.225,0.02937685459940653,198,262,1.0,2.5,10.0
0.12,True,0.25,90.0,0.9706231454005935,6542,262,1.0,2.5,10.0
0.12,True,0.5,141.35,0.9706231454005935,6542,262,1.0,2.5,10.0
0.12,True,0.75,224.90000000000003,0.9706231454005935,6542,262,1.0,2.5,10.0
0.15,False,0.25,70.975,0.012914587613736424,88,262,1.0,2.5,10.0
0.15,False,0.5,107.15,0.012914587613736424,88,262,1.0,2.5,10.0
0.15,False,0.75,170.725,0.012914587613736424,88,262,1.0,2.5,10.0
0.15,True,0.25,79.1,0.9870854123862636,6726,262,1.0,2.5,10.0
0.15,True,0.5,118.39999999999999,0.9870854123862636,6726,262,1.0,2.5,10.0
0.15,True,0.75,183.39999999999998,0.9870854123862636,6726,262,1.0,2.5,10.0
0.0,False,0.25,123.775,0.47020585048754066,1302,273,1.0,2.5,10.0
0.0,False,0.5,224.85000000000002,0.47020585048754066,1302,273,1.0,2.5,10.0
0.0,False,0.75,389.95000000000005,0.47020585048754066,1302,273,1.0,2.5,10.0
0.0,True,0.25,124.15,0.5297941495124594,1467,273,1.0,2.5,10.0
0.0,True,0.5,225.80000000000007,0.5297941495124594,1467,273,1.0,2.5,10.0
0.0,True,0.75,387.20000000000005,0.5297941495124594,1467,273,1.0,2.5,10.0
0.03,False,0.25,127.15,0.29498164014687883,1687,273,1.0,2.5,10.0
0.03,False,0.5,212.90000000000003,0.29498164014687883,1687,273,1.0,2.5,10.0
0.03,False,0.75,363.1000000000001,0.29498164014687883,1687,273,1.0,2.5,10.0
0.03,True,0.25,123.575,0.7050183598531212,4032,273,1.0,2.5,10.0
0.03,True,0.5,218.75000000000003,0.7050183598531212,4032,273,1.0,2.5,10.0
0.03,True,0.75,364.05000000000007,0.7050183598531212,4032,273,1.0,2.5,10.0
0.06,False,0.25,99.8,0.1465587044534413,905,273,1.0,2.5,10.0
0.06,False,0.5,177.9,0.1465587044534413,905,273,1.0,2.5,10.0
0.06,False,0.75,312.4000000000001,0.1465587044534413,905,273,1.0,2.5,10.0
0.06,True,0.25,112.82499999999999,0.8534412955465587,5270,273,1.0,2.5,10.0
0.06,True,0.5,195.25,0.8534412955465587,5270,273,1.0,2.5,10.0
0.06,True,0.75,325.375,0.8534412955465587,5270,273,1.0,2.5,10.0
0.09,False,0.25,92.375,0.06643927035444164,448,273,1.0,2.5,10.0
0.09,False,0.5,150.84999999999997,0.06643927035444164,448,273,1.0,2.5,10.0
0.09,False,0.75,266.05000000000007,0.06643927035444164,448,273,1.0,2.5,10.0
0.09,True,0.25,100.2,0.9335607296455584,6295,273,1.0,2.5,10.0
0.09,True,0.5,168.7,0.9335607296455584,6295,273,1.0,2.5,10.0
0.09,True,0.75,280.70000000000005,0.9335607296455584,6295,273,1.0,2.5,10.0
0.12,False,0.25,68.775,0.030258083654701867,204,273,1.0,2.5,10.0
0.12,False,0.5,110.25,0.030258083654701867,204,273,1.0,2.5,10.0
0.12,False,0.75,189.32500000000002,0.030258083654701867,204,273,1.0,2.5,10.0
0.12,True,0.25,88.7,0.9697419163452982,6538,273,1.0,2.5,10.0
0.12,True,0.5,140.6,0.9697419163452982,6538,273,1.0,2.5,10.0
0.12,True,0.75,221.97500000000002,0.9697419163452982,6538,273,1.0,2.5,10.0
0.15,False,0.25,65.375,0.013791079812206572,94,273,1.0,2.5,10.0
0.15,False,0.5,95.95,0.013791079812206572,94,273,1.0,2.5,10.0
0.15,False,0.75,163.575,0.013791079812206572,94,273,1.0,2.5,10.0
0.15,True,0.25,78.825,0.9862089201877934,6722,273,1.0,2.5,10.0
0.15,True,0.5,118.54999999999998,0.9862089201877934,6722,273,1.0,2.5,10.0
0.15,True,0.75,184.85000000000002,0.9862089201877934,6722,273,1.0,2.5,10.0
0.0,False,0.25,132.64999999999998,0.5044563279857398,1415,275,1.0,2.5,10.0
0.0,False,0.5,230.00000000000003,0.5044563279857398,1415,275,1.0,2.5,10.0
0.0,False,0.75,361.95000000000005,0.5044563279857398,1415,275,1.0,2.5,10.0
0.0,True,0.25,124.49999999999999,0.49554367201426025,1390,275,1.0,2.5,10.0
0.0,True,0.5,212.40000000000003,0.49554367201426025,1390,275,1.0,2.5,10.0
0.0,True,0.75,372.40000000000003,0.49554367201426025,1390,275,1.0,2.5,10.0
0.03,False,0.25,121.44999999999999,0.29601816276632903,1695,275,1.0,2.5,10.0
0.03,False,0.5,213.30000000000004,0.29601816276632903,1695,275,1.0,2.5,10.0
0.03,False,0.75,363.30000000000007,0.29601816276632903,1695,275,1.0,2.5,10.0
0.03,True,0.25,126.45,0.703981837233671,4031,275,1.0,2.5,10.0
0.03,True,0.5,218.60000000000005,0.703981837233671,4031,275,1.0,2.5,10.0
0.03,True,0.75,364.05,0.703981837233671,4031,275,1.0,2.5,10.0
0.06,False,0.25,105.4,0.14617993862057826,905,275,1.0,2.5,10.0
0.06,False,0.5,184.5,0.14617993862057826,905,275,1.0,2.5,10.0
0.06,False,0.75,319.20000000000005,0.14617993862057826,905,275,1.0,2.5,10.0
0.06,True,0.25,111.725,0.8538200613794218,5286,275,1.0,2.5,10.0
0.06,True,0.5,191.45,0.8538200613794218,5286,275,1.0,2.5,10.0
0.06,True,0.75,318.27500000000003,0.8538200613794218,5286,275,1.0,2.5,10.0
0.09,False,0.25,93.65,0.06803023566029347,459,275,1.0,2.5,10.0
0.09,False,0.5,142.79999999999998,0.06803023566029347,459,275,1.0,2.5,10.0
0.09,False,0.75,269.90000000000003,0.06803023566029347,459,275,1.0,2.5,10.0
0.09,True,0.25,100.77499999999999,0.9319697643397066,6288,275,1.0,2.5,10.0
0.09,True,0.5,165.04999999999998,0.9319697643397066,6288,275,1.0,2.5,10.0
0.09,True,0.75,270.1000000000001,0.9319697643397066,6288,275,1.0,2.5,10.0
0.12,False,0.25,94.075,0.032582938388625596,220,275,1.0,2.5,10.0
0.12,False,0.5,142.3,0.032582938388625596,220,275,1.0,2.5,10.0
0.12,False,0.75,211.97500000000002,0.032582938388625596,220,275,1.0,2.5,10.0
0.12,True,0.25,87.9,0.9674170616113744,6532,275,1.0,2.5,10.0
0.12,True,0.5,140.35000000000002,0.9674170616113744,6532,275,1.0,2.5,10.0
0.12,True,0.75,221.30000000000004,0.9674170616113744,6532,275,1.0,2.5,10.0
0.15,False,0.25,66.0,0.015852047556142668,108,275,1.0,2.5,10.0
0.15,False,0.5,94.4,0.015852047556142668,108,275,1.0,2.5,10.0
0.15,False,0.75,154.675,0.015852047556142668,108,275,1.0,2.5,10.0
0.15,True,0.25,77.1,0.9841479524438573,6705,275,1.0,2.5,10.0
0.15,True,0.5,116.09999999999998,0.9841479524438573,6705,275,1.0,2.5,10.0
0.15,True,0.75,180.0,0.9841479524438573,6705,275,1.0,2.5,10.0
0.0,False,0.25,128.45,0.5073767542281397,1410,289,1.0,2.5,10.0
0.0,False,0.5,238.75000000000006,0.5073767542281397,1410,289,1.0,2.5,10.0
0.0,False,0.75,400.67500000000007,0.5073767542281397,1410,289,1.0,2.5,10.0
0.0,True,0.25,128.89999999999998,0.4926232457718604,1369,289,1.0,2.5,10.0
0.0,True,0.5,222.50000000000006,0.4926232457718604,1369,289,1.0,2.5,10.0
0.0,True,0.75,381.50000000000006,0.4926232457718604,1369,289,1.0,2.5,10.0
0.03,False,0.25,118.2,0.3046078086528315,1732,289,1.0,2.5,10.0
0.03,False,0.5,213.55000000000004,0.3046078086528315,1732,289,1.0,2.5,10.0
0.03,False,0.75,370.42500000000007,0.3046078086528315,1732,289,1.0,2.5,10.0
0.03,True,0.25,122.09999999999998,0.6953921913471685,3954,289,1.0,2.5,10.0
0.03,True,0.5,215.60000000000008,0.6953921913471685,3954,289,1.0,2.5,10.0
0.03,True,0.75,355.30000000000007,0.6953921913471685,3954,289,1.0,2.5,10.0
0.06,False,0.25,102.675,0.14782468057577228,914,289,1.0,2.5,10.0
0.06,False,0.5,176.60000000000002,0.14782468057577228,914,289,1.0,2.5,10.0
0.06,False,0.75,312.50000000000006,0.14782468057577228,914,289,1.0,2.5,10.0
0.06,True,0.25,112.6,0.8521753194242278,5269,289,1.0,2.5,10.0
0.06,True,0.5,194.29999999999998,0.8521753194242278,5269,289,1.0,2.5,10.0
0.06,True,0.75,316.3,0.8521753194242278,5269,289,1.0,2.5,10.0
0.09,False,0.25,95.19999999999999,0.07090828006540806,477,289,1.0,2.5,10.0
0.09,False,0.5,162.5,0.07090828006540806,477,289,1.0,2.5,10.0
0.09,False,0.75,259.0,0.07090828006540806,477,289,1.0,2.5,10.0
0.09,True,0.25,101.025,0.9290917199345919,6250,289,1.0,2.5,10.0
0.09,True,0.5,165.99999999999997,0.9290917199345919,6250,289,1.0,2.5,10.0
0.09,True,0.75,283.40000000000003,0.9290917199345919,6250,289,1.0,2.5,10.0
0.12,False,0.25,83.64999999999999,0.033807829181494664,228,289,1.0,2.5,10.0
0.12,False,0.5,124.9,0.033807829181494664,228,289,1.0,2.5,10.0
0.12,False,0.75,199.675,0.033807829181494664,228,289,1.0,2.5,10.0
0.12,True,0.25,88.1,0.9661921708185054,6516,289,1.0,2.5,10.0
0.12,True,0.5,138.85,0.9661921708185054,6516,289,1.0,2.5,10.0
0.12,True,0.75,223.12500000000003,0.9661921708185054,6516,289,1.0,2.5,10.0
0.15,False,0.25,70.6,0.012184380504991193,83,289,1.0,2.5,10.0
0.15,False,0.5,120.6,0.012184380504991193,83,289,1.0,2.5,10.0
0.15,False,0.75,189.25,0.012184380504991193,83,289,1.0,2.5,10.0
0.15,True,0.25,78.0,0.9878156194950088,6729,289,1.0,2.5,10.0
0.15,True,0.5,116.89999999999998,0.9878156194950088,6729,289,1.0,2.5,10.0
0.15,True,0.75,182.19999999999996,0.9878156194950088,6729,289,1.0,2.5,10.0
0.0,False,0.25,123.0,0.49117117117117115,1363,290,1.0,2.5,10.0
0.0,False,0.5,227.10000000000002,0.49117117117117115,1363,290,1.0,2.5,10.0
0.0,False,0.75,373.1,0.49117117117117115,1363,290,1.0,2.5,10.0
0.0,True,0.25,121.39999999999999,0.5088288288288288,1412,290,1.0,2.5,10.0
0.0,True,0.5,217.50000000000003,0.5088288288288288,1412,290,1.0,2.5,10.0
0.0,True,0.75,363.70000000000005,0.5088288288288288,1412,290,1.0,2.5,10.0
0.03,False,0.25,121.09999999999998,0.29847609038360484,1704,290,1.0,2.5,10.0
0.03,False,0.5,209.90000000000003,0.29847609038360484,1704,290,1.0,2.5,10.0
0.03,False,0.75,353.42500000000007,0.29847609038360484,1704,290,1.0,2.5,10.0
0.03,True,0.25,122.09999999999998,0.7015239096163952,4005,290,1.0,2.5,10.0
0.03,True,0.5,210.90000000000003,0.7015239096163952,4005,290,1.0,2.5,10.0
0.03,True,0.75,358.70000000000005,0.7015239096163952,4005,290,1.0,2.5,10.0
0.06,False,0.25,109.57499999999999,0.14901834567106534,926,290,1.0,2.5,10.0
0.06,False,0.5,195.8,0.14901834567106534,926,290,1.0,2.5,10.0
0.06,False,0.75,328.32500000000005,0.14901834567106534,926,290,1.0,2.5,10.0
0.06,True,0.25,111.57499999999999,0.8509816543289347,5288,290,1.0,2.5,10.0
0.06,True,0.5,191.8,0.8509816543289347,5288,290,1.0,2.5,10.0
0.06,True,0.75,318.52500000000003,0.8509816543289347,5288,290,1.0,2.5,10.0
0.09,False,0.25,91.25,0.07143915814436046,482,290,1.0,2.5,10.0
0.09,False,0.5,147.6,0.07143915814436046,482,290,1.0,2.5,10.0
0.09,False,0.75,263.45,0.07143915814436046,482,290,1.0,2.5,10.0
0.09,True,0.25,99.69999999999999,0.9285608418556396,6265,290,1.0,2.5,10.0
0.09,True,0.5,167.49999999999997,0.9285608418556396,6265,290,1.0,2.5,10.0
0.09,True,0.75,276.50000000000006,0.9285608418556396,6265,290,1.0,2.5,10.0
0.12,False,0.25,74.625,0.03502003264579315,236,290,1.0,2.5,10.0
0.12,False,0.5,117.5,0.03502003264579315,236,290,1.0,2.5,10.0
0.12,False,0.75,187.05,0.03502003264579315,236,290,1.0,2.5,10.0
0.12,True,0.25,89.14999999999999,0.9649799673542069,6503,290,1.0,2.5,10.0
0.12,True,0.5,141.89999999999998,0.9649799673542069,6503,290,1.0,2.5,10.0
0.12,True,0.75,226.20000000000005,0.9649799673542069,6503,290,1.0,2.5,10.0
0.15,False,0.25,59.55,0.01453104359313078,99,290,1.0,2.5,10.0
0.15,False,0.5,101.0,0.01453104359313078,99,290,1.0,2.5,10.0
0.15,False,0.75,149.64999999999998,0.01453104359313078,99,290,1.0,2.5,10.0
0.15,True,0.25,79.0,0.9854689564068693,6714,290,1.0,2.5,10.0
0.15,True,0.5,120.09999999999998,0.9854689564068693,6714,290,1.0,2.5,10.0
0.15,True,0.75,186.17499999999998,0.9854689564068693,6714,290,1.0,2.5,10.0
0.0,False,0.25,130.35,0.4860215053763441,1356,302,1.0,2.5,10.0
0.0,False,0.5,226.90000000000006,0.4860215053763441,1356,302,1.0,2.5,10.0
0.0,False,0.75,367.5250000000001,0.4860215053763441,1356,302,1.0,2.5,10.0
0.0,True,0.25,129.17499999999998,0.513978494623656,1434,302,1.0,2.5,10.0
0.0,True,0.5,227.80000000000007,0.513978494623656,1434,302,1.0,2.5,10.0
0.0,True,0.75,371.62500000000006,0.513978494623656,1434,302,1.0,2.5,10.0
0.03,False,0.25,120.2,0.30036566254570785,1725,302,1.0,2.5,10.0
0.03,False,0.5,221.00000000000003,0.30036566254570785,1725,302,1.0,2.5,10.0
0.03,False,0.75,362.40000000000003,0.30036566254570785,1725,302,1.0,2.5,10.0
0.03,True,0.25,122.32499999999999,0.6996343374542922,4018,302,1.0,2.5,10.0
0.03,True,0.5,214.25,0.6996343374542922,4018,302,1.0,2.5,10.0
0.03,True,0.75,359.85,0.6996343374542922,4018,302,1.0,2.5,10.0
0.06,False,0.25,103.89999999999999,0.15451895043731778,954,302,1.0,2.5,10.0
0.06,False,0.5,177.3,0.15451895043731778,954,302,1.0,2.5,10.0
0.06,False,0.75,317.77500000000003,0.15451895043731778,954,302,1.0,2.5,10.0
0.06,True,0.25,110.3,0.8454810495626822,5220,302,1.0,2.5,10.0
0.06,True,0.5,192.2,0.8454810495626822,5220,302,1.0,2.5,10.0
0.06,True,0.75,319.25000000000006,0.8454810495626822,5220,302,1.0,2.5,10.0
0.09,False,0.25,93.0,0.07101556708673092,479,302,1.0,2.5,10.0
0.09,False,0.5,171.5,0.07101556708673092,479,302,1.0,2.5,10.0
0.09,False,0.75,287.50000000000006,0.07101556708673092,479,302,1.0,2.5,10.0
0.09,True,0.25,101.89999999999999,0.928984432913269,6266,302,1.0,2.5,10.0
0.09,True,0.5,165.4,0.928984432913269,6266,302,1.0,2.5,10.0
0.09,True,0.75,275.175,0.928984432913269,6266,302,1.0,2.5,10.0
0.12,False,0.25,76.35,0.032487761459724075,219,302,1.0,2.5,10.0
0.12,False,0.5,130.39999999999998,0.032487761459724075,219,302,1.0,2.5,10.0
0.12,False,0.75,201.70000000000005,0.032487761459724075,219,302,1.0,2.5,10.0
0.12,True,0.25,88.5,0.9675122385402759,6522,302,1.0,2.5,10.0
0.12,True,0.5,140.55,0.9675122385402759,6522,302,1.0,2.5,10.0
0.12,True,0.75,220.60000000000005,0.9675122385402759,6522,302,1.0,2.5,10.0
0.15,False,0.25,74.69999999999999,0.013356817848231322,91,302,1.0,2.5,10.0
0.15,False,0.5,98.29999999999998,0.013356817848231322,91,302,1.0,2.5,10.0
0.15,False,0.75,152.9,0.013356817848231322,91,302,1.0,2.5,10.0
0.15,True,0.25,78.2,0.9866431821517687,6722,302,1.0,2.5,10.0
0.15,True,0.5,120.0,0.9866431821517687,6722,302,1.0,2.5,10.0
0.15,True,0.75,184.6,0.9866431821517687,6722,302,1.0,2.5,10.0
0.0,False,0.25,123.15,0.4919786096256685,1380,304,1.0,2.5,10.0
0.0,False,0.5,214.70000000000002,0.4919786096256685,1380,304,1.0,2.5,10.0
0.0,False,0.75,358.00000000000006,0.4919786096256685,1380,304,1.0,2.5,10.0
0.0,True,0.25,125.3,0.5080213903743316,1425,304,1.0,2.5,10.0
0.0,True,0.5,222.90000000000003,0.5080213903743316,1425,304,1.0,2.5,10.0
0.0,True,0.75,376.0,0.5080213903743316,1425,304,1.0,2.5,10.0
0.03,False,0.25,119.14999999999999,0.29889686569777624,1707,304,1.0,2.5,10.0
0.03,False,0.5,204.80000000000004,0.29889686569777624,1707,304,1.0,2.5,10.0
0.03,False,0.75,356.50000000000006,0.29889686569777624,1707,304,1.0,2.5,10.0
0.03,True,0.25,123.07499999999999,0.7011031343022238,4004,304,1.0,2.5,10.0
0.03,True,0.5,215.90000000000003,0.7011031343022238,4004,304,1.0,2.5,10.0
0.03,True,0.75,363.45000000000005,0.7011031343022238,4004,304,1.0,2.5,10.0
0.06,False,0.25,109.94999999999999,0.15358527131782945,951,304,1.0,2.5,10.0
0.06,False,0.5,185.10000000000002,0.15358527131782945,951,304,1.0,2.5,10.0
0.06,False,0.75,310.45000000000005,0.15358527131782945,951,304,1.0,2.5,10.0
0.06,True,0.25,109.19999999999999,0.8464147286821705,5241,304,1.0,2.5,10.0
0.06,True,0.5,193.89999999999998,0.8464147286821705,5241,304,1.0,2.5,10.0
0.06,True,0.75,322.0,0.8464147286821705,5241,304,1.0,2.5,10.0
0.09,False,0.25,90.85,0.0705899836528459,475,304,1.0,2.5,10.0
0.09,False,0.5,157.70000000000002,0.0705899836528459,475,304,1.0,2.5,10.0
0.09,False,0.75,260.5,0.0705899836528459,475,304,1.0,2.5,10.0
0.09,True,0.25,103.6,0.9294100163471541,6254,304,1.0,2.5,10.0
0.09,True,0.5,168.8,0.9294100163471541,6254,304,1.0,2.5,10.0
0.09,True,0.75,279.7750000000001,0.9294100163471541,6254,304,1.0,2.5,10.0
0.12,False,0.25,77.1,0.03538643766656796,239,304,1.0,2.5,10.0
0.12,False,0.5,121.6,0.03538643766656796,239,304,1.0,2.5,10.0
0.12,False,0.75,191.4,0.03538643766656796,239,304,1.0,2.5,10.0
0.12,True,0.25,89.0,0.9646135623334321,6515,304,1.0,2.5,10.0
0.12,True,0.5,139.3,0.9646135623334321,6515,304,1.0,2.5,10.0
0.12,True,0.75,225.35000000000005,0.9646135623334321,6515,304,1.0,2.5,10.0
0.15,False,0.25,72.84999999999998,0.01613849765258216,110,304,1.0,2.5,10.0
0.15,False,0.5,118.79999999999998,0.01613849765258216,110,304,1.0,2.5,10.0
0.15,False,0.75,179.55,0.01613849765258216,110,304,1.0,2.5,10.0
0.15,True,0.25,78.69999999999999,0.9838615023474179,6706,304,1.0,2.5,10.0
0.15,True,0.5,119.0,0.9838615023474179,6706,304,1.0,2.5,10.0
0.15,True,0.75,183.975,0.9838615023474179,6706,304,1.0,2.5,10.0
0.0,False,0.25,125.35,0.4854473589651455,1351,307,1.0,2.5,10.0
0.0,False,0.5,221.80000000000004,0.4854473589651455,1351,307,1.0,2.5,10.0
0.0,False,0.75,373.95000000000005,0.4854473589651455,1351,307,1.0,2.5,10.0
0.0,True,0.25,119.64999999999999,0.5145526410348544,1432,307,1.0,2.5,10.0
0.0,True,0.5,219.90000000000003,0.5145526410348544,1432,307,1.0,2.5,10.0
0.0,True,0.75,379.5,0.5145526410348544,1432,307,1.0,2.5,10.0
0.03,False,0.25,126.6,0.29986028641285367,1717,307,1.0,2.5,10.0
0.03,False,0.5,222.10000000000005,0.29986028641285367,1717,307,1.0,2.5,10.0
0.03,False,0.75,363.2000000000001,0.29986028641285367,1717,307,1.0,2.5,10.0
0.03,True,0.25,120.39999999999999,0.7001397135871463,4009,307,1.0,2.5,10.0
0.03,True,0.5,210.20000000000002,0.7001397135871463,4009,307,1.0,2.5,10.0
0.03,True,0.75,348.1,0.7001397135871463,4009,307,1.0,2.5,10.0
0.06,False,0.25,106.95,0.14969185857930586,923,307,1.0,2.5,10.0
0.06,False,0.5,185.20000000000002,0.14969185857930586,923,307,1.0,2.5,10.0
0.06,False,0.75,315.1500000000001,0.14969185857930586,923,307,1.0,2.5,10.0
0.06,True,0.25,115.79999999999998,0.8503081414206941,5243,307,1.0,2.5,10.0
0.06,True,0.5,192.6,0.8503081414206941,5243,307,1.0,2.5,10.0
0.06,True,0.75,324.25,0.8503081414206941,5243,307,1.0,2.5,10.0
0.09,False,0.25,92.30000000000001,0.07075051913378819,477,307,1.0,2.5,10.0
0.09,False,0.5,149.5,0.07075051913378819,477,307,1.0,2.5,10.0
0.09,False,0.75,252.00000000000006,0.07075051913378819,477,307,1.0,2.5,10.0
0.09,True,0.25,100.89999999999999,0.9292494808662118,6265,307,1.0,2.5,10.0
0.09,True,0.5,166.8,0.9292494808662118,6265,307,1.0,2.5,10.0
0.09,True,0.75,279.2,0.9292494808662118,6265,307,1.0,2.5,10.0
0.12,False,0.25,83.0,0.027423658464275125,185,307,1.0,2.5,10.0
0.12,False,0.5,123.49999999999999,0.027423658464275125,185,307,1.0,2.5,10.0
0.12,False,0.75,224.00000000000003,0.027423658464275125,185,307,1.0,2.5,10.0
0.12,True,0.25,89.8,0.9725763415357249,6561,307,1.0,2.5,10.0
0.12,True,0.5,141.89999999999998,0.9725763415357249,6561,307,1.0,2.5,10.0
0.12,True,0.75,225.10000000000002,0.9725763415357249,6561,307,1.0,2.5,10.0
0.15,False,0.25,69.69999999999999,0.013507561297900456,92,307,1.0,2.5,10.0
0.15,False,0.5,114.14999999999999,0.013507561297900456,92,307,1.0,2.5,10.0
0.15,False,0.75,191.675,0.013507561297900456,92,307,1.0,2.5,10.0
0.15,True,0.25,77.94999999999999,0.9864924387020996,6719,307,1.0,2.5,10.0
0.15,True,0.5,119.2,0.9864924387020996,6719,307,1.0,2.5,10.0
0.15,True,0.75,188.45,0.9864924387020996,6719,307,1.0,2.5,10.0
0.0,False,0.25,128.625,0.5073767542281397,1410,308,1.0,2.5,10.0
0.0,False,0.5,230.25000000000006,0.5073767542281397,1410,308,1.0,2.5,10.0
0.0,False,0.75,375.875,0.5073767542281397,1410,308,1.0,2.5,10.0
0.0,True,0.25,127.5,0.4926232457718604,1369,308,1.0,2.5,10.0
0.0,True,0.5,221.90000000000003,0.4926232457718604,1369,308,1.0,2.5,10.0
0.0,True,0.75,368.40000000000003,0.4926232457718604,1369,308,1.0,2.5,10.0
0.03,False,0.25,115.79999999999998,0.29844214948363385,1705,308,1.0,2.5,10.0
0.03,False,0.5,210.50000000000006,0.29844214948363385,1705,308,1.0,2.5,10.0
0.03,False,0.75,372.0,0.29844214948363385,1705,308,1.0,2.5,10.0
0.03,True,0.25,120.3,0.7015578505163662,4008,308,1.0,2.5,10.0
0.03,True,0.5,212.8,0.7015578505163662,4008,308,1.0,2.5,10.0
0.03,True,0.75,356.6,0.7015578505163662,4008,308,1.0,2.5,10.0
0.06,False,0.25,110.3,0.15440699935191185,953,308,1.0,2.5,10.0
0.06,False,0.5,188.3,0.15440699935191185,953,308,1.0,2.5,10.0
0.06,False,0.75,313.90000000000003,0.15440699935191185,953,308,1.0,2.5,10.0
0.06,True,0.25,110.10000000000001,0.8455930006480882,5219,308,1.0,2.5,10.0
0.06,True,0.5,193.3,0.8455930006480882,5219,308,1.0,2.5,10.0
0.06,True,0.75,323.30000000000007,0.8455930006480882,5219,308,1.0,2.5,10.0
0.09,False,0.25,93.25,0.06673572062740456,451,308,1.0,2.5,10.0
0.09,False,0.5,162.70000000000002,0.06673572062740456,451,308,1.0,2.5,10.0
0.09,False,0.75,246.85000000000002,0.06673572062740456,451,308,1.0,2.5,10.0
0.09,True,0.25,100.4,0.9332642793725955,6307,308,1.0,2.5,10.0
0.09,True,0.5,165.8,0.9332642793725955,6307,308,1.0,2.5,10.0
0.09,True,0.75,269.4,0.9332642793725955,6307,308,1.0,2.5,10.0
0.12,False,0.25,92.97500000000001,0.03323442136498516,224,308,1.0,2.5,10.0
0.12,False,0.5,137.5,0.03323442136498516,224,308,1.0,2.5,10.0
0.12,False,0.75,220.85000000000002,0.03323442136498516,224,308,1.0,2.5,10.0
0.12,True,0.25,88.3,0.9667655786350149,6516,308,1.0,2.5,10.0
0.12,True,0.5,138.7,0.9667655786350149,6516,308,1.0,2.5,10.0
0.12,True,0.75,220.75000000000006,0.9667655786350149,6516,308,1.0,2.5,10.0
0.15,False,0.25,70.69999999999999,0.015705269338030237,107,308,1.0,2.5,10.0
0.15,False,0.5,94.8,0.015705269338030237,107,308,1.0,2.5,10.0
0.15,False,0.75,143.75,0.015705269338030237,107,308,1.0,2.5,10.0
0.15,True,0.25,79.52499999999999,0.9842947306619698,6706,308,1.0,2.5,10.0
0.15,True,0.5,121.09999999999998,0.9842947306619698,6706,308,1.0,2.5,10.0
0.15,True,0.75,185.20000000000002,0.9842947306619698,6706,308,1.0,2.5,10.0
0.0,False,0.25,124.25,0.5107468123861566,1402,312,1.0,2.5,10.0
0.0,False,0.5,221.15000000000003,0.5107468123861566,1402,312,1.0,2.5,10.0
0.0,False,0.75,387.25,0.5107468123861566,1402,312,1.0,2.5,10.0
0.0,True,0.25,132.54999999999998,0.48925318761384334,1343,312,1.0,2.5,10.0
0.0,True,0.5,233.80000000000007,0.48925318761384334,1343,312,1.0,2.5,10.0
0.0,True,0.75,372.1,0.48925318761384334,1343,312,1.0,2.5,10.0
0.03,False,0.25,119.35,0.29045208587886195,1664,312,1.0,2.5,10.0
0.03,False,0.5,205.55,0.29045208587886195,1664,312,1.0,2.5,10.0
0.03,False,0.75,346.05000000000007,0.29045208587886195,1664,312,1.0,2.5,10.0
0.03,True,0.25,127.3,0.709547914121138,4065,312,1.0,2.5,10.0
0.03,True,0.5,223.00000000000003,0.709547914121138,4065,312,1.0,2.5,10.0
0.03,True,0.75,369.2000000000001,0.709547914121138,4065,312,1.0,2.5,10.0
0.06,False,0.25,102.17500000000001,0.14047039740470396,866,312,1.0,2.5,10.0
0.06,False,0.5,185.85000000000002,0.14047039740470396,866,312,1.0,2.5,10.0
0.06,False,0.75,308.82500000000005,0.14047039740470396,866,312,1.0,2.5,10.0
0.06,True,0.25,113.44999999999999,0.859529602595296,5299,312,1.0,2.5,10.0
0.06,True,0.5,193.89999999999998,0.859529602595296,5299,312,1.0,2.5,10.0
0.06,True,0.75,325.75,0.859529602595296,5299,312,1.0,2.5,10.0
0.09,False,0.25,92.15,0.06752745621846246,455,312,1.0,2.5,10.0
0.09,False,0.5,151.79999999999998,0.06752745621846246,455,312,1.0,2.5,10.0
0.09,False,0.75,260.05,0.06752745621846246,455,312,1.0,2.5,10.0
0.09,True,0.25,101.55,0.9324725437815375,6283,312,1.0,2.5,10.0
0.09,True,0.5,167.2,0.9324725437815375,6283,312,1.0,2.5,10.0
0.09,True,0.75,270.80000000000007,0.9324725437815375,6283,312,1.0,2.5,10.0
0.12,False,0.25,84.25,0.0312731584407885,211,312,1.0,2.5,10.0
0.12,False,0.5,127.2,0.0312731584407885,211,312,1.0,2.5,10.0
0.12,False,0.75,197.95,0.0312731584407885,211,312,1.0,2.5,10.0
0.12,True,0.25,88.77499999999999,0.9687268415592115,6536,312,1.0,2.5,10.0
0.12,True,0.5,141.75,0.9687268415592115,6536,312,1.0,2.5,10.0
0.12,True,0.75,228.52500000000006,0.9687268415592115,6536,312,1.0,2.5,10.0
0.15,False,0.25,71.89999999999999,0.01600352371164293,109,312,1.0,2.5,10.0
0.15,False,0.5,108.99999999999999,0.01600352371164293,109,312,1.0,2.5,10.0
0.15,False,0.75,168.7,0.01600352371164293,109,312,1.0,2.5,10.0
0.15,True,0.25,78.49999999999999,0.9839964762883571,6702,312,1.0,2.5,10.0
0.15,True,0.5,118.84999999999998,0.9839964762883571,6702,312,1.0,2.5,10.0
0.15,True,0.75,183.77499999999998,0.9839964762883571,6702,312,1.0,2.5,10.0
0.0,False,0.25,118.24999999999999,0.4838478104809763,1348,316,1.0,2.5,10.0
0.0,False,0.5,217.40000000000003,0.4838478104809763,1348,316,1.0,2.5,10.0
0.0,False,0.75,373.925,0.4838478104809763,1348,316,1.0,2.5,10.0
0.0,True,0.25,124.17499999999998,0.5161521895190236,1438,316,1.0,2.5,10.0
0.0,True,0.5,217.40000000000003,0.5161521895190236,1438,316,1.0,2.5,10.0
0.0,True,0.75,376.92500000000007,0.5161521895190236,1438,316,1.0,2.5,10.0
0.03,False,0.25,119.29999999999998,0.3011263639563534,1711,316,1.0,2.5,10.0
0.03,False,0.5,214.50000000000006,0.3011263639563534,1711,316,1.0,2.5,10.0
0.03,False,0.75,361.35,0.3011263639563534,1711,316,1.0,2.5,10.0
0.03,True,0.25,123.75,0.6988736360436466,3971,316,1.0,2.5,10.0
0.03,True,0.5,215.80000000000004,0.6988736360436466,3971,316,1.0,2.5,10.0
0.03,True,0.75,369.55000000000007,0.6988736360436466,3971,316,1.0,2.5,10.0
0.06,False,0.25,106.6,0.13955381859631982,857,316,1.0,2.5,10.0
0.06,False,0.5,178.5,0.13955381859631982,857,316,1.0,2.5,10.0
0.06,False,0.75,293.50000000000006,0.13955381859631982,857,316,1.0,2.5,10.0
0.06,True,0.25,111.57499999999999,0.8604461814036802,5284,316,1.0,2.5,10.0
0.06,True,0.5,192.95,0.8604461814036802,5284,316,1.0,2.5,10.0
0.06,True,0.75,320.9000000000001,0.8604461814036802,5284,316,1.0,2.5,10.0
0.09,False,0.25,91.39999999999999,0.06620157340062342,446,316,1.0,2.5,10.0
0.09,False,0.5,150.05,0.06620157340062342,446,316,1.0,2.5,10.0
0.09,False,0.75,256.725,0.06620157340062342,446,316,1.0,2.5,10.0
0.09,True,0.25,98.94999999999999,0.9337984265993766,6291,316,1.0,2.5,10.0
0.09,True,0.5,165.5,0.9337984265993766,6291,316,1.0,2.5,10.0
0.09,True,0.75,268.25,0.9337984265993766,6291,316,1.0,2.5,10.0
0.12,False,0.25,85.82499999999999,0.027860106698280974,188,316,1.0,2.5,10.0
0.12,False,0.5,132.04999999999998,0.027860106698280974,188,316,1.0,2.5,10.0
0.12,False,0.75,212.25000000000003,0.027860106698280974,188,316,1.0,2.5,10.0
0.12,True,0.25,87.59999999999998,0.972139893301719,6560,316,1.0,2.5,10.0
0.12,True,0.5,139.79999999999998,0.972139893301719,6560,316,1.0,2.5,10.0
0.12,True,0.75,223.42500000000004,0.972139893301719,6560,316,1.0,2.5,10.0
0.15,False,0.25,79.05,0.01511593777516877,103,316,1.0,2.5,10.0
0.15,False,0.5,124.39999999999999,0.01511593777516877,103,316,1.0,2.5,10.0
0.15,False,0.75,172.59999999999997,0.01511593777516877,103,316,1.0,2.5,10.0
0.15,True,0.25,78.2,0.9848840622248313,6711,316,1.0,2.5,10.0
0.15,True,0.5,119.09999999999998,0.9848840622248313,6711,316,1.0,2.5,10.0
0.15,True,0.75,180.19999999999996,0.9848840622248313,6711,316,1.0,2.5,10.0
0.0,False,0.25,123.65,0.49604031677465804,1378,330,1.0,2.5,10.0
0.0,False,0.5,227.60000000000005,0.49604031677465804,1378,330,1.0,2.5,10.0
0.0,False,0.75,389.675,0.49604031677465804,1378,330,1.0,2.5,10.0
0.0,True,0.25,124.875,0.503959683225342,1400,330,1.0,2.5,10.0
0.0,True,0.5,223.40000000000003,0.503959683225342,1400,330,1.0,2.5,10.0
0.0,True,0.75,373.50000000000006,0.503959683225342,1400,330,1.0,2.5,10.0
0.03,False,0.25,120.275,0.2874125874125874,1644,330,1.0,2.5,10.0
0.03,False,0.5,210.85000000000002,0.2874125874125874,1644,330,1.0,2.5,10.0
0.03,False,0.75,363.725,0.2874125874125874,1644,330,1.0,2.5,10.0
0.03,True,0.25,122.6,0.7125874125874125,4076,330,1.0,2.5,10.0
0.03,True,0.5,214.45000000000005,0.7125874125874125,4076,330,1.0,2.5,10.0
0.03,True,0.75,356.125,0.7125874125874125,4076,330,1.0,2.5,10.0
0.06,False,0.25,101.64999999999999,0.1474058509778568,912,330,1.0,2.5,10.0
0.06,False,0.5,180.5,0.1474058509778568,912,330,1.0,2.5,10.0
0.06,False,0.75,307.82500000000005,0.1474058509778568,912,330,1.0,2.5,10.0
0.06,True,0.25,110.05,0.8525941490221433,5275,330,1.0,2.5,10.0
0.06,True,0.5,190.2,0.8525941490221433,5275,330,1.0,2.5,10.0
0.06,True,0.75,317.30000000000007,0.8525941490221433,5275,330,1.0,2.5,10.0
0.09,False,0.25,91.75,0.07360142454370085,496,330,1.0,2.5,10.0
0.09,False,0.5,160.29999999999998,0.07360142454370085,496,330,1.0,2.5,10.0
0.09,False,0.75,278.4,0.07360142454370085,496,330,1.0,2.5,10.0
0.09,True,0.25,101.89999999999999,0.9263985754562991,6243,330,1.0,2.5,10.0
0.09,True,0.5,171.7,0.9263985754562991,6243,330,1.0,2.5,10.0
0.09,True,0.75,282.0,0.9263985754562991,6243,330,1.0,2.5,10.0
0.12,False,0.25,81.0,0.03260708463020602,220,330,1.0,2.5,10.0
0.12,False,0.5,134.3,0.03260708463020602,220,330,1.0,2.5,10.0
0.12,False,0.75,206.45000000000002,0.03260708463020602,220,330,1.0,2.5,10.0
0.12,True,0.25,87.79999999999998,0.967392915369794,6527,330,1.0,2.5,10.0
0.12,True,0.5,139.9,0.967392915369794,6527,330,1.0,2.5,10.0
0.12,True,0.75,224.15000000000003,0.967392915369794,6527,330,1.0,2.5,10.0
0.15,False,0.25,67.42500000000001,0.012042884417682479,82,330,1.0,2.5,10.0
0.15,False,0.5,99.19999999999999,0.012042884417682479,82,330,1.0,2.5,10.0
0.15,False,0.75,148.825,0.012042884417682479,82,330,1.0,2.5,10.0
0.15,True,0.25,79.2,0.9879571155823175,6727,330,1.0,2.5,10.0
0.15,True,0.5,119.89999999999998,0.9879571155823175,6727,330,1.0,2.5,10.0
0.15,True,0.75,185.5,0.9879571155823175,6727,330,1.0,2.5,10.0
0.0,False,0.25,133.7,0.49696753478415984,1393,335,1.0,2.5,10.0
0.0,False,0.5,222.00000000000003,0.49696753478415984,1393,335,1.0,2.5,10.0
0.0,False,0.75,376.09999999999997,0.49696753478415984,1393,335,1.0,2.5,10.0
0.0,True,0.25,120.625,0.5030324652158402,1410,335,1.0,2.5,10.0
0.0,True,0.5,218.35000000000002,0.5030324652158402,1410,335,1.0,2.5,10.0
0.0,True,0.75,370.3,0.5030324652158402,1410,335,1.0,2.5,10.0
0.03,False,0.25,120.8,0.2915858176045158,1653,335,1.0,2.5,10.0
0.03,False,0.5,218.10000000000005,0.2915858176045158,1653,335,1.0,2.5,10.0
0.03,False,0.75,359.40000000000003,0.2915858176045158,1653,335,1.0,2.5,10.0
0.03,True,0.25,126.375,0.7084141823954843,4016,335,1.0,2.5,10.0
0.03,True,0.5,219.60000000000005,0.7084141823954843,4016,335,1.0,2.5,10.0
0.03,True,0.75,369.625,0.7084141823954843,4016,335,1.0,2.5,10.0
0.06,False,0.25,103.2,0.14313440077632217,885,335,1.0,2.5,10.0
0.06,False,0.5,182.3,0.14313440077632217,885,335,1.0,2.5,10.0
0.06,False,0.75,314.4000000000001,0.14313440077632217,885,335,1.0,2.5,10.0
0.06,True,0.25,113.82499999999999,0.8568655992236778,5298,335,1.0,2.5,10.0
0.06,True,0.5,196.25,0.8568655992236778,5298,335,1.0,2.5,10.0
0.06,True,0.75,331.85,0.8568655992236778,5298,335,1.0,2.5,10.0
0.09,False,0.25,89.325,0.07088832863710515,478,335,1.0,2.5,10.0
0.09,False,0.5,163.2,0.07088832863710515,478,335,1.0,2.5,10.0
0.09,False,0.75,285.425,0.07088832863710515,478,335,1.0,2.5,10.0
0.09,True,0.25,99.49999999999999,0.9291116713628949,6265,335,1.0,2.5,10.0
0.09,True,0.5,168.09999999999997,0.9291116713628949,6265,335,1.0,2.5,10.0
0.09,True,0.75,275.5,0.9291116713628949,6265,335,1.0,2.5,10.0
0.12,False,0.25,78.89999999999999,0.0327358909791142,221,335,1.0,2.5,10.0
0.12,False,0.5,120.69999999999999,0.0327358909791142,221,335,1.0,2.5,10.0
0.12,False,0.75,197.49999999999997,0.0327358909791142,221,335,1.0,2.5,10.0
0.12,True,0.25,88.19999999999999,0.9672641090208858,6530,335,1.0,2.5,10.0
0.12,True,0.5,137.4,0.9672641090208858,6530,335,1.0,2.5,10.0
0.12,True,0.75,218.00000000000003,0.9672641090208858,6530,335,1.0,2.5,10.0
0.15,False,0.25,73.6,0.013059427732942039,89,335,1.0,2.5,10.0
0.15,False,0.5,106.5,0.013059427732942039,89,335,1.0,2.5,10.0
0.15,False,0.75,165.70000000000002,0.013059427732942039,89,335,1.0,2.5,10.0
0.15,True,0.25,79.39999999999999,0.986940572267058,6726,335,1.0,2.5,10.0
0.15,True,0.5,120.49999999999999,0.986940572267058,6726,335,1.0,2.5,10.0
0.15,True,0.75,183.0,0.986940572267058,6726,335,1.0,2.5,10.0
0.0,False,0.25,129.6,0.5032211882605584,1406,345,1.0,2.5,10.0
0.0,False,0.5,230.75000000000006,0.5032211882605584,1406,345,1.0,2.5,10.0
0.0,False,0.75,386.5,0.5032211882605584,1406,345,1.0,2.5,10.0
0.0,True,0.25,127.8,0.49677881173944166,1388,345,1.0,2.5,10.0
0.0,True,0.5,226.15000000000003,0.49677881173944166,1388,345,1.0,2.5,10.0
0.0,True,0.75,372.82500000000005,0.49677881173944166,1388,345,1.0,2.5,10.0
0.03,False,0.25,114.85,0.2983104540654699,1695,345,1.0,2.5,10.0
0.03,False,0.5,215.00000000000003,0.2983104540654699,1695,345,1.0,2.5,10.0
0.03,False,0.75,358.15000000000003,0.2983104540654699,1695,345,1.0,2.5,10.0
0.03,True,0.25,119.35,0.7016895459345301,3987,345,1.0,2.5,10.0
0.03,True,0.5,214.70000000000002,0.7016895459345301,3987,345,1.0,2.5,10.0
0.03,True,0.75,362.40000000000003,0.7016895459345301,3987,345,1.0,2.5,10.0
0.06,False,0.25,102.14999999999999,0.14583333333333334,903,345,1.0,2.5,10.0
0.06,False,0.5,177.2,0.14583333333333334,903,345,1.0,2.5,10.0
0.06,False,0.75,300.1,0.14583333333333334,903,345,1.0,2.5,10.0
0.06,True,0.25,110.69999999999999,0.8541666666666666,5289,345,1.0,2.5,10.0
0.06,True,0.5,193.39999999999998,0.8541666666666666,5289,345,1.0,2.5,10.0
0.06,True,0.75,326.1000000000001,0.8541666666666666,5289,345,1.0,2.5,10.0
0.09,False,0.25,92.0,0.0698605754968852,471,345,1.0,2.5,10.0
0.09,False,0.5,146.6,0.0698605754968852,471,345,1.0,2.5,10.0
0.09,False,0.75,247.65000000000003,0.0698605754968852,471,345,1.0,2.5,10.0
0.09,True,0.25,100.6,0.9301394245031148,6271,345,1.0,2.5,10.0
0.09,True,0.5,166.1,0.9301394245031148,6271,345,1.0,2.5,10.0
0.09,True,0.75,271.45000000000005,0.9301394245031148,6271,345,1.0,2.5,10.0
0.12,False,0.25,79.0,0.030981322265045953,209,345,1.0,2.5,10.0
0.12,False,0.5,121.0,0.030981322265045953,209,345,1.0,2.5,10.0
0.12,False,0.75,189.60000000000002,0.030981322265045953,209,345,1.0,2.5,10.0
0.12,True,0.25,86.9,0.9690186777349541,6537,345,1.0,2.5,10.0
0.12,True,0.5,137.5,0.9690186777349541,6537,345,1.0,2.5,10.0
0.12,True,0.75,220.3,0.9690186777349541,6537,345,1.0,2.5,10.0
0.15,False,0.25,72.82499999999999,0.013499633162142333,92,345,1.0,2.5,10.0
0.15,False,0.5,103.75,0.013499633162142333,92,345,1.0,2.5,10.0
0.15,False,0.75,156.14999999999998,0.013499633162142333,92,345,1.0,2.5,10.0
0.15,True,0.25,77.89999999999999,0.9865003668378577,6723,345,1.0,2.5,10.0
0.15,True,0.5,116.79999999999998,0.9865003668378577,6723,345,1.0,2.5,10.0
0.15,True,0.75,185.39999999999998,0.9865003668378577,6723,345,1.0,2.5,10.0
0.0,False,0.25,124.8,0.49892550143266473,1393,356,1.0,2.5,10.0
0.0,False,0.5,221.30000000000004,0.49892550143266473,1393,356,1.0,2.5,10.0
0.0,False,0.75,372.70000000000005,0.49892550143266473,1393,356,1.0,2.5,10.0
0.0,True,0.25,118.89999999999998,0.5010744985673352,1399,356,1.0,2.5,10.0
0.0,True,0.5,225.80000000000007,0.5010744985673352,1399,356,1.0,2.5,10.0
0.0,True,0.75,368.55000000000007,0.5010744985673352,1399,356,1.0,2.5,10.0
0.03,False,0.25,119.49999999999999,0.30071143501648445,1733,356,1.0,2.5,10.0
0.03,False,0.5,209.90000000000003,0.30071143501648445,1733,356,1.0,2.5,10.0
0.03,False,0.75,355.90000000000003,0.30071143501648445,1733,356,1.0,2.5,10.0
0.03,True,0.25,119.52499999999999,0.6992885649835155,4030,356,1.0,2.5,10.0
0.03,True,0.5,213.30000000000004,0.6992885649835155,4030,356,1.0,2.5,10.0
0.03,True,0.75,359.62500000000006,0.6992885649835155,4030,356,1.0,2.5,10.0
0.06,False,0.25,102.125,0.15051679586563307,932,356,1.0,2.5,10.0
0.06,False,0.5,177.60000000000002,0.15051679586563307,932,356,1.0,2.5,10.0
0.06,False,0.75,307.80000000000007,0.15051679586563307,932,356,1.0,2.5,10.0
0.06,True,0.25,112.175,0.849483204134367,5260,356,1.0,2.5,10.0
0.06,True,0.5,190.0,0.849483204134367,5260,356,1.0,2.5,10.0
0.06,True,0.75,326.6500000000001,0.849483204134367,5260,356,1.0,2.5,10.0
0.09,False,0.25,92.9,0.0688786846393127,465,356,1.0,2.5,10.0
0.09,False,0.5,149.4,0.0688786846393127,465,356,1.0,2.5,10.0
0.09,False,0.75,246.00000000000006,0.0688786846393127,465,356,1.0,2.5,10.0
0.09,True,0.25,98.29999999999998,0.9311213153606873,6286,356,1.0,2.5,10.0
0.09,True,0.5,161.89999999999998,0.9311213153606873,6286,356,1.0,2.5,10.0
0.09,True,0.75,266.225,0.9311213153606873,6286,356,1.0,2.5,10.0
0.12,False,0.25,83.60000000000001,0.03591570198872069,242,356,1.0,2.5,10.0
0.12,False,0.5,132.1,0.03591570198872069,242,356,1.0,2.5,10.0
0.12,False,0.75,219.70000000000005,0.03591570198872069,242,356,1.0,2.5,10.0
0.12,True,0.25,86.7,0.9640842980112793,6496,356,1.0,2.5,10.0
0.12,True,0.5,137.0,0.9640842980112793,6496,356,1.0,2.5,10.0
0.12,True,0.75,221.70000000000007,0.9640842980112793,6496,356,1.0,2.5,10.0
0.15,False,0.25,67.175,0.014092777451556078,96,356,1.0,2.5,10.0
0.15,False,0.5,117.54999999999998,0.014092777451556078,96,356,1.0,2.5,10.0
0.15,False,0.75,186.85,0.014092777451556078,96,356,1.0,2.5,10.0
0.15,True,0.25,78.60000000000001,0.9859072225484439,6716,356,1.0,2.5,10.0
0.15,True,0.5,118.0,0.9859072225484439,6716,356,1.0,2.5,10.0
0.15,True,0.75,184.025,0.9859072225484439,6716,356,1.0,2.5,10.0
0.0,False,0.25,132.25,0.5097472924187726,1412,358,1.0,2.5,10.0
0.0,False,0.5,224.75000000000006,0.5097472924187726,1412,358,1.0,2.5,10.0
0.0,False,0.75,377.00000000000006,0.5097472924187726,1412,358,1.0,2.5,10.0
0.0,True,0.25,126.75,0.4902527075812274,1358,358,1.0,2.5,10.0
0.0,True,0.5,208.8,0.4902527075812274,1358,358,1.0,2.5,10.0
0.0,True,0.75,372.70000000000005,0.4902527075812274,1358,358,1.0,2.5,10.0
0.03,False,0.25,120.725,0.2876044568245125,1652,358,1.0,2.5,10.0
0.03,False,0.5,212.10000000000005,0.2876044568245125,1652,358,1.0,2.5,10.0
0.03,False,0.75,357.12500000000006,0.2876044568245125,1652,358,1.0,2.5,10.0
0.03,True,0.25,123.07499999999999,0.7123955431754875,4092,358,1.0,2.5,10.0
0.03,True,0.5,223.85000000000005,0.7123955431754875,4092,358,1.0,2.5,10.0
0.03,True,0.75,369.02500000000003,0.7123955431754875,4092,358,1.0,2.5,10.0
0.06,False,0.25,104.625,0.1551417004048583,958,358,1.0,2.5,10.0
0.06,False,0.5,185.25,0.1551417004048583,958,358,1.0,2.5,10.0
0.06,False,0.75,323.40000000000003,0.1551417004048583,958,358,1.0,2.5,10.0
0.06,True,0.25,116.6,0.8448582995951417,5217,358,1.0,2.5,10.0
0.06,True,0.5,196.1,0.8448582995951417,5217,358,1.0,2.5,10.0
0.06,True,0.75,332.70000000000005,0.8448582995951417,5217,358,1.0,2.5,10.0
0.09,False,0.25,92.975,0.06415206415206415,432,358,1.0,2.5,10.0
0.09,False,0.5,157.2,0.06415206415206415,432,358,1.0,2.5,10.0
0.09,False,0.75,269.05,0.06415206415206415,432,358,1.0,2.5,10.0
0.09,True,0.25,102.2,0.9358479358479358,6302,358,1.0,2.5,10.0
0.09,True,0.5,170.60000000000002,0.9358479358479358,6302,358,1.0,2.5,10.0
0.09,True,0.75,274.7750000000001,0.9358479358479358,6302,358,1.0,2.5,10.0
0.12,False,0.25,83.3,0.03039288361749444,205,358,1.0,2.5,10.0
0.12,False,0.5,126.0,0.03039288361749444,205,358,1.0,2.5,10.0
0.12,False,0.75,198.29999999999998,0.03039288361749444,205,358,1.0,2.5,10.0
0.12,True,0.25,89.07499999999999,0.9696071163825055,6540,358,1.0,2.5,10.0
0.12,True,0.5,140.7,0.9696071163825055,6540,358,1.0,2.5,10.0
0.12,True,0.75,224.12500000000006,0.9696071163825055,6540,358,1.0,2.5,10.0
0.15,False,0.25,81.0,0.016436747872028177,112,358,1.0,2.5,10.0
0.15,False,0.5,107.55,0.016436747872028177,112,358,1.0,2.5,10.0
0.15,False,0.75,169.22500000000002,0.016436747872028177,112,358,1.0,2.5,10.0
0.15,True,0.25,78.69999999999999,0.9835632521279718,6702,358,1.0,2.5,10.0
0.15,True,0.5,119.2,0.9835632521279718,6702,358,1.0,2.5,10.0
0.15,True,0.75,183.175,0.9835632521279718,6702,358,1.0,2.5,10.0
0.0,False,0.25,128.0,0.5084562792371357,1413,362,1.0,2.5,10.0
0.0,False,0.5,221.40000000000003,0.5084562792371357,1413,362,1.0,2.5,10.0
0.0,False,0.75,368.3,0.5084562792371357,1413,362,1.0,2.5,10.0
0.0,True,0.25,121.375,0.49154372076286434,1366,362,1.0,2.5,10.0
0.0,True,0.5,218.70000000000005,0.49154372076286434,1366,362,1.0,2.5,10.0
0.0,True,0.75,359.50000000000006,0.49154372076286434,1366,362,1.0,2.5,10.0
0.03,False,0.25,120.54999999999998,0.2937136819862652,1668,362,1.0,2.5,10.0
0.03,False,0.5,214.30000000000004,0.2937136819862652,1668,362,1.0,2.5,10.0
0.03,False,0.75,361.925,0.2937136819862652,1668,362,1.0,2.5,10.0
0.03,True,0.25,123.25,0.7062863180137348,4011,362,1.0,2.5,10.0
0.03,True,0.5,212.70000000000002,0.7062863180137348,4011,362,1.0,2.5,10.0
0.03,True,0.75,364.35,0.7062863180137348,4011,362,1.0,2.5,10.0
0.06,False,0.25,110.10000000000001,0.1537344733021455,953,362,1.0,2.5,10.0
0.06,False,0.5,193.39999999999998,0.1537344733021455,953,362,1.0,2.5,10.0
0.06,False,0.75,333.1000000000001,0.1537344733021455,953,362,1.0,2.5,10.0
0.06,True,0.25,112.79999999999998,0.8462655266978545,5246,362,1.0,2.5,10.0
0.06,True,0.5,198.14999999999998,0.8462655266978545,5246,362,1.0,2.5,10.0
0.06,True,0.75,327.975,0.8462655266978545,5246,362,1.0,2.5,10.0
0.09,False,0.25,97.4,0.07382152386599466,498,362,1.0,2.5,10.0
0.09,False,0.5,152.84999999999997,0.07382152386599466,498,362,1.0,2.5,10.0
0.09,False,0.75,260.00000000000006,0.07382152386599466,498,362,1.0,2.5,10.0
0.09,True,0.25,100.77499999999999,0.9261784761340054,6248,362,1.0,2.5,10.0
0.09,True,0.5,164.55,0.9261784761340054,6248,362,1.0,2.5,10.0
0.09,True,0.75,273.125,0.9261784761340054,6248,362,1.0,2.5,10.0
0.12,False,0.25,87.82499999999999,0.03406902681084284,230,362,1.0,2.5,10.0
0.12,False,0.5,129.04999999999998,0.03406902681084284,230,362,1.0,2.5,10.0
0.12,False,0.75,198.0,0.03406902681084284,230,362,1.0,2.5,10.0
0.12,True,0.25,88.19999999999999,0.9659309731891572,6521,362,1.0,2.5,10.0
0.12,True,0.5,139.4,0.9659309731891572,6521,362,1.0,2.5,10.0
0.12,True,0.75,223.40000000000003,0.9659309731891572,6521,362,1.0,2.5,10.0
0.15,False,0.25,80.27499999999999,0.015852047556142668,108,362,1.0,2.5,10.0
0.15,False,0.5,118.35,0.015852047556142668,108,362,1.0,2.5,10.0
0.15,False,0.75,172.45,0.015852047556142668,108,362,1.0,2.5,10.0
0.15,True,0.25,77.69999999999999,0.9841479524438573,6705,362,1.0,2.5,10.0
0.15,True,0.5,118.2,0.9841479524438573,6705,362,1.0,2.5,10.0
0.15,True,0.75,180.70000000000002,0.9841479524438573,6705,362,1.0,2.5,10.0
0.0,False,0.25,130.79999999999998,0.4987504462691896,1397,367,1.0,2.5,10.0
0.0,False,0.5,233.00000000000003,0.4987504462691896,1397,367,1.0,2.5,10.0
0.0,False,0.75,391.8,0.4987504462691896,1397,367,1.0,2.5,10.0
0.0,True,0.25,121.39999999999999,0.5012495537308104,1404,367,1.0,2.5,10.0
0.0,True,0.5,221.90000000000003,0.5012495537308104,1404,367,1.0,2.5,10.0
0.0,True,0.75,371.2750000000001,0.5012495537308104,1404,367,1.0,2.5,10.0
0.03,False,0.25,119.25,0.2997711670480549,1703,367,1.0,2.5,10.0
0.03,False,0.5,218.8,0.2997711670480549,1703,367,1.0,2.5,10.0
0.03,False,0.75,371.65,0.2997711670480549,1703,367,1.0,2.5,10.0
0.03,True,0.25,123.65,0.700228832951945,3978,367,1.0,2.5,10.0
0.03,True,0.5,221.30000000000004,0.700228832951945,3978,367,1.0,2.5,10.0
0.03,True,0.75,361.975,0.700228832951945,3978,367,1.0,2.5,10.0
0.06,False,0.25,100.875,0.14167879670063077,876,367,1.0,2.5,10.0
0.06,False,0.5,179.15000000000003,0.14167879670063077,876,367,1.0,2.5,10.0
0.06,False,0.75,307.27500000000003,0.14167879670063077,876,367,1.0,2.5,10.0
0.06,True,0.25,111.5,0.8583212032993692,5307,367,1.0,2.5,10.0
0.06,True,0.5,192.29999999999998,0.8583212032993692,5307,367,1.0,2.5,10.0
0.06,True,0.75,321.5,0.8583212032993692,5307,367,1.0,2.5,10.0
0.09,False,0.25,92.925,0.06512042818911686,438,367,1.0,2.5,10.0
0.09,False,0.5,167.45,0.06512042818911686,438,367,1.0,2.5,10.0
0.09,False,0.75,273.32500000000005,0.06512042818911686,438,367,1.0,2.5,10.0
0.09,True,0.25,102.175,0.9348795718108831,6288,367,1.0,2.5,10.0
0.09,True,0.5,168.99999999999997,0.9348795718108831,6288,367,1.0,2.5,10.0
0.09,True,0.75,273.30000000000007,0.9348795718108831,6288,367,1.0,2.5,10.0
0.12,False,0.25,77.94999999999999,0.031880189798339266,215,367,1.0,2.5,10.0
0.12,False,0.5,129.2,0.031880189798339266,215,367,1.0,2.5,10.0
0.12,False,0.75,218.30000000000004,0.031880189798339266,215,367,1.0,2.5,10.0
0.12,True,0.25,87.9,0.9681198102016607,6529,367,1.0,2.5,10.0
0.12,True,0.5,139.9,0.9681198102016607,6529,367,1.0,2.5,10.0
0.12,True,0.75,221.20000000000002,0.9681198102016607,6529,367,1.0,2.5,10.0
0.15,False,0.25,66.8,0.014820249449743214,101,367,1.0,2.5,10.0
0.15,False,0.5,111.5,0.014820249449743214,101,367,1.0,2.5,10.0
0.15,False,0.75,151.0,0.014820249449743214,101,367,1.0,2.5,10.0
0.15,True,0.25,78.49999999999999,0.9851797505502567,6714,367,1.0,2.5,10.0
0.15,True,0.5,119.89999999999998,0.9851797505502567,6714,367,1.0,2.5,10.0
0.15,True,0.75,183.0,0.9851797505502567,6714,367,1.0,2.5,10.0
0.0,False,0.25,119.29999999999998,0.5105696882837693,1425,368,1.0,2.5,10.0
0.0,False,0.5,223.30000000000007,0.5105696882837693,1425,368,1.0,2.5,10.0
0.0,False,0.75,370.7,0.5105696882837693,1425,368,1.0,2.5,10.0
0.0,True,0.25,127.14999999999999,0.48943031171623075,1366,368,1.0,2.5,10.0
0.0,True,0.5,219.60000000000002,0.48943031171623075,1366,368,1.0,2.5,10.0
0.0,True,0.75,366.125,0.48943031171623075,1366,368,1.0,2.5,10.0
0.03,False,0.25,117.64999999999999,0.2936283185840708,1659,368,1.0,2.5,10.0
0.03,False,0.5,204.70000000000002,0.2936283185840708,1659,368,1.0,2.5,10.0
0.03,False,0.75,360.15000000000003,0.2936283185840708,1659,368,1.0,2.5,10.0
0.03,True,0.25,129.04999999999998,0.7063716814159292,3991,368,1.0,2.5,10.0
0.03,True,0.5,223.60000000000002,0.7063716814159292,3991,368,1.0,2.5,10.0
0.03,True,0.75,371.1,0.7063716814159292,3991,368,1.0,2.5,10.0
0.06,False,0.25,106.5,0.14887776521879542,922,368,1.0,2.5,10.0
0.06,False,0.5,194.04999999999998,0.14887776521879542,922,368,1.0,2.5,10.0
0.06,False,0.75,320.92500000000007,0.14887776521879542,922,368,1.0,2.5,10.0
0.06,True,0.25,114.65,0.8511222347812046,5271,368,1.0,2.5,10.0
0.06,True,0.5,195.49999999999997,0.8511222347812046,5271,368,1.0,2.5,10.0
0.06,True,0.75,328.6000000000001,0.8511222347812046,5271,368,1.0,2.5,10.0
0.09,False,0.25,89.62499999999999,0.06805349182763744,458,368,1.0,2.5,10.0
0.09,False,0.5,148.84999999999997,0.06805349182763744,458,368,1.0,2.5,10.0
0.09,False,0.75,247.65000000000003,0.06805349182763744,458,368,1.0,2.5,10.0
0.09,True,0.25,101.5,0.9319465081723626,6272,368,1.0,2.5,10.0
0.09,True,0.5,164.39999999999998,0.9319465081723626,6272,368,1.0,2.5,10.0
0.09,True,0.75,276.725,0.9319465081723626,6272,368,1.0,2.5,10.0
0.12,False,0.25,81.70000000000002,0.02890601838126297,195,368,1.0,2.5,10.0
0.12,False,0.5,123.49999999999999,0.02890601838126297,195,368,1.0,2.5,10.0
0.12,False,0.75,206.0,0.02890601838126297,195,368,1.0,2.5,10.0
0.12,True,0.25,88.14999999999999,0.9710939816187371,6551,368,1.0,2.5,10.0
0.12,True,0.5,139.2,0.9710939816187371,6551,368,1.0,2.5,10.0
0.12,True,0.75,220.50000000000006,0.9710939816187371,6551,368,1.0,2.5,10.0
0.15,False,0.25,85.59999999999998,0.011745705476435178,80,368,1.0,2.5,10.0
0.15,False,0.5,129.6,0.011745705476435178,80,368,1.0,2.5,10.0
0.15,False,0.75,183.14999999999998,0.011745705476435178,80,368,1.0,2.5,10.0
0.15,True,0.25,78.60000000000001,0.9882542945235648,6731,368,1.0,2.5,10.0
0.15,True,0.5,117.6,0.9882542945235648,6731,368,1.0,2.5,10.0
0.15,True,0.75,181.0,0.9882542945235648,6731,368,1.0,2.5,10.0
0.0,False,0.25,120.77499999999999,0.5025053686471009,1404,371,1.0,2.5,10.0
0.0,False,0.5,210.30000000000004,0.5025053686471009,1404,371,1.0,2.5,10.0
0.0,False,0.75,369.05000000000007,0.5025053686471009,1404,371,1.0,2.5,10.0
0.0,True,0.25,123.94999999999999,0.49749463135289906,1390,371,1.0,2.5,10.0
0.0,True,0.5,224.50000000000006,0.49749463135289906,1390,371,1.0,2.5,10.0
0.0,True,0.75,381.1,0.49749463135289906,1390,371,1.0,2.5,10.0
0.03,False,0.25,112.99999999999999,0.2936355710549259,1684,371,1.0,2.5,10.0
0.03,False,0.5,204.65000000000003,0.2936355710549259,1684,371,1.0,2.5,10.0
0.03,False,0.75,362.02500000000003,0.2936355710549259,1684,371,1.0,2.5,10.0
0.03,True,0.25,121.04999999999998,0.7063644289450741,4051,371,1.0,2.5,10.0
0.03,True,0.5,214.40000000000006,0.7063644289450741,4051,371,1.0,2.5,10.0
0.03,True,0.75,362.00000000000006,0.7063644289450741,4051,371,1.0,2.5,10.0
0.06,False,0.25,102.65,0.14600908500973395,900,371,1.0,2.5,10.0
0.06,False,0.5,187.9,0.14600908500973395,900,371,1.0,2.5,10.0
0.06,False,0.75,304.52500000000003,0.14600908500973395,900,371,1.0,2.5,10.0
0.06,True,0.25,112.99999999999999,0.853990914990266,5264,371,1.0,2.5,10.0
0.06,True,0.5,196.25,0.853990914990266,5264,371,1.0,2.5,10.0
0.06,True,0.75,326.0,0.853990914990266,5264,371,1.0,2.5,10.0
0.09,False,0.25,92.94999999999999,0.06871475215197388,463,371,1.0,2.5,10.0
0.09,False,0.5,155.79999999999998,0.06871475215197388,463,371,1.0,2.5,10.0
0.09,False,0.75,285.70000000000005,0.06871475215197388,463,371,1.0,2.5,10.0
0.09,True,0.25,99.89999999999999,0.9312852478480261,6275,371,1.0,2.5,10.0
0.09,True,0.5,162.99999999999997,0.9312852478480261,6275,371,1.0,2.5,10.0
0.09,True,0.75,269.05,0.9312852478480261,6275,371,1.0,2.5,10.0
0.12,False,0.25,83.9,0.032473309608540925,219,371,1.0,2.5,10.0
0.12,False,0.5,136.4,0.032473309608540925,219,371,1.0,2.5,10.0
0.12,False,0.75,203.85000000000002,0.032473309608540925,219,371,1.0,2.5,10.0
0.12,True,0.25,88.5,0.9675266903914591,6525,371,1.0,2.5,10.0
0.12,True,0.5,138.9,0.9675266903914591,6525,371,1.0,2.5,10.0
0.12,True,0.75,220.10000000000005,0.9675266903914591,6525,371,1.0,2.5,10.0
0.15,False,0.25,70.1,0.013793103448275862,94,371,1.0,2.5,10.0
0.15,False,0.5,102.9,0.013793103448275862,94,371,1.0,2.5,10.0
0.15,False,0.75,162.95,0.013793103448275862,94,371,1.0,2.5,10.0
0.15,True,0.25,78.60000000000001,0.9862068965517241,6721,371,1.0,2.5,10.0
0.15,True,0.5,118.89999999999998,0.9862068965517241,6721,371,1.0,2.5,10.0
0.15,True,0.75,182.3,0.9862068965517241,6721,371,1.0,2.5,10.0
0.0,False,0.25,126.325,0.5108348134991119,1438,380,1.0,2.5,10.0
0.0,False,0.5,221.70000000000005,0.5108348134991119,1438,380,1.0,2.5,10.0
0.0,False,0.75,372.85,0.5108348134991119,1438,380,1.0,2.5,10.0
0.0,True,0.25,126.8,0.4891651865008881,1377,380,1.0,2.5,10.0
0.0,True,0.5,224.50000000000006,0.4891651865008881,1377,380,1.0,2.5,10.0
0.0,True,0.75,386.4,0.4891651865008881,1377,380,1.0,2.5,10.0
0.03,False,0.25,114.7,0.30336295521867923,1741,380,1.0,2.5,10.0
0.03,False,0.5,207.1,0.30336295521867923,1741,380,1.0,2.5,10.0
0.03,False,0.75,359.40000000000003,0.30336295521867923,1741,380,1.0,2.5,10.0
0.03,True,0.25,121.0,0.6966370447813208,3998,380,1.0,2.5,10.0
0.03,True,0.5,217.35000000000002,0.6966370447813208,3998,380,1.0,2.5,10.0
0.03,True,0.75,366.1,0.6966370447813208,3998,380,1.0,2.5,10.0
0.06,False,0.25,106.3,0.1549750040316078,961,380,1.0,2.5,10.0
0.06,False,0.5,175.1,0.1549750040316078,961,380,1.0,2.5,10.0
0.06,False,0.75,303.4,0.1549750040316078,961,380,1.0,2.5,10.0
0.06,True,0.25,113.05000000000001,0.8450249959683922,5240,380,1.0,2.5,10.0
0.06,True,0.5,194.4,0.8450249959683922,5240,380,1.0,2.5,10.0
0.06,True,0.75,323.0250000000001,0.8450249959683922,5240,380,1.0,2.5,10.0
0.09,False,0.25,88.0,0.06546912114014251,441,380,1.0,2.5,10.0
0.09,False,0.5,147.79999999999998,0.06546912114014251,441,380,1.0,2.5,10.0
0.09,False,0.75,244.10000000000005,0.06546912114014251,441,380,1.0,2.5,10.0
0.09,True,0.25,99.4,0.9345308788598575,6295,380,1.0,2.5,10.0
0.09,True,0.5,164.70000000000002,0.9345308788598575,6295,380,1.0,2.5,10.0
0.09,True,0.75,270.50000000000006,0.9345308788598575,6295,380,1.0,2.5,10.0
0.12,False,0.25,84.3,0.03040189826486727,205,380,1.0,2.5,10.0
0.12,False,0.5,138.99999999999997,0.03040189826486727,205,380,1.0,2.5,10.0
0.12,False,0.75,210.4,0.03040189826486727,205,380,1.0,2.5,10.0
0.12,True,0.25,88.39999999999999,0.9695981017351327,6538,380,1.0,2.5,10.0
0.12,True,0.5,138.2,0.9695981017351327,6538,380,1.0,2.5,10.0
0.12,True,0.75,224.375,0.9695981017351327,6538,380,1.0,2.5,10.0
0.15,False,0.25,61.02499999999999,0.013497652582159625,92,380,1.0,2.5,10.0
0.15,False,0.5,94.70000000000002,0.013497652582159625,92,380,1.0,2.5,10.0
0.15,False,0.75,162.82500000000002,0.013497652582159625,92,380,1.0,2.5,10.0
0.15,True,0.25,78.39999999999999,0.9865023474178404,6724,380,1.0,2.5,10.0
0.15,True,0.5,120.3,0.9865023474178404,6724,380,1.0,2.5,10.0
0.15,True,0.75,185.20000000000002,0.9865023474178404,6724,380,1.0,2.5,10.0
0.0,False,0.25,121.57499999999999,0.5016100178890877,1402,394,1.0,2.5,10.0
0.0,False,0.5,214.10000000000002,0.5016100178890877,1402,394,1.0,2.5,10.0
0.0,False,0.75,354.70000000000005,0.5016100178890877,1402,394,1.0,2.5,10.0
0.0,True,0.25,120.49999999999999,0.49838998211091234,1393,394,1.0,2.5,10.0
0.0,True,0.5,215.30000000000004,0.49838998211091234,1393,394,1.0,2.5,10.0
0.0,True,0.75,378.0,0.49838998211091234,1393,394,1.0,2.5,10.0
0.03,False,0.25,114.975,0.286656255422523,1652,394,1.0,2.5,10.0
0.03,False,0.5,209.9,0.286656255422523,1652,394,1.0,2.5,10.0
0.03,False,0.75,368.6,0.286656255422523,1652,394,1.0,2.5,10.0
0.03,True,0.25,124.99999999999999,0.713343744577477,4111,394,1.0,2.5,10.0
0.03,True,0.5,217.20000000000005,0.713343744577477,4111,394,1.0,2.5,10.0
0.03,True,0.75,361.75,0.713343744577477,4111,394,1.0,2.5,10.0
0.06,False,0.25,102.67499999999998,0.14421988682295878,892,394,1.0,2.5,10.0
0.06,False,0.5,166.64999999999998,0.14421988682295878,892,394,1.0,2.5,10.0
0.06,False,0.75,306.20000000000005,0.14421988682295878,892,394,1.0,2.5,10.0
0.06,True,0.25,111.9,0.8557801131770413,5293,394,1.0,2.5,10.0
0.06,True,0.5,193.0,0.8557801131770413,5293,394,1.0,2.5,10.0
0.06,True,0.75,326.40000000000003,0.8557801131770413,5293,394,1.0,2.5,10.0
0.09,False,0.25,83.25,0.06872495175894315,463,394,1.0,2.5,10.0
0.09,False,0.5,143.5,0.06872495175894315,463,394,1.0,2.5,10.0
0.09,False,0.75,262.55,0.06872495175894315,463,394,1.0,2.5,10.0
0.09,True,0.25,99.29999999999998,0.9312750482410569,6274,394,1.0,2.5,10.0
0.09,True,0.5,164.14999999999998,0.9312750482410569,6274,394,1.0,2.5,10.0
0.09,True,0.75,272.82500000000005,0.9312750482410569,6274,394,1.0,2.5,10.0
0.12,False,0.25,78.25,0.0312824314306894,211,394,1.0,2.5,10.0
0.12,False,0.5,126.8,0.0312824314306894,211,394,1.0,2.5,10.0
0.12,False,0.75,187.39999999999998,0.0312824314306894,211,394,1.0,2.5,10.0
0.12,True,0.25,88.52499999999999,0.9687175685693106,6534,394,1.0,2.5,10.0
0.12,True,0.5,140.04999999999998,0.9687175685693106,6534,394,1.0,2.5,10.0
0.12,True,0.75,224.4,0.9687175685693106,6534,394,1.0,2.5,10.0
0.15,False,0.25,68.9,0.014237487156905915,97,394,1.0,2.5,10.0
0.15,False,0.5,102.6,0.014237487156905915,97,394,1.0,2.5,10.0
0.15,False,0.75,141.6,0.014237487156905915,97,394,1.0,2.5,10.0
0.15,True,0.25,77.575,0.9857625128430941,6716,394,1.0,2.5,10.0
0.15,True,0.5,118.09999999999998,0.9857625128430941,6716,394,1.0,2.5,10.0
0.15,True,0.75,181.79999999999998,0.9857625128430941,6716,394,1.0,2.5,10.0
0.0,False,0.25,129.2,0.5069817400644469,1416,395,1.0,2.5,10.0
0.0,False,0.5,229.60000000000002,0.5069817400644469,1416,395,1.0,2.5,10.0
0.0,False,0.75,379.275,0.5069817400644469,1416,395,1.0,2.5,10.0
0.0,True,0.25,120.6,0.49301825993555315,1377,395,1.0,2.5,10.0
0.0,True,0.5,224.80000000000004,0.49301825993555315,1377,395,1.0,2.5,10.0
0.0,True,0.75,380.70000000000005,0.49301825993555315,1377,395,1.0,2.5,10.0
0.03,False,0.25,119.19999999999999,0.2884983469636332,1658,395,1.0,2.5,10.0
0.03,False,0.5,203.85000000000002,0.2884983469636332,1658,395,1.0,2.5,10.0
0.03,False,0.75,355.07500000000005,0.2884983469636332,1658,395,1.0,2.5,10.0
0.03,True,0.25,121.49999999999999,0.7115016530363668,4089,395,1.0,2.5,10.0
0.03,True,0.5,212.50000000000006,0.7115016530363668,4089,395,1.0,2.5,10.0
0.03,True,0.75,355.8,0.7115016530363668,4089,395,1.0,2.5,10.0
0.06,False,0.25,110.55,0.14760981912144702,914,395,1.0,2.5,10.0
0.06,False,0.5,194.0,0.14760981912144702,914,395,1.0,2.5,10.0
0.06,False,0.75,317.725,0.14760981912144702,914,395,1.0,2.5,10.0
0.06,True,0.25,111.69999999999999,0.852390180878553,5278,395,1.0,2.5,10.0
0.06,True,0.5,192.25,0.852390180878553,5278,395,1.0,2.5,10.0
0.06,True,0.75,324.35,0.852390180878553,5278,395,1.0,2.5,10.0
0.09,False,0.25,99.5,0.0691749370463635,467,395,1.0,2.5,10.0
0.09,False,0.5,169.8,0.0691749370463635,467,395,1.0,2.5,10.0
0.09,False,0.75,275.25000000000006,0.0691749370463635,467,395,1.0,2.5,10.0
0.09,True,0.25,100.49999999999999,0.9308250629536365,6284,395,1.0,2.5,10.0
0.09,True,0.5,163.6,0.9308250629536365,6284,395,1.0,2.5,10.0
0.09,True,0.75,270.90000000000003,0.9308250629536365,6284,395,1.0,2.5,10.0
0.12,False,0.25,74.65,0.03069395017793594,207,395,1.0,2.5,10.0
0.12,False,0.5,114.2,0.03069395017793594,207,395,1.0,2.5,10.0
0.12,False,0.75,203.8,0.03069395017793594,207,395,1.0,2.5,10.0
0.12,True,0.25,89.0,0.969306049822064,6537,395,1.0,2.5,10.0
0.12,True,0.5,141.7,0.969306049822064,6537,395,1.0,2.5,10.0
0.12,True,0.75,225.60000000000002,0.969306049822064,6537,395,1.0,2.5,10.0
0.15,False,0.25,77.4,0.013211978860833822,90,395,1.0,2.5,10.0
0.15,False,0.5,112.6,0.013211978860833822,90,395,1.0,2.5,10.0
0.15,False,0.75,182.42499999999998,0.013211978860833822,90,395,1.0,2.5,10.0
0.15,True,0.25,77.49999999999999,0.9867880211391662,6722,395,1.0,2.5,10.0
0.15,True,0.5,118.6,0.9867880211391662,6722,395,1.0,2.5,10.0
0.15,True,0.75,182.9,0.9867880211391662,6722,395,1.0,2.5,10.0
0.0,False,0.25,123.2,0.4953571428571429,1387,397,1.0,2.5,10.0
0.0,False,0.5,220.20000000000005,0.4953571428571429,1387,397,1.0,2.5,10.0
0.0,False,0.75,381.20000000000005,0.4953571428571429,1387,397,1.0,2.5,10.0
0.0,True,0.25,121.3,0.5046428571428572,1413,397,1.0,2.5,10.0
0.0,True,0.5,218.50000000000006,0.5046428571428572,1413,397,1.0,2.5,10.0
0.0,True,0.75,378.6,0.5046428571428572,1413,397,1.0,2.5,10.0
0.03,False,0.25,116.39999999999999,0.29572052401746723,1693,397,1.0,2.5,10.0
0.03,False,0.5,213.20000000000005,0.29572052401746723,1693,397,1.0,2.5,10.0
0.03,False,0.75,360.3,0.29572052401746723,1693,397,1.0,2.5,10.0
0.03,True,0.25,119.37499999999999,0.7042794759825327,4032,397,1.0,2.5,10.0
0.03,True,0.5,211.2,0.7042794759825327,4032,397,1.0,2.5,10.0
0.03,True,0.75,359.925,0.7042794759825327,4032,397,1.0,2.5,10.0
0.06,False,0.25,106.725,0.15098609763983187,934,397,1.0,2.5,10.0
0.06,False,0.5,182.8,0.15098609763983187,934,397,1.0,2.5,10.0
0.06,False,0.75,316.15000000000003,0.15098609763983187,934,397,1.0,2.5,10.0
0.06,True,0.25,111.075,0.8490139023601682,5252,397,1.0,2.5,10.0
0.06,True,0.5,191.10000000000002,0.8490139023601682,5252,397,1.0,2.5,10.0
0.06,True,0.75,324.0,0.8490139023601682,5252,397,1.0,2.5,10.0
0.09,False,0.25,90.925,0.07015457788347206,472,397,1.0,2.5,10.0
0.09,False,0.5,155.6,0.07015457788347206,472,397,1.0,2.5,10.0
0.09,False,0.75,259.55,0.07015457788347206,472,397,1.0,2.5,10.0
0.09,True,0.25,99.975,0.929845422116528,6256,397,1.0,2.5,10.0
0.09,True,0.5,167.4,0.929845422116528,6256,397,1.0,2.5,10.0
0.09,True,0.75,274.77500000000003,0.929845422116528,6256,397,1.0,2.5,10.0
0.12,False,0.25,87.6,0.03115264797507788,210,397,1.0,2.5,10.0
0.12,False,0.5,131.6,0.03115264797507788,210,397,1.0,2.5,10.0
0.12,False,0.75,210.10000000000002,0.03115264797507788,210,397,1.0,2.5,10.0
0.12,True,0.25,88.5,0.9688473520249221,6531,397,1.0,2.5,10.0
0.12,True,0.5,142.0,0.9688473520249221,6531,397,1.0,2.5,10.0
0.12,True,0.75,225.20000000000002,0.9688473520249221,6531,397,1.0,2.5,10.0
0.15,False,0.25,70.55000000000001,0.014973576042278332,102,397,1.0,2.5,10.0
0.15,False,0.5,95.80000000000001,0.014973576042278332,102,397,1.0,2.5,10.0
0.15,False,0.75,169.125,0.014973576042278332,102,397,1.0,2.5,10.0
0.15,True,0.25,78.80000000000001,0.9850264239577217,6710,397,1.0,2.5,10.0
0.15,True,0.5,120.0,0.9850264239577217,6710,397,1.0,2.5,10.0
0.15,True,0.75,185.79999999999998,0.9850264239577217,6710,397,1.0,2.5,10.0
