acoh,is_correct,quantile,rt,proportion,n,draw,gain,bound,k
0.0,False,0.25,92.0,0.5014766686355582,1698,-1,1.2,2.5,10.0
0.0,False,0.5,155.0,0.5014766686355582,1698,-1,1.2,2.5,10.0
0.0,False,0.75,255.75,0.5014766686355582,1698,-1,1.2,2.5,10.0
0.0,True,0.25,102.0,0.4985233313644418,1688,-1,1.2,2.5,10.0
0.0,True,0.5,162.5,0.4985233313644418,1688,-1,1.2,2.5,10.0
0.0,True,0.75,257.25,0.4985233313644418,1688,-1,1.2,2.5,10.0
0.03,False,0.25,101.0,0.31679332439278796,2126,-1,1.2,2.5,10.0
0.03,False,0.5,162.0,0.31679332439278796,2126,-1,1.2,2.5,10.0
0.03,False,0.75,262.75,0.31679332439278796,2126,-1,1.2,2.5,10.0
0.03,True,0.25,92.0,0.683206675607212,4585,-1,1.2,2.5,10.0
0.03,True,0.5,156.0,0.683206675607212,4585,-1,1.2,2.5,10.0
0.03,True,0.75,261.0,0.683206675607212,4585,-1,1.2,2.5,10.0
0.06,False,0.25,92.0,0.1857543963351559,1257,-1,1.2,2.5,10.0
0.06,False,0.5,147.0,0.1857543963351559,1257,-1,1.2,2.5,10.0
0.06,False,0.75,240.0,0.1857543963351559,1257,-1,1.2,2.5,10.0
0.06,True,0.25,89.0,0.8142456036648441,5510,-1,1.2,2.5,10.0
0.06,True,0.5,146.0,0.8142456036648441,5510,-1,1.2,2.5,10.0
0.06,True,0.75,242.0,0.8142456036648441,5510,-1,1.2,2.5,10.0
0.09,False,0.25,83.0,0.0959079283887468,675,-1,1.2,2.5,10.0
0.09,False,0.5,131.0,0.0959079283887468,675,-1,1.2,2.5,10.0
0.09,False,0.75,208.0,0.0959079283887468,675,-1,1.2,2.5,10.0
0.09,True,0.25,80.0,0.9040920716112532,6363,-1,1.2,2.5,10.0
0.09,True,0.5,129.0,0.9040920716112532,6363,-1,1.2,2.5,10.0
0.09,True,0.75,207.0,0.9040920716112532,6363,-1,1.2,2.5,10.0
0.12,False,0.25,66.75,0.04630969609261939,320,-1,1.2,2.5,10.0
0.12,False,0.5,114.5,0.04630969609261939,320,-1,1.2,2.5,10.0
0.12,False,0.75,180.5,0.04630969609261939,320,-1,1.2,2.5,10.0
0.12,True,0.25,72.0,0.9536903039073806,6590,-1,1.2,2.5,10.0
0.12,True,0.5,113.0,0.9536903039073806,6590,-1,1.2,2.5,10.0
0.12,True,0.75,175.0,0.9536903039073806,6590,-1,1.2,2.5,10.0
0.15,False,0.25,73.0,0.021982758620689654,153,-1,1.2,2.5,10.0
0.15,False,0.5,105.0,0.021982758620689654,153,-1,1.2,2.5,10.0
0.15,False,0.75,163.0,0.021982758620689654,153,-1,1.2,2.5,10.0
0.15,True,0.25,64.0,0.9780172413793103,6807,-1,1.2,2.5,10.0
0.15,True,0.5,95.0,0.9780172413793103,6807,-1,1.2,2.5,10.0
0.15,True,0.75,147.0,0.9780172413793103,6807,-1,1.2,2.5,10.0
0.0,False,0.25,87.3,0.4957805907172996,1645,1,1.2,2.5,10.0
0.0,False,0.5,155.89999999999998,0.4957805907172996,1645,1,1.2,2.5,10.0
0.0,False,0.75,272.1000000000001,0.4957805907172996,1645,1,1.2,2.5,10.0
0.0,True,0.25,95.29999999999998,0.5042194092827004,1673,1,1.2,2.5,10.0
0.0,True,0.5,162.8,0.5042194092827004,1673,1,1.2,2.5,10.0
0.0,True,0.75,278.90000000000003,0.5042194092827004,1673,1,1.2,2.5,10.0
0.03,False,0.25,85.14999999999999,0.33056227327690446,2187,1,1.2,2.5,10.0
0.03,False,0.5,154.89999999999998,0.33056227327690446,2187,1,1.2,2.5,10.0
0.03,False,0.75,265.05,0.33056227327690446,2187,1,1.2,2.5,10.0
0.03,True,0.25,89.7,0.6694377267230955,4429,1,1.2,2.5,10.0
0.03,True,0.5,157.6,0.6694377267230955,4429,1,1.2,2.5,10.0
0.03,True,0.75,278.70000000000005,0.6694377267230955,4429,1,1.2,2.5,10.0
0.06,False,0.25,78.80000000000001,0.19651370679380215,1319,1,1.2,2.5,10.0
0.06,False,0.5,135.2,0.19651370679380215,1319,1,1.2,2.5,10.0
0.06,False,0.75,240.10000000000002,0.19651370679380215,1319,1,1.2,2.5,10.0
0.06,True,0.25,83.1,0.8034862932061978,5393,1,1.2,2.5,10.0
0.06,True,0.5,139.79999999999998,0.8034862932061978,5393,1,1.2,2.5,10.0
0.06,True,0.75,236.50000000000003,0.8034862932061978,5393,1,1.2,2.5,10.0
0.09,False,0.25,72.975,0.10764630499786416,756,1,1.2,2.5,10.0
0.09,False,0.5,123.3,0.10764630499786416,756,1,1.2,2.5,10.0
0.09,False,0.75,215.75000000000006,0.10764630499786416,756,1,1.2,2.5,10.0
0.09,True,0.25,78.49999999999999,0.8923536950021358,6267,1,1.2,2.5,10.0
0.09,True,0.5,128.3,0.8923536950021358,6267,1,1.2,2.5,10.0
0.09,True,0.75,208.90000000000003,0.8923536950021358,6267,1,1.2,2.5,10.0
0.12,False,0.25,64.39999999999999,0.05982039397450753,413,1,1.2,2.5,10.0
0.12,False,0.5,98.8,0.05982039397450753,413,1,1.2,2.5,10.0
0.12,False,0.75,159.89999999999998,0.05982039397450753,413,1,1.2,2.5,10.0
0.12,True,0.25,69.35,0.9401796060254924,6491,1,1.2,2.5,10.0
0.12,True,0.5,109.5,0.9401796060254924,6491,1,1.2,2.5,10.0
0.12,True,0.75,172.5,0.9401796060254924,6491,1,1.2,2.5,10.0
0.15,False,0.25,54.925,0.026149425287356323,182,1,1.2,2.5,10.0
0.15,False,0.5,85.55,0.026149425287356323,182,1,1.2,2.5,10.0
0.15,False,0.75,135.5,0.026149425287356323,182,1,1.2,2.5,10.0
0.15,True,0.25,63.1,0.9738505747126437,6778,1,1.2,2.5,10.0
0.15,True,0.5,96.29999999999998,0.9738505747126437,6778,1,1.2,2.5,10.0
0.15,True,0.75,147.675,0.9738505747126437,6778,1,1.2,2.5,10.0
0.0,False,0.25,92.6,0.4960984393757503,1653,4,1.2,2.5,10.0
0.0,False,0.5,158.39999999999998,0.4960984393757503,1653,4,1.2,2.5,10.0
0.0,False,0.75,281.7,0.4960984393757503,1653,4,1.2,2.5,10.0
0.0,True,0.25,89.25,0.5039015606242497,1679,4,1.2,2.5,10.0
0.0,True,0.5,154.6,0.5039015606242497,1679,4,1.2,2.5,10.0
0.0,True,0.75,271.85,0.5039015606242497,1679,4,1.2,2.5,10.0
0.03,False,0.25,85.39999999999999,0.32905466626396856,2179,4,1.2,2.5,10.0
0.03,False,0.5,151.60000000000002,0.32905466626396856,2179,4,1.2,2.5,10.0
0.03,False,0.75,255.8,0.32905466626396856,2179,4,1.2,2.5,10.0
0.03,True,0.25,89.30000000000001,0.6709453337360314,4443,4,1.2,2.5,10.0
0.03,True,0.5,157.5,0.6709453337360314,4443,4,1.2,2.5,10.0
0.03,True,0.75,267.95000000000005,0.6709453337360314,4443,4,1.2,2.5,10.0
0.06,False,0.25,85.7,0.19297723553042703,1297,4,1.2,2.5,10.0
0.06,False,0.5,139.99999999999997,0.19297723553042703,1297,4,1.2,2.5,10.0
0.06,False,0.75,239.3,0.19297723553042703,1297,4,1.2,2.5,10.0
0.06,True,0.25,81.9,0.807022764469573,5424,4,1.2,2.5,10.0
0.06,True,0.5,142.29999999999998,0.807022764469573,5424,4,1.2,2.5,10.0
0.06,True,0.75,237.00000000000006,0.807022764469573,5424,4,1.2,2.5,10.0
0.09,False,0.25,77.0,0.11098447072232512,779,4,1.2,2.5,10.0
0.09,False,0.5,128.39999999999998,0.11098447072232512,779,4,1.2,2.5,10.0
0.09,False,0.75,207.05,0.11098447072232512,779,4,1.2,2.5,10.0
0.09,True,0.25,76.57499999999999,0.8890155292776749,6240,4,1.2,2.5,10.0
0.09,True,0.5,125.6,0.8890155292776749,6240,4,1.2,2.5,10.0
0.09,True,0.75,209.82500000000005,0.8890155292776749,6240,4,1.2,2.5,10.0
0.12,False,0.25,66.39999999999999,0.056898798320544376,393,4,1.2,2.5,10.0
0.12,False,0.5,107.69999999999999,0.056898798320544376,393,4,1.2,2.5,10.0
0.12,False,0.75,177.6,0.056898798320544376,393,4,1.2,2.5,10.0
0.12,True,0.25,69.2,0.9431012016794557,6514,4,1.2,2.5,10.0
0.12,True,0.5,110.25,0.9431012016794557,6514,4,1.2,2.5,10.0
0.12,True,0.75,175.40000000000003,0.9431012016794557,6514,4,1.2,2.5,10.0
0.15,False,0.25,60.92499999999999,0.028739761459979883,200,4,1.2,2.5,10.0
0.15,False,0.5,91.05,0.028739761459979883,200,4,1.2,2.5,10.0
0.15,False,0.75,142.17499999999998,0.028739761459979883,200,4,1.2,2.5,10.0
0.15,True,0.25,62.8,0.9712602385400201,6759,4,1.2,2.5,10.0
0.15,True,0.5,96.69999999999997,0.9712602385400201,6759,4,1.2,2.5,10.0
0.15,True,0.75,151.4,0.9712602385400201,6759,4,1.2,2.5,10.0
0.0,False,0.25,92.19999999999999,0.5094908104850858,1691,8,1.2,2.5,10.0
0.0,False,0.5,163.3,0.5094908104850858,1691,8,1.2,2.5,10.0
0.0,False,0.75,289.0,0.5094908104850858,1691,8,1.2,2.5,10.0
0.0,True,0.25,89.475,0.4905091895149141,1628,8,1.2,2.5,10.0
0.0,True,0.5,165.29999999999998,0.4905091895149141,1628,8,1.2,2.5,10.0
0.0,True,0.75,289.05000000000007,0.4905091895149141,1628,8,1.2,2.5,10.0
0.03,False,0.25,90.275,0.33288022957257213,2204,8,1.2,2.5,10.0
0.03,False,0.5,156.0,0.33288022957257213,2204,8,1.2,2.5,10.0
0.03,False,0.75,270.82500000000005,0.33288022957257213,2204,8,1.2,2.5,10.0
0.03,True,0.25,87.9,0.6671197704274279,4417,8,1.2,2.5,10.0
0.03,True,0.5,152.5,0.6671197704274279,4417,8,1.2,2.5,10.0
0.03,True,0.75,263.70000000000005,0.6671197704274279,4417,8,1.2,2.5,10.0
0.06,False,0.25,85.1,0.18823354627841332,1267,8,1.2,2.5,10.0
0.06,False,0.5,143.6,0.18823354627841332,1267,8,1.2,2.5,10.0
0.06,False,0.75,241.40000000000006,0.18823354627841332,1267,8,1.2,2.5,10.0
0.06,True,0.25,84.79999999999998,0.8117664537215867,5464,8,1.2,2.5,10.0
0.06,True,0.5,143.35,0.8117664537215867,5464,8,1.2,2.5,10.0
0.06,True,0.75,243.72500000000002,0.8117664537215867,5464,8,1.2,2.5,10.0
0.09,False,0.25,69.77499999999999,0.10364464692482915,728,8,1.2,2.5,10.0
0.09,False,0.5,120.25,0.10364464692482915,728,8,1.2,2.5,10.0
0.09,False,0.75,201.55,0.10364464692482915,728,8,1.2,2.5,10.0
0.09,True,0.25,77.60000000000001,0.8963553530751709,6296,8,1.2,2.5,10.0
0.09,True,0.5,125.4,0.8963553530751709,6296,8,1.2,2.5,10.0
0.09,True,0.75,208.75000000000003,0.8963553530751709,6296,8,1.2,2.5,10.0
0.12,False,0.25,72.6,0.05445329471397538,376,8,1.2,2.5,10.0
0.12,False,0.5,106.7,0.05445329471397538,376,8,1.2,2.5,10.0
0.12,False,0.75,164.1,0.05445329471397538,376,8,1.2,2.5,10.0
0.12,True,0.25,69.09999999999998,0.9455467052860246,6529,8,1.2,2.5,10.0
0.12,True,0.5,109.3,0.9455467052860246,6529,8,1.2,2.5,10.0
0.12,True,0.75,173.6,0.9455467052860246,6529,8,1.2,2.5,10.0
0.15,False,0.25,59.14999999999999,0.027442528735632184,191,8,1.2,2.5,10.0
0.15,False,0.5,88.7,0.027442528735632184,191,8,1.2,2.5,10.0
0.15,False,0.75,142.0,0.027442528735632184,191,8,1.2,2.5,10.0
0.15,True,0.25,62.8,0.9725574712643679,6769,8,1.2,2.5,10.0
0.15,True,0.5,96.8,0.9725574712643679,6769,8,1.2,2.5,10.0
0.15,True,0.75,149.79999999999998,0.9725574712643679,6769,8,1.2,2.5,10.0
0.0,False,0.25,90.7,0.5019537120529005,1670,26,1.2,2.5,10.0
0.0,False,0.5,161.35,0.5019537120529005,1670,26,1.2,2.5,10.0
0.0,False,0.75,280.475,0.5019537120529005,1670,26,1.2,2.5,10.0
0.0,True,0.25,90.8,0.4980462879470995,1657,26,1.2,2.5,10.0
0.0,True,0.5,161.6,0.4980462879470995,1657,26,1.2,2.5,10.0
0.0,True,0.75,282.6000000000001,0.4980462879470995,1657,26,1.2,2.5,10.0
0.03,False,0.25,93.27499999999999,0.32701924534020305,2158,26,1.2,2.5,10.0
0.03,False,0.5,151.84999999999997,0.32701924534020305,2158,26,1.2,2.5,10.0
0.03,False,0.75,259.1,0.32701924534020305,2158,26,1.2,2.5,10.0
0.03,True,0.25,91.0,0.6729807546597969,4441,26,1.2,2.5,10.0
0.03,True,0.5,159.70000000000002,0.6729807546597969,4441,26,1.2,2.5,10.0
0.03,True,0.75,264.70000000000005,0.6729807546597969,4441,26,1.2,2.5,10.0
0.06,False,0.25,79.9,0.1947839046199702,1307,26,1.2,2.5,10.0
0.06,False,0.5,134.5,0.1947839046199702,1307,26,1.2,2.5,10.0
0.06,False,0.75,224.70000000000005,0.1947839046199702,1307,26,1.2,2.5,10.0
0.06,True,0.25,83.19999999999999,0.8052160953800298,5403,26,1.2,2.5,10.0
0.06,True,0.5,142.2,0.8052160953800298,5403,26,1.2,2.5,10.0
0.06,True,0.75,245.20000000000002,0.8052160953800298,5403,26,1.2,2.5,10.0
0.09,False,0.25,72.225,0.09807555238774056,688,26,1.2,2.5,10.0
0.09,False,0.5,121.9,0.09807555238774056,688,26,1.2,2.5,10.0
0.09,False,0.75,200.15,0.09807555238774056,688,26,1.2,2.5,10.0
0.09,True,0.25,78.3,0.9019244476122594,6327,26,1.2,2.5,10.0
0.09,True,0.5,128.99999999999997,0.9019244476122594,6327,26,1.2,2.5,10.0
0.09,True,0.75,210.55000000000007,0.9019244476122594,6327,26,1.2,2.5,10.0
0.12,False,0.25,66.5,0.05126719768283852,354,26,1.2,2.5,10.0
0.12,False,0.5,107.6,0.05126719768283852,354,26,1.2,2.5,10.0
0.12,False,0.75,178.175,0.05126719768283852,354,26,1.2,2.5,10.0
0.12,True,0.25,68.39999999999999,0.9487328023171615,6551,26,1.2,2.5,10.0
0.12,True,0.5,107.69999999999999,0.9487328023171615,6551,26,1.2,2.5,10.0
0.12,True,0.75,173.1,0.9487328023171615,6551,26,1.2,2.5,10.0
0.15,False,0.25,60.79999999999998,0.02658045977011494,185,26,1.2,2.5,10.0
0.15,False,0.5,93.19999999999999,0.02658045977011494,185,26,1.2,2.5,10.0
0.15,False,0.75,149.29999999999998,0.02658045977011494,185,26,1.2,2.5,10.0
0.15,True,0.25,62.39999999999999,0.9734195402298851,6775,26,1.2,2.5,10.0
0.15,True,0.5,95.19999999999999,0.9734195402298851,6775,26,1.2,2.5,10.0
0.15,True,0.75,150.2,0.9734195402298851,6775,26,1.2,2.5,10.0
0.0,False,0.25,94.49999999999999,0.49727602905569007,1643,33,1.2,2.5,10.0
0.0,False,0.5,163.5,0.49727602905569007,1643,33,1.2,2.5,10.0
0.0,False,0.75,274.25000000000006,0.49727602905569007,1643,33,1.2,2.5,10.0
0.0,True,0.25,89.9,0.5027239709443099,1661,33,1.2,2.5,10.0
0.0,True,0.5,159.8,0.5027239709443099,1661,33,1.2,2.5,10.0
0.0,True,0.75,268.8,0.5027239709443099,1661,33,1.2,2.5,10.0
0.03,False,0.25,87.27499999999999,0.3252229106846003,2152,33,1.2,2.5,10.0
0.03,False,0.5,150.2,0.3252229106846003,2152,33,1.2,2.5,10.0
0.03,False,0.75,258.65000000000003,0.3252229106846003,2152,33,1.2,2.5,10.0
0.03,True,0.25,90.1,0.6747770893153997,4465,33,1.2,2.5,10.0
0.03,True,0.5,156.39999999999998,0.6747770893153997,4465,33,1.2,2.5,10.0
0.03,True,0.75,266.00000000000006,0.6747770893153997,4465,33,1.2,2.5,10.0
0.06,False,0.25,80.15,0.19407208817396485,1303,33,1.2,2.5,10.0
0.06,False,0.5,136.79999999999998,0.19407208817396485,1303,33,1.2,2.5,10.0
0.06,False,0.75,234.50000000000003,0.19407208817396485,1303,33,1.2,2.5,10.0
0.06,True,0.25,85.1,0.8059279118260352,5411,33,1.2,2.5,10.0
0.06,True,0.5,144.4,0.8059279118260352,5411,33,1.2,2.5,10.0
0.06,True,0.75,245.60000000000002,0.8059279118260352,5411,33,1.2,2.5,10.0
0.09,False,0.25,72.1,0.10830479452054795,759,33,1.2,2.5,10.0
0.09,False,0.5,120.0,0.10830479452054795,759,33,1.2,2.5,10.0
0.09,False,0.75,211.30000000000004,0.10830479452054795,759,33,1.2,2.5,10.0
0.09,True,0.25,76.2,0.891695205479452,6249,33,1.2,2.5,10.0
0.09,True,0.5,125.3,0.891695205479452,6249,33,1.2,2.5,10.0
0.09,True,0.75,207.2,0.891695205479452,6249,33,1.2,2.5,10.0
0.12,False,0.25,66.89999999999999,0.057171804892169636,395,33,1.2,2.5,10.0
0.12,False,0.5,105.89999999999999,0.057171804892169636,395,33,1.2,2.5,10.0
0.12,False,0.75,164.89999999999998,0.057171804892169636,395,33,1.2,2.5,10.0
0.12,True,0.25,69.29999999999998,0.9428281951078303,6514,33,1.2,2.5,10.0
0.12,True,0.5,108.89999999999999,0.9428281951078303,6514,33,1.2,2.5,10.0
0.12,True,0.75,176.475,0.9428281951078303,6514,33,1.2,2.5,10.0
0.15,False,0.25,65.7,0.029454022988505746,205,33,1.2,2.5,10.0
0.15,False,0.5,99.2,0.029454022988505746,205,33,1.2,2.5,10.0
0.15,False,0.75,150.0,0.029454022988505746,205,33,1.2,2.5,10.0
0.15,True,0.25,63.25,0.9705459770114943,6755,33,1.2,2.5,10.0
0.15,True,0.5,97.1,0.9705459770114943,6755,33,1.2,2.5,10.0
0.15,True,0.75,149.84999999999997,0.9705459770114943,6755,33,1.2,2.5,10.0
0.0,False,0.25,93.05000000000001,0.5013469021251122,1675,41,1.2,2.5,10.0
0.0,False,0.5,165.99999999999997,0.5013469021251122,1675,41,1.2,2.5,10.0
0.0,False,0.75,288.6,0.5013469021251122,1675,41,1.2,2.5,10.0
0.0,True,0.25,92.825,0.49865309787488776,1666,41,1.2,2.5,10.0
0.0,True,0.5,165.45,0.49865309787488776,1666,41,1.2,2.5,10.0
0.0,True,0.75,281.925,0.49865309787488776,1666,41,1.2,2.5,10.0
0.03,False,0.25,91.225,0.32698124621899577,2162,41,1.2,2.5,10.0
0.03,False,0.5,164.35,0.32698124621899577,2162,41,1.2,2.5,10.0
0.03,False,0.75,269.35,0.32698124621899577,2162,41,1.2,2.5,10.0
0.03,True,0.25,91.52499999999999,0.6730187537810043,4450,41,1.2,2.5,10.0
0.03,True,0.5,162.8,0.6730187537810043,4450,41,1.2,2.5,10.0
0.03,True,0.75,276.17500000000007,0.6730187537810043,4450,41,1.2,2.5,10.0
0.06,False,0.25,77.3,0.19446098868374032,1306,41,1.2,2.5,10.0
0.06,False,0.5,141.99999999999997,0.19446098868374032,1306,41,1.2,2.5,10.0
0.06,False,0.75,242.35000000000002,0.19446098868374032,1306,41,1.2,2.5,10.0
0.06,True,0.25,83.7,0.8055390113162597,5410,41,1.2,2.5,10.0
0.06,True,0.5,139.84999999999997,0.8055390113162597,5410,41,1.2,2.5,10.0
0.06,True,0.75,239.10000000000002,0.8055390113162597,5410,41,1.2,2.5,10.0
0.09,False,0.25,76.95,0.10772299800512966,756,41,1.2,2.5,10.0
0.09,False,0.5,126.35,0.10772299800512966,756,41,1.2,2.5,10.0
0.09,False,0.75,199.05,0.10772299800512966,756,41,1.2,2.5,10.0
0.09,True,0.25,75.69999999999999,0.8922770019948704,6262,41,1.2,2.5,10.0
0.09,True,0.5,125.89999999999998,0.8922770019948704,6262,41,1.2,2.5,10.0
0.09,True,0.75,205.05,0.8922770019948704,6262,41,1.2,2.5,10.0
0.12,False,0.25,73.49999999999999,0.054895712630359216,379,41,1.2,2.5,10.0
0.12,False,0.5,110.5,0.054895712630359216,379,41,1.2,2.5,10.0
0.12,False,0.75,171.7,0.054895712630359216,379,41,1.2,2.5,10.0
0.12,True,0.25,70.09999999999998,0.9451042873696408,6525,41,1.2,2.5,10.0
0.12,True,0.5,109.6,0.9451042873696408,6525,41,1.2,2.5,10.0
0.12,True,0.75,175.00000000000003,0.9451042873696408,6525,41,1.2,2.5,10.0
0.15,False,0.25,57.125,0.028452363845380083,198,41,1.2,2.5,10.0
0.15,False,0.5,90.9,0.028452363845380083,198,41,1.2,2.5,10.0
0.15,False,0.75,141.04999999999995,0.028452363845380083,198,41,1.2,2.5,10.0
0.15,True,0.25,63.199999999999996,0.9715476361546199,6761,41,1.2,2.5,10.0
0.15,True,0.5,95.89999999999999,0.9715476361546199,6761,41,1.2,2.5,10.0
0.15,True,0.75,148.5,0.9715476361546199,6761,41,1.2,2.5,10.0
0.0,False,0.25,93.6,0.4818045112781955,1602,52,1.2,2.5,10.0
0.0,False,0.5,161.64999999999998,0.4818045112781955,1602,52,1.2,2.5,10.0
0.0,False,0.75,269.52500000000003,0.4818045112781955,1602,52,1.2,2.5,10.0
0.0,True,0.25,87.9,0.5181954887218045,1723,52,1.2,2.5,10.0
0.0,True,0.5,153.89999999999998,0.5181954887218045,1723,52,1.2,2.5,10.0
0.0,True,0.75,267.45000000000005,0.5181954887218045,1723,52,1.2,2.5,10.0
0.03,False,0.25,85.675,0.326406795085697,2152,52,1.2,2.5,10.0
0.03,False,0.5,149.45,0.326406795085697,2152,52,1.2,2.5,10.0
0.03,False,0.75,257.90000000000003,0.326406795085697,2152,52,1.2,2.5,10.0
0.03,True,0.25,91.30000000000001,0.6735932049143031,4441,52,1.2,2.5,10.0
0.03,True,0.5,157.70000000000002,0.6735932049143031,4441,52,1.2,2.5,10.0
0.03,True,0.75,268.0,0.6735932049143031,4441,52,1.2,2.5,10.0
0.06,False,0.25,82.79999999999998,0.19342359767891681,1300,52,1.2,2.5,10.0
0.06,False,0.5,140.79999999999998,0.19342359767891681,1300,52,1.2,2.5,10.0
0.06,False,0.75,237.10000000000005,0.19342359767891681,1300,52,1.2,2.5,10.0
0.06,True,0.25,83.9,0.8065764023210832,5421,52,1.2,2.5,10.0
0.06,True,0.5,143.7,0.8065764023210832,5421,52,1.2,2.5,10.0
0.06,True,0.75,246.00000000000006,0.8065764023210832,5421,52,1.2,2.5,10.0
0.09,False,0.25,74.225,0.10401823881447705,730,52,1.2,2.5,10.0
0.09,False,0.5,117.79999999999998,0.10401823881447705,730,52,1.2,2.5,10.0
0.09,False,0.75,196.97500000000002,0.10401823881447705,730,52,1.2,2.5,10.0
0.09,True,0.25,77.175,0.895981761185523,6288,52,1.2,2.5,10.0
0.09,True,0.5,125.1,0.895981761185523,6288,52,1.2,2.5,10.0
0.09,True,0.75,209.125,0.895981761185523,6288,52,1.2,2.5,10.0
0.12,False,0.25,62.7,0.0577758470894874,399,52,1.2,2.5,10.0
0.12,False,0.5,100.29999999999998,0.0577758470894874,399,52,1.2,2.5,10.0
0.12,False,0.75,158.8,0.0577758470894874,399,52,1.2,2.5,10.0
0.12,True,0.25,69.2,0.9422241529105126,6507,52,1.2,2.5,10.0
0.12,True,0.5,109.89999999999999,0.9422241529105126,6507,52,1.2,2.5,10.0
0.12,True,0.75,178.70000000000002,0.9422241529105126,6507,52,1.2,2.5,10.0
0.15,False,0.25,56.800000000000004,0.029454022988505746,205,52,1.2,2.5,10.0
0.15,False,0.5,88.39999999999999,0.029454022988505746,205,52,1.2,2.5,10.0
0.15,False,0.75,134.79999999999998,0.029454022988505746,205,52,1.2,2.5,10.0
0.15,True,0.25,64.39999999999999,0.9705459770114943,6755,52,1.2,2.5,10.0
0.15,True,0.5,98.6,0.9705459770114943,6755,52,1.2,2.5,10.0
0.15,True,0.75,150.89999999999998,0.9705459770114943,6755,52,1.2,2.5,10.0
0.0,False,0.25,95.8,0.48754127889522664,1624,56,1.2,2.5,10.0
0.0,False,0.5,161.29999999999998,0.48754127889522664,1624,56,1.2,2.5,10.0
0.0,False,0.75,278.225,0.48754127889522664,1624,56,1.2,2.5,10.0
0.0,True,0.25,90.8,0.5124587211047733,1707,56,1.2,2.5,10.0
0.0,True,0.5,161.39999999999998,0.5124587211047733,1707,56,1.2,2.5,10.0
0.0,True,0.75,287.95000000000005,0.5124587211047733,1707,56,1.2,2.5,10.0
0.03,False,0.25,91.44999999999999,0.3244672812452773,2147,56,1.2,2.5,10.0
0.03,False,0.5,156.1,0.3244672812452773,2147,56,1.2,2.5,10.0
0.03,False,0.75,260.15000000000003,0.3244672812452773,2147,56,1.2,2.5,10.0
0.03,True,0.25,89.5,0.6755327187547226,4470,56,1.2,2.5,10.0
0.03,True,0.5,155.14999999999998,0.6755327187547226,4470,56,1.2,2.5,10.0
0.03,True,0.75,267.07500000000005,0.6755327187547226,4470,56,1.2,2.5,10.0
0.06,False,0.25,82.82499999999999,0.19105812220566318,1282,56,1.2,2.5,10.0
0.06,False,0.5,145.14999999999998,0.19105812220566318,1282,56,1.2,2.5,10.0
0.06,False,0.75,237.37500000000006,0.19105812220566318,1282,56,1.2,2.5,10.0
0.06,True,0.25,85.32499999999999,0.8089418777943368,5428,56,1.2,2.5,10.0
0.06,True,0.5,144.09999999999997,0.8089418777943368,5428,56,1.2,2.5,10.0
0.06,True,0.75,238.20000000000005,0.8089418777943368,5428,56,1.2,2.5,10.0
0.09,False,0.25,73.14999999999998,0.10055547642785928,706,56,1.2,2.5,10.0
0.09,False,0.5,120.85,0.10055547642785928,706,56,1.2,2.5,10.0
0.09,False,0.75,200.82500000000005,0.10055547642785928,706,56,1.2,2.5,10.0
0.09,True,0.25,76.49999999999999,0.8994445235721408,6315,56,1.2,2.5,10.0
0.09,True,0.5,125.4,0.8994445235721408,6315,56,1.2,2.5,10.0
0.09,True,0.75,204.4,0.8994445235721408,6315,56,1.2,2.5,10.0
0.12,False,0.25,68.85,0.057391304347826085,396,56,1.2,2.5,10.0
0.12,False,0.5,101.14999999999999,0.057391304347826085,396,56,1.2,2.5,10.0
0.12,False,0.75,162.14999999999998,0.057391304347826085,396,56,1.2,2.5,10.0
0.12,True,0.25,68.89999999999999,0.9426086956521739,6504,56,1.2,2.5,10.0
0.12,True,0.5,109.15,0.9426086956521739,6504,56,1.2,2.5,10.0
0.12,True,0.75,176.12499999999997,0.9426086956521739,6504,56,1.2,2.5,10.0
0.15,False,0.25,60.84999999999998,0.027873563218390806,194,56,1.2,2.5,10.0
0.15,False,0.5,91.64999999999999,0.027873563218390806,194,56,1.2,2.5,10.0
0.15,False,0.75,145.14999999999998,0.027873563218390806,194,56,1.2,2.5,10.0
0.15,True,0.25,62.300000000000004,0.9721264367816091,6766,56,1.2,2.5,10.0
0.15,True,0.5,95.49999999999999,0.9721264367816091,6766,56,1.2,2.5,10.0
0.15,True,0.75,147.89999999999998,0.9721264367816091,6766,56,1.2,2.5,10.0
0.0,False,0.25,94.6,0.49550359712230213,1653,57,1.2,2.5,10.0
0.0,False,0.5,166.9,0.49550359712230213,1653,57,1.2,2.5,10.0
0.0,False,0.75,286.00000000000006,0.49550359712230213,1653,57,1.2,2.5,10.0
0.0,True,0.25,93.4,0.5044964028776978,1683,57,1.2,2.5,10.0
0.0,True,0.5,161.99999999999997,0.5044964028776978,1683,57,1.2,2.5,10.0
0.0,True,0.75,289.45000000000005,0.5044964028776978,1683,57,1.2,2.5,10.0
0.03,False,0.25,88.9,0.33085783570779026,2183,57,1.2,2.5,10.0
0.03,False,0.5,156.1,0.33085783570779026,2183,57,1.2,2.5,10.0
0.03,False,0.75,269.85,0.33085783570779026,2183,57,1.2,2.5,10.0
0.03,True,0.25,86.7,0.6691421642922097,4415,57,1.2,2.5,10.0
0.03,True,0.5,154.70000000000002,0.6691421642922097,4415,57,1.2,2.5,10.0
0.03,True,0.75,267.70000000000005,0.6691421642922097,4415,57,1.2,2.5,10.0
0.06,False,0.25,80.82500000000002,0.19187862561356536,1290,57,1.2,2.5,10.0
0.06,False,0.5,137.2,0.19187862561356536,1290,57,1.2,2.5,10.0
0.06,False,0.75,228.15,0.19187862561356536,1290,57,1.2,2.5,10.0
0.06,True,0.25,85.79999999999998,0.8081213743864346,5433,57,1.2,2.5,10.0
0.06,True,0.5,144.0,0.8081213743864346,5433,57,1.2,2.5,10.0
0.06,True,0.75,242.40000000000003,0.8081213743864346,5433,57,1.2,2.5,10.0
0.09,False,0.25,70.2,0.10495585303332385,737,57,1.2,2.5,10.0
0.09,False,0.5,115.2,0.10495585303332385,737,57,1.2,2.5,10.0
0.09,False,0.75,194.80000000000004,0.10495585303332385,737,57,1.2,2.5,10.0
0.09,True,0.25,78.60000000000001,0.8950441469666761,6285,57,1.2,2.5,10.0
0.09,True,0.5,126.3,0.8950441469666761,6285,57,1.2,2.5,10.0
0.09,True,0.75,211.10000000000002,0.8950441469666761,6285,57,1.2,2.5,10.0
0.12,False,0.25,69.24999999999997,0.06008397278123643,415,57,1.2,2.5,10.0
0.12,False,0.5,106.99999999999999,0.06008397278123643,415,57,1.2,2.5,10.0
0.12,False,0.75,184.2,0.06008397278123643,415,57,1.2,2.5,10.0
0.12,True,0.25,69.09999999999998,0.9399160272187636,6492,57,1.2,2.5,10.0
0.12,True,0.5,108.89999999999999,0.9399160272187636,6492,57,1.2,2.5,10.0
0.12,True,0.75,171.725,0.9399160272187636,6492,57,1.2,2.5,10.0
0.15,False,0.25,60.849999999999994,0.030320448340278777,211,57,1.2,2.5,10.0
0.15,False,0.5,91.0,0.030320448340278777,211,57,1.2,2.5,10.0
0.15,False,0.75,144.29999999999998,0.030320448340278777,211,57,1.2,2.5,10.0
0.15,True,0.25,63.3,0.9696795516597212,6748,57,1.2,2.5,10.0
0.15,True,0.5,95.8,0.9696795516597212,6748,57,1.2,2.5,10.0
0.15,True,0.75,147.79999999999998,0.9696795516597212,6748,57,1.2,2.5,10.0
0.0,False,0.25,87.39999999999999,0.5051081730769231,1681,59,1.2,2.5,10.0
0.0,False,0.5,154.5,0.5051081730769231,1681,59,1.2,2.5,10.0
0.0,False,0.75,274.90000000000003,0.5051081730769231,1681,59,1.2,2.5,10.0
0.0,True,0.25,90.59999999999998,0.4948918269230769,1647,59,1.2,2.5,10.0
0.0,True,0.5,165.39999999999998,0.4948918269230769,1647,59,1.2,2.5,10.0
0.0,True,0.75,288.25,0.4948918269230769,1647,59,1.2,2.5,10.0
0.03,False,0.25,86.7,0.32414837244511735,2141,59,1.2,2.5,10.0
0.03,False,0.5,152.19999999999996,0.32414837244511735,2141,59,1.2,2.5,10.0
0.03,False,0.75,262.6000000000001,0.32414837244511735,2141,59,1.2,2.5,10.0
0.03,True,0.25,90.39999999999999,0.6758516275548827,4464,59,1.2,2.5,10.0
0.03,True,0.5,157.5,0.6758516275548827,4464,59,1.2,2.5,10.0
0.03,True,0.75,266.50000000000006,0.6758516275548827,4464,59,1.2,2.5,10.0
0.06,False,0.25,81.44999999999999,0.2049754208252644,1376,59,1.2,2.5,10.0
0.06,False,0.5,133.64999999999998,0.2049754208252644,1376,59,1.2,2.5,10.0
0.06,False,0.75,232.57500000000002,0.2049754208252644,1376,59,1.2,2.5,10.0
0.06,True,0.25,85.49999999999999,0.7950245791747356,5337,59,1.2,2.5,10.0
0.06,True,0.5,144.2,0.7950245791747356,5337,59,1.2,2.5,10.0
0.06,True,0.75,239.3,0.7950245791747356,5337,59,1.2,2.5,10.0
0.09,False,0.25,76.67499999999998,0.10439247005134056,732,59,1.2,2.5,10.0
0.09,False,0.5,125.15,0.10439247005134056,732,59,1.2,2.5,10.0
0.09,False,0.75,195.575,0.10439247005134056,732,59,1.2,2.5,10.0
0.09,True,0.25,78.2,0.8956075299486594,6280,59,1.2,2.5,10.0
0.09,True,0.5,130.99999999999997,0.8956075299486594,6280,59,1.2,2.5,10.0
0.09,True,0.75,212.82500000000005,0.8956075299486594,6280,59,1.2,2.5,10.0
0.12,False,0.25,66.19999999999999,0.05690703735881842,393,59,1.2,2.5,10.0
0.12,False,0.5,112.3,0.05690703735881842,393,59,1.2,2.5,10.0
0.12,False,0.75,184.3,0.05690703735881842,393,59,1.2,2.5,10.0
0.12,True,0.25,70.2,0.9430929626411816,6513,59,1.2,2.5,10.0
0.12,True,0.5,111.5,0.9430929626411816,6513,59,1.2,2.5,10.0
0.12,True,0.75,178.1,0.9430929626411816,6513,59,1.2,2.5,10.0
0.15,False,0.25,59.3,0.026156941649899398,182,59,1.2,2.5,10.0
0.15,False,0.5,96.19999999999999,0.026156941649899398,182,59,1.2,2.5,10.0
0.15,False,0.75,147.04999999999998,0.026156941649899398,182,59,1.2,2.5,10.0
0.15,True,0.25,62.300000000000004,0.9738430583501007,6776,59,1.2,2.5,10.0
0.15,True,0.5,96.89999999999999,0.9738430583501007,6776,59,1.2,2.5,10.0
0.15,True,0.75,150.60000000000002,0.9738430583501007,6776,59,1.2,2.5,10.0
0.0,False,0.25,90.8,0.4872026498042758,1618,61,1.2,2.5,10.0
0.0,False,0.5,168.6,0.4872026498042758,1618,61,1.2,2.5,10.0
0.0,False,0.75,279.875,0.4872026498042758,1618,61,1.2,2.5,10.0
0.0,True,0.25,89.8,0.5127973501957241,1703,61,1.2,2.5,10.0
0.0,True,0.5,160.2,0.5127973501957241,1703,61,1.2,2.5,10.0
0.0,True,0.75,271.45000000000005,0.5127973501957241,1703,61,1.2,2.5,10.0
0.03,False,0.25,92.775,0.3264936632468316,2164,61,1.2,2.5,10.0
0.03,False,0.5,157.99999999999997,0.3264936632468316,2164,61,1.2,2.5,10.0
0.03,False,0.75,271.175,0.3264936632468316,2164,61,1.2,2.5,10.0
0.03,True,0.25,86.39999999999999,0.6735063367531684,4464,61,1.2,2.5,10.0
0.03,True,0.5,151.60000000000002,0.6735063367531684,4464,61,1.2,2.5,10.0
0.03,True,0.75,258.725,0.6735063367531684,4464,61,1.2,2.5,10.0
0.06,False,0.25,77.32499999999999,0.19571045576407506,1314,61,1.2,2.5,10.0
0.06,False,0.5,131.39999999999998,0.19571045576407506,1314,61,1.2,2.5,10.0
0.06,False,0.75,223.60000000000008,0.19571045576407506,1314,61,1.2,2.5,10.0
0.06,True,0.25,83.99999999999999,0.8042895442359249,5400,61,1.2,2.5,10.0
0.06,True,0.5,145.84999999999997,0.8042895442359249,5400,61,1.2,2.5,10.0
0.06,True,0.75,237.95000000000005,0.8042895442359249,5400,61,1.2,2.5,10.0
0.09,False,0.25,74.64999999999999,0.10633451957295374,747,61,1.2,2.5,10.0
0.09,False,0.5,127.6,0.10633451957295374,747,61,1.2,2.5,10.0
0.09,False,0.75,219.95000000000002,0.10633451957295374,747,61,1.2,2.5,10.0
0.09,True,0.25,78.025,0.8936654804270463,6278,61,1.2,2.5,10.0
0.09,True,0.5,126.15,0.8936654804270463,6278,61,1.2,2.5,10.0
0.09,True,0.75,205.55,0.8936654804270463,6278,61,1.2,2.5,10.0
0.12,False,0.25,62.9,0.054758800521512385,378,61,1.2,2.5,10.0
0.12,False,0.5,102.6,0.054758800521512385,378,61,1.2,2.5,10.0
0.12,False,0.75,172.7,0.054758800521512385,378,61,1.2,2.5,10.0
0.12,True,0.25,68.69999999999999,0.9452411994784876,6525,61,1.2,2.5,10.0
0.12,True,0.5,109.19999999999999,0.9452411994784876,6525,61,1.2,2.5,10.0
0.12,True,0.75,172.9,0.9452411994784876,6525,61,1.2,2.5,10.0
0.15,False,0.25,52.325,0.027586206896551724,192,61,1.2,2.5,10.0
0.15,False,0.5,82.94999999999999,0.027586206896551724,192,61,1.2,2.5,10.0
0.15,False,0.75,136.575,0.027586206896551724,192,61,1.2,2.5,10.0
0.15,True,0.25,62.8,0.9724137931034482,6768,61,1.2,2.5,10.0
0.15,True,0.5,95.54999999999998,0.9724137931034482,6768,61,1.2,2.5,10.0
0.15,True,0.75,148.60000000000002,0.9724137931034482,6768,61,1.2,2.5,10.0
0.0,False,0.25,90.775,0.5102286401925391,1696,73,1.2,2.5,10.0
0.0,False,0.5,156.8,0.5102286401925391,1696,73,1.2,2.5,10.0
0.0,False,0.75,268.725,0.5102286401925391,1696,73,1.2,2.5,10.0
0.0,True,0.25,95.04999999999998,0.4897713598074609,1628,73,1.2,2.5,10.0
0.0,True,0.5,161.25,0.4897713598074609,1628,73,1.2,2.5,10.0
0.0,True,0.75,287.52500000000003,0.4897713598074609,1628,73,1.2,2.5,10.0
0.03,False,0.25,86.59999999999998,0.33162264150943394,2197,73,1.2,2.5,10.0
0.03,False,0.5,151.29999999999998,0.33162264150943394,2197,73,1.2,2.5,10.0
0.03,False,0.75,260.8,0.33162264150943394,2197,73,1.2,2.5,10.0
0.03,True,0.25,90.19999999999999,0.668377358490566,4428,73,1.2,2.5,10.0
0.03,True,0.5,152.7,0.668377358490566,4428,73,1.2,2.5,10.0
0.03,True,0.75,264.00000000000006,0.668377358490566,4428,73,1.2,2.5,10.0
0.06,False,0.25,86.0,0.18885079743627964,1267,73,1.2,2.5,10.0
0.06,False,0.5,150.4,0.18885079743627964,1267,73,1.2,2.5,10.0
0.06,False,0.75,245.20000000000002,0.18885079743627964,1267,73,1.2,2.5,10.0
0.06,True,0.25,83.42499999999998,0.8111492025637204,5442,73,1.2,2.5,10.0
0.06,True,0.5,142.09999999999997,0.8111492025637204,5442,73,1.2,2.5,10.0
0.06,True,0.75,243.375,0.8111492025637204,5442,73,1.2,2.5,10.0
0.09,False,0.25,72.0,0.10622241207461199,746,73,1.2,2.5,10.0
0.09,False,0.5,120.15,0.10622241207461199,746,73,1.2,2.5,10.0
0.09,False,0.75,188.475,0.10622241207461199,746,73,1.2,2.5,10.0
0.09,True,0.25,76.09999999999998,0.893777587925388,6277,73,1.2,2.5,10.0
0.09,True,0.5,124.1,0.893777587925388,6277,73,1.2,2.5,10.0
0.09,True,0.75,206.60000000000002,0.893777587925388,6277,73,1.2,2.5,10.0
0.12,False,0.25,67.6,0.05863616620819458,405,73,1.2,2.5,10.0
0.12,False,0.5,110.3,0.05863616620819458,405,73,1.2,2.5,10.0
0.12,False,0.75,179.79999999999998,0.05863616620819458,405,73,1.2,2.5,10.0
0.12,True,0.25,68.225,0.9413638337918054,6502,73,1.2,2.5,10.0
0.12,True,0.5,109.55,0.9413638337918054,6502,73,1.2,2.5,10.0
0.12,True,0.75,178.9,0.9413638337918054,6502,73,1.2,2.5,10.0
0.15,False,0.25,55.650000000000006,0.030320448340278777,211,73,1.2,2.5,10.0
0.15,False,0.5,89.19999999999999,0.030320448340278777,211,73,1.2,2.5,10.0
0.15,False,0.75,141.2,0.030320448340278777,211,73,1.2,2.5,10.0
0.15,True,0.25,63.199999999999996,0.9696795516597212,6748,73,1.2,2.5,10.0
0.15,True,0.5,97.1,0.9696795516597212,6748,73,1.2,2.5,10.0
0.15,True,0.75,152.92499999999998,0.9696795516597212,6748,73,1.2,2.5,10.0
0.0,False,0.25,89.775,0.49939975990396157,1664,79,1.2,2.5,10.0
0.0,False,0.5,160.04999999999998,0.49939975990396157,1664,79,1.2,2.5,10.0
0.0,False,0.75,285.3,0.49939975990396157,1664,79,1.2,2.5,10.0
0.0,True,0.25,85.54999999999998,0.5006002400960384,1668,79,1.2,2.5,10.0
0.0,True,0.5,161.75,0.5006002400960384,1668,79,1.2,2.5,10.0
0.0,True,0.75,273.1,0.5006002400960384,1668,79,1.2,2.5,10.0
0.03,False,0.25,90.39999999999999,0.33212231304874357,2194,79,1.2,2.5,10.0
0.03,False,0.5,158.14999999999998,0.33212231304874357,2194,79,1.2,2.5,10.0
0.03,False,0.75,266.30000000000007,0.33212231304874357,2194,79,1.2,2.5,10.0
0.03,True,0.25,90.475,0.6678776869512565,4412,79,1.2,2.5,10.0
0.03,True,0.5,157.75,0.6678776869512565,4412,79,1.2,2.5,10.0
0.03,True,0.75,268.5250000000001,0.6678776869512565,4412,79,1.2,2.5,10.0
0.06,False,0.25,79.69999999999999,0.19099286563614745,1285,79,1.2,2.5,10.0
0.06,False,0.5,134.99999999999997,0.19099286563614745,1285,79,1.2,2.5,10.0
0.06,False,0.75,236.30000000000004,0.19099286563614745,1285,79,1.2,2.5,10.0
0.06,True,0.25,83.39999999999999,0.8090071343638525,5443,79,1.2,2.5,10.0
0.06,True,0.5,143.6,0.8090071343638525,5443,79,1.2,2.5,10.0
0.06,True,0.75,244.35000000000002,0.8090071343638525,5443,79,1.2,2.5,10.0
0.09,False,0.25,71.37499999999999,0.10148232611174458,712,79,1.2,2.5,10.0
0.09,False,0.5,120.6,0.10148232611174458,712,79,1.2,2.5,10.0
0.09,False,0.75,201.175,0.10148232611174458,712,79,1.2,2.5,10.0
0.09,True,0.25,77.0,0.8985176738882554,6304,79,1.2,2.5,10.0
0.09,True,0.5,125.8,0.8985176738882554,6304,79,1.2,2.5,10.0
0.09,True,0.75,206.02500000000003,0.8985176738882554,6304,79,1.2,2.5,10.0
0.12,False,0.25,65.55,0.053744748660002895,371,79,1.2,2.5,10.0
0.12,False,0.5,105.4,0.053744748660002895,371,79,1.2,2.5,10.0
0.12,False,0.75,164.95,0.053744748660002895,371,79,1.2,2.5,10.0
0.12,True,0.25,69.2,0.9462552513399971,6532,79,1.2,2.5,10.0
0.12,True,0.5,109.19999999999999,0.9462552513399971,6532,79,1.2,2.5,10.0
0.12,True,0.75,173.625,0.9462552513399971,6532,79,1.2,2.5,10.0
0.15,False,0.25,58.25,0.025290990084782295,176,79,1.2,2.5,10.0
0.15,False,0.5,91.05000000000001,0.025290990084782295,176,79,1.2,2.5,10.0
0.15,False,0.75,129.325,0.025290990084782295,176,79,1.2,2.5,10.0
0.15,True,0.25,62.8,0.9747090099152177,6783,79,1.2,2.5,10.0
0.15,True,0.5,94.49999999999999,0.9747090099152177,6783,79,1.2,2.5,10.0
0.15,True,0.75,148.5,0.9747090099152177,6783,79,1.2,2.5,10.0
0.0,False,0.25,90.1,0.5026994601079784,1676,80,1.2,2.5,10.0
0.0,False,0.5,159.85,0.5026994601079784,1676,80,1.2,2.5,10.0
0.0,False,0.75,278.225,0.5026994601079784,1676,80,1.2,2.5,10.0
0.0,True,0.25,94.89999999999999,0.4973005398920216,1658,80,1.2,2.5,10.0
0.0,True,0.5,163.7,0.4973005398920216,1658,80,1.2,2.5,10.0
0.0,True,0.75,283.42500000000007,0.4973005398920216,1658,80,1.2,2.5,10.0
0.03,False,0.25,88.64999999999999,0.3240096764439069,2143,80,1.2,2.5,10.0
0.03,False,0.5,148.79999999999998,0.3240096764439069,2143,80,1.2,2.5,10.0
0.03,False,0.75,256.90000000000003,0.3240096764439069,2143,80,1.2,2.5,10.0
0.03,True,0.25,91.25,0.6759903235560931,4471,80,1.2,2.5,10.0
0.03,True,0.5,158.1,0.6759903235560931,4471,80,1.2,2.5,10.0
0.03,True,0.75,262.70000000000005,0.6759903235560931,4471,80,1.2,2.5,10.0
0.06,False,0.25,81.3,0.19147668007748472,1285,80,1.2,2.5,10.0
0.06,False,0.5,141.89999999999998,0.19147668007748472,1285,80,1.2,2.5,10.0
0.06,False,0.75,242.90000000000003,0.19147668007748472,1285,80,1.2,2.5,10.0
0.06,True,0.25,84.99999999999999,0.8085233199225152,5426,80,1.2,2.5,10.0
0.06,True,0.5,144.25,0.8085233199225152,5426,80,1.2,2.5,10.0
0.06,True,0.75,245.90000000000006,0.8085233199225152,5426,80,1.2,2.5,10.0
0.09,False,0.25,72.52499999999999,0.10371847841572873,728,80,1.2,2.5,10.0
0.09,False,0.5,123.55,0.10371847841572873,728,80,1.2,2.5,10.0
0.09,False,0.75,207.2,0.10371847841572873,728,80,1.2,2.5,10.0
0.09,True,0.25,75.6,0.8962815215842712,6291,80,1.2,2.5,10.0
0.09,True,0.5,128.1,0.8962815215842712,6291,80,1.2,2.5,10.0
0.09,True,0.75,208.25,0.8962815215842712,6291,80,1.2,2.5,10.0
0.12,False,0.25,63.3,0.05735805330243337,396,80,1.2,2.5,10.0
0.12,False,0.5,97.2,0.05735805330243337,396,80,1.2,2.5,10.0
0.12,False,0.75,164.15,0.05735805330243337,396,80,1.2,2.5,10.0
0.12,True,0.25,68.57499999999999,0.9426419466975666,6508,80,1.2,2.5,10.0
0.12,True,0.5,109.35,0.9426419466975666,6508,80,1.2,2.5,10.0
0.12,True,0.75,175.50000000000003,0.9426419466975666,6508,80,1.2,2.5,10.0
0.15,False,0.25,58.1,0.02672797815778129,186,80,1.2,2.5,10.0
0.15,False,0.5,92.15,0.02672797815778129,186,80,1.2,2.5,10.0
0.15,False,0.75,145.225,0.02672797815778129,186,80,1.2,2.5,10.0
0.15,True,0.25,62.1,0.9732720218422187,6773,80,1.2,2.5,10.0
0.15,True,0.5,94.19999999999999,0.9732720218422187,6773,80,1.2,2.5,10.0
0.15,True,0.75,149.60000000000002,0.9732720218422187,6773,80,1.2,2.5,10.0
0.0,False,0.25,92.275,0.49367850692354004,1640,81,1.2,2.5,10.0
0.0,False,0.5,161.65,0.49367850692354004,1640,81,1.2,2.5,10.0
0.0,False,0.75,274.77500000000003,0.49367850692354004,1640,81,1.2,2.5,10.0
0.0,True,0.25,88.67499999999998,0.50632149307646,1682,81,1.2,2.5,10.0
0.0,True,0.5,150.64999999999998,0.50632149307646,1682,81,1.2,2.5,10.0
0.0,True,0.75,265.92500000000007,0.50632149307646,1682,81,1.2,2.5,10.0
0.03,False,0.25,88.52499999999998,0.3269870051375038,2164,81,1.2,2.5,10.0
0.03,False,0.5,157.75,0.3269870051375038,2164,81,1.2,2.5,10.0
0.03,False,0.75,272.27500000000003,0.3269870051375038,2164,81,1.2,2.5,10.0
0.03,True,0.25,88.0,0.6730129948624962,4454,81,1.2,2.5,10.0
0.03,True,0.5,154.2,0.6730129948624962,4454,81,1.2,2.5,10.0
0.03,True,0.75,263.475,0.6730129948624962,4454,81,1.2,2.5,10.0
0.06,False,0.25,80.80000000000001,0.19735276621058895,1327,81,1.2,2.5,10.0
0.06,False,0.5,141.5,0.19735276621058895,1327,81,1.2,2.5,10.0
0.06,False,0.75,251.80000000000007,0.19735276621058895,1327,81,1.2,2.5,10.0
0.06,True,0.25,84.79999999999998,0.802647233789411,5397,81,1.2,2.5,10.0
0.06,True,0.5,143.6,0.802647233789411,5397,81,1.2,2.5,10.0
0.06,True,0.75,241.60000000000002,0.802647233789411,5397,81,1.2,2.5,10.0
0.09,False,0.25,76.80000000000001,0.11408631249109813,801,81,1.2,2.5,10.0
0.09,False,0.5,127.79999999999997,0.11408631249109813,801,81,1.2,2.5,10.0
0.09,False,0.75,209.30000000000004,0.11408631249109813,801,81,1.2,2.5,10.0
0.09,True,0.25,76.3,0.8859136875089019,6220,81,1.2,2.5,10.0
0.09,True,0.5,124.1,0.8859136875089019,6220,81,1.2,2.5,10.0
0.09,True,0.75,200.20000000000002,0.8859136875089019,6220,81,1.2,2.5,10.0
0.12,False,0.25,68.44999999999999,0.057188359635152744,395,81,1.2,2.5,10.0
0.12,False,0.5,113.19999999999999,0.057188359635152744,395,81,1.2,2.5,10.0
0.12,False,0.75,188.75,0.057188359635152744,395,81,1.2,2.5,10.0
0.12,True,0.25,69.39999999999999,0.9428116403648472,6512,81,1.2,2.5,10.0
0.12,True,0.5,109.64999999999999,0.9428116403648472,6512,81,1.2,2.5,10.0
0.12,True,0.75,177.625,0.9428116403648472,6512,81,1.2,2.5,10.0
0.15,False,0.25,59.32499999999999,0.03276332806437707,228,81,1.2,2.5,10.0
0.15,False,0.5,91.85,0.03276332806437707,228,81,1.2,2.5,10.0
0.15,False,0.75,147.97500000000002,0.03276332806437707,228,81,1.2,2.5,10.0
0.15,True,0.25,63.55,0.9672366719356229,6731,81,1.2,2.5,10.0
0.15,True,0.5,96.29999999999998,0.9672366719356229,6731,81,1.2,2.5,10.0
0.15,True,0.75,149.60000000000002,0.9672366719356229,6731,81,1.2,2.5,10.0
0.0,False,0.25,91.2,0.5132291040288635,1707,97,1.2,2.5,10.0
0.0,False,0.5,157.5,0.5132291040288635,1707,97,1.2,2.5,10.0
0.0,False,0.75,277.50000000000006,0.5132291040288635,1707,97,1.2,2.5,10.0
0.0,True,0.25,91.25,0.4867708959711365,1619,97,1.2,2.5,10.0
0.0,True,0.5,159.8,0.4867708959711365,1619,97,1.2,2.5,10.0
0.0,True,0.75,277.6,0.4867708959711365,1619,97,1.2,2.5,10.0
0.03,False,0.25,88.975,0.329102447869447,2178,97,1.2,2.5,10.0
0.03,False,0.5,156.1,0.329102447869447,2178,97,1.2,2.5,10.0
0.03,False,0.75,264.17500000000007,0.329102447869447,2178,97,1.2,2.5,10.0
0.03,True,0.25,91.0,0.670897552130553,4440,97,1.2,2.5,10.0
0.03,True,0.5,160.6,0.670897552130553,4440,97,1.2,2.5,10.0
0.03,True,0.75,269.65000000000003,0.670897552130553,4440,97,1.2,2.5,10.0
0.06,False,0.25,80.75,0.19866071428571427,1335,97,1.2,2.5,10.0
0.06,False,0.5,140.4,0.19866071428571427,1335,97,1.2,2.5,10.0
0.06,False,0.75,247.05,0.19866071428571427,1335,97,1.2,2.5,10.0
0.06,True,0.25,84.9,0.8013392857142857,5385,97,1.2,2.5,10.0
0.06,True,0.5,144.89999999999998,0.8013392857142857,5385,97,1.2,2.5,10.0
0.06,True,0.75,244.10000000000005,0.8013392857142857,5385,97,1.2,2.5,10.0
0.09,False,0.25,71.8,0.100355871886121,705,97,1.2,2.5,10.0
0.09,False,0.5,116.79999999999998,0.100355871886121,705,97,1.2,2.5,10.0
0.09,False,0.75,193.8,0.100355871886121,705,97,1.2,2.5,10.0
0.09,True,0.25,75.39999999999999,0.899644128113879,6320,97,1.2,2.5,10.0
0.09,True,0.5,123.75,0.899644128113879,6320,97,1.2,2.5,10.0
0.09,True,0.75,202.8,0.899644128113879,6320,97,1.2,2.5,10.0
0.12,False,0.25,66.85000000000001,0.05560382276281494,384,97,1.2,2.5,10.0
0.12,False,0.5,110.0,0.05560382276281494,384,97,1.2,2.5,10.0
0.12,False,0.75,167.3,0.05560382276281494,384,97,1.2,2.5,10.0
0.12,True,0.25,69.49999999999997,0.944396177237185,6522,97,1.2,2.5,10.0
0.12,True,0.5,109.79999999999998,0.944396177237185,6522,97,1.2,2.5,10.0
0.12,True,0.75,175.9,0.944396177237185,6522,97,1.2,2.5,10.0
0.15,False,0.25,59.524999999999984,0.027873563218390806,194,97,1.2,2.5,10.0
0.15,False,0.5,91.5,0.027873563218390806,194,97,1.2,2.5,10.0
0.15,False,0.75,135.77499999999998,0.027873563218390806,194,97,1.2,2.5,10.0
0.15,True,0.25,63.125,0.9721264367816091,6766,97,1.2,2.5,10.0
0.15,True,0.5,95.4,0.9721264367816091,6766,97,1.2,2.5,10.0
0.15,True,0.75,148.60000000000002,0.9721264367816091,6766,97,1.2,2.5,10.0
0.0,False,0.25,93.19999999999999,0.5021084337349397,1667,98,1.2,2.5,10.0
0.0,False,0.5,156.2,0.5021084337349397,1667,98,1.2,2.5,10.0
0.0,False,0.75,285.40000000000003,0.5021084337349397,1667,98,1.2,2.5,10.0
0.0,True,0.25,89.7,0.49789156626506026,1653,98,1.2,2.5,10.0
0.0,True,0.5,156.5,0.49789156626506026,1653,98,1.2,2.5,10.0
0.0,True,0.75,275.40000000000003,0.49789156626506026,1653,98,1.2,2.5,10.0
0.03,False,0.25,91.54999999999998,0.33348436792025377,2208,98,1.2,2.5,10.0
0.03,False,0.5,155.79999999999998,0.33348436792025377,2208,98,1.2,2.5,10.0
0.03,False,0.75,255.5,0.33348436792025377,2208,98,1.2,2.5,10.0
0.03,True,0.25,87.79999999999998,0.6665156320797463,4413,98,1.2,2.5,10.0
0.03,True,0.5,155.39999999999998,0.6665156320797463,4413,98,1.2,2.5,10.0
0.03,True,0.75,262.6000000000001,0.6665156320797463,4413,98,1.2,2.5,10.0
0.06,False,0.25,80.35,0.18647845468053492,1255,98,1.2,2.5,10.0
0.06,False,0.5,133.3,0.18647845468053492,1255,98,1.2,2.5,10.0
0.06,False,0.75,241.3,0.18647845468053492,1255,98,1.2,2.5,10.0
0.06,True,0.25,83.3,0.8135215453194651,5475,98,1.2,2.5,10.0
0.06,True,0.5,143.7,0.8135215453194651,5475,98,1.2,2.5,10.0
0.06,True,0.75,239.60000000000002,0.8135215453194651,5475,98,1.2,2.5,10.0
0.09,False,0.25,68.725,0.09984310369419484,700,98,1.2,2.5,10.0
0.09,False,0.5,113.35,0.09984310369419484,700,98,1.2,2.5,10.0
0.09,False,0.75,197.49999999999997,0.09984310369419484,700,98,1.2,2.5,10.0
0.09,True,0.25,78.39999999999999,0.9001568963058052,6311,98,1.2,2.5,10.0
0.09,True,0.5,126.3,0.9001568963058052,6311,98,1.2,2.5,10.0
0.09,True,0.75,206.60000000000002,0.9001568963058052,6311,98,1.2,2.5,10.0
0.12,False,0.25,62.275,0.05560382276281494,384,98,1.2,2.5,10.0
0.12,False,0.5,99.05,0.05560382276281494,384,98,1.2,2.5,10.0
0.12,False,0.75,162.65,0.05560382276281494,384,98,1.2,2.5,10.0
0.12,True,0.25,70.49999999999999,0.944396177237185,6522,98,1.2,2.5,10.0
0.12,True,0.5,111.19999999999999,0.944396177237185,6522,98,1.2,2.5,10.0
0.12,True,0.75,176.5,0.944396177237185,6522,98,1.2,2.5,10.0
0.15,False,0.25,64.475,0.028164966230780283,196,98,1.2,2.5,10.0
0.15,False,0.5,89.55,0.028164966230780283,196,98,1.2,2.5,10.0
0.15,False,0.75,140.89999999999998,0.028164966230780283,196,98,1.2,2.5,10.0
0.15,True,0.25,63.399999999999984,0.9718350337692198,6763,98,1.2,2.5,10.0
0.15,True,0.5,96.4,0.9718350337692198,6763,98,1.2,2.5,10.0
0.15,True,0.75,148.55,0.9718350337692198,6763,98,1.2,2.5,10.0
0.0,False,0.25,90.5,0.5025594700391448,1669,99,1.2,2.5,10.0
0.0,False,0.5,160.3,0.5025594700391448,1669,99,1.2,2.5,10.0
0.0,False,0.75,274.30000000000007,0.5025594700391448,1669,99,1.2,2.5,10.0
0.0,True,0.25,90.39999999999999,0.49744052996085514,1652,99,1.2,2.5,10.0
0.0,True,0.5,166.54999999999998,0.49744052996085514,1652,99,1.2,2.5,10.0
0.0,True,0.75,277.425,0.49744052996085514,1652,99,1.2,2.5,10.0
0.03,False,0.25,91.9,0.32611985472154964,2155,99,1.2,2.5,10.0
0.03,False,0.5,158.5,0.32611985472154964,2155,99,1.2,2.5,10.0
0.03,False,0.75,275.8,0.32611985472154964,2155,99,1.2,2.5,10.0
0.03,True,0.25,90.5,0.6738801452784504,4453,99,1.2,2.5,10.0
0.03,True,0.5,158.89999999999998,0.6738801452784504,4453,99,1.2,2.5,10.0
0.03,True,0.75,265.90000000000003,0.6738801452784504,4453,99,1.2,2.5,10.0
0.06,False,0.25,78.3,0.18984514592019058,1275,99,1.2,2.5,10.0
0.06,False,0.5,134.6,0.18984514592019058,1275,99,1.2,2.5,10.0
0.06,False,0.75,241.20000000000002,0.18984514592019058,1275,99,1.2,2.5,10.0
0.06,True,0.25,82.3,0.8101548540798094,5441,99,1.2,2.5,10.0
0.06,True,0.5,146.0,0.8101548540798094,5441,99,1.2,2.5,10.0
0.06,True,0.75,243.8,0.8101548540798094,5441,99,1.2,2.5,10.0
0.09,False,0.25,73.89999999999999,0.11353276353276354,797,99,1.2,2.5,10.0
0.09,False,0.5,124.69999999999999,0.11353276353276354,797,99,1.2,2.5,10.0
0.09,False,0.75,208.50000000000006,0.11353276353276354,797,99,1.2,2.5,10.0
0.09,True,0.25,75.3,0.8864672364672365,6223,99,1.2,2.5,10.0
0.09,True,0.5,125.2,0.8864672364672365,6223,99,1.2,2.5,10.0
0.09,True,0.75,208.60000000000002,0.8864672364672365,6223,99,1.2,2.5,10.0
0.12,False,0.25,66.14999999999999,0.058516801853997685,404,99,1.2,2.5,10.0
0.12,False,0.5,103.39999999999999,0.058516801853997685,404,99,1.2,2.5,10.0
0.12,False,0.75,174.075,0.058516801853997685,404,99,1.2,2.5,10.0
0.12,True,0.25,68.69999999999999,0.9414831981460023,6500,99,1.2,2.5,10.0
0.12,True,0.5,108.94999999999999,0.9414831981460023,6500,99,1.2,2.5,10.0
0.12,True,0.75,175.725,0.9414831981460023,6500,99,1.2,2.5,10.0
0.15,False,0.25,56.574999999999996,0.029885057471264367,208,99,1.2,2.5,10.0
0.15,False,0.5,95.25,0.029885057471264367,208,99,1.2,2.5,10.0
0.15,False,0.75,136.85,0.029885057471264367,208,99,1.2,2.5,10.0
0.15,True,0.25,62.7,0.9701149425287356,6752,99,1.2,2.5,10.0
0.15,True,0.5,96.19999999999999,0.9701149425287356,6752,99,1.2,2.5,10.0
0.15,True,0.75,147.025,0.9701149425287356,6752,99,1.2,2.5,10.0
0.0,False,0.25,93.20000000000002,0.4951923076923077,1648,101,1.2,2.5,10.0
0.0,False,0.5,162.25,0.4951923076923077,1648,101,1.2,2.5,10.0
0.0,False,0.75,280.70000000000005,0.4951923076923077,1648,101,1.2,2.5,10.0
0.0,True,0.25,95.19999999999999,0.5048076923076923,1680,101,1.2,2.5,10.0
0.0,True,0.5,169.84999999999997,0.5048076923076923,1680,101,1.2,2.5,10.0
0.0,True,0.75,288.70000000000005,0.5048076923076923,1680,101,1.2,2.5,10.0
0.03,False,0.25,89.9,0.3265891589913936,2163,101,1.2,2.5,10.0
0.03,False,0.5,150.5,0.3265891589913936,2163,101,1.2,2.5,10.0
0.03,False,0.75,263.35,0.3265891589913936,2163,101,1.2,2.5,10.0
0.03,True,0.25,90.0,0.6734108410086064,4460,101,1.2,2.5,10.0
0.03,True,0.5,159.99999999999997,0.6734108410086064,4460,101,1.2,2.5,10.0
0.03,True,0.75,275.55,0.6734108410086064,4460,101,1.2,2.5,10.0
0.06,False,0.25,82.87499999999999,0.20002981070204204,1342,101,1.2,2.5,10.0
0.06,False,0.5,139.89999999999998,0.20002981070204204,1342,101,1.2,2.5,10.0
0.06,False,0.75,244.37500000000003,0.20002981070204204,1342,101,1.2,2.5,10.0
0.06,True,0.25,86.1,0.7999701892979579,5367,101,1.2,2.5,10.0
0.06,True,0.5,142.6,0.7999701892979579,5367,101,1.2,2.5,10.0
0.06,True,0.75,244.60000000000002,0.7999701892979579,5367,101,1.2,2.5,10.0
0.09,False,0.25,72.875,0.10476868327402135,736,101,1.2,2.5,10.0
0.09,False,0.5,119.8,0.10476868327402135,736,101,1.2,2.5,10.0
0.09,False,0.75,201.875,0.10476868327402135,736,101,1.2,2.5,10.0
0.09,True,0.25,77.2,0.8952313167259787,6289,101,1.2,2.5,10.0
0.09,True,0.5,125.1,0.8952313167259787,6289,101,1.2,2.5,10.0
0.09,True,0.75,206.50000000000006,0.8952313167259787,6289,101,1.2,2.5,10.0
0.12,False,0.25,66.32499999999999,0.06022003474232773,416,101,1.2,2.5,10.0
0.12,False,0.5,106.00000000000001,0.06022003474232773,416,101,1.2,2.5,10.0
0.12,False,0.75,173.925,0.06022003474232773,416,101,1.2,2.5,10.0
0.12,True,0.25,69.2,0.9397799652576723,6492,101,1.2,2.5,10.0
0.12,True,0.5,107.19999999999999,0.9397799652576723,6492,101,1.2,2.5,10.0
0.12,True,0.75,170.72500000000002,0.9397799652576723,6492,101,1.2,2.5,10.0
0.15,False,0.25,58.64999999999999,0.028591954022988506,199,101,1.2,2.5,10.0
0.15,False,0.5,85.39999999999999,0.028591954022988506,199,101,1.2,2.5,10.0
0.15,False,0.75,131.55,0.028591954022988506,199,101,1.2,2.5,10.0
0.15,True,0.25,63.199999999999996,0.9714080459770115,6761,101,1.2,2.5,10.0
0.15,True,0.5,96.1,0.9714080459770115,6761,101,1.2,2.5,10.0
0.15,True,0.75,148.0,0.9714080459770115,6761,101,1.2,2.5,10.0
0.0,False,0.25,96.1,0.4977538185085355,1662,113,1.2,2.5,10.0
0.0,False,0.5,162.14999999999998,0.4977538185085355,1662,113,1.2,2.5,10.0
0.0,False,0.75,279.6,0.4977538185085355,1662,113,1.2,2.5,10.0
0.0,True,0.25,91.39999999999999,0.5022461814914645,1677,113,1.2,2.5,10.0
0.0,True,0.5,166.4,0.5022461814914645,1677,113,1.2,2.5,10.0
0.0,True,0.75,266.70000000000005,0.5022461814914645,1677,113,1.2,2.5,10.0
0.03,False,0.25,87.7,0.3280351195882531,2167,113,1.2,2.5,10.0
0.03,False,0.5,154.99999999999997,0.3280351195882531,2167,113,1.2,2.5,10.0
0.03,False,0.75,268.3,0.3280351195882531,2167,113,1.2,2.5,10.0
0.03,True,0.25,89.59999999999998,0.6719648804117468,4439,113,1.2,2.5,10.0
0.03,True,0.5,157.29999999999998,0.6719648804117468,4439,113,1.2,2.5,10.0
0.03,True,0.75,269.5,0.6719648804117468,4439,113,1.2,2.5,10.0
0.06,False,0.25,85.19999999999999,0.18598422853742003,1250,113,1.2,2.5,10.0
0.06,False,0.5,138.5,0.18598422853742003,1250,113,1.2,2.5,10.0
0.06,False,0.75,236.55000000000004,0.18598422853742003,1250,113,1.2,2.5,10.0
0.06,True,0.25,85.59999999999998,0.81401577146258,5471,113,1.2,2.5,10.0
0.06,True,0.5,145.09999999999997,0.81401577146258,5471,113,1.2,2.5,10.0
0.06,True,0.75,244.15000000000003,0.81401577146258,5471,113,1.2,2.5,10.0
0.09,False,0.25,68.87499999999999,0.10764630499786416,756,113,1.2,2.5,10.0
0.09,False,0.5,117.25,0.10764630499786416,756,113,1.2,2.5,10.0
0.09,False,0.75,204.20000000000002,0.10764630499786416,756,113,1.2,2.5,10.0
0.09,True,0.25,77.60000000000001,0.8923536950021358,6267,113,1.2,2.5,10.0
0.09,True,0.5,126.69999999999997,0.8923536950021358,6267,113,1.2,2.5,10.0
0.09,True,0.75,207.15000000000003,0.8923536950021358,6267,113,1.2,2.5,10.0
0.12,False,0.25,62.95,0.05542691751085384,383,113,1.2,2.5,10.0
0.12,False,0.5,99.4,0.05542691751085384,383,113,1.2,2.5,10.0
0.12,False,0.75,158.59999999999997,0.05542691751085384,383,113,1.2,2.5,10.0
0.12,True,0.25,69.99999999999999,0.9445730824891462,6527,113,1.2,2.5,10.0
0.12,True,0.5,107.89999999999999,0.9445730824891462,6527,113,1.2,2.5,10.0
0.12,True,0.75,172.9,0.9445730824891462,6527,113,1.2,2.5,10.0
0.15,False,0.25,63.5,0.026009484121281793,181,113,1.2,2.5,10.0
0.15,False,0.5,93.6,0.026009484121281793,181,113,1.2,2.5,10.0
0.15,False,0.75,157.79999999999998,0.026009484121281793,181,113,1.2,2.5,10.0
0.15,True,0.25,63.8,0.9739905158787182,6778,113,1.2,2.5,10.0
0.15,True,0.5,96.0,0.9739905158787182,6778,113,1.2,2.5,10.0
0.15,True,0.75,149.075,0.9739905158787182,6778,113,1.2,2.5,10.0
0.0,False,0.25,92.575,0.504499100179964,1682,117,1.2,2.5,10.0
0.0,False,0.5,159.89999999999998,0.504499100179964,1682,117,1.2,2.5,10.0
0.0,False,0.75,281.35,0.504499100179964,1682,117,1.2,2.5,10.0
0.0,True,0.25,86.125,0.495500899820036,1652,117,1.2,2.5,10.0
0.0,True,0.5,156.09999999999997,0.495500899820036,1652,117,1.2,2.5,10.0
0.0,True,0.75,278.42500000000007,0.495500899820036,1652,117,1.2,2.5,10.0
0.03,False,0.25,87.0,0.34145234493192134,2257,117,1.2,2.5,10.0
0.03,False,0.5,158.99999999999997,0.34145234493192134,2257,117,1.2,2.5,10.0
0.03,False,0.75,272.80000000000007,0.34145234493192134,2257,117,1.2,2.5,10.0
0.03,True,0.25,88.5,0.6585476550680787,4353,117,1.2,2.5,10.0
0.03,True,0.5,155.6,0.6585476550680787,4353,117,1.2,2.5,10.0
0.03,True,0.75,272.1000000000001,0.6585476550680787,4353,117,1.2,2.5,10.0
0.06,False,0.25,82.375,0.19433681073025336,1304,117,1.2,2.5,10.0
0.06,False,0.5,142.35,0.19433681073025336,1304,117,1.2,2.5,10.0
0.06,False,0.75,233.07500000000002,0.19433681073025336,1304,117,1.2,2.5,10.0
0.06,True,0.25,82.99999999999999,0.8056631892697467,5406,117,1.2,2.5,10.0
0.06,True,0.5,142.4,0.8056631892697467,5406,117,1.2,2.5,10.0
0.06,True,0.75,242.47500000000002,0.8056631892697467,5406,117,1.2,2.5,10.0
0.09,False,0.25,73.1,0.10021382751247328,703,117,1.2,2.5,10.0
0.09,False,0.5,117.49999999999999,0.10021382751247328,703,117,1.2,2.5,10.0
0.09,False,0.75,203.1,0.10021382751247328,703,117,1.2,2.5,10.0
0.09,True,0.25,76.375,0.8997861724875267,6312,117,1.2,2.5,10.0
0.09,True,0.5,126.89999999999999,0.8997861724875267,6312,117,1.2,2.5,10.0
0.09,True,0.75,209.2,0.8997861724875267,6312,117,1.2,2.5,10.0
0.12,False,0.25,61.65,0.05997392438070404,414,117,1.2,2.5,10.0
0.12,False,0.5,96.54999999999998,0.05997392438070404,414,117,1.2,2.5,10.0
0.12,False,0.75,158.0,0.05997392438070404,414,117,1.2,2.5,10.0
0.12,True,0.25,68.89999999999999,0.940026075619296,6489,117,1.2,2.5,10.0
0.12,True,0.5,108.99999999999999,0.940026075619296,6489,117,1.2,2.5,10.0
0.12,True,0.75,175.29999999999998,0.940026075619296,6489,117,1.2,2.5,10.0
0.15,False,0.25,56.35,0.028021267423480385,195,117,1.2,2.5,10.0
0.15,False,0.5,88.9,0.028021267423480385,195,117,1.2,2.5,10.0
0.15,False,0.75,136.55,0.028021267423480385,195,117,1.2,2.5,10.0
0.15,True,0.25,63.70000000000001,0.9719787325765196,6764,117,1.2,2.5,10.0
0.15,True,0.5,96.49999999999999,0.9719787325765196,6764,117,1.2,2.5,10.0
0.15,True,0.75,148.7,0.9719787325765196,6764,117,1.2,2.5,10.0
0.0,False,0.25,88.1,0.4963877182420229,1649,118,1.2,2.5,10.0
0.0,False,0.5,151.5,0.4963877182420229,1649,118,1.2,2.5,10.0
0.0,False,0.75,261.70000000000005,0.4963877182420229,1649,118,1.2,2.5,10.0
0.0,True,0.25,95.1,0.5036122817579771,1673,118,1.2,2.5,10.0
0.0,True,0.5,160.89999999999998,0.5036122817579771,1673,118,1.2,2.5,10.0
0.0,True,0.75,269.90000000000003,0.5036122817579771,1673,118,1.2,2.5,10.0
0.03,False,0.25,84.975,0.32113698215905656,2124,118,1.2,2.5,10.0
0.03,False,0.5,157.04999999999998,0.32113698215905656,2124,118,1.2,2.5,10.0
0.03,False,0.75,264.20000000000005,0.32113698215905656,2124,118,1.2,2.5,10.0
0.03,True,0.25,92.225,0.6788630178409435,4490,118,1.2,2.5,10.0
0.03,True,0.5,157.04999999999998,0.6788630178409435,4490,118,1.2,2.5,10.0
0.03,True,0.75,268.0,0.6788630178409435,4490,118,1.2,2.5,10.0
0.06,False,0.25,81.125,0.18330849478390462,1230,118,1.2,2.5,10.0
0.06,False,0.5,138.04999999999998,0.18330849478390462,1230,118,1.2,2.5,10.0
0.06,False,0.75,243.90000000000003,0.18330849478390462,1230,118,1.2,2.5,10.0
0.06,True,0.25,82.99999999999999,0.8166915052160953,5480,118,1.2,2.5,10.0
0.06,True,0.5,141.2,0.8166915052160953,5480,118,1.2,2.5,10.0
0.06,True,0.75,243.52500000000006,0.8166915052160953,5480,118,1.2,2.5,10.0
0.09,False,0.25,78.95,0.10584045584045584,743,118,1.2,2.5,10.0
0.09,False,0.5,125.4,0.10584045584045584,743,118,1.2,2.5,10.0
0.09,False,0.75,194.35,0.10584045584045584,743,118,1.2,2.5,10.0
0.09,True,0.25,73.2,0.8941595441595441,6277,118,1.2,2.5,10.0
0.09,True,0.5,122.09999999999998,0.8941595441595441,6277,118,1.2,2.5,10.0
0.09,True,0.75,202.90000000000003,0.8941595441595441,6277,118,1.2,2.5,10.0
0.12,False,0.25,65.7,0.05996523754345307,414,118,1.2,2.5,10.0
0.12,False,0.5,100.8,0.05996523754345307,414,118,1.2,2.5,10.0
0.12,False,0.75,171.1,0.05996523754345307,414,118,1.2,2.5,10.0
0.12,True,0.25,71.49999999999999,0.9400347624565469,6490,118,1.2,2.5,10.0
0.12,True,0.5,111.35,0.9400347624565469,6490,118,1.2,2.5,10.0
0.12,True,0.75,175.67499999999998,0.9400347624565469,6490,118,1.2,2.5,10.0
0.15,False,0.25,56.25,0.027442528735632184,191,118,1.2,2.5,10.0
0.15,False,0.5,85.79999999999998,0.027442528735632184,191,118,1.2,2.5,10.0
0.15,False,0.75,143.35,0.027442528735632184,191,118,1.2,2.5,10.0
0.15,True,0.25,62.7,0.9725574712643679,6769,118,1.2,2.5,10.0
0.15,True,0.5,95.89999999999999,0.9725574712643679,6769,118,1.2,2.5,10.0
0.15,True,0.75,147.79999999999998,0.9725574712643679,6769,118,1.2,2.5,10.0
0.0,False,0.25,93.5,0.49924992499249926,1664,120,1.2,2.5,10.0
0.0,False,0.5,157.55,0.49924992499249926,1664,120,1.2,2.5,10.0
0.0,False,0.75,279.90000000000003,0.49924992499249926,1664,120,1.2,2.5,10.0
0.0,True,0.25,90.39999999999999,0.5007500750075008,1669,120,1.2,2.5,10.0
0.0,True,0.5,159.99999999999997,0.5007500750075008,1669,120,1.2,2.5,10.0
0.0,True,0.75,275.90000000000003,0.5007500750075008,1669,120,1.2,2.5,10.0
0.03,False,0.25,85.95,0.32023665048543687,2111,120,1.2,2.5,10.0
0.03,False,0.5,153.6,0.32023665048543687,2111,120,1.2,2.5,10.0
0.03,False,0.75,262.6,0.32023665048543687,2111,120,1.2,2.5,10.0
0.03,True,0.25,92.5,0.6797633495145631,4481,120,1.2,2.5,10.0
0.03,True,0.5,160.1,0.6797633495145631,4481,120,1.2,2.5,10.0
0.03,True,0.75,271.1,0.6797633495145631,4481,120,1.2,2.5,10.0
0.06,False,0.25,80.54999999999998,0.19472193230952736,1306,120,1.2,2.5,10.0
0.06,False,0.5,137.14999999999998,0.19472193230952736,1306,120,1.2,2.5,10.0
0.06,False,0.75,228.42500000000007,0.19472193230952736,1306,120,1.2,2.5,10.0
0.06,True,0.25,84.79999999999998,0.8052780676904726,5401,120,1.2,2.5,10.0
0.06,True,0.5,143.09999999999997,0.8052780676904726,5401,120,1.2,2.5,10.0
0.06,True,0.75,241.10000000000002,0.8052780676904726,5401,120,1.2,2.5,10.0
0.09,False,0.25,72.9,0.11150669324978639,783,120,1.2,2.5,10.0
0.09,False,0.5,125.69999999999997,0.11150669324978639,783,120,1.2,2.5,10.0
0.09,False,0.75,205.95000000000005,0.11150669324978639,783,120,1.2,2.5,10.0
0.09,True,0.25,75.85,0.8884933067502137,6239,120,1.2,2.5,10.0
0.09,True,0.5,124.1,0.8884933067502137,6239,120,1.2,2.5,10.0
0.09,True,0.75,209.25,0.8884933067502137,6239,120,1.2,2.5,10.0
0.12,False,0.25,63.8,0.055177407675597395,381,120,1.2,2.5,10.0
0.12,False,0.5,106.6,0.055177407675597395,381,120,1.2,2.5,10.0
0.12,False,0.75,167.09999999999997,0.055177407675597395,381,120,1.2,2.5,10.0
0.12,True,0.25,68.8,0.9448225923244026,6524,120,1.2,2.5,10.0
0.12,True,0.5,109.89999999999999,0.9448225923244026,6524,120,1.2,2.5,10.0
0.12,True,0.75,176.02499999999998,0.9448225923244026,6524,120,1.2,2.5,10.0
0.15,False,0.25,59.374999999999986,0.031609195402298854,220,120,1.2,2.5,10.0
0.15,False,0.5,91.0,0.031609195402298854,220,120,1.2,2.5,10.0
0.15,False,0.75,134.7,0.031609195402298854,220,120,1.2,2.5,10.0
0.15,True,0.25,62.59999999999999,0.9683908045977011,6740,120,1.2,2.5,10.0
0.15,True,0.5,94.10000000000001,0.9683908045977011,6740,120,1.2,2.5,10.0
0.15,True,0.75,146.12499999999997,0.9683908045977011,6740,120,1.2,2.5,10.0
0.0,False,0.25,87.35,0.49487951807228914,1643,121,1.2,2.5,10.0
0.0,False,0.5,163.39999999999998,0.49487951807228914,1643,121,1.2,2.5,10.0
0.0,False,0.75,281.5,0.49487951807228914,1643,121,1.2,2.5,10.0
0.0,True,0.25,99.4,0.5051204819277109,1677,121,1.2,2.5,10.0
0.0,True,0.5,172.9,0.5051204819277109,1677,121,1.2,2.5,10.0
0.0,True,0.75,287.50000000000006,0.5051204819277109,1677,121,1.2,2.5,10.0
0.03,False,0.25,94.49999999999999,0.3177555958862674,2101,121,1.2,2.5,10.0
0.03,False,0.5,162.2,0.3177555958862674,2101,121,1.2,2.5,10.0
0.03,False,0.75,260.70000000000005,0.3177555958862674,2101,121,1.2,2.5,10.0
0.03,True,0.25,90.5,0.6822444041137327,4511,121,1.2,2.5,10.0
0.03,True,0.5,153.6,0.6822444041137327,4511,121,1.2,2.5,10.0
0.03,True,0.75,261.20000000000005,0.6822444041137327,4511,121,1.2,2.5,10.0
0.06,False,0.25,83.29999999999998,0.19728601252609604,1323,121,1.2,2.5,10.0
0.06,False,0.5,136.79999999999998,0.19728601252609604,1323,121,1.2,2.5,10.0
0.06,False,0.75,230.20000000000005,0.19728601252609604,1323,121,1.2,2.5,10.0
0.06,True,0.25,84.39999999999999,0.802713987473904,5383,121,1.2,2.5,10.0
0.06,True,0.5,144.4,0.802713987473904,5383,121,1.2,2.5,10.0
0.06,True,0.75,248.50000000000003,0.802713987473904,5383,121,1.2,2.5,10.0
0.09,False,0.25,71.8,0.09982910851609228,701,121,1.2,2.5,10.0
0.09,False,0.5,121.09999999999998,0.09982910851609228,701,121,1.2,2.5,10.0
0.09,False,0.75,198.80000000000004,0.09982910851609228,701,121,1.2,2.5,10.0
0.09,True,0.25,75.69999999999999,0.9001708914839077,6321,121,1.2,2.5,10.0
0.09,True,0.5,125.3,0.9001708914839077,6321,121,1.2,2.5,10.0
0.09,True,0.75,208.4,0.9001708914839077,6321,121,1.2,2.5,10.0
0.12,False,0.25,67.10000000000001,0.05240301100173712,362,121,1.2,2.5,10.0
0.12,False,0.5,106.94999999999999,0.05240301100173712,362,121,1.2,2.5,10.0
0.12,False,0.75,167.875,0.05240301100173712,362,121,1.2,2.5,10.0
0.12,True,0.25,68.89999999999999,0.9475969889982628,6546,121,1.2,2.5,10.0
0.12,True,0.5,108.99999999999999,0.9475969889982628,6546,121,1.2,2.5,10.0
0.12,True,0.75,171.6,0.9475969889982628,6546,121,1.2,2.5,10.0
0.15,False,0.25,65.5,0.027729885057471263,193,121,1.2,2.5,10.0
0.15,False,0.5,94.19999999999999,0.027729885057471263,193,121,1.2,2.5,10.0
0.15,False,0.75,138.2,0.027729885057471263,193,121,1.2,2.5,10.0
0.15,True,0.25,62.7,0.9722701149425287,6767,121,1.2,2.5,10.0
0.15,True,0.5,95.0,0.9722701149425287,6767,121,1.2,2.5,10.0
0.15,True,0.75,147.89999999999998,0.9722701149425287,6767,121,1.2,2.5,10.0
0.0,False,0.25,89.59999999999998,0.5006013229104029,1665,123,1.2,2.5,10.0
0.0,False,0.5,161.70000000000002,0.5006013229104029,1665,123,1.2,2.5,10.0
0.0,False,0.75,277.80000000000007,0.5006013229104029,1665,123,1.2,2.5,10.0
0.0,True,0.25,91.7,0.4993986770895971,1661,123,1.2,2.5,10.0
0.0,True,0.5,157.70000000000002,0.4993986770895971,1661,123,1.2,2.5,10.0
0.0,True,0.75,279.70000000000005,0.4993986770895971,1661,123,1.2,2.5,10.0
0.03,False,0.25,89.375,0.33767808426796,2228,123,1.2,2.5,10.0
0.03,False,0.5,155.39999999999998,0.33767808426796,2228,123,1.2,2.5,10.0
0.03,False,0.75,261.975,0.33767808426796,2228,123,1.2,2.5,10.0
0.03,True,0.25,90.425,0.66232191573204,4370,123,1.2,2.5,10.0
0.03,True,0.5,153.70000000000002,0.66232191573204,4370,123,1.2,2.5,10.0
0.03,True,0.75,264.55000000000007,0.66232191573204,4370,123,1.2,2.5,10.0
0.06,False,0.25,80.35000000000001,0.18908874684108815,1272,123,1.2,2.5,10.0
0.06,False,0.5,139.75,0.18908874684108815,1272,123,1.2,2.5,10.0
0.06,False,0.75,238.00000000000003,0.18908874684108815,1272,123,1.2,2.5,10.0
0.06,True,0.25,84.3,0.8109112531589119,5455,123,1.2,2.5,10.0
0.06,True,0.5,142.5,0.8109112531589119,5455,123,1.2,2.5,10.0
0.06,True,0.75,245.00000000000003,0.8109112531589119,5455,123,1.2,2.5,10.0
0.09,False,0.25,71.225,0.10344827586206896,726,123,1.2,2.5,10.0
0.09,False,0.5,123.04999999999998,0.10344827586206896,726,123,1.2,2.5,10.0
0.09,False,0.75,203.37500000000003,0.10344827586206896,726,123,1.2,2.5,10.0
0.09,True,0.25,75.69999999999999,0.896551724137931,6292,123,1.2,2.5,10.0
0.09,True,0.5,125.0,0.896551724137931,6292,123,1.2,2.5,10.0
0.09,True,0.75,206.72500000000002,0.896551724137931,6292,123,1.2,2.5,10.0
0.12,False,0.25,62.775,0.056762235737040256,392,123,1.2,2.5,10.0
0.12,False,0.5,102.15,0.056762235737040256,392,123,1.2,2.5,10.0
0.12,False,0.75,162.875,0.056762235737040256,392,123,1.2,2.5,10.0
0.12,True,0.25,68.6,0.9432377642629598,6514,123,1.2,2.5,10.0
0.12,True,0.5,108.3,0.9432377642629598,6514,123,1.2,2.5,10.0
0.12,True,0.75,173.35000000000002,0.9432377642629598,6514,123,1.2,2.5,10.0
0.15,False,0.25,53.724999999999994,0.03074712643678161,214,123,1.2,2.5,10.0
0.15,False,0.5,77.79999999999998,0.03074712643678161,214,123,1.2,2.5,10.0
0.15,False,0.75,131.575,0.03074712643678161,214,123,1.2,2.5,10.0
0.15,True,0.25,61.699999999999996,0.9692528735632184,6746,123,1.2,2.5,10.0
0.15,True,0.5,95.49999999999999,0.9692528735632184,6746,123,1.2,2.5,10.0
0.15,True,0.75,148.4,0.9692528735632184,6746,123,1.2,2.5,10.0
0.0,False,0.25,93.375,0.4978902953586498,1652,127,1.2,2.5,10.0
0.0,False,0.5,161.64999999999998,0.4978902953586498,1652,127,1.2,2.5,10.0
0.0,False,0.75,276.85,0.4978902953586498,1652,127,1.2,2.5,10.0
0.0,True,0.25,92.15,0.5021097046413502,1666,127,1.2,2.5,10.0
0.0,True,0.5,160.25,0.5021097046413502,1666,127,1.2,2.5,10.0
0.0,True,0.75,278.85,0.5021097046413502,1666,127,1.2,2.5,10.0
0.03,False,0.25,86.79999999999998,0.33050333535476045,2180,127,1.2,2.5,10.0
0.03,False,0.5,157.55,0.33050333535476045,2180,127,1.2,2.5,10.0
0.03,False,0.75,281.175,0.33050333535476045,2180,127,1.2,2.5,10.0
0.03,True,0.25,90.975,0.6694966646452395,4416,127,1.2,2.5,10.0
0.03,True,0.5,153.1,0.6694966646452395,4416,127,1.2,2.5,10.0
0.03,True,0.75,265.40000000000003,0.6694966646452395,4416,127,1.2,2.5,10.0
0.06,False,0.25,83.44999999999999,0.1939809296781883,1302,127,1.2,2.5,10.0
0.06,False,0.5,141.5,0.1939809296781883,1302,127,1.2,2.5,10.0
0.06,False,0.75,238.67500000000004,0.1939809296781883,1302,127,1.2,2.5,10.0
0.06,True,0.25,85.9,0.8060190703218116,5410,127,1.2,2.5,10.0
0.06,True,0.5,143.5,0.8060190703218116,5410,127,1.2,2.5,10.0
0.06,True,0.75,244.87500000000003,0.8060190703218116,5410,127,1.2,2.5,10.0
0.09,False,0.25,74.275,0.11082621082621083,778,127,1.2,2.5,10.0
0.09,False,0.5,120.35,0.11082621082621083,778,127,1.2,2.5,10.0
0.09,False,0.75,203.4,0.11082621082621083,778,127,1.2,2.5,10.0
0.09,True,0.25,78.49999999999999,0.8891737891737892,6242,127,1.2,2.5,10.0
0.09,True,0.5,126.2,0.8891737891737892,6242,127,1.2,2.5,10.0
0.09,True,0.75,210.775,0.8891737891737892,6242,127,1.2,2.5,10.0
0.12,False,0.25,64.9,0.05690703735881842,393,127,1.2,2.5,10.0
0.12,False,0.5,100.2,0.05690703735881842,393,127,1.2,2.5,10.0
0.12,False,0.75,165.9,0.05690703735881842,393,127,1.2,2.5,10.0
0.12,True,0.25,69.29999999999998,0.9430929626411816,6513,127,1.2,2.5,10.0
0.12,True,0.5,109.79999999999998,0.9430929626411816,6513,127,1.2,2.5,10.0
0.12,True,0.75,176.5,0.9430929626411816,6513,127,1.2,2.5,10.0
0.15,False,0.25,58.3,0.028591954022988506,199,127,1.2,2.5,10.0
0.15,False,0.5,91.0,0.028591954022988506,199,127,1.2,2.5,10.0
0.15,False,0.75,129.9,0.028591954022988506,199,127,1.2,2.5,10.0
0.15,True,0.25,62.39999999999999,0.9714080459770115,6761,127,1.2,2.5,10.0
0.15,True,0.5,96.1,0.9714080459770115,6761,127,1.2,2.5,10.0
0.15,True,0.75,148.89999999999998,0.9714080459770115,6761,127,1.2,2.5,10.0
0.0,False,0.25,92.0,0.5148425787106446,1717,134,1.2,2.5,10.0
0.0,False,0.5,161.6,0.5148425787106446,1717,134,1.2,2.5,10.0
0.0,False,0.75,271.80000000000007,0.5148425787106446,1717,134,1.2,2.5,10.0
0.0,True,0.25,90.025,0.4851574212893553,1618,134,1.2,2.5,10.0
0.0,True,0.5,166.64999999999998,0.4851574212893553,1618,134,1.2,2.5,10.0
0.0,True,0.75,284.17500000000007,0.4851574212893553,1618,134,1.2,2.5,10.0
0.03,False,0.25,85.19999999999999,0.3326287181035784,2203,134,1.2,2.5,10.0
0.03,False,0.5,149.4,0.3326287181035784,2203,134,1.2,2.5,10.0
0.03,False,0.75,261.80000000000007,0.3326287181035784,2203,134,1.2,2.5,10.0
0.03,True,0.25,87.975,0.6673712818964216,4420,134,1.2,2.5,10.0
0.03,True,0.5,154.34999999999997,0.6673712818964216,4420,134,1.2,2.5,10.0
0.03,True,0.75,265.52500000000003,0.6673712818964216,4420,134,1.2,2.5,10.0
0.06,False,0.25,82.22499999999998,0.19377883613632982,1302,134,1.2,2.5,10.0
0.06,False,0.5,141.04999999999998,0.19377883613632982,1302,134,1.2,2.5,10.0
0.06,False,0.75,245.35000000000005,0.19377883613632982,1302,134,1.2,2.5,10.0
0.06,True,0.25,87.19999999999999,0.8062211638636702,5417,134,1.2,2.5,10.0
0.06,True,0.5,143.29999999999998,0.8062211638636702,5417,134,1.2,2.5,10.0
0.06,True,0.75,243.60000000000005,0.8062211638636702,5417,134,1.2,2.5,10.0
0.09,False,0.25,75.3,0.09519066590779739,669,134,1.2,2.5,10.0
0.09,False,0.5,119.69999999999999,0.09519066590779739,669,134,1.2,2.5,10.0
0.09,False,0.75,204.90000000000003,0.09519066590779739,669,134,1.2,2.5,10.0
0.09,True,0.25,78.3,0.9048093340922027,6359,134,1.2,2.5,10.0
0.09,True,0.5,128.5,0.9048093340922027,6359,134,1.2,2.5,10.0
0.09,True,0.75,212.05,0.9048093340922027,6359,134,1.2,2.5,10.0
0.12,False,0.25,61.27499999999999,0.05476673427991886,378,134,1.2,2.5,10.0
0.12,False,0.5,97.89999999999998,0.05476673427991886,378,134,1.2,2.5,10.0
0.12,False,0.75,156.125,0.05476673427991886,378,134,1.2,2.5,10.0
0.12,True,0.25,69.69999999999999,0.9452332657200812,6524,134,1.2,2.5,10.0
0.12,True,0.5,110.99999999999999,0.9452332657200812,6524,134,1.2,2.5,10.0
0.12,True,0.75,175.7,0.9452332657200812,6524,134,1.2,2.5,10.0
0.15,False,0.25,59.29999999999998,0.02687167696508119,187,134,1.2,2.5,10.0
0.15,False,0.5,94.19999999999999,0.02687167696508119,187,134,1.2,2.5,10.0
0.15,False,0.75,147.39999999999998,0.02687167696508119,187,134,1.2,2.5,10.0
0.15,True,0.25,62.7,0.9731283230349188,6772,134,1.2,2.5,10.0
0.15,True,0.5,96.29999999999998,0.9731283230349188,6772,134,1.2,2.5,10.0
0.15,True,0.75,147.125,0.9731283230349188,6772,134,1.2,2.5,10.0
0.0,False,0.25,92.39999999999999,0.49308062575210587,1639,135,1.2,2.5,10.0
0.0,False,0.5,158.70000000000002,0.49308062575210587,1639,135,1.2,2.5,10.0
0.0,False,0.75,282.30000000000007,0.49308062575210587,1639,135,1.2,2.5,10.0
0.0,True,0.25,90.9,0.5069193742478941,1685,135,1.2,2.5,10.0
0.0,True,0.5,159.70000000000002,0.5069193742478941,1685,135,1.2,2.5,10.0
0.0,True,0.75,277.90000000000003,0.5069193742478941,1685,135,1.2,2.5,10.0
0.03,False,0.25,91.59999999999998,0.32082324455205813,2120,135,1.2,2.5,10.0
0.03,False,0.5,160.55,0.32082324455205813,2120,135,1.2,2.5,10.0
0.03,False,0.75,266.75000000000006,0.32082324455205813,2120,135,1.2,2.5,10.0
0.03,True,0.25,88.59999999999998,0.6791767554479419,4488,135,1.2,2.5,10.0
0.03,True,0.5,154.55,0.6791767554479419,4488,135,1.2,2.5,10.0
0.03,True,0.75,271.125,0.6791767554479419,4488,135,1.2,2.5,10.0
0.06,False,0.25,80.75000000000001,0.1982142857142857,1332,135,1.2,2.5,10.0
0.06,False,0.5,141.7,0.1982142857142857,1332,135,1.2,2.5,10.0
0.06,False,0.75,236.42500000000004,0.1982142857142857,1332,135,1.2,2.5,10.0
0.06,True,0.25,82.59999999999998,0.8017857142857143,5388,135,1.2,2.5,10.0
0.06,True,0.5,142.25,0.8017857142857143,5388,135,1.2,2.5,10.0
0.06,True,0.75,239.82500000000007,0.8017857142857143,5388,135,1.2,2.5,10.0
0.09,False,0.25,74.67499999999998,0.10308984764345722,724,135,1.2,2.5,10.0
0.09,False,0.5,123.25,0.10308984764345722,724,135,1.2,2.5,10.0
0.09,False,0.75,200.75000000000003,0.10308984764345722,724,135,1.2,2.5,10.0
0.09,True,0.25,77.1,0.8969101523565428,6299,135,1.2,2.5,10.0
0.09,True,0.5,124.60000000000001,0.8969101523565428,6299,135,1.2,2.5,10.0
0.09,True,0.75,208.8,0.8969101523565428,6299,135,1.2,2.5,10.0
0.12,False,0.25,64.5,0.05388180764774044,372,135,1.2,2.5,10.0
0.12,False,0.5,103.99999999999999,0.05388180764774044,372,135,1.2,2.5,10.0
0.12,False,0.75,162.125,0.05388180764774044,372,135,1.2,2.5,10.0
0.12,True,0.25,70.475,0.9461181923522596,6532,135,1.2,2.5,10.0
0.12,True,0.5,111.39999999999999,0.9461181923522596,6532,135,1.2,2.5,10.0
0.12,True,0.75,179.42499999999998,0.9461181923522596,6532,135,1.2,2.5,10.0
0.15,False,0.25,58.400000000000006,0.028304597701149424,197,135,1.2,2.5,10.0
0.15,False,0.5,93.6,0.028304597701149424,197,135,1.2,2.5,10.0
0.15,False,0.75,154.1,0.028304597701149424,197,135,1.2,2.5,10.0
0.15,True,0.25,62.8,0.9716954022988505,6763,135,1.2,2.5,10.0
0.15,True,0.5,94.89999999999998,0.9716954022988505,6763,135,1.2,2.5,10.0
0.15,True,0.75,146.7,0.9716954022988505,6763,135,1.2,2.5,10.0
0.0,False,0.25,85.39999999999999,0.50418410041841,1687,152,1.2,2.5,10.0
0.0,False,0.5,157.70000000000002,0.50418410041841,1687,152,1.2,2.5,10.0
0.0,False,0.75,269.6,0.50418410041841,1687,152,1.2,2.5,10.0
0.0,True,0.25,94.15,0.49581589958158995,1659,152,1.2,2.5,10.0
0.0,True,0.5,161.39999999999998,0.49581589958158995,1659,152,1.2,2.5,10.0
0.0,True,0.75,285.05000000000007,0.49581589958158995,1659,152,1.2,2.5,10.0
0.03,False,0.25,89.7,0.3310104529616725,2185,152,1.2,2.5,10.0
0.03,False,0.5,153.39999999999998,0.3310104529616725,2185,152,1.2,2.5,10.0
0.03,False,0.75,268.20000000000005,0.3310104529616725,2185,152,1.2,2.5,10.0
0.03,True,0.25,90.19999999999999,0.6689895470383276,4416,152,1.2,2.5,10.0
0.03,True,0.5,158.5,0.6689895470383276,4416,152,1.2,2.5,10.0
0.03,True,0.75,269.75000000000006,0.6689895470383276,4416,152,1.2,2.5,10.0
0.06,False,0.25,78.725,0.186039589224587,1250,152,1.2,2.5,10.0
0.06,False,0.5,139.29999999999998,0.186039589224587,1250,152,1.2,2.5,10.0
0.06,False,0.75,240.12500000000003,0.186039589224587,1250,152,1.2,2.5,10.0
0.06,True,0.25,82.49999999999999,0.813960410775413,5469,152,1.2,2.5,10.0
0.06,True,0.5,140.89999999999998,0.813960410775413,5469,152,1.2,2.5,10.0
0.06,True,0.75,238.10000000000002,0.813960410775413,5469,152,1.2,2.5,10.0
0.09,False,0.25,75.44999999999999,0.1105098262603247,776,152,1.2,2.5,10.0
0.09,False,0.5,121.49999999999999,0.1105098262603247,776,152,1.2,2.5,10.0
0.09,False,0.75,199.60000000000002,0.1105098262603247,776,152,1.2,2.5,10.0
0.09,True,0.25,75.49999999999999,0.8894901737396753,6246,152,1.2,2.5,10.0
0.09,True,0.5,126.69999999999997,0.8894901737396753,6246,152,1.2,2.5,10.0
0.09,True,0.75,208.00000000000003,0.8894901737396753,6246,152,1.2,2.5,10.0
0.12,False,0.25,60.79999999999998,0.056890561667631734,393,152,1.2,2.5,10.0
0.12,False,0.5,94.6,0.056890561667631734,393,152,1.2,2.5,10.0
0.12,False,0.75,171.2,0.056890561667631734,393,152,1.2,2.5,10.0
0.12,True,0.25,67.75,0.9431094383323683,6515,152,1.2,2.5,10.0
0.12,True,0.5,107.79999999999998,0.9431094383323683,6515,152,1.2,2.5,10.0
0.12,True,0.75,175.1,0.9431094383323683,6515,152,1.2,2.5,10.0
0.15,False,0.25,56.725,0.028735632183908046,200,152,1.2,2.5,10.0
0.15,False,0.5,85.89999999999998,0.028735632183908046,200,152,1.2,2.5,10.0
0.15,False,0.75,133.375,0.028735632183908046,200,152,1.2,2.5,10.0
0.15,True,0.25,62.8,0.9712643678160919,6760,152,1.2,2.5,10.0
0.15,True,0.5,95.1,0.9712643678160919,6760,152,1.2,2.5,10.0
0.15,True,0.75,148.60000000000002,0.9712643678160919,6760,152,1.2,2.5,10.0
0.0,False,0.25,95.49999999999999,0.4965537908300869,1657,156,1.2,2.5,10.0
0.0,False,0.5,159.6,0.4965537908300869,1657,156,1.2,2.5,10.0
0.0,False,0.75,267.90000000000003,0.4965537908300869,1657,156,1.2,2.5,10.0
0.0,True,0.25,92.6,0.5034462091699131,1680,156,1.2,2.5,10.0
0.0,True,0.5,161.04999999999998,0.5034462091699131,1680,156,1.2,2.5,10.0
0.0,True,0.75,268.6500000000001,0.5034462091699131,1680,156,1.2,2.5,10.0
0.03,False,0.25,90.0,0.32557084530470287,2153,156,1.2,2.5,10.0
0.03,False,0.5,157.89999999999998,0.32557084530470287,2153,156,1.2,2.5,10.0
0.03,False,0.75,267.6,0.32557084530470287,2153,156,1.2,2.5,10.0
0.03,True,0.25,89.675,0.6744291546952972,4460,156,1.2,2.5,10.0
0.03,True,0.5,155.29999999999998,0.6744291546952972,4460,156,1.2,2.5,10.0
0.03,True,0.75,267.3,0.6744291546952972,4460,156,1.2,2.5,10.0
0.06,False,0.25,83.925,0.19321226555522478,1298,156,1.2,2.5,10.0
0.06,False,0.5,143.55,0.19321226555522478,1298,156,1.2,2.5,10.0
0.06,False,0.75,246.175,0.19321226555522478,1298,156,1.2,2.5,10.0
0.06,True,0.25,85.3,0.8067877344447753,5420,156,1.2,2.5,10.0
0.06,True,0.5,146.4,0.8067877344447753,5420,156,1.2,2.5,10.0
0.06,True,0.75,240.02500000000003,0.8067877344447753,5420,156,1.2,2.5,10.0
0.09,False,0.25,69.89999999999999,0.10272118535403904,721,156,1.2,2.5,10.0
0.09,False,0.5,123.1,0.10272118535403904,721,156,1.2,2.5,10.0
0.09,False,0.75,219.40000000000003,0.10272118535403904,721,156,1.2,2.5,10.0
0.09,True,0.25,76.42499999999998,0.8972788146459609,6298,156,1.2,2.5,10.0
0.09,True,0.5,125.89999999999998,0.8972788146459609,6298,156,1.2,2.5,10.0
0.09,True,0.75,206.90000000000003,0.8972788146459609,6298,156,1.2,2.5,10.0
0.12,False,0.25,68.44999999999999,0.052433371958285055,362,156,1.2,2.5,10.0
0.12,False,0.5,111.5,0.052433371958285055,362,156,1.2,2.5,10.0
0.12,False,0.75,184.2,0.052433371958285055,362,156,1.2,2.5,10.0
0.12,True,0.25,68.725,0.947566628041715,6542,156,1.2,2.5,10.0
0.12,True,0.5,108.64999999999999,0.947566628041715,6542,156,1.2,2.5,10.0
0.12,True,0.75,172.375,0.947566628041715,6542,156,1.2,2.5,10.0
0.15,False,0.25,56.3,0.02730669732681805,190,156,1.2,2.5,10.0
0.15,False,0.5,84.30000000000001,0.02730669732681805,190,156,1.2,2.5,10.0
0.15,False,0.75,140.075,0.02730669732681805,190,156,1.2,2.5,10.0
0.15,True,0.25,63.5,0.972693302673182,6768,156,1.2,2.5,10.0
0.15,True,0.5,96.29999999999998,0.972693302673182,6768,156,1.2,2.5,10.0
0.15,True,0.75,149.525,0.972693302673182,6768,156,1.2,2.5,10.0
0.0,False,0.25,93.14999999999999,0.4927710843373494,1636,158,1.2,2.5,10.0
0.0,False,0.5,169.14999999999998,0.4927710843373494,1636,158,1.2,2.5,10.0
0.0,False,0.75,282.00000000000006,0.4927710843373494,1636,158,1.2,2.5,10.0
0.0,True,0.25,90.8,0.5072289156626506,1684,158,1.2,2.5,10.0
0.0,True,0.5,161.85,0.5072289156626506,1684,158,1.2,2.5,10.0
0.0,True,0.75,274.5250000000001,0.5072289156626506,1684,158,1.2,2.5,10.0
0.03,False,0.25,87.19999999999999,0.328030303030303,2165,158,1.2,2.5,10.0
0.03,False,0.5,153.2,0.328030303030303,2165,158,1.2,2.5,10.0
0.03,False,0.75,264.70000000000005,0.328030303030303,2165,158,1.2,2.5,10.0
0.03,True,0.25,90.44999999999999,0.671969696969697,4435,158,1.2,2.5,10.0
0.03,True,0.5,160.8,0.671969696969697,4435,158,1.2,2.5,10.0
0.03,True,0.75,266.55000000000007,0.671969696969697,4435,158,1.2,2.5,10.0
0.06,False,0.25,80.9,0.1881600475977986,1265,158,1.2,2.5,10.0
0.06,False,0.5,138.6,0.1881600475977986,1265,158,1.2,2.5,10.0
0.06,False,0.75,235.90000000000006,0.1881600475977986,1265,158,1.2,2.5,10.0
0.06,True,0.25,83.39999999999999,0.8118399524022014,5458,158,1.2,2.5,10.0
0.06,True,0.5,144.29999999999998,0.8118399524022014,5458,158,1.2,2.5,10.0
0.06,True,0.75,247.3,0.8118399524022014,5458,158,1.2,2.5,10.0
0.09,False,0.25,67.80000000000001,0.1024508406953548,719,158,1.2,2.5,10.0
0.09,False,0.5,113.89999999999998,0.1024508406953548,719,158,1.2,2.5,10.0
0.09,False,0.75,203.85000000000002,0.1024508406953548,719,158,1.2,2.5,10.0
0.09,True,0.25,75.2,0.8975491593046452,6299,158,1.2,2.5,10.0
0.09,True,0.5,125.69999999999997,0.8975491593046452,6299,158,1.2,2.5,10.0
0.09,True,0.75,203.0,0.8975491593046452,6299,158,1.2,2.5,10.0
0.12,False,0.25,66.99999999999999,0.05516941789748045,381,158,1.2,2.5,10.0
0.12,False,0.5,101.69999999999999,0.05516941789748045,381,158,1.2,2.5,10.0
0.12,False,0.75,170.60000000000002,0.05516941789748045,381,158,1.2,2.5,10.0
0.12,True,0.25,69.39999999999999,0.9448305821025196,6525,158,1.2,2.5,10.0
0.12,True,0.5,110.6,0.9448305821025196,6525,158,1.2,2.5,10.0
0.12,True,0.75,176.60000000000002,0.9448305821025196,6525,158,1.2,2.5,10.0
0.15,False,0.25,55.45,0.02400114975567692,167,158,1.2,2.5,10.0
0.15,False,0.5,88.5,0.02400114975567692,167,158,1.2,2.5,10.0
0.15,False,0.75,145.0,0.02400114975567692,167,158,1.2,2.5,10.0
0.15,True,0.25,63.199999999999996,0.9759988502443231,6791,158,1.2,2.5,10.0
0.15,True,0.5,95.8,0.9759988502443231,6791,158,1.2,2.5,10.0
0.15,True,0.75,149.75,0.9759988502443231,6791,158,1.2,2.5,10.0
0.0,False,0.25,92.19999999999999,0.4945717732207479,1640,163,1.2,2.5,10.0
0.0,False,0.5,165.2,0.4945717732207479,1640,163,1.2,2.5,10.0
0.0,False,0.75,268.35,0.4945717732207479,1640,163,1.2,2.5,10.0
0.0,True,0.25,90.75,0.5054282267792521,1676,163,1.2,2.5,10.0
0.0,True,0.5,161.0,0.5054282267792521,1676,163,1.2,2.5,10.0
0.0,True,0.75,274.6000000000001,0.5054282267792521,1676,163,1.2,2.5,10.0
0.03,False,0.25,89.8,0.3283987915407855,2174,163,1.2,2.5,10.0
0.03,False,0.5,158.34999999999997,0.3283987915407855,2174,163,1.2,2.5,10.0
0.03,False,0.75,269.67500000000007,0.3283987915407855,2174,163,1.2,2.5,10.0
0.03,True,0.25,91.52499999999999,0.6716012084592144,4446,163,1.2,2.5,10.0
0.03,True,0.5,158.45,0.6716012084592144,4446,163,1.2,2.5,10.0
0.03,True,0.75,268.1000000000001,0.6716012084592144,4446,163,1.2,2.5,10.0
0.06,False,0.25,80.3,0.19710534168904806,1321,163,1.2,2.5,10.0
0.06,False,0.5,138.79999999999998,0.19710534168904806,1321,163,1.2,2.5,10.0
0.06,False,0.75,234.10000000000002,0.19710534168904806,1321,163,1.2,2.5,10.0
0.06,True,0.25,84.1,0.802894658310952,5381,163,1.2,2.5,10.0
0.06,True,0.5,142.29999999999998,0.802894658310952,5381,163,1.2,2.5,10.0
0.06,True,0.75,239.10000000000002,0.802894658310952,5381,163,1.2,2.5,10.0
0.09,False,0.25,74.39999999999999,0.10128205128205128,711,163,1.2,2.5,10.0
0.09,False,0.5,118.29999999999998,0.10128205128205128,711,163,1.2,2.5,10.0
0.09,False,0.75,198.15,0.10128205128205128,711,163,1.2,2.5,10.0
0.09,True,0.25,78.39999999999999,0.8987179487179487,6309,163,1.2,2.5,10.0
0.09,True,0.5,127.69999999999997,0.8987179487179487,6309,163,1.2,2.5,10.0
0.09,True,0.75,211.30000000000004,0.8987179487179487,6309,163,1.2,2.5,10.0
0.12,False,0.25,71.625,0.05414796583176488,374,163,1.2,2.5,10.0
0.12,False,0.5,112.69999999999999,0.05414796583176488,374,163,1.2,2.5,10.0
0.12,False,0.75,172.20000000000002,0.05414796583176488,374,163,1.2,2.5,10.0
0.12,True,0.25,68.10000000000001,0.9458520341682352,6533,163,1.2,2.5,10.0
0.12,True,0.5,109.3,0.9458520341682352,6533,163,1.2,2.5,10.0
0.12,True,0.75,171.7,0.9458520341682352,6533,163,1.2,2.5,10.0
0.15,False,0.25,56.49999999999999,0.028879310344827585,201,163,1.2,2.5,10.0
0.15,False,0.5,84.59999999999998,0.028879310344827585,201,163,1.2,2.5,10.0
0.15,False,0.75,129.79999999999998,0.028879310344827585,201,163,1.2,2.5,10.0
0.15,True,0.25,64.9,0.9711206896551724,6759,163,1.2,2.5,10.0
0.15,True,0.5,97.69999999999997,0.9711206896551724,6759,163,1.2,2.5,10.0
0.15,True,0.75,152.14999999999998,0.9711206896551724,6759,163,1.2,2.5,10.0
0.0,False,0.25,88.59999999999998,0.5021058965102286,1669,164,1.2,2.5,10.0
0.0,False,0.5,155.79999999999998,0.5021058965102286,1669,164,1.2,2.5,10.0
0.0,False,0.75,272.90000000000003,0.5021058965102286,1669,164,1.2,2.5,10.0
0.0,True,0.25,92.55,0.49789410348977137,1655,164,1.2,2.5,10.0
0.0,True,0.5,162.99999999999997,0.49789410348977137,1655,164,1.2,2.5,10.0
0.0,True,0.75,280.75,0.49789410348977137,1655,164,1.2,2.5,10.0
0.03,False,0.25,85.39999999999999,0.3378133494412564,2237,164,1.2,2.5,10.0
0.03,False,0.5,153.1,0.3378133494412564,2237,164,1.2,2.5,10.0
0.03,False,0.75,266.6000000000001,0.3378133494412564,2237,164,1.2,2.5,10.0
0.03,True,0.25,90.8,0.6621866505587436,4385,164,1.2,2.5,10.0
0.03,True,0.5,160.39999999999998,0.6621866505587436,4385,164,1.2,2.5,10.0
0.03,True,0.75,270.20000000000005,0.6621866505587436,4385,164,1.2,2.5,10.0
0.06,False,0.25,85.3,0.19794459338695264,1329,164,1.2,2.5,10.0
0.06,False,0.5,142.4,0.19794459338695264,1329,164,1.2,2.5,10.0
0.06,False,0.75,250.10000000000005,0.19794459338695264,1329,164,1.2,2.5,10.0
0.06,True,0.25,85.19999999999999,0.8020554066130474,5385,164,1.2,2.5,10.0
0.06,True,0.5,145.7,0.8020554066130474,5385,164,1.2,2.5,10.0
0.06,True,0.75,248.50000000000003,0.8020554066130474,5385,164,1.2,2.5,10.0
0.09,False,0.25,78.975,0.10590747330960854,744,164,1.2,2.5,10.0
0.09,False,0.5,126.74999999999999,0.10590747330960854,744,164,1.2,2.5,10.0
0.09,False,0.75,214.92500000000004,0.10590747330960854,744,164,1.2,2.5,10.0
0.09,True,0.25,74.6,0.8940925266903914,6281,164,1.2,2.5,10.0
0.09,True,0.5,123.2,0.8940925266903914,6281,164,1.2,2.5,10.0
0.09,True,0.75,202.50000000000003,0.8940925266903914,6281,164,1.2,2.5,10.0
0.12,False,0.25,62.9,0.053431798436142486,369,164,1.2,2.5,10.0
0.12,False,0.5,101.6,0.053431798436142486,369,164,1.2,2.5,10.0
0.12,False,0.75,168.49999999999997,0.053431798436142486,369,164,1.2,2.5,10.0
0.12,True,0.25,68.69999999999999,0.9465682015638576,6537,164,1.2,2.5,10.0
0.12,True,0.5,110.6,0.9465682015638576,6537,164,1.2,2.5,10.0
0.12,True,0.75,176.09999999999997,0.9465682015638576,6537,164,1.2,2.5,10.0
0.15,False,0.25,54.69999999999999,0.027729885057471263,193,164,1.2,2.5,10.0
0.15,False,0.5,85.59999999999998,0.027729885057471263,193,164,1.2,2.5,10.0
0.15,False,0.75,141.4,0.027729885057471263,193,164,1.2,2.5,10.0
0.15,True,0.25,63.199999999999996,0.9722701149425287,6767,164,1.2,2.5,10.0
0.15,True,0.5,97.0,0.9722701149425287,6767,164,1.2,2.5,10.0
0.15,True,0.75,151.29999999999998,0.9722701149425287,6767,164,1.2,2.5,10.0
0.0,False,0.25,95.74999999999999,0.5003015681544029,1659,165,1.2,2.5,10.0
0.0,False,0.5,164.1,0.5003015681544029,1659,165,1.2,2.5,10.0
0.0,False,0.75,281.65,0.5003015681544029,1659,165,1.2,2.5,10.0
0.0,True,0.25,90.8,0.4996984318455971,1657,165,1.2,2.5,10.0
0.0,True,0.5,162.1,0.4996984318455971,1657,165,1.2,2.5,10.0
0.0,True,0.75,271.70000000000005,0.4996984318455971,1657,165,1.2,2.5,10.0
0.03,False,0.25,91.375,0.33121404783530123,2188,165,1.2,2.5,10.0
0.03,False,0.5,154.2,0.33121404783530123,2188,165,1.2,2.5,10.0
0.03,False,0.75,271.65000000000003,0.33121404783530123,2188,165,1.2,2.5,10.0
0.03,True,0.25,92.125,0.6687859521646987,4418,165,1.2,2.5,10.0
0.03,True,0.5,160.39999999999998,0.6687859521646987,4418,165,1.2,2.5,10.0
0.03,True,0.75,271.35,0.6687859521646987,4418,165,1.2,2.5,10.0
0.06,False,0.25,81.54999999999998,0.18791044776119403,1259,165,1.2,2.5,10.0
0.06,False,0.5,139.29999999999998,0.18791044776119403,1259,165,1.2,2.5,10.0
0.06,False,0.75,239.35000000000002,0.18791044776119403,1259,165,1.2,2.5,10.0
0.06,True,0.25,84.39999999999999,0.812089552238806,5441,165,1.2,2.5,10.0
0.06,True,0.5,143.79999999999998,0.812089552238806,5441,165,1.2,2.5,10.0
0.06,True,0.75,243.50000000000006,0.812089552238806,5441,165,1.2,2.5,10.0
0.09,False,0.25,73.12499999999999,0.10691375623663578,750,165,1.2,2.5,10.0
0.09,False,0.5,127.74999999999999,0.10691375623663578,750,165,1.2,2.5,10.0
0.09,False,0.75,208.05,0.10691375623663578,750,165,1.2,2.5,10.0
0.09,True,0.25,76.09999999999998,0.8930862437633642,6265,165,1.2,2.5,10.0
0.09,True,0.5,126.2,0.8930862437633642,6265,165,1.2,2.5,10.0
0.09,True,0.75,209.90000000000003,0.8930862437633642,6265,165,1.2,2.5,10.0
0.12,False,0.25,63.999999999999986,0.05314219519258616,367,165,1.2,2.5,10.0
0.12,False,0.5,103.00000000000001,0.05314219519258616,367,165,1.2,2.5,10.0
0.12,False,0.75,166.8,0.05314219519258616,367,165,1.2,2.5,10.0
0.12,True,0.25,70.8,0.9468578048074139,6539,165,1.2,2.5,10.0
0.12,True,0.5,110.79999999999998,0.9468578048074139,6539,165,1.2,2.5,10.0
0.12,True,0.75,177.85,0.9468578048074139,6539,165,1.2,2.5,10.0
0.15,False,0.25,58.7,0.028021267423480385,195,165,1.2,2.5,10.0
0.15,False,0.5,87.39999999999999,0.028021267423480385,195,165,1.2,2.5,10.0
0.15,False,0.75,143.54999999999998,0.028021267423480385,195,165,1.2,2.5,10.0
0.15,True,0.25,63.199999999999996,0.9719787325765196,6764,165,1.2,2.5,10.0
0.15,True,0.5,96.4,0.9719787325765196,6764,165,1.2,2.5,10.0
0.15,True,0.75,146.29999999999998,0.9719787325765196,6764,165,1.2,2.5,10.0
0.0,False,0.25,92.0,0.4889894419306184,1621,166,1.2,2.5,10.0
0.0,False,0.5,156.89999999999998,0.4889894419306184,1621,166,1.2,2.5,10.0
0.0,False,0.75,278.80000000000007,0.4889894419306184,1621,166,1.2,2.5,10.0
0.0,True,0.25,91.15,0.5110105580693816,1694,166,1.2,2.5,10.0
0.0,True,0.5,159.89999999999998,0.5110105580693816,1694,166,1.2,2.5,10.0
0.0,True,0.75,277.32500000000005,0.5110105580693816,1694,166,1.2,2.5,10.0
0.03,False,0.25,88.0,0.32738005146057214,2163,166,1.2,2.5,10.0
0.03,False,0.5,154.5,0.32738005146057214,2163,166,1.2,2.5,10.0
0.03,False,0.75,270.70000000000005,0.32738005146057214,2163,166,1.2,2.5,10.0
0.03,True,0.25,88.19999999999999,0.6726199485394279,4444,166,1.2,2.5,10.0
0.03,True,0.5,157.34999999999997,0.6726199485394279,4444,166,1.2,2.5,10.0
0.03,True,0.75,275.1,0.6726199485394279,4444,166,1.2,2.5,10.0
0.06,False,0.25,80.2,0.19071013845466725,1281,166,1.2,2.5,10.0
0.06,False,0.5,135.5,0.19071013845466725,1281,166,1.2,2.5,10.0
0.06,False,0.75,228.50000000000006,0.19071013845466725,1281,166,1.2,2.5,10.0
0.06,True,0.25,85.7,0.8092898615453328,5436,166,1.2,2.5,10.0
0.06,True,0.5,144.09999999999997,0.8092898615453328,5436,166,1.2,2.5,10.0
0.06,True,0.75,250.32500000000007,0.8092898615453328,5436,166,1.2,2.5,10.0
0.09,False,0.25,73.95,0.10317799629471285,724,166,1.2,2.5,10.0
0.09,False,0.5,123.1,0.10317799629471285,724,166,1.2,2.5,10.0
0.09,False,0.75,203.82500000000005,0.10317799629471285,724,166,1.2,2.5,10.0
0.09,True,0.25,75.49999999999999,0.8968220037052872,6293,166,1.2,2.5,10.0
0.09,True,0.5,126.0,0.8968220037052872,6293,166,1.2,2.5,10.0
0.09,True,0.75,208.8,0.8968220037052872,6293,166,1.2,2.5,10.0
0.12,False,0.25,60.19999999999999,0.05865314989138305,405,166,1.2,2.5,10.0
0.12,False,0.5,103.6,0.05865314989138305,405,166,1.2,2.5,10.0
0.12,False,0.75,164.89999999999998,0.05865314989138305,405,166,1.2,2.5,10.0
0.12,True,0.25,68.89999999999999,0.941346850108617,6500,166,1.2,2.5,10.0
0.12,True,0.5,110.6,0.941346850108617,6500,166,1.2,2.5,10.0
0.12,True,0.75,176.60000000000002,0.941346850108617,6500,166,1.2,2.5,10.0
0.15,False,0.25,61.599999999999994,0.029166666666666667,203,166,1.2,2.5,10.0
0.15,False,0.5,82.19999999999997,0.029166666666666667,203,166,1.2,2.5,10.0
0.15,False,0.75,126.6,0.029166666666666667,203,166,1.2,2.5,10.0
0.15,True,0.25,63.1,0.9708333333333333,6757,166,1.2,2.5,10.0
0.15,True,0.5,96.49999999999999,0.9708333333333333,6757,166,1.2,2.5,10.0
0.15,True,0.75,148.29999999999998,0.9708333333333333,6757,166,1.2,2.5,10.0
0.0,False,0.25,91.0,0.49321676213445886,1636,171,1.2,2.5,10.0
0.0,False,0.5,163.45,0.49321676213445886,1636,171,1.2,2.5,10.0
0.0,False,0.75,271.725,0.49321676213445886,1636,171,1.2,2.5,10.0
0.0,True,0.25,92.6,0.5067832378655411,1681,171,1.2,2.5,10.0
0.0,True,0.5,159.39999999999998,0.5067832378655411,1681,171,1.2,2.5,10.0
0.0,True,0.75,275.30000000000007,0.5067832378655411,1681,171,1.2,2.5,10.0
0.03,False,0.25,89.7,0.32441016333938294,2145,171,1.2,2.5,10.0
0.03,False,0.5,160.2,0.32441016333938294,2145,171,1.2,2.5,10.0
0.03,False,0.75,272.30000000000007,0.32441016333938294,2145,171,1.2,2.5,10.0
0.03,True,0.25,89.7,0.675589836660617,4467,171,1.2,2.5,10.0
0.03,True,0.5,152.29999999999998,0.675589836660617,4467,171,1.2,2.5,10.0
0.03,True,0.75,256.6,0.675589836660617,4467,171,1.2,2.5,10.0
0.06,False,0.25,84.52499999999998,0.1961893420660911,1318,171,1.2,2.5,10.0
0.06,False,0.5,142.95,0.1961893420660911,1318,171,1.2,2.5,10.0
0.06,False,0.75,244.32500000000002,0.1961893420660911,1318,171,1.2,2.5,10.0
0.06,True,0.25,83.9,0.8038106579339089,5400,171,1.2,2.5,10.0
0.06,True,0.5,142.64999999999998,0.8038106579339089,5400,171,1.2,2.5,10.0
0.06,True,0.75,244.32500000000005,0.8038106579339089,5400,171,1.2,2.5,10.0
0.09,False,0.25,72.64999999999999,0.10974914481185861,770,171,1.2,2.5,10.0
0.09,False,0.5,128.64999999999998,0.10974914481185861,770,171,1.2,2.5,10.0
0.09,False,0.75,209.55000000000004,0.10974914481185861,770,171,1.2,2.5,10.0
0.09,True,0.25,77.60000000000001,0.8902508551881414,6246,171,1.2,2.5,10.0
0.09,True,0.5,125.25,0.8902508551881414,6246,171,1.2,2.5,10.0
0.09,True,0.75,205.37500000000003,0.8902508551881414,6246,171,1.2,2.5,10.0
0.12,False,0.25,69.69999999999999,0.0610056513548761,421,171,1.2,2.5,10.0
0.12,False,0.5,107.5,0.0610056513548761,421,171,1.2,2.5,10.0
0.12,False,0.75,168.8,0.0610056513548761,421,171,1.2,2.5,10.0
0.12,True,0.25,69.2,0.9389943486451239,6480,171,1.2,2.5,10.0
0.12,True,0.5,109.39999999999998,0.9389943486451239,6480,171,1.2,2.5,10.0
0.12,True,0.75,176.02499999999998,0.9389943486451239,6480,171,1.2,2.5,10.0
0.15,False,0.25,66.29999999999998,0.026149425287356323,182,171,1.2,2.5,10.0
0.15,False,0.5,87.9,0.026149425287356323,182,171,1.2,2.5,10.0
0.15,False,0.75,147.35,0.026149425287356323,182,171,1.2,2.5,10.0
0.15,True,0.25,62.8,0.9738505747126437,6778,171,1.2,2.5,10.0
0.15,True,0.5,95.05,0.9738505747126437,6778,171,1.2,2.5,10.0
0.15,True,0.75,149.375,0.9738505747126437,6778,171,1.2,2.5,10.0
0.0,False,0.25,91.0,0.5031503150315032,1677,179,1.2,2.5,10.0
0.0,False,0.5,155.70000000000002,0.5031503150315032,1677,179,1.2,2.5,10.0
0.0,False,0.75,264.50000000000006,0.5031503150315032,1677,179,1.2,2.5,10.0
0.0,True,0.25,92.5,0.49684968496849685,1656,179,1.2,2.5,10.0
0.0,True,0.5,159.75,0.49684968496849685,1656,179,1.2,2.5,10.0
0.0,True,0.75,271.675,0.49684968496849685,1656,179,1.2,2.5,10.0
0.03,False,0.25,86.0,0.3296139927623643,2186,179,1.2,2.5,10.0
0.03,False,0.5,155.75,0.3296139927623643,2186,179,1.2,2.5,10.0
0.03,False,0.75,272.2750000000001,0.3296139927623643,2186,179,1.2,2.5,10.0
0.03,True,0.25,90.325,0.6703860072376358,4446,179,1.2,2.5,10.0
0.03,True,0.5,155.70000000000002,0.6703860072376358,4446,179,1.2,2.5,10.0
0.03,True,0.75,266.90000000000003,0.6703860072376358,4446,179,1.2,2.5,10.0
0.06,False,0.25,84.25,0.1914608747396608,1287,179,1.2,2.5,10.0
0.06,False,0.5,136.79999999999998,0.1914608747396608,1287,179,1.2,2.5,10.0
0.06,False,0.75,244.80000000000007,0.1914608747396608,1287,179,1.2,2.5,10.0
0.06,True,0.25,85.19999999999999,0.8085391252603392,5435,179,1.2,2.5,10.0
0.06,True,0.5,142.6,0.8085391252603392,5435,179,1.2,2.5,10.0
0.06,True,0.75,240.95000000000005,0.8085391252603392,5435,179,1.2,2.5,10.0
0.09,False,0.25,74.49999999999999,0.10666476787240102,749,179,1.2,2.5,10.0
0.09,False,0.5,118.69999999999999,0.10666476787240102,749,179,1.2,2.5,10.0
0.09,False,0.75,203.5,0.10666476787240102,749,179,1.2,2.5,10.0
0.09,True,0.25,76.39999999999999,0.893335232127599,6273,179,1.2,2.5,10.0
0.09,True,0.5,125.2,0.893335232127599,6273,179,1.2,2.5,10.0
0.09,True,0.75,202.00000000000003,0.893335232127599,6273,179,1.2,2.5,10.0
0.12,False,0.25,68.14999999999999,0.05429274648906906,375,179,1.2,2.5,10.0
0.12,False,0.5,105.69999999999999,0.05429274648906906,375,179,1.2,2.5,10.0
0.12,False,0.75,164.4,0.05429274648906906,375,179,1.2,2.5,10.0
0.12,True,0.25,68.875,0.945707253510931,6532,179,1.2,2.5,10.0
0.12,True,0.5,109.10000000000001,0.945707253510931,6532,179,1.2,2.5,10.0
0.12,True,0.75,176.09999999999997,0.945707253510931,6532,179,1.2,2.5,10.0
0.15,False,0.25,65.65,0.02802529462489221,195,179,1.2,2.5,10.0
0.15,False,0.5,94.49999999999999,0.02802529462489221,195,179,1.2,2.5,10.0
0.15,False,0.75,139.1,0.02802529462489221,195,179,1.2,2.5,10.0
0.15,True,0.25,61.9,0.9719747053751078,6763,179,1.2,2.5,10.0
0.15,True,0.5,94.49999999999999,0.9719747053751078,6763,179,1.2,2.5,10.0
0.15,True,0.75,147.4,0.9719747053751078,6763,179,1.2,2.5,10.0
0.0,False,0.25,87.17499999999998,0.49714113752633166,1652,180,1.2,2.5,10.0
0.0,False,0.5,157.39999999999998,0.49714113752633166,1652,180,1.2,2.5,10.0
0.0,False,0.75,273.25,0.49714113752633166,1652,180,1.2,2.5,10.0
0.0,True,0.25,95.44999999999999,0.5028588624736684,1671,180,1.2,2.5,10.0
0.0,True,0.5,161.6,0.5028588624736684,1671,180,1.2,2.5,10.0
0.0,True,0.75,277.65000000000003,0.5028588624736684,1671,180,1.2,2.5,10.0
0.03,False,0.25,88.9,0.3217312348668281,2126,180,1.2,2.5,10.0
0.03,False,0.5,152.89999999999998,0.3217312348668281,2126,180,1.2,2.5,10.0
0.03,False,0.75,260.8,0.3217312348668281,2126,180,1.2,2.5,10.0
0.03,True,0.25,87.725,0.6782687651331719,4482,180,1.2,2.5,10.0
0.03,True,0.5,153.6,0.6782687651331719,4482,180,1.2,2.5,10.0
0.03,True,0.75,266.85,0.6782687651331719,4482,180,1.2,2.5,10.0
0.06,False,0.25,83.39999999999999,0.2,1342,180,1.2,2.5,10.0
0.06,False,0.5,147.25,0.2,1342,180,1.2,2.5,10.0
0.06,False,0.75,246.40000000000003,0.2,1342,180,1.2,2.5,10.0
0.06,True,0.25,85.44999999999999,0.8,5368,180,1.2,2.5,10.0
0.06,True,0.5,141.84999999999997,0.8,5368,180,1.2,2.5,10.0
0.06,True,0.75,233.40000000000006,0.8,5368,180,1.2,2.5,10.0
0.09,False,0.25,71.875,0.10949529512403763,768,180,1.2,2.5,10.0
0.09,False,0.5,116.99999999999999,0.10949529512403763,768,180,1.2,2.5,10.0
0.09,False,0.75,205.95000000000005,0.10949529512403763,768,180,1.2,2.5,10.0
0.09,True,0.25,79.32499999999999,0.8905047048759623,6246,180,1.2,2.5,10.0
0.09,True,0.5,130.5,0.8905047048759623,6246,180,1.2,2.5,10.0
0.09,True,0.75,213.50000000000003,0.8905047048759623,6246,180,1.2,2.5,10.0
0.12,False,0.25,65.5,0.05937726285300507,410,180,1.2,2.5,10.0
0.12,False,0.5,106.10000000000001,0.05937726285300507,410,180,1.2,2.5,10.0
0.12,False,0.75,176.47500000000002,0.05937726285300507,410,180,1.2,2.5,10.0
0.12,True,0.25,69.6,0.940622737146995,6495,180,1.2,2.5,10.0
0.12,True,0.5,110.10000000000001,0.940622737146995,6495,180,1.2,2.5,10.0
0.12,True,0.75,173.64999999999998,0.940622737146995,6495,180,1.2,2.5,10.0
0.15,False,0.25,57.45000000000001,0.02988935191837908,208,180,1.2,2.5,10.0
0.15,False,0.5,90.49999999999999,0.02988935191837908,208,180,1.2,2.5,10.0
0.15,False,0.75,137.64999999999998,0.02988935191837908,208,180,1.2,2.5,10.0
0.15,True,0.25,62.999999999999986,0.970110648081621,6751,180,1.2,2.5,10.0
0.15,True,0.5,97.29999999999998,0.970110648081621,6751,180,1.2,2.5,10.0
0.15,True,0.75,151.45,0.970110648081621,6751,180,1.2,2.5,10.0
0.0,False,0.25,91.325,0.4956443376389306,1650,181,1.2,2.5,10.0
0.0,False,0.5,162.55,0.4956443376389306,1650,181,1.2,2.5,10.0
0.0,False,0.75,278.7750000000001,0.4956443376389306,1650,181,1.2,2.5,10.0
0.0,True,0.25,94.5,0.5043556623610694,1679,181,1.2,2.5,10.0
0.0,True,0.5,164.39999999999998,0.5043556623610694,1679,181,1.2,2.5,10.0
0.0,True,0.75,277.1,0.5043556623610694,1679,181,1.2,2.5,10.0
0.03,False,0.25,88.7,0.32157990314769974,2125,181,1.2,2.5,10.0
0.03,False,0.5,155.79999999999998,0.32157990314769974,2125,181,1.2,2.5,10.0
0.03,False,0.75,259.40000000000003,0.32157990314769974,2125,181,1.2,2.5,10.0
0.03,True,0.25,91.39999999999999,0.6784200968523002,4483,181,1.2,2.5,10.0
0.03,True,0.5,157.2,0.6784200968523002,4483,181,1.2,2.5,10.0
0.03,True,0.75,264.90000000000003,0.6784200968523002,4483,181,1.2,2.5,10.0
0.06,False,0.25,84.35,0.20375894988066826,1366,181,1.2,2.5,10.0
0.06,False,0.5,145.7,0.20375894988066826,1366,181,1.2,2.5,10.0
0.06,False,0.75,241.70000000000002,0.20375894988066826,1366,181,1.2,2.5,10.0
0.06,True,0.25,84.7,0.7962410501193318,5338,181,1.2,2.5,10.0
0.06,True,0.5,141.2,0.7962410501193318,5338,181,1.2,2.5,10.0
0.06,True,0.75,241.00000000000003,0.7962410501193318,5338,181,1.2,2.5,10.0
0.09,False,0.25,73.07499999999999,0.10072556551429791,708,181,1.2,2.5,10.0
0.09,False,0.5,120.25,0.10072556551429791,708,181,1.2,2.5,10.0
0.09,False,0.75,195.625,0.10072556551429791,708,181,1.2,2.5,10.0
0.09,True,0.25,78.60000000000001,0.8992744344857021,6321,181,1.2,2.5,10.0
0.09,True,0.5,128.6,0.8992744344857021,6321,181,1.2,2.5,10.0
0.09,True,0.75,207.6,0.8992744344857021,6321,181,1.2,2.5,10.0
0.12,False,0.25,64.35,0.05486392588303416,379,181,1.2,2.5,10.0
0.12,False,0.5,98.49999999999999,0.05486392588303416,379,181,1.2,2.5,10.0
0.12,False,0.75,168.55,0.05486392588303416,379,181,1.2,2.5,10.0
0.12,True,0.25,69.6,0.9451360741169659,6529,181,1.2,2.5,10.0
0.12,True,0.5,108.89999999999999,0.9451360741169659,6529,181,1.2,2.5,10.0
0.12,True,0.75,174.09999999999997,0.9451360741169659,6529,181,1.2,2.5,10.0
0.15,False,0.25,60.099999999999994,0.029166666666666667,203,181,1.2,2.5,10.0
0.15,False,0.5,90.8,0.029166666666666667,203,181,1.2,2.5,10.0
0.15,False,0.75,160.8,0.029166666666666667,203,181,1.2,2.5,10.0
0.15,True,0.25,64.10000000000001,0.9708333333333333,6757,181,1.2,2.5,10.0
0.15,True,0.5,97.29999999999998,0.9708333333333333,6757,181,1.2,2.5,10.0
0.15,True,0.75,150.0,0.9708333333333333,6757,181,1.2,2.5,10.0
0.0,False,0.25,89.14999999999999,0.48142600359496707,1607,190,1.2,2.5,10.0
0.0,False,0.5,159.1,0.48142600359496707,1607,190,1.2,2.5,10.0
0.0,False,0.75,281.3,0.48142600359496707,1607,190,1.2,2.5,10.0
0.0,True,0.25,93.6,0.518573996405033,1731,190,1.2,2.5,10.0
0.0,True,0.5,163.2,0.518573996405033,1731,190,1.2,2.5,10.0
0.0,True,0.75,272.40000000000003,0.518573996405033,1731,190,1.2,2.5,10.0
0.03,False,0.25,91.8,0.3279235552859093,2162,190,1.2,2.5,10.0
0.03,False,0.5,156.34999999999997,0.3279235552859093,2162,190,1.2,2.5,10.0
0.03,False,0.75,270.90000000000003,0.3279235552859093,2162,190,1.2,2.5,10.0
0.03,True,0.25,90.14999999999999,0.6720764447140907,4431,190,1.2,2.5,10.0
0.03,True,0.5,158.6,0.6720764447140907,4431,190,1.2,2.5,10.0
0.03,True,0.75,267.20000000000005,0.6720764447140907,4431,190,1.2,2.5,10.0
0.06,False,0.25,81.52499999999998,0.1936923534662303,1302,190,1.2,2.5,10.0
0.06,False,0.5,145.89999999999998,0.1936923534662303,1302,190,1.2,2.5,10.0
0.06,False,0.75,246.65000000000003,0.1936923534662303,1302,190,1.2,2.5,10.0
0.06,True,0.25,83.375,0.8063076465337697,5420,190,1.2,2.5,10.0
0.06,True,0.5,143.64999999999998,0.8063076465337697,5420,190,1.2,2.5,10.0
0.06,True,0.75,246.675,0.8063076465337697,5420,190,1.2,2.5,10.0
0.09,False,0.25,72.77499999999999,0.10568295114656032,742,190,1.2,2.5,10.0
0.09,False,0.5,119.99999999999997,0.10568295114656032,742,190,1.2,2.5,10.0
0.09,False,0.75,202.00000000000003,0.10568295114656032,742,190,1.2,2.5,10.0
0.09,True,0.25,75.69999999999999,0.8943170488534397,6279,190,1.2,2.5,10.0
0.09,True,0.5,126.1,0.8943170488534397,6279,190,1.2,2.5,10.0
0.09,True,0.75,206.95000000000005,0.8943170488534397,6279,190,1.2,2.5,10.0
0.12,False,0.25,66.5,0.05805704357897785,401,190,1.2,2.5,10.0
0.12,False,0.5,107.19999999999999,0.05805704357897785,401,190,1.2,2.5,10.0
0.12,False,0.75,171.29999999999998,0.05805704357897785,401,190,1.2,2.5,10.0
0.12,True,0.25,70.89999999999999,0.9419429564210221,6506,190,1.2,2.5,10.0
0.12,True,0.5,110.5,0.9419429564210221,6506,190,1.2,2.5,10.0
0.12,True,0.75,175.8,0.9419429564210221,6506,190,1.2,2.5,10.0
0.15,False,0.25,56.00000000000001,0.031182641184078173,217,190,1.2,2.5,10.0
0.15,False,0.5,95.1,0.031182641184078173,217,190,1.2,2.5,10.0
0.15,False,0.75,157.2,0.031182641184078173,217,190,1.2,2.5,10.0
0.15,True,0.25,61.39999999999999,0.9688173588159218,6742,190,1.2,2.5,10.0
0.15,True,0.5,94.29999999999998,0.9688173588159218,6742,190,1.2,2.5,10.0
0.15,True,0.75,146.67499999999998,0.9688173588159218,6742,190,1.2,2.5,10.0
0.0,False,0.25,92.75,0.49820359281437127,1664,204,1.2,2.5,10.0
0.0,False,0.5,165.89999999999998,0.49820359281437127,1664,204,1.2,2.5,10.0
0.0,False,0.75,287.45000000000005,0.49820359281437127,1664,204,1.2,2.5,10.0
0.0,True,0.25,90.275,0.5017964071856288,1676,204,1.2,2.5,10.0
0.0,True,0.5,157.25,0.5017964071856288,1676,204,1.2,2.5,10.0
0.0,True,0.75,279.35,0.5017964071856288,1676,204,1.2,2.5,10.0
0.03,False,0.25,86.19999999999999,0.32742424242424245,2161,204,1.2,2.5,10.0
0.03,False,0.5,150.79999999999998,0.32742424242424245,2161,204,1.2,2.5,10.0
0.03,False,0.75,264.8,0.32742424242424245,2161,204,1.2,2.5,10.0
0.03,True,0.25,90.8,0.6725757575757576,4439,204,1.2,2.5,10.0
0.03,True,0.5,158.89999999999998,0.6725757575757576,4439,204,1.2,2.5,10.0
0.03,True,0.75,270.85,0.6725757575757576,4439,204,1.2,2.5,10.0
0.06,False,0.25,82.3,0.19030627415997622,1280,204,1.2,2.5,10.0
0.06,False,0.5,144.2,0.19030627415997622,1280,204,1.2,2.5,10.0
0.06,False,0.75,239.90000000000003,0.19030627415997622,1280,204,1.2,2.5,10.0
0.06,True,0.25,84.3,0.8096937258400237,5446,204,1.2,2.5,10.0
0.06,True,0.5,144.85,0.8096937258400237,5446,204,1.2,2.5,10.0
0.06,True,0.75,244.67500000000004,0.8096937258400237,5446,204,1.2,2.5,10.0
0.09,False,0.25,73.6,0.10537573078568373,739,204,1.2,2.5,10.0
0.09,False,0.5,124.1,0.10537573078568373,739,204,1.2,2.5,10.0
0.09,False,0.75,196.4,0.10537573078568373,739,204,1.2,2.5,10.0
0.09,True,0.25,77.69999999999999,0.8946242692143163,6274,204,1.2,2.5,10.0
0.09,True,0.5,126.84999999999998,0.8946242692143163,6274,204,1.2,2.5,10.0
0.09,True,0.75,205.67500000000004,0.8946242692143163,6274,204,1.2,2.5,10.0
0.12,False,0.25,64.17500000000001,0.054742939898624186,378,204,1.2,2.5,10.0
0.12,False,0.5,107.14999999999999,0.054742939898624186,378,204,1.2,2.5,10.0
0.12,False,0.75,165.67499999999998,0.054742939898624186,378,204,1.2,2.5,10.0
0.12,True,0.25,67.6,0.9452570601013758,6527,204,1.2,2.5,10.0
0.12,True,0.5,106.1,0.9452570601013758,6527,204,1.2,2.5,10.0
0.12,True,0.75,170.49999999999997,0.9452570601013758,6527,204,1.2,2.5,10.0
0.15,False,0.25,57.00000000000001,0.029454022988505746,205,204,1.2,2.5,10.0
0.15,False,0.5,85.59999999999998,0.029454022988505746,205,204,1.2,2.5,10.0
0.15,False,0.75,127.1,0.029454022988505746,205,204,1.2,2.5,10.0
0.15,True,0.25,62.8,0.9705459770114943,6755,204,1.2,2.5,10.0
0.15,True,0.5,96.19999999999999,0.9705459770114943,6755,204,1.2,2.5,10.0
0.15,True,0.75,149.84999999999997,0.9705459770114943,6755,204,1.2,2.5,10.0
0.0,False,0.25,87.77499999999999,0.48942598187311176,1620,207,1.2,2.5,10.0
0.0,False,0.5,164.35,0.48942598187311176,1620,207,1.2,2.5,10.0
0.0,False,0.75,284.70000000000005,0.48942598187311176,1620,207,1.2,2.5,10.0
0.0,True,0.25,87.725,0.5105740181268882,1690,207,1.2,2.5,10.0
0.0,True,0.5,161.89999999999998,0.5105740181268882,1690,207,1.2,2.5,10.0
0.0,True,0.75,278.225,0.5105740181268882,1690,207,1.2,2.5,10.0
0.03,False,0.25,88.3,0.3327286470143613,2201,207,1.2,2.5,10.0
0.03,False,0.5,156.5,0.3327286470143613,2201,207,1.2,2.5,10.0
0.03,False,0.75,260.90000000000003,0.3327286470143613,2201,207,1.2,2.5,10.0
0.03,True,0.25,90.19999999999999,0.6672713529856387,4414,207,1.2,2.5,10.0
0.03,True,0.5,156.29999999999998,0.6672713529856387,4414,207,1.2,2.5,10.0
0.03,True,0.75,276.05000000000007,0.6672713529856387,4414,207,1.2,2.5,10.0
0.06,False,0.25,82.49999999999999,0.1868671828469327,1255,207,1.2,2.5,10.0
0.06,False,0.5,140.29999999999998,0.1868671828469327,1255,207,1.2,2.5,10.0
0.06,False,0.75,243.90000000000003,0.1868671828469327,1255,207,1.2,2.5,10.0
0.06,True,0.25,85.49999999999999,0.8131328171530673,5461,207,1.2,2.5,10.0
0.06,True,0.5,143.89999999999998,0.8131328171530673,5461,207,1.2,2.5,10.0
0.06,True,0.75,239.70000000000002,0.8131328171530673,5461,207,1.2,2.5,10.0
0.09,False,0.25,73.04999999999998,0.10363506771204561,727,207,1.2,2.5,10.0
0.09,False,0.5,122.89999999999998,0.10363506771204561,727,207,1.2,2.5,10.0
0.09,False,0.75,199.35000000000002,0.10363506771204561,727,207,1.2,2.5,10.0
0.09,True,0.25,76.67499999999998,0.8963649322879543,6288,207,1.2,2.5,10.0
0.09,True,0.5,124.8,0.8963649322879543,6288,207,1.2,2.5,10.0
0.09,True,0.75,209.60000000000002,0.8963649322879543,6288,207,1.2,2.5,10.0
0.12,False,0.25,61.59999999999999,0.05516143043289416,381,207,1.2,2.5,10.0
0.12,False,0.5,97.29999999999998,0.05516143043289416,381,207,1.2,2.5,10.0
0.12,False,0.75,156.99999999999997,0.05516143043289416,381,207,1.2,2.5,10.0
0.12,True,0.25,70.6,0.9448385695671059,6526,207,1.2,2.5,10.0
0.12,True,0.5,109.6,0.9448385695671059,6526,207,1.2,2.5,10.0
0.12,True,0.75,175.775,0.9448385695671059,6526,207,1.2,2.5,10.0
0.15,False,0.25,61.39999999999999,0.027729885057471263,193,207,1.2,2.5,10.0
0.15,False,0.5,87.1,0.027729885057471263,193,207,1.2,2.5,10.0
0.15,False,0.75,145.4,0.027729885057471263,193,207,1.2,2.5,10.0
0.15,True,0.25,63.5,0.9722701149425287,6767,207,1.2,2.5,10.0
0.15,True,0.5,96.1,0.9722701149425287,6767,207,1.2,2.5,10.0
0.15,True,0.75,147.05,0.9722701149425287,6767,207,1.2,2.5,10.0
0.0,False,0.25,89.7,0.49864743011722273,1659,209,1.2,2.5,10.0
0.0,False,0.5,159.2,0.49864743011722273,1659,209,1.2,2.5,10.0
0.0,False,0.75,272.90000000000003,0.49864743011722273,1659,209,1.2,2.5,10.0
0.0,True,0.25,93.35,0.5013525698827773,1668,209,1.2,2.5,10.0
0.0,True,0.5,167.35,0.5013525698827773,1668,209,1.2,2.5,10.0
0.0,True,0.75,289.07500000000005,0.5013525698827773,1668,209,1.2,2.5,10.0
0.03,False,0.25,89.62499999999999,0.31977094635322484,2122,209,1.2,2.5,10.0
0.03,False,0.5,156.25,0.31977094635322484,2122,209,1.2,2.5,10.0
0.03,False,0.75,265.15000000000003,0.31977094635322484,2122,209,1.2,2.5,10.0
0.03,True,0.25,90.125,0.6802290536467752,4514,209,1.2,2.5,10.0
0.03,True,0.5,159.8,0.6802290536467752,4514,209,1.2,2.5,10.0
0.03,True,0.75,270.80000000000007,0.6802290536467752,4514,209,1.2,2.5,10.0
0.06,False,0.25,81.19999999999999,0.18451228592702903,1239,209,1.2,2.5,10.0
0.06,False,0.5,139.09999999999997,0.18451228592702903,1239,209,1.2,2.5,10.0
0.06,False,0.75,232.30000000000007,0.18451228592702903,1239,209,1.2,2.5,10.0
0.06,True,0.25,83.07499999999999,0.8154877140729709,5476,209,1.2,2.5,10.0
0.06,True,0.5,142.75,0.8154877140729709,5476,209,1.2,2.5,10.0
0.06,True,0.75,241.55000000000004,0.8154877140729709,5476,209,1.2,2.5,10.0
0.09,False,0.25,75.0,0.1074886104783599,755,209,1.2,2.5,10.0
0.09,False,0.5,122.89999999999998,0.1074886104783599,755,209,1.2,2.5,10.0
0.09,False,0.75,207.15000000000003,0.1074886104783599,755,209,1.2,2.5,10.0
0.09,True,0.25,75.69999999999999,0.8925113895216401,6269,209,1.2,2.5,10.0
0.09,True,0.5,124.69999999999999,0.8925113895216401,6269,209,1.2,2.5,10.0
0.09,True,0.75,207.90000000000003,0.8925113895216401,6269,209,1.2,2.5,10.0
0.12,False,0.25,67.3,0.05675401766324019,392,209,1.2,2.5,10.0
0.12,False,0.5,105.35,0.05675401766324019,392,209,1.2,2.5,10.0
0.12,False,0.75,180.9,0.05675401766324019,392,209,1.2,2.5,10.0
0.12,True,0.25,68.2,0.9432459823367598,6515,209,1.2,2.5,10.0
0.12,True,0.5,109.39999999999998,0.9432459823367598,6515,209,1.2,2.5,10.0
0.12,True,0.75,174.70000000000002,0.9432459823367598,6515,209,1.2,2.5,10.0
0.15,False,0.25,57.375,0.026149425287356323,182,209,1.2,2.5,10.0
0.15,False,0.5,84.80000000000001,0.026149425287356323,182,209,1.2,2.5,10.0
0.15,False,0.75,145.5,0.026149425287356323,182,209,1.2,2.5,10.0
0.15,True,0.25,61.9,0.9738505747126437,6778,209,1.2,2.5,10.0
0.15,True,0.5,95.0,0.9738505747126437,6778,209,1.2,2.5,10.0
0.15,True,0.75,148.1,0.9738505747126437,6778,209,1.2,2.5,10.0
0.0,False,0.25,91.19999999999999,0.516061242870009,1719,211,1.2,2.5,10.0
0.0,False,0.5,162.99999999999997,0.516061242870009,1719,211,1.2,2.5,10.0
0.0,False,0.75,276.30000000000007,0.516061242870009,1719,211,1.2,2.5,10.0
0.0,True,0.25,84.375,0.483938757129991,1612,211,1.2,2.5,10.0
0.0,True,0.5,159.04999999999998,0.483938757129991,1612,211,1.2,2.5,10.0
0.0,True,0.75,280.07500000000005,0.483938757129991,1612,211,1.2,2.5,10.0
0.03,False,0.25,89.80000000000001,0.3296021781878687,2179,211,1.2,2.5,10.0
0.03,False,0.5,159.6,0.3296021781878687,2179,211,1.2,2.5,10.0
0.03,False,0.75,271.6,0.3296021781878687,2179,211,1.2,2.5,10.0
0.03,True,0.25,89.9,0.6703978218121313,4432,211,1.2,2.5,10.0
0.03,True,0.5,156.70000000000002,0.6703978218121313,4432,211,1.2,2.5,10.0
0.03,True,0.75,264.30000000000007,0.6703978218121313,4432,211,1.2,2.5,10.0
0.06,False,0.25,78.0,0.19011463450945362,1277,211,1.2,2.5,10.0
0.06,False,0.5,141.0,0.19011463450945362,1277,211,1.2,2.5,10.0
0.06,False,0.75,243.70000000000002,0.19011463450945362,1277,211,1.2,2.5,10.0
0.06,True,0.25,81.975,0.8098853654905463,5440,211,1.2,2.5,10.0
0.06,True,0.5,139.6,0.8098853654905463,5440,211,1.2,2.5,10.0
0.06,True,0.75,235.42500000000007,0.8098853654905463,5440,211,1.2,2.5,10.0
0.09,False,0.25,69.89999999999999,0.10460967603824747,733,211,1.2,2.5,10.0
0.09,False,0.5,112.99999999999999,0.10460967603824747,733,211,1.2,2.5,10.0
0.09,False,0.75,188.5,0.10460967603824747,733,211,1.2,2.5,10.0
0.09,True,0.25,76.09999999999998,0.8953903239617526,6274,211,1.2,2.5,10.0
0.09,True,0.5,126.5,0.8953903239617526,6274,211,1.2,2.5,10.0
0.09,True,0.75,209.37500000000003,0.8953903239617526,6274,211,1.2,2.5,10.0
0.12,False,0.25,65.8,0.055756698044895005,385,211,1.2,2.5,10.0
0.12,False,0.5,101.2,0.055756698044895005,385,211,1.2,2.5,10.0
0.12,False,0.75,175.00000000000003,0.055756698044895005,385,211,1.2,2.5,10.0
0.12,True,0.25,68.3,0.944243301955105,6520,211,1.2,2.5,10.0
0.12,True,0.5,108.74999999999999,0.944243301955105,6520,211,1.2,2.5,10.0
0.12,True,0.75,174.925,0.944243301955105,6520,211,1.2,2.5,10.0
0.15,False,0.25,59.59999999999999,0.029022988505747128,202,211,1.2,2.5,10.0
0.15,False,0.5,93.6,0.029022988505747128,202,211,1.2,2.5,10.0
0.15,False,0.75,148.475,0.029022988505747128,202,211,1.2,2.5,10.0
0.15,True,0.25,61.699999999999996,0.9709770114942529,6758,211,1.2,2.5,10.0
0.15,True,0.5,95.1,0.9709770114942529,6758,211,1.2,2.5,10.0
0.15,True,0.75,148.075,0.9709770114942529,6758,211,1.2,2.5,10.0
0.0,False,0.25,92.30000000000001,0.5031674208144796,1668,220,1.2,2.5,10.0
0.0,False,0.5,162.14999999999998,0.5031674208144796,1668,220,1.2,2.5,10.0
0.0,False,0.75,275.07500000000005,0.5031674208144796,1668,220,1.2,2.5,10.0
0.0,True,0.25,96.49999999999999,0.4968325791855204,1647,220,1.2,2.5,10.0
0.0,True,0.5,165.7,0.4968325791855204,1647,220,1.2,2.5,10.0
0.0,True,0.75,286.20000000000005,0.4968325791855204,1647,220,1.2,2.5,10.0
0.03,False,0.25,90.22500000000001,0.3332329014763483,2212,220,1.2,2.5,10.0
0.03,False,0.5,157.55,0.3332329014763483,2212,220,1.2,2.5,10.0
0.03,False,0.75,270.6500000000001,0.3332329014763483,2212,220,1.2,2.5,10.0
0.03,True,0.25,89.5,0.6667670985236517,4426,220,1.2,2.5,10.0
0.03,True,0.5,156.89999999999998,0.6667670985236517,4426,220,1.2,2.5,10.0
0.03,True,0.75,264.45000000000005,0.6667670985236517,4426,220,1.2,2.5,10.0
0.06,False,0.25,82.69999999999999,0.18050595238095238,1213,220,1.2,2.5,10.0
0.06,False,0.5,139.7,0.18050595238095238,1213,220,1.2,2.5,10.0
0.06,False,0.75,228.10000000000005,0.18050595238095238,1213,220,1.2,2.5,10.0
0.06,True,0.25,84.49999999999999,0.8194940476190476,5507,220,1.2,2.5,10.0
0.06,True,0.5,142.09999999999997,0.8194940476190476,5507,220,1.2,2.5,10.0
0.06,True,0.75,236.75000000000006,0.8194940476190476,5507,220,1.2,2.5,10.0
0.09,False,0.25,69.975,0.09743589743589744,684,220,1.2,2.5,10.0
0.09,False,0.5,119.79999999999998,0.09743589743589744,684,220,1.2,2.5,10.0
0.09,False,0.75,192.25,0.09743589743589744,684,220,1.2,2.5,10.0
0.09,True,0.25,74.49999999999999,0.9025641025641026,6336,220,1.2,2.5,10.0
0.09,True,0.5,123.39999999999999,0.9025641025641026,6336,220,1.2,2.5,10.0
0.09,True,0.75,206.62500000000003,0.9025641025641026,6336,220,1.2,2.5,10.0
0.12,False,0.25,63.3,0.052562988705473504,363,220,1.2,2.5,10.0
0.12,False,0.5,99.2,0.052562988705473504,363,220,1.2,2.5,10.0
0.12,False,0.75,168.0,0.052562988705473504,363,220,1.2,2.5,10.0
0.12,True,0.25,68.94999999999999,0.9474370112945265,6543,220,1.2,2.5,10.0
0.12,True,0.5,107.5,0.9474370112945265,6543,220,1.2,2.5,10.0
0.12,True,0.75,173.75,0.9474370112945265,6543,220,1.2,2.5,10.0
0.15,False,0.25,64.05000000000001,0.026436781609195402,184,220,1.2,2.5,10.0
0.15,False,0.5,99.55,0.026436781609195402,184,220,1.2,2.5,10.0
0.15,False,0.75,146.225,0.026436781609195402,184,220,1.2,2.5,10.0
0.15,True,0.25,63.199999999999996,0.9735632183908046,6776,220,1.2,2.5,10.0
0.15,True,0.5,96.0,0.9735632183908046,6776,220,1.2,2.5,10.0
0.15,True,0.75,146.02499999999998,0.9735632183908046,6776,220,1.2,2.5,10.0
0.0,False,0.25,93.35,0.49698976520168575,1651,221,1.2,2.5,10.0
0.0,False,0.5,163.8,0.49698976520168575,1651,221,1.2,2.5,10.0
0.0,False,0.75,282.25000000000006,0.49698976520168575,1651,221,1.2,2.5,10.0
0.0,True,0.25,96.05,0.5030102347983143,1671,221,1.2,2.5,10.0
0.0,True,0.5,165.99999999999997,0.5030102347983143,1671,221,1.2,2.5,10.0
0.0,True,0.75,281.2,0.5030102347983143,1671,221,1.2,2.5,10.0
0.03,False,0.25,89.5,0.343267776096823,2269,221,1.2,2.5,10.0
0.03,False,0.5,156.70000000000002,0.343267776096823,2269,221,1.2,2.5,10.0
0.03,False,0.75,266.20000000000005,0.343267776096823,2269,221,1.2,2.5,10.0
0.03,True,0.25,93.0,0.656732223903177,4341,221,1.2,2.5,10.0
0.03,True,0.5,161.99999999999997,0.656732223903177,4341,221,1.2,2.5,10.0
0.03,True,0.75,274.80000000000007,0.656732223903177,4341,221,1.2,2.5,10.0
0.06,False,0.25,77.42499999999998,0.18905620992992395,1268,221,1.2,2.5,10.0
0.06,False,0.5,138.2,0.18905620992992395,1268,221,1.2,2.5,10.0
0.06,False,0.75,251.97500000000002,0.18905620992992395,1268,221,1.2,2.5,10.0
0.06,True,0.25,84.1,0.810943790070076,5439,221,1.2,2.5,10.0
0.06,True,0.5,143.2,0.810943790070076,5439,221,1.2,2.5,10.0
0.06,True,0.75,242.10000000000002,0.810943790070076,5439,221,1.2,2.5,10.0
0.09,False,0.25,70.69999999999999,0.10495585303332385,737,221,1.2,2.5,10.0
0.09,False,0.5,115.39999999999999,0.10495585303332385,737,221,1.2,2.5,10.0
0.09,False,0.75,188.9,0.10495585303332385,737,221,1.2,2.5,10.0
0.09,True,0.25,77.0,0.8950441469666761,6285,221,1.2,2.5,10.0
0.09,True,0.5,125.5,0.8950441469666761,6285,221,1.2,2.5,10.0
0.09,True,0.75,208.70000000000002,0.8950441469666761,6285,221,1.2,2.5,10.0
0.12,False,0.25,66.39999999999999,0.06270818247646633,433,221,1.2,2.5,10.0
0.12,False,0.5,98.6,0.06270818247646633,433,221,1.2,2.5,10.0
0.12,False,0.75,169.09999999999997,0.06270818247646633,433,221,1.2,2.5,10.0
0.12,True,0.25,68.8,0.9372918175235336,6472,221,1.2,2.5,10.0
0.12,True,0.5,108.99999999999999,0.9372918175235336,6472,221,1.2,2.5,10.0
0.12,True,0.75,177.225,0.9372918175235336,6472,221,1.2,2.5,10.0
0.15,False,0.25,59.69999999999999,0.030320448340278777,211,221,1.2,2.5,10.0
0.15,False,0.5,89.59999999999998,0.030320448340278777,211,221,1.2,2.5,10.0
0.15,False,0.75,133.3,0.030320448340278777,211,221,1.2,2.5,10.0
0.15,True,0.25,62.37499999999999,0.9696795516597212,6748,221,1.2,2.5,10.0
0.15,True,0.5,95.1,0.9696795516597212,6748,221,1.2,2.5,10.0
0.15,True,0.75,146.79999999999998,0.9696795516597212,6748,221,1.2,2.5,10.0
0.0,False,0.25,89.8,0.5031597953656335,1672,223,1.2,2.5,10.0
0.0,False,0.5,161.75,0.5031597953656335,1672,223,1.2,2.5,10.0
0.0,False,0.75,263.70000000000005,0.5031597953656335,1672,223,1.2,2.5,10.0
0.0,True,0.25,92.1,0.4968402046343665,1651,223,1.2,2.5,10.0
0.0,True,0.5,161.3,0.4968402046343665,1651,223,1.2,2.5,10.0
0.0,True,0.75,274.85,0.4968402046343665,1651,223,1.2,2.5,10.0
0.03,False,0.25,85.125,0.3273495248152059,2170,223,1.2,2.5,10.0
0.03,False,0.5,149.60000000000002,0.3273495248152059,2170,223,1.2,2.5,10.0
0.03,False,0.75,266.07500000000005,0.3273495248152059,2170,223,1.2,2.5,10.0
0.03,True,0.25,88.9,0.672650475184794,4459,223,1.2,2.5,10.0
0.03,True,0.5,153.79999999999998,0.672650475184794,4459,223,1.2,2.5,10.0
0.03,True,0.75,264.25,0.672650475184794,4459,223,1.2,2.5,10.0
0.06,False,0.25,78.1,0.1896680065505434,1274,223,1.2,2.5,10.0
0.06,False,0.5,134.55,0.1896680065505434,1274,223,1.2,2.5,10.0
0.06,False,0.75,223.77500000000003,0.1896680065505434,1274,223,1.2,2.5,10.0
0.06,True,0.25,83.54999999999998,0.8103319934494566,5443,223,1.2,2.5,10.0
0.06,True,0.5,142.6,0.8103319934494566,5443,223,1.2,2.5,10.0
0.06,True,0.75,237.60000000000002,0.8103319934494566,5443,223,1.2,2.5,10.0
0.09,False,0.25,75.7,0.10799658508821855,759,223,1.2,2.5,10.0
0.09,False,0.5,127.99999999999997,0.10799658508821855,759,223,1.2,2.5,10.0
0.09,False,0.75,216.20000000000005,0.10799658508821855,759,223,1.2,2.5,10.0
0.09,True,0.25,76.89999999999999,0.8920034149117815,6269,223,1.2,2.5,10.0
0.09,True,0.5,124.3,0.8920034149117815,6269,223,1.2,2.5,10.0
0.09,True,0.75,206.50000000000006,0.8920034149117815,6269,223,1.2,2.5,10.0
0.12,False,0.25,67.35,0.05430060816681147,375,223,1.2,2.5,10.0
0.12,False,0.5,101.8,0.05430060816681147,375,223,1.2,2.5,10.0
0.12,False,0.75,174.60000000000002,0.05430060816681147,375,223,1.2,2.5,10.0
0.12,True,0.25,69.85,0.9456993918331885,6531,223,1.2,2.5,10.0
0.12,True,0.5,110.3,0.9456993918331885,6531,223,1.2,2.5,10.0
0.12,True,0.75,176.95000000000002,0.9456993918331885,6531,223,1.2,2.5,10.0
0.15,False,0.25,56.39999999999999,0.030895243569478373,215,223,1.2,2.5,10.0
0.15,False,0.5,89.59999999999998,0.030895243569478373,215,223,1.2,2.5,10.0
0.15,False,0.75,153.6,0.030895243569478373,215,223,1.2,2.5,10.0
0.15,True,0.25,63.70000000000001,0.9691047564305216,6744,223,1.2,2.5,10.0
0.15,True,0.5,97.19999999999999,0.9691047564305216,6744,223,1.2,2.5,10.0
0.15,True,0.75,148.60000000000002,0.9691047564305216,6744,223,1.2,2.5,10.0
0.0,False,0.25,87.1,0.4915915915915916,1637,226,1.2,2.5,10.0
0.0,False,0.5,151.60000000000002,0.4915915915915916,1637,226,1.2,2.5,10.0
0.0,False,0.75,258.50000000000006,0.4915915915915916,1637,226,1.2,2.5,10.0
0.0,True,0.25,93.19999999999999,0.5084084084084084,1693,226,1.2,2.5,10.0
0.0,True,0.5,162.39999999999998,0.5084084084084084,1693,226,1.2,2.5,10.0
0.0,True,0.75,275.0,0.5084084084084084,1693,226,1.2,2.5,10.0
0.03,False,0.25,89.75,0.323137492428831,2134,226,1.2,2.5,10.0
0.03,False,0.5,154.39999999999998,0.323137492428831,2134,226,1.2,2.5,10.0
0.03,False,0.75,266.57500000000005,0.323137492428831,2134,226,1.2,2.5,10.0
0.03,True,0.25,89.59999999999998,0.676862507571169,4470,226,1.2,2.5,10.0
0.03,True,0.5,157.70000000000002,0.676862507571169,4470,226,1.2,2.5,10.0
0.03,True,0.75,271.7750000000001,0.676862507571169,4470,226,1.2,2.5,10.0
0.06,False,0.25,83.94999999999999,0.19214690952523142,1287,226,1.2,2.5,10.0
0.06,False,0.5,141.7,0.19214690952523142,1287,226,1.2,2.5,10.0
0.06,False,0.75,242.25000000000003,0.19214690952523142,1287,226,1.2,2.5,10.0
0.06,True,0.25,84.94999999999999,0.8078530904747686,5411,226,1.2,2.5,10.0
0.06,True,0.5,144.79999999999998,0.8078530904747686,5411,226,1.2,2.5,10.0
0.06,True,0.75,243.3,0.8078530904747686,5411,226,1.2,2.5,10.0
0.09,False,0.25,69.875,0.10466276914302011,734,226,1.2,2.5,10.0
0.09,False,0.5,116.69999999999999,0.10466276914302011,734,226,1.2,2.5,10.0
0.09,False,0.75,196.97500000000002,0.10466276914302011,734,226,1.2,2.5,10.0
0.09,True,0.25,78.3,0.8953372308569799,6279,226,1.2,2.5,10.0
0.09,True,0.5,128.79999999999998,0.8953372308569799,6279,226,1.2,2.5,10.0
0.09,True,0.75,208.60000000000002,0.8953372308569799,6279,226,1.2,2.5,10.0
0.12,False,0.25,60.999999999999986,0.05630337241279491,389,226,1.2,2.5,10.0
0.12,False,0.5,103.6,0.05630337241279491,389,226,1.2,2.5,10.0
0.12,False,0.75,171.2,0.05630337241279491,389,226,1.2,2.5,10.0
0.12,True,0.25,69.69999999999999,0.9436966275872051,6520,226,1.2,2.5,10.0
0.12,True,0.5,111.3,0.9436966275872051,6520,226,1.2,2.5,10.0
0.12,True,0.75,177.925,0.9436966275872051,6520,226,1.2,2.5,10.0
0.15,False,0.25,60.099999999999994,0.02672797815778129,186,226,1.2,2.5,10.0
0.15,False,0.5,92.05000000000001,0.02672797815778129,186,226,1.2,2.5,10.0
0.15,False,0.75,159.6,0.02672797815778129,186,226,1.2,2.5,10.0
0.15,True,0.25,63.3,0.9732720218422187,6773,226,1.2,2.5,10.0
0.15,True,0.5,95.4,0.9732720218422187,6773,226,1.2,2.5,10.0
0.15,True,0.75,149.2,0.9732720218422187,6773,226,1.2,2.5,10.0
0.0,False,0.25,89.39999999999999,0.4836264402668284,1595,231,1.2,2.5,10.0
0.0,False,0.5,155.29999999999998,0.4836264402668284,1595,231,1.2,2.5,10.0
0.0,False,0.75,264.1000000000001,0.4836264402668284,1595,231,1.2,2.5,10.0
0.0,True,0.25,91.0,0.5163735597331717,1703,231,1.2,2.5,10.0
0.0,True,0.5,160.8,0.5163735597331717,1703,231,1.2,2.5,10.0
0.0,True,0.75,280.15000000000003,0.5163735597331717,1703,231,1.2,2.5,10.0
0.03,False,0.25,83.39999999999999,0.3252118644067797,2149,231,1.2,2.5,10.0
0.03,False,0.5,148.0,0.3252118644067797,2149,231,1.2,2.5,10.0
0.03,False,0.75,255.9,0.3252118644067797,2149,231,1.2,2.5,10.0
0.03,True,0.25,90.14999999999999,0.6747881355932204,4459,231,1.2,2.5,10.0
0.03,True,0.5,158.79999999999998,0.6747881355932204,4459,231,1.2,2.5,10.0
0.03,True,0.75,268.45000000000005,0.6747881355932204,4459,231,1.2,2.5,10.0
0.06,False,0.25,80.175,0.1977073098109275,1328,231,1.2,2.5,10.0
0.06,False,0.5,134.3,0.1977073098109275,1328,231,1.2,2.5,10.0
0.06,False,0.75,241.70000000000002,0.1977073098109275,1328,231,1.2,2.5,10.0
0.06,True,0.25,83.59999999999998,0.8022926901890725,5389,231,1.2,2.5,10.0
0.06,True,0.5,141.89999999999998,0.8022926901890725,5389,231,1.2,2.5,10.0
0.06,True,0.75,242.60000000000002,0.8022926901890725,5389,231,1.2,2.5,10.0
0.09,False,0.25,71.99999999999999,0.09725188665812332,683,231,1.2,2.5,10.0
0.09,False,0.5,118.49999999999999,0.09725188665812332,683,231,1.2,2.5,10.0
0.09,False,0.75,199.10000000000002,0.09725188665812332,683,231,1.2,2.5,10.0
0.09,True,0.25,76.49999999999999,0.9027481133418767,6340,231,1.2,2.5,10.0
0.09,True,0.5,126.5,0.9027481133418767,6340,231,1.2,2.5,10.0
0.09,True,0.75,212.62500000000006,0.9027481133418767,6340,231,1.2,2.5,10.0
0.12,False,0.25,65.7,0.05735805330243337,396,231,1.2,2.5,10.0
0.12,False,0.5,110.85,0.05735805330243337,396,231,1.2,2.5,10.0
0.12,False,0.75,173.05,0.05735805330243337,396,231,1.2,2.5,10.0
0.12,True,0.25,68.5,0.9426419466975666,6508,231,1.2,2.5,10.0
0.12,True,0.5,109.05,0.9426419466975666,6508,231,1.2,2.5,10.0
0.12,True,0.75,176.20000000000002,0.9426419466975666,6508,231,1.2,2.5,10.0
0.15,False,0.25,57.400000000000006,0.029454022988505746,205,231,1.2,2.5,10.0
0.15,False,0.5,97.49999999999999,0.029454022988505746,205,231,1.2,2.5,10.0
0.15,False,0.75,155.29999999999998,0.029454022988505746,205,231,1.2,2.5,10.0
0.15,True,0.25,62.19999999999999,0.9705459770114943,6755,231,1.2,2.5,10.0
0.15,True,0.5,94.49999999999999,0.9705459770114943,6755,231,1.2,2.5,10.0
0.15,True,0.75,146.2,0.9705459770114943,6755,231,1.2,2.5,10.0
0.0,False,0.25,91.0,0.5055639097744361,1681,234,1.2,2.5,10.0
0.0,False,0.5,165.29999999999998,0.5055639097744361,1681,234,1.2,2.5,10.0
0.0,False,0.75,286.40000000000003,0.5055639097744361,1681,234,1.2,2.5,10.0
0.0,True,0.25,92.1,0.4944360902255639,1644,234,1.2,2.5,10.0
0.0,True,0.5,161.79999999999998,0.4944360902255639,1644,234,1.2,2.5,10.0
0.0,True,0.75,277.8,0.4944360902255639,1644,234,1.2,2.5,10.0
0.03,False,0.25,86.54999999999998,0.32995154451847364,2179,234,1.2,2.5,10.0
0.03,False,0.5,150.5,0.32995154451847364,2179,234,1.2,2.5,10.0
0.03,False,0.75,257.20000000000005,0.32995154451847364,2179,234,1.2,2.5,10.0
0.03,True,0.25,91.59999999999998,0.6700484554815264,4425,234,1.2,2.5,10.0
0.03,True,0.5,160.70000000000002,0.6700484554815264,4425,234,1.2,2.5,10.0
0.03,True,0.75,270.40000000000003,0.6700484554815264,4425,234,1.2,2.5,10.0
0.06,False,0.25,77.60000000000001,0.1907032181168057,1280,234,1.2,2.5,10.0
0.06,False,0.5,130.84999999999997,0.1907032181168057,1280,234,1.2,2.5,10.0
0.06,False,0.75,224.52500000000003,0.1907032181168057,1280,234,1.2,2.5,10.0
0.06,True,0.25,83.9,0.8092967818831943,5432,234,1.2,2.5,10.0
0.06,True,0.5,140.14999999999998,0.8092967818831943,5432,234,1.2,2.5,10.0
0.06,True,0.75,239.40000000000006,0.8092967818831943,5432,234,1.2,2.5,10.0
0.09,False,0.25,72.29999999999998,0.09988600740951838,701,234,1.2,2.5,10.0
0.09,False,0.5,122.3,0.09988600740951838,701,234,1.2,2.5,10.0
0.09,False,0.75,199.60000000000002,0.09988600740951838,701,234,1.2,2.5,10.0
0.09,True,0.25,77.0,0.9001139925904816,6317,234,1.2,2.5,10.0
0.09,True,0.5,128.1,0.9001139925904816,6317,234,1.2,2.5,10.0
0.09,True,0.75,209.2,0.9001139925904816,6317,234,1.2,2.5,10.0
0.12,False,0.25,65.19999999999999,0.055748624384593104,385,234,1.2,2.5,10.0
0.12,False,0.5,110.79999999999998,0.055748624384593104,385,234,1.2,2.5,10.0
0.12,False,0.75,166.6,0.055748624384593104,385,234,1.2,2.5,10.0
0.12,True,0.25,68.5,0.9442513756154068,6521,234,1.2,2.5,10.0
0.12,True,0.5,110.19999999999999,0.9442513756154068,6521,234,1.2,2.5,10.0
0.12,True,0.75,177.50000000000003,0.9442513756154068,6521,234,1.2,2.5,10.0
0.15,False,0.25,61.04999999999999,0.029310344827586206,204,234,1.2,2.5,10.0
0.15,False,0.5,92.2,0.029310344827586206,204,234,1.2,2.5,10.0
0.15,False,0.75,140.52499999999998,0.029310344827586206,204,234,1.2,2.5,10.0
0.15,True,0.25,62.474999999999994,0.9706896551724138,6756,234,1.2,2.5,10.0
0.15,True,0.5,94.39999999999999,0.9706896551724138,6756,234,1.2,2.5,10.0
0.15,True,0.75,147.89999999999998,0.9706896551724138,6756,234,1.2,2.5,10.0
0.0,False,0.25,88.4,0.49291528489599035,1635,235,1.2,2.5,10.0
0.0,False,0.5,156.29999999999998,0.49291528489599035,1635,235,1.2,2.5,10.0
0.0,False,0.75,274.55000000000007,0.49291528489599035,1635,235,1.2,2.5,10.0
0.0,True,0.25,92.725,0.5070847151040097,1682,235,1.2,2.5,10.0
0.0,True,0.5,165.45,0.5070847151040097,1682,235,1.2,2.5,10.0
0.0,True,0.75,278.4000000000001,0.5070847151040097,1682,235,1.2,2.5,10.0
0.03,False,0.25,92.02499999999999,0.3317721710228131,2196,235,1.2,2.5,10.0
0.03,False,0.5,153.99999999999997,0.3317721710228131,2196,235,1.2,2.5,10.0
0.03,False,0.75,274.225,0.3317721710228131,2196,235,1.2,2.5,10.0
0.03,True,0.25,90.19999999999999,0.6682278289771869,4423,235,1.2,2.5,10.0
0.03,True,0.5,157.6,0.6682278289771869,4423,235,1.2,2.5,10.0
0.03,True,0.75,270.45000000000005,0.6682278289771869,4423,235,1.2,2.5,10.0
0.06,False,0.25,80.1,0.20243757431629014,1362,235,1.2,2.5,10.0
0.06,False,0.5,142.99999999999997,0.20243757431629014,1362,235,1.2,2.5,10.0
0.06,False,0.75,242.87500000000003,0.20243757431629014,1362,235,1.2,2.5,10.0
0.06,True,0.25,84.1,0.7975624256837098,5366,235,1.2,2.5,10.0
0.06,True,0.5,142.84999999999997,0.7975624256837098,5366,235,1.2,2.5,10.0
0.06,True,0.75,237.95000000000005,0.7975624256837098,5366,235,1.2,2.5,10.0
0.09,False,0.25,68.5,0.10473069250498718,735,235,1.2,2.5,10.0
0.09,False,0.5,113.99999999999999,0.10473069250498718,735,235,1.2,2.5,10.0
0.09,False,0.75,192.39999999999998,0.10473069250498718,735,235,1.2,2.5,10.0
0.09,True,0.25,75.80000000000001,0.8952693074950129,6283,235,1.2,2.5,10.0
0.09,True,0.5,127.1,0.8952693074950129,6283,235,1.2,2.5,10.0
0.09,True,0.75,205.95000000000005,0.8952693074950129,6283,235,1.2,2.5,10.0
0.12,False,0.25,67.475,0.05732484076433121,396,235,1.2,2.5,10.0
0.12,False,0.5,107.54999999999998,0.05732484076433121,396,235,1.2,2.5,10.0
0.12,False,0.75,167.975,0.05732484076433121,396,235,1.2,2.5,10.0
0.12,True,0.25,69.49999999999997,0.9426751592356688,6512,235,1.2,2.5,10.0
0.12,True,0.5,110.2,0.9426751592356688,6512,235,1.2,2.5,10.0
0.12,True,0.75,176.12499999999997,0.9426751592356688,6512,235,1.2,2.5,10.0
0.15,False,0.25,54.25,0.023854002011783303,166,235,1.2,2.5,10.0
0.15,False,0.5,84.30000000000001,0.023854002011783303,166,235,1.2,2.5,10.0
0.15,False,0.75,129.95,0.023854002011783303,166,235,1.2,2.5,10.0
0.15,True,0.25,63.3,0.9761459979882167,6793,235,1.2,2.5,10.0
0.15,True,0.5,95.89999999999999,0.9761459979882167,6793,235,1.2,2.5,10.0
0.15,True,0.75,148.0,0.9761459979882167,6793,235,1.2,2.5,10.0
0.0,False,0.25,97.125,0.5028537098227696,1674,241,1.2,2.5,10.0
0.0,False,0.5,170.5,0.5028537098227696,1674,241,1.2,2.5,10.0
0.0,False,0.75,293.575,0.5028537098227696,1674,241,1.2,2.5,10.0
0.0,True,0.25,87.14999999999999,0.4971462901772304,1655,241,1.2,2.5,10.0
0.0,True,0.5,156.1,0.4971462901772304,1655,241,1.2,2.5,10.0
0.0,True,0.75,273.15000000000003,0.4971462901772304,1655,241,1.2,2.5,10.0
0.03,False,0.25,87.975,0.32466747279322855,2148,241,1.2,2.5,10.0
0.03,False,0.5,151.14999999999998,0.32466747279322855,2148,241,1.2,2.5,10.0
0.03,False,0.75,259.40000000000003,0.32466747279322855,2148,241,1.2,2.5,10.0
0.03,True,0.25,89.0,0.6753325272067715,4468,241,1.2,2.5,10.0
0.03,True,0.5,156.70000000000002,0.6753325272067715,4468,241,1.2,2.5,10.0
0.03,True,0.75,268.70000000000005,0.6753325272067715,4468,241,1.2,2.5,10.0
0.06,False,0.25,80.52499999999999,0.1965697240865026,1318,241,1.2,2.5,10.0
0.06,False,0.5,136.45,0.1965697240865026,1318,241,1.2,2.5,10.0
0.06,False,0.75,239.55000000000004,0.1965697240865026,1318,241,1.2,2.5,10.0
0.06,True,0.25,83.04999999999998,0.8034302759134974,5387,241,1.2,2.5,10.0
0.06,True,0.5,142.0,0.8034302759134974,5387,241,1.2,2.5,10.0
0.06,True,0.75,243.35000000000002,0.8034302759134974,5387,241,1.2,2.5,10.0
0.09,False,0.25,72.09999999999998,0.10276510832383125,721,241,1.2,2.5,10.0
0.09,False,0.5,122.09999999999998,0.10276510832383125,721,241,1.2,2.5,10.0
0.09,False,0.75,204.3,0.10276510832383125,721,241,1.2,2.5,10.0
0.09,True,0.25,76.85,0.8972348916761688,6295,241,1.2,2.5,10.0
0.09,True,0.5,125.1,0.8972348916761688,6295,241,1.2,2.5,10.0
0.09,True,0.75,203.30000000000004,0.8972348916761688,6295,241,1.2,2.5,10.0
0.12,False,0.25,66.87499999999999,0.05738298797275757,396,241,1.2,2.5,10.0
0.12,False,0.5,101.35,0.05738298797275757,396,241,1.2,2.5,10.0
0.12,False,0.75,174.9,0.05738298797275757,396,241,1.2,2.5,10.0
0.12,True,0.25,68.69999999999999,0.9426170120272425,6505,241,1.2,2.5,10.0
0.12,True,0.5,107.3,0.9426170120272425,6505,241,1.2,2.5,10.0
0.12,True,0.75,172.09999999999997,0.9426170120272425,6505,241,1.2,2.5,10.0
0.15,False,0.25,53.900000000000006,0.02802529462489221,195,241,1.2,2.5,10.0
0.15,False,0.5,85.39999999999999,0.02802529462489221,195,241,1.2,2.5,10.0
0.15,False,0.75,131.5,0.02802529462489221,195,241,1.2,2.5,10.0
0.15,True,0.25,62.7,0.9719747053751078,6763,241,1.2,2.5,10.0
0.15,True,0.5,95.29999999999998,0.9719747053751078,6763,241,1.2,2.5,10.0
0.15,True,0.75,148.55,0.9719747053751078,6763,241,1.2,2.5,10.0
0.0,False,0.25,94.0,0.4984930681133213,1654,242,1.2,2.5,10.0
0.0,False,0.5,161.39999999999998,0.4984930681133213,1654,242,1.2,2.5,10.0
0.0,False,0.75,278.12500000000006,0.4984930681133213,1654,242,1.2,2.5,10.0
0.0,True,0.25,89.8,0.5015069318866787,1664,242,1.2,2.5,10.0
0.0,True,0.5,162.9,0.5015069318866787,1664,242,1.2,2.5,10.0
0.0,True,0.75,276.925,0.5015069318866787,1664,242,1.2,2.5,10.0
0.03,False,0.25,83.59999999999998,0.32237539766702017,2128,242,1.2,2.5,10.0
0.03,False,0.5,145.1,0.32237539766702017,2128,242,1.2,2.5,10.0
0.03,False,0.75,256.32500000000005,0.32237539766702017,2128,242,1.2,2.5,10.0
0.03,True,0.25,90.5,0.6776246023329798,4473,242,1.2,2.5,10.0
0.03,True,0.5,156.79999999999998,0.6776246023329798,4473,242,1.2,2.5,10.0
0.03,True,0.75,260.8,0.6776246023329798,4473,242,1.2,2.5,10.0
0.06,False,0.25,78.85,0.19532529403007295,1312,242,1.2,2.5,10.0
0.06,False,0.5,140.34999999999997,0.19532529403007295,1312,242,1.2,2.5,10.0
0.06,False,0.75,243.20000000000005,0.19532529403007295,1312,242,1.2,2.5,10.0
0.06,True,0.25,84.59999999999998,0.8046747059699271,5405,242,1.2,2.5,10.0
0.06,True,0.5,143.09999999999997,0.8046747059699271,5405,242,1.2,2.5,10.0
0.06,True,0.75,237.20000000000002,0.8046747059699271,5405,242,1.2,2.5,10.0
0.09,False,0.25,72.64999999999999,0.10895607529948659,764,242,1.2,2.5,10.0
0.09,False,0.5,119.39999999999998,0.10895607529948659,764,242,1.2,2.5,10.0
0.09,False,0.75,195.59999999999997,0.10895607529948659,764,242,1.2,2.5,10.0
0.09,True,0.25,75.49999999999999,0.8910439247005134,6248,242,1.2,2.5,10.0
0.09,True,0.5,123.65,0.8910439247005134,6248,242,1.2,2.5,10.0
0.09,True,0.75,203.025,0.8910439247005134,6248,242,1.2,2.5,10.0
0.12,False,0.25,67.85,0.05531421951925861,382,242,1.2,2.5,10.0
0.12,False,0.5,104.55,0.05531421951925861,382,242,1.2,2.5,10.0
0.12,False,0.75,173.325,0.05531421951925861,382,242,1.2,2.5,10.0
0.12,True,0.25,69.07499999999999,0.9446857804807414,6524,242,1.2,2.5,10.0
0.12,True,0.5,109.15,0.9446857804807414,6524,242,1.2,2.5,10.0
0.12,True,0.75,172.70000000000002,0.9446857804807414,6524,242,1.2,2.5,10.0
0.15,False,0.25,60.14999999999999,0.029749928140270193,207,242,1.2,2.5,10.0
0.15,False,0.5,86.59999999999998,0.029749928140270193,207,242,1.2,2.5,10.0
0.15,False,0.75,127.94999999999999,0.029749928140270193,207,242,1.2,2.5,10.0
0.15,True,0.25,63.3,0.9702500718597298,6751,242,1.2,2.5,10.0
0.15,True,0.5,95.69999999999997,0.9702500718597298,6751,242,1.2,2.5,10.0
0.15,True,0.75,147.79999999999998,0.9702500718597298,6751,242,1.2,2.5,10.0
0.0,False,0.25,93.7,0.4990963855421687,1657,249,1.2,2.5,10.0
0.0,False,0.5,160.6,0.4990963855421687,1657,249,1.2,2.5,10.0
0.0,False,0.75,290.00000000000006,0.4990963855421687,1657,249,1.2,2.5,10.0
0.0,True,0.25,88.14999999999999,0.5009036144578313,1663,249,1.2,2.5,10.0
0.0,True,0.5,158.99999999999997,0.5009036144578313,1663,249,1.2,2.5,10.0
0.0,True,0.75,273.65000000000003,0.5009036144578313,1663,249,1.2,2.5,10.0
0.03,False,0.25,87.62499999999999,0.3256866888016903,2158,249,1.2,2.5,10.0
0.03,False,0.5,150.95,0.3256866888016903,2158,249,1.2,2.5,10.0
0.03,False,0.75,261.875,0.3256866888016903,2158,249,1.2,2.5,10.0
0.03,True,0.25,88.975,0.6743133111983097,4468,249,1.2,2.5,10.0
0.03,True,0.5,156.89999999999998,0.6743133111983097,4468,249,1.2,2.5,10.0
0.03,True,0.75,264.8,0.6743133111983097,4468,249,1.2,2.5,10.0
0.06,False,0.25,80.475,0.19132767098793027,1284,249,1.2,2.5,10.0
0.06,False,0.5,140.39999999999998,0.19132767098793027,1284,249,1.2,2.5,10.0
0.06,False,0.75,225.72500000000008,0.19132767098793027,1284,249,1.2,2.5,10.0
0.06,True,0.25,84.59999999999998,0.8086723290120698,5427,249,1.2,2.5,10.0
0.06,True,0.5,145.79999999999998,0.8086723290120698,5427,249,1.2,2.5,10.0
0.06,True,0.75,244.40000000000003,0.8086723290120698,5427,249,1.2,2.5,10.0
0.09,False,0.25,75.09999999999998,0.11068376068376068,777,249,1.2,2.5,10.0
0.09,False,0.5,124.89999999999998,0.11068376068376068,777,249,1.2,2.5,10.0
0.09,False,0.75,207.90000000000003,0.11068376068376068,777,249,1.2,2.5,10.0
0.09,True,0.25,76.75,0.8893162393162393,6243,249,1.2,2.5,10.0
0.09,True,0.5,126.2,0.8893162393162393,6243,249,1.2,2.5,10.0
0.09,True,0.75,207.90000000000003,0.8893162393162393,6243,249,1.2,2.5,10.0
0.12,False,0.25,69.25,0.05763939174511224,398,249,1.2,2.5,10.0
0.12,False,0.5,106.19999999999999,0.05763939174511224,398,249,1.2,2.5,10.0
0.12,False,0.75,163.825,0.05763939174511224,398,249,1.2,2.5,10.0
0.12,True,0.25,69.89999999999999,0.9423606082548878,6507,249,1.2,2.5,10.0
0.12,True,0.5,110.6,0.9423606082548878,6507,249,1.2,2.5,10.0
0.12,True,0.75,178.4,0.9423606082548878,6507,249,1.2,2.5,10.0
0.15,False,0.25,62.8,0.03190113522057767,222,249,1.2,2.5,10.0
0.15,False,0.5,83.44999999999999,0.03190113522057767,222,249,1.2,2.5,10.0
0.15,False,0.75,130.67499999999998,0.03190113522057767,222,249,1.2,2.5,10.0
0.15,True,0.25,62.59999999999999,0.9680988647794223,6737,249,1.2,2.5,10.0
0.15,True,0.5,95.49999999999999,0.9680988647794223,6737,249,1.2,2.5,10.0
0.15,True,0.75,150.7,0.9680988647794223,6737,249,1.2,2.5,10.0
0.0,False,0.25,89.30000000000001,0.4938308757147156,1641,251,1.2,2.5,10.0
0.0,False,0.5,162.5,0.4938308757147156,1641,251,1.2,2.5,10.0
0.0,False,0.75,281.5,0.4938308757147156,1641,251,1.2,2.5,10.0
0.0,True,0.25,94.29999999999998,0.5061691242852844,1682,251,1.2,2.5,10.0
0.0,True,0.5,161.39999999999998,0.5061691242852844,1682,251,1.2,2.5,10.0
0.0,True,0.75,282.475,0.5061691242852844,1682,251,1.2,2.5,10.0
0.03,False,0.25,86.775,0.3356959734580003,2226,251,1.2,2.5,10.0
0.03,False,0.5,157.3,0.3356959734580003,2226,251,1.2,2.5,10.0
0.03,False,0.75,260.125,0.3356959734580003,2226,251,1.2,2.5,10.0
0.03,True,0.25,87.1,0.6643040265419997,4405,251,1.2,2.5,10.0
0.03,True,0.5,155.1,0.6643040265419997,4405,251,1.2,2.5,10.0
0.03,True,0.75,268.1000000000001,0.6643040265419997,4405,251,1.2,2.5,10.0
0.06,False,0.25,79.05,0.19389880952380953,1303,251,1.2,2.5,10.0
0.06,False,0.5,142.29999999999998,0.19389880952380953,1303,251,1.2,2.5,10.0
0.06,False,0.75,239.55000000000004,0.19389880952380953,1303,251,1.2,2.5,10.0
0.06,True,0.25,84.49999999999999,0.8061011904761904,5417,251,1.2,2.5,10.0
0.06,True,0.5,141.79999999999998,0.8061011904761904,5417,251,1.2,2.5,10.0
0.06,True,0.75,240.30000000000004,0.8061011904761904,5417,251,1.2,2.5,10.0
0.09,False,0.25,72.74999999999999,0.10481344346340074,736,251,1.2,2.5,10.0
0.09,False,0.5,121.75,0.10481344346340074,736,251,1.2,2.5,10.0
0.09,False,0.75,208.67500000000004,0.10481344346340074,736,251,1.2,2.5,10.0
0.09,True,0.25,76.89999999999999,0.8951865565365993,6286,251,1.2,2.5,10.0
0.09,True,0.5,126.1,0.8951865565365993,6286,251,1.2,2.5,10.0
0.09,True,0.75,209.00000000000003,0.8951865565365993,6286,251,1.2,2.5,10.0
0.12,False,0.25,67.4,0.05312680949623625,367,251,1.2,2.5,10.0
0.12,False,0.5,110.10000000000001,0.05312680949623625,367,251,1.2,2.5,10.0
0.12,False,0.75,177.25,0.05312680949623625,367,251,1.2,2.5,10.0
0.12,True,0.25,69.69999999999999,0.9468731905037637,6541,251,1.2,2.5,10.0
0.12,True,0.5,108.5,0.9468731905037637,6541,251,1.2,2.5,10.0
0.12,True,0.75,174.4,0.9468731905037637,6541,251,1.2,2.5,10.0
0.15,False,0.25,59.94999999999999,0.03032480597872952,211,251,1.2,2.5,10.0
0.15,False,0.5,88.39999999999999,0.03032480597872952,211,251,1.2,2.5,10.0
0.15,False,0.75,145.7,0.03032480597872952,211,251,1.2,2.5,10.0
0.15,True,0.25,62.94999999999999,0.9696751940212704,6747,251,1.2,2.5,10.0
0.15,True,0.5,96.4,0.9696751940212704,6747,251,1.2,2.5,10.0
0.15,True,0.75,150.1,0.9696751940212704,6747,251,1.2,2.5,10.0
0.0,False,0.25,88.0,0.507063420498948,1687,261,1.2,2.5,10.0
0.0,False,0.5,156.39999999999998,0.507063420498948,1687,261,1.2,2.5,10.0
0.0,False,0.75,272.1000000000001,0.507063420498948,1687,261,1.2,2.5,10.0
0.0,True,0.25,90.65,0.492936579501052,1640,261,1.2,2.5,10.0
0.0,True,0.5,154.79999999999998,0.492936579501052,1640,261,1.2,2.5,10.0
0.0,True,0.75,268.75000000000006,0.492936579501052,1640,261,1.2,2.5,10.0
0.03,False,0.25,86.57499999999999,0.33651081858072324,2224,261,1.2,2.5,10.0
0.03,False,0.5,147.45,0.33651081858072324,2224,261,1.2,2.5,10.0
0.03,False,0.75,264.25000000000006,0.33651081858072324,2224,261,1.2,2.5,10.0
0.03,True,0.25,88.79999999999998,0.6634891814192767,4385,261,1.2,2.5,10.0
0.03,True,0.5,155.99999999999997,0.6634891814192767,4385,261,1.2,2.5,10.0
0.03,True,0.75,270.6000000000001,0.6634891814192767,4385,261,1.2,2.5,10.0
0.06,False,0.25,83.79999999999998,0.20145811635173339,1354,261,1.2,2.5,10.0
0.06,False,0.5,145.6,0.20145811635173339,1354,261,1.2,2.5,10.0
0.06,False,0.75,248.47500000000002,0.20145811635173339,1354,261,1.2,2.5,10.0
0.06,True,0.25,84.64999999999999,0.7985418836482666,5367,261,1.2,2.5,10.0
0.06,True,0.5,145.2,0.7985418836482666,5367,261,1.2,2.5,10.0
0.06,True,0.75,242.90000000000003,0.7985418836482666,5367,261,1.2,2.5,10.0
0.09,False,0.25,75.375,0.11000284981476204,772,261,1.2,2.5,10.0
0.09,False,0.5,116.85,0.11000284981476204,772,261,1.2,2.5,10.0
0.09,False,0.75,204.22500000000002,0.11000284981476204,772,261,1.2,2.5,10.0
0.09,True,0.25,77.2,0.889997150185238,6246,261,1.2,2.5,10.0
0.09,True,0.5,126.39999999999999,0.889997150185238,6246,261,1.2,2.5,10.0
0.09,True,0.75,207.90000000000003,0.889997150185238,6246,261,1.2,2.5,10.0
0.12,False,0.25,62.69999999999999,0.057221497899464,395,261,1.2,2.5,10.0
0.12,False,0.5,105.1,0.057221497899464,395,261,1.2,2.5,10.0
0.12,False,0.75,172.6,0.057221497899464,395,261,1.2,2.5,10.0
0.12,True,0.25,67.57499999999999,0.942778502100536,6508,261,1.2,2.5,10.0
0.12,True,0.5,109.39999999999998,0.942778502100536,6508,261,1.2,2.5,10.0
0.12,True,0.75,175.725,0.942778502100536,6508,261,1.2,2.5,10.0
0.15,False,0.25,59.79999999999998,0.029885057471264367,208,261,1.2,2.5,10.0
0.15,False,0.5,82.0,0.029885057471264367,208,261,1.2,2.5,10.0
0.15,False,0.75,124.69999999999999,0.029885057471264367,208,261,1.2,2.5,10.0
0.15,True,0.25,63.199999999999996,0.9701149425287356,6752,261,1.2,2.5,10.0
0.15,True,0.5,97.69999999999997,0.9701149425287356,6752,261,1.2,2.5,10.0
0.15,True,0.75,151.4,0.9701149425287356,6752,261,1.2,2.5,10.0
0.0,False,0.25,92.7,0.5006027727546715,1661,262,1.2,2.5,10.0
0.0,False,0.5,162.6,0.5006027727546715,1661,262,1.2,2.5,10.0
0.0,False,0.75,276.6000000000001,0.5006027727546715,1661,262,1.2,2.5,10.0
0.0,True,0.25,93.19999999999999,0.49939722724532853,1657,262,1.2,2.5,10.0
0.0,True,0.5,163.5,0.49939722724532853,1657,262,1.2,2.5,10.0
0.0,True,0.75,273.5,0.49939722724532853,1657,262,1.2,2.5,10.0
0.03,False,0.25,90.30000000000001,0.32524271844660196,2144,262,1.2,2.5,10.0
0.03,False,0.5,155.95,0.32524271844660196,2144,262,1.2,2.5,10.0
0.03,False,0.75,258.67500000000007,0.32524271844660196,2144,262,1.2,2.5,10.0
0.03,True,0.25,88.77499999999999,0.6747572815533981,4448,262,1.2,2.5,10.0
0.03,True,0.5,155.55,0.6747572815533981,4448,262,1.2,2.5,10.0
0.03,True,0.75,264.62500000000006,0.6747572815533981,4448,262,1.2,2.5,10.0
0.06,False,0.25,80.375,0.19624217118997914,1316,262,1.2,2.5,10.0
0.06,False,0.5,135.2,0.19624217118997914,1316,262,1.2,2.5,10.0
0.06,False,0.75,232.32500000000005,0.19624217118997914,1316,262,1.2,2.5,10.0
0.06,True,0.25,83.02499999999999,0.8037578288100209,5390,262,1.2,2.5,10.0
0.06,True,0.5,141.89999999999998,0.8037578288100209,5390,262,1.2,2.5,10.0
0.06,True,0.75,238.80000000000004,0.8037578288100209,5390,262,1.2,2.5,10.0
0.09,False,0.25,72.29999999999998,0.10601310914790539,744,262,1.2,2.5,10.0
0.09,False,0.5,114.14999999999999,0.10601310914790539,744,262,1.2,2.5,10.0
0.09,False,0.75,195.4,0.10601310914790539,744,262,1.2,2.5,10.0
0.09,True,0.25,76.49999999999999,0.8939868908520946,6274,262,1.2,2.5,10.0
0.09,True,0.5,125.6,0.8939868908520946,6274,262,1.2,2.5,10.0
0.09,True,0.75,211.90000000000003,0.8939868908520946,6274,262,1.2,2.5,10.0
0.12,False,0.25,70.02499999999999,0.05880648899188876,406,262,1.2,2.5,10.0
0.12,False,0.5,103.75,0.05880648899188876,406,262,1.2,2.5,10.0
0.12,False,0.75,166.52499999999998,0.05880648899188876,406,262,1.2,2.5,10.0
0.12,True,0.25,68.5,0.9411935110081112,6498,262,1.2,2.5,10.0
0.12,True,0.5,110.55,0.9411935110081112,6498,262,1.2,2.5,10.0
0.12,True,0.75,176.275,0.9411935110081112,6498,262,1.2,2.5,10.0
0.15,False,0.25,61.5,0.02716297786720322,189,262,1.2,2.5,10.0
0.15,False,0.5,91.9,0.02716297786720322,189,262,1.2,2.5,10.0
0.15,False,0.75,140.5,0.02716297786720322,189,262,1.2,2.5,10.0
0.15,True,0.25,63.199999999999996,0.9728370221327968,6769,262,1.2,2.5,10.0
0.15,True,0.5,95.89999999999999,0.9728370221327968,6769,262,1.2,2.5,10.0
0.15,True,0.75,148.0,0.9728370221327968,6769,262,1.2,2.5,10.0
0.0,False,0.25,92.1,0.5072245635159542,1685,273,1.2,2.5,10.0
0.0,False,0.5,162.99999999999997,0.5072245635159542,1685,273,1.2,2.5,10.0
0.0,False,0.75,280.0,0.5072245635159542,1685,273,1.2,2.5,10.0
0.0,True,0.25,93.19999999999999,0.49277543648404576,1637,273,1.2,2.5,10.0
0.0,True,0.5,166.2,0.49277543648404576,1637,273,1.2,2.5,10.0
0.0,True,0.75,292.30000000000007,0.49277543648404576,1637,273,1.2,2.5,10.0
0.03,False,0.25,92.39999999999999,0.3307098531860148,2185,273,1.2,2.5,10.0
0.03,False,0.5,159.8,0.3307098531860148,2185,273,1.2,2.5,10.0
0.03,False,0.75,276.70000000000005,0.3307098531860148,2185,273,1.2,2.5,10.0
0.03,True,0.25,91.225,0.6692901468139851,4422,273,1.2,2.5,10.0
0.03,True,0.5,157.6,0.6692901468139851,4422,273,1.2,2.5,10.0
0.03,True,0.75,265.25,0.6692901468139851,4422,273,1.2,2.5,10.0
0.06,False,0.25,79.52499999999999,0.19037688067927902,1278,273,1.2,2.5,10.0
0.06,False,0.5,136.35,0.19037688067927902,1278,273,1.2,2.5,10.0
0.06,False,0.75,235.22500000000002,0.19037688067927902,1278,273,1.2,2.5,10.0
0.06,True,0.25,85.59999999999998,0.809623119320721,5435,273,1.2,2.5,10.0
0.06,True,0.5,144.4,0.809623119320721,5435,273,1.2,2.5,10.0
0.06,True,0.75,248.35000000000002,0.809623119320721,5435,273,1.2,2.5,10.0
0.09,False,0.25,73.925,0.10745332763289155,754,273,1.2,2.5,10.0
0.09,False,0.5,116.24999999999999,0.10745332763289155,754,273,1.2,2.5,10.0
0.09,False,0.75,199.27499999999998,0.10745332763289155,754,273,1.2,2.5,10.0
0.09,True,0.25,76.85,0.8925466723671085,6263,273,1.2,2.5,10.0
0.09,True,0.5,125.3,0.8925466723671085,6263,273,1.2,2.5,10.0
0.09,True,0.75,209.55,0.8925466723671085,6263,273,1.2,2.5,10.0
0.12,False,0.25,69.3,0.05314219519258616,367,273,1.2,2.5,10.0
0.12,False,0.5,107.79999999999998,0.05314219519258616,367,273,1.2,2.5,10.0
0.12,False,0.75,164.89999999999998,0.05314219519258616,367,273,1.2,2.5,10.0
0.12,True,0.25,68.25,0.9468578048074139,6539,273,1.2,2.5,10.0
0.12,True,0.5,109.39999999999998,0.9468578048074139,6539,273,1.2,2.5,10.0
0.12,True,0.75,175.1,0.9468578048074139,6539,273,1.2,2.5,10.0
0.15,False,0.25,58.525000000000006,0.028735632183908046,200,273,1.2,2.5,10.0
0.15,False,0.5,91.6,0.028735632183908046,200,273,1.2,2.5,10.0
0.15,False,0.75,133.64999999999998,0.028735632183908046,200,273,1.2,2.5,10.0
0.15,True,0.25,62.9,0.9712643678160919,6760,273,1.2,2.5,10.0
0.15,True,0.5,96.0,0.9712643678160919,6760,273,1.2,2.5,10.0
0.15,True,0.75,147.79999999999998,0.9712643678160919,6760,273,1.2,2.5,10.0
0.0,False,0.25,86.125,0.5027027027027027,1674,275,1.2,2.5,10.0
0.0,False,0.5,151.29999999999998,0.5027027027027027,1674,275,1.2,2.5,10.0
0.0,False,0.75,267.80000000000007,0.5027027027027027,1674,275,1.2,2.5,10.0
0.0,True,0.25,96.375,0.4972972972972973,1656,275,1.2,2.5,10.0
0.0,True,0.5,172.4,0.4972972972972973,1656,275,1.2,2.5,10.0
0.0,True,0.75,287.4,0.4972972972972973,1656,275,1.2,2.5,10.0
0.03,False,0.25,87.3,0.31734539969834086,2104,275,1.2,2.5,10.0
0.03,False,0.5,155.39999999999998,0.31734539969834086,2104,275,1.2,2.5,10.0
0.03,False,0.75,267.75000000000006,0.31734539969834086,2104,275,1.2,2.5,10.0
0.03,True,0.25,89.5,0.6826546003016591,4526,275,1.2,2.5,10.0
0.03,True,0.5,155.29999999999998,0.6826546003016591,4526,275,1.2,2.5,10.0
0.03,True,0.75,259.0,0.6826546003016591,4526,275,1.2,2.5,10.0
0.06,False,0.25,78.52499999999999,0.19460587095812845,1306,275,1.2,2.5,10.0
0.06,False,0.5,139.25,0.19460587095812845,1306,275,1.2,2.5,10.0
0.06,False,0.75,244.97500000000002,0.19460587095812845,1306,275,1.2,2.5,10.0
0.06,True,0.25,83.79999999999998,0.8053941290418716,5405,275,1.2,2.5,10.0
0.06,True,0.5,141.09999999999997,0.8053941290418716,5405,275,1.2,2.5,10.0
0.06,True,0.75,242.90000000000003,0.8053941290418716,5405,275,1.2,2.5,10.0
0.09,False,0.25,72.94999999999999,0.10334519572953736,726,275,1.2,2.5,10.0
0.09,False,0.5,119.5,0.10334519572953736,726,275,1.2,2.5,10.0
0.09,False,0.75,197.275,0.10334519572953736,726,275,1.2,2.5,10.0
0.09,True,0.25,77.0,0.8966548042704626,6299,275,1.2,2.5,10.0
0.09,True,0.5,125.8,0.8966548042704626,6299,275,1.2,2.5,10.0
0.09,True,0.75,209.8,0.8966548042704626,6299,275,1.2,2.5,10.0
0.12,False,0.25,65.1,0.05531421951925861,382,275,1.2,2.5,10.0
0.12,False,0.5,104.55,0.05531421951925861,382,275,1.2,2.5,10.0
0.12,False,0.75,177.775,0.05531421951925861,382,275,1.2,2.5,10.0
0.12,True,0.25,69.8,0.9446857804807414,6524,275,1.2,2.5,10.0
0.12,True,0.5,110.15,0.9446857804807414,6524,275,1.2,2.5,10.0
0.12,True,0.75,176.60000000000002,0.9446857804807414,6524,275,1.2,2.5,10.0
0.15,False,0.25,56.349999999999994,0.029022988505747128,202,275,1.2,2.5,10.0
0.15,False,0.5,86.19999999999999,0.029022988505747128,202,275,1.2,2.5,10.0
0.15,False,0.75,129.125,0.029022988505747128,202,275,1.2,2.5,10.0
0.15,True,0.25,63.59999999999999,0.9709770114942529,6758,275,1.2,2.5,10.0
0.15,True,0.5,97.0,0.9709770114942529,6758,275,1.2,2.5,10.0
0.15,True,0.75,151.57500000000002,0.9709770114942529,6758,275,1.2,2.5,10.0
0.0,False,0.25,87.7,0.49474316611595076,1647,289,1.2,2.5,10.0
0.0,False,0.5,163.2,0.49474316611595076,1647,289,1.2,2.5,10.0
0.0,False,0.75,290.95000000000005,0.49474316611595076,1647,289,1.2,2.5,10.0
0.0,True,0.25,93.30000000000001,0.5052568338840493,1682,289,1.2,2.5,10.0
0.0,True,0.5,160.89999999999998,0.5052568338840493,1682,289,1.2,2.5,10.0
0.0,True,0.75,287.92500000000007,0.5052568338840493,1682,289,1.2,2.5,10.0
0.03,False,0.25,92.0,0.3180377358490566,2107,289,1.2,2.5,10.0
0.03,False,0.5,159.70000000000002,0.3180377358490566,2107,289,1.2,2.5,10.0
0.03,False,0.75,273.70000000000005,0.3180377358490566,2107,289,1.2,2.5,10.0
0.03,True,0.25,91.725,0.6819622641509434,4518,289,1.2,2.5,10.0
0.03,True,0.5,158.1,0.6819622641509434,4518,289,1.2,2.5,10.0
0.03,True,0.75,276.975,0.6819622641509434,4518,289,1.2,2.5,10.0
0.06,False,0.25,84.44999999999999,0.19785298941404503,1327,289,1.2,2.5,10.0
0.06,False,0.5,143.7,0.19785298941404503,1327,289,1.2,2.5,10.0
0.06,False,0.75,246.35000000000005,0.19785298941404503,1327,289,1.2,2.5,10.0
0.06,True,0.25,83.59999999999998,0.802147010585955,5380,289,1.2,2.5,10.0
0.06,True,0.5,143.14999999999998,0.802147010585955,5380,289,1.2,2.5,10.0
0.06,True,0.75,244.95000000000005,0.802147010585955,5380,289,1.2,2.5,10.0
0.09,False,0.25,74.2,0.10859664104753772,763,289,1.2,2.5,10.0
0.09,False,0.5,120.2,0.10859664104753772,763,289,1.2,2.5,10.0
0.09,False,0.75,214.60000000000002,0.10859664104753772,763,289,1.2,2.5,10.0
0.09,True,0.25,77.2,0.8914033589524623,6263,289,1.2,2.5,10.0
0.09,True,0.5,123.1,0.8914033589524623,6263,289,1.2,2.5,10.0
0.09,True,0.75,203.90000000000003,0.8914033589524623,6263,289,1.2,2.5,10.0
0.12,False,0.25,71.475,0.06024619840695149,416,289,1.2,2.5,10.0
0.12,False,0.5,104.7,0.06024619840695149,416,289,1.2,2.5,10.0
0.12,False,0.75,165.17499999999995,0.06024619840695149,416,289,1.2,2.5,10.0
0.12,True,0.25,70.29999999999998,0.9397538015930486,6489,289,1.2,2.5,10.0
0.12,True,0.5,109.19999999999999,0.9397538015930486,6489,289,1.2,2.5,10.0
0.12,True,0.75,173.9,0.9397538015930486,6489,289,1.2,2.5,10.0
0.15,False,0.25,61.474999999999994,0.026731819488358725,186,289,1.2,2.5,10.0
0.15,False,0.5,86.94999999999999,0.026731819488358725,186,289,1.2,2.5,10.0
0.15,False,0.75,143.42499999999998,0.026731819488358725,186,289,1.2,2.5,10.0
0.15,True,0.25,61.999999999999986,0.9732681805116413,6772,289,1.2,2.5,10.0
0.15,True,0.5,94.69999999999997,0.9732681805116413,6772,289,1.2,2.5,10.0
0.15,True,0.75,146.2,0.9732681805116413,6772,289,1.2,2.5,10.0
0.0,False,0.25,91.7,0.5221955608878225,1741,290,1.2,2.5,10.0
0.0,False,0.5,157.39999999999998,0.5221955608878225,1741,290,1.2,2.5,10.0
0.0,False,0.75,277.5,0.5221955608878225,1741,290,1.2,2.5,10.0
0.0,True,0.25,89.0,0.47780443911217757,1593,290,1.2,2.5,10.0
0.0,True,0.5,163.2,0.47780443911217757,1593,290,1.2,2.5,10.0
0.0,True,0.75,281.90000000000003,0.47780443911217757,1593,290,1.2,2.5,10.0
0.03,False,0.25,89.85000000000001,0.33730577764368685,2236,290,1.2,2.5,10.0
0.03,False,0.5,153.60000000000002,0.33730577764368685,2236,290,1.2,2.5,10.0
0.03,False,0.75,266.85,0.33730577764368685,2236,290,1.2,2.5,10.0
0.03,True,0.25,89.8,0.6626942223563131,4393,290,1.2,2.5,10.0
0.03,True,0.5,156.89999999999998,0.6626942223563131,4393,290,1.2,2.5,10.0
0.03,True,0.75,268.40000000000003,0.6626942223563131,4393,290,1.2,2.5,10.0
0.06,False,0.25,83.27499999999999,0.1860326894502229,1252,290,1.2,2.5,10.0
0.06,False,0.5,141.35,0.1860326894502229,1252,290,1.2,2.5,10.0
0.06,False,0.75,239.62500000000003,0.1860326894502229,1252,290,1.2,2.5,10.0
0.06,True,0.25,82.49999999999999,0.8139673105497771,5478,290,1.2,2.5,10.0
0.06,True,0.5,142.2,0.8139673105497771,5478,290,1.2,2.5,10.0
0.06,True,0.75,239.77500000000006,0.8139673105497771,5478,290,1.2,2.5,10.0
0.09,False,0.25,73.175,0.10539809143996581,740,290,1.2,2.5,10.0
0.09,False,0.5,124.19999999999999,0.10539809143996581,740,290,1.2,2.5,10.0
0.09,False,0.75,206.425,0.10539809143996581,740,290,1.2,2.5,10.0
0.09,True,0.25,77.1,0.8946019085600342,6281,290,1.2,2.5,10.0
0.09,True,0.5,127.6,0.8946019085600342,6281,290,1.2,2.5,10.0
0.09,True,0.75,213.20000000000005,0.8946019085600342,6281,290,1.2,2.5,10.0
0.12,False,0.25,63.59999999999999,0.04998551144595769,345,290,1.2,2.5,10.0
0.12,False,0.5,101.0,0.04998551144595769,345,290,1.2,2.5,10.0
0.12,False,0.75,168.2,0.04998551144595769,345,290,1.2,2.5,10.0
0.12,True,0.25,68.6,0.9500144885540424,6557,290,1.2,2.5,10.0
0.12,True,0.5,110.10000000000001,0.9500144885540424,6557,290,1.2,2.5,10.0
0.12,True,0.75,176.0,0.9500144885540424,6557,290,1.2,2.5,10.0
0.15,False,0.25,60.1,0.02658045977011494,185,290,1.2,2.5,10.0
0.15,False,0.5,98.19999999999999,0.02658045977011494,185,290,1.2,2.5,10.0
0.15,False,0.75,150.29999999999998,0.02658045977011494,185,290,1.2,2.5,10.0
0.15,True,0.25,62.14999999999999,0.9734195402298851,6775,290,1.2,2.5,10.0
0.15,True,0.5,94.49999999999999,0.9734195402298851,6775,290,1.2,2.5,10.0
0.15,True,0.75,147.65,0.9734195402298851,6775,290,1.2,2.5,10.0
0.0,False,0.25,89.675,0.5045372050816697,1668,302,1.2,2.5,10.0
0.0,False,0.5,163.5,0.5045372050816697,1668,302,1.2,2.5,10.0
0.0,False,0.75,276.725,0.5045372050816697,1668,302,1.2,2.5,10.0
0.0,True,0.25,87.95,0.4954627949183303,1638,302,1.2,2.5,10.0
0.0,True,0.5,153.70000000000002,0.4954627949183303,1638,302,1.2,2.5,10.0
0.0,True,0.75,262.85,0.4954627949183303,1638,302,1.2,2.5,10.0
0.03,False,0.25,88.0,0.33525049190252765,2215,302,1.2,2.5,10.0
0.03,False,0.5,156.5,0.33525049190252765,2215,302,1.2,2.5,10.0
0.03,False,0.75,273.05,0.33525049190252765,2215,302,1.2,2.5,10.0
0.03,True,0.25,90.25,0.6647495080974724,4392,302,1.2,2.5,10.0
0.03,True,0.5,157.89999999999998,0.6647495080974724,4392,302,1.2,2.5,10.0
0.03,True,0.75,276.925,0.6647495080974724,4392,302,1.2,2.5,10.0
0.06,False,0.25,84.7,0.1952706722189173,1313,302,1.2,2.5,10.0
0.06,False,0.5,145.4,0.1952706722189173,1313,302,1.2,2.5,10.0
0.06,False,0.75,241.00000000000006,0.1952706722189173,1313,302,1.2,2.5,10.0
0.06,True,0.25,83.85,0.8047293277810826,5411,302,1.2,2.5,10.0
0.06,True,0.5,146.09999999999997,0.8047293277810826,5411,302,1.2,2.5,10.0
0.06,True,0.75,247.60000000000005,0.8047293277810826,5411,302,1.2,2.5,10.0
0.09,False,0.25,75.3,0.10623753916263173,746,302,1.2,2.5,10.0
0.09,False,0.5,120.94999999999999,0.10623753916263173,746,302,1.2,2.5,10.0
0.09,False,0.75,209.07500000000005,0.10623753916263173,746,302,1.2,2.5,10.0
0.09,True,0.25,78.1,0.8937624608373683,6276,302,1.2,2.5,10.0
0.09,True,0.5,127.89999999999999,0.8937624608373683,6276,302,1.2,2.5,10.0
0.09,True,0.75,210.60000000000005,0.8937624608373683,6276,302,1.2,2.5,10.0
0.12,False,0.25,62.5,0.05587724377533295,386,302,1.2,2.5,10.0
0.12,False,0.5,101.14999999999999,0.05587724377533295,386,302,1.2,2.5,10.0
0.12,False,0.75,162.79999999999998,0.05587724377533295,386,302,1.2,2.5,10.0
0.12,True,0.25,68.02499999999999,0.944122756224667,6522,302,1.2,2.5,10.0
0.12,True,0.5,109.3,0.944122756224667,6522,302,1.2,2.5,10.0
0.12,True,0.75,176.57500000000002,0.944122756224667,6522,302,1.2,2.5,10.0
0.15,False,0.25,63.25,0.03045977011494253,212,302,1.2,2.5,10.0
0.15,False,0.5,101.19999999999999,0.03045977011494253,212,302,1.2,2.5,10.0
0.15,False,0.75,168.12499999999997,0.03045977011494253,212,302,1.2,2.5,10.0
0.15,True,0.25,62.999999999999986,0.9695402298850575,6748,302,1.2,2.5,10.0
0.15,True,0.5,96.4,0.9695402298850575,6748,302,1.2,2.5,10.0
0.15,True,0.75,151.125,0.9695402298850575,6748,302,1.2,2.5,10.0
0.0,False,0.25,90.59999999999998,0.5121731289449954,1704,304,1.2,2.5,10.0
0.0,False,0.5,161.04999999999998,0.5121731289449954,1704,304,1.2,2.5,10.0
0.0,False,0.75,283.725,0.5121731289449954,1704,304,1.2,2.5,10.0
0.0,True,0.25,91.19999999999999,0.4878268710550045,1623,304,1.2,2.5,10.0
0.0,True,0.5,156.70000000000002,0.4878268710550045,1623,304,1.2,2.5,10.0
0.0,True,0.75,273.0,0.4878268710550045,1623,304,1.2,2.5,10.0
0.03,False,0.25,86.3,0.3277920507782983,2169,304,1.2,2.5,10.0
0.03,False,0.5,151.1,0.3277920507782983,2169,304,1.2,2.5,10.0
0.03,False,0.75,260.00000000000006,0.3277920507782983,2169,304,1.2,2.5,10.0
0.03,True,0.25,90.675,0.6722079492217017,4448,304,1.2,2.5,10.0
0.03,True,0.5,158.6,0.6722079492217017,4448,304,1.2,2.5,10.0
0.03,True,0.75,267.32500000000005,0.6722079492217017,4448,304,1.2,2.5,10.0
0.06,False,0.25,79.92500000000001,0.18379505510872804,1234,304,1.2,2.5,10.0
0.06,False,0.5,137.75,0.18379505510872804,1234,304,1.2,2.5,10.0
0.06,False,0.75,240.87500000000003,0.18379505510872804,1234,304,1.2,2.5,10.0
0.06,True,0.25,85.3,0.8162049448912719,5480,304,1.2,2.5,10.0
0.06,True,0.5,144.35,0.8162049448912719,5480,304,1.2,2.5,10.0
0.06,True,0.75,249.82500000000002,0.8162049448912719,5480,304,1.2,2.5,10.0
0.09,False,0.25,72.39999999999999,0.10960661345496009,769,304,1.2,2.5,10.0
0.09,False,0.5,121.0,0.10960661345496009,769,304,1.2,2.5,10.0
0.09,False,0.75,201.30000000000004,0.10960661345496009,769,304,1.2,2.5,10.0
0.09,True,0.25,76.6,0.8903933865450399,6247,304,1.2,2.5,10.0
0.09,True,0.5,126.79999999999997,0.8903933865450399,6247,304,1.2,2.5,10.0
0.09,True,0.75,208.45000000000005,0.8903933865450399,6247,304,1.2,2.5,10.0
0.12,False,0.25,65.175,0.05559577240480672,384,304,1.2,2.5,10.0
0.12,False,0.5,100.69999999999999,0.05559577240480672,384,304,1.2,2.5,10.0
0.12,False,0.75,169.27499999999998,0.05559577240480672,384,304,1.2,2.5,10.0
0.12,True,0.25,69.29999999999998,0.9444042275951933,6523,304,1.2,2.5,10.0
0.12,True,0.5,110.5,0.9444042275951933,6523,304,1.2,2.5,10.0
0.12,True,0.75,175.85000000000002,0.9444042275951933,6523,304,1.2,2.5,10.0
0.15,False,0.25,61.19999999999999,0.0300416846341814,209,304,1.2,2.5,10.0
0.15,False,0.5,88.59999999999998,0.0300416846341814,209,304,1.2,2.5,10.0
0.15,False,0.75,148.2,0.0300416846341814,209,304,1.2,2.5,10.0
0.15,True,0.25,62.39999999999999,0.9699583153658186,6748,304,1.2,2.5,10.0
0.15,True,0.5,94.64999999999998,0.9699583153658186,6748,304,1.2,2.5,10.0
0.15,True,0.75,148.025,0.9699583153658186,6748,304,1.2,2.5,10.0
0.0,False,0.25,94.24999999999999,0.5160999097201324,1715,307,1.2,2.5,10.0
0.0,False,0.5,161.99999999999997,0.5160999097201324,1715,307,1.2,2.5,10.0
0.0,False,0.75,286.6,0.5160999097201324,1715,307,1.2,2.5,10.0
0.0,True,0.25,91.0,0.4839000902798676,1608,307,1.2,2.5,10.0
0.0,True,0.5,162.14999999999998,0.4839000902798676,1608,307,1.2,2.5,10.0
0.0,True,0.75,278.725,0.4839000902798676,1608,307,1.2,2.5,10.0
0.03,False,0.25,86.0,0.3301544050862852,2181,307,1.2,2.5,10.0
0.03,False,0.5,150.5,0.3301544050862852,2181,307,1.2,2.5,10.0
0.03,False,0.75,266.00000000000006,0.3301544050862852,2181,307,1.2,2.5,10.0
0.03,True,0.25,90.30000000000001,0.6698455949137148,4425,307,1.2,2.5,10.0
0.03,True,0.5,156.6,0.6698455949137148,4425,307,1.2,2.5,10.0
0.03,True,0.75,272.0,0.6698455949137148,4425,307,1.2,2.5,10.0
0.06,False,0.25,81.0,0.19303985722784056,1298,307,1.2,2.5,10.0
0.06,False,0.5,138.35,0.19303985722784056,1298,307,1.2,2.5,10.0
0.06,False,0.75,240.45000000000005,0.19303985722784056,1298,307,1.2,2.5,10.0
0.06,True,0.25,85.49999999999999,0.8069601427721594,5426,307,1.2,2.5,10.0
0.06,True,0.5,144.0,0.8069601427721594,5426,307,1.2,2.5,10.0
0.06,True,0.75,244.70000000000005,0.8069601427721594,5426,307,1.2,2.5,10.0
0.09,False,0.25,78.0,0.10458820176688516,734,307,1.2,2.5,10.0
0.09,False,0.5,128.2,0.10458820176688516,734,307,1.2,2.5,10.0
0.09,False,0.75,208.125,0.10458820176688516,734,307,1.2,2.5,10.0
0.09,True,0.25,77.3,0.8954117982331149,6284,307,1.2,2.5,10.0
0.09,True,0.5,125.89999999999998,0.8954117982331149,6284,307,1.2,2.5,10.0
0.09,True,0.75,206.02500000000003,0.8954117982331149,6284,307,1.2,2.5,10.0
0.12,False,0.25,62.9,0.060382276281494354,417,307,1.2,2.5,10.0
0.12,False,0.5,98.89999999999999,0.060382276281494354,417,307,1.2,2.5,10.0
0.12,False,0.75,167.2,0.060382276281494354,417,307,1.2,2.5,10.0
0.12,True,0.25,70.2,0.9396177237185056,6489,307,1.2,2.5,10.0
0.12,True,0.5,110.79999999999998,0.9396177237185056,6489,307,1.2,2.5,10.0
0.12,True,0.75,173.50000000000003,0.9396177237185056,6489,307,1.2,2.5,10.0
0.15,False,0.25,55.675,0.028160919540229885,196,307,1.2,2.5,10.0
0.15,False,0.5,88.99999999999999,0.028160919540229885,196,307,1.2,2.5,10.0
0.15,False,0.75,136.39999999999998,0.028160919540229885,196,307,1.2,2.5,10.0
0.15,True,0.25,62.5,0.9718390804597701,6764,307,1.2,2.5,10.0
0.15,True,0.5,94.39999999999999,0.9718390804597701,6764,307,1.2,2.5,10.0
0.15,True,0.75,147.7,0.9718390804597701,6764,307,1.2,2.5,10.0
0.0,False,0.25,90.19999999999999,0.5055605650736399,1682,308,1.2,2.5,10.0
0.0,False,0.5,159.35,0.5055605650736399,1682,308,1.2,2.5,10.0
0.0,False,0.75,289.55,0.5055605650736399,1682,308,1.2,2.5,10.0
0.0,True,0.25,94.49999999999999,0.4944394349263601,1645,308,1.2,2.5,10.0
0.0,True,0.5,164.5,0.4944394349263601,1645,308,1.2,2.5,10.0
0.0,True,0.75,279.30000000000007,0.4944394349263601,1645,308,1.2,2.5,10.0
0.03,False,0.25,87.79999999999998,0.3312632535595274,2187,308,1.2,2.5,10.0
0.03,False,0.5,158.79999999999998,0.3312632535595274,2187,308,1.2,2.5,10.0
0.03,False,0.75,261.15000000000003,0.3312632535595274,2187,308,1.2,2.5,10.0
0.03,True,0.25,90.39999999999999,0.6687367464404725,4415,308,1.2,2.5,10.0
0.03,True,0.5,157.2,0.6687367464404725,4415,308,1.2,2.5,10.0
0.03,True,0.75,268.45000000000005,0.6687367464404725,4415,308,1.2,2.5,10.0
0.06,False,0.25,84.64999999999999,0.19538002980625932,1311,308,1.2,2.5,10.0
0.06,False,0.5,150.29999999999998,0.19538002980625932,1311,308,1.2,2.5,10.0
0.06,False,0.75,235.00000000000003,0.19538002980625932,1311,308,1.2,2.5,10.0
0.06,True,0.25,84.1,0.8046199701937407,5399,308,1.2,2.5,10.0
0.06,True,0.5,142.79999999999998,0.8046199701937407,5399,308,1.2,2.5,10.0
0.06,True,0.75,244.45000000000005,0.8046199701937407,5399,308,1.2,2.5,10.0
0.09,False,0.25,73.875,0.10700527892709373,750,308,1.2,2.5,10.0
0.09,False,0.5,123.19999999999999,0.10700527892709373,750,308,1.2,2.5,10.0
0.09,False,0.75,206.275,0.10700527892709373,750,308,1.2,2.5,10.0
0.09,True,0.25,76.80000000000001,0.8929947210729062,6259,308,1.2,2.5,10.0
0.09,True,0.5,126.3,0.8929947210729062,6259,308,1.2,2.5,10.0
0.09,True,0.75,205.40000000000003,0.8929947210729062,6259,308,1.2,2.5,10.0
0.12,False,0.25,62.474999999999994,0.05300506879073135,366,308,1.2,2.5,10.0
0.12,False,0.5,101.8,0.05300506879073135,366,308,1.2,2.5,10.0
0.12,False,0.75,171.725,0.05300506879073135,366,308,1.2,2.5,10.0
0.12,True,0.25,67.6,0.9469949312092687,6539,308,1.2,2.5,10.0
0.12,True,0.5,107.69999999999999,0.9469949312092687,6539,308,1.2,2.5,10.0
0.12,True,0.75,174.8,0.9469949312092687,6539,308,1.2,2.5,10.0
0.15,False,0.25,59.225,0.03074712643678161,214,308,1.2,2.5,10.0
0.15,False,0.5,95.14999999999999,0.03074712643678161,214,308,1.2,2.5,10.0
0.15,False,0.75,151.75,0.03074712643678161,214,308,1.2,2.5,10.0
0.15,True,0.25,63.1,0.9692528735632184,6746,308,1.2,2.5,10.0
0.15,True,0.5,96.8,0.9692528735632184,6746,308,1.2,2.5,10.0
0.15,True,0.75,150.375,0.9692528735632184,6746,308,1.2,2.5,10.0
0.0,False,0.25,87.7,0.4932330827067669,1640,312,1.2,2.5,10.0
0.0,False,0.5,162.6,0.4932330827067669,1640,312,1.2,2.5,10.0
0.0,False,0.75,291.6,0.4932330827067669,1640,312,1.2,2.5,10.0
0.0,True,0.25,92.30000000000001,0.5067669172932331,1685,312,1.2,2.5,10.0
0.0,True,0.5,161.2,0.5067669172932331,1685,312,1.2,2.5,10.0
0.0,True,0.75,278.40000000000003,0.5067669172932331,1685,312,1.2,2.5,10.0
0.03,False,0.25,89.19999999999999,0.3227417158420336,2133,312,1.2,2.5,10.0
0.03,False,0.5,157.1,0.3227417158420336,2133,312,1.2,2.5,10.0
0.03,False,0.75,273.2,0.3227417158420336,2133,312,1.2,2.5,10.0
0.03,True,0.25,93.10000000000001,0.6772582841579664,4476,312,1.2,2.5,10.0
0.03,True,0.5,160.2,0.6772582841579664,4476,312,1.2,2.5,10.0
0.03,True,0.75,271.65000000000003,0.6772582841579664,4476,312,1.2,2.5,10.0
0.06,False,0.25,85.95,0.1915400655347036,1286,312,1.2,2.5,10.0
0.06,False,0.5,144.2,0.1915400655347036,1286,312,1.2,2.5,10.0
0.06,False,0.75,238.40000000000003,0.1915400655347036,1286,312,1.2,2.5,10.0
0.06,True,0.25,82.39999999999999,0.8084599344652964,5428,312,1.2,2.5,10.0
0.06,True,0.5,138.95,0.8084599344652964,5428,312,1.2,2.5,10.0
0.06,True,0.75,239.85000000000008,0.8084599344652964,5428,312,1.2,2.5,10.0
0.09,False,0.25,74.69999999999999,0.10758050726702764,755,312,1.2,2.5,10.0
0.09,False,0.5,118.89999999999998,0.10758050726702764,755,312,1.2,2.5,10.0
0.09,False,0.75,202.15000000000003,0.10758050726702764,755,312,1.2,2.5,10.0
0.09,True,0.25,77.55,0.8924194927329724,6263,312,1.2,2.5,10.0
0.09,True,0.5,125.5,0.8924194927329724,6263,312,1.2,2.5,10.0
0.09,True,0.75,207.40000000000003,0.8924194927329724,6263,312,1.2,2.5,10.0
0.12,False,0.25,68.10000000000001,0.05400318517446069,373,312,1.2,2.5,10.0
0.12,False,0.5,100.49999999999999,0.05400318517446069,373,312,1.2,2.5,10.0
0.12,False,0.75,169.99999999999997,0.05400318517446069,373,312,1.2,2.5,10.0
0.12,True,0.25,69.69999999999999,0.9459968148255393,6534,312,1.2,2.5,10.0
0.12,True,0.5,108.10000000000001,0.9459968148255393,6534,312,1.2,2.5,10.0
0.12,True,0.75,174.475,0.9459968148255393,6534,312,1.2,2.5,10.0
0.15,False,0.25,62.499999999999986,0.02586206896551724,180,312,1.2,2.5,10.0
0.15,False,0.5,92.30000000000001,0.02586206896551724,180,312,1.2,2.5,10.0
0.15,False,0.75,146.2,0.02586206896551724,180,312,1.2,2.5,10.0
0.15,True,0.25,62.39999999999999,0.9741379310344828,6780,312,1.2,2.5,10.0
0.15,True,0.5,95.14999999999999,0.9741379310344828,6780,312,1.2,2.5,10.0
0.15,True,0.75,149.2,0.9741379310344828,6780,312,1.2,2.5,10.0
0.0,False,0.25,92.625,0.4803125939284641,1598,316,1.2,2.5,10.0
0.0,False,0.5,167.55,0.4803125939284641,1598,316,1.2,2.5,10.0
0.0,False,0.75,286.07500000000005,0.4803125939284641,1598,316,1.2,2.5,10.0
0.0,True,0.25,92.8,0.519687406071536,1729,316,1.2,2.5,10.0
0.0,True,0.5,163.8,0.519687406071536,1729,316,1.2,2.5,10.0
0.0,True,0.75,280.20000000000005,0.519687406071536,1729,316,1.2,2.5,10.0
0.03,False,0.25,87.725,0.326431917787517,2160,316,1.2,2.5,10.0
0.03,False,0.5,153.99999999999997,0.326431917787517,2160,316,1.2,2.5,10.0
0.03,False,0.75,264.82500000000005,0.326431917787517,2160,316,1.2,2.5,10.0
0.03,True,0.25,90.39999999999999,0.673568082212483,4457,316,1.2,2.5,10.0
0.03,True,0.5,157.89999999999998,0.673568082212483,4457,316,1.2,2.5,10.0
0.03,True,0.75,271.2,0.673568082212483,4457,316,1.2,2.5,10.0
0.06,False,0.25,79.52499999999999,0.19278903456495827,1294,316,1.2,2.5,10.0
0.06,False,0.5,137.84999999999997,0.19278903456495827,1294,316,1.2,2.5,10.0
0.06,False,0.75,235.45000000000005,0.19278903456495827,1294,316,1.2,2.5,10.0
0.06,True,0.25,84.32499999999999,0.8072109654350417,5418,316,1.2,2.5,10.0
0.06,True,0.5,140.7,0.8072109654350417,5418,316,1.2,2.5,10.0
0.06,True,0.75,242.10000000000005,0.8072109654350417,5418,316,1.2,2.5,10.0
0.09,False,0.25,75.0,0.10555555555555556,741,316,1.2,2.5,10.0
0.09,False,0.5,120.49999999999999,0.10555555555555556,741,316,1.2,2.5,10.0
0.09,False,0.75,211.20000000000005,0.10555555555555556,741,316,1.2,2.5,10.0
0.09,True,0.25,77.39999999999999,0.8944444444444445,6279,316,1.2,2.5,10.0
0.09,True,0.5,124.49999999999999,0.8944444444444445,6279,316,1.2,2.5,10.0
0.09,True,0.75,204.05,0.8944444444444445,6279,316,1.2,2.5,10.0
0.12,False,0.25,64.15,0.05590961761297798,386,316,1.2,2.5,10.0
0.12,False,0.5,104.49999999999999,0.05590961761297798,386,316,1.2,2.5,10.0
0.12,False,0.75,173.625,0.05590961761297798,386,316,1.2,2.5,10.0
0.12,True,0.25,67.99999999999999,0.944090382387022,6518,316,1.2,2.5,10.0
0.12,True,0.5,109.39999999999998,0.944090382387022,6518,316,1.2,2.5,10.0
0.12,True,0.75,175.1,0.944090382387022,6518,316,1.2,2.5,10.0
0.15,False,0.25,66.375,0.026436781609195402,184,316,1.2,2.5,10.0
0.15,False,0.5,91.25,0.026436781609195402,184,316,1.2,2.5,10.0
0.15,False,0.75,147.925,0.026436781609195402,184,316,1.2,2.5,10.0
0.15,True,0.25,62.775,0.9735632183908046,6776,316,1.2,2.5,10.0
0.15,True,0.5,95.19999999999999,0.9735632183908046,6776,316,1.2,2.5,10.0
0.15,True,0.75,147.625,0.9735632183908046,6776,316,1.2,2.5,10.0
0.0,False,0.25,94.32499999999999,0.49430796884361894,1650,330,1.2,2.5,10.0
0.0,False,0.5,157.25,0.49430796884361894,1650,330,1.2,2.5,10.0
0.0,False,0.75,277.42500000000007,0.49430796884361894,1650,330,1.2,2.5,10.0
0.0,True,0.25,92.30000000000001,0.5056920311563811,1688,330,1.2,2.5,10.0
0.0,True,0.5,160.35,0.5056920311563811,1688,330,1.2,2.5,10.0
0.0,True,0.75,287.825,0.5056920311563811,1688,330,1.2,2.5,10.0
0.03,False,0.25,89.55,0.32103043085266647,2131,330,1.2,2.5,10.0
0.03,False,0.5,152.89999999999998,0.32103043085266647,2131,330,1.2,2.5,10.0
0.03,False,0.75,256.75,0.32103043085266647,2131,330,1.2,2.5,10.0
0.03,True,0.25,89.1,0.6789695691473335,4507,330,1.2,2.5,10.0
0.03,True,0.5,154.39999999999998,0.6789695691473335,4507,330,1.2,2.5,10.0
0.03,True,0.75,261.85,0.6789695691473335,4507,330,1.2,2.5,10.0
0.06,False,0.25,84.59999999999998,0.19161944527288996,1285,330,1.2,2.5,10.0
0.06,False,0.5,136.79999999999998,0.19161944527288996,1285,330,1.2,2.5,10.0
0.06,False,0.75,237.40000000000006,0.19161944527288996,1285,330,1.2,2.5,10.0
0.06,True,0.25,83.7,0.80838055472711,5421,330,1.2,2.5,10.0
0.06,True,0.5,142.79999999999998,0.80838055472711,5421,330,1.2,2.5,10.0
0.06,True,0.75,238.80000000000004,0.80838055472711,5421,330,1.2,2.5,10.0
0.09,False,0.25,70.85,0.1037776193870278,728,330,1.2,2.5,10.0
0.09,False,0.5,121.79999999999998,0.1037776193870278,728,330,1.2,2.5,10.0
0.09,False,0.75,205.42500000000004,0.1037776193870278,728,330,1.2,2.5,10.0
0.09,True,0.25,77.2,0.8962223806129722,6287,330,1.2,2.5,10.0
0.09,True,0.5,125.1,0.8962223806129722,6287,330,1.2,2.5,10.0
0.09,True,0.75,206.05,0.8962223806129722,6287,330,1.2,2.5,10.0
0.12,False,0.25,62.7,0.05920671685002895,409,330,1.2,2.5,10.0
0.12,False,0.5,97.1,0.05920671685002895,409,330,1.2,2.5,10.0
0.12,False,0.75,162.70000000000002,0.05920671685002895,409,330,1.2,2.5,10.0
0.12,True,0.25,69.09999999999998,0.940793283149971,6499,330,1.2,2.5,10.0
0.12,True,0.5,109.69999999999999,0.940793283149971,6499,330,1.2,2.5,10.0
0.12,True,0.75,174.14999999999998,0.940793283149971,6499,330,1.2,2.5,10.0
0.15,False,0.25,58.00000000000001,0.030607845954878574,213,330,1.2,2.5,10.0
0.15,False,0.5,87.5,0.030607845954878574,213,330,1.2,2.5,10.0
0.15,False,0.75,155.99999999999997,0.030607845954878574,213,330,1.2,2.5,10.0
0.15,True,0.25,62.7,0.9693921540451215,6746,330,1.2,2.5,10.0
0.15,True,0.5,95.49999999999999,0.9693921540451215,6746,330,1.2,2.5,10.0
0.15,True,0.75,148.075,0.9693921540451215,6746,330,1.2,2.5,10.0
0.0,False,0.25,91.07499999999999,0.5064506450645064,1688,335,1.2,2.5,10.0
0.0,False,0.5,158.2,0.5064506450645064,1688,335,1.2,2.5,10.0
0.0,False,0.75,274.45000000000005,0.5064506450645064,1688,335,1.2,2.5,10.0
0.0,True,0.25,91.39999999999999,0.49354935493549357,1645,335,1.2,2.5,10.0
0.0,True,0.5,157.29999999999998,0.49354935493549357,1645,335,1.2,2.5,10.0
0.0,True,0.75,269.70000000000005,0.49354935493549357,1645,335,1.2,2.5,10.0
0.03,False,0.25,89.30000000000001,0.3281981573780396,2173,335,1.2,2.5,10.0
0.03,False,0.5,150.79999999999998,0.3281981573780396,2173,335,1.2,2.5,10.0
0.03,False,0.75,272.40000000000003,0.3281981573780396,2173,335,1.2,2.5,10.0
0.03,True,0.25,90.0,0.6718018426219604,4448,335,1.2,2.5,10.0
0.03,True,0.5,159.04999999999998,0.6718018426219604,4448,335,1.2,2.5,10.0
0.03,True,0.75,271.625,0.6718018426219604,4448,335,1.2,2.5,10.0
0.06,False,0.25,80.80000000000001,0.188822652757079,1267,335,1.2,2.5,10.0
0.06,False,0.5,146.0,0.188822652757079,1267,335,1.2,2.5,10.0
0.06,False,0.75,247.4,0.188822652757079,1267,335,1.2,2.5,10.0
0.06,True,0.25,82.99999999999999,0.811177347242921,5443,335,1.2,2.5,10.0
0.06,True,0.5,140.09999999999997,0.811177347242921,5443,335,1.2,2.5,10.0
0.06,True,0.75,236.35000000000002,0.811177347242921,5443,335,1.2,2.5,10.0
0.09,False,0.25,72.29999999999998,0.10503063987459028,737,335,1.2,2.5,10.0
0.09,False,0.5,116.69999999999999,0.10503063987459028,737,335,1.2,2.5,10.0
0.09,False,0.75,202.70000000000002,0.10503063987459028,737,335,1.2,2.5,10.0
0.09,True,0.25,75.49999999999999,0.8949693601254097,6280,335,1.2,2.5,10.0
0.09,True,0.5,127.44999999999999,0.8949693601254097,6280,335,1.2,2.5,10.0
0.09,True,0.75,212.02500000000006,0.8949693601254097,6280,335,1.2,2.5,10.0
0.12,False,0.25,68.125,0.05065856129685917,350,335,1.2,2.5,10.0
0.12,False,0.5,111.44999999999999,0.05065856129685917,350,335,1.2,2.5,10.0
0.12,False,0.75,166.7,0.05065856129685917,350,335,1.2,2.5,10.0
0.12,True,0.25,69.25,0.9493414387031408,6559,335,1.2,2.5,10.0
0.12,True,0.5,108.6,0.9493414387031408,6559,335,1.2,2.5,10.0
0.12,True,0.75,176.14999999999998,0.9493414387031408,6559,335,1.2,2.5,10.0
0.15,False,0.25,56.75,0.028017241379310345,195,335,1.2,2.5,10.0
0.15,False,0.5,91.59999999999998,0.028017241379310345,195,335,1.2,2.5,10.0
0.15,False,0.75,156.05,0.028017241379310345,195,335,1.2,2.5,10.0
0.15,True,0.25,62.39999999999999,0.9719827586206896,6765,335,1.2,2.5,10.0
0.15,True,0.5,95.4,0.9719827586206896,6765,335,1.2,2.5,10.0
0.15,True,0.75,148.2,0.9719827586206896,6765,335,1.2,2.5,10.0
0.0,False,0.25,97.44999999999999,0.49381225475399937,1636,345,1.2,2.5,10.0
0.0,False,0.5,166.6,0.49381225475399937,1636,345,1.2,2.5,10.0
0.0,False,0.75,278.12500000000006,0.49381225475399937,1636,345,1.2,2.5,10.0
0.0,True,0.25,92.19999999999999,0.5061877452460006,1677,345,1.2,2.5,10.0
0.0,True,0.5,158.39999999999998,0.5061877452460006,1677,345,1.2,2.5,10.0
0.0,True,0.75,261.3,0.5061877452460006,1677,345,1.2,2.5,10.0
0.03,False,0.25,91.125,0.330012077294686,2186,345,1.2,2.5,10.0
0.03,False,0.5,156.29999999999998,0.330012077294686,2186,345,1.2,2.5,10.0
0.03,False,0.75,268.30000000000007,0.330012077294686,2186,345,1.2,2.5,10.0
0.03,True,0.25,93.05,0.669987922705314,4438,345,1.2,2.5,10.0
0.03,True,0.5,161.04999999999998,0.669987922705314,4438,345,1.2,2.5,10.0
0.03,True,0.75,268.1000000000001,0.669987922705314,4438,345,1.2,2.5,10.0
0.06,False,0.25,81.05,0.19026351049575704,1278,345,1.2,2.5,10.0
0.06,False,0.5,134.95,0.19026351049575704,1278,345,1.2,2.5,10.0
0.06,False,0.75,238.67500000000004,0.19026351049575704,1278,345,1.2,2.5,10.0
0.06,True,0.25,85.59999999999998,0.8097364895042429,5439,345,1.2,2.5,10.0
0.06,True,0.5,143.4,0.8097364895042429,5439,345,1.2,2.5,10.0
0.06,True,0.75,242.80000000000004,0.8097364895042429,5439,345,1.2,2.5,10.0
0.09,False,0.25,73.825,0.1023229300270771,718,345,1.2,2.5,10.0
0.09,False,0.5,122.0,0.1023229300270771,718,345,1.2,2.5,10.0
0.09,False,0.75,204.90000000000003,0.1023229300270771,718,345,1.2,2.5,10.0
0.09,True,0.25,76.89999999999999,0.8976770699729228,6299,345,1.2,2.5,10.0
0.09,True,0.5,127.6,0.8976770699729228,6299,345,1.2,2.5,10.0
0.09,True,0.75,212.05000000000007,0.8976770699729228,6299,345,1.2,2.5,10.0
0.12,False,0.25,65.9,0.05371362385985232,371,345,1.2,2.5,10.0
0.12,False,0.5,102.5,0.05371362385985232,371,345,1.2,2.5,10.0
0.12,False,0.75,169.55,0.05371362385985232,371,345,1.2,2.5,10.0
0.12,True,0.25,68.99999999999999,0.9462863761401477,6536,345,1.2,2.5,10.0
0.12,True,0.5,107.3,0.9462863761401477,6536,345,1.2,2.5,10.0
0.12,True,0.75,170.49999999999997,0.9462863761401477,6536,345,1.2,2.5,10.0
0.15,False,0.25,58.89999999999999,0.028452363845380083,198,345,1.2,2.5,10.0
0.15,False,0.5,87.85,0.028452363845380083,198,345,1.2,2.5,10.0
0.15,False,0.75,159.85,0.028452363845380083,198,345,1.2,2.5,10.0
0.15,True,0.25,62.7,0.9715476361546199,6761,345,1.2,2.5,10.0
0.15,True,0.5,96.1,0.9715476361546199,6761,345,1.2,2.5,10.0
0.15,True,0.75,148.4,0.9715476361546199,6761,345,1.2,2.5,10.0
0.0,False,0.25,87.675,0.4931013797240552,1644,356,1.2,2.5,10.0
0.0,False,0.5,153.75,0.4931013797240552,1644,356,1.2,2.5,10.0
0.0,False,0.75,272.42500000000007,0.4931013797240552,1644,356,1.2,2.5,10.0
0.0,True,0.25,95.32499999999999,0.5068986202759448,1690,356,1.2,2.5,10.0
0.0,True,0.5,166.6,0.5068986202759448,1690,356,1.2,2.5,10.0
0.0,True,0.75,279.3,0.5068986202759448,1690,356,1.2,2.5,10.0
0.03,False,0.25,86.67499999999998,0.3253212396069539,2152,356,1.2,2.5,10.0
0.03,False,0.5,154.5,0.3253212396069539,2152,356,1.2,2.5,10.0
0.03,False,0.75,260.57500000000005,0.3253212396069539,2152,356,1.2,2.5,10.0
0.03,True,0.25,90.39999999999999,0.6746787603930461,4463,356,1.2,2.5,10.0
0.03,True,0.5,155.5,0.6746787603930461,4463,356,1.2,2.5,10.0
0.03,True,0.75,262.30000000000007,0.6746787603930461,4463,356,1.2,2.5,10.0
0.06,False,0.25,80.1,0.19803308001788109,1329,356,1.2,2.5,10.0
0.06,False,0.5,136.9,0.19803308001788109,1329,356,1.2,2.5,10.0
0.06,False,0.75,234.80000000000004,0.19803308001788109,1329,356,1.2,2.5,10.0
0.06,True,0.25,81.49999999999999,0.8019669199821189,5382,356,1.2,2.5,10.0
0.06,True,0.5,138.1,0.8019669199821189,5382,356,1.2,2.5,10.0
0.06,True,0.75,238.30000000000004,0.8019669199821189,5382,356,1.2,2.5,10.0
0.09,False,0.25,72.85,0.10810425865261358,759,356,1.2,2.5,10.0
0.09,False,0.5,121.69999999999999,0.10810425865261358,759,356,1.2,2.5,10.0
0.09,False,0.75,206.8,0.10810425865261358,759,356,1.2,2.5,10.0
0.09,True,0.25,79.49999999999999,0.8918957413473864,6262,356,1.2,2.5,10.0
0.09,True,0.5,126.44999999999999,0.8918957413473864,6262,356,1.2,2.5,10.0
0.09,True,0.75,207.575,0.8918957413473864,6262,356,1.2,2.5,10.0
0.12,False,0.25,64.25,0.05445329471397538,376,356,1.2,2.5,10.0
0.12,False,0.5,107.80000000000001,0.05445329471397538,376,356,1.2,2.5,10.0
0.12,False,0.75,171.05,0.05445329471397538,376,356,1.2,2.5,10.0
0.12,True,0.25,68.8,0.9455467052860246,6529,356,1.2,2.5,10.0
0.12,True,0.5,107.6,0.9455467052860246,6529,356,1.2,2.5,10.0
0.12,True,0.75,172.8,0.9455467052860246,6529,356,1.2,2.5,10.0
0.15,False,0.25,59.89999999999999,0.024141399626383103,168,356,1.2,2.5,10.0
0.15,False,0.5,84.39999999999999,0.024141399626383103,168,356,1.2,2.5,10.0
0.15,False,0.75,139.075,0.024141399626383103,168,356,1.2,2.5,10.0
0.15,True,0.25,62.5,0.9758586003736169,6791,356,1.2,2.5,10.0
0.15,True,0.5,95.69999999999997,0.9758586003736169,6791,356,1.2,2.5,10.0
0.15,True,0.75,146.7,0.9758586003736169,6791,356,1.2,2.5,10.0
0.0,False,0.25,91.44999999999999,0.4935416040853109,1643,358,1.2,2.5,10.0
0.0,False,0.5,167.49999999999997,0.4935416040853109,1643,358,1.2,2.5,10.0
0.0,False,0.75,282.1500000000001,0.4935416040853109,1643,358,1.2,2.5,10.0
0.0,True,0.25,96.49999999999999,0.5064583959146891,1686,358,1.2,2.5,10.0
0.0,True,0.5,164.2,0.5064583959146891,1686,358,1.2,2.5,10.0
0.0,True,0.75,289.475,0.5064583959146891,1686,358,1.2,2.5,10.0
0.03,False,0.25,88.57499999999999,0.34149289815654277,2260,358,1.2,2.5,10.0
0.03,False,0.5,152.45,0.34149289815654277,2260,358,1.2,2.5,10.0
0.03,False,0.75,266.50000000000006,0.34149289815654277,2260,358,1.2,2.5,10.0
0.03,True,0.25,90.95,0.6585071018434573,4358,358,1.2,2.5,10.0
0.03,True,0.5,160.14999999999998,0.6585071018434573,4358,358,1.2,2.5,10.0
0.03,True,0.75,265.17500000000007,0.6585071018434573,4358,358,1.2,2.5,10.0
0.06,False,0.25,80.725,0.1939809296781883,1302,358,1.2,2.5,10.0
0.06,False,0.5,142.99999999999997,0.1939809296781883,1302,358,1.2,2.5,10.0
0.06,False,0.75,239.20000000000005,0.1939809296781883,1302,358,1.2,2.5,10.0
0.06,True,0.25,82.3,0.8060190703218116,5410,358,1.2,2.5,10.0
0.06,True,0.5,142.0,0.8060190703218116,5410,358,1.2,2.5,10.0
0.06,True,0.75,239.175,0.8060190703218116,5410,358,1.2,2.5,10.0
0.09,False,0.25,74.3,0.09917355371900827,696,358,1.2,2.5,10.0
0.09,False,0.5,120.19999999999999,0.09917355371900827,696,358,1.2,2.5,10.0
0.09,False,0.75,202.40000000000006,0.09917355371900827,696,358,1.2,2.5,10.0
0.09,True,0.25,77.39999999999999,0.9008264462809917,6322,358,1.2,2.5,10.0
0.09,True,0.5,126.79999999999997,0.9008264462809917,6322,358,1.2,2.5,10.0
0.09,True,0.75,205.67500000000004,0.9008264462809917,6322,358,1.2,2.5,10.0
0.12,False,0.25,69.6,0.053705848291835556,371,358,1.2,2.5,10.0
0.12,False,0.5,111.69999999999999,0.053705848291835556,371,358,1.2,2.5,10.0
0.12,False,0.75,173.35000000000002,0.053705848291835556,371,358,1.2,2.5,10.0
0.12,True,0.25,70.89999999999999,0.9462941517081644,6537,358,1.2,2.5,10.0
0.12,True,0.5,111.99999999999999,0.9462941517081644,6537,358,1.2,2.5,10.0
0.12,True,0.75,179.50000000000003,0.9462941517081644,6537,358,1.2,2.5,10.0
0.15,False,0.25,59.64999999999999,0.027590171001580687,192,358,1.2,2.5,10.0
0.15,False,0.5,84.79999999999998,0.027590171001580687,192,358,1.2,2.5,10.0
0.15,False,0.75,134.65,0.027590171001580687,192,358,1.2,2.5,10.0
0.15,True,0.25,63.05,0.9724098289984193,6767,358,1.2,2.5,10.0
0.15,True,0.5,97.19999999999999,0.9724098289984193,6767,358,1.2,2.5,10.0
0.15,True,0.75,149.25,0.9724098289984193,6767,358,1.2,2.5,10.0
0.0,False,0.25,93.24999999999999,0.5,1658,362,1.2,2.5,10.0
0.0,False,0.5,160.89999999999998,0.5,1658,362,1.2,2.5,10.0
0.0,False,0.75,279.45000000000005,0.5,1658,362,1.2,2.5,10.0
0.0,True,0.25,89.75,0.5,1658,362,1.2,2.5,10.0
0.0,True,0.5,163.35,0.5,1658,362,1.2,2.5,10.0
0.0,True,0.75,280.67500000000007,0.5,1658,362,1.2,2.5,10.0
0.03,False,0.25,90.17499999999998,0.3244061128763807,2144,362,1.2,2.5,10.0
0.03,False,0.5,159.85,0.3244061128763807,2144,362,1.2,2.5,10.0
0.03,False,0.75,267.65000000000003,0.3244061128763807,2144,362,1.2,2.5,10.0
0.03,True,0.25,89.5,0.6755938871236193,4465,362,1.2,2.5,10.0
0.03,True,0.5,154.5,0.6755938871236193,4465,362,1.2,2.5,10.0
0.03,True,0.75,269.5,0.6755938871236193,4465,362,1.2,2.5,10.0
0.06,False,0.25,83.1,0.19267966076476714,1295,362,1.2,2.5,10.0
0.06,False,0.5,144.6,0.19267966076476714,1295,362,1.2,2.5,10.0
0.06,False,0.75,243.15000000000003,0.19267966076476714,1295,362,1.2,2.5,10.0
0.06,True,0.25,85.39999999999999,0.8073203392352328,5426,362,1.2,2.5,10.0
0.06,True,0.5,143.79999999999998,0.8073203392352328,5426,362,1.2,2.5,10.0
0.06,True,0.75,241.40000000000006,0.8073203392352328,5426,362,1.2,2.5,10.0
0.09,False,0.25,73.1,0.10751922529193962,755,362,1.2,2.5,10.0
0.09,False,0.5,113.69999999999999,0.10751922529193962,755,362,1.2,2.5,10.0
0.09,False,0.75,194.79999999999998,0.10751922529193962,755,362,1.2,2.5,10.0
0.09,True,0.25,75.49999999999999,0.8924807747080604,6267,362,1.2,2.5,10.0
0.09,True,0.5,125.6,0.8924807747080604,6267,362,1.2,2.5,10.0
0.09,True,0.75,205.6,0.8924807747080604,6267,362,1.2,2.5,10.0
0.12,False,0.25,64.75,0.05312680949623625,367,362,1.2,2.5,10.0
0.12,False,0.5,107.5,0.05312680949623625,367,362,1.2,2.5,10.0
0.12,False,0.75,168.45,0.05312680949623625,367,362,1.2,2.5,10.0
0.12,True,0.25,69.6,0.9468731905037637,6541,362,1.2,2.5,10.0
0.12,True,0.5,109.99999999999999,0.9468731905037637,6541,362,1.2,2.5,10.0
0.12,True,0.75,176.8,0.9468731905037637,6541,362,1.2,2.5,10.0
0.15,False,0.25,65.0,0.026436781609195402,184,362,1.2,2.5,10.0
0.15,False,0.5,90.15,0.026436781609195402,184,362,1.2,2.5,10.0
0.15,False,0.75,142.64999999999998,0.026436781609195402,184,362,1.2,2.5,10.0
0.15,True,0.25,63.1,0.9735632183908046,6776,362,1.2,2.5,10.0
0.15,True,0.5,96.19999999999999,0.9735632183908046,6776,362,1.2,2.5,10.0
0.15,True,0.75,150.325,0.9735632183908046,6776,362,1.2,2.5,10.0
0.0,False,0.25,93.65,0.5010564443102928,1660,367,1.2,2.5,10.0
0.0,False,0.5,163.25,0.5010564443102928,1660,367,1.2,2.5,10.0
0.0,False,0.75,275.20000000000005,0.5010564443102928,1660,367,1.2,2.5,10.0
0.0,True,0.25,90.5,0.4989435556897072,1653,367,1.2,2.5,10.0
0.0,True,0.5,161.39999999999998,0.4989435556897072,1653,367,1.2,2.5,10.0
0.0,True,0.75,272.1000000000001,0.4989435556897072,1653,367,1.2,2.5,10.0
0.03,False,0.25,90.39999999999999,0.3204411542529083,2121,367,1.2,2.5,10.0
0.03,False,0.5,162.3,0.3204411542529083,2121,367,1.2,2.5,10.0
0.03,False,0.75,277.6,0.3204411542529083,2121,367,1.2,2.5,10.0
0.03,True,0.25,90.7,0.6795588457470917,4498,367,1.2,2.5,10.0
0.03,True,0.5,153.6,0.6795588457470917,4498,367,1.2,2.5,10.0
0.03,True,0.75,265.1,0.6795588457470917,4498,367,1.2,2.5,10.0
0.06,False,0.25,83.39999999999999,0.19455194998511463,1307,367,1.2,2.5,10.0
0.06,False,0.5,140.79999999999998,0.19455194998511463,1307,367,1.2,2.5,10.0
0.06,False,0.75,244.55,0.19455194998511463,1307,367,1.2,2.5,10.0
0.06,True,0.25,82.69999999999999,0.8054480500148854,5411,367,1.2,2.5,10.0
0.06,True,0.5,142.5,0.8054480500148854,5411,367,1.2,2.5,10.0
0.06,True,0.75,240.00000000000006,0.8054480500148854,5411,367,1.2,2.5,10.0
0.09,False,0.25,74.64999999999999,0.1052031361368496,738,367,1.2,2.5,10.0
0.09,False,0.5,124.85,0.1052031361368496,738,367,1.2,2.5,10.0
0.09,False,0.75,223.72500000000005,0.1052031361368496,738,367,1.2,2.5,10.0
0.09,True,0.25,76.3,0.8947968638631504,6277,367,1.2,2.5,10.0
0.09,True,0.5,126.79999999999997,0.8947968638631504,6277,367,1.2,2.5,10.0
0.09,True,0.75,209.80000000000004,0.8947968638631504,6277,367,1.2,2.5,10.0
0.12,False,0.25,67.125,0.057051838980596584,394,367,1.2,2.5,10.0
0.12,False,0.5,109.49999999999999,0.057051838980596584,394,367,1.2,2.5,10.0
0.12,False,0.75,175.575,0.057051838980596584,394,367,1.2,2.5,10.0
0.12,True,0.25,68.39999999999999,0.9429481610194034,6512,367,1.2,2.5,10.0
0.12,True,0.5,108.35,0.9429481610194034,6512,367,1.2,2.5,10.0
0.12,True,0.75,172.8,0.9429481610194034,6512,367,1.2,2.5,10.0
0.15,False,0.25,57.3,0.03074712643678161,214,367,1.2,2.5,10.0
0.15,False,0.5,84.55,0.03074712643678161,214,367,1.2,2.5,10.0
0.15,False,0.75,125.475,0.03074712643678161,214,367,1.2,2.5,10.0
0.15,True,0.25,62.824999999999996,0.9692528735632184,6746,367,1.2,2.5,10.0
0.15,True,0.5,94.89999999999998,0.9692528735632184,6746,367,1.2,2.5,10.0
0.15,True,0.75,146.77499999999998,0.9692528735632184,6746,367,1.2,2.5,10.0
0.0,False,0.25,92.30000000000001,0.5073684210526316,1687,368,1.2,2.5,10.0
0.0,False,0.5,165.7,0.5073684210526316,1687,368,1.2,2.5,10.0
0.0,False,0.75,280.70000000000005,0.5073684210526316,1687,368,1.2,2.5,10.0
0.0,True,0.25,90.85,0.4926315789473684,1638,368,1.2,2.5,10.0
0.0,True,0.5,173.00000000000003,0.4926315789473684,1638,368,1.2,2.5,10.0
0.0,True,0.75,290.15000000000003,0.4926315789473684,1638,368,1.2,2.5,10.0
0.03,False,0.25,89.8,0.32230281051677245,2133,368,1.2,2.5,10.0
0.03,False,0.5,155.99999999999997,0.32230281051677245,2133,368,1.2,2.5,10.0
0.03,False,0.75,268.8,0.32230281051677245,2133,368,1.2,2.5,10.0
0.03,True,0.25,90.39999999999999,0.6776971894832275,4485,368,1.2,2.5,10.0
0.03,True,0.5,157.99999999999997,0.6776971894832275,4485,368,1.2,2.5,10.0
0.03,True,0.75,269.2,0.6776971894832275,4485,368,1.2,2.5,10.0
0.06,False,0.25,83.3,0.19470868014268727,1310,368,1.2,2.5,10.0
0.06,False,0.5,139.99999999999997,0.19470868014268727,1310,368,1.2,2.5,10.0
0.06,False,0.75,244.07500000000005,0.19470868014268727,1310,368,1.2,2.5,10.0
0.06,True,0.25,84.225,0.8052913198573127,5418,368,1.2,2.5,10.0
0.06,True,0.5,142.3,0.8052913198573127,5418,368,1.2,2.5,10.0
0.06,True,0.75,248.00000000000006,0.8052913198573127,5418,368,1.2,2.5,10.0
0.09,False,0.25,71.97499999999998,0.09846328969834946,692,368,1.2,2.5,10.0
0.09,False,0.5,114.74999999999999,0.09846328969834946,692,368,1.2,2.5,10.0
0.09,False,0.75,197.7,0.09846328969834946,692,368,1.2,2.5,10.0
0.09,True,0.25,76.39999999999999,0.9015367103016505,6336,368,1.2,2.5,10.0
0.09,True,0.5,125.6,0.9015367103016505,6336,368,1.2,2.5,10.0
0.09,True,0.75,210.02500000000003,0.9015367103016505,6336,368,1.2,2.5,10.0
0.12,False,0.25,68.14999999999999,0.05878094686549877,406,368,1.2,2.5,10.0
0.12,False,0.5,110.19999999999999,0.05878094686549877,406,368,1.2,2.5,10.0
0.12,False,0.75,162.375,0.05878094686549877,406,368,1.2,2.5,10.0
0.12,True,0.25,69.39999999999999,0.9412190531345013,6501,368,1.2,2.5,10.0
0.12,True,0.5,109.99999999999999,0.9412190531345013,6501,368,1.2,2.5,10.0
0.12,True,0.75,175.8,0.9412190531345013,6501,368,1.2,2.5,10.0
0.15,False,0.25,59.724999999999994,0.029022988505747128,202,368,1.2,2.5,10.0
0.15,False,0.5,88.6,0.029022988505747128,202,368,1.2,2.5,10.0
0.15,False,0.75,137.2,0.029022988505747128,202,368,1.2,2.5,10.0
0.15,True,0.25,63.5,0.9709770114942529,6758,368,1.2,2.5,10.0
0.15,True,0.5,97.19999999999999,0.9709770114942529,6758,368,1.2,2.5,10.0
0.15,True,0.75,149.0,0.9709770114942529,6758,368,1.2,2.5,10.0
0.0,False,0.25,86.79999999999998,0.4993986770895971,1661,371,1.2,2.5,10.0
0.0,False,0.5,155.79999999999998,0.4993986770895971,1661,371,1.2,2.5,10.0
0.0,False,0.75,271.40000000000003,0.4993986770895971,1661,371,1.2,2.5,10.0
0.0,True,0.25,92.30000000000001,0.5006013229104029,1665,371,1.2,2.5,10.0
0.0,True,0.5,163.70000000000002,0.5006013229104029,1665,371,1.2,2.5,10.0
0.0,True,0.75,287.6,0.5006013229104029,1665,371,1.2,2.5,10.0
0.03,False,0.25,85.3,0.322463768115942,2136,371,1.2,2.5,10.0
0.03,False,0.5,150.85000000000002,0.322463768115942,2136,371,1.2,2.5,10.0
0.03,False,0.75,270.1500000000001,0.322463768115942,2136,371,1.2,2.5,10.0
0.03,True,0.25,90.19999999999999,0.677536231884058,4488,371,1.2,2.5,10.0
0.03,True,0.5,156.75,0.677536231884058,4488,371,1.2,2.5,10.0
0.03,True,0.75,269.0,0.677536231884058,4488,371,1.2,2.5,10.0
0.06,False,0.25,83.1,0.1951401311866428,1309,371,1.2,2.5,10.0
0.06,False,0.5,145.29999999999998,0.1951401311866428,1309,371,1.2,2.5,10.0
0.06,False,0.75,238.00000000000006,0.1951401311866428,1309,371,1.2,2.5,10.0
0.06,True,0.25,81.0,0.8048598688133571,5399,371,1.2,2.5,10.0
0.06,True,0.5,138.99999999999997,0.8048598688133571,5399,371,1.2,2.5,10.0
0.06,True,0.75,233.50000000000003,0.8048598688133571,5399,371,1.2,2.5,10.0
0.09,False,0.25,72.225,0.09770687936191426,686,371,1.2,2.5,10.0
0.09,False,0.5,122.69999999999999,0.09770687936191426,686,371,1.2,2.5,10.0
0.09,False,0.75,202.0,0.09770687936191426,686,371,1.2,2.5,10.0
0.09,True,0.25,76.39999999999999,0.9022931206380858,6335,371,1.2,2.5,10.0
0.09,True,0.5,126.69999999999997,0.9022931206380858,6335,371,1.2,2.5,10.0
0.09,True,0.75,206.3,0.9022931206380858,6335,371,1.2,2.5,10.0
0.12,False,0.25,63.8,0.05749456915278783,397,371,1.2,2.5,10.0
0.12,False,0.5,105.5,0.05749456915278783,397,371,1.2,2.5,10.0
0.12,False,0.75,162.8,0.05749456915278783,397,371,1.2,2.5,10.0
0.12,True,0.25,69.47499999999998,0.9425054308472122,6508,371,1.2,2.5,10.0
0.12,True,0.5,109.39999999999998,0.9425054308472122,6508,371,1.2,2.5,10.0
0.12,True,0.75,174.4,0.9425054308472122,6508,371,1.2,2.5,10.0
0.15,False,0.25,54.50000000000001,0.026149425287356323,182,371,1.2,2.5,10.0
0.15,False,0.5,82.6,0.026149425287356323,182,371,1.2,2.5,10.0
0.15,False,0.75,125.89999999999999,0.026149425287356323,182,371,1.2,2.5,10.0
0.15,True,0.25,61.9,0.9738505747126437,6778,371,1.2,2.5,10.0
0.15,True,0.5,96.14999999999999,0.9738505747126437,6778,371,1.2,2.5,10.0
0.15,True,0.75,147.2,0.9738505747126437,6778,371,1.2,2.5,10.0
0.0,False,0.25,93.9,0.4965455091619105,1653,380,1.2,2.5,10.0
0.0,False,0.5,157.89999999999998,0.4965455091619105,1653,380,1.2,2.5,10.0
0.0,False,0.75,266.00000000000006,0.4965455091619105,1653,380,1.2,2.5,10.0
0.0,True,0.25,88.39999999999999,0.5034544908380895,1676,380,1.2,2.5,10.0
0.0,True,0.5,153.95,0.5034544908380895,1676,380,1.2,2.5,10.0
0.0,True,0.75,275.425,0.5034544908380895,1676,380,1.2,2.5,10.0
0.03,False,0.25,88.79999999999998,0.3332829732588004,2206,380,1.2,2.5,10.0
0.03,False,0.5,154.25,0.3332829732588004,2206,380,1.2,2.5,10.0
0.03,False,0.75,267.975,0.3332829732588004,2206,380,1.2,2.5,10.0
0.03,True,0.25,88.5,0.6667170267411996,4413,380,1.2,2.5,10.0
0.03,True,0.5,155.70000000000002,0.6667170267411996,4413,380,1.2,2.5,10.0
0.03,True,0.75,264.70000000000005,0.6667170267411996,4413,380,1.2,2.5,10.0
0.06,False,0.25,83.44999999999999,0.19594997022036928,1316,380,1.2,2.5,10.0
0.06,False,0.5,141.64999999999998,0.19594997022036928,1316,380,1.2,2.5,10.0
0.06,False,0.75,239.47500000000005,0.19594997022036928,1316,380,1.2,2.5,10.0
0.06,True,0.25,82.77499999999998,0.8040500297796307,5400,380,1.2,2.5,10.0
0.06,True,0.5,140.79999999999998,0.8040500297796307,5400,380,1.2,2.5,10.0
0.06,True,0.75,239.62500000000003,0.8040500297796307,5400,380,1.2,2.5,10.0
0.09,False,0.25,73.39999999999999,0.10600455321570859,745,380,1.2,2.5,10.0
0.09,False,0.5,120.69999999999999,0.10600455321570859,745,380,1.2,2.5,10.0
0.09,False,0.75,193.8,0.10600455321570859,745,380,1.2,2.5,10.0
0.09,True,0.25,77.0,0.8939954467842914,6283,380,1.2,2.5,10.0
0.09,True,0.5,127.19999999999997,0.8939954467842914,6283,380,1.2,2.5,10.0
0.09,True,0.75,209.25,0.8939954467842914,6283,380,1.2,2.5,10.0
0.12,False,0.25,66.4,0.05486392588303416,379,380,1.2,2.5,10.0
0.12,False,0.5,106.2,0.05486392588303416,379,380,1.2,2.5,10.0
0.12,False,0.75,161.0,0.05486392588303416,379,380,1.2,2.5,10.0
0.12,True,0.25,69.09999999999998,0.9451360741169659,6529,380,1.2,2.5,10.0
0.12,True,0.5,110.10000000000001,0.9451360741169659,6529,380,1.2,2.5,10.0
0.12,True,0.75,174.3,0.9451360741169659,6529,380,1.2,2.5,10.0
0.15,False,0.25,61.5,0.03290229885057471,229,380,1.2,2.5,10.0
0.15,False,0.5,91.8,0.03290229885057471,229,380,1.2,2.5,10.0
0.15,False,0.75,131.79999999999998,0.03290229885057471,229,380,1.2,2.5,10.0
0.15,True,0.25,63.1,0.9670977011494253,6731,380,1.2,2.5,10.0
0.15,True,0.5,95.4,0.9670977011494253,6731,380,1.2,2.5,10.0
0.15,True,0.75,148.4,0.9670977011494253,6731,380,1.2,2.5,10.0
0.0,False,0.25,92.85,0.5060132291040289,1683,394,1.2,2.5,10.0
0.0,False,0.5,160.8,0.5060132291040289,1683,394,1.2,2.5,10.0
0.0,False,0.75,270.4000000000001,0.5060132291040289,1683,394,1.2,2.5,10.0
0.0,True,0.25,91.14999999999999,0.49398677089597115,1643,394,1.2,2.5,10.0
0.0,True,0.5,160.8,0.49398677089597115,1643,394,1.2,2.5,10.0
0.0,True,0.75,268.35,0.49398677089597115,1643,394,1.2,2.5,10.0
0.03,False,0.25,89.07499999999999,0.3256305694003927,2156,394,1.2,2.5,10.0
0.03,False,0.5,154.5,0.3256305694003927,2156,394,1.2,2.5,10.0
0.03,False,0.75,262.20000000000005,0.3256305694003927,2156,394,1.2,2.5,10.0
0.03,True,0.25,89.9,0.6743694305996073,4465,394,1.2,2.5,10.0
0.03,True,0.5,155.2,0.6743694305996073,4465,394,1.2,2.5,10.0
0.03,True,0.75,268.40000000000003,0.6743694305996073,4465,394,1.2,2.5,10.0
0.06,False,0.25,78.725,0.19607259744123773,1318,394,1.2,2.5,10.0
0.06,False,0.5,135.75,0.19607259744123773,1318,394,1.2,2.5,10.0
0.06,False,0.75,229.95000000000005,0.19607259744123773,1318,394,1.2,2.5,10.0
0.06,True,0.25,84.17499999999998,0.8039274025587623,5404,394,1.2,2.5,10.0
0.06,True,0.5,142.6,0.8039274025587623,5404,394,1.2,2.5,10.0
0.06,True,0.75,239.62500000000003,0.8039274025587623,5404,394,1.2,2.5,10.0
0.09,False,0.25,70.19999999999999,0.10217731606660026,718,394,1.2,2.5,10.0
0.09,False,0.5,119.1,0.10217731606660026,718,394,1.2,2.5,10.0
0.09,False,0.75,202.3,0.10217731606660026,718,394,1.2,2.5,10.0
0.09,True,0.25,75.49999999999999,0.8978226839333997,6309,394,1.2,2.5,10.0
0.09,True,0.5,124.49999999999999,0.8978226839333997,6309,394,1.2,2.5,10.0
0.09,True,0.75,204.20000000000002,0.8978226839333997,6309,394,1.2,2.5,10.0
0.12,False,0.25,64.85,0.055587724377533294,384,394,1.2,2.5,10.0
0.12,False,0.5,104.75,0.055587724377533294,384,394,1.2,2.5,10.0
0.12,False,0.75,167.05,0.055587724377533294,384,394,1.2,2.5,10.0
0.12,True,0.25,68.5,0.9444122756224667,6524,394,1.2,2.5,10.0
0.12,True,0.5,108.6,0.9444122756224667,6524,394,1.2,2.5,10.0
0.12,True,0.75,172.8,0.9444122756224667,6524,394,1.2,2.5,10.0
0.15,False,0.25,59.1,0.028304597701149424,197,394,1.2,2.5,10.0
0.15,False,0.5,89.0,0.028304597701149424,197,394,1.2,2.5,10.0
0.15,False,0.75,133.3,0.028304597701149424,197,394,1.2,2.5,10.0
0.15,True,0.25,61.999999999999986,0.9716954022988505,6763,394,1.2,2.5,10.0
0.15,True,0.5,93.5,0.9716954022988505,6763,394,1.2,2.5,10.0
0.15,True,0.75,144.95,0.9716954022988505,6763,394,1.2,2.5,10.0
0.0,False,0.25,92.6,0.4845298888555122,1613,395,1.2,2.5,10.0
0.0,False,0.5,161.6,0.4845298888555122,1613,395,1.2,2.5,10.0
0.0,False,0.75,273.0,0.4845298888555122,1613,395,1.2,2.5,10.0
0.0,True,0.25,90.57499999999999,0.5154701111444878,1716,395,1.2,2.5,10.0
0.0,True,0.5,160.35,0.5154701111444878,1716,395,1.2,2.5,10.0
0.0,True,0.75,276.90000000000003,0.5154701111444878,1716,395,1.2,2.5,10.0
0.03,False,0.25,90.5,0.31768789616661636,2105,395,1.2,2.5,10.0
0.03,False,0.5,161.1,0.31768789616661636,2105,395,1.2,2.5,10.0
0.03,False,0.75,267.5,0.31768789616661636,2105,395,1.2,2.5,10.0
0.03,True,0.25,90.59999999999998,0.6823121038333836,4521,395,1.2,2.5,10.0
0.03,True,0.5,156.70000000000002,0.6823121038333836,4521,395,1.2,2.5,10.0
0.03,True,0.75,265.5,0.6823121038333836,4521,395,1.2,2.5,10.0
0.06,False,0.25,82.04999999999998,0.18513553768245458,1243,395,1.2,2.5,10.0
0.06,False,0.5,141.79999999999998,0.18513553768245458,1243,395,1.2,2.5,10.0
0.06,False,0.75,242.35000000000002,0.18513553768245458,1243,395,1.2,2.5,10.0
0.06,True,0.25,82.69999999999999,0.8148644623175454,5471,395,1.2,2.5,10.0
0.06,True,0.5,144.2,0.8148644623175454,5471,395,1.2,2.5,10.0
0.06,True,0.75,239.90000000000006,0.8148644623175454,5471,395,1.2,2.5,10.0
0.09,False,0.25,73.925,0.10286365579142329,722,395,1.2,2.5,10.0
0.09,False,0.5,120.19999999999999,0.10286365579142329,722,395,1.2,2.5,10.0
0.09,False,0.75,204.32500000000005,0.10286365579142329,722,395,1.2,2.5,10.0
0.09,True,0.25,77.89999999999999,0.8971363442085767,6297,395,1.2,2.5,10.0
0.09,True,0.5,125.5,0.8971363442085767,6297,395,1.2,2.5,10.0
0.09,True,0.75,203.80000000000004,0.8971363442085767,6297,395,1.2,2.5,10.0
0.12,False,0.25,71.2,0.05531421951925861,382,395,1.2,2.5,10.0
0.12,False,0.5,111.74999999999999,0.05531421951925861,382,395,1.2,2.5,10.0
0.12,False,0.75,173.97500000000002,0.05531421951925861,382,395,1.2,2.5,10.0
0.12,True,0.25,70.29999999999998,0.9446857804807414,6524,395,1.2,2.5,10.0
0.12,True,0.5,111.10000000000001,0.9446857804807414,6524,395,1.2,2.5,10.0
0.12,True,0.75,176.70000000000002,0.9446857804807414,6524,395,1.2,2.5,10.0
0.15,False,0.25,57.150000000000006,0.02744647219428079,191,395,1.2,2.5,10.0
0.15,False,0.5,93.6,0.02744647219428079,191,395,1.2,2.5,10.0
0.15,False,0.75,147.95,0.02744647219428079,191,395,1.2,2.5,10.0
0.15,True,0.25,63.399999999999984,0.9725535278057192,6768,395,1.2,2.5,10.0
0.15,True,0.5,96.1,0.9725535278057192,6768,395,1.2,2.5,10.0
0.15,True,0.75,149.5,0.9725535278057192,6768,395,1.2,2.5,10.0
0.0,False,0.25,89.55,0.5109576703692584,1702,397,1.2,2.5,10.0
0.0,False,0.5,158.25,0.5109576703692584,1702,397,1.2,2.5,10.0
0.0,False,0.75,275.70000000000005,0.5109576703692584,1702,397,1.2,2.5,10.0
0.0,True,0.25,91.59999999999998,0.4890423296307415,1629,397,1.2,2.5,10.0
0.0,True,0.5,162.3,0.4890423296307415,1629,397,1.2,2.5,10.0
0.0,True,0.75,279.40000000000003,0.4890423296307415,1629,397,1.2,2.5,10.0
0.03,False,0.25,89.35,0.3270335651648019,2163,397,1.2,2.5,10.0
0.03,False,0.5,154.99999999999997,0.3270335651648019,2163,397,1.2,2.5,10.0
0.03,False,0.75,261.35,0.3270335651648019,2163,397,1.2,2.5,10.0
0.03,True,0.25,87.14999999999999,0.672966434835198,4451,397,1.2,2.5,10.0
0.03,True,0.5,155.1,0.672966434835198,4451,397,1.2,2.5,10.0
0.03,True,0.75,266.40000000000003,0.672966434835198,4451,397,1.2,2.5,10.0
0.06,False,0.25,81.69999999999999,0.18859779696338197,1267,397,1.2,2.5,10.0
0.06,False,0.5,136.9,0.18859779696338197,1267,397,1.2,2.5,10.0
0.06,False,0.75,228.60000000000002,0.18859779696338197,1267,397,1.2,2.5,10.0
0.06,True,0.25,84.7,0.811402203036618,5451,397,1.2,2.5,10.0
0.06,True,0.5,144.79999999999998,0.811402203036618,5451,397,1.2,2.5,10.0
0.06,True,0.75,244.50000000000003,0.811402203036618,5451,397,1.2,2.5,10.0
0.09,False,0.25,74.25,0.11174458380843785,784,397,1.2,2.5,10.0
0.09,False,0.5,121.14999999999998,0.11174458380843785,784,397,1.2,2.5,10.0
0.09,False,0.75,202.20000000000005,0.11174458380843785,784,397,1.2,2.5,10.0
0.09,True,0.25,75.69999999999999,0.8882554161915621,6232,397,1.2,2.5,10.0
0.09,True,0.5,125.94999999999999,0.8882554161915621,6232,397,1.2,2.5,10.0
0.09,True,0.75,209.02500000000003,0.8882554161915621,6232,397,1.2,2.5,10.0
0.12,False,0.25,63.874999999999986,0.05330243337195829,368,397,1.2,2.5,10.0
0.12,False,0.5,97.04999999999998,0.05330243337195829,368,397,1.2,2.5,10.0
0.12,False,0.75,155.54999999999998,0.05330243337195829,368,397,1.2,2.5,10.0
0.12,True,0.25,69.29999999999998,0.9466975666280417,6536,397,1.2,2.5,10.0
0.12,True,0.5,109.3,0.9466975666280417,6536,397,1.2,2.5,10.0
0.12,True,0.75,177.7,0.9466975666280417,6536,397,1.2,2.5,10.0
0.15,False,0.25,63.650000000000006,0.03074712643678161,214,397,1.2,2.5,10.0
0.15,False,0.5,94.0,0.03074712643678161,214,397,1.2,2.5,10.0
0.15,False,0.75,139.325,0.03074712643678161,214,397,1.2,2.5,10.0
0.15,True,0.25,63.59999999999999,0.9692528735632184,6746,397,1.2,2.5,10.0
0.15,True,0.5,94.64999999999998,0.9692528735632184,6746,397,1.2,2.5,10.0
0.15,True,0.75,148.7,0.9692528735632184,6746,397,1.2,2.5,10.0
